cite_key,year,type,title,journal,doi,focus,is_moo,is_mes,is_mcdm,surrogate_signal,matched_moo_terms,matched_mes_terms,matched_mcdm_terms,matched_algorithm_terms,matched_surrogate_terms,matched_ml_terms,matched_proxy_hints
wang_optimizing_2024,2024,ARTICLE,Optimizing Economic Dispatch for Microgrid Clusters Using Improved Grey Wolf Optimization,Electronics (Switzerland),10.3390/electronics13163139,moo_mes,1,1,0,0,multi-objective,microgrid,,grey wolf; gwo,,,
wang_optimal_2024,2024,ARTICLE,An Optimal Dispatching Algorithm of Microgrid Based on Improved Particle Filter,{IAENG} Int. J. Appl. Math.,,moo_mes,1,1,0,0,multi-objective; multiobjective,microgrid; microgrids,,ga,,,computation time
wang_research_2024,2024,ARTICLE,Research on Multi-objective Optimization of a {CCHP} System with Solar and Biomass Complementary Based on Improved Beluga Whale Algorithm,Dongli Gongcheng Xuebao/Jr.Chi. Soc.Pr.Eng.,10.19805/j.cnki.jcspe.2024.230547,moo_mes,1,1,0,0,multi-objective; non-dominated; nsga,"cchp; combined cooling, heating, and power; chp; hydrogen",,genetic algorithm; ga; nsga; particle swarm; beluga whale,,,
wang_differential_2021,2021,ARTICLE,Differential evolution algorithm based on {PCA} to determine the objective function to optimize the configuration of microgrid,J. Phys. Conf. Ser.,10.1088/1742-6596/2003/1/012015,moo_mes,1,1,0,0,multi-objective; pareto,microgrid; micro-grid; microgrids,,differential evolution,,,
wijeratne_multi-objective_2022,2022,ARTICLE,Multi-objective optimisation for building integrated photovoltaics ({BIPV}) roof projects in early design phase,Appl. Energy,10.1016/j.apenergy.2021.118476,moo_only,1,0,0,0,multi-objective; multiobjective; pareto,,,ga,,,instead of
abbas_optimal_2024,2024,ARTICLE,Optimal scheduling and management of grid-connected distributed resources using improved decomposition-based many-objective evolutionary algorithm,{IET} Gener. Transm. Distrib.,10.1049/gtd2.13221,moo_mes,1,1,0,0,multi-objective; multiobjective; many-objective,distributed resources,,,,,
abbas_optimal_2024-1,2024,ARTICLE,Optimal passive {LCL} filter design for grid-connected converters in weak grids,Electr Power Syst Res,10.1016/j.epsr.2024.110896,moo_only,1,0,0,0,multi-objective; multiobjective; mopso,,,genetic algorithm; ga; particle swarm; pso; mopso,,,
abbasi_bim-based_2021,2021,ARTICLE,The {BIM}-Based multi-optimization approach in order to determine the trade-off between embodied and operation energy focused on renewable energy use,J. Clean. Prod.,10.1016/j.jclepro.2020.125359,moo_only,1,0,0,0,multi-objective; multiobjective; hypervolume,,,,,,
abbes_life_2014,2014,ARTICLE,"Life cycle cost, embodied energy and loss of power supply probability for the optimal design of hybrid power systems",Math Comput Simul,10.1016/j.matcom.2013.05.004,moo_mes,1,1,0,0,multi-objective; multiobjective; pareto,hybrid renewable energy system; hybrid renewable energy systems; stand-alone,,genetic algorithm,,,
abd_elraheem_optimization_2019,2019,INPROCEEDINGS,Optimization Problem Statement for Power Generation Management and Control in Multi-Agent Microid,Institute of Electrical and Electronics Engineers Inc,10.1109/CTS48763.2019.8973261,moo_mes,1,1,0,0,multi-objective; multiobjective,microgrid; micro grid; microgrids,,,,,
abdallah_coyote_2021,2021,ARTICLE,Coyote multi-objective optimization algorithm for optimal location and sizing of renewable distributed generators,Int. J. Electr. Comput. Eng.,10.11591/ijece.v11i2.pp975-983,moo_only,1,0,0,0,multi-objective,,,,,,
abdallah_multiobjective_2016,2016,ARTICLE,Multiobjective optimization model for maximizing sustainability of existing buildings,J Manage Eng,10.1061/(ASCE)ME.1943-5479.0000425,moo_only,1,0,0,0,multi-objective; multiobjective; nondominated; nsga,,,genetic algorithm; ga; nsga,,,
abdallah_minimizing_2024,2024,ARTICLE,Minimizing the environmental impacts of waste valorization systems using multi-criteria life cycle optimization,J. Clean. Prod.,10.1016/j.jclepro.2024.141619,moo_only,1,0,1,0,multi-objective; multiobjective; multi-criteria; pareto,,multi-criteria decision,ga,,,
abdelaziz_monte-carlo_2019,2019,ARTICLE,Monte-Carlo simulation based multi-objective optimum allocation of renewable distributed generation using {OpenCL},Electr Power Syst Res,10.1016/j.epsr.2019.01.012,moo_mes,1,1,0,0,multi-objective; multiobjective; nsga,distributed generation,,ga; nsga,,,
abdelaziz_optimum_2016,2016,ARTICLE,Optimum Reconfiguration of Droop-Controlled Islanded Microgrids,{IEEE} Trans Power Syst,10.1109/TPWRS.2015.2456154,moo_mes,1,1,0,0,multi-objective; multiobjective; non-dominated; nsga,microgrid; microgrids; distributed generation,,genetic algorithm; ga; nsga,,,
abdelsattar_optimal_2024,2024,ARTICLE,Optimal design and analyzing the techno-economic-environmental viability for different configurations of an autonomous hybrid power system,Electr Eng,10.1007/s00202-024-02252-8,moo_only,1,0,1,0,multi-objective; multi objective,,ahp,ga,,,
abdollahipour_optimal_2022,2022,ARTICLE,Optimal design of a hybrid power generation system based on integrating {PEM} fuel cell and {PEM} electrolyzer as a moderator for micro-renewable energy systems,Energy,10.1016/j.energy.2022.124944,moo_only,1,0,1,0,multi-objective; multiobjective,,topsis,ga,,,
abdolmaleki_net-zero_2024,2024,ARTICLE,"Net-zero energy management through multi-criteria optimizations of a hybrid solar-hydrogen energy system for a laboratory in Toronto, Canada",Energy Build.,10.1016/j.enbuild.2024.114186,moo_mes,1,1,0,0,multi-objective; multiobjective; multi-criteria,microgrid; micro-grid; off-grid; hydrogen,,ga,,,
abdou_multi-objective_2021,2021,ARTICLE,Multi-objective optimization of passive energy efficiency measures for net-zero energy building in Morocco,Build. Environ.,10.1016/j.buildenv.2021.108141,moo_only,1,0,0,0,multi-objective; multiobjective,,,ga,,,
abdullah_sustainable_2015,2015,ARTICLE,"Sustainable energy system design with distributed renewable resources considering economic, environmental and uncertainty aspects",Renew. Energy,10.1016/j.renene.2014.12.044,moo_mes,1,1,0,0,multi-objective; multiobjective,distributed generation,,ga,,,
abdulnasser_optimal_2022,2022,INPROCEEDINGS,Optimal stochastic day-ahead scheduling of multi-carrier energy hub integrated with plug-in electric vehicles,Institute of Electrical and Electronics Engineers Inc,10.1109/MEPCON55441.2022.10021692,moo_mes,1,1,0,0,multi-objective,energy hub; electric vehicle; electric vehicles,,ga,,,
abdulnasser_stochastic_2022,2022,ARTICLE,Stochastic multi-objectives optimal scheduling of energy hubs with responsive demands in smart microgrids,J. Energy Storage,10.1016/j.est.2022.105536,moo_mes,1,1,0,0,multi-objective; multiobjective,energy hub; microgrid; microgrids; electric vehicle; electric vehicles,,,,,
abdulnasser_optimizing_2023,2023,ARTICLE,Optimizing the Operation and Coordination of Multi-Carrier Energy Systems in Smart Microgrids Using a Stochastic Approach,{IEEE} Access,10.1109/ACCESS.2023.3284311,moo_mes,1,1,0,0,multi-objective; multiobjective; pareto,energy hub; microgrid; micro grid; microgrids; electric vehicle; electric vehicles,,grey wolf,,,
abedi_comprehensive_2012,2012,ARTICLE,A comprehensive method for optimal power management and design of hybrid {RES}-based autonomous energy systems,Renewable Sustainable Energy Rev,10.1016/j.rser.2011.11.030,moo_mes,1,1,0,0,multi-objective; multiobjective,off-grid; hydrogen,,differential evolution,,,
abid_multi-objective_2024,2024,ARTICLE,Multi-Objective Optimal Power Flow Analysis Incorporating Renewable Energy Sources and {FACTS} Devices Using Non-Dominated Sorting Kepler Optimization Algorithm,Sustainability,10.3390/su16219599,moo_only,1,0,0,0,multi-objective; multiobjective; non-dominated,,,,,,approximate
abid_techno-economic_2024,2024,ARTICLE,"Techno-economic and environmental assessment of renewable energy sources, virtual synchronous generators, and electric vehicle charging stations in microgrids",Appl. Energy,10.1016/j.apenergy.2023.122028,moo_mes,1,1,0,0,multi-objective; multi objective; pareto,virtual power plant; microgrid; microgrids; electric vehicle; electric vehicles,,ga,,,
abid_novel_2024,2024,ARTICLE,A novel multi-objective optimization based multi-agent deep reinforcement learning approach for microgrid resources planning,Appl. Energy,10.1016/j.apenergy.2023.122029,moo_mes,1,1,0,0,multi-objective; multi objective; multiobjective; pareto,microgrid; microgrids; electric vehicle; electric vehicles,,ga,,deep learning; machine learning,
abid_multi-objective_2023,2023,ARTICLE,Multi-objective architecture for strategic integration of distributed energy resources and battery storage system in microgrids,J. Energy Storage,10.1016/j.est.2023.108276,moo_mes,1,1,0,0,multi-objective; multi objective; multiobjective; pareto; non-dominated; nsga; mopso,microgrid; microgrids; distributed energy; distributed generation,,genetic algorithm; ga; nsga; particle swarm; pso; mopso,,,
abidin_microgrid_2024,2024,INPROCEEDINGS,Microgrid System Modelling for Hybrid Renewable Energy Market in Malaysia,Institute of Electrical and Electronics Engineers Inc,10.1109/APEE60256.2024.10790907,moo_mes,1,1,0,0,multi-objective,microgrid; microgrids; hybrid renewable energy system,,,,,
abokersh_sustainability_2021,2021,ARTICLE,Sustainability insights on emerging solar district heating technologies to boost the nearly zero energy building concept,Renew. Energy,10.1016/j.renene.2021.08.091,moo_mes,1,1,1,0,multi-objective; multiobjective; multi-criteria; multi criteria; multicriteria,energy communities; district heating,multi-criteria decision; multi criteria decision; multicriteria decision,,,machine learning,
abubakar_stochastic_2022,2022,ARTICLE,Stochastic Optimal Design of Household-Based Hybrid Energy Supply Systems Using Sample Average Approximation,Math. Probl. Eng.,10.1155/2022/9021413,moo_only,1,0,0,0,multi-objective; multiobjective; non-dominated; nondominated; nsga; hypervolume,,,genetic algorithm; ga; nsga,,,approximation
abuelrub_hybrid_2020,2020,ARTICLE,Hybrid energy system design using greedy particle swarm and biogeography-based optimisation,{IET}. Renew. Power Gener.,10.1049/iet-rpg.2019.0858,moo_mes,1,1,0,0,multi-objective; multiobjective; pareto; non-dominated; hypervolume,standalone,,genetic algorithm; particle swarm; pso,,,
abulkheir_optimal_2023,2023,INPROCEEDINGS,Optimal capacity configuration of {PV} water pumping system for off-grid rural communities,Institute of Electrical and Electronics Engineers Inc,10.1109/MEPCON58725.2023.10462404,moo_mes,1,1,0,0,multi-objective; multiobjective,off-grid,,ga; particle swarm; pso,,,
abu-shaikha_integrating_2025,2025,ARTICLE,Integrating machine learning in digital architecture: enhancing sustainable design and energy efficiency in urban environments,Asian J. Civ. Eng.,10.1007/s42107-024-01224-4,moo_only,1,0,0,0,multi-objective,,,genetic algorithm; ga; pso,,machine learning,
acen_energy_2024,2024,ARTICLE,"Energy, exergy, and exergoeconomic cost optimization of wind-biomass multi-energy systems integrated for hydrogen production",J Therm Anal Calor,10.1007/s10973-024-13135-2,moo_mes,1,1,0,0,multi-objective; multiobjective,multi-energy; hydrogen,,ga,,,
acosta_performance_2018,2018,INPROCEEDINGS,Performance assessment of a modified multi-objective Cuckoo's search algorithm for microgrid planning considering uncertainties,"Association for Computing Machinery, Inc",10.1145/3205651.3205728,moo_mes,1,1,0,0,multi-objective; multiobjective,microgrid; micro-grid,,,,,
acosta_integration_2023,2023,ARTICLE,Integration of Intelligent Neighbourhood Grids to the German Distribution Grid: A Perspective,Energies,10.3390/en16114319,moo_mes,1,1,0,0,multi-objective; multiobjective; multi-criteria,energy communities,,ga,,,computational cost
adetunji_optimization_2022,2022,ARTICLE,An optimization planning framework for allocating multiple distributed energy resources and electric vehicle charging stations in distribution networks,Appl. Energy,10.1016/j.apenergy.2022.119513,moo_mes,1,1,0,0,multi-objective; multiobjective; many objective; pareto,distributed energy; distributed generation; electric vehicle; electric vehicles,,ga,,,
adeyemo_modelling_2022,2022,ARTICLE,Modelling and multi-objective optimization of hybrid energy storage solution for photovoltaic powered off-grid net zero energy building,J. Energy Storage,10.1016/j.est.2022.105273,moo_mes,1,1,0,0,multi-objective; multiobjective; non-dominated; nsga,hybrid renewable energy system; off-grid; hydrogen; electric vehicle,,genetic algorithm; ga; nsga,,,
adhikary_optimal_2015,2015,ARTICLE,Optimal renewable energy project selection: A multi-criteria optimization technique approach,Global J. Pure Appl. Math.,,moo_only,1,0,1,0,multi-criteria,,mcdm; topsis; vikor,,,,
afzali_stochastic_2023,2023,ARTICLE,A stochastic multi-objective model for energy efficiency and renewable resource planning in energy communities: A sustainably cost-effective trade-off,{IET}. Renew. Power Gener.,10.1049/rpg2.12662,moo_mes,1,1,0,0,multi-objective; multiobjective,microgrid; microgrids; energy communities,,,,,
agha_kassab_comprehensive_2024,2024,ARTICLE,A Comprehensive Review of Sizing and Energy Management Strategies for Optimal Planning of Microgrids with {PV} and Other Renewable Integration,Appl. Sci.,10.3390/app142210479,moo_mes,1,1,0,0,multi-objective,microgrid; micro-grid; microgrids; electric vehicle; electric vehicles,,,,,
aghajani_multi-objective_2018,2018,ARTICLE,Multi-objective energy management in a micro-grid,Energy Rep.,10.1016/j.egyr.2017.10.002,moo_mes,1,1,0,0,multi-objective; multi objective; multiobjective; nsga; mopso,micro-grid; micro grid,,ga; nsga; pso; mopso,,,
aghajani_multi-objective_2019,2019,ARTICLE,Multi-objective optimal operation in a micro-grid considering economic and environmental goals,Evol. Syst.,10.1007/s12530-018-9219-y,moo_mes,1,1,0,0,multi-objective; multi objective; multiobjective,micro-grid; micro grid,,ga; particle swarm; pso,,,
agrawal_pareto-frontier_2022,2022,ARTICLE,Pareto-Frontier Differential Evolution based Financial Approach for Multi-objective Congestion Management using Customer Participation and On-site Generation,Renew. Energy Focus,10.1016/j.ref.2022.07.001,moo_only,1,0,0,0,multi-objective; multi objective; multiobjective; pareto,,,genetic algorithm; ga; differential evolution,,,
agrawal_multi-objective_2023,2023,ARTICLE,A multi-objective thermal exchange optimization model for solving optimal power flow problems in hybrid power systems,Decis. Anal. J.,10.1016/j.dajour.2023.100299,moo_only,1,0,0,0,multi-objective; pareto; non-dominated,,,ga,,,
aguayo-perez_environmental_2024,2024,ARTICLE,Environmental and economic valuation of user behavior in the optimal design of renewable energy systems,"Energy, Ecol. Environ.",10.1007/s40974-024-00330-y,moo_mes,1,1,0,0,multi-objective,distributed generation,,,,,
ahmadi_importance_2016,2016,ARTICLE,On the importance of integrating alternative renewable energy resources and their life cycle networks in the eco-design of conventional drinking water plants,J. Clean. Prod.,10.1016/j.jclepro.2016.06.201,moo_only,1,0,0,0,multi-objective; multiobjective; pareto; moea,,,moea,,,
ahmadi_multi-objective_2021,2021,ARTICLE,A multi-objective optimization evaluation framework for integration of distributed energy resources,J. Energy Storage,10.1016/j.est.2021.103005,moo_mes,1,1,0,0,multi-objective; multiobjective; pareto,distributed energy; distributed generation,,genetic algorithm; ga; particle swarm; pso,,,
ahmadi_reinforcement_2023,2023,ARTICLE,Reinforcement of the distribution grids to improve the hosting capacity of distributed generation: Multi-objective framework,Electr Power Syst Res,10.1016/j.epsr.2023.109120,moo_mes,1,1,0,0,multi-objective; multi objective; multiobjective; pareto,distributed generation,,ga; gwo,,,
ahmadi_multi-objective_2009,2009,INPROCEEDINGS,Multi-objective Optimization for Phase Balancing in an Energy Community with High {PV} Penetration and a Shared Energy Storage System,,10.1109/PVSC57443.2024.10749142,moo_mes,1,1,0,0,multi-objective; multiobjective,energy community; electric vehicle,,ga,,,
ahmadi_optimum_2021,2021,ARTICLE,Optimum coordination of centralized and distributed renewable power generation incorporating battery storage system into the electric distribution network,Int J Electr Power Energy Syst,10.1016/j.ijepes.2020.106458,moo_mes,1,1,0,0,multi-objective,distributed generation,,ga,,,
ahmadi_centralised_2019,2019,ARTICLE,"Centralised multi-objective integration of wind farm and battery energy storage system in real-distribution network considering environmental, technical and economic perspective",{IET} Gener. Transm. Distrib.,10.1049/iet-gtd.2018.6749,moo_only,1,0,0,0,multi-objective; multiobjective; non-dominated; nsga,,,genetic algorithm; ga; nsga,,,
ahmadigorji_robust_2023,2023,ARTICLE,A Robust Renewable Energy Source-oriented Strategy for Smart Charging of Plug-in Electric Vehicles Considering Diverse Uncertainty Resources,Int. J. Eng. Trans. A Basics,10.5829/ije.2023.36.04a.10,moo_mes,1,1,0,0,multi-objective; multi objective; multiobjective; pareto; mopso,microgrid; electric vehicle; electric vehicles,,ga; particle swarm; pso; mopso,,,
ahmadipour_memory-guided_2024,2024,ARTICLE,A memory-guided Jaya algorithm to solve multi-objective optimal power flow integrating renewable energy sources,Appl. Soft Comput. J.,10.1016/j.asoc.2024.111924,moo_only,1,0,0,0,multi-objective; multiobjective; pareto,,,ga; particle swarm; pso,,,replace
ahmed_multi-objective_2021,2021,ARTICLE,Multi-objective resource integration for sustainable industrial clusters,J. Clean. Prod.,10.1016/j.jclepro.2021.128237,moo_only,1,0,0,0,multi-objective; multi objective; multiobjective; pareto,,,,,,
ajami_multi-objective_2024,2024,ARTICLE,Multi-objective optimization of {HESS} control for optimal frequency regulation in a power system with {RE} penetration,e-Prime - Adv. Elec. Eng. Elec. Energy,10.1016/j.prime.2024.100805,moo_mes,1,1,0,0,multi-objective,microgrid,,ga,,,
akbari_multi-objective_2024,2024,ARTICLE,Multi-objective economic operation of smart distribution network with renewable-flexible virtual power plants considering voltage security index,Sci. Rep.,10.1038/s41598-024-70095-1,moo_mes,1,1,0,0,multi-objective; multiobjective,virtual power plant; electric vehicle; electric vehicles,,,,,approximate
akinyele_optimal_2020,2020,ARTICLE,Optimal planning and electricity sharing strategy of hybrid energy system for remote communities in Nigeria,Sci. African,10.1016/j.sciaf.2020.e00589,moo_only,1,0,0,0,multi-objective,,,genetic algorithm; ga,,,
akiyama_multi-objective_2023,2023,INPROCEEDINGS,A multi-objective optimization method for efficiency and fairness in P2P electricity trading model,Institute of Electrical and Electronics Engineers Inc,10.1109/ITC-CSCC58803.2023.10212858,moo_only,1,0,0,0,multi-objective; multiobjective,,,,,,
aktas_goal_2020,2020,ARTICLE,A goal programming model for grid-connected hybrid energy system operations,{SN} Appl. Sci.,10.1007/s42452-019-1878-1,moo_mes,1,1,0,0,multi-objective; multiobjective,stand-alone,,,,,
akter_optimal_2021,2021,INPROCEEDINGS,Optimal Sizing and Operation of Microgrid in a Small Island Considering Advanced Direct Load Control and Low Carbon Emission,Institute of Electrical and Electronics Engineers Inc,10.1109/ICSCT53883.2021.9642669,moo_mes,1,1,0,0,multi-objective; multiobjective,microgrid,,,,,
akter_optimal_2021-1,2021,ARTICLE,Optimal sizing of hybrid microgrid in a remote island considering advanced direct load control for demand response and low carbon emission,Energies,10.3390/en14227599,moo_mes,1,1,0,0,multi-objective; multiobjective,microgrid,,,,,
al_hasibi_multi-objective_2019,2019,ARTICLE,Multi-objective optimization of integrated power system expansion planning with renewable energy-based distributed generation,Int. Rev. Elec. Eng.,10.15866/iree.v14i1.16082,moo_mes,1,1,0,0,multi-objective; pareto,distributed generation,,ga,,,
alaaesh_application_2020,2020,INPROCEEDINGS,Application of {GA} with Multi-Objective optimization in control of two-parallel Inverter Based Microgrid,Institute of Electrical and Electronics Engineers Inc,10.1109/IREC48820.2020.9310451,moo_mes,1,1,0,0,multi-objective; multiobjective,microgrid; microgrids,,genetic algorithm; ga,,,
alabi_novel_2021,2021,ARTICLE,A novel multi-objective stochastic risk co-optimization model of a zero-carbon multi-energy system ({ZCMES}) incorporating energy storage aging model and integrated demand response,Energy,10.1016/j.energy.2021.120258,moo_mes,1,1,0,0,multi-objective; multiobjective,multi-energy,,ga,,,
alahmad_enhancing_2025,2025,ARTICLE,Enhancing renewable energy integration through strategic stochastic optimization planning of distributed energy resources (Wind/{PV}/{SBESS}/{MBESS}) in distribution systems,Energy Strateg. Rev.,10.1016/j.esr.2025.101683,moo_mes,1,1,0,0,multi-objective; multiobjective; non-dominated; nsga; mopso,distributed energy; distributed generation,,genetic algorithm; ga; nsga; particle swarm; pso; mopso,,,
alahmad_optimizing_2025,2025,ARTICLE,Optimizing renewable energy and green technologies in distribution systems through stochastic planning of distributed energy resources,Energy Convers. Manage. X,10.1016/j.ecmx.2024.100834,moo_mes,1,1,0,0,multi-objective; multiobjective,distributed energy; distributed generation; electric vehicle; electric vehicles,,ga,,,
alam_ai-based_2023,2023,ARTICLE,{AI}-based efficiency analysis technique for photovoltaic renewable energy system,Phys Scr,10.1088/1402-4896/ad0bb4,moo_only,1,0,0,0,multi-objective; multiobjective,,,ga,,neural network,
alam_optimal_2017,2017,ARTICLE,An optimal P2P energy trading model for smart homes in the smart grid,Energy Efficiency,10.1007/s12053-017-9532-5,moo_mes,1,1,0,0,multi-objective; multiobjective; pareto,microgrid; micro grid,,,,,
alamir_optimizing_2024,2024,ARTICLE,Optimizing Two-stage Energy Management in renewable-based Multi-Microgrid using a Modified Student Psychology-Based Optimization with Demand Response and Hydrogen Storage,Int J Hydrogen Energy,10.1016/j.ijhydene.2024.03.169,moo_mes,1,1,0,0,multi-objective,microgrid; hydrogen,,ga,,,
alamir_developing_2023,2023,ARTICLE,Developing Hybrid Demand Response Technique for Energy Management in Microgrid Based on Pelican Optimization Algorithm,Electr Power Syst Res,10.1016/j.epsr.2022.108905,moo_mes,1,1,0,0,multi-objective; multiobjective,microgrid; microgrids,,,,,instead of
alamir_multi-layer_2024,2024,ARTICLE,A Multi-Layer Techno-Economic-Environmental Energy Management Optimization in Cooperative Multi-Microgrids with Demand Response Program and Uncertainties Consideration,Sci. Rep.,10.1038/s41598-024-72706-3,moo_mes,1,1,0,0,multi-objective; multiobjective,microgrid; microgrids,,,,,
alanazi_optimizing_2024,2024,ARTICLE,Optimizing Renewable Energy Allocation \& Distribution Network Reconfiguration: A Multi-Criteria Approach with Modified Artificial Electric Field Algorithm,Hum.-centric Comput. Inf. Sci.,10.22967/HCIS.2024.14.063,moo_mes,1,1,0,0,multi-objective; multi-criteria,distributed generation,,,,,
alanazi_multi-objective_2024,2024,ARTICLE,Multi-Objective Energy Management in Microgrids: Improved Honey Badger Algorithm with Fuzzy Decision-Making and Battery Aging Considerations,Energies,10.3390/en17174373,moo_mes,1,1,0,0,multi-objective; multi objective; pareto,microgrid; microgrids,,particle swarm; pso,,,
al-arfi_multi-objective_2022,2022,INPROCEEDINGS,Multi-objective optimal sizing of a hybrid concentrated solar power-biogas for desalination and power generation,Scanditale {AB},10.46855/energy-proceedings-10209,moo_mes,1,1,1,0,multi-objective; pareto; non-dominated; nsga,off-grid,topsis,genetic algorithm; ga; nsga,,,replace
alavijeh_cost-effectiveness_2020,2020,ARTICLE,Cost-effectiveness of carbon emission abatement strategies for a local multi-energy system - A case study of chalmers university of technology campus,Energies,10.3390/en13071626,moo_mes,1,1,0,0,multi-objective; multiobjective,multi-energy; distributed energy; district heating; district cooling,,ga,,,
alayi_modelling_2021,2021,ARTICLE,Modelling and reviewing the reliability and multi-objective optimization of wind-turbine system and photovoltaic panel with intelligent algorithms,Clean Energy,10.1093/ce/zkab041,moo_only,1,0,0,0,multi-objective; multiobjective,,,ga,,,
alboaouh_voltage_2020,2020,ARTICLE,"Voltage, var and watt optimization for a distribution system with high {PV} penetration: A probabilistic study",Electr Power Syst Res,10.1016/j.epsr.2019.106159,moo_only,1,0,0,0,multi-objective; multiobjective,,,,,,
al-dhaifallah_multi-objectives_2024,2024,ARTICLE,Multi-objectives transmission expansion planning considering energy storage systems and high penetration of renewables and electric vehicles under uncertain conditions,Energy Rep.,10.1016/j.egyr.2024.03.060,moo_mes,1,1,0,0,multi-objective; multi objective; multiobjective,electric vehicle; electric vehicles,,ga,,,reduce computation
alfailakawi_multi-objective_2023,2023,INPROCEEDINGS,Multi-Objective Optimization of Solar Power Tower Hybridization with Gas Turbine and Thermal Energy Storage Back Up,American Society of Heating Refrigerating and Air-Conditioning Engineers,,moo_only,1,0,0,0,multi-objective; non-dominated,,,genetic algorithm; ga,,,
alfergani_improved_2023,2023,ARTICLE,Improved power sharing in inverter based microgrid using multi-objective optimization,Comput Electr Eng,10.1016/j.compeleceng.2023.108902,moo_mes,1,1,0,0,multi-objective; multiobjective,microgrid; microgrids,,genetic algorithm; ga,,,
al-gabalawy_micro-energy_2020,2020,INCOLLECTION,Micro-energy Systems ({MESs}); Modeling and Optimal Operating Based on {NSGA}-{II},Lecture Notes in Networks and Systems,10.1007/978-981-16-2275-5_6,moo_mes,1,1,0,0,multi-objective; non-dominated; nsga,microgrid,,genetic algorithm; ga; nsga,,,
alghamdi_optimizing_2024,2024,ARTICLE,Optimizing energy costs and reliability: A multi-objective framework with learning-enhanced manta ray foraging for hybrid {PV}/battery systems,Energy,10.1016/j.energy.2024.130346,moo_only,1,0,0,0,multi-objective,,,,,learning-based,
al-ghussain_superposition_2021,2021,ARTICLE,Superposition of Renewable-Energy Supply from Multiple Sites Maximizes Demand-Matching: Towards 100\% Renewable Grids in 2050,Appl. Energy,10.1016/j.apenergy.2020.116402,moo_only,1,0,0,0,multi-objective; multiobjective; pareto,,,,,,
al-ghussain_demand-supply_2021,2021,ARTICLE,A Demand-Supply Matching-Based Approach for Mapping Renewable Resources towards 100\% Renewable Grids in 2050,{IEEE} Access,10.1109/ACCESS.2021.3072969,moo_only,1,0,0,0,multi-objective; pareto,,,,,,
al-hawary_multiobjective_2023,2023,ARTICLE,Multiobjective optimization of a hybrid electricity generation system based on waste energy of internal combustion engine and solar system for sustainable environment,Chemosphere,10.1016/j.chemosphere.2023.139269,moo_only,1,0,0,0,multi-objective; multiobjective,,,genetic algorithm; ga,,,
ali_dynamic_2024,2024,ARTICLE,Dynamic Multi-Objective Optimization of Grid-Connected Distributed Resources Along With Battery Energy Storage Management via Improved Bidirectional Coevolutionary Algorithm,{IEEE} Access,10.1109/ACCESS.2024.3392911,moo_mes,1,1,0,0,multi-objective; multiobjective; non-dominated; moea; hypervolume,distributed resources; distributed generation,,ga; moea,,,
ali_optimizing_2025,2025,ARTICLE,Optimizing Hydrogen Systems and Demand Response for Enhanced Integration of {RES} and {EVs} in Smart Grids,{IEEE} Trans. Smart Grid,10.1109/TSG.2024.3491774,moo_mes,1,1,0,0,multi-objective,hydrogen; electric vehicle; electric vehicles,,ga,,,
ali_optimization_2024,2024,ARTICLE,Optimization of distributed energy resources planning and battery energy storage management via large-scale multi-objective evolutionary algorithm,Energy,10.1016/j.energy.2024.133463,moo_mes,1,1,0,0,multi-objective,distributed energy,,ga,,,
ali_optimal_2021,2021,ARTICLE,Optimal partitioning of unbalanced active distribution systems for supply-sufficient micro- grids considering uncertainty,Int. Trans. Elecr. Energy Sys.,10.1002/2050-7038.13210,moo_mes,1,1,0,0,multi-objective; multiobjective,microgrid; micro-grid; microgrids,,,,,
ali_optimal_2022,2022,ARTICLE,Optimal planning of uncertain renewable energy sources in unbalanced distribution systems by a multi-objective hybrid {PSO}–{SCO} algorithm,{IET}. Renew. Power Gener.,10.1049/rpg2.12499,moo_only,1,0,0,0,multi-objective; multi objective; multiobjective; non-dominated,,,particle swarm; pso,,,
ali_multi-objective_2024,2024,INPROCEEDINGS,Multi-Objective Optimization for Energy Management in Residential Microgrids with Local Energy Markets,Institute of Electrical and Electronics Engineers Inc,,moo_mes,1,1,0,0,multi-objective; multiobjective,microgrid; microgrids; electric vehicle; electric vehicles,,ga,,,
ali_voltage_2024,2024,ARTICLE,Voltage Regulation Planning Based on Optimal Grid-Connected Renewable Energy Allocation Using Nature-Inspired Algorithms to Reduce Switching Cycles of On-Load Tap Changing Transformer,Electr. Power Comp. Syst.,10.1080/15325008.2023.2215783,moo_only,1,0,0,0,multi-objective; multiobjective,,,genetic algorithm; ga; cuckoo search,,,accelerate
ali_integrated_2021,2021,ARTICLE,An integrated multi-objective optimization modelling for sustainable development goals of India,Environ. Dev. Sustainability,10.1007/s10668-020-00745-7,moo_only,1,0,0,0,multi-objective,,,ga,,,
ali_multi-objective_2021,2021,ARTICLE,A multi-objective optimization for planning of networked microgrid using a game theory for peer-to-peer energy trading scheme,{IET} Gener. Transm. Distrib.,10.1049/gtd2.12308,moo_mes,1,1,0,0,multi-objective; multiobjective,microgrid; microgrids,,ga; particle swarm; pso,,,
ali_peer--peer_2021,2021,ARTICLE,A peer-to-peer energy trading for a clustered microgrid – Game theoretical approach,Int J Electr Power Energy Syst,10.1016/j.ijepes.2021.107307,moo_mes,1,1,0,0,multi-objective; multiobjective,microgrid; micro grid; microgrids; distributed generation,,ga; particle swarm; pso,,,
ali_game_2021,2021,INPROCEEDINGS,Game approach for sizing and cost minimization of a multi-microgrids using a multi-objective optimization,{IEEE} Computer Society,10.1109/GreenTech48523.2021.00085,moo_mes,1,1,0,0,multi-objective; multiobjective,microgrid; micro-grid; microgrids,,ga; particle swarm; pso,,,
ali_single-and_2022,2022,ARTICLE,Single-and Multi-Objective Modified Aquila Optimizer for Optimal Multiple Renewable Energy Resources in Distribution Network,Mathematics,10.3390/math10122129,moo_mes,1,1,0,0,multi-objective,distributed generation,,ga; particle swarm,,,
ali_sadat_free_2023,2023,ARTICLE,A Free and open-source microgrid optimization tool: {SAMA} the solar alone Multi-Objective Advisor,Energy Convers. Manage.,10.1016/j.enconman.2023.117686,moo_mes_surrogate,1,1,0,1,multi-objective; multi objective; multiobjective,microgrid; microgrids; off-grid,,ga,,machine learning; learning-based,accelerate
aliamooei-lakeh_multi-objective_2024,2024,INPROCEEDINGS,"A Multi-Objective Optimization Problem for Sizing and Siting of Power Systems with the Integration of {DG} Units, {EV} Charging Stations, and {ESSs}",Institute of Electrical and Electronics Engineers Inc,10.1109/MWSCAS60917.2024.10658672,moo_mes,1,1,0,0,multi-objective; multiobjective,electric vehicle; electric vehicles,,,,,
alic_real-time_2025,2025,ARTICLE,A real-time multi-objective {HVAC} load optimization integrated with home microgrid scheduling,J. Renewable Sustainable Energy,10.1063/5.0242299,moo_mes,1,1,0,0,multi-objective; multi objective; multiobjective,microgrid; microgrids,,,,,
alili_techno-economic_2023,2023,ARTICLE,Techno-economic assessment of integrating hydrogen energy storage technology with hybrid photovoltaic/pumped storage hydropower energy system,Energy Convers. Manage.,10.1016/j.enconman.2023.117437,moo_mes,1,1,0,0,multi-objective; multiobjective,off-grid; hydrogen,,,,,
alipour_enhanced_2024,2024,ARTICLE,Enhanced frequency control of a hybrid microgrid using {RANFIS} for partially shaded photovoltaic systems under uncertainties,Sci. Rep.,10.1038/s41598-024-73233-x,moo_mes,1,1,0,0,multi-objective; multiobjective,microgrid; microgrids; stand-alone; distributed generation,,ga,,,
al-janabi_innovative_2020,2020,ARTICLE,An Innovative synthesis of deep learning techniques ({DCapsNet} \& {DCOM}) for generation electrical renewable energy from wind energy,Soft Comput.,10.1007/s00500-020-04905-9,moo_only,1,0,1,0,multi-objective; multi objective; multiobjective,,anp,,,neural network; deep learning,
al-janabi_efficient_2022,2022,INPROCEEDINGS,An Efficient Predictor of Renewable Energy Based on Deep Learning Technique ({DGBM}) and Multi-Objectives Optimization Function,Institute of Electrical and Electronics Engineers Inc,10.1109/IICCIT55816.2022.10010380,moo_only,1,0,0,0,multi-objective,,,,,deep learning; gradient boosting,
alkatheri_clustering_2023,2023,ARTICLE,Clustering Approach for the Efficient Solution of Multiscale Stochastic Programming Problems: Application to Energy Hub Design and Operation under Uncertainty,Process.,10.3390/pr11041046,moo_mes,1,1,0,0,multi-objective; multiobjective,energy hub; distributed energy; hydrogen,,,,,instead of
allouhi_multi-objective_2023,2023,ARTICLE,Multi-objective optimization of solar energy systems for electricity and hot water generation in collective residential buildings considering the power-to-heat concept,Appl Therm Eng,10.1016/j.applthermaleng.2023.120658,moo_only,1,0,0,0,multi-objective; multiobjective,,,ga,,,
alnouss_waste--energy_2024,2024,ARTICLE,Waste-to-energy technology selection: A multi-criteria optimisation approach,Comput. Chem. Eng.,10.1016/j.compchemeng.2024.108595,moo_only,1,0,0,0,multi-criteria,,,ga,,,
aloini_multi-objective_2021,2021,ARTICLE,A multi-objective methodology for evaluating the investment in building-integrated hybrid renewable energy systems,J. Clean. Prod.,10.1016/j.jclepro.2021.129780,moo_mes,1,1,0,0,multi-objective; multiobjective; nsga,hybrid renewable energy system; hybrid renewable energy systems; off-grid,,genetic algorithm; ga; nsga,,,
alqahtani_optimisation_2021,2021,INPROCEEDINGS,Optimisation of a Grid-Connected Hybrid Renewable System at Peak Load,Scanditale {AB},10.46855/energy-proceedings-9197,moo_mes,1,1,0,0,multi objective; non-dominated; nsga,hybrid renewable energy system,,genetic algorithm; ga; nsga,,,
alqahtani_techno-economic-environmental_2024,2024,ARTICLE,A techno-economic-environmental assessment of a hybrid-renewable pumped hydropower energy storage system: A case study of Saudi Arabia,Renew. Energy,10.1016/j.renene.2024.121052,moo_mes,1,1,0,0,multi-objective; multiobjective; non-dominated,hybrid renewable energy system,,ga,,,
al-quraan_sizing_2024,2024,ARTICLE,Sizing and energy management of grid-connected hybrid renewable energy systems based on techno-economic predictive technique,Renew. Energy,10.1016/j.renene.2024.120639,moo_mes,1,1,0,0,multi-objective; multiobjective,hybrid renewable energy system; hybrid renewable energy systems,,genetic algorithm; ga,,,approximate
al-saadi_economic_2021,2021,ARTICLE,Economic operation planning of combined heat and power smart distribution system,J. Eng. Sci. Technol.,,moo_mes,1,1,0,0,multi-objective,microgrid; combined heat and power; chp,,ga,,,
alsagri_innovative_2023,2023,ARTICLE,"An innovative design of solar-assisted carnot battery for multigeneration of power, cooling, and process heating: Techno-economic analysis and optimization",Renew. Energy,10.1016/j.renene.2023.04.017,moo_only,1,0,0,0,multi-objective; multiobjective,,,,,,
al-sahlawi_optimal_2024,2024,ARTICLE,Optimal Design of Grid-Connected Hybrid Renewable Energy System Considering Electric Vehicle Station Using Improved Multi-Objective Optimization: Techno-Economic Perspectives,Sustainability,10.3390/su16062491,moo_mes,1,1,0,0,multi-objective,hybrid renewable energy system; electric vehicle; electric vehicles,,,,,
alsaleh_optimal_2023,2023,ARTICLE,Optimal Net Load Flattening in Unbalanced Distribution Systems via Rank-Penalized Semidefinite Programming,{IEEE} Access,10.1109/ACCESS.2023.3274738,moo_mes,1,1,0,0,multi-objective; multiobjective,distributed energy; electric vehicle; electric vehicles,,,,,
alsayed_design_2014,2014,ARTICLE,Design of hybrid power generation systems based on multi criteria decision analysis,Solar Energy,10.1016/j.solener.2014.03.011,moo_only,1,0,1,0,multi criteria,,multi criteria decision; promethee,ga,,,
alshammari_comprehensive_2023,2023,ARTICLE,Comprehensive Analysis of Multi-Objective Optimization Algorithms for Sustainable Hybrid Electric Vehicle Charging Systems,Mathematics,10.3390/math11071741,moo_mes,1,1,0,0,multi-objective; nsga; mopso; moea,hybrid renewable energy system; hybrid renewable energy systems; electric vehicle,,ga; nsga; pso; mopso; moea,,,
alshehri_voltage_2024,2024,ARTICLE,Voltage Optimization in Active Distribution Networks—Utilizing Analytical and Computational Approaches in High Renewable Energy Penetration Environments,Energies,10.3390/en17051216,moo_only,1,0,0,0,multi-objective; multiobjective,,,genetic algorithm; ga; particle swarm; pso,,,
alzahrani_multi-objective_2023,2023,ARTICLE,Multi-Objective Energy Optimization with Load and Distributed Energy Source Scheduling in the Smart Power Grid,Sustainability,10.3390/su15139970,moo_mes,1,1,0,0,multi-objective; mopso,distributed energy; distributed generation,,particle swarm; pso; mopso,,,
alzahrani_strategy_2023,2023,ARTICLE,A Strategy for Multi-Objective Energy Optimization in Smart Grid Considering Renewable Energy and Batteries Energy Storage System,{IEEE} Access,10.1109/ACCESS.2023.3263264,moo_only,1,0,0,0,multi-objective; multi objective; multiobjective; non-dominated,,,,,,
amarawardhana_impact_2022,2022,INPROCEEDINGS,Impact of Wave Energy Integration on Sizing and Energy Management of a Microgrid: Case study,Institute of Electrical and Electronics Engineers Inc,,moo_mes,1,1,0,0,multi-objective; multiobjective,microgrid; standalone,,ga,,,
amer_home_2021,2021,ARTICLE,Home energy management system embedded with a multi-objective demand response optimization model to benefit customers and operators,Energies,10.3390/en14020257,moo_mes,1,1,0,0,multi-objective; multiobjective,distributed energy; electric vehicle; electric vehicles,,,,,
amin_optimal_2020,2020,ARTICLE,Optimal price based control of {HVAC} systems in multizone office buildings for demand response,J. Clean. Prod.,10.1016/j.jclepro.2020.122059,moo_only,1,0,0,0,multi-objective,,,ga,,neural network,
amine_investigating_2023,2023,INPROCEEDINGS,Investigating Fitness Functions Using Bonobo Optimizer for Optimal Control of {PV}-{HESS} Systems: A Comparative Analysis,Institute of Electrical and Electronics Engineers Inc,10.1109/ICETS60996.2023.10410767,moo_only,1,0,0,0,multi-objective; multiobjective,,,ga,,,
amoura_multi-objective_2024,2024,INPROCEEDINGS,Multi-objective Optimal Sizing of an {AC}/{DC} Grid Connected Microgrid System,Springer Science and Business Media Deutschland {GmbH},10.1007/978-3-031-53036-4_23,moo_mes,1,1,0,0,multi-objective; multi objective; multiobjective; pareto; non-dominated; nsga,microgrid,,genetic algorithm; ga; nsga,,,
amoura_innovative_2023,2023,INPROCEEDINGS,An Innovative Optimization Approach for Energy Management of a Microgrid System,Institute of Electrical and Electronics Engineers Inc,10.1109/ICECCME57830.2023.10252266,moo_mes,1,1,0,0,multi-objective; multiobjective,microgrid; microgrids,,ga; particle swarm; pso,,,approximate
amoura_optimal_2017,2017,INPROCEEDINGS,Optimal Energy Management of Microgrid Using Multi-objective Optimisation Approach,Springer Verlag,10.1007/978-3-031-24866-5_5,moo_mes,1,1,0,0,multi-objective; multiobjective; pareto; non-dominated,microgrid,,ga,,,
amusat_optimal_2018,2018,ARTICLE,Optimal design of hybrid energy systems incorporating stochastic renewable resources fluctuations,J. Energy Storage,10.1016/j.est.2017.12.003,moo_mes,1,1,0,0,multi-objective; multiobjective; non-dominated; nsga,stand-alone,,ga; nsga,,,approximation
an_multi-objective_2025,2025,ARTICLE,Multi-objective optimization for optimal placement of shared battery energy storage systems in urban energy communities,Sustainable Cities Soc.,10.1016/j.scs.2025.106178,moo_mes,1,1,0,0,multi-objective; multi objective; pareto,virtual power plant; energy community; energy communities,,genetic algorithm; ga,,,
an_optimal_2020,2020,INPROCEEDINGS,Optimal Configuration of Energy Storage Microgrid Based on Chaos Optimization Multi-Objective Genetic Algorithm,Institute of Electrical and Electronics Engineers Inc,10.1109/CCDC49329.2020.9164460,moo_mes,1,1,0,0,multi-objective; multiobjective,microgrid; microgrids; stand-alone; distributed generation; cchp; combined cooling heating and power; chp,,genetic algorithm; ga,,,
anatone_integration_2013,2013,INPROCEEDINGS,Integration of {CCHP} and solar plants for household applications a multiobjective optimization model,{IEEE} Computer Society,10.1109/ICRERA.2013.6749806,moo_mes,1,1,0,0,multi-objective; multiobjective,cchp; chp,,,,,
anatone_optimization_2014,2014,ARTICLE,Optimization of integrated {CCHP} and solar plants following a multi-objective approach. An application to the household sector,Int. J. Renew. Energy Res.,,moo_mes,1,1,0,0,multi-objective,integrated energy; cchp; combined cooling heating and power; chp; district heating,,ga,,,
andersen_m_optimizing_2023,2023,INPROCEEDINGS,Optimizing positive energy districts,Institute of Physics,10.1088/1742-6596/2600/8/082012,moo_mes,1,1,0,0,multi-objective; multiobjective,district heating,,ga,,,
andersen_m_economic_2023,2023,INPROCEEDINGS,Economic and environmental benefits of decentralized multi-energy systems for energy communities,Institute of Physics,10.1088/1742-6596/2600/8/082011,moo_mes,1,1,0,0,multi-objective; multiobjective,multi-energy; multi energy; microgrid; energy communities,,ga,,,
andersen_m_optimization_2023,2023,INPROCEEDINGS,Optimization of Building integrated photovoltaic and thermoelectric hybrid energy harvesting system for different climatic regions,Institute of Physics,10.1088/1742-6596/2600/4/042011,moo_only,1,0,0,0,multi-objective; multiobjective,,,,,,
andersen_m_flexibility_2023,2023,INPROCEEDINGS,Flexibility implications of optimal {PV} design: building vs. community scale,Institute of Physics,10.1088/1742-6596/2600/8/082002,moo_mes,1,1,0,0,multi-objective; multiobjective,energy community,,ga,,,
andervazh_emission-economic_2017,2017,ARTICLE,Emission-economic dispatch of thermal power generation units in the presence of hybrid electric vehicles and correlated wind power plants,{IET} Gener. Transm. Distrib.,10.1049/iet-gtd.2016.1508,moo_mes,1,1,0,0,multi-objective; multiobjective; pareto; nsga,electric vehicle; electric vehicles,,ga; nsga; spea,,,
andervazh_active_2020,2020,ARTICLE,Active distribution network operation management with large penetration of hybrid electric vehicles and sustainable distributed energy generation,Sustainable Cities Soc.,10.1016/j.scs.2020.102313,moo_mes,1,1,1,0,multi-objective; multi-criteria,distributed energy; electric vehicle; electric vehicles,mcdm; multi-criteria decision,,,,
andriukaitis_d_research_2017,2017,INPROCEEDINGS,Research on an optimized load model based on substitution effect of renewable energy generation,Institute of Electrical and Electronics Engineers Inc,10.1109/ELECTRONICS.2017.7995225,moo_only,1,0,0,0,multi-objective; multiobjective,,,,,,
ang_multi-objective_2022,2022,ARTICLE,Multi-objective optimization of hybrid renewable energy systems with urban building energy modeling for a prototypical coastal community,Renew. Energy,10.1016/j.renene.2022.09.126,moo_mes,1,1,0,0,multi-objective; multiobjective,hybrid renewable energy system; hybrid renewable energy systems,,,,,
anjaiah_real-time_2024,2024,ARTICLE,Real-time validation of optimal energy management in {DC} microgrids by using modified rejection controller based improved sparrow search algorithm,e-Prime - Adv. Elec. Eng. Elec. Energy,10.1016/j.prime.2024.100420,moo_mes,1,1,0,0,multi-objective,microgrid; microgrids,,,,,replacing the
anoune_microgrid_2025,2025,INPROCEEDINGS,Microgrid Optimization Using a Developed Model of Genetic Algorithm Under {MATLAB},Springer Nature,10.1007/978-3-031-71914-1_2,moo_mes,1,1,0,0,multi-objective,microgrid; microgrids; distributed energy,,genetic algorithm; ga,,,
ansah_two-stage_2021,2021,ARTICLE,Two-stage lifecycle energy optimization of mid-rise residential buildings with building-integrated photovoltaic and alternative composite façade materials,Buildings,10.3390/buildings11120642,moo_only,1,0,0,0,multi-objective,,,ga,,,
anvari_multi-objective_2021,2021,ARTICLE,"Multi-objective optimization of a proposed multi-generation cycle based on Pareto diagrams: Performance improvement, cost reduction, and {CO}2 emissions",Sustainable Energy Technol. Assess.,10.1016/j.seta.2021.101197,moo_mes,1,1,0,0,multi-objective; multiobjective; pareto,multi-energy,,genetic algorithm; ga,,,
anvari-moghadam_optimal_2016,2016,INPROCEEDINGS,Optimal adaptive droop control for effective load sharing in {AC} microgrids,{IEEE} Computer Society,10.1109/IECON.2016.7793515,moo_mes,1,1,0,0,multi-objective,microgrid; microgrids; distributed energy; distributed generation,,,,,
anvari-moghaddam_efficient_2017,2017,ARTICLE,Efficient energy management for a grid-tied residential microgrid,{IET} Gener. Transm. Distrib.,10.1049/iet-gtd.2016.1129,moo_mes,1,1,0,0,multi-objective; multiobjective,microgrid,,,,,
arabi_nowdeh_fuzzy_2019,2019,ARTICLE,Fuzzy multi-objective placement of renewable energy sources in distribution system with objective of loss reduction and reliability improvement using a novel hybrid method,Appl. Soft Comput. J.,10.1016/j.asoc.2019.02.003,moo_only,1,0,0,0,multi-objective; multi objective; multiobjective,,,grey wolf; gwo,,,
arar_tahir_scientific_2023,2023,ARTICLE,Scientific mapping of optimisation applied to microgrids integrated with renewable energy systems,Int J Electr Power Energy Syst,10.1016/j.ijepes.2022.108698,moo_mes,1,1,0,0,multi-objective; multiobjective,microgrid; microgrids; off-grid,,,,,
arfa_optimization_2024,2024,INPROCEEDINGS,An optimization approach towards Optimal Sizing of stand-alone microgrid with Renewable Energy Sources and Battery Management System,Institute of Electrical and Electronics Engineers Inc,10.1109/FIT63703.2024.10838406,moo_mes,1,1,0,0,multi-objective,microgrid; stand-alone; standalone,,grey wolf; gwo,,,
arikiez_minimizing_2016,2016,INPROCEEDINGS,Minimizing the electricity cost of coordinating houses on microgrids,{IEEE} Computer Society,10.1109/ISGTEurope.2016.7856284,moo_mes,1,1,0,0,multi-objective; multiobjective,microgrid; micro grid; microgrids,,,,,
aris_ib_research_2024,2024,INPROCEEDINGS,Research on optimal scheduling of wind-solar-storage system based on improved multi-objective particle swarm optimization algorithm,{SPIE},10.1117/12.3015255,moo_mes,1,1,0,0,multi-objective; multiobjective; mopso,microgrid,,particle swarm; pso; mopso,,,
arivalahan_optimization_2022,2022,ARTICLE,An optimization framework for capacity allocation and energy management of fast electric vehicle charging stations-wind photovoltaic energy using artificial transgender longicorn algorithm,Int J Energy Res,10.1002/er.8185,moo_mes,1,1,0,0,multi-objective; multiobjective,electric vehicle; electric vehicles,,,,,
arnette_renewable_2017,2017,ARTICLE,Renewable energy and carbon capture and sequestration for a reduced carbon energy plan: An optimization model,Renewable Sustainable Energy Rev,10.1016/j.rser.2016.11.218,moo_only,1,0,0,0,multi-objective; multiobjective,,,,,,
arora_novel_2024,2024,INPROCEEDINGS,A Novel Approach to Sustainable Energy Trading Optimizing Prosumer Incentives and Carbon Footprint,Institute of Electrical and Electronics Engineers Inc,10.1109/ICRERA62673.2024.10815200,moo_only,1,0,0,0,multi-objective,,,,,,
arun_optimum_2015,2015,ARTICLE,Optimum design of biomass gasifier integrated hybrid energy systems,Int. J. Renew. Energy Res.,,moo_only,1,0,0,0,multi-objective; pareto,,,ga,,,
aruta_optimizing_2023,2023,ARTICLE,Optimizing the energy transition of social housing to renewable nearly zero-energy community: The goal of sustainability,Energy Build.,10.1016/j.enbuild.2023.112798,moo_mes,1,1,0,0,multi-objective; multiobjective,energy community,,ga,,,
aruta_optimization_2022,2022,ARTICLE,Optimization of a diabatic compressed air energy storage coupled with photovoltaics for buildings: {CO}2-eq emissions vs payback time,Energy Rep.,10.1016/j.egyr.2022.09.112,moo_only,1,0,0,0,multi-objective; multiobjective; pareto,,,ga,,,
arzani_optimal_2021,2021,ARTICLE,Optimal distribution coefficients of energy resources in frequency stability of hybrid microgrids connected to the power system,Electronics (Switzerland),10.3390/electronics10131591,moo_mes,1,1,0,0,multi-objective,microgrid; microgrids; distributed energy; combined heat and power,,ga,,,
asaad_multiobjective_2023,2023,ARTICLE,Multi‐objective optimal planning of {EV} charging stations and renewable energy resources for smart microgrids,Energy Science \& Engineering,10.1002/ese3.1385,moo_mes,1,1,0,0,multiobjective,microgrid; microgrids,,,,,
ascione_multi-objective_2016,2016,ARTICLE,Multi-objective optimization of the renewable energy mix for a building,Appl Therm Eng,10.1016/j.applthermaleng.2015.12.073,moo_only,1,0,0,0,multi-objective; multiobjective,,,genetic algorithm; ga,,,
ascione_retrofit_2019,2019,ARTICLE,Retrofit of villas on Mediterranean coastlines: Pareto optimization with a view to energy-efficiency and cost-effectiveness,Appl. Energy,10.1016/j.apenergy.2019.113705,moo_only,1,0,0,0,multi-objective; multiobjective; pareto,,,genetic algorithm; ga,,,replace
ascione_multi-stage_2016,2016,ARTICLE,Multi-stage and multi-objective optimization for energy retrofitting a developed hospital reference building: A new approach to assess cost-optimality,Appl. Energy,10.1016/j.apenergy.2016.04.078,moo_only,1,0,0,0,multi-objective; multiobjective; pareto,,,genetic algorithm; ga,,,
asghari_service-based_2016,2016,INPROCEEDINGS,A service-based approach toward management of grid-tied microgrids,Institute of Electrical and Electronics Engineers Inc,10.1109/ISGT-LA.2015.7381200,moo_mes,1,1,0,0,multi-objective; multiobjective; pareto,microgrid; micro grid; microgrids,,,,,
asgher_smart_2018,2018,ARTICLE,Smart energy optimization using heuristic algorithm in smart grid with integration of solar energy sources,Energies,10.3390/en11123494,moo_only,1,0,0,0,multi-objective; multiobjective,,,genetic algorithm; ga,,,
ashfaq_multi-objective_2017,2017,INPROCEEDINGS,Multi-objective Power Optimization of Microgrid with Distributed Generation,Institute of Electrical and Electronics Engineers Inc,10.1109/TENCON.2018.8650273,moo_mes,1,1,0,0,multi-objective; multi objective; multiobjective,microgrid; micro grid; distributed generation,,,,,
ashfaq_uncertainty_2019,2019,INPROCEEDINGS,Uncertainty Analysis for Day Ahead Stochastic Power Dispatch of Islanded Microgrid,Institute of Electrical and Electronics Engineers Inc,10.1109/SEGE.2019.8859872,moo_mes,1,1,0,0,multi-objective; multiobjective,microgrid; distributed generation,,,,,
ashfaq_regionalisation_2020,2020,ARTICLE,Regionalisation of islanded microgrid considering planning and operation stages,{IET}. Renew. Power Gener.,10.1049/iet-rpg.2019.0894,moo_mes,1,1,0,0,multi-objective; multiobjective,microgrid; microgrids; distributed generation,,,,,
ashraf_multi-objective_2008,2008,ARTICLE,"Multi-objective optimisation of renewable energy systems for pollution mitigation - A case study of Kavaratti Island, India",Int. J. Sustainable Energy,10.1080/14786450802288637,moo_only,1,0,0,0,multi-objective; multiobjective; pareto,,,ga,,,
ashraf_designing_2020,2020,ARTICLE,Designing an optimized configuration for a hybrid {PV}/Diesel/Battery Energy System based on metaheuristics: A case study on Gobi Desert,J. Clean. Prod.,10.1016/j.jclepro.2020.122467,moo_mes,1,1,0,0,multi-objective,hybrid renewable energy system,,ga; particle swarm; pso,,,
asni_optimal_2021,2021,ARTICLE,"Optimal Design of Biomass Combined Heat and Power System Using Fuzzy Multi-Objective Optimisation: Considering System Flexibility, Reliability, and Cost",Process. Integr. Optim. Sustain.,10.1007/s41660-020-00137-4,moo_mes,1,1,0,0,multi-objective; multiobjective,combined heat and power; chp,,ga,,,
asrari_impacts_2016,2016,ARTICLE,The Impacts of Distributed Energy Sources on Distribution Network Reconfiguration,{IEEE} Trans Energy Convers,10.1109/TEC.2015.2514191,moo_mes,1,1,0,0,multi-objective; multiobjective; pareto,distributed energy; distributed generation,,,,,
assareh_performance_2024,2024,ARTICLE,Performance evaluation and multi-objective optimization of an innovative double-stage thermoelectric heat storage system for electricity generation,Energy Nexus,10.1016/j.nexus.2023.100260,moo_only,1,0,0,0,multi-objective; mopso,,,ga; particle swarm; pso; mopso,,,
astero_enhancing_2012,2012,ARTICLE,Enhancing small signal stability and reactive power-sharing accuracy in autonomous microgrids by a new decentralized reactive power controller,Electr. Power Comp. Syst.,10.1080/15325008.2012.722585,moo_mes,1,1,0,0,multi-objective; multiobjective,microgrid; microgrids; distributed generation,,ga,,,
astero_small-signal_2012,2012,ARTICLE,Small-signal stability and load-sharing improvement of autonomous microgrids using auxiliary loop,Electr. Power Comp. Syst.,10.1080/15325008.2011.653857,moo_mes,1,1,0,0,multi-objective; multiobjective,microgrid; microgrids; distributed generation,,ga,,,
ata_comprehensive_2025,2025,ARTICLE,"Comprehensive evaluation of a gas turbine-based multi-generation system for power, heating, cooling, freshwater, hydrogen and ammonia: 4E assessment and multi-objective optimization with {RSM} desirability approach",Renew. Energy,10.1016/j.renene.2025.122900,moo_mes_surrogate,1,1,0,1,multi-objective,multi-energy; multi energy; hydrogen,,ga,response surface; response surface methodology,regression model,
atabaki_multi-objective_2018,2018,ARTICLE,"Multi-objective optimization for sustainable development of the power sector: An economic, environmental, and social analysis of Iran",Energy,10.1016/j.energy.2018.07.149,moo_only,1,0,0,0,multi-objective; multiobjective; multicriteria; pareto,,,,,,
atam_hybrid_2021,2021,ARTICLE,A hybrid green energy-based system with a multi-objective optimization approach for optimal frost prevention in horticulture,J. Clean. Prod.,10.1016/j.jclepro.2021.129563,moo_only,1,0,0,0,multi-objective; multiobjective,,,,,,approximate
atawi_design_2024,2024,ARTICLE,Design of a wind-{PV} system integrated with a hybrid energy storage system considering economic and reliability assessment,J. Energy Storage,10.1016/j.est.2023.110405,moo_mes,1,1,1,0,multi-objective; multi objective; multiobjective; pareto; non-dominated; nsga; mopso,microgrid; standalone,topsis,genetic algorithm; ga; nsga; particle swarm; pso; mopso,,,
attia_multi-objective_2021,2021,ARTICLE,A multi-objective optimization model for sizing decisions of a grid-connected photovoltaic system,Energy,10.1016/j.energy.2021.120730,moo_only,1,0,1,0,multi-objective; multiobjective; multi-criteria; multi criteria; multicriteria; pareto,,multi-criteria decision; multi criteria decision; multicriteria decision,ga,,,
avril_multi-objective_2010,2010,ARTICLE,Multi-objective optimization of batteries and hydrogen storage technologies for remote photovoltaic systems,Energy,10.1016/j.energy.2010.07.033,moo_mes,1,1,0,0,multi-objective; multiobjective,stand-alone; hydrogen,,ga; particle swarm; pso,,,
awad_energy_2016,2016,INPROCEEDINGS,An Energy Optimization Model ({EOM}) to reduce mobile service providers network costs: A multi-objective optimization approach,Institute of Electrical and Electronics Engineers Inc,10.1109/INTLEC.2015.7572466,moo_only,1,0,0,0,multi-objective; multiobjective,,,,,,
awan_economic_2017,2017,INPROCEEDINGS,Economic dispatch in microgrids using compromise solution method,Institute of Electrical and Electronics Engineers Inc,10.1109/PTC.2017.7981250,moo_mes,1,1,0,0,multi-objective; multiobjective; pareto,microgrid; micro grid; microgrids; distributed generation,,ga,,,
azami_stability_2020,2020,INPROCEEDINGS,Stability evaluation of a multi-objective dispatch of frequency control generators in cross-regional operation under various conditions,Institute of Electrical and Electronics Engineers Inc,,moo_only,1,0,0,0,multi-objective; multi objective; multiobjective,,,,,,
azamian_developing_2025,2025,ARTICLE,Developing an optimal energy system model for a sustainable urban transportation framework planning in the long term through different climatic zones,Green. Technol. Sustain.,10.1016/j.grets.2024.100151,moo_mes,1,1,0,0,multi-criteria,electric vehicle,,,,,
azaza_multi_2017,2017,ARTICLE,Multi objective particle swarm optimization of hybrid micro-grid system: A case study in Sweden,Energy,10.1016/j.energy.2017.01.149,moo_mes,1,1,0,0,multi-objective; multi objective; multiobjective,micro-grid; micro grid; off-grid; distributed energy,,ga; particle swarm; pso,,,
azeem_combined_2023,2023,ARTICLE,Combined Economic Emission Dispatch in Presence of Renewable Energy Resources Using {CISSA} in a Smart Grid Environment,Electronics (Switzerland),10.3390/electronics12030715,moo_only,1,0,0,0,multi-objective,,,ga,,,
azeim_soliman_optimized_2018,2018,INPROCEEDINGS,Optimized hybrid microgrid of gas generators-wind farm using crow search algorithm,Institute of Electrical and Electronics Engineers Inc,10.1109/SASG.2017.8356505,moo_mes,1,1,0,0,multi-objective; multiobjective,microgrid,,ga,,,
azimi_optimized_2023,2023,ARTICLE,Optimized protection coordination of microgrids considering power quality-based voltage indices incorporating optimal sizing and placement of fault current limiters,Sustainable Cities Soc.,10.1016/j.scs.2023.104634,moo_mes,1,1,0,0,multi-objective; multiobjective,microgrid; microgrids,,genetic algorithm; ga,,,
aziz_three-stage_2022,2022,ARTICLE,A three-stage multi-objective optimization framework for day-ahead interaction between microgrids in active distribution networks considering flexible loads and energy storage systems,J. Energy Storage,10.1016/j.est.2022.104739,moo_mes,1,1,0,0,multi-objective; multiobjective,microgrid; microgrids,,,,,
azizivahed_energy_2018,2018,ARTICLE,Energy storage management strategy in distribution networks utilised by photovoltaic resources,{IET} Gener. Transm. Distrib.,10.1049/iet-gtd.2018.5221,moo_only,1,0,0,0,multi-objective; multiobjective; non-dominated; nondominated,,,ga,,,instead of
aznavi_hierarchical_2018,2018,INPROCEEDINGS,Hierarchical droop controlled frequency optimization and energy management of a grid-connected microgrid,Institute of Electrical and Electronics Engineers Inc,10.1109/SusTech.2017.8333521,moo_mes,1,1,0,0,multi-objective; multiobjective,microgrid; micro grid; distributed energy,,,,,
azzopardi_analysis_2009,2009,INPROCEEDINGS,Analysis of renewable energy policy impacts on optimal integration of future grid-connected {PV} systems,,10.1109/PVSC.2009.5411152,moo_only,1,0,0,0,multi-objective; multiobjective,,,,,,
ba-alawi_reliable_2023,2023,ARTICLE,Reliable operation of an optimal self-scheduling multicarrier system with two alternatives: Multiple renewable utilities or hydrogen facilities,J. Clean. Prod.,10.1016/j.jclepro.2023.138463,moo_mes,1,1,0,0,multi-objective; multiobjective,hydrogen,,ga,,,
ba-alawi_techno-economic_2024,2024,ARTICLE,Techno-economic risk-constrained optimization for sustainable green hydrogen energy storage in solar/wind-powered reverse osmosis systems,J. Energy Storage,10.1016/j.est.2024.111849,moo_mes,1,1,0,0,multi-objective; multiobjective; multi-criteria,hydrogen,,ga,,deep learning,
ba-alawi_sustainable_2023,2023,ARTICLE,Sustainable design of a solar/wind-powered reverse osmosis system with cooperative demand-side water management: A coordinated sizing approach with a fuzzy decision-making model,Energy Convers. Manage.,10.1016/j.enconman.2023.117624,moo_mes,1,1,1,0,multi-objective; multiobjective; multi-criteria,hydrogen,multi-criteria decision,,,,
ba-alawi_coordinated_2024,2024,ARTICLE,Coordinated operation for a resilient and green energy-water supply system: A co-optimization approach with flexible strategies,Energy,10.1016/j.energy.2024.132138,moo_only,1,0,0,0,multi-objective; multiobjective; multi-criteria,,,,,,
babaei_optimizing_2025,2025,ARTICLE,Optimizing energy consumption for blockchain adoption through renewable energy sources,Renew. Energy,10.1016/j.renene.2024.121936,moo_only,1,0,0,0,multi-objective,,,ga,,,
babaei_cooperative_2024,2024,ARTICLE,Cooperative energy scheduling of interconnected microgrid system considering renewable energy resources and electric vehicles,Electr Power Syst Res,10.1016/j.epsr.2024.110167,moo_mes,1,1,0,0,multi-objective; multiobjective,microgrid; microgrids; electric vehicle; electric vehicles,,genetic algorithm,,,
babu_multi-objective_2023,2023,ARTICLE,Multi-objective genetic algorithm based energy management system considering optimal utilization of grid and degradation of battery storage in microgrid,Energy Rep.,10.1016/j.egyr.2023.05.067,moo_mes,1,1,0,0,multi-objective; multiobjective; pareto,microgrid,,genetic algorithm; ga,,,
badawy_quantum-inspired_2014,2014,INPROCEEDINGS,Quantum-inspired evolution for smart building energy management in future power networks,{CRC} Press/Balkema,10.1201/b17488-140,moo_only,1,0,0,0,multi-objective; multiobjective,,,,,,
badawy_novel_2013,2013,ARTICLE,A novel multi-agent system utilizing quantum-inspired evolution for demand side management in the future smart grid,Integr. Comput. Aided Eng.,10.3233/ICA-130423,moo_only,1,0,0,0,multi-objective,,,,,,
baghaee_multi-objective_2017,2017,ARTICLE,Multi-objective optimal power management and sizing of a reliable wind/{PV} microgrid with hydrogen energy storage using {MOPSO},J. Intelligent Fuzzy Syst.,10.3233/JIFS-152372,moo_mes,1,1,0,0,multi-objective; multi objective; multiobjective; mopso,microgrid; micro grid; hydrogen,,particle swarm; pso; mopso,,,approximate; computation time; reduce computation; replace
baghaee_reliabilitycost-based_2016,2016,ARTICLE,Reliability/cost-based multi-objective Pareto optimal design of stand-alone wind/{PV}/{FC} generation microgrid system,Energy,10.1016/j.energy.2016.09.007,moo_mes,1,1,0,0,multi-objective; multi objective; multiobjective; pareto,microgrid; stand-alone; hydrogen,,particle swarm; pso,,,approximate; computation time; reduce computation; replace
baghaee_decentralized_2018,2018,ARTICLE,A Decentralized Robust Mixed H2/H∞ Voltage control scheme to improve small/large-signal stability and {FRT} capability of islanded multi-der microgrid considering load disturbances,{IEEE} Syst. J.,10.1109/JSYST.2017.2716351,moo_mes,1,1,0,0,multi-objective; multiobjective,microgrid; micro grid; microgrids; distributed energy,,,,,
baghban-novin_e-sops_2020,2020,ARTICLE,E-{SOP}'s contribution in a techno-economic and clean operation of distribution networks: A multi-objective optimization approach based on linear models,Int. Trans. Elecr. Energy Sys.,10.1002/2050-7038.12235,moo_mes,1,1,0,0,multi-objective; multiobjective,distributed generation,,,,,
bagheri_miqcp-based_2025,2025,ARTICLE,An {MIQCP}-based multi-objective optimal operation strategy for renewables-integrated smart distribution systems considering transformer loss of life and environmental emissions,Electr Power Syst Res,10.1016/j.epsr.2024.111252,moo_mes,1,1,0,0,multi-objective; pareto,distributed generation,,ga,,,
bagherzadeh_scheduling_2019,2019,INPROCEEDINGS,Scheduling of Distributed Energy Resources in Active Distribution Networks Considering Combination of Techno-Economic and Environmental Objectives,Institute of Electrical and Electronics Engineers Inc,10.1109/PSC49016.2019.9081477,moo_mes,1,1,0,0,multi-objective; multiobjective,distributed energy; distributed generation; electric vehicle; electric vehicles,,ga,,,
bahari_exergo-economic_2021,2021,ARTICLE,Exergo-economic analysis and optimization of a combined solar collector with steam and Organic Rankine Cycle using particle swarm optimization ({PSO}) algorithm,Clean. Eng. Technol.,10.1016/j.clet.2021.100221,moo_only,1,0,0,0,multi-objective,,,ga; particle swarm; pso,,,
bahlawan_simultaneous_2021,2021,ARTICLE,Simultaneous optimization of the design and operation of multi-generation energy systems based on life cycle energy and economic assessment,Energy Convers. Manage.,10.1016/j.enconman.2021.114883,moo_only,1,0,0,1,multi-objective; multiobjective,,,ga; particle swarm; pso,surrogate,,computation time; surrogate
bahmanyar_multi-objective_2022,2022,ARTICLE,Multi-objective scheduling of {IoT}-enabled smart homes for energy management based on Arithmetic Optimization Algorithm: A Node-{RED} and {NodeMCU} module-based technique,Knowl Based Syst,10.1016/j.knosys.2022.108762,moo_only,1,0,0,0,multi-objective; multi objective; multiobjective; mopso,,,particle swarm; pso; mopso; gwo,,,
bahri_economic-environmental_2023,2023,ARTICLE,Economic-environmental energy supply of mobile base stations in isolated nanogrids with smart plug-in electric vehicles and hydrogen energy storage system,Int J Hydrogen Energy,10.1016/j.ijhydene.2022.10.219,moo_mes,1,1,0,0,multi-objective; multiobjective,off-grid; hydrogen; electric vehicle; electric vehicles,,ga,,,
bai_development_2023,2023,ARTICLE,Development of a novel power and freshwater cogeneration plant driven by hybrid geothermal and biomass energy,Case Stud. Therm. Eng.,10.1016/j.csite.2023.103695,moo_only,1,0,0,0,multi-objective; multiobjective,,,ga,,,
bai_renewable_2016,2016,INPROCEEDINGS,A renewable energy capacity allocation planning method considering the balance of renewable energy accommodation and system investment costs,{IEEE} Computer Society,10.1109/CICED50259.2021.9556795,moo_only,1,0,0,0,multi-objective; multiobjective,,,,,,
bai_multi-objective_2020,2020,INPROCEEDINGS,Multi-objective Optimization of a Wind-solar Microgrid System Based on the Improved {NSGA}-{II} Method,Scanditale {AB},10.46855/energy-proceedings-7414,moo_mes,1,1,0,0,multi-objective; non-dominated; nsga,microgrid; distributed energy,,genetic algorithm; ga; nsga,,,
bajaj_hosting_2021,2021,ARTICLE,Hosting capacity enhancement of renewable-based distributed generation in harmonically polluted distribution systems using passive harmonic filtering,Sustainable Energy Technol. Assess.,10.1016/j.seta.2021.101030,moo_mes,1,1,0,0,multi-objective; multiobjective; pareto; non-dominated; nsga; mopso,distributed generation,,genetic algorithm; ga; nsga; particle swarm; pso; mopso,,,
bakelli_multi-objective_2024,2024,ARTICLE,Multi-objective optimization of a photovoltaic/wind/diesel pumping system with water tank in the Adrar region,J. Renew. Energies,10.54966/jreen.v1i1.1252,moo_mes,1,1,0,0,multi-objective; multiobjective; pareto; nsga,hybrid renewable energy system; hybrid renewable energy systems,,genetic algorithm; ga; nsga,,,
bakhshaei_demand_2023,2023,ARTICLE,Demand response-based operation of a hybrid renewable energy system with energy storage by multi-objective optimization and multi-criteria decision making,Environ Prog Sustainable Energy,10.1002/ep.13992,moo_mes,1,1,1,0,multi-objective; multiobjective; multi-criteria; multi criteria; multicriteria; pareto; non-dominated,hybrid renewable energy system,mcdm; multi-criteria decision; multi criteria decision; multicriteria decision; topsis; ahp,ga,,,
bakhshinejad_random_2021,2021,ARTICLE,"Random Modeling of Optimal Economic, Security and Environmental Operation of Micro-grid by Managing Responsive Loads and Charging and Discharging Electric Vehicles",Majlesi J. Electr. Eng.,10.52547/mjee.15.2.15,moo_mes,1,1,0,0,multi-objective,micro-grid; distributed generation; electric vehicle; electric vehicles,,ga,,,
bakshi_performance_2017,2017,ARTICLE,Performance Analysis of a Novel Hybrid Optimization Technique for Sizing and Placement of {DG} Units,J. Sci. Ind. Res.,,moo_mes,1,1,0,0,multi-objective; multi objective,distributed generation,,ga,,,
balali_development_2023,2023,ARTICLE,Development and neural network optimization of a renewable-based system for hydrogen production and desalination,Renew. Energy,10.1016/j.renene.2023.119356,moo_mes,1,1,0,0,multi-objective; multiobjective,hydrogen,,genetic algorithm; ga,,neural network; machine learning,
balda_coordination_2019,2019,INPROCEEDINGS,Coordination of Distributed Energy Resources: Model Predictive Control based Approach,Institute of Electrical and Electronics Engineers Inc,10.1109/PC.2019.8815049,moo_mes,1,1,0,0,multi-objective; multiobjective,microgrid; micro grid; distributed energy,,,,,
balezentis_multi-criteria_2017,2017,ARTICLE,Multi-criteria ranking of energy generation scenarios with Monte Carlo simulation,Applied Energy,10.1016/j.apenergy.2016.10.085,moo_only,1,0,1,0,multi-criteria,,mcdm; multi-criteria decision; topsis; waspas,ga,,,
balic_impact_2015,2015,ARTICLE,Impact of fluctuating energy prices on the operation strategy of a trigeneration system,J. Sustain. Dev. Energy Water Environ. Syst.,10.13044/j.sdewes.2015.03.0024,moo_only,1,0,0,0,multi-objective,,,ga,,,
bame_optimization_2022,2022,ARTICLE,Optimization of solar-coal hybridization for low solar augmentation,Appl. Energy,10.1016/j.apenergy.2022.119225,moo_only,1,0,0,0,multi-objective; multiobjective,,,ga,,,
bamisile_environmental_2024,2024,ARTICLE,Environmental impact and thermodynamic comparative optimization of {CO}2-based multi-energy systems powered with geothermal energy,Sci. Total Environ.,10.1016/j.scitotenv.2023.168459,moo_mes,1,1,0,0,multi-objective; multiobjective,multi-energy; multi energy; hydrogen,,ga,,,
bamisile_thermo-enviro-exergoeconomic_2023,2023,ARTICLE,Thermo-enviro-exergoeconomic analysis and multi-objective optimization of a novel geothermal-solar-wind micro-multi-energy system for cleaner energy production,Process Saf. Environ. Prot.,10.1016/j.psep.2022.11.068,moo_mes,1,1,0,0,multi-objective; multiobjective,multi-energy; hydrogen,,ga,,,
bano_system_2023,2023,ARTICLE,System and Market-Wide Impact Analysis of Coordinated Demand Response and Battery Storage Operation by a Load-Serving Entity,Energies,10.3390/en16041645,moo_only,1,0,0,0,multi-objective; multiobjective,,,,,,
bansal_optimal_2024,2024,ARTICLE,Optimal configuration and sensitivity analysis of hybrid nanogrid for futuristic residential application using honey badger algorithm,Energy Convers. Manage.,10.1016/j.enconman.2024.118784,moo_only,1,0,0,0,multi objective; multiobjective,,,genetic algorithm; ga; particle swarm; pso; grey wolf; gwo,,,
bao_interval_2019,2019,ARTICLE,Interval Model Based Optimal Operation of Multi-energy Complementary System,Dianli Xitong Zidonghue,10.7500/AEPS20190102007,moo_mes,1,1,0,0,multi-objective; multiobjective,multi-energy; distributed energy; combined cooling heating and power,,ga,,,
bao_optimal_2017,2017,ARTICLE,Optimal capacity planning of {MG} with multi-energy coordinated scheduling under uncertainties considered,{IET} Gener. Transm. Distrib.,10.1049/iet-gtd.2016.1622,moo_mes,1,1,0,0,multi-objective; multiobjective,multi-energy; microgrid,,particle swarm; pso,,,
barakat_multi-objective_2020,2020,ARTICLE,"Multi-objective optimization of grid-connected {PV}-wind hybrid system considering reliability, cost, and environmental aspects",Sustainable Cities Soc.,10.1016/j.scs.2020.102178,moo_only,1,0,0,0,multi-objective; multiobjective; mopso,,,ga; pso; mopso,,,
barakat_achieving_2024,2024,ARTICLE,Achieving green mobility: Multi-objective optimization for sustainable electric vehicle charging,Energy Strateg. Rev.,10.1016/j.esr.2024.101351,moo_mes,1,1,0,0,multi-objective; multiobjective; nsga; mopso; moea,electric vehicle,,ga; nsga; pso; mopso; moea,,,
barone_increasing_2021,2021,ARTICLE,"Increasing renewable energy penetration and energy independence of island communities: A novel dynamic simulation approach for energy, economic, and environmental analysis, and optimization",J. Clean. Prod.,10.1016/j.jclepro.2021.127558,moo_mes,1,1,0,0,multi-objective; multiobjective,energy communities; off-grid,,ga,,,
barone_supporting_2021,2021,ARTICLE,Supporting the Sustainable Energy Transition in the Canary Islands: Simulation and Optimization of Multiple Energy System Layouts and Economic Scenarios,Front. Sustain. Cities,10.3389/frsc.2021.685525,moo_only,1,0,0,0,multi-objective,,,ga,,,
barracosa_bayesian_2020,2020,INPROCEEDINGS,A {BAYESIAN} {APPROACH} {FOR} {THE} {OPTIMAL} {INTEGRATION} {OF} {RENEWABLE} {ENERGY} {SOURCES} {IN} {DISTRIBUTION} {NETWORKS} {OVER} {MULTI}-{YEAR} {HORIZONS},Institution of Engineering and Technology,10.1049/icp.2021.1946,moo_only,1,0,0,0,multi-objective; multiobjective,,,ga; bayesian optimization,,,
bartolucci_towards_2022,2022,ARTICLE,Towards Net Zero Energy Factory: A multi-objective approach to optimally size and operate industrial flexibility solutions,Int J Electr Power Energy Syst,10.1016/j.ijepes.2021.107796,moo_mes,1,1,0,0,multi-objective; multi objective; multiobjective,electric vehicle; electric vehicles,,genetic algorithm,,,
bassey_dynamic_2020,2020,ARTICLE,Dynamic Modeling of Sequential Service Restoration in Islanded Single Master Microgrids,{IEEE} Trans Power Syst,10.1109/TPWRS.2019.2929268,moo_mes,1,1,0,0,multi-objective; multiobjective,microgrid; micro grid; microgrids,,,,,approximate
bastani_-constraint_2018,2018,ARTICLE,A δ-constraint multi-objective optimization framework for operation planning of smart grids,Sustainable Cities Soc.,10.1016/j.scs.2017.12.006,moo_only,1,0,0,0,multi-objective; multiobjective; pareto; non-dominated; nondominated,,,ga,,,approximation
bastian_g_multi-objective_2020,2020,INPROCEEDINGS,Multi-objective Optimization of Solar System Sizing in Households with Common Heat Sources,Institute of Physics Publishing,10.1088/1755-1315/505/1/012010,moo_only,1,0,0,0,multi-objective; multiobjective,,,genetic algorithm; ga,,,
basu_operational_2010,2010,INPROCEEDINGS,Operational management of {CHP}-based microgrid,,10.1109/POWERCON.2010.5666084,moo_mes,1,1,0,0,multi-objective; multiobjective,microgrid; micro grid; microgrids; distributed energy; chp,,particle swarm; pso,,,
ba-swaimi_optimal_2025,2025,ARTICLE,Optimal planning of renewable distributed generators and battery energy storage systems in reconfigurable distribution systems with demand response program to enhance renewable energy penetration,Result. Eng.,10.1016/j.rineng.2025.104304,moo_only,1,0,0,0,multi-objective; multiobjective; non-dominated; nsga; mopso,,,genetic algorithm; ga; nsga; particle swarm; pso; mopso,,,
batawy_multi-objective_2017,2017,INPROCEEDINGS,Multi-objective optimization of energy storage and wind {DGs} for self-adequacy of microgrid equipped with fast {DC} charging station,Institute of Electrical and Electronics Engineers Inc,10.1109/ISGT.2017.8085960,moo_mes,1,1,0,0,multi-objective; multiobjective; pareto,microgrid; micro-grid,,,,,
batista_optimizing_2023,2023,ARTICLE,Optimizing methodologies of hybrid renewable energy systems powered reverse osmosis plants,Renewable Sustainable Energy Rev,10.1016/j.rser.2023.113377,moo_mes,1,1,0,0,multi-objective; multiobjective,hybrid renewable energy system; hybrid renewable energy systems; hydrogen,,particle swarm; pso,,,computational cost
batista_mathematical_2025,2025,ARTICLE,Mathematical Formulation of Intelligent Management Algorithms for Isolated Microgrids: A Pareto-Based Critical Approach,Energies,10.3390/en18061487,moo_mes,1,1,0,0,multi-objective; pareto,microgrid; microgrids,,,,,
bazargani_optimal_2017,2017,INPROCEEDINGS,Optimal Sizing of Battery Energy Storage and penetration degree of wind turbines using {NSGA}-{II},Institute of Electrical and Electronics Engineers Inc,10.1109/IranianCEE.2017.7985180,moo_only,1,0,0,0,multi objective; multiobjective; non-dominated; nsga,,,genetic algorithm; ga; nsga,,,
bazzi_optimization_2024,2024,ARTICLE,Optimization Model of Hybrid Renewable Energy Generation for Electric Bus Charging Stations,Energies,10.3390/en17010053,moo_mes,1,1,0,0,multi-objective; multiobjective; pareto,hybrid renewable energy system; hybrid renewable energy systems,,ga,,,approximate
becerra-lopez_multi-objective_2008,2008,ARTICLE,Multi-objective optimization for capacity expansion of regional power-generation systems: Case study of far west Texas,Energy Convers. Manage.,10.1016/j.enconman.2007.12.021,moo_only,1,0,0,0,multi-objective; pareto,,,ga,,,
bedakhanian_multi-objective_2024,2024,ARTICLE,"Multi-objective optimization of a cogeneration system based on solar energy for clean hydrogen, cooling, and electricity production",Case Stud. Therm. Eng.,10.1016/j.csite.2024.103990,moo_mes,1,1,0,0,multi-objective; multiobjective; nsga; mopso,hydrogen,,ga; nsga; pso; mopso; spea,,,
behzadi_efficient_2023,2023,ARTICLE,An efficient renewable hybridization based on hydrogen storage for peak demand reduction: A rule-based energy control and optimization using machine learning techniques,J. Energy Storage,10.1016/j.est.2022.106168,moo_mes,1,1,0,0,multi-objective; multiobjective,hydrogen,,grey wolf,,neural network; machine learning,
behzadi_novel_2021,2021,ARTICLE,"A novel hybrid solar-biomass design for green off-grid cold production, techno-economic analysis and optimization",Sol. Energy,10.1016/j.solener.2021.02.065,moo_mes,1,1,0,0,multi-objective; multiobjective,off-grid,,ga,,,
behzadi_energy_2018,2018,ARTICLE,"Energy, exergy and exergoeconomic (3E) analyses and multi-objective optimization of a solar and geothermal based integrated energy system",Appl Therm Eng,10.1016/j.applthermaleng.2018.08.034,moo_mes,1,1,0,0,multi-objective; multiobjective; pareto,integrated energy,,genetic algorithm; ga,,,
behzadi_grid-tied_2023,2023,ARTICLE,Grid-tied solar and biomass hybridization for multi-family houses in Sweden: An optimal rule-based control framework through machine learning approach,Renew. Energy,10.1016/j.renene.2023.119230,moo_only,1,0,0,0,multi-objective; multiobjective,,,grey wolf,,neural network; machine learning,
bellocchi_assessing_2023,2023,ARTICLE,Assessing the effectiveness of hydrogen pathways: A techno-economic optimisation within an integrated energy system,Energy,10.1016/j.energy.2022.126017,moo_mes,1,1,0,0,multi-objective; multiobjective,integrated energy; power-to-x; hydrogen,,ga,,,replace
bellocchi_analysis_2020,2020,ARTICLE,Analysis of smart energy system approach in local alpine regions - A case study in Northern Italy,Energy,10.1016/j.energy.2020.117748,moo_mes,1,1,0,0,multi-objective; multiobjective,sector coupling; hydrogen; electric vehicle; electric vehicles,,ga,,,
bellos_multi-objective_2019,2019,ARTICLE,Multi-objective optimization of a solar assisted heat pump-driven by hybrid {PV},Appl Therm Eng,10.1016/j.applthermaleng.2018.12.059,moo_only,1,0,0,0,multi-objective; multiobjective,,,ga,,,
ben_daya_sustainability_2019,2019,ARTICLE,Sustainability assessment of integrated forest biorefinery implemented in Canadian pulp and paper mills,Int J Prod Econ,10.1016/j.ijpe.2018.06.014,moo_only,1,0,0,0,multi-objective; multiobjective; pareto,,,ga,,,
ben_hamida_optimal_2017,2017,INPROCEEDINGS,Optimal integration of solar distributed generations in distribution network using {SPEA}2,Institute of Electrical and Electronics Engineers Inc,10.1109/STA.2016.7952079,moo_mes,1,1,0,0,multi-objective; multiobjective; pareto,distributed generation,,spea,,,
ben_taher_multi-objective_2022,2022,ARTICLE,Multi-objective optimization of a grid-connected {PV} system for a public building: Faculty of Sciences and Technology at Pau,Clean Technol. Environ. Policy,10.1007/s10098-022-02364-4,moo_mes,1,1,0,0,multi-objective; multiobjective,electric vehicle; electric vehicles,,ga; particle swarm; pso,,,
bendriss_novel_2025,2025,ARTICLE,A novel improved Frilled Lizard algorithm for solving the optimal planning problem of renewable energy sources within distribution grids under uncertainties,Energy Convers. Manage.,10.1016/j.enconman.2024.119465,moo_mes,1,1,0,0,multi-objective,distributed generation,,ga; grey wolf,,,
benyaghoob-sani_risk_2022,2022,ARTICLE,Risk Averse Optimal Operation of Coastal Energy Hub Considering Seawater Desalination and Energy Storage Systems,J. Oper. Auto. Power Eng.,10.22098/joape.2022.8777.1614,moo_mes,1,1,0,0,multi objective,energy hub; microgrid,,ga,,,
benzaama_multi-objective_2021,2021,ARTICLE,Multi-objective optimisation of a seasonal solar thermal energy storage system combined with an earth – Air heat exchanger for net zero energy building,Sol. Energy,10.1016/j.solener.2021.03.070,moo_only,1,0,0,0,multi-objective; multiobjective,,,,,,
berna-escriche_multi-objective_2025,2025,ARTICLE,Multi-objective optimization of hydro-wind-solar generation: A path towards total economy decarbonization with external energy independence in small stand-alone grids,J. Energy Storage,10.1016/j.est.2025.115695,moo_mes,1,1,0,0,multi-objective; pareto,stand-alone,,genetic algorithm,,,
beshr_novel_2018,2018,ARTICLE,Novel optimization technique of isolated microgrid with hydrogen energy storage,{PLoS} {ONE},10.1371/journal.pone.0193224,moo_mes,1,1,0,0,multi-objective; non-dominated,microgrid; distributed energy; hydrogen,,genetic algorithm,,,
bharti_planning_2020,2020,ARTICLE,Planning Framework for Optimal Resource Utilization Strategy in Microgrid,Arab. J. Sci. Eng.,10.1007/s13369-019-04310-x,moo_mes,1,1,0,0,multi-objective,microgrid; distributed energy,,genetic algorithm; ga,,,
bharti_multi-objective_2019,2019,INPROCEEDINGS,Multi-Objective optimization Based Resource Utilization with Loss Minimization in Microgrid,Institute of Electrical and Electronics Engineers Inc,10.1109/TENSYMP46218.2019.8971280,moo_mes,1,1,0,0,multi-objective; multiobjective,microgrid; micro grid; microgrids,,,,,
bian_multi-energy_2025,2025,ARTICLE,Multi-energy Complementary Planning for Regional Integrated Energy System Considering Flexibility and Economy,Mod. Electr. Power,10.19725/j.cnki.1007-2322.2022.0479,moo_mes,1,1,0,0,multi-objective; pareto; nsga,multi-energy; integrated energy,,ga; nsga,,,
bian_bi-level_2021,2021,ARTICLE,Bi-Level Collaborative Configuration Optimization of Integrated Community Energy System Considering Economy and Reliability,Diangong Jishu Xuebao,10.19595/j.cnki.1000-6753.tces.201214,moo_mes,1,1,0,0,multi-objective; multiobjective; pareto; nsga,microgrid,,ga; nsga,,,
bian_peer--peer_2024,2024,ARTICLE,Peer-to-peer energy sharing model considering multi-objective optimal allocation of shared energy storage in a multi-microgrid system,Energy,10.1016/j.energy.2023.129864,moo_mes,1,1,0,0,multi-objective; multi objective; multiobjective,microgrid; microgrids,,,,,
bilil_probabilistic_2014,2014,INPROCEEDINGS,Probabilistic economic emission dispatch optimization of multi-sources power system,Elsevier Ltd,10.1016/j.egypro.2014.06.097,moo_only,1,0,0,0,multi-objective; multiobjective; nsga,,,ga; nsga,,,
bilil_probabilistic_2014-1,2014,ARTICLE,Probabilistic economic/environmental power dispatch of power system integrating renewable energy sources,Sustainable Energy Technol. Assess.,10.1016/j.seta.2014.09.002,moo_only,1,0,0,0,multi-objective; multiobjective,,,ga; particle swarm; pso,,,
blasis_energy_2024,2024,ARTICLE,Energy community with shared photovoltaic and storage systems: influence of power demand in cost optimization,Appl Stochastic Models Bus Indus,10.1002/asmb.2860,moo_mes,1,1,0,0,multi-objective; multiobjective,energy community; distributed energy,,ga,,,
bo_coordinated_2024,2024,INPROCEEDINGS,Coordinated Planning and Configuration of Wind Power and Energy Storage in Park Microgrids,Institute of Electrical and Electronics Engineers Inc,10.1109/ICEEPS62542.2024.10693201,moo_mes,1,1,0,0,multi-objective,microgrid; microgrids,,genetic algorithm,,,
bogado_optimal_2019,2019,INPROCEEDINGS,Optimal sizing of a {PV} and battery storage system using a detailed model of the microgrid for stand-alone applications,Institute of Electrical and Electronics Engineers Inc,10.1109/APEC.2019.8722113,moo_mes,1,1,0,0,multi-objective; multiobjective,microgrid; micro grid; microgrids; stand-alone; standalone,,ga,,,
bonamente_life-cycle_2018,2018,ARTICLE,A life-cycle approach for multi-objective optimisation in building design: methodology and application to a case study,Civ. Eng. Environ. Syst.,10.1080/10286608.2019.1576646,moo_only,1,0,1,0,multi-objective; multiobjective; multi-criteria; multicriteria,,multi-criteria decision,genetic algorithm; ga,,,
bonetto_joint_2017,2017,ARTICLE,Joint Optimal Pricing and Electrical Efficiency Enforcement for Rational Agents in Microgrids,{IEEE} Access,10.1109/ACCESS.2017.2750242,moo_mes,1,1,0,0,multi-objective; multiobjective; pareto,microgrid; micro grid; microgrids; distributed energy; distributed generation,,,,,
bonilla_feasibility_2022,2022,ARTICLE,Feasibility and practical limits of full decarbonization of the electricity market with renewable energy: Application to the Spanish power sector,Energy,10.1016/j.energy.2021.122437,moo_only,1,0,0,0,multi-objective; multiobjective,,,genetic algorithm; ga,,,
borghei_multi-objective_2020,2020,ARTICLE,"A Multi-Objective Optimization Scheme for Resilient, Cost-Effective Planning of Microgrids",{IEEE} Access,10.1109/ACCESS.2020.3038133,moo_mes,1,1,0,0,multi-objective; multiobjective,microgrid; microgrids,,ga,,,computation time
bornand_investment_2020,2020,ARTICLE,Investment Planning Methodology for Complex Urban Energy Systems Applied to a Hospital Site,Front. Energy Res.,10.3389/fenrg.2020.537973,moo_mes,1,1,0,0,multi-objective; multiobjective,integrated energy; district heating,,,,,replace
boroomandnia_optimal_2024,2024,ARTICLE,Optimal design of micro pumped-storage plants in the heart of a city,Sustainable Cities Soc.,10.1016/j.scs.2023.105054,moo_only,1,0,0,0,multi-objective; multiobjective,,,,,,
boroumandfar_single_2024,2024,ARTICLE,A single and multiobjective robust optimization of a microgrid in distribution network considering uncertainty risk,Sci. Rep.,10.1038/s41598-024-79847-5,moo_mes,1,1,0,0,multi-objective; multiobjective,microgrid,,ga; particle swarm; pso,,,
bottiger_modular_2014,2014,INPROCEEDINGS,Modular hybrid battery storage system for peak-shaving and self consumption optimization in industrial applications,Elsevier Ltd,10.1016/j.egypro.2018.11.064,moo_only,1,0,0,0,multi-criteria,,,,,,
bouchebbat_novel_2017,2017,ARTICLE,A Novel Optimal Control and Management Strategy of Stand-Alone Hybrid {PV}/Wind/Diesel Power System,J Control Autom Electr Syst,10.1007/s40313-016-0290-y,moo_mes,1,1,0,0,multi-objective; multiobjective,stand-alone,,genetic algorithm,,,
bouchekara_multi-objective_2021,2021,ARTICLE,Multi-objective optimization of a hybrid nanogrid/microgrid: Application to desert camps in hafr al-batin,Energies,10.3390/en14051245,moo_mes,1,1,0,0,multi-objective; multi objective; multiobjective; pareto; nondominated; moea,microgrid; microgrids,,ga; moea,,,
boumaiza_modeling_2022,2022,ARTICLE,Modeling multi-criteria decision analysis in residential {PV} adoption,Energy Strateg. Rev.,10.1016/j.esr.2021.100789,moo_only,1,0,1,0,multi-objective; multiobjective; multi-criteria,,multi-criteria decision; topsis; ahp; electre,ga,,,
bourennani_optimal_2015,2015,ARTICLE,Optimal design methods for hybrid renewable energy systems,Int. J. Green Energy,10.1080/15435075.2014.888999,moo_mes,1,1,0,0,multi-objective; multiobjective,hybrid renewable energy system; hybrid renewable energy systems; stand-alone; hydrogen,,,,,
boutros_new_2023,2023,ARTICLE,New modelling approach for the optimal sizing of an islanded microgrid considering economic and environmental challenges,Energy Convers. Manage.,10.1016/j.enconman.2022.116636,moo_mes,1,1,0,0,multi-objective; multiobjective,microgrid,,genetic algorithm; ga,,,replace
boutros_optimal_2022,2022,INPROCEEDINGS,Optimal sizing and real-time {EMS} for low carbon emissions of a hybrid islanded microgrid,{IEEE} Computer Society,10.1109/IECON49645.2022.9968453,moo_mes,1,1,0,0,multi-objective; multiobjective,microgrid,,genetic algorithm; ga,,,
boutros_optimal_2023,2023,INPROCEEDINGS,Optimal Sizing Assessment of an Islanded Microgrid Based on Different {EMS} Strategies,Institute of Electrical and Electronics Engineers Inc,10.1109/REDEC58286.2023.10208177,moo_mes,1,1,0,0,multi-objective; multiobjective,microgrid; microgrids,,genetic algorithm; ga,,,computation time; replace
bouw_involving_2023,2023,ARTICLE,Involving Citizens in Heat Planning: A Participatory Process Design for Informed Decision-Making,Sustainability,10.3390/su15031937,out,0,0,0,0,,,,ga,,,
bozchalui_optimal_2012,2012,INPROCEEDINGS,Optimal operation of commercial building microgrids using multi-objective optimization to achieve emissions and efficiency targets,,10.1109/PESGM.2012.6345600,moo_mes,1,1,0,0,multi-objective; multi objective; multiobjective,"microgrid; micro grid; microgrids; distributed energy; cchp; combined cooling, heating, and power; chp",,ga,,,
bracco_multi-objective_2016,2016,INPROCEEDINGS,A multi-objective optimization tool for the daily management of sustainable smart microgrids: Case Study: The savona campus {SPM} and {SEB} facilities,Institute of Electrical and Electronics Engineers Inc,10.1109/SPEEDAM.2016.7526018,moo_mes,1,1,0,0,multi-objective; multiobjective,microgrid; micro grid; microgrids,,ga,,,
brahman_optimal_2015,2015,ARTICLE,"Optimal electrical and thermal energy management of a residential energy hub, integrating demand response and energy storage system",Energy Build.,10.1016/j.enbuild.2014.12.039,moo_mes,1,1,0,0,multi-objective; multiobjective,energy hub; cchp; combined cooling heating and power; chp; electric vehicle,,ga,,,
bravo_integration_2014,2014,INPROCEEDINGS,Integration of energy storage with hybrid solar power plants,Elsevier Ltd,10.1016/j.egypro.2018.09.045,moo_only,1,0,0,0,multi-objective; multiobjective,,,,,,
bravo_two-stage_2018,2018,ARTICLE,Two-stage optimisation of hybrid solar power plants,Sol. Energy,10.1016/j.solener.2018.01.078,moo_only,1,0,0,0,multi-objective; multiobjective,,,genetic algorithm,,,
bravo_hybrid_2020,2020,ARTICLE,Hybrid solar power plant with thermochemical energy storage: A multi-objective operational optimisation,Energy Convers. Manage.,10.1016/j.enconman.2019.112421,moo_only,1,0,0,0,multi-objective; multiobjective,,,,,,
breen_photovoltaic_2020,2020,ARTICLE,Photovoltaic systems on dairy farms: Financial and renewable multi-objective optimization ({FARMOO}) analysis,Appl. Energy,10.1016/j.apenergy.2020.115534,moo_only,1,0,0,0,multi-objective; multiobjective,,,genetic algorithm; ga,,,
bremer_hybridizing_2019,2019,INPROCEEDINGS,Hybridizing S-Metric Selection and Support Vector Decoder for Constrained Multi-objective Energy Management,Springer Verlag,10.1007/978-3-030-14347-3_24,moo_mes,1,1,0,0,multi-objective; multiobjective,virtual power plant; distributed energy,,evolution strategy,,support vector,
brey_designing_2006,2006,ARTICLE,Designing a gradual transition to a hydrogen economy in Spain,J Power Sources,10.1016/j.jpowsour.2005.12.089,moo_mes,1,1,0,0,multi-objective,hydrogen,,,,,
bruck_single-_2018,2018,INPROCEEDINGS,Single- and multi-objective parameter optimization in a tool for designing {PV}-diesel-battery systems,Institute of Electrical and Electronics Engineers Inc,10.1109/IESC.2018.8439998,moo_mes,1,1,0,0,multi-objective; multiobjective; pareto,micro-grid; off-grid,,genetic algorithm,,,
brunelli_procedure_2016,2016,ARTICLE,A procedure to perform multi-objective optimization for sustainable design of buildings,Energies,10.3390/en9110915,moo_only,1,0,0,0,multi-objective; multiobjective; pareto; non-dominated; nsga,,,genetic algorithm; ga; nsga,,,
bruzzese_c_integrating_2018,2018,INPROCEEDINGS,Integrating renewable energy technologies into distributed energy systems maintaining system flexibility,Institute of Electrical and Electronics Engineers Inc,10.1109/EFEA.2018.8617046,moo_mes,1,1,0,0,multi objective; multiobjective; pareto,multi-energy; energy hub; distributed energy,,,,,speed up; accelerate
bufi_parametric_2014,2014,INPROCEEDINGS,Parametric multi-objective optimization of an Organic Rankine Cycle with thermal energy storage for distributed generation,Elsevier Ltd,10.1016/j.egypro.2017.08.239,moo_mes,1,1,0,0,multi-objective; multiobjective; non-dominated; nsga,distributed generation,,genetic algorithm; ga; nsga,,,
buonomano_future_2023,2023,ARTICLE,Future pathways for decarbonization and energy efficiency of ports: Modelling and optimization as sustainable energy hubs,J. Clean. Prod.,10.1016/j.jclepro.2023.138389,moo_mes,1,1,0,0,multi-objective,energy hub; combined heat and power; hydrogen,,ga,,,
burek_life_2019,2019,ARTICLE,"A life cycle assessment-based multi-objective optimization of the purchased, solar, and wind energy for the grocery, perishables, and general merchandise multi-facility distribution center network",Appl. Energy,10.1016/j.apenergy.2018.11.042,moo_only,1,0,0,0,multi-objective; multiobjective; pareto,,,ga,,,
burgos_hybrid_2021,2021,INPROCEEDINGS,Hybrid Algorithm for Optimal Improvement of a Distribution System Resiliency Using Renewable Energy Resources: Case Colombia,Institute of Electrical and Electronics Engineers Inc,10.1109/IPRECON52453.2021.9640827,moo_only,1,0,0,0,multi-objective; multiobjective,,,genetic algorithm,,,
burhan_sunlight_2016,2016,ARTICLE,Sunlight to hydrogen conversion: Design optimization and energy management of concentrated photovoltaic ({CPV}-Hydrogen) system using micro genetic algorithm,Energy,10.1016/j.energy.2016.01.048,moo_mes,1,1,0,0,multi-objective; multiobjective,off-grid; stand-alone; standalone; hydrogen,,genetic algorithm; ga,,,
cabrera_large-scale_2021,2021,ARTICLE,Large-scale optimal integration of wind and solar photovoltaic power in water-energy systems on islands,Energy Convers. Manage.,10.1016/j.enconman.2021.113982,moo_only,1,0,0,0,multi-objective; multiobjective; pareto,,,ga,,,
cagnano_online_2024,2024,ARTICLE,An online cooperative control strategy for enhancing microgrid participation into electricity market,Electr Power Syst Res,10.1016/j.epsr.2024.110846,moo_mes,1,1,0,0,multi-objective; multiobjective,microgrid; microgrids,,,,,
cai_multi-objective_2024,2024,ARTICLE,Multi-objective hierarchical optimization for grid-connected microgrids considering H∞ performance index,J Franklin Inst,10.1016/j.jfranklin.2024.107156,moo_mes,1,1,0,0,multi-objective; multi objective; multiobjective,microgrid; microgrids,,genetic algorithm,,,
cai_optimal_2025,2025,ARTICLE,Optimal sizing and cost-benefit assessment of stand-alone microgrids with different energy storage considering dynamic avoided {GHG} emissions,J. Energy Storage,10.1016/j.est.2024.115128,moo_mes,1,1,0,0,multi-objective,microgrid; microgrids; stand-alone; standalone,,ga,,,
cai_design_2023,2023,INPROCEEDINGS,"Design, Control and Simulation of a Geothermal and Solar Generation System Integrated with Hydrogen Storage and {PEM}-{FC}",{IEEE} Computer Society,10.1109/IECON51785.2023.10312164,moo_mes,1,1,0,0,multi-objective; multiobjective,hydrogen,,,,,
cai_multicriteria_2023,2023,ARTICLE,Multicriteria study of geothermal trigeneration systems with configurations of hybrid vapor compression refrigeration and Kalina cycles for sport arena application,Renew. Energy,10.1016/j.renene.2023.119390,moo_only,1,0,0,0,multi-objective; multiobjective; multi-criteria; multicriteria,,,ga,,,
camara_multi-objective_2020,2020,INPROCEEDINGS,A Multi-objective and Multi-period Model to the Design and Operation of a Hydrogen Supply Chain: An Applied Case in Portugal,Springer,10.1007/978-3-030-85476-8_2,moo_mes,1,1,0,0,multi-objective; multi objective; multiobjective,hydrogen,,ga,,,
camara_multi-objective_2012,2012,INCOLLECTION,Multi-objective optimization approach to design and planning hydrogen supply chain under uncertainty: A Portugal study case,Computer Aided Chemical Engineering,10.1016/B978-0-12-818634-3.50219-8,moo_mes,1,1,0,0,multi-objective,hydrogen,,ga,,,
canales_cost-reliability_2021,2021,ARTICLE,Cost-reliability analysis of hybrid pumped-battery storage for solar and wind energy integration in an island community,Sustainable Energy Technol. Assess.,10.1016/j.seta.2021.101062,moo_mes,1,1,0,0,multi-objective; multiobjective; pareto,stand-alone; standalone,,ga,,,
cano-andrade_multi-objective_2012,2012,INPROCEEDINGS,Multi-objective optimization for the sustainable-resilient synthesis/design/operation of a power network coupled to distributed power producers via microgrids,American Society of Mechanical Engineers ({ASME}),10.1115/IMECE2012-87950,moo_mes,1,1,0,0,multi-objective; multiobjective,microgrid; microgrids,,,,,
cantu_rodriguez_redesign_2024,2024,ARTICLE,Redesign for flexibility through electrification: Multi-objective optimization of the operation of a multi-energy industrial steam network,Appl. Energy,10.1016/j.apenergy.2024.122981,moo_mes,1,1,0,0,multi-objective; multi objective; multiobjective; pareto,multi-energy; multi energy,,ga,,,
cao_bi-level_2024,2024,ARTICLE,A bi-level cooperating optimization for {AC}/{DC} power systems considering renewable energy integration,Energy Rep.,10.1016/j.egyr.2024.05.027,moo_only,1,0,0,0,multi-objective; multi objective; multiobjective,,,particle swarm,,,
cao_optimal_2024,2024,ARTICLE,Optimal Location and Sizing of Multi-Resource Distributed Generator Based on Multi-Objective Artificial Bee Colony Algorithm,Energy Eng,10.32604/ee.2023.042702,moo_mes,1,1,0,0,multi-objective; multiobjective,multi-energy; distributed generation,,ga,,,
cao_comprehensive_2024,2024,ARTICLE,Comprehensive assessment and optimization of a hybrid cogeneration system based on compressed air energy storage with high-temperature thermal energy storage,Front. Energy,10.1007/s11708-024-0972-2,moo_only,1,0,0,0,multi-objective,,,ga,,,
cao_multi-objective_2023,2023,ARTICLE,Multi-objective Optimization Strategy of {DC} Microgrid Based on Reactive Power Support Efficiency During Voltage Sag,Zhongguo Dianji Gongcheng Xuebao,10.13334/j.0258-8013.pcsee.220248,moo_mes,1,1,0,0,multi-objective; multi objective; pareto; nsga,microgrid; micro-grid,,ga; nsga,,,
cao_fuzzy_2024,2024,INPROCEEDINGS,Fuzzy Based Decision-Making of Energy Management for Regional Energy Systems with Renewable Generation and Installed Storage Systems,Institute of Electrical and Electronics Engineers Inc,10.1109/ICDCECE60827.2024.10548694,moo_mes,1,1,0,0,multi-objective; multiobjective,microgrid; microgrids,,,,,
cao_research_2022,2022,ARTICLE,Research on multi-objective optimal configuration of battery energy storage in distribution network based on hybrid algorithm,Taiyangneng Xuebao,10.19912/j.0254-0096.tynxb.2020-0529,moo_mes,1,1,0,0,multi-objective; multi objective; multiobjective,off-grid,,particle swarm,,,
cao_multi-objective_2017,2017,ARTICLE,Multi-objective optimization of preplanned microgrid islanding based on stochastic short-term simulation,Int. Trans. Elecr. Energy Sys.,10.1002/etep.2238,moo_mes_surrogate,1,1,0,1,multi-objective; multiobjective,microgrid; micro grid,,ga,response surface; response surface methodology,,
cao_prediction_2024,2024,ARTICLE,Prediction Model-Assisted Optimization Scheduling Strategy for Renewable Energy in the Microgrid,Process.,10.3390/pr12091786,moo_mes,1,1,0,0,multi-objective,microgrid,,,,neural network; recurrent neural,
cao_multi-objective_2022,2022,ARTICLE,Multi-objective optimizations and exergoeconomic analyses of a high-efficient bi-evaporator multigeneration system with freshwater unit,Renew. Energy,10.1016/j.renene.2022.04.030,moo_mes,1,1,0,0,multi-objective; multiobjective; nsga,hydrogen,,ga; nsga,,,
cao_comprehensive_2022,2022,ARTICLE,Comprehensive thermodynamic and economic analyses and optimization of a novel poly-generation setup utilizing solar and geothermal sources,Appl Therm Eng,10.1016/j.applthermaleng.2022.118133,moo_mes,1,1,0,0,multiobjective; multi-criteria,hydrogen,,genetic algorithm; ga,,,
cao_application_2022,2022,ARTICLE,"Application, comparative study, and multi-objective optimization of a hydrogen liquefaction system utilizing either {ORC} or an absorption power cycle",Int J Hydrogen Energy,10.1016/j.ijhydene.2021.11.191,moo_mes,1,1,0,0,multi-objective; multiobjective,hydrogen,,ga,,,
cao_research_2021,2021,INPROCEEDINGS,Research on scheduling strategy of electric vehicle fast charging station combined with photovoltaic generation and energy storage,Institute of Electrical and Electronics Engineers Inc,10.1109/AEMCSE51986.2021.00058,moo_mes,1,1,0,0,multi-objective; multi objective; multiobjective; mopso,electric vehicle; electric vehicles,,genetic algorithm; particle swarm; pso; mopso,,,
cao_multiobjective_2022,2022,ARTICLE,Multiobjective Load Dispatch for Coal‐Fired Power Plants under Renewable‐Energy Accommodation Based on a Nondominated‐Sorting Grey Wolf Optimizer Algorithm,Energies,10.3390/en15082915,moo_only,1,0,0,0,multi-objective; multi objective; multiobjective; non-dominated; nondominated,,,ga; grey wolf; gwo,,,
cao_optimal_2024-1,2024,INPROCEEDINGS,Optimal Dispatch of a Multi-Energy Complementary Combined Heat and Power System with Concentrating Solar Power Plant,Institute of Electrical and Electronics Engineers Inc,10.1109/ICEEPS62542.2024.10693030,moo_mes,1,1,0,0,multi-objective; mopso,multi-energy; multi energy; integrated energy; combined heat and power; chp,,particle swarm; pso; mopso,,,
cao_design_2022,2022,ARTICLE,"Design, dynamic simulation, and optimal size selection of a hybrid solar/wind and battery-based system for off-grid energy supply",Renew. Energy,10.1016/j.renene.2022.01.112,moo_mes,1,1,0,0,multi-objective; multiobjective,off-grid,,ga,,,replace
cao_optimal_2022,2022,ARTICLE,Optimal sizing of hybrid energy storage system considering power smoothing and transient frequency regulation,Int J Electr Power Energy Syst,10.1016/j.ijepes.2022.108227,moo_only,1,0,0,0,multi-objective; multiobjective,,,,,,
cao_multi-objective_2023-1,2023,ARTICLE,Multi-objective optimal siting and sizing of {BESS} considering transient frequency deviation and post-disturbance line overload,Int J Electr Power Energy Syst,10.1016/j.ijepes.2022.108575,moo_only,1,0,0,0,multi-objective; multi objective; multiobjective,,,ga,,,
cao_probabilistic_2017,2017,ARTICLE,Probabilistic Optimal {PV} Capacity Planning for Wind Farm Expansion Based on {NASA} Data,{IEEE} Trans. Sustainable Energy,10.1109/TSTE.2017.2677466,moo_only,1,0,0,0,multi-objective; multiobjective; pareto; mopso,,,particle swarm; pso; mopso,,,
capraz_optimal_2024,2024,ARTICLE,Optimal sizing of grid-connected hybrid renewable energy systems without storage: a generalized optimization model,Energy Sources Recovery Util. Environ. Eff.,10.1080/15567036.2020.1803454,moo_mes,1,1,0,0,multi-objective; multi objective; multiobjective,hybrid renewable energy system; hybrid renewable energy systems,,,,,
cardoso_de_oliveira_robust_2025,2025,ARTICLE,Robust capacity sizing and operation scheduling optimisation for resilient precinct-scale energy–water system integration,Energy Convers. Manage.,10.1016/j.enconman.2024.119351,moo_only,1,0,0,0,multi-objective; multiobjective,,,ga,,,
carpinelli_exponential_2014,2014,ARTICLE,Exponential weighted method and a compromise programming method for multi-objective operation of plug-in vehicle aggregators in microgrids,Int J Electr Power Energy Syst,10.1016/j.ijepes.2013.11.036,moo_mes,1,1,0,0,multi-objective; multiobjective,microgrid; micro grid; microgrids; distributed generation; electric vehicle; electric vehicles,,ga,,,
carpinelli_-priori_2025,2025,ARTICLE,A-priori multi-objective optimization for the short-term dispatch of distributed energy resources,Int J Electr Power Energy Syst,10.1016/j.ijepes.2024.110410,moo_mes_surrogate,1,1,0,1,multi-objective; multiobjective; pareto,microgrid; microgrids; distributed energy,,ga,surrogate,,surrogate
carpinelli_minimizing_2017,2017,ARTICLE,Minimizing unbalances in low-voltage microgrids: Optimal scheduling of distributed resources,Appl. Energy,10.1016/j.apenergy.2017.01.057,moo_mes,1,1,0,0,multi-objective; multiobjective,microgrid; micro grid; microgrids; distributed resources; distributed generation; electric vehicle; electric vehicles,,,,,
carraro_integrating_2024,2024,ARTICLE,Integrating Energy Generation and Demand in the Design and Operation Optimization of Energy Communities,Energies,10.3390/en17246358,moo_mes,1,1,0,0,multi-objective,energy community; energy communities,,ga,,,
carreiro_assessing_2017,2017,INPROCEEDINGS,Assessing the robustness of solutions to a multi-objective model of an energy management system aggregator,Institute of Electrical and Electronics Engineers Inc,10.1109/SSCI.2016.7849845,moo_only,1,0,0,0,multi-objective; multiobjective; non-dominated; nondominated,,,genetic algorithm; ga; differential evolution,,,
carrizosa_optimal_2015,2015,ARTICLE,Optimal power flow in multi-terminal {HVDC} grids with offshore wind farms and storage devices,Int J Electr Power Energy Syst,10.1016/j.ijepes.2014.10.016,moo_only,1,0,0,0,multi-objective,,,,,,
castillo_fatule_reducing_2025,2025,ARTICLE,Reducing environmental and human health impacts of energy systems through optimal utilization of transmission flexibilities,Energy,10.1016/j.energy.2024.134275,moo_only,1,0,0,0,multi-objective,,,ga,,,
cavus_enhanced_2024,2024,ARTICLE,Enhanced Microgrid Control through Genetic Predictive Control: Integrating Genetic Algorithms with Model Predictive Control for Improved Non-Linearity and Non-Convexity Handling,Energies,10.3390/en17174458,moo_mes,1,1,0,0,multi-objective; pareto,microgrid; microgrids; distributed energy,,genetic algorithm; ga,,,
celik_sizing_2020,2020,INPROCEEDINGS,Sizing of renewable energy and storage resources in railway substations according to load shaving level,Institute of Electrical and Electronics Engineers Inc,10.1109/VPPC49601.2020.9330861,moo_only,1,0,0,0,multi-objective; multiobjective,,,,,,
celikbilek_integrated_2016,2016,ARTICLE,An integrated grey based multi-criteria decision making approach for the evaluation of renewable energy sources,Energy,10.1016/j.energy.2016.09.091,moo_only,1,0,1,0,multiobjective; multi-criteria; multi criteria; multicriteria,,multi-criteria decision; multi criteria decision; vikor; anp,,,,
celli_multi-objective_2010,2010,INPROCEEDINGS,A multi-objective approach to investigate active distribution network impact on the contrasting goals of the distribution system stakeholders,,,moo_mes,1,1,0,0,multi-objective; multiobjective; non-dominated,distributed energy; distributed generation,,genetic algorithm; ga,,,
ch_novel_2024,2024,ARTICLE,A novel on intelligent energy control strategy for micro grids with renewables and {EVs},Energy Strateg. Rev.,10.1016/j.esr.2024.101306,moo_mes,1,1,0,0,multi-objective; multiobjective; pareto,microgrid; micro grid; electric vehicle; electric vehicles,,,,neural network; convolutional neural,
chafiq_t_optimal_2021,2021,INPROCEEDINGS,Optimal Building Envelope Design and Renewable Energy Systems Size for Net-zero Energy Building in Tetouan (Morocco),Institute of Electrical and Electronics Engineers Inc,10.1109/IRSEC53969.2021.9741188,moo_only,1,0,0,0,multi-objective; multiobjective,,,,,,
chai_towards_2020,2020,ARTICLE,Towards energy transition: Conjoint assessment of large-scale {PV} system performance and interconnection impacts in isolated microgrid,Indones. J. Electr. Eng. Informatics,10.11591/ijeei.v8i3.1609,moo_mes,1,1,0,0,multi-objective,microgrid,,,,,
chaitrashree_li-ion_2019,2019,INCOLLECTION,Li-ion Battery Energy Storage Management System for Solar {PV},Energy Systems in Electrical Engineering,10.1007/978-981-99-6116-0_13,moo_only,1,0,0,0,multi-objective,,,ga,,machine learning,
chakrabarti_s_multiobjective_2022,2022,INPROCEEDINGS,Multiobjective Optimal Control of Power Electronic Loads in Small Scale Power Systems,Institute of Electrical and Electronics Engineers Inc,10.1109/IEMTRONICS55184.2022.9795833,moo_mes,1,1,0,0,multi-objective; multi objective; multiobjective,microgrid; microgrids,,,,,
chalishazar_paired_2024,2024,INPROCEEDINGS,Paired Hydro-Battery Hybrid System Operations Using {MIQP} Based Multi-Objective Optimization,{IEEE} Computer Society,10.1109/PESGM51994.2024.10761091,moo_only,1,0,0,0,multi-objective,,,,,,
chamandoust_multi-objective_2020,2020,ARTICLE,Multi-objective operation of smart stand-alone microgrid with the optimal performance of customers to improve economic and technical indices,J. Energy Storage,10.1016/j.est.2020.101738,moo_mes,1,1,0,0,multi-objective; multiobjective,microgrid; microgrids; stand-alone,,ga,,,
chamandoust_energy_2021,2021,ARTICLE,Energy management of a smart autonomous electrical grid with a hydrogen storage system,Int J Hydrogen Energy,10.1016/j.ijhydene.2021.02.174,moo_mes,1,1,0,0,multi-objective; multiobjective; non-dominated,hydrogen; electric vehicle; electric vehicles,,ga,,,
chammam_multiobjective_2023,2023,ARTICLE,Multiobjective optimization and performance assessment of a {PEM} fuel cell-based energy system for multiple products,Chemosphere,10.1016/j.chemosphere.2023.139348,moo_mes,1,1,0,0,multi-objective; multiobjective; pareto,hydrogen,,genetic algorithm; ga,,,
chandel_performance_2023,2023,ARTICLE,Performance enhancement of smart grid integration using a novel intellectual multi-objective control technique,Soft Comput.,10.1007/s00500-023-07881-y,moo_mes,1,1,0,0,multi-objective; multiobjective,electric vehicle,,,,,approximate
chang_multi-objective_2022,2022,ARTICLE,"Multi-objective optimization of a novel combined cooling, dehumidification and power system using improved M-{PSO} algorithm",Energy,10.1016/j.energy.2021.122487,moo_mes,1,1,0,0,multi-objective; multiobjective,multi-energy; distributed energy,,ga; particle swarm; pso,,,
chang_multi-objective_2022-1,2022,ARTICLE,Multi-Objective Optimal Source–Load Interaction Scheduling of Combined Heat and Power Microgrid Considering Stable Supply and Demand,Front. Energy Res.,10.3389/fenrg.2022.901529,moo_mes,1,1,0,0,multi-objective; multi objective; multiobjective,multi-energy; microgrid; microgrids; combined heat and power; chp,,,,,
chang_multi-objective_2024,2024,ARTICLE,{MULTI}-{OBJECTIVE} {OPTIMIZATION} {OF} {PHOTOVOLTAIC} {CURTAIN} {WALL} {ASSISTED} {DUAL}-{SOURCE} {HEAT} {PUMP} {SYSTEM} {IN} {DIFFERENT} {REGIONS},Taiyangneng Xuebao,10.19912/j.0254-0096.tynxb.2023-0137,moo_only,1,0,0,0,multi-objective; multiobjective; non-dominated; nsga,,,genetic algorithm; ga; nsga,,,
chang_multi-objective_2023,2023,ARTICLE,Multi-objective optimization of a photovoltaic thermal curtain wall assisted dual-source heat pump system,Appl Therm Eng,10.1016/j.applthermaleng.2022.119845,moo_only,1,0,0,0,multi-objective; multiobjective; pareto; non-dominated,,,genetic algorithm; ga,,,
chang_innovative_2023,2023,ARTICLE,The Innovative Research on Sustainable Microgrid Artwork Design Based on Regression Analysis and Multi-Objective Optimization,Systems,10.3390/systems11070354,moo_mes,1,1,0,0,multi-objective,microgrid; microgrids,,,,,
chaturvedi_multi-objective_2023,2023,INCOLLECTION,Multi-objective optimization-based methodological framework for net zero energy building design in India,"Artificial Intelligence, Blockchain, Computing and Security: Volume 1",10.1201/9781003393580-29,moo_only,1,0,1,0,multi-objective; multicriteria; pareto,,mcdm; multicriteria decision,,,,
chaturvedi_multi-objective_2024,2024,INPROCEEDINGS,Multi-objective optimization-based methodological framework for net zero energy building design in India,{CRC} Press/Balkema,10.1201/9781003393580-29,moo_only,1,0,1,0,multi-objective; multiobjective; multicriteria; pareto,,mcdm; multicriteria decision,,,,
chaudhary_multi-objective_2024,2024,INPROCEEDINGS,A Multi-Objective Unit Commitment Approach Using Genetic Algorithms,Institute of Electrical and Electronics Engineers Inc,10.1109/NAPS61145.2024.10741726,moo_only,1,0,0,0,multi-objective; multi objective; pareto; nsga,,,genetic algorithm; ga; nsga,,,
chedid_multi-objective_2005,2005,INPROCEEDINGS,A multi-objective design methodology for hybrid renewable energy systems,,10.1109/PTC.2005.4524339,moo_mes,1,1,0,0,multi-objective; multiobjective,hybrid renewable energy system; hybrid renewable energy systems,,,,,
chen_sustainability-oriented_2013,2013,ARTICLE,A sustainability-oriented multiobjective optimization model for siting and sizing distributed generation plants in distribution systems,Math. Probl. Eng.,10.1155/2013/291930,moo_mes,1,1,0,0,multi-objective; multiobjective,distributed generation,,,,,
chen_multi-objective_2022,2022,ARTICLE,"Multi-objective Optimization of Regional Reactive Power Reserve in Hybrid System with Wind, Photovoltaic and Energy Storage Considering Fault Scenario Set",Dianli Xitong Zidonghue,10.7500/AEPS20211014002,moo_only,1,0,0,0,multi-objective; multiobjective,,,,,,
chen_research_2021,2021,ARTICLE,Research on an Optimal System Design Method for Integrated Energy Cabinet Integrating Electricity‚ Heating‚ Cooling and Gas,Zhejiang. Electr. Power.,10.19585/j.zjdl.202112002,moo_mes,1,1,0,0,multi-objective,multi-energy; integrated energy,,ga,,,
chen_optimization_2020,2020,INPROCEEDINGS,{OPTIMIZATION} {OF} {RENEWABLE} {ENERGY} {INTEGRATION} {IN} {SMART} {GRIDS} {USING} {AI} {AND} {DATA} {ANALYTICS},Institution of Engineering and Technology,10.1049/icp.2024.4090,moo_only,1,0,0,0,multi-objective,,,genetic algorithm; ga; particle swarm; pso,,deep learning,
chen_multi-objective_2025,2025,ARTICLE,Multi-objective optimization for the operation of district heating systems considering flexibility and economy,Appl Therm Eng,10.1016/j.applthermaleng.2024.125395,moo_mes,1,1,0,0,multi-objective; multiobjective,multi-energy; district heating,,ga,,,
chen_economic_2012,2012,ARTICLE,Economic operation optimization of a stand-alone microgrid system considering characteristics of energy storage system,Dianli Xitong Zidonghue,10.3969/j.issn.1000-1026.2012.20.005,moo_mes,1,1,0,0,multi-objective; multi objective; multiobjective; non-dominated; nsga,microgrid; micro grid; stand-alone; distributed generation,,genetic algorithm; ga; nsga,,,
chen_microgrid_2014,2014,INPROCEEDINGS,Microgrid multi-objective economic operation optimization considering reactive power,Springer Verlag,10.1007/978-1-4614-4981-2_56,moo_mes,1,1,0,0,multi-objective; multiobjective,microgrid; combined heat and power; chp,,genetic algorithm,,,
chen_microgrid_2013,2013,ARTICLE,Microgrid multi-objective economic dispatch optimization,Zhongguo Dianji Gongcheng Xuebao,,moo_mes,1,1,0,0,multi-objective; multiobjective,microgrid; micro grid; combined heat and power; chp,,genetic algorithm; ga,,,
chen_optimal_2018,2018,ARTICLE,Optimal sizing for grid-tied microgrids with consideration of joint optimization of planning and operation,{IEEE} Trans. Sustainable Energy,10.1109/TSTE.2017.2724583,moo_mes,1,1,0,0,multi-objective; multiobjective,microgrid; micro grid; microgrids; distributed generation,,genetic algorithm,,,
chen_energy_2024,2024,ARTICLE,Energy management optimization of new energy hydrogen production system including multi-electrolyzers,Electr. Pow. Eng. Technol.,10.12158/j.2096-3203.2024.02.001,moo_mes,1,1,0,0,multi-objective; pareto,hydrogen,,spea,,,
chen_thermo-economic_2024,2024,ARTICLE,"Thermo-economic analysis of a pumped thermal energy storage combining cooling, heating and power system coupled with photovoltaic thermal collector: Exploration of low-grade thermal energy storage",J. Energy Storage,10.1016/j.est.2024.112718,moo_mes,1,1,0,0,multi-objective; multiobjective,combined cooling heating and power,,ga,,,
chen_optimal_2022,2022,ARTICLE,An optimal arrangement for photovoltaic/diesel/battery management system applying Crow Search Algorithm: a case of Namib Desert,Int J Ambient Energy,10.1080/01430750.2021.1909130,moo_only,1,0,0,0,multiobjective; multi-criteria,,,particle swarm; pso,,,
chen_thermodynamic_2023,2023,ARTICLE,Thermodynamic analysis of a hybrid energy system coupling solar organic Rankine cycle and ground source heat pump: Exploring heat cascade utilization,Energy,10.1016/j.energy.2023.129228,moo_mes,1,1,0,0,multi-objective; multiobjective,stand-alone,,ga,,,
chen_new_2024,2024,ARTICLE,A new low-carbon project scheduling problem with renewable and traditional energy: A comprehensive analysis and its solution,J. Clean. Prod.,10.1016/j.jclepro.2024.143089,moo_mes,1,1,0,0,multi-objective; multiobjective,multi-energy; multi energy,,,,,approximate
chen_multi-objective_2014,2014,INPROCEEDINGS,Multi-objective optimization configuration of multi-energy complementary park integrated energy supply center considering electric gas conversion planning,Springer Verlag,10.1007/978-981-13-9783-7_27,moo_mes,1,1,0,0,multi-objective; multiobjective,multi-energy; integrated energy; distributed energy,,genetic algorithm; ga,,,
chen_research_2018,2018,INPROCEEDINGS,Research on layered microgrid operation optimization based on {NSGA}-{II} algorithm,Institute of Electrical and Electronics Engineers Inc,10.1109/POWERCON.2018.8602169,moo_mes,1,1,0,0,multi-objective; multiobjective; pareto; nsga,microgrid,,ga; nsga,,,
chen_multi-objective_2025-1,2025,ARTICLE,Multi-objective optimization of multi-energy complementary systems integrated biomass-solar-wind energy utilization in rural areas,Energy Convers. Manage.,10.1016/j.enconman.2024.119241,moo_mes,1,1,0,0,multi-objective; multiobjective; pareto; non-dominated; nsga,"multi-energy; multi energy; combined cooling, heating, and power",,genetic algorithm; ga; nsga,,,
chen_constrained_2019,2019,ARTICLE,Constrained multi-objective population extremal optimization based economic-emission dispatch incorporating renewable energy resources,Renew. Energy,10.1016/j.renene.2019.05.024,moo_only,1,0,0,0,multi-objective; multiobjective; non-dominated; nsga,,,genetic algorithm; ga; nsga; differential evolution,,,
chen_waste_2025,2025,ARTICLE,Waste heat management of gas turbine-tailored power plants with reverse osmosis ({RO}) technology and hydrogen fuel production; sensitivity analysis and Techno-economic optimization using genetic algorithm methods,Appl Therm Eng,10.1016/j.applthermaleng.2025.125590,moo_mes,1,1,0,0,multi-criteria,hydrogen,,genetic algorithm; ga,,neural network,
chen_advances_2018,2018,ARTICLE,Advances in clean and low-carbon power generation planning,Comput. Chem. Eng.,10.1016/j.compchemeng.2018.02.012,moo_only,1,0,0,0,multi-objective; multiobjective,,,ga,,,
chen_research_2018-1,2018,ARTICLE,Research on integration renewable energy systems in office building based on multi-objective optimization,Taiyangneng Xuebao,,moo_only,1,0,0,0,multi-objective; multiobjective,,,,,,
chen_coordinated_2022,2022,ARTICLE,Coordinated multiobjective optimization of the integrated energy distribution system considering network reconfiguration and the impact of price fluctuation in the gas market,Int J Electr Power Energy Syst,10.1016/j.ijepes.2021.107776,moo_mes,1,1,0,0,multi-objective; multiobjective,multi-energy; integrated energy; energy hub,,ga,,,
chen_jump_2011,2011,ARTICLE,Jump and shift method for multi-objective optimization,{IEEE} Trans Ind Electron,10.1109/TIE.2011.2116756,moo_mes,1,1,0,0,multi-objective; multi objective; multiobjective,microgrid,,,,,
chen_multi-objective_2023,2023,ARTICLE,Multi-Objective Optimization of External Louvers in Buildings,Comput. Mater. Continua,10.32604/cmc.2023.033274,moo_only,1,0,0,0,multi-objective; multiobjective,,,,,,
chen_evaluation_2013,2013,ARTICLE,Evaluation of advantages of an energy storage system using recycled {EV} batteries,Int J Electr Power Energy Syst,10.1016/j.ijepes.2012.08.037,moo_mes,1,1,0,0,multi-objective,electric vehicle; electric vehicles,,genetic algorithm; ga,,,
chen_energy-efficient_2024,2024,ARTICLE,Energy-efficient scheduling for a hybrid flow shop problem while considering multi-renewable energy,Int J Prod Res,10.1080/00207543.2024.2340686,moo_mes,1,1,0,0,multi-objective; multiobjective,multi-energy; multi energy; microgrid; microgrids,,ga,,,
chen_scenario-based_2023,2023,ARTICLE,Scenario-based robust capacity planning of regional integrated energy systems considering carbon emissions,Renew. Energy,10.1016/j.renene.2023.03.030,moo_mes,1,1,0,0,multi-objective; multiobjective,multi-energy; integrated energy,,ga,,,
chen_multi-objective_2023-1,2023,ARTICLE,Multi-objective optimization of battery capacity of grid-connected {PV}-{BESS} system in hybrid building energy sharing community considering time-of-use tariff,Appl. Energy,10.1016/j.apenergy.2023.121727,moo_only,1,0,0,0,multi-objective; multiobjective; non-dominated,,,genetic algorithm,,,train on
chen_surrogate_2020,2020,ARTICLE,Surrogate model based operation mode of distributed energy spot market,Dianli Zidonghua Shebei Electr. Power Autom. Equip.,10.16081/j.epae.202008025,moo_mes_surrogate,1,1,0,1,multi-objective; multiobjective,microgrid; distributed energy,,ga,surrogate,,surrogate
chen_multi-objective_2021,2021,ARTICLE,Multi-objective optimization strategy of multi-sources power system operation based on fuzzy chance constraint programming and improved analytic hierarchy process,Energy Rep.,10.1016/j.egyr.2021.01.070,moo_only,1,0,0,0,multi-objective; multiobjective,,,,,,
chen_optimal_2019,2019,ARTICLE,Optimal allocation method of hybrid active power filters in active distribution networks based on differential evolution algorithm,J. Power Electron.,10.6113/JPE.2019.19.5.1289,moo_mes,1,1,0,0,multi-objective; multiobjective,microgrid; distributed generation,,differential evolution,,,
chen_exergy-economic_2023,2023,ARTICLE,Exergy-economic analysis and multi-objective optimization of a multi-generation system based on efficient waste heat recovery of combined wind turbine and compressed {CO}2 energy storage system,Sustainable Cities Soc.,10.1016/j.scs.2023.104714,moo_mes,1,1,0,0,multi-objective; multiobjective,hydrogen,,ga,,,
chen_balancing_2025,2025,ARTICLE,Balancing the output and quality of variable renewable energy generation in wide area based on multi-objective optimization,Energy Convers. Manage.,10.1016/j.enconman.2025.119632,moo_only,1,0,0,0,multi-objective,,,genetic algorithm,,,
chen_adaptive_2024,2024,ARTICLE,Adaptive Power Allocation Strategy for Hybrid Energy Storage Based on Multi-objective Coordination,Hunan Daxue Xuebao,10.16339/j.cnki.hdxbzkb.2024221,moo_mes,1,1,0,0,multi-objective; multi objective; multiobjective,microgrid; microgrids,,,,,
chen_data-driven_2024,2024,ARTICLE,Data-driven approaches to achieve energy transition: Statistical analysis of demand-side management and smart decision making in urban energy hub networks,Sustainable Cities Soc.,10.1016/j.scs.2023.105150,moo_mes,1,1,0,0,multi-objective; multiobjective,energy hub; electric vehicle,,ga,,lstm,
chen_thermodynamic_2020,2020,ARTICLE,Thermodynamic performance analysis and multi-criteria optimization of a hybrid combined heat and power system coupled with geothermal energy,Energy Convers. Manage.,10.1016/j.enconman.2020.112741,moo_mes,1,1,0,0,multiobjective; multi-criteria; multi criteria; multicriteria,combined heat and power; chp,,ga,,,
chen_constraint_2022,2022,ARTICLE,Constraint multi-objective optimal design of hybrid renewable energy system considering load characteristics,Complex Intell. Syst.,10.1007/s40747-021-00363-4,moo_mes,1,1,0,0,multi-objective; non-dominated,hybrid renewable energy system,,genetic algorithm,,,
chen_multi-objective_2018,2018,ARTICLE,"Multi-objective optimal energy management for the integrated electrical and natural gas network with combined cooling, heat and power plants",Energies,10.3390/en11040734,moo_mes,1,1,0,0,multi-objective; multiobjective; non-dominated,multi-energy; cchp; chp,,genetic algorithm; ga,,,
chen_optimal_2019-1,2019,ARTICLE,Optimal sizing of microgrids with wind-hydropower-energy storage,Electr. Pow. Eng. Technol.,10.12158/j.2096-3203.2019.06.019,moo_mes,1,1,1,0,multi-objective; pareto; non-dominated; nsga,microgrid; microgrids,topsis,genetic algorithm; ga; nsga,,,
chen_examination_2025,2025,ARTICLE,"The examination of a multi-generation structure powered by a compressed air energy storage system for sustainable power, freshwater, and cooling load",J. Energy Storage,10.1016/j.est.2025.116181,moo_only,1,0,0,0,multi-objective,,,ga,,,
chen_multi-objective_2022-1,2022,ARTICLE,"Multi-objective optimization of an integrated energy system against energy, supply-demand matching and exergo-environmental cost over the whole life-cycle",Energy Convers. Manage.,10.1016/j.enconman.2021.115203,moo_mes,1,1,1,0,multi-objective; multiobjective,integrated energy; off-grid,topsis,ga,,,
chen_generation_2009,2009,ARTICLE,"Generation rights trade model based on energy-saving, emission-reducing and network constraint",Dianli Xitong Baohu yu Kongzhi,,moo_only,1,0,0,0,multi-objective; multiobjective,,,,,,
chen_optimizing_2024,2024,ARTICLE,Optimizing solar full-spectrum integration in a methanol-driven district energy system: A comprehensive ecological assessment,J. Clean. Prod.,10.1016/j.jclepro.2024.143912,moo_only,1,0,0,0,multi-objective,,,,,,
chen_multi-objective_2023-2,2023,ARTICLE,Multi-Objective Optimization Based on {DWT}-{MOSMA}-{SVM} for Short-Term Bus Load Forecasting,Dianli Jianshe,10.12204/j.issn.1000-7229.2023.03.005,moo_only,1,0,0,0,multi-objective; pareto,,,,,support vector; lstm,
chen_research_2016,2016,INPROCEEDINGS,Research on Optimal Dispatching Strategy of Multi-terminal {DC} Distribution Network,{IEEE} Computer Society,10.1109/CICED56215.2022.9929194,moo_only,1,0,0,0,multi-objective; multiobjective,,,,,,
chen_optimal_2021,2021,ARTICLE,Optimal design of integrated urban energy systems under uncertainty and sustainability requirements,Comput. Chem. Eng.,10.1016/j.compchemeng.2021.107502,moo_mes,1,1,0,0,multi-objective; multiobjective,multi-energy,,,,,
chen_framework_2019,2019,ARTICLE,Framework of Integrated Charging Station for Renewable Energy Vehicle and Energy Optimal Dispatching Method,Dianli Xitong Zidonghue,10.7500/AEPS20181110001,moo_mes,1,1,0,0,multi-objective; multiobjective; nsga,hydrogen; electric vehicle; electric vehicles,,ga; nsga,,,
chen_multi-objective_2022-2,2022,ARTICLE,Multi-objective residential load scheduling approach for demand response in smart grid,Sustainable Cities Soc.,10.1016/j.scs.2021.103530,moo_only,1,0,0,0,multi-objective; multi objective; multiobjective; nondominated,,,genetic algorithm,,,
chen_multi-objective_2023-3,2023,ARTICLE,Multi-objective voltage/{VAR} control for integrated port energy system considering multi-network integration,Int J Electr Power Energy Syst,10.1016/j.ijepes.2023.109092,moo_only,1,0,0,0,multi-objective; multi objective; multiobjective,,,ga,,,
chen_source-grid_2022,2022,ARTICLE,Source-grid joint planning of renewable energy power system considering flexibility and economy,Dianli Zidonghua Shebei Electr. Power Autom. Equip.,10.16081/j.epae.202204021,moo_only,1,0,0,0,multi-objective; multiobjective,,,,,,
chen_transmission_2020,2020,ARTICLE,Transmission grid expansion planning of a high proportion renewable energy power system based on flexibility and economy,Electronics (Switzerland),10.3390/electronics9060966,moo_only,1,0,0,0,multi-objective; nsga,,,ga; nsga,,,
chen_multi-objective_2023-4,2023,INPROCEEDINGS,A Multi-objective Optimal Scheduling Model of a Virtual Power Plant Considering Uncertainties,Institute of Electrical and Electronics Engineers Inc,10.1109/ACPEE56931.2023.10135644,moo_mes,1,1,0,0,multi-objective; multi objective; multiobjective,virtual power plant; distributed generation,,ga,,,
chen_multi-objective_2020,2020,INPROCEEDINGS,A {MULTI}-{OBJECTIVE} {JOINT} {PLANNING} {OF} {TRANSMISSION} {CHANNEL} {AND} {ENERGY} {STORAGE} {SYSTEM} {CONSIDERING} {ECONOMY} {AND} {FLEXIBILITY},Institution of Engineering and Technology,10.1049/icp.2020.0146,moo_only,1,0,0,0,multi-objective; multiobjective; nsga,,,ga; nsga,,,
chen_multi-objective_2013,2013,ARTICLE,Multi-objective optimization for capacity configuration of {PV}-based electric vehicle charging stations,Diangong Jishu Xuebao,,moo_mes,1,1,0,0,multi-objective; multiobjective; pareto; nsga,electric vehicle; electric vehicles,,ga; nsga,,,
chen_capacity_2023,2023,INPROCEEDINGS,Capacity configuration optimization of port multi-energy system integrating wind turbine/photovoltaic/battery/hydrogen,Institute of Electrical and Electronics Engineers Inc,10.1109/ICTIS60134.2023.10243833,moo_mes,1,1,0,0,multi-objective; multiobjective,multi-energy; multi energy; hydrogen,,particle swarm; pso,,,
cheng_multi-objective_2018,2018,ARTICLE,Multi-objective optimization model of regional power-heat-water energy system compatible with demand-side resources,Paper Asia,,moo_mes,1,1,0,0,multi-objective; multiobjective,multi energy; integrated energy,,,,,
cheng_optimal_2023,2023,INPROCEEDINGS,Optimal planning for Energy Storage Plants Considering Location and Configuration,Institute of Electrical and Electronics Engineers Inc,10.1109/ICPRE59655.2023.10353822,moo_only,1,0,0,0,multi-objective; multiobjective,,,,,,
cheng_economic_2018,2018,ARTICLE,Economic Optimization of Microgrid Based on Improved Quantum Genetic Algorithm,Gaoya Dianqi,10.13296/j.1001-1609.hva.2018.03.020,moo_mes,1,1,0,0,multi-objective,microgrid; distributed generation; combined heat and power; electric vehicle; electric vehicles,,genetic algorithm,,,
cheng_multi-objective_2017,2017,INPROCEEDINGS,A multi-objective based capacity optimization design of standalone microgrid,Institute of Electrical and Electronics Engineers Inc,10.1109/EI2.2017.8244419,moo_mes,1,1,0,0,multi-objective; multi objective; multiobjective,microgrid; micro grid; microgrids; standalone; distributed generation,,particle swarm; pso,,,
cheng_dynamic_2017,2017,ARTICLE,Dynamic dispatch optimization of microgrid based on a {QS}-{PSO} algorithm,J. Renewable Sustainable Energy,10.1063/1.4995646,moo_mes,1,1,0,0,multi-objective; multiobjective,microgrid; distributed generation,,ga; particle swarm; pso,,,instead of
cheng_bi-level_2022,2022,ARTICLE,Bi-level multi-objective optimization of a new energy microgrid with electric vehicles,Dianli Xitong Baohu yu Kongzhi,10.19783/j.cnki.pspc.211149,moo_mes,1,1,0,0,multi-objective; multi objective; multiobjective,microgrid; microgrids; distributed generation; electric vehicle; electric vehicles,,particle swarm; pso,,,
cheng_multi-objective_2017-1,2017,ARTICLE,Multi-Objective Allocation of Energy Storage in Distribution Network Penetrated With Renewable Energy Generation,Dianwang Jishu,10.13335/j.1000-3673.pst.2017.0095,moo_only,1,0,0,0,multi-objective; multiobjective,,,ga; particle swarm; pso,,learning-based,
cheng_adaptive_2018,2018,ARTICLE,Adaptive robust method for dynamic economic emission dispatch incorporating renewable energy and energy storage,Complexity,10.1155/2018/2517987,moo_only,1,0,0,0,multi-objective; multi objective; multiobjective; pareto,,,particle swarm; pso,,learning-based,
cheng_optimal_2014,2014,INPROCEEDINGS,Optimal siting and sizing of distributed generation planning in a standalone microgrid,Trans Tech Publications Ltd,10.4028/www.scientific.net/AMR.960-961.1048,moo_mes,1,1,0,0,multi-objective; multiobjective,microgrid; stand-alone; standalone; distributed generation,,particle swarm,,,
cheng_research_2019,2019,ARTICLE,Research on bi-level energy dispatching strategy optimization for regional microgrid cluster,Yi Qi Yi Biao Xue Bao,10.19650/j.cnki.cjsi.J1804599,moo_mes,1,1,0,0,multi-objective; multi objective; multiobjective; mopso,microgrid; micro grid; microgrids,,particle swarm; pso; mopso,,,
cheng_new_2020,2020,ARTICLE,A new combined model based on multi-objective salp swarm optimization for wind speed forecasting,Appl. Soft Comput. J.,10.1016/j.asoc.2020.106294,moo_only,1,0,0,0,multi-objective; multiobjective,,,,,neural network,
cheraghi_multi-objective_2023,2023,ARTICLE,Multi-objective optimization of a hybrid renewable energy system supplying a residential building using {NSGA}-{II} and {MOPSO} algorithms,Energy Conversion and Management,10.1016/j.enconman.2023.117515,moo_mes,1,1,0,0,multi-objective; pareto; nsga; mopso,hybrid renewable energy system,,ga; nsga; pso; mopso,,,
cherif_design_2021,2021,ARTICLE,Design optimization and sensitivity analysis of a hybrid renewable power generation system coupled with a reverse osmosis desalination unit,Desalin. Water Treat.,10.5004/dwt.2021.27109,moo_only,1,0,0,0,multi-criteria,,,genetic algorithm,,,
cherif_dynamics_2023,2023,INPROCEEDINGS,Dynamics of Multi-Objective Energy Optimization in Multi-Energy Micro-Grids Based on Renewable Energy,Institute of Electrical and Electronics Engineers Inc,10.1109/CoDIT58514.2023.10284137,moo_mes_surrogate,1,1,0,1,multi-objective; multi objective; multiobjective; multi-criteria,multi-energy; multi energy; microgrid; micro-grid,,genetic algorithm; ga,metamodel; meta-model; meta model; metamodeling,,
chitsiga_integrated_2023,2023,ARTICLE,Integrated Renewable Energy and Polygeneration Hub Design for Industrial Heat and Power Utilisation,Chem. Eng. Trans.,10.3303/CET23103089,moo_only,1,0,0,0,multi-objective,,,ga,,,
choobineh_multi-objective_2016,2016,ARTICLE,A multi-objective optimization framework for energy and asset management in an industrial Microgrid,J. Clean. Prod.,10.1016/j.jclepro.2016.08.138,moo_mes,1,1,0,0,multi-objective; multiobjective; pareto,microgrid; micro grid; distributed generation,,spea,,,
choobineh_robust_2019,2019,ARTICLE,Robust optimal energy pricing and dispatch for a multi-microgrid industrial park operating based on just-in-time strategy,{IEEE} Trans Ind Appl,10.1109/TIA.2019.2903182,moo_mes,1,1,0,0,multi-objective; multiobjective; pareto,microgrid; micro-grid; micro grid; microgrids,,ga,,,instead of
christo_demand-side_2019,2019,ARTICLE,Demand-side energy management by cooperative combination of plans: A multi-objective method applicable to isolated communities,Appl. Energy,10.1016/j.apenergy.2019.02.011,moo_mes,1,1,0,0,multi-objective; multiobjective,microgrid; micro grid; microgrids,,ga,,,
chu_research_2019,2019,INPROCEEDINGS,Research on Optimal Configuration of Hybrid Energy Storage Capacity Based on Improved Particle Swarm Optimization Algorithm,Institute of Electrical and Electronics Engineers Inc,10.1109/IAEAC47372.2019.8998019,moo_mes,1,1,0,0,multi-objective; multiobjective,microgrid; micro grid; microgrids,,particle swarm; pso,,,
chu_technology_2020,2020,ARTICLE,Technology and Application of Multi-energy Coordinative Optimization With Complex Cascade Transmission Section,Dianwang Jishu,10.13335/j.1000-3673.pst.2020.0484,moo_mes,1,1,0,0,multi-objective; multiobjective,multi-energy,,,,,
clarke_multi-objective_2015,2015,ARTICLE,Multi-objective optimisation of renewable hybrid energy systems with desalination,Energy,10.1016/j.energy.2015.05.065,moo_mes,1,1,0,0,multi-objective; multiobjective,stand-alone,,ga; particle swarm; pso,,,replace
claro_de_oliveira_probabilistic_2023,2023,ARTICLE,Probabilistic Optimal Power Flow in Large-Scale Electric Transmission Systems through a Matheuristic Solution Approach,{IEEE}. Lat. Am. Trans.,10.1109/TLA.2023.10255444,moo_only,1,0,0,0,multi-objective; multiobjective,,,ga,,,
cococcioni_solving_2016,2016,INPROCEEDINGS,Solving the environmental economic dispatch problem with prohibited operating zones in microgrids using {NSGA}-{II} and {TOPSIS},Association for Computing Machinery,10.1145/2851613.2853130,moo_mes,1,1,1,0,multi-objective; multiobjective; pareto; nsga,microgrid; microgrids,topsis,genetic algorithm; ga; nsga,,,
coelho_multi-objective_2024,2024,ARTICLE,Multi-Objective and Multi-Variable Optimization Models of Hybrid Renewable Energy Solutions for Water–Energy Nexus,Water,10.3390/w16172360,moo_only,1,0,0,0,multi-objective; multiobjective; non-dominated; nsga,,,genetic algorithm; ga; nsga,,,replace
coignard_individual_2024,2024,ARTICLE,Individual and collective objectives in an energy community with network constraints,Sustainable Cities Soc.,10.1016/j.scs.2023.105083,moo_mes,1,1,0,0,multi-objective; multiobjective; pareto,energy community; energy communities,,ga,,,
colakoglu_energy_2022,2022,ARTICLE,"Energy, exergy and economic analyses and multiobjective optimization of a novel solar multi-generation system for production of green hydrogen and other utilities",Int J Hydrogen Energy,10.1016/j.ijhydene.2021.12.203,moo_mes,1,1,0,0,multi-objective; multiobjective,hydrogen,,,,,
colson_towards_2010,2010,INPROCEEDINGS,Towards real-time microgrid power management using computational intelligence methods,,,moo_mes,1,1,0,0,multi-objective; multi objective; multiobjective,microgrid; micro grid; microgrids; distributed generation,,particle swarm; pso,,,
conti_multi-objective_2019,2019,ARTICLE,Multi-objective optimization of off-grid hybrid renewable energy systems in buildings with prior design-variable screening,Energies,10.3390/en12153026,moo_mes,1,1,0,0,multi-objective; multiobjective; pareto,hybrid renewable energy system; hybrid renewable energy systems; off-grid,,genetic algorithm,,,instead of
conti_optimal_2011,2011,INPROCEEDINGS,Optimal investment assessment for distribution reliability through a multi-objective evolutionary algorithm,,10.1109/ICCEP.2011.6036391,moo_only,1,0,0,0,multi-objective; multi objective; multiobjective,,,,,,
contreras_multi-objective_2018,2018,INPROCEEDINGS,Multi-objective probabilistic power resources planning for microgrids with ancillary services capacity,Institute of Electrical and Electronics Engineers Inc,10.23919/PSCC.2018.8450878,moo_mes,1,1,0,0,multi-objective; multiobjective; nsga,microgrid; micro grid; microgrids; distributed generation,,ga; nsga,,,
contreras_optimal_2019,2019,ARTICLE,Optimal microgrid planning for enhancing ancillary service provision,J. Mod. Power Syst. Clean Energy,10.1007/s40565-019-0528-3,moo_mes,1,1,0,0,multi-objective; multiobjective; non-dominated; nsga,microgrid; micro grid; microgrids; distributed resources,,genetic algorithm; ga; nsga,,,
contreras_probabilistic_2020,2020,ARTICLE,Probabilistic multi-objective microgrid planning methodology for optimizing the ancillary services provision,Electr Power Syst Res,10.1016/j.epsr.2020.106633,moo_mes,1,1,1,0,multi-objective; nsga,microgrid; micro-grid; microgrids; distributed energy,ahp,ga; nsga,,,
correa-delval_appliance_2022,2022,INPROCEEDINGS,Appliance Scheduling Optimisation Method Using Historical Data in Households with {RES} Generation and Battery Storage Systems,Institute of Electrical and Electronics Engineers Inc,10.1109/REPE55559.2022.9949497,moo_only,1,0,0,0,multi-objective; multiobjective,,,,,lstm,
corredor_utility_2011,2011,INPROCEEDINGS,Utility resource planning using modular simulation and optimization,,10.1109/WSC.2011.6147821,moo_only,1,0,0,0,multi-objective; multi objective; multiobjective,,,,,,
cortes-borda_multi-objective_2015,2015,INPROCEEDINGS,Multi-objective optimization combined with input-output and eco-cost assessment for decarbonizing the European economy,{AIChE},,moo_only,1,0,0,0,multi-objective,,,ga,,,accelerate
cortes-caicedo_multi-objective_2025,2025,ARTICLE,A multi-objective optimization approach based on the Non-Dominated Sorting Genetic Algorithm {II} for power coordination in battery energy storage systems for {DC} distribution network applications,J. Energy Storage,10.1016/j.est.2025.115430,moo_mes,1,1,0,0,multi-objective; multi objective; multiobjective; pareto; non-dominated; nsga,distributed energy; distributed generation,,genetic algorithm; ga; nsga,,,approximation
cortes-caicedo_multi-objective_2024,2024,ARTICLE,A multi-objective {PSO} for {DC} microgrids: Efficient battery management to minimize energy losses and operating costs,J. Energy Storage,10.1016/j.est.2024.112550,moo_mes,1,1,0,0,multi-objective; multi objective; multiobjective; mopso,microgrid; microgrids,,particle swarm; pso; mopso,,,approximation
crespo_sanchez_architectural_2023,2023,ARTICLE,Architectural and environmental strategies towards a cost optimal deep energy retrofit for mediterranean public high schools,Energy Rep.,10.1016/j.egyr.2023.05.265,moo_only,1,0,0,0,multi-objective; multiobjective,,,,,,
croce_smart_2017,2017,INPROCEEDINGS,Smart district energy optimization of flexible energy units for the integration of local energy storage,Institute of Electrical and Electronics Engineers Inc,10.1109/EEEIC.2017.7977597,moo_mes,1,1,0,0,multi-objective; multiobjective; non-dominated,electric vehicle; electric vehicles,,genetic algorithm; ga,,,
croce_combining_2020,2020,ARTICLE,Combining machine learning analysis and incentive-based genetic algorithms to optimise energy district renewable self-consumption in demand-response programs,Electronics (Switzerland),10.3390/electronics9060945,moo_mes,1,1,0,0,multi-objective,electric vehicle; electric vehicles,,genetic algorithm,,machine learning,
cucek_multi-objective_2013,2013,INPROCEEDINGS,Multi-objective regional total site integration,Italian Association of Chemical Engineering - {AIDIC},10.3303/CET1335016,moo_only,1,0,0,0,multi-objective; multi objective; multiobjective,,,,,,
cui_resource_2024,2024,INPROCEEDINGS,Resource Hub Dispatch Operation Strategy for Distribution Network Energy Management,Institute of Electrical and Electronics Engineers Inc,10.1109/IFEEA64237.2024.10878726,moo_mes,1,1,0,0,multi-objective,multi-energy; microgrid; microgrids; distributed energy,,,,,
cui_multi-objective_2023,2023,ARTICLE,Multi-objective optimal scheduling of charging stations based on deep reinforcement learning,Front. Energy Res.,10.3389/fenrg.2022.1042882,moo_mes_surrogate,1,1,0,1,multi-objective; multi objective; multiobjective,microgrid; microgrids; electric vehicle; electric vehicles,,ga,,deep learning,replace
cui_improved_2022,2022,ARTICLE,Improved normal-boundary intersection algorithm: A method for energy optimization strategy in smart buildings,Build. Environ.,10.1016/j.buildenv.2022.108846,moo_mes,1,1,0,0,multi-objective; multiobjective,distributed energy,,,,,
cui_interval_2022,2022,ARTICLE,Interval Multi-objective Optimal Dispatch of Integrated Energy System Under Multiple Uncertainty Environment,Dianwang Jishu,10.13335/j.1000-3673.pst.2021.1612,moo_mes,1,1,0,0,multi-objective; multiobjective,multi-energy; integrated energy,,,,,
curcic_fuzzy_2011,2011,ARTICLE,Fuzzy multi-criteria model for selecting the best location for a regional landfill,Rev Chim,,moo_only,1,0,0,0,multi-criteria,,,ga,,,
cutore_multi-objective_2024,2024,ARTICLE,Multi-objective optimization of a hydrogen supply chain network: Wind and solid biomass as primary energy sources for the public transport in Sicily,Energy Convers. Manage.,10.1016/j.enconman.2024.118717,moo_mes,1,1,0,0,multi-objective; multiobjective,hydrogen,,ga,,,
da_silva_preference-based_2020,2020,INPROCEEDINGS,A preference-based multi-objective demand response mechanism,Institute of Electrical and Electronics Engineers Inc,10.1109/CEC48606.2020.9185875,moo_mes,1,1,0,0,multi-objective; multiobjective; many-objective; non-dominated; nsga,microgrid,,genetic algorithm; ga; nsga,,,
da_silva_preference-based_2020-1,2020,ARTICLE,A preference-based demand response mechanism for energy management in a microgrid,J. Clean. Prod.,10.1016/j.jclepro.2020.120034,moo_mes,1,1,0,0,multi-objective; multiobjective; non-dominated; nsga,microgrid; micro grid; distributed energy,,genetic algorithm; ga; nsga,,,
dagal_hierarchical_2025,2025,ARTICLE,Hierarchical multi step Gray Wolf optimization algorithm for energy systems optimization,Sci. Rep.,10.1038/s41598-025-92983-w,moo_only,1,0,0,0,multi-objective; multiobjective,,,ga; pso; gwo,,machine learning,
dai_improvement_2025,2025,ARTICLE,Improvement of building energy flexibility with {PV} battery system based on prediction and load management,Build. Simul.,10.1007/s12273-024-1216-4,moo_only,1,0,0,1,multi-objective; multiobjective,,,genetic algorithm; ga,,neural network,train on
dai_low-carbon_2023,2023,ARTICLE,Low-Carbon Optimal Scheduling Model for Peak Shaving Resources in Multi-Energy Power Systems Considering Large-Scale Access for Electric Vehicles,Process.,10.3390/pr11051532,moo_mes,1,1,0,0,multi-objective; multiobjective; nsga,multi-energy; multi energy; hydrogen; electric vehicle; electric vehicles,,ga; nsga,,,
dai_multi-objective_2023,2023,ARTICLE,Multi-Objective Optimization of Combined Cooling Heating and Power System Considering Photovoltaic-Wind-Gas-Power Collaborative Energy Supply,Tongji Daxue Xuebao,10.11908/j.issn.0253-374x.21573,moo_mes,1,1,0,0,multi-objective; multi objective; multiobjective,multi-energy; multi energy; cchp; combined cooling heating and power; chp,,ga; particle swarm; pso,,,
dal_cin_multi-criteria_2022,2022,ARTICLE,A multi-criteria approach to optimize the design-operation of Energy Communities considering economic-environmental objectives and demand side management,Energy Convers. Manage.,10.1016/j.enconman.2022.115677,moo_mes,1,1,0,0,multi-objective; multiobjective; multi-criteria,energy community; energy communities,,ga,,,
dal_cin_domes_2025,2025,ARTICLE,"{DOMES}: A general optimization method for the integrated design of energy conversion, storage and networks in multi-energy systems",Appl. Energy,10.1016/j.apenergy.2024.124702,moo_mes,1,1,0,0,multi-objective,multi-energy; microgrid; microgrids; district heating,,ga,,,
damgacioglu_dynamic_2018,2018,INCOLLECTION,A dynamic data-driven optimization framework for demand side management in microgrids,Handbook of Dynamic Data Driven Applications Systems,10.1007/978-3-319-95504-9_21,moo_mes,1,1,0,0,multi-objective,microgrid; microgrids; distributed generation,,ga,,,
damgacioglu_dynamic_2022,2022,INCOLLECTION,A Dynamic Data-Driven Optimization Framework for Demand Side Management in Microgrids,Handbook of Dynamic Data Driven Applications Systems: Volume 1: Second Edition,10.1007/978-3-030-74568-4_21,moo_mes,1,1,0,0,multi-objective; multi objective,microgrid; microgrids; distributed generation,,ga,,,
danish_techno-economic_2024,2024,ARTICLE,Techno-Economic Modeling of Diverse Renewable Energy Sources Integration: Achieving Net-Zero {CO}2 Emissions,{IEEJ} Trans. Electr. Electron. Eng.,10.1002/tee.24065,moo_mes,1,1,0,0,multi-objective; multiobjective,hydrogen,,,,,
daqaq_multi-objective_2024,2024,INPROCEEDINGS,Multi-objective optimal power flow with wind-solar-small hydro power using non-dominated sorting genghis khan shark optimizer,Institute of Electrical and Electronics Engineers Inc,10.1109/ISAECT64333.2024.10799766,moo_only,1,0,0,0,multi-objective; multiobjective; non-dominated; nondominated; nsga,,,ga; nsga,,,
daqaq_non-dominated_2022,2022,ARTICLE,Non-Dominated Sorting Manta Ray Foraging Optimization for Multi-Objective Optimal Power Flow with Wind/Solar/Small-Hydro Energy Sources,Fractal Fract.,10.3390/fractalfract6040194,moo_only,1,0,0,0,multi-objective; pareto; non-dominated; moea,,,moea,,,
darvishi_multi-objective_2024,2024,ARTICLE,Multi-objective optimization of a socio-economic energy hub with demand response program and considering customer satisfaction,J. Energy Storage,10.1016/j.est.2024.113624,moo_mes,1,1,0,0,multi-objective; pareto,multi-energy; energy hub; hydrogen,,ga,,,
das_optimization_2021,2021,INCOLLECTION,Optimization algorithm for renewable energy integration,Intelligent Renewable Energy Systems: Integrating Artificial Intelligence Techniques and Optimization Algorithms,10.1002/9781119786306.ch1,moo_mes,1,1,0,0,multi-objective,distributed generation,,,,,
das_techno-economic_2021,2021,ARTICLE,Techno-economic and environmental assessment of a hybrid renewable energy system using multi-objective genetic algorithm: A case study for remote Island in Bangladesh,Energy Convers. Manage.,10.1016/j.enconman.2020.113823,moo_mes,1,1,0,0,multi-objective; multiobjective; non-dominated,hybrid renewable energy system; hybrid renewable energy systems,,genetic algorithm; ga,,,
das_multi-objective_2021,2021,ARTICLE,Multi-objective optimization of hybrid renewable energy system by using novel autonomic soft computing techniques,Comput Electr Eng,10.1016/j.compeleceng.2021.107350,moo_mes,1,1,0,0,multi-objective; multi objective; multiobjective,micro grid; hybrid renewable energy system,,ga; particle swarm; pso,,,
das_optimal_2020,2020,INPROCEEDINGS,Optimal Component Sizing of an Isolated {PV}-Wind-Battery Microgrid in India using Multi Objective Optimisation,Institute of Electrical and Electronics Engineers Inc,10.1109/INDICON49873.2020.9342122,moo_mes,1,1,0,0,multi objective; multiobjective,microgrid; microgrids,,,,,
das_real-time_2021,2021,ARTICLE,Real-time multi-objective optimisation for electric vehicle charging management,J. Clean. Prod.,10.1016/j.jclepro.2021.126066,moo_mes,1,1,0,0,multi-objective; multi objective; multiobjective,electric vehicle; electric vehicles,,,,,
das_multi-objective_2020,2020,ARTICLE,Multi-objective techno-economic-environmental optimisation of electric vehicle for energy services,Appl. Energy,10.1016/j.apenergy.2019.113965,moo_mes,1,1,1,0,multi-objective; multiobjective; multi-criteria; multi criteria,micro-grid; electric vehicle; electric vehicles,multi-criteria decision; multi criteria decision,,,,
das_technically_2023,2023,ARTICLE,"Technically efficient, economic and environmentally benign hybrid decentralized energy solution for an Indian village: Multi criteria decision making approach",Journal of Cleaner Production,10.1016/j.jclepro.2022.135717,moo_mes,1,1,1,0,multi criteria,integrated energy,multi criteria decision; topsis; electre,ga,,,
das_multi_2023,2023,ARTICLE,Multi criteria decision making for the most suitable combination of energy resources for a decentralized hybrid energy solution with green hydrogen as the storage option,Energy Conversion and Management,10.1016/j.enconman.2023.117028,moo_mes,1,1,1,0,multi-criteria; multi criteria,hybrid renewable energy system; hybrid renewable energy systems; hydrogen,multi-criteria decision; multi criteria decision; topsis; vikor,ga,,,
das_optimum_2020,2020,ARTICLE,Optimum combination of renewable resources to meet local power demand in distributed generation: A case study for a remote place of India,Energy,10.1016/j.energy.2020.118473,mes_only,0,1,1,0,,distributed generation,mcdm,,,,
das_optimum_2020-1,2020,ARTICLE,Optimum combination of renewable resources to meet local power demand in distributed generation: A case study for a remote place of India,Energy,10.1016/j.energy.2020.118473,mes_only,0,1,1,0,,distributed generation; hydrogen,mcdm; madm; topsis; vikor,,,,
das_optimal_2014,2014,INPROCEEDINGS,Optimal reactive power dispatch incorporating solar power using Jaya algorithm,Springer Verlag,10.1007/978-981-13-8687-9_4,moo_only,1,0,0,0,multi-objective; multiobjective,,,genetic algorithm; ga; particle swarm; pso; differential evolution,,,
das_optimal_2021,2021,ARTICLE,Optimal Sizing and Control of Solar {PV}-{PEMFC} Hybrid Power,Int. J. Math. Eng. Manag. Sci.,10.33889/IJMEMS.2021.6.4.068,moo_mes,1,1,0,0,multi-objective; multiobjective,stand-alone; hydrogen,,ga,,,
datta_energy_2021,2021,INPROCEEDINGS,Energy Management of multi-microgrids considering impacts of plug-in hybrid vehicles uncertainties and demand response,{IEEE} Computer Society,,moo_mes,1,1,0,0,multi-objective; multiobjective,microgrid; micro-grid; microgrids; distributed generation; electric vehicle; electric vehicles,,ga,,,
daud_improved_2013,2013,ARTICLE,An improved control method of battery energy storage system for hourly dispatch of photovoltaic power sources,Energy Convers. Manage.,10.1016/j.enconman.2013.04.013,moo_only,1,0,0,0,multi objective,,,genetic algorithm; ga,,,
daud_heuristic_2014,2014,ARTICLE,Heuristic optimization of state-of-charge feedback controller parameters for output power dispatch of hybrid photovoltaic/battery energy storage system,Meas J Int Meas Confed,10.1016/j.measurement.2013.11.032,moo_only,1,0,0,0,multi-objective,,,genetic algorithm; ga; particle swarm; pso,,,
davoodi_multi-objective_2025,2025,ARTICLE,Multi-objective optimization of an off-grid {CAES}-based cogeneration plant for quad-generation,Energy,10.1016/j.energy.2025.135680,moo_mes,1,1,1,0,multi-objective,off-grid,topsis,,,,
de_effective_2021,2021,ARTICLE,An effective energy flow management in grid-connected solar–wind-microgrid​ system incorporating economic and environmental generation scheduling using a meta-dynamic approach-based multiobjective flower pollination algorithm,Energy Rep.,10.1016/j.egyr.2021.04.006,moo_mes,1,1,0,0,multi-objective; multi objective; multiobjective,microgrid; micro-grid; micro grid,,particle swarm; pso,,,
deckmyn_multi-objective_2014,2014,INPROCEEDINGS,Multi-objective optimization for environomic scheduling in microgrids,{IEEE} Computer Society,10.1109/PESGM.2014.6939538,moo_mes,1,1,0,0,multi-objective; multi objective; multiobjective,microgrid; micro grid; microgrids; distributed generation,,,,,
deckmyn_energy_2013,2013,INPROCEEDINGS,Energy management and dynamic optimisation of eco-industrial parks,,10.1109/UPEC.2013.6714920,moo_mes,1,1,0,0,multi-objective,microgrid; micro-grid; microgrids; distributed energy,,ga,,,
dehghani_smart_2025,2025,ARTICLE,Smart homes energy management: Optimal multi-objective appliance scheduling model considering electrical energy storage and renewable energy resources,Heliyon,10.1016/j.heliyon.2025.e42417,moo_mes,1,1,0,0,multi-objective; pareto,microgrid,,gwo,,,
dehghanpour_survey_2017,2017,ARTICLE,A survey on smart agent-based microgrids for resilient/self-healing grids,Energies,10.3390/en10050620,moo_mes,1,1,0,0,multi-objective; multiobjective; pareto,microgrid; micro grid; microgrids,,ga,,,
deihimi_interactive_2016,2016,ARTICLE,An interactive operation management of a micro-grid with multiple distributed generations using multi-objective uniform water cycle algorithm,Energy,10.1016/j.energy.2016.03.048,moo_mes,1,1,0,0,multi-objective; multiobjective; pareto; non-dominated; nsga; mopso,micro-grid; micro grid; stand-alone; distributed generation,,ga; nsga; particle swarm; pso; mopso,,,
delgado_multi-objective_2015,2015,ARTICLE,Multi-objective design optimization of hybrid renewablesystems using {UGF},{COMPEL} Int J Comput Math Electr Electron Eng,10.1108/COMPEL-11-2014-0326,moo_only,1,0,0,0,multi-objective; multi objective; multiobjective; non-dominated; nsga,,,genetic algorithm; ga; nsga,,,computation time
deng_energy_2021,2021,INPROCEEDINGS,Energy Consumption Analysis and Multi-objective Operation optimization of Intelligent Building System Based on {TRNSYS}-{MATLAB},Institute of Electrical and Electronics Engineers Inc,10.1109/CEEPE51765.2021.9475667,moo_mes,1,1,0,0,multi-objective; multiobjective; nsga,microgrid; microgrids; cchp; combined cooling heating and power; chp,,ga; nsga,,,
deng_bi-level_2024,2024,ARTICLE,"A bi-level multi-objective optimization approach for carbon policy formulation towards food waste resource treatment from environmental, energy and economic perspectives",Sustain. Future.,10.1016/j.sftr.2024.100310,moo_only,1,0,0,0,multi-objective,,,ga,,,
denysiuk_synthesis_2022,2022,ARTICLE,{SYNTHESIS} {OF} {MODELS} {OF} {LOCAL} {POWER} {SYSTEMS} {WITH} {DISTRIBUTED} {GENERATION} {SOURCES},Tech. Electrodyn.,10.15407/techned2022.04.048,mes_only,0,1,0,0,,microgrid; microgrids; distributed generation,,ga,,,
deveci_cmopso_2020,2020,ARTICLE,A {CMOPSO} based multi-objective optimization of renewable energy planning: Case of Turkey,Renew. Energy,10.1016/j.renene.2020.03.033,moo_only,1,0,1,0,multi-objective; multiobjective; multi-criteria; multi criteria; non-dominated; nondominated; mopso,,multi-criteria decision; multi criteria decision,particle swarm; pso; mopso,,,
di_silvestre_generalized_2014,2014,ARTICLE,A generalized framework for optimal sizing of distributed energy resources in micro-grids using an indicator-based swarm approach,{IEEE} Trans. Ind. Inf.,10.1109/TII.2013.2272945,moo_mes,1,1,0,0,multi-objective; multiobjective; pareto; nsga,microgrid; micro-grid; micro grid; microgrids; distributed energy,,ga; nsga,,,approximate
di_somma_managing_2020,2020,ARTICLE,Managing plug-in electric vehicles in eco-environmental operation optimization of local multi-energy systems,Sustain. Energy Grids Netw.,10.1016/j.segan.2020.100376,moo_mes,1,1,0,0,multi-objective,multi-energy; distributed energy; electric vehicle; electric vehicles,,,,,
dinesh_multi-objective_2024,2024,INCOLLECTION,Multi-Objective Optimization Process to Analyze the Renewable Energy Storage and Distribution System from the Grid,Sustainable Smart Homes and Buildings with Internet of Things,10.1002/9781394231522.ch11,moo_mes,1,1,1,0,multi-objective,microgrid; standalone,ahp,,,,
ding_technical_2022,2022,ARTICLE,"Technical assessment of Multi-generation energy system driven by integrated renewable energy Sources: Energetic, exergetic and optimization approaches",Fuel,10.1016/j.fuel.2022.125689,moo_mes,1,1,0,0,multi-objective; multiobjective,hydrogen,,ga,,,
ding_multi-objective_2021,2021,ARTICLE,Multi-objective Optimal Dispatch of Electricity-Gas-Heat Integrated Energy System Considering Comprehensive Energy Efficiency,Dianli Xitong Zidonghue,10.7500/AEPS20200811002,moo_mes,1,1,0,0,multi-objective; pareto,multi-energy; integrated energy; electricity-gas,,ga,,,
ding_study_2021,2021,ARTICLE,Study on the capacity-operation collaborative optimization for multi-source complementary cogeneration system,Energy Convers. Manage.,10.1016/j.enconman.2021.114920,moo_mes,1,1,0,0,multi-objective; multiobjective; non-dominated,combined heat and power; chp,,genetic algorithm; ga,,,
ding_method_2020,2020,INPROCEEDINGS,A Method for Microgrid Partitioning Based on Integration of Main Network and Microgrid,Institute of Electrical and Electronics Engineers Inc,10.1109/iSPEC50848.2020.9351022,moo_mes,1,1,0,0,multi-objective; multiobjective,microgrid; microgrids; distributed generation,,,,,
ding_multi-objective_2019,2019,ARTICLE,Multi-objective optimization model for a non-traditional energy system in Beijing under climate change conditions,Energies,10.3390/en12091692,moo_only,1,0,0,0,multi-objective; multiobjective,,,,,,
ding_multi-objective_2020,2020,ARTICLE,"Multi-objective optimization for an integrated renewable, power-to-gas and solid oxide fuel cell/gas turbine hybrid system in microgrid",Energy,10.1016/j.energy.2020.118804,moo_mes,1,1,0,0,multi-objective; multiobjective,multi-energy; microgrid; microgrids; hydrogen,,ga,,,
ding_novel_2024,2024,ARTICLE,"A novel physical and data-driven optimization methodology for designing a renewable energy, power to gas and solid oxide fuel cell system based on ensemble learning algorithm",Energy,10.1016/j.energy.2024.134002,moo_mes,1,1,0,0,multi-objective; pareto,multi-energy,,genetic algorithm; ga,,machine learning; data-driven model,
ding_research_2022,2022,ARTICLE,Research on the Home Intelligent Energy Management System Based on Noninvasive Load Monitoring,Mod. Electr. Power,10.19725/j.cnki.1007-2322.2021.0140,moo_mes,1,1,0,0,multi-objective,multi-energy,,particle swarm,,,
dingcheng_sustainable_2023,2023,ARTICLE,"Sustainable and environmentally-friendly multi-generation system of power, cooling, and hydrogen; Multi-objective optimization using particle swarm algorithm",Appl Therm Eng,10.1016/j.applthermaleng.2023.120093,moo_mes,1,1,0,0,multi-objective; multiobjective,hydrogen,,ga; particle swarm,,,
dinh_home_2020,2020,ARTICLE,A Home Energy Management System with Renewable Energy and Energy Storage Utilizing Main Grid and Electricity Selling,{IEEE} Access,10.1109/ACCESS.2020.2979189,moo_only,1,0,0,0,multi-objective; multiobjective,,,particle swarm; pso,,,
dixit_energy_2023,2023,ARTICLE,Energy Management in Microgrids with Renewable Energy Sources and Demand Response,Comput Electr Eng,10.1016/j.compeleceng.2023.108848,moo_mes,1,1,0,0,multi-objective; multiobjective,microgrid; micro grid; microgrids; distributed generation,,genetic algorithm; ga; particle swarm; pso; differential evolution,,,
dixit_s_hybrid_2024,2024,INPROCEEDINGS,Hybrid Renewable Energy System Design using Multi-Objective Optimization,{EDP} Sciences,10.1051/e3sconf/202458101036,moo_mes,1,1,0,0,multi-objective,hybrid renewable energy system,,ga,,,
doagou-mojarrad_probabilistic_2021,2021,ARTICLE,"Probabilistic integrated framework for {AC}/{DC} transmission congestion management considering system expansion, demand response, and renewable energy sources and load uncertainties",Int. Trans. Elecr. Energy Sys.,10.1002/2050-7038.13168,moo_only,1,0,0,0,multi-objective; multiobjective,,,,,,
domyshev_microgrids_2015,2015,INPROCEEDINGS,Microgrids multi-agent control based on power distribution and communication constraints,{IEEE} Computer Society,10.23919/CCC63176.2024.10661762,moo_mes,1,1,0,0,multi-objective; multiobjective,multi-energy; microgrid; microgrids,,,,,
donado_hyres_2019,2019,ARTICLE,{HYRES}: A multi-objective optimization tool for proper configuration of renewable hybrid energy systems,Energies,10.3390/en13010026,moo_mes,1,1,0,0,multi-objective; multiobjective,microgrid; hybrid renewable energy system; hybrid renewable energy systems,,genetic algorithm; ga,,,
dong_dynamic_2023,2023,ARTICLE,{DYNAMIC} {DISPATCHING} {OF} {HYBRID} {ENERGY} {MICROGRIDS} {BASED} {ON} {STRATEGY}-{DRIVEN},Taiyangneng Xuebao,10.19912/j.0254-0096.tynxb.2022-0452,moo_mes,1,1,0,0,multi-objective; multiobjective; nsga,microgrid; microgrids,,ga; nsga; particle swarm; pso,,,
dong_low_2022,2022,ARTICLE,Low Carbon Economic Dispatch of Integrated Energy System Considering Power Supply Reliability and Integrated Demand Response,{CMES} Comput. Model. Eng. Sci.,10.32604/cmes.2022.020394,moo_mes,1,1,0,0,multi-objective; multiobjective,integrated energy,,ga,,deep learning,
dong_green_2022,2022,ARTICLE,Green scheduling of distributed two-stage reentrant hybrid flow shop considering distributed energy resources and energy storage system,Comput Ind Eng,10.1016/j.cie.2022.108146,moo_mes,1,1,0,0,multi-objective; multiobjective; nsga,distributed energy,,ga; nsga,,,
dong_efficient_2024,2024,ARTICLE,An efficient mixed-variable generation operator for integrated energy system configuration optimization,Energy Convers. Manage.,10.1016/j.enconman.2023.117878,moo_mes,1,1,0,0,multi-objective; multi objective; multiobjective; pareto; hypervolume,"integrated energy; combined cooling, heating, and power",,,,neural network,
dong_multi-aspect_2024,2024,ARTICLE,Multi-aspect analysis and optimization of biomass-fueled multi-generation plant,Appl Therm Eng,10.1016/j.applthermaleng.2024.122333,moo_only,1,0,0,0,multi-objective,,,ga; particle swarm,,,
dong_hierarchical_2022,2022,ARTICLE,Hierarchical Multi-objective Planning for Integrated Energy Systems in Smart Parks Considering Operational Characteristics,{CSEE} J. Power Energy Syst.,10.17775/CSEEJPES.2021.02280,moo_mes,1,1,0,0,multi-objective; multi objective; multiobjective; moea,integrated energy,,genetic algorithm; ga; moea,,,
dong_multi-objective_2022,2022,ARTICLE,Multi-objective economic environmental energy management microgrid using hybrid energy storage implementing and developed Manta Ray Foraging Optimization Algorithm,Electr Power Syst Res,10.1016/j.epsr.2022.108181,moo_mes,1,1,0,0,multi-objective; multi objective; multiobjective,microgrid; electric vehicle; electric vehicles,,ga,,,
dong_novel_2024,2024,ARTICLE,A novel multi-objective optimization framework for optimal integrated energy system planning with demand response under multiple uncertainties,Inf Sci,10.1016/j.ins.2024.120252,moo_mes,1,1,0,0,multi-objective; multiobjective; pareto,integrated energy,,particle swarm; pso,,,
dong_optimized_2025,2025,ARTICLE,Optimized design and performance study of hybrid energy systems for building clusters based on image recognition and generative models: A case study of office parks,Energy Build.,10.1016/j.enbuild.2025.115438,moo_only,1,0,0,0,multi-objective; multiobjective,,,spea,,,
dong_performance_2024,2024,ARTICLE,Performance response analysis and optimization for integrated renewable energy systems using biomass and heat pumps: a multi-objective approach,Carbon. Neutrality.,10.1007/s43979-024-00109-4,moo_mes,1,1,0,0,multi-objective; multi objective,multi-energy; multi energy; combined heat and power,,ga,,,
dorahaki_optimizing_2023,2023,ARTICLE,"Optimizing energy payment, user satisfaction, and self-sufficiency in flexibility-constrained smart home energy management: A multi-objective optimization approach",e-Prime - Adv. Elec. Eng. Elec. Energy,10.1016/j.prime.2023.100385,moo_mes,1,1,1,0,multi-objective; multi-criteria,energy communities; combined heat and power; chp; electric vehicle; electric vehicles,mcdm; multi-criteria decision,ga,,,
dorotic_impact_2020,2020,ARTICLE,Impact of wind penetration in electricity markets on optimal power-to-heat capacities in a local district heating system,Renewable Sustainable Energy Rev,10.1016/j.rser.2020.110095,moo_mes,1,1,0,0,multi-objective; multiobjective,district heating,,,,,
dou_multi-agent_2016,2016,ARTICLE,Multi-agent System Based Energy Management Strategies for Microgrid by using Renewable Energy Source and Load Forecasting,Electr. Power Comp. Syst.,10.1080/15325008.2016.1210699,moo_mes,1,1,0,0,multi-objective; multiobjective,microgrid; micro grid; microgrids,,ga; particle swarm; pso,,,
dougier_multi-objective_2021,2021,ARTICLE,Multi-objective non-weighted optimization to explore new efficient design of electrical microgrids,Appl. Energy,10.1016/j.apenergy.2021.117758,moo_mes,1,1,0,0,multi-objective; multi objective; multiobjective,microgrid; micro-grid; microgrids,,genetic algorithm; ga,,,
drabecki_multi-objective_2022,2022,ARTICLE,Multi-Objective Approach for Managing Uncertain Delivery from Renewable Energy Sources within a Peer-to-Peer Energy Balancing Architecture,Energies,10.3390/en15030675,moo_only,1,0,0,0,multi-objective; multiobjective,,,,,,
drogemuller_extended_2022,2022,INPROCEEDINGS,An extended optimization model for decentral multi-energy systems including cold district heating for the integration of renewable heating and cooling,{IEEE} Computer Society,10.1109/ISGT-Europe54678.2022.9960562,moo_mes,1,1,0,0,multiobjective; multi-criteria,multi-energy; district heating,,ga,,,
du_multi-objective_2021,2021,INPROCEEDINGS,Multi-Objective Optimal Dispatch of Integrated Electricity and Heat System,Institute of Electrical and Electronics Engineers Inc,10.1109/iSPEC53008.2021.9735779,moo_only,1,0,0,0,multi-objective; multi objective; multiobjective,,,particle swarm; pso,,,
du_day-ahead_2020,2020,ARTICLE,Day-ahead and intraday optimal control strategies of integrated energy system considering multiple objectives,Electrical Measurement Instrum.,10.19753/j.issn1001-1390.2020.16.019,moo_mes,1,1,0,0,multi-objective,multi-energy; integrated energy,,ga,,,
du_optimizing_2024,2024,ARTICLE,Optimizing integrated hydrogen technologies and demand response for sustainable multi-energy microgrids,Electr Eng,10.1007/s00202-024-02645-9,moo_mes,1,1,0,0,multi-objective; pareto,multi-energy; multi energy; integrated energy; microgrid; microgrids; hydrogen; electric vehicle; electric vehicles,,ga,,,
du_two-stage_2024,2024,ARTICLE,Two-stage multi-objective distributionally robust optimization of the electricity-hydrogen coupling system under multiple markets,Energy,10.1016/j.energy.2024.131960,moo_mes,1,1,0,0,multi-objective; multi objective; multiobjective,hydrogen,,,,,
du_two-stage_2024-1,2024,ARTICLE,Two-stage multi-objective distributionally robust operation optimization and benefits equalization of an off-grid type electric-hydrogen-ammonia-methanol coupling system,Renew. Energy,10.1016/j.renene.2024.121433,moo_mes,1,1,0,0,multi-objective; multiobjective,multi-energy; multi energy; off-grid; hydrogen,,,,,
duan_optimization_2024,2024,ARTICLE,Optimization of a photovoltaic/wind/battery energy-based microgrid in distribution network using machine learning and fuzzy multi-objective improved Kepler optimizer algorithms,Sci. Rep.,10.1038/s41598-024-64234-x,moo_mes,1,1,0,0,multi-objective; multiobjective,microgrid,,genetic algorithm; ga; particle swarm,,neural network; machine learning,
duan_comparative_2023,2023,INPROCEEDINGS,Comparative study of microgrid optimal scheduling under multi-optimization algorithm fusion,Institute of Electrical and Electronics Engineers Inc,10.1109/IFEEA60725.2023.10429466,moo_mes,1,1,0,0,multi-objective; multi objective; multiobjective,microgrid; microgrids,,genetic algorithm; ga; particle swarm; pso,,,
duan_initialization-free_2023,2023,ARTICLE,"An initialization-free distributed algorithm for dynamic economic dispatch problems in microgrid: Modeling, optimization and analysis",Sustain. Energy Grids Netw.,10.1016/j.segan.2023.101004,moo_mes,1,1,0,0,multi-objective; multiobjective,microgrid; microgrids,,,,,
duman_development_2021,2021,ARTICLE,Development of the Multi-Objective Adaptive Guided Differential Evolution and optimization of the {MO}-{ACOPF} for wind/{PV}/tidal energy sources,Appl. Soft Comput. J.,10.1016/j.asoc.2021.107814,moo_only,1,0,0,0,multi-objective; multiobjective; pareto; non-dominated,,,pso; differential evolution,,,
easa_s_study_2022,2022,INPROCEEDINGS,Study on multi-objective optimal operation of integrated energy system considering electric heating and air conditioning complementarity,{SPIE},10.1117/12.2645872,moo_mes,1,1,0,0,multi-objective; multi objective; multiobjective,multi energy; integrated energy,,,,,
ebadat-parast_stochastic_2022,2022,INPROCEEDINGS,Stochastic multi-objective optimization with the aim of household energy management,Institute of Electrical and Electronics Engineers Inc,10.1109/ICREDG54199.2022.9804529,moo_mes,1,1,0,0,multi-objective; multiobjective; pareto; non-dominated,energy hub,,ga,,,
ebadat-parast_distribution_2022,2022,ARTICLE,Distribution system resilience enhancement through resilience-oriented optimal scheduling of multi-microgrids considering normal and emergency conditions interlink utilizing multi-objective programming,Sustainable Cities Soc.,10.1016/j.scs.2021.103467,moo_mes,1,1,0,0,multi-objective; multiobjective,microgrid; micro-grid; microgrids; distributed energy; electric vehicle; electric vehicles,,ga,,,
ebadi_multi-criteria_2024,2024,ARTICLE,Multi-Criteria Decision Making in Optimal Operation Problem of Unbalanced Distribution Networks Integrated With Photovoltaic Units,{IEEE} Access,10.1109/ACCESS.2024.3394868,moo_only,1,0,1,0,multi-objective; multiobjective; multi-criteria; multi criteria; multicriteria,,multi-criteria decision; multi criteria decision; multicriteria decision,,,,
ebadollahi_development_2022,2022,INPROCEEDINGS,Development of a novel flexible multigeneration energy system for meeting the energy needs of remote areas,Elsevier Ltd,10.1016/j.renene.2022.08.025,moo_only,1,0,0,0,multi-objective,,,ga,,,
ebadollahi_flexibility_2022,2022,ARTICLE,Flexibility concept in design of advanced multi-energy carrier systems driven by biogas fuel for sustainable development,Sustainable Cities Soc.,10.1016/j.scs.2022.104121,moo_mes,1,1,0,0,multi-objective; multiobjective,multi-energy; hydrogen,,ga,,,
ebrahimi_multi-objective_2021,2021,ARTICLE,A multi-objective decision model for residential building energy optimization based on hybrid renewable energy systems,Int. J. Green Energy,10.1080/15435075.2021.1880911,moo_mes,1,1,0,0,multi-objective; multi objective; multiobjective; non-dominated; nsga,hybrid renewable energy system; hybrid renewable energy systems,,genetic algorithm; ga; nsga,,,
ebrahimi_stochastic_2022,2022,ARTICLE,Stochastic scheduling of energy storage systems in harmonic polluted active distribution networks,{IET} Gener. Transm. Distrib.,10.1049/gtd2.12631,moo_only,1,0,1,0,multi-objective; multiobjective; mopso,,topsis,ga; particle swarm; pso; mopso,,,
ebrie_reinforcement_2024,2024,ARTICLE,Reinforcement learning-based optimization for power scheduling in a renewable energy connected grid,Renew. Energy,10.1016/j.renene.2024.120886,moo_only,1,0,0,0,multi-objective; multiobjective; non-dominated; nsga; moea,,,genetic algorithm; ga; nsga; grey wolf; gwo; moea,,deep learning; machine learning; learning-based,
eggers_multi-objective_2019,2019,INPROCEEDINGS,Multi-objective Parameter Optimization of Multiple {VSG} and Droop Controlled Inverters for Grid-connected and Islanded Operation,Institute of Electrical and Electronics Engineers Inc,10.1109/COMPEL.2019.8769648,moo_mes,1,1,0,0,multi-objective; multiobjective,microgrid; micro grid,,ga; particle swarm; pso,,,
eichelbeck_fair_2025,2025,ARTICLE,Fair Cost Allocation in Energy Communities Under Forecast Uncertainty,{IEEE} Open Access J. Power Energy,10.1109/OAJPE.2024.3520418,moo_mes,1,1,0,0,multi-objective; pareto,energy community; energy communities,,,,,
eid_role_2024,2024,ARTICLE,The role of battery energy storage in mitigating demand fluctuations of distribution networks caused by uncertain weather conditions using multi-objective Bonobo Optimizer,Neural Comput. Appl.,10.1007/s00521-024-09686-y,moo_only,1,0,0,0,multi-objective; multiobjective,,,ga,,,train on
eid_multi-objective_2020,2020,INCOLLECTION,Multi-objective Archimedes Optimization Algorithm for Optimal Allocation of Renewable Energy Sources in Distribution Networks,Lecture Notes in Networks and Systems,10.1007/978-3-030-73882-2_7,moo_mes,1,1,0,0,multi-objective; pareto; non-dominated,distributed generation,,particle swarm; pso,,,
eid_efficient_2022,2022,ARTICLE,"Efficient operation of battery energy storage systems, electric-vehicle charging stations and renewable energy sources linked to distribution systems",J. Energy Storage,10.1016/j.est.2022.105644,moo_mes,1,1,0,0,multi-objective; multiobjective,electric vehicle; electric vehicles,,,,,
eid_optimization_2025,2025,ARTICLE,Optimization and machine learning analysis of a small-scale oscillating water column ({OWC}) in regular waves: A computational study,Renewable Sustainable Energy Rev,10.1016/j.rser.2025.115577,moo_only,1,0,0,1,multi-objective; multiobjective,,,ga,response surface,machine learning,
el_fadli_multi-objective_2025,2025,ARTICLE,Multi-objective optimization and improved decision-making in renewable energy investments for enhancing wind turbine selection: Framework and a case study,Energy Convers. Manage.,10.1016/j.enconman.2024.119464,moo_only,1,0,1,0,multi-objective; multi-criteria; multi criteria; multicriteria,,mcdm; multi-criteria decision; multi criteria decision; multicriteria decision; promethee,ga,,,
el_hafdaoui_influence_2020,2020,INCOLLECTION,Influence of Space Limitations on Optimal Sizing of Grid-Connected Hybrid Renewable Energy Generation,Lecture Notes in Networks and Systems,10.1007/978-3-031-68660-3_35,moo_mes,1,1,0,0,multi-objective; pareto,hybrid renewable energy system; hybrid renewable energy systems,,ga,,,
el_hafdaoui_controlled_2025,2025,ARTICLE,Controlled Non-Dominated Sorting Genetic Algorithms for Multi-Objective Optimal Design of Standalone and Grid-Connected Renewable Energy Systems in Integrated Energy Sectors,{IEEE} Access,10.1109/ACCESS.2025.3530084,moo_mes,1,1,0,0,multi-objective; pareto; non-dominated,integrated energy; standalone,,genetic algorithm; ga,,,
eladl_optimal_2020,2020,ARTICLE,Optimal operation of energy hubs integrated with renewable energy sources and storage devices considering {CO}2 emissions,Int J Electr Power Energy Syst,10.1016/j.ijepes.2019.105719,moo_mes,1,1,0,0,multi-objective; multiobjective,energy hub; combined heat and power,,genetic algorithm; ga,,,
elaiw_solving_2012,2012,INPROCEEDINGS,Solving dynamic economic emission dispatch problem with valve-point effects using hybrid {DE}-{SQP},,10.1109/PowerAfrica.2012.6498646,moo_only,1,0,0,0,multi-objective; multiobjective,,,differential evolution,,,
elango_multiobjective_2022,2022,ARTICLE,"Multiobjective optimization model for renewable energy sources and load demands uncertainty consideration for optimal design of hybrid combined cooling, heating, and power systems",Int J Energy Res,10.1002/er.7684,moo_mes,1,1,0,0,multi-objective; multiobjective,"cchp; combined cooling, heating, and power; combined cooling heating and power; chp",,ga; particle swarm; pso,,,computation time
elattar_probabilistic_2020,2020,ARTICLE,Probabilistic energy management with emission of renewable micro-grids including storage devices based on efficient salp swarm algorithm,Renew. Energy,10.1016/j.renene.2020.01.144,moo_mes,1,1,0,0,multi-objective; multiobjective,micro-grid; micro grid,,,,,speed up
el-azab_allocation_2020,2020,ARTICLE,Allocation of {FACTS} devices using a probabilistic multi-objective approach incorporating various sources of uncertainty and dynamic line rating,{IEEE} Access,10.1109/ACCESS.2020.3023744,moo_only,1,0,0,0,multi-objective; multiobjective; pareto,,,,,learning-based,
elbaz_multi-objective_2021,2021,ARTICLE,"Multi-Objective Optimization Method for Proper Configuration of Grid-Connected {PV}-Wind Hybrid System in Terms of Ecological Effects, Outlay, and Reliability",J. Electr. Eng. Technol.,10.1007/s42835-020-00635-y,moo_only,1,0,0,0,multi-objective; multiobjective,,,ga; bat algorithm,,,
elbeheiry_techno-economic_2009,2009,INPROCEEDINGS,A Techno-Economic Study of Rooftop Grid-Connected Photovoltaic-Energy Storage Systems in Qatar,,10.1109/PVSC45281.2020.9300347,moo_only,1,0,0,0,multi-objective; multiobjective; pareto,,,,,,
el-bidairi_impact_2018,2018,INPROCEEDINGS,Impact of Tidal Energy on Battery Sizing in Standalone Microgrids: A Case Study,Institute of Electrical and Electronics Engineers Inc,,moo_mes,1,1,0,0,multi-objective; multiobjective,microgrid; micro grid; microgrids; standalone,,ga; grey wolf; gwo,,,
el-ghazaly_techno-economic_2025,2025,ARTICLE,Techno-economic utilization of hybrid optimized gravity-supercapacitor energy-storage system for enriching the stability of grid-connected renewable energy sources,J. Energy Storage,10.1016/j.est.2024.115002,moo_mes,1,1,0,0,multi-objective,standalone,,genetic algorithm; ga; particle swarm; pso,,,
elkholy_experimental_2023,2023,ARTICLE,Experimental validation of an {AI}-embedded {FPGA}-based Real-Time smart energy management system using Multi-Objective Reptile search algorithm and gorilla troops optimizer,Energy Convers. Manage.,10.1016/j.enconman.2023.116860,moo_mes,1,1,0,0,multi-objective; multiobjective,microgrid; electric vehicle,,ga,,,
elkholy_optimal_2024,2024,ARTICLE,Optimal resilient operation and sustainable power management within an autonomous residential microgrid using African vultures optimization algorithm,Renew. Energy,10.1016/j.renene.2024.120247,moo_mes,1,1,0,0,multi-objective; multiobjective,microgrid; microgrids; electric vehicle,,ga,,,
elkholy_harmonic_2018,2018,ARTICLE,Harmonic analysis of hybrid renewable microgrids comprising optimal design of passive filters and uncertainties,Electr Power Syst Res,10.1016/j.epsr.2018.07.023,moo_mes,1,1,1,0,multi-objective; multiobjective; pareto,microgrid; micro grid; microgrids,topsis,genetic algorithm; ga,,,
elmalky_pareto_2024,2024,INPROCEEDINGS,Pareto Optimization for Enhanced Building Energy Efficiency and Bioenergy Generation,Institute of Electrical and Electronics Engineers Inc,10.1109/SGRE59715.2024.10458419,moo_only,1,0,0,0,multi-objective; multiobjective; pareto,,,ga,,,
elnozahy_efficient_2021,2021,ARTICLE,Efficient metaheuristic Utopia-based multi-objective solutions of optimal battery-mix storage for microgrids,J. Clean. Prod.,10.1016/j.jclepro.2021.127038,moo_mes,1,1,0,0,multi-objective; multi objective; multiobjective,microgrid; microgrids,,ga; particle swarm; pso,,neural network,
elomari_data-driven_2024,2024,ARTICLE,A data-driven framework for designing a renewable energy community based on the integration of machine learning model with life cycle assessment and life cycle cost parameters,Appl. Energy,10.1016/j.apenergy.2024.122619,moo_mes,1,1,1,0,multi-objective; multiobjective; multi-criteria; multi criteria; multicriteria,energy community; energy communities,multi-criteria decision; multi criteria decision; multicriteria decision,,,machine learning; data-driven model,
elomari_multi-objective_2024,2024,INPROCEEDINGS,"A Multi-Objective Approach for Optimizing Technical, Environmental, and Economic Impact of Energy Communities: A Case Study of a Residential Community in Tarragona",{ECOS} 2024,10.52202/077185-0121,moo_mes,1,1,1,0,multi-objective; multi objective; multi-criteria,energy community; energy communities,mcdm; multi-criteria decision,ga,,,
eloranta_case_2021,2021,ARTICLE,Case study and feasibility analysis of multi‐objective life cycle energy system optimization in a nordic campus building,Energies,10.3390/en14227742,moo_only,1,0,0,0,multi objective; multiobjective,,,,,,
elsakaan_optimal_2020,2020,ARTICLE,Optimal economic–emission power scheduling of {RERs} in {MGs} with uncertainty,{IET} Gener. Transm. Distrib.,10.1049/iet-gtd.2019.0739,moo_mes,1,1,0,0,multi-objective; multiobjective,microgrid; microgrids,,,,,emulate
elseify_probabilistic_2023,2023,ARTICLE,Probabilistic optimal planning of multiple photovoltaics and battery energy storage systems in distribution networks: A boosted equilibrium optimizer with time-variant load models,J. Energy Storage,10.1016/j.est.2023.108986,moo_mes,1,1,0,0,multi-objective; multiobjective,distributed generation,,,,,
elshazly_reinforcement_2024,2024,ARTICLE,Reinforcement Learning for Fair and Efficient Charging Coordination for Smart Grid,Energies,10.3390/en17184557,moo_only,1,0,0,0,multi-objective,,,,,,
elshenawy_improving_2022,2022,ARTICLE,Improving frequency response for {AC} interconnected microgrids containing renewable energy resources,Front. Energy Res.,10.3389/fenrg.2022.1035097,moo_mes,1,1,0,0,multi-objective; multiobjective,microgrid; microgrids,,ga; particle swarm; pso,,,
elshenawy_optimal_2022,2022,ARTICLE,Optimal Power Management of Interconnected Microgrids Using Virtual Inertia Control Technique,Energies,10.3390/en15197026,moo_mes,1,1,0,0,multi-objective; multiobjective,microgrid; microgrids,,ga; particle swarm; pso,,,
er_designing_2024,2024,ARTICLE,Designing an optimal multi-energy system with fast charging and hydrogen refueling station under uncertainties,Sustain. Energy Grids Netw.,10.1016/j.segan.2024.101403,moo_mes,1,1,0,0,multi-objective; multiobjective,multi-energy; hydrogen; electric vehicle; electric vehicles,,,,,approximate
er_stochastic_2024,2024,ARTICLE,Stochastic optimal design of a rural microgrid with hybrid storage system including hydrogen and electric cars using vehicle-to-grid technology,J. Energy Storage,10.1016/j.est.2023.109747,moo_mes,1,1,0,0,multi-objective; multiobjective,multi-energy; microgrid; hydrogen; electric vehicle; electric vehicles,,,,,approximate
eren_uncertainty-aware_2022,2022,ARTICLE,Uncertainty-aware non-supplied load minimization oriented demand response program for {PV}/{FC} power system with electrolyzer back-up,Int J Hydrogen Energy,10.1016/j.ijhydene.2022.01.072,moo_mes,1,1,0,0,multi-objective; multiobjective,off-grid; hydrogen,,ga,,,accelerate
esfahani_optimal_2020,2020,ARTICLE,Optimal power routing scheme between and within interlinking converters in unbalanced hybrid {AC}–{DC} microgrids,{IET} Gener. Transm. Distrib.,10.1049/iet-gtd.2019.0061,moo_mes,1,1,0,0,multi-objective; multiobjective,microgrid; microgrids,,,,,
eslahi_day-ahead_2020,2020,ARTICLE,Day-Ahead Scheduling of Centralized Energy Storage System by Proposed Stochastic {MINLP}-Based Bi-Objective Optimization Approach,Electr. Power Comp. Syst.,10.1080/15325008.2020.1854376,moo_only,1,0,0,0,multi-objective; pareto,,,,,,
espinosa-juarez_environmental-economic_2020,2020,INPROCEEDINGS,Environmental-Economic Dispatch with Renewable Sources Forecasting and Energy Storage,Institute of Electrical and Electronics Engineers Inc,10.1109/CSCI51800.2020.00255,moo_only,1,0,0,0,multi-objective,,,,,,
espiritu_solving_2011,2011,INPROCEEDINGS,Solving the renewable energy system integration problem considering multiple objectives,Institute of Industrial Engineers,,moo_only,1,0,0,0,multi-objective; multiobjective; pareto,,,ga,,,replace
eswari_five_2019,2019,ARTICLE,Five objective optimization using naïve \& sorting genetic algorithm ({NSGA}) for green microalgae culture conditions for biodiesel production,Recent Innov. Chem. Eng.,10.2174/2405520412666190124163629,moo_only,1,0,0,1,multi-objective; multiobjective; nsga,,,genetic algorithm; ga; nsga,response surface,regression model,
fakih_bi-level_2023,2023,ARTICLE,Bi-level and multi-objective optimization of renewable energy sources and storage planning to support existing overloaded electricity grids,Energy Rep.,10.1016/j.egyr.2023.08.015,moo_only,1,0,0,0,multi-objective; multiobjective,,,particle swarm; pso,,,
fan_energy_2022,2022,ARTICLE,Energy management strategies and multi-objective optimization of a near-zero energy community energy supply system combined with hybrid energy storage,Sustainable Cities Soc.,10.1016/j.scs.2022.103970,moo_mes,1,1,0,0,multi-objective; multiobjective,energy community; hydrogen,,,,,
fan_multi-aspect_2021,2021,ARTICLE,Multi-aspect analysis and multi-objective optimization of a solar/geothermal-assisted power and freshwater cogeneration plant,J. Clean. Prod.,10.1016/j.jclepro.2021.129593,moo_only,1,0,0,0,multi-objective; multiobjective; non-dominated; nsga,,,genetic algorithm; ga; nsga,,,
fan_multi-objective_2018,2018,ARTICLE,Multi-objective stochastic optimal operation of a grid-connected microgrid considering an energy storage system,Appl. Sci.,10.3390/app8122560,moo_mes,1,1,0,0,multi-objective,microgrid,,ga,,,
fan_complementary_2023,2023,ARTICLE,Complementary potential of wind-solar-hydro power in Chinese provinces: Based on a high temporal resolution multi-objective optimization model,Renewable Sustainable Energy Rev,10.1016/j.rser.2023.113566,moo_mes,1,1,0,0,multi-objective; multiobjective; nondominated,multi-energy,,genetic algorithm,,,
fan_optimal_2024,2024,ARTICLE,Optimal allocation of multiple energy storage in the integrated energy system of a coastal nearly zero energy community considering energy storage priorities,J. Energy Storage,10.1016/j.est.2024.111323,moo_mes,1,1,0,0,multi-objective; multiobjective,integrated energy; energy community; energy communities,,,,,
fan_hybrid_2018,2018,INPROCEEDINGS,The hybrid energy storage microgrid optimization operation considering the battery health state,Institute of Electrical and Electronics Engineers Inc,10.1109/ICPRE.2017.8390627,moo_mes,1,1,0,0,multi-objective; multiobjective,microgrid; micro grid,,,,,
fan_multi-objective_2021,2021,ARTICLE,Multi-objective Optimal Model of Rural Multi-energy Complementary System with Biogas Cogeneration and Electric Vehicle Considering Carbon Emission and Satisfaction,Sustainable Cities Soc.,10.1016/j.scs.2021.103225,moo_mes,1,1,0,0,multi-objective; multi objective; multiobjective; pareto,multi-energy; multi energy; electric vehicle; electric vehicles,,ga,,,
fan_geothermal_2023,2023,ARTICLE,Geothermal assisted Rankine cycle for performance enhancement of a biomass-driven power plant; Thermoeconomic and environmental impact assessment,Process Saf. Environ. Prot.,10.1016/j.psep.2023.05.008,moo_only,1,0,0,0,multiobjective; multi-criteria,,,ga,,,
fan_short-term_2024,2024,ARTICLE,Short-term stochastic multi-objective optimization scheduling of wind-solar-hydro hybrid system considering source-load uncertainties,Appl. Energy,10.1016/j.apenergy.2024.123781,moo_mes,1,1,0,0,multi-objective; multi objective; multiobjective; pareto,multi-energy,,ga,,deep learning,
fan_multi-objective_2023,2023,ARTICLE,A Multi-Objective Optimal Configuration Method for Microgrids Considering Zero-Carbon Operation,{IEEE} Access,10.1109/ACCESS.2023.3303926,moo_mes,1,1,0,0,multi-objective; multiobjective,microgrid; microgrids,,ga,,,
fang_twolayer_2024,2024,ARTICLE,Two‑layer multi‑objective optimal dispatching of microgrid group with electric vehicles under time‑of‑use electricity prices,J. Electr. Power. Sci. Technol.,10.19781/j.issn.1673-9140.2024.01.012,moo_mes,1,1,0,0,multi-objective; multiobjective; nsga,microgrid; microgrids; electric vehicle; electric vehicles,,ga; nsga; particle swarm,,,
fang_optimal_2018,2018,ARTICLE,Optimal capacity determination method based on day-ahead scheduling and real-time control,Dianli Xitong Baohu yu Kongzhi,10.7667/PSPC171752,moo_mes,1,1,0,0,multi-objective,microgrid; micro-grid,,ga; particle swarm,,,
fang_multiobjective_2019,2019,ARTICLE,Multiobjective Coordinated Scheduling of Energy and Flight for Hybrid Electric Unmanned Aircraft Microgrids,{IEEE} Trans Ind Electron,10.1109/TIE.2018.2860569,moo_mes,1,1,0,0,multi-objective; multiobjective,microgrid; micro grid; microgrids,,ga,,,
fang_two-step_2019,2019,ARTICLE,Two-Step Multi-Objective Management of Hybrid Energy Storage System in All-Electric Ship Microgrids,{IEEE} Trans. Veh. Technol.,10.1109/TVT.2019.2898461,moo_mes,1,1,0,0,multi-objective; multiobjective,microgrid; micro grid; microgrids,,,,,
fang_multi-objective_2023,2023,INPROCEEDINGS,Multi-objective Optimization Method of Electric and Hydrogen Energy System Considering Uncertain Scenarios,Institute of Electrical and Electronics Engineers Inc,10.1109/ACPEE56931.2023.10135691,moo_mes,1,1,0,0,multi-objective; multiobjective,integrated energy; hydrogen,,genetic algorithm,,,
fang_distributed_2024,2024,INPROCEEDINGS,Distributed Photovoltaic Storage Cluster Multi-Objective Optimization Scheduling Strategy Based on Improved Bat Algorithm,Institute of Electrical and Electronics Engineers Inc,10.1109/ICESEP62218.2024.10652041,moo_mes,1,1,0,0,multi-objective,distributed energy,,bat algorithm,,,
farahani_use_2021,2021,INPROCEEDINGS,The use of {NSGA} - {II} for optimal placement and management of renewable energy sources when considering network uncertainty and fault current limiters,Institute of Electrical and Electronics Engineers Inc,10.1109/ICEE52715.2021.9544336,moo_only,1,0,0,0,multi-objective; multiobjective; non-dominated; nondominated; nsga,,,genetic algorithm; ga; nsga,,machine learning; support vector,
farajollahi_thermodynamic_2023,2023,ARTICLE,Thermodynamic and economic evaluation and optimization of the applicability of integrating an innovative multi-heat recovery with a dual-flash binary geothermal power plant,Clean Technol. Environ. Policy,10.1007/s10098-023-02465-8,moo_mes,1,1,0,0,multi-objective; multiobjective; non-dominated; nsga,stand-alone; hydrogen,,genetic algorithm; ga; nsga,,,
farhoodnea_optimum_2014,2014,ARTICLE,Optimum placement of active power conditioners by a dynamic discrete firefly algorithm to mitigate the negative power quality effects of renewable energy-based generators,Int J Electr Power Energy Syst,10.1016/j.ijepes.2014.03.062,moo_mes,1,1,0,0,multi-objective,electric vehicle; electric vehicles,,genetic algorithm; ga; particle swarm; pso,,,
faria_optimal_2023,2023,ARTICLE,Optimal Sizing of Renewable Energy Communities: A Multiple Swarms Multi-Objective Particle Swarm Optimization Approach,Energies,10.3390/en16217227,moo_mes,1,1,0,0,multi-objective; multi objective; multiobjective; pareto; mopso,energy community; energy communities,,ga; particle swarm; pso; mopso,,,
fathi_multi-objective_2015,2015,INPROCEEDINGS,Multi-Objective optimization of islanded microgrids,Institute of Electrical and Electronics Engineers Inc,10.1109/ICECCT.2015.7225988,moo_mes,1,1,0,0,multi-objective; multiobjective; nsga,microgrid; micro grid; microgrids; distributed energy,,genetic algorithm; ga; nsga,,,
fathi_adaptive_2013,2013,ARTICLE,Adaptive energy consumption scheduling for connected microgrids under demand uncertainty,{IEEE} Trans Power Delivery,10.1109/TPWRD.2013.2257877,moo_mes,1,1,0,0,multi-objective; multi objective,microgrid; micro grid; microgrids,,,,,
fatule_co-optimizing_2021,2021,INPROCEEDINGS,Co-Optimizing Operating Cost and Renewable Energy Curtailment in D-{FACTS} Allocation,Institute of Electrical and Electronics Engineers Inc,10.1109/NAPS52732.2021.9654439,moo_only,1,0,0,0,multi-objective; multiobjective,,,ga,,,
fauvel_flexible_2018,2018,ARTICLE,A flexible design methodology to solve energy management problems,Int J Electr Power Energy Syst,10.1016/j.ijepes.2017.11.005,moo_mes,1,1,0,0,multi-objective; multiobjective,multi-energy,,ga,,,
feng_bi-level_2022,2022,INPROCEEDINGS,Bi-level optimal configuration of multi-energy microgrid under multiple scenarios,Institute of Electrical and Electronics Engineers Inc,10.1109/IMCEC55388.2022.10020136,moo_mes,1,1,0,0,multi-objective; multiobjective; nsga,multi-energy; microgrid,,ga; nsga,,,
feng_optimal_2022,2022,INPROCEEDINGS,Optimal Scheduling of {MulEnergy} Microgrid Considering Source - Load Uncertainty,Institute of Electrical and Electronics Engineers Inc,10.1109/IMCEC55388.2022.10020009,moo_mes,1,1,0,0,multi-objective; multiobjective,multi-energy; multi energy; microgrid,,,,,
feng_multi-objective_2020,2020,ARTICLE,Multi-Objective Economic Scheduling of a Shipboard Microgrid Based on Self-Adaptive Collective Intelligence de Algorithm,{IEEE} Access,10.1109/ACCESS.2020.2988530,moo_mes,1,1,0,0,multi-objective; multiobjective,microgrid; microgrids,,differential evolution; de algorithm,,,
feng_research_2023,2023,INPROCEEDINGS,Research and Application of Optimal Control Method for Solar Heat Storage Microgrid System,Institute of Electrical and Electronics Engineers Inc,10.1109/PEAS58692.2023.10395190,moo_mes,1,1,0,0,multi-objective; multiobjective,microgrid,,particle swarm; pso,,,
ferreira_multiobjective_2017,2017,INPROCEEDINGS,Multiobjective approach for power flow and unbalance control in low-voltage networks considering distributed energy resources,Institute of Electrical and Electronics Engineers Inc,10.1109/COBEP.2017.8257261,moo_mes,1,1,0,0,multi-objective; multiobjective,microgrid; micro grid; distributed energy; distributed generation,,genetic algorithm,,,
ferreira_preference_2020,2020,ARTICLE,Preference cone based multi-objective evolutionary algorithm to optimal management of distribuited energy resources in microgrids,Appl. Energy,10.1016/j.apenergy.2020.115326,moo_mes,1,1,0,0,multi-objective; multi objective; multiobjective; moea,microgrid; microgrids; distributed energy; distributed generation,,moea,,,
filipic_evolutionary_2012,2012,INPROCEEDINGS,Evolutionary multiobjective design of an alternative energy supply system,,,moo_only,1,0,0,0,multi-objective; multiobjective; pareto,,,differential evolution,,,
fina_economic_2018,2018,ARTICLE,Economic Assessment and Business Models of Rooftop Photovoltaic Systems in Multiapartment Buildings: Case Studies for Austria and Germany,Journal of Renewable Energy,10.1155/2018/9759680,out,0,0,0,0,,,,,,,
finke_implementing_2023,2023,ARTICLE,Implementing a highly adaptable method for the multi-objective optimisation of energy systems,Appl. Energy,10.1016/j.apenergy.2022.120521,moo_only,1,0,0,0,multi-objective; multiobjective; pareto,,,ga,,,
finke_modelling_2024,2024,ARTICLE,Modelling to generate near-Pareto-optimal alternatives ({MGPA}) for the municipal energy transition,Appl. Energy,10.1016/j.apenergy.2024.124126,moo_only,1,0,0,0,multi-objective; pareto,,,ga,,,
fiorini_automatic_2022,2022,ARTICLE,Automatic optimal multi-energy management of smart homes,Energy. Inform.,10.1186/s42162-022-00253-0,moo_mes,1,1,0,0,multi-objective; multiobjective,multi-energy; multi energy,,,,,approximate
fioriti_coupling_2021,2021,ARTICLE,Coupling economic multi-objective optimization and multiple design options: A business-oriented approach to size an off-grid hybrid microgrid,Int J Electr Power Energy Syst,10.1016/j.ijepes.2020.106686,moo_mes,1,1,1,0,multi-objective; multiobjective; pareto; mopso,microgrid; microgrids; off-grid,mcdm,particle swarm; pso; mopso,,,
fioriti_multiple_2022,2022,ARTICLE,Multiple design options for sizing off-grid microgrids: A novel single-objective approach to support multi-criteria decision making,Sustain. Energy Grids Netw.,10.1016/j.segan.2022.100644,moo_mes,1,1,1,0,multi-objective; multiobjective; multi-criteria; pareto,microgrid; microgrids; off-grid; stand-alone,multi-criteria decision,ga; particle swarm; pso,,,
fioriti_clustering_2022,2022,INPROCEEDINGS,Clustering approaches to select Multiple Design Options in multi-objective optimization: an application to rural microgrids,Institute of Electrical and Electronics Engineers Inc,10.1109/SEST53650.2022.9898440,moo_mes,1,1,0,0,multi-objective; multi objective; multiobjective; pareto; mopso,microgrid; microgrids; off-grid,,ga; particle swarm; pso; mopso,,,
firouzmakan_comprehensive_2019,2019,ARTICLE,"A comprehensive stochastic energy management system of micro-{CHP} units, renewable energy sources and storage systems in microgrids considering demand response programs",Renewable Sustainable Energy Rev,10.1016/j.rser.2019.04.001,moo_mes,1,1,0,0,multi-objective; multiobjective,microgrid; microgrids; chp,,ga,,,
fischer_optimal_2019,2019,INPROCEEDINGS,Optimal Sustainable Transport Solutions Integrated into a Nordic Municipal Energy System,Institute of Electrical and Electronics Engineers Inc,10.1109/NORPIE55843.2019.9967834,moo_only,1,0,0,0,multi-objective; multiobjective; moea,,,ga; moea,,,
fischer_towards_2020,2020,ARTICLE,Towards optimal sustainable energy systems in Nordic municipalities,Energies,10.3390/en13020290,moo_only,1,0,0,0,multi-objective; multi objective; multiobjective,,,,,,
fito_robustness_2022,2022,ARTICLE,Robustness of district heating versus electricity-driven energy system at district level: A multi-objective optimization study,Smart Energy,10.1016/j.segy.2022.100073,moo_mes,1,1,0,0,multi-objective; multiobjective,multi-energy; multi energy; district heating,,ga,,,
fleischhacker_portfolio_2019,2019,ARTICLE,Portfolio optimization of energy communities to meet reductions in costs and emissions,Energy,10.1016/j.energy.2019.02.104,moo_mes,1,1,0,0,pareto,energy community; energy communities; distributed energy,,,,,
fonseca_multi-criteria_2021,2021,ARTICLE,Multi-criteria optimization for the design and operation of distributed energy systems considering sustainability dimensions,Energy,10.1016/j.energy.2020.118989,moo_mes,1,1,0,0,multi-criteria,distributed energy; distributed generation; hydrogen,,ga,,,
fonseca_sustainability_2021,2021,ARTICLE,Sustainability analysis for the design of distributed energy systems: A multi-objective optimization approach,Applied Energy,10.1016/j.apenergy.2021.116746,moo_mes,1,1,0,0,multi-objective; pareto; non-dominated,distributed energy; hydrogen,,ga,,,
foroozandeh_goal_2022,2022,ARTICLE,Goal Programming Approach for Energy Management of Smart Building,{IEEE} Access,10.1109/ACCESS.2022.3153341,moo_mes,1,1,0,0,multi-objective; multi objective; multiobjective,electric vehicle; electric vehicles,,,,,
fragoso_increasing_2023,2023,ARTICLE,"Increasing {RES} penetration through H2 technologies on Flores island, Azores: A techno-economic analysis",Int J Hydrogen Energy,10.1016/j.ijhydene.2023.02.055,moo_mes,1,1,0,0,multi-objective; multiobjective,hydrogen,,genetic algorithm; ga,,,
freire-gormaly_optimization_2015,2015,INPROCEEDINGS,Optimization of renewable energy power systems for remote communities,American Society of Mechanical Engineers ({ASME}),10.1115/DETC201547509,moo_only,1,0,0,0,multi-objective; multiobjective,,,genetic algorithm,,,
frieden_multi-objective_2024,2024,ARTICLE,A multi-objective analysis of grid-connected local renewable energy systems for industrial {SMEs},J. Energy Storage,10.1016/j.est.2024.113033,moo_only,1,0,0,0,multi-objective; multiobjective; pareto,,,,,,approximate
fu_power_2023,2023,ARTICLE,Power Allocation Strategy of {DC} Microgrid All Vanadium Redox Flow Battery Energy Storage System Based on A-{SA}-{WOA} Algorithm,Diangong Jishu Xuebao,10.19595/j.cnki.1000-6753.tces.211855,moo_mes,1,1,0,0,multi-objective; multi objective; multiobjective,microgrid,,ga,,,
fu_designing_2024,2024,ARTICLE,Designing {CO}2 reduction microreactor systems under fluctuating renewable H2 supply by multi-objective stochastic optimization,Appl. Energy,10.1016/j.apenergy.2023.122482,moo_mes,1,1,0,0,multi-objective; multi objective; multiobjective,hydrogen,,ga,,,
fu_hierarchical_2022,2022,ARTICLE,Hierarchical numbering-up of modular reactors: A multi-objective optimization approach,Chem. Eng. J.,10.1016/j.cej.2022.137781,moo_only,1,0,0,0,multi-objective; multiobjective,,,,,,
fu_multi-objective_2023,2023,ARTICLE,Multi-objective design optimization of microreactor arrays for distributed renewable energy conversion: A case study,{AIChE} J.,10.1002/aic.18190,moo_only,1,0,0,0,multi-objective; multiobjective; pareto,,,ga,,,
fuentes-cortes_integration_2018,2018,ARTICLE,Integration of distributed generation technologies on sustainable buildings,Appl. Energy,10.1016/j.apenergy.2018.04.110,moo_mes,1,1,0,0,multi-objective; multi objective; multiobjective,distributed generation; combined heat and power,,ga,,,
fuentes-cortes_integrated_2019,2019,ARTICLE,Integrated utility pricing and design of water-energy rural off-grid systems,Energy,10.1016/j.energy.2019.04.026,moo_mes,1,1,0,0,multi-objective; multiobjective,off-grid; combined heat and power; chp,,ga,,,
fuentes-cortes_optimal_2019,2019,ARTICLE,Optimal sustainable water-Energy storage strategies for off-grid systems in low-income communities,Comput. Chem. Eng.,10.1016/j.compchemeng.2018.12.023,moo_mes,1,1,0,0,multi-objective; multiobjective,off-grid,,,,,
fuentes-cortes_renewable_2023,2023,INCOLLECTION,The renewable energy-water-environment nexus analysis,"The Renewable Energy-Water-Environment Nexus: Fundamentals, Technology, and Policy",10.1016/B978-0-443-13439-5.00011-9,moo_only,1,0,1,0,multi-objective; multi-criteria,,multi-criteria decision,,,machine learning,
furlan_robust_2024,2024,ARTICLE,Robust design of hybrid solar power systems: Sustainable integration of concentrated solar power and photovoltaic technologies,Adv. Appl. Energy,10.1016/j.adapen.2024.100164,moo_mes,1,1,1,0,multi-objective,standalone,anp,,,,
fusco_smart_2016,2016,INPROCEEDINGS,Smart {AMI} based demand-response management in a micro-grid environment,Institute of Electrical and Electronics Engineers Inc,,moo_mes,1,1,0,0,multi-objective; multiobjective,microgrid; micro-grid,,,,,
gabbar_risk-based_2012,2012,ARTICLE,Risk-based performance analysis of microgrid topology with distributed energy generation,Int J Electr Power Energy Syst,10.1016/j.ijepes.2012.05.061,moo_mes,1,1,0,0,multi-objective; multiobjective,microgrid; micro grid; microgrids; distributed energy,,,,,
gabl_multiobjective_2022,2022,ARTICLE,A Multiobjective Secondary Control Approach for Optimal Design of {DG} Droop Characteristic and Control Mode for Autonomous Microgrids,{IEEE} Syst. J.,10.1109/JSYST.2021.3114963,moo_mes,1,1,0,0,multi-objective; multiobjective,microgrid; microgrids; distributed generation,,,,,
galisai_multi-objective_2019,2019,INPROCEEDINGS,Multi-Objective and Multi-Criteria Optimization of Microgrids for Nearly Zero-Energy Buildings,Institute of Electrical and Electronics Engineers Inc,10.1109/SEST.2019.8849103,moo_mes,1,1,0,0,multi-objective; multi objective; multiobjective; multi-criteria,microgrid; micro grid; microgrids,,ga,,,
galvani_optimal_2019,2019,ARTICLE,Optimal power flow considering predictability of power systems,Electr Power Syst Res,10.1016/j.epsr.2019.02.011,moo_only,1,0,0,0,multi objective; multiobjective; non-dominated; nsga,,,genetic algorithm; ga; nsga,,,
gamil_optimal_2022,2022,ARTICLE,Optimal Multi-Objective Power Scheduling of a Residential Microgrid Considering Renewable Sources and Demand Response Technique,Sustainability,10.3390/su142113709,moo_mes,1,1,0,0,multi-objective; multiobjective,microgrid; hydrogen,,,,,
gan_research_2020,2020,INPROCEEDINGS,Research on Layout of Energy Storage Stations Connected to Grid Based on Optimal Grid Impact,Institute of Electrical and Electronics Engineers Inc,10.1109/ICCS51219.2020.9336521,moo_only,1,0,0,0,multi-objective; multiobjective,,,particle swarm,,,
gan_hybrid_2017,2017,INPROCEEDINGS,A hybrid vanadium redox/lithium-ion energy storage system for off-grid renewable power,Institute of Electrical and Electronics Engineers Inc,10.1109/ECCE.2017.8095898,moo_mes,1,1,0,0,multi-objective; multiobjective,off-grid,,ga,,,
gandhi_multi-objective_2014,2014,INPROCEEDINGS,Multi-objective Optimization for Hybrid Microgrid Utility with Energy Storage,Springer Verlag,10.1007/978-981-15-8815-0_41,moo_mes,1,1,0,0,multi-objective; multiobjective; pareto,microgrid; micro-grid; microgrids,,ga,,,
ganesan_multi-objective_2019,2019,BOOK,Multi-Objective Optimization of Industrial Power Generation Systems: Emerging Research and Opportunities,{IGI} Global,10.4018/978-1-7998-1710-9,moo_only,1,0,0,0,multi-objective,,,,,,
ganesan_design_2012,2012,INPROCEEDINGS,Design optimization of a fuzzy distributed generation ({DG}) system with multiple renewable energy sources,,10.1063/1.4757429,moo_mes,1,1,0,0,multi-objective,distributed generation,,ga; particle swarm; pso,,neural network; recurrent neural,
gangil_multi-objective_2024,2024,ARTICLE,A multi-objective techno-economic operation of distribution network considering reactive power support from renewable energy and battery storage system,J. Energy Storage,10.1016/j.est.2024.114116,moo_mes,1,1,0,0,multi-objective; pareto,distributed energy; distributed resources,,ga,,,
ganivada_optimal_2024,2024,ARTICLE,Optimal siting and sizing of mobile-static storage mix in distribution systems with high renewable energy resources penetration,Electr Power Syst Res,10.1016/j.epsr.2023.109860,moo_only,1,0,0,0,multi-objective; multiobjective,,,particle swarm; pso,,,
ganjian_voyage_2024,2024,ARTICLE,Voyage scheduling and energy management co-optimization in hydrogen-powered ships,Int J Hydrogen Energy,10.1016/j.ijhydene.2024.08.428,moo_mes,1,1,0,0,multi-objective,microgrid; microgrids; hydrogen,,genetic algorithm; ga,,,
gao_multi-objective_2023,2023,ARTICLE,Multi-objective optimization of energy-saving measures and operation parameters for a newly retrofitted building in future climate conditions: A case study of an office building in Chengdu,Energy Rep.,10.1016/j.egyr.2023.01.049,moo_only,1,0,0,0,multi-objective; multiobjective; non-dominated; nsga,,,genetic algorithm; ga; nsga,,,
gao_correlation_2025,2025,ARTICLE,Correlation Analysis of Power Quality and Power Spectrum in Wind Power Hybrid Energy Storage Systems,Energy Eng,10.32604/ee.2025.061083,moo_only,1,0,0,0,multi-objective; nsga; moea,,,ga; nsga; moea,,,
gao_coordinated_2024,2024,ARTICLE,Coordinated Optimization and Operational Strategy for Multi-type Energy Storage in Regional Integrated Energy Systems,Zhongguo Dianli,10.11930/j.issn.1004-9649.202311024,moo_mes,1,1,1,0,multi-objective; mopso,multi-energy; integrated energy,topsis,particle swarm; pso; mopso,,,
gao_multiple_2023,2023,ARTICLE,Multiple Energy Storage Optimal Configuration Method for Comprehensive Energy System Considering Wind/Photovoltaic Power Accommodation,Dongli Gongcheng Xuebao/Jr.Chi. Soc.Pr.Eng.,10.19805/j.cnki.jcspe.2023.06.017,moo_only,1,0,0,0,multi-objective,,,,,,
gao_multi-objective_2025,2025,ARTICLE,Multi-objective day-ahead optimization of distribution system considering low Carbon and demand response with {EV} cluster,Int J Electr Power Energy Syst,10.1016/j.ijepes.2025.110493,moo_mes,1,1,0,0,multi-objective,electric vehicle; electric vehicles,,ga,,,
gao_multi-objective_2022,2022,INPROCEEDINGS,Multi-objective Green Flexible Workshop Scheduling Considering Multi-energy Consumption Factors,{IOP} Publishing Ltd,10.1088/1742-6596/2174/1/012083,moo_mes,1,1,0,0,multi-objective; multi objective; multiobjective; nsga,multi-energy; multi energy,,ga; nsga,,,
gao_economic_2015,2015,INPROCEEDINGS,Economic Cost and Carbon Emission Reduction of Microgrid via Bi-Objective Optimization,{IEEE} Computer Society,10.23919/CCC63176.2024.10662760,moo_mes,1,1,1,0,multi-objective; pareto,microgrid; microgrids,topsis,ga,,,
gao_multi-objective_2022-1,2022,INPROCEEDINGS,Multi-objective capacity optimization configuration of island microgrid based on ocean thermal water and electricity co-generation system,Institute of Electrical and Electronics Engineers Inc,10.1109/AUTEEE56487.2022.9994432,moo_mes,1,1,0,0,multi-objective; multiobjective; mopso,multi-energy; multi energy; microgrid,,particle swarm; pso; mopso,,,
gao_precise_2018,2018,ARTICLE,Precise Control of Tie-line Power for Microgrid Based on Multi-agent System,Dianli Xitong Zidonghue,10.7500/AEPS20170517005,moo_mes,1,1,0,0,multi-objective; multiobjective,multi-energy; microgrid; micro grid; distributed energy,,,,,
gao_economic_2011,2011,INPROCEEDINGS,Economic scheduling based on multi-objective optimization considering wind output,,10.1109/DRPT.2011.5994115,moo_only,1,0,0,0,multi-objective; multi objective; multiobjective,,,particle swarm,,,
gao_multi_2021,2021,ARTICLE,Multi Agent Coordinated Optimal Control Strategy for Smart Microgrid Based on Digital Twin Drive,Dianwang Jishu,10.13335/j.1000-3673.pst.2020.2278,moo_mes,1,1,0,0,multi-objective,multi-energy; electricity-gas; microgrid; microgrids,,ga,,machine learning,
gao_multi-objective_2024,2024,INPROCEEDINGS,Multi-Objective Optimization of a Integrated {PV}-{CSP}-Wind Power System Under Two Different Operational Mechanisms,Institute of Electrical and Electronics Engineers Inc,10.1109/IFEEA64237.2024.10878642,moo_mes,1,1,0,0,multi-objective; multiobjective,hybrid renewable energy system,,ga,,,accelerate
gao_online_2025,2025,ARTICLE,Online optimization of integrated energy systems based on deep learning predictive control,Electr Power Syst Res,10.1016/j.epsr.2025.111510,moo_mes_surrogate,1,1,0,1,multi-objective,integrated energy,,particle swarm; pso,,deep learning; learning-based,accelerate
gao_dw_multiobjective_2016,2016,INPROCEEDINGS,Multiobjective fireworks optimization framework for economic emission dispatch in microgrids,Institute of Electrical and Electronics Engineers Inc,10.1109/NAPS.2016.7747896,moo_mes,1,1,0,0,multi-objective; multi objective; multiobjective; non-dominated; nsga,microgrid; micro grid; microgrids,,genetic algorithm; ga; nsga,,,
garba_using_2017,2017,INPROCEEDINGS,Using of distributed energy ressources for microgrid resilience achieving,Institute of Electrical and Electronics Engineers Inc,10.1109/DISTRA.2017.8191142,moo_mes,1,1,0,0,multi-objective; multiobjective,microgrid; micro grid; distributed energy,,,,,
garcia_multi-objective_2017,2017,INPROCEEDINGS,Multi-objective Optimization for the Management of the Response to the Electrical Demand in Commercial Users,Institute of Electrical and Electronics Engineers Inc,10.1109/INCISCOS.2017.25,moo_only,1,0,0,0,multi-objective; multiobjective,,,,,,
garcia-trivino_optimized_2016,2016,ARTICLE,"Optimized operation combining costs, efficiency and lifetime of a hybrid renewable energy system with energy storage by battery and hydrogen in grid-connected applications",Int J Hydrogen Energy,10.1016/j.ijhydene.2016.09.140,moo_mes,1,1,0,0,multi-objective; multiobjective,hybrid renewable energy system; hybrid renewable energy systems; hydrogen,,ga; particle swarm; pso,,,
garner_optimal_2023,2023,ARTICLE,Optimal Design and Analysis of a Hybrid Hydrogen Energy Storage System for an Island-Based Renewable Energy Community,Energies,10.3390/en16217363,moo_mes,1,1,0,0,multi-objective; multiobjective,energy community; hydrogen,,genetic algorithm; ga,,,
gbadamosi_dynamic_2019,2019,INPROCEEDINGS,A dynamic optimal expansion planning model integrating renewable energy sources,Scanditale {AB},10.46855/energy-proceedings-1612,moo_only,1,0,0,0,multi-objective,,,ga,,,
gbadamosi_harmonics_2022,2022,ARTICLE,Harmonics Constrained Approach to Composite Power System Expansion Planning with Large-Scale Renewable Energy Sources,Energies,10.3390/en15114070,moo_only,1,0,0,0,multi-objective; multiobjective,,,ga,,,
gbadega_jaya_2023,2023,ARTICLE,{JAYA} Algorithm-Based Energy Management for a Grid-Connected Micro-Grid with {PV}-Wind-Microturbine-Storage Energy System,Int. J. Eng. Res. Afr.,10.4028/p-du1983,moo_mes,1,1,0,0,multi-objective; multiobjective,microgrid; micro-grid,,genetic algorithm; ga; particle swarm; pso; differential evolution,,,
ge_hierarchical_2025,2025,ARTICLE,A hierarchical multi-objective co-optimization framework for sizing and energy management of coupled hydrogen-electricity energy storage systems at ports,Appl. Energy,10.1016/j.apenergy.2025.125451,moo_mes,1,1,0,0,multi-objective,multi-energy; hydrogen,,,,,
ge_evaluation_2020,2020,ARTICLE,Evaluation of Energy Supply Capability for Multi-energy Microgrid Considering Reliability Constraint,Dianli Xitong Zidonghue,10.7500/AEPS20190326010,moo_mes,1,1,0,0,multi-objective; multiobjective; nsga,multi-energy; energy hub; microgrid; micro-grid; microgrids,,ga; nsga,,,
ge_design_2014,2014,INPROCEEDINGS,Design of microgrid energy management system based on {labVIEW},Trans Tech Publications Ltd,10.4028/www.scientific.net/AMR.960-961.1562,moo_mes,1,1,0,0,multi-objective; multiobjective,microgrid; micro grid,,,,,
gelleschus_optimization-based_2019,2019,ARTICLE,Optimization-based control concept with feed-in and demand peak shaving for a {PV} battery heat pump heat storage system,Energies,10.3390/en12112098,moo_only,1,0,0,0,multi-objective; multiobjective,,,ga,,,
geng_multi-objective_2021,2021,ARTICLE,Multi-objective optimization of a microgrid considering the uncertainty of supply and demand,Sustainability,10.3390/su13031320,moo_mes,1,1,0,0,multi-objective,microgrid; distributed energy,,ga; particle swarm,,,
gerber_designing_2014,2014,BOOK,Designing renewable energy systems: A life cycle assessment approach,Presses Polytechniques Et Universitaires Romandes,10.1201/b18081,moo_only,1,0,0,0,multi-objective; multiobjective; pareto,,,,,,
ghadi-sahebi_stochastic_2020,2020,ARTICLE,Stochastic scenario based microgrid energy management with electric vehicles considering uncertainty sources,{UPB} Sci. Bull. Ser. C Electr. Eng. Comput. Sci.,,moo_mes,1,1,0,0,multi-objective; multi objective; multiobjective; mopso,microgrid; micro grid; microgrids; distributed generation; electric vehicle; electric vehicles,,genetic algorithm; particle swarm; pso; mopso; differential evolution,,,
ghahderijani_multi-objective_2016,2016,INPROCEEDINGS,Multi-objective optimized daily schedule for an efficient solar-based industrial microgrid,{IEEE} Computer Society,10.1109/IECON.2016.7794147,moo_mes,1,1,0,0,multi-objective,microgrid,,,,,replace
ghaithan_multi-objective_2024,2024,ARTICLE,Multi-objective model for designing hydrogen refueling station powered using on-grid photovoltaic-wind system,Energy,10.1016/j.energy.2024.133464,moo_mes,1,1,1,0,multi-objective; multiobjective; multi-criteria; pareto,off-grid; hydrogen,multi-criteria decision,ga,,,
ghaithan_multi-objective_2022,2022,ARTICLE,Multi-objective optimization of a photovoltaic-wind- grid connected system to power reverse osmosis desalination plant,Energy,10.1016/j.energy.2022.123888,moo_only,1,0,0,0,multi-objective; multiobjective; pareto,,,ga,,,
ghanbari_optimal_2024,2024,ARTICLE,Optimal design of solar/wind/energy storage system-powered {RO} desalination unit: Single and multi-objective optimization,Energy Convers. Manage.,10.1016/j.enconman.2024.118768,moo_mes,1,1,1,0,multi-objective; multi objective; multiobjective; multi-criteria; non-dominated; nsga; mopso,hybrid renewable energy system; hybrid renewable energy systems,multi-criteria decision,genetic algorithm; ga; nsga; particle swarm; pso; mopso,,,
ghandehariun_complementary_2024,2024,ARTICLE,Complementary assessment and design optimization of a hybrid renewable energy system integrated with open-loop pumped hydro energy storage,Renew. Energy,10.1016/j.renene.2024.120557,moo_mes,1,1,0,0,multi-objective; multiobjective,hybrid renewable energy system,,,,,
ghanjati_optimal_2023,2023,ARTICLE,Optimal sizing and energy management of a stand-alone photovoltaic/pumped storage hydropower/battery hybrid system using Genetic Algorithm for reducing cost and increasing reliability,Energy Environ.,10.1177/0958305X221110529,moo_mes,1,1,0,0,multi-objective; multiobjective,stand-alone,,genetic algorithm; ga,,,replace
gharibi_size_2019,2019,ARTICLE,"Size and power exchange optimization of a grid-connected diesel generator-photovoltaic-fuel cell hybrid energy system considering reliability, cost and renewability",Int J Hydrogen Energy,10.1016/j.ijhydene.2019.08.007,moo_mes,1,1,0,0,multi-objective; multiobjective,hydrogen,,ga,,,
ghasemi_modeling_2016,2016,ARTICLE,Modeling of Wind/Environment/Economic Dispatch in power system and solving via an online learning meta-heuristic method,Appl. Soft Comput. J.,10.1016/j.asoc.2016.02.046,moo_only,1,0,1,0,multi-objective; multi objective; multiobjective; pareto; non-dominated,,topsis,,,neural network,
ghasemi_exergoeconomic_2024,2024,ARTICLE,Exergoeconomic and exergoenvironmental analyzes of a new biomass/solar-driven multigeneration energy system: An effort to maximum utilization of the waste heat of gasification process,Therm. Sci. Eng. Prog.,10.1016/j.tsep.2024.102407,moo_mes,1,1,0,0,multi-objective; multiobjective,integrated energy; hydrogen,,ga,,,approximate
ghatak_hybrid_2021,2021,INCOLLECTION,"Hybrid Microgrid Design Based on Environment, Reliability, and Economic Aspects","Microgrids: Design, Challenges, and Prospects",10.1201/9781003121626-5,moo_mes,1,1,0,0,multi-objective; nsga,microgrid,,genetic algorithm; ga; nsga,,,
gheouany_optimal_2024,2024,ARTICLE,Optimal active and reactive energy management for a smart microgrid system under the Moroccan grid pricing code,Energy,10.1016/j.energy.2024.132462,moo_mes,1,1,0,0,multi-objective; multiobjective,microgrid; micro grid,,particle swarm; pso,,,
gheouany_experimental_2023,2023,ARTICLE,Experimental validation of multi-stage optimal energy management for a smart microgrid system under forecasting uncertainties,Energy Convers. Manage.,10.1016/j.enconman.2023.117309,moo_mes,1,1,0,0,multi-objective; multiobjective; mopso,microgrid,,ga; particle swarm; pso; mopso,,neural network,
ghiasi_detailed_2019,2019,ARTICLE,"Detailed study, multi-objective optimization, and design of an {AC}-{DC} smart microgrid with hybrid renewable energy resources",Energy,10.1016/j.energy.2018.12.083,moo_mes,1,1,0,0,multi-objective; multi objective; multiobjective; multicriteria,microgrid; microgrids; distributed generation,,genetic algorithm; particle swarm; pso,,,
ghiasi_new_2022,2022,ARTICLE,"A New Algorithm for the Design of Site Utility for Combined Production of Power, Freshwater, and Steam in Process Industries",J Energy Resour Technol Trans {ASME},10.1115/1.4050879,moo_only,1,0,0,0,multi-objective; multiobjective,,,genetic algorithm; ga,,,
ghiasi_optimal_2021,2021,ARTICLE,Optimal multi-operation energy management in smart microgrids in the presence of ress based on multi-objective improved de algorithm: Cost-emission based optimization,Appl. Sci.,10.3390/app11083661,moo_mes,1,1,0,0,multi-objective,microgrid; microgrids,,ga; particle swarm; pso; differential evolution; de algorithm,,,
ghiasi_stochastic_2023,2023,INPROCEEDINGS,Stochastic Seasonal Planning of {DG}-Based Smart Grid and Energy Hub by Considering Demand Response Program and Environmental Impacts,Institute of Electrical and Electronics Engineers Inc,10.1109/icSmartGrid58556.2023.10170776,moo_mes,1,1,0,0,multi-objective; multiobjective,energy hub; microgrid,,ga,,,
ghodusinejad_multi-objective_2024,2024,ARTICLE,Multi-objective optimal design and performance analysis of a residential microgrid,J. Energy Storage,10.1016/j.est.2024.112201,moo_mes,1,1,0,0,multi-objective; multiobjective,microgrid,,ga,,,
ghofrani_synergistic_2024,2024,ARTICLE,Synergistic Integration of {EVs} and Renewable {DGs} in Distribution Micro-Grids,Sustainability,10.3390/su16103939,moo_mes,1,1,0,0,multi-objective,micro-grid; electric vehicle; electric vehicles,,genetic algorithm; ga,,,
ghorab_multi-objective_2022,2022,ARTICLE,Multi-Objective Optimization of Hybrid Renewable Tri-Generation System Performance for Buildings,Appl. Sci.,10.3390/app12020888,moo_mes,1,1,0,0,multi-objective; multiobjective,hybrid renewable energy system; hybrid renewable energy systems,,ga,,,
ghorbani-renani_multi-objective_2022,2022,INPROCEEDINGS,A Multi-Objective Optimization for Clustering Buildings into Smart Microgrid Communities,Institute of Electrical and Electronics Engineers Inc,10.1109/IGESSC55810.2022.9955342,moo_mes,1,1,0,0,multi-objective; multiobjective; pareto,microgrid; micro grid; microgrids; distributed energy,,,,,
ghosh_stochastic_2023,2023,ARTICLE,"A stochastic investment decision making method for distribution system resilience enhancement considering automation, hardening and distributed energy resources",Reliab Eng Syst Saf,10.1016/j.ress.2023.109395,moo_mes,1,1,0,0,multiobjective; multi-criteria,microgrid; distributed energy,,genetic algorithm; ga,,,
gilani_microgrid_2022,2022,ARTICLE,A microgrid formation-based restoration model for resilient distribution systems using distributed energy resources and demand response programs,Sustainable Cities Soc.,10.1016/j.scs.2022.103975,moo_mes,1,1,0,0,multi-objective; multiobjective; multicriteria,microgrid; microgrids; distributed energy,,,,,
gildenhuys_optimization_2014,2014,INPROCEEDINGS,Optimization of the operational cost and environmental impact of a multi-microgrid system,Elsevier Ltd,10.1016/j.egypro.2019.01.865,moo_mes,1,1,0,0,multi-objective; multiobjective,microgrid; micro-grid; micro grid; microgrids,,genetic algorithm,,,
giorgi_can_2013,2013,ARTICLE,Can tidal current energy provide base load?,Energies,10.3390/en6062840,moo_only,1,0,0,0,multi-objective; multiobjective; pareto,,,genetic algorithm; ga,,,
gitizadeh_multi-objective_2014,2014,INPROCEEDINGS,Multi-objective energy management of {CHP}-based microgrid considering demand response programs,Institute of Electrical and Electronics Engineers Inc,10.1109/SGC.2014.7090870,moo_mes,1,1,0,0,multi-objective; multiobjective,microgrid; micro grid; combined heat and power; chp,,,,,
giudici_dynamic_2019,2019,ARTICLE,"Dynamic, multi-objective optimal design and operation of water-energy systems for small, off-grid islands",Appl. Energy,10.1016/j.apenergy.2019.05.084,moo_mes,1,1,0,0,multi-objective; multiobjective,off-grid,,,,,
goh_multi-criteria_2023,2023,ARTICLE,Multi-criteria optimisation of fermentative and solar-driven electrolytic hydrogen and electricity supply-demand network with hybrid storage system,Renewable Sustainable Energy Rev,10.1016/j.rser.2023.113341,moo_mes,1,1,0,0,multiobjective; multi-criteria,hydrogen,,,,,
goh_modelling_2023,2023,ARTICLE,Modelling and multi-objective optimisation of sustainable solar-biomass-based hydrogen and electricity co-supply hub using metaheuristic-{TOPSIS} approach,Energy Convers. Manage.,10.1016/j.enconman.2023.117484,moo_mes,1,1,1,0,multi-objective; multi objective; multiobjective,hybrid renewable energy system; hybrid renewable energy systems; hydrogen,topsis,,,,
golla_evaluating_2022,2022,ARTICLE,Evaluating the impact of regulation on the path of electrification in Citizen Energy Communities with prosumer investment,Appl. Energy,10.1016/j.apenergy.2022.119241,moo_mes,1,1,0,0,multi-objective; multiobjective,microgrid; microgrids; energy community; energy communities,,ga,,,
gomes_optimal_2024,2024,INPROCEEDINGS,Optimal Location of Electric Vehicle Charging Stations in Distribution Grids Using Genetic Algorithms,Springer Nature Switzerland,10.1007/978-3-031-53025-8_38,mes_only,0,1,0,0,,electric vehicle; electric vehicles,,genetic algorithm; ga,,,
goncalves_optimal_2023,2023,ARTICLE,Optimal Sizing of a Photovoltaic/Battery Energy Storage System to Supply Electric Substation Auxiliary Systems under Contingency,Energies,10.3390/en16135165,moo_mes,1,1,0,0,multi-objective; multiobjective; pareto,microgrid; microgrids,,genetic algorithm; ga,,,
gong_robust_2021,2021,ARTICLE,Robust operation interval of a large-scale hydro-photovoltaic power system to cope with emergencies,Appl. Energy,10.1016/j.apenergy.2021.116612,moo_only,1,0,0,0,multi-objective; multiobjective; non-dominated,,,genetic algorithm,,,
gonul_comprehensive_2024,2024,ARTICLE,A comprehensive framework for electric vehicle charging station siting along highways using weighted sum method,Renewable and Sustainable Energy Reviews,10.1016/j.rser.2024.114455,mes_only,0,1,0,0,,electric vehicle; electric vehicles,,,,,
gonzalez_environmental_2018,2018,ARTICLE,Environmental and cost optimal design of a biomass–Wind–{PV} electricity generation system,Renew. Energy,10.1016/j.renene.2018.03.062,moo_mes,1,1,0,0,multi-objective; multiobjective,hybrid renewable energy system; hybrid renewable energy systems,,,,,
gonzalez_combined_2016,2016,ARTICLE,Combined heat and power design based on environmental and cost criteria,Energy,10.1016/j.energy.2016.10.025,moo_mes,1,1,0,0,multi-objective; multiobjective,hybrid renewable energy system; hybrid renewable energy systems; combined heat and power; district heating,,genetic algorithm; ga,,,
gonzalez_acceptance_2016,2016,ARTICLE,On the Acceptance and Sustainability of Renewable Energy Projects—A Systems Thinking Perspective,Sustainability,10.3390/su8111171,out,0,0,0,0,,,,,,,
goodarzi_novel_2017,2017,ARTICLE,A novel optimal control method for islanded microgrids based on droop control using the {ICA}-{GA} algorithm,Energies,10.3390/en10040485,moo_mes,1,1,0,0,multi-objective; multiobjective; non-dominated,microgrid; microgrids; distributed generation,,genetic algorithm; ga,,,
gooroochurn_m_comparative_2024,2024,INPROCEEDINGS,Comparative Study of Posteriori Decision-Making Techniques for the Optimal Sizing and Location of Distributed Generation Units,Institute of Electrical and Electronics Engineers Inc,,moo_mes,1,1,1,0,multi-objective; multiobjective; multi-criteria; pareto; non-dominated,distributed energy; distributed generation,mcdm; multi-criteria decision; codas,genetic algorithm,,,approximation
gorea_modeling_2023,2023,INPROCEEDINGS,Modeling and simulating solar and renewable energy systems using artificial intelligence,Institute of Electrical and Electronics Engineers Inc,,moo_only,1,0,0,0,multiobjective; multi-criteria; multicriteria,,,,,,
gou_hybrid_2017,2017,INPROCEEDINGS,A Hybrid Neurodynamic Algorithm to Multi-objective Operation Management in Microgrid,Springer Verlag,10.1007/978-3-030-22796-8_29,moo_mes,1,1,0,0,multi-objective; multiobjective,microgrid; micro grid,,ga; particle swarm; pso,,neural network,
gou_optimal_2024,2024,ARTICLE,Optimal wind and solar sizing in a novel hybrid power system incorporating concentrating solar power and considering ultra-high voltage transmission,J. Clean. Prod.,10.1016/j.jclepro.2024.143361,moo_mes,1,1,0,0,multi-objective; multiobjective,hybrid renewable energy system,,ga,,,
govindarajan_what_2024,2024,INPROCEEDINGS,"What Density for Net Zero Energy?: A trade-off between energy use, renewables, and indoor thermal comfort for high-rise residential precincts in tropical climates",Education and research in Computer Aided Architectural Design in Europe,,moo_only,1,0,0,0,multi-objective,,,ga,,,
gowrisetty_multi-objective_2024,2024,INPROCEEDINGS,A Multi-objective Optimization Model for Economic-Environmental Operation of Microgrid,Springer Science and Business Media Deutschland {GmbH},10.1007/978-981-99-6774-2_1,moo_mes,1,1,0,0,multi-objective; multiobjective,microgrid; microgrids; distributed generation,,ga,,,
grange_multi-objective_2022,2022,ARTICLE,Multi-Objective and Cooperative Power Planning for Datacenter With On-Site Renewable Energy Sources,{IEEE} Access,10.1109/ACCESS.2022.3210523,moo_only,1,0,0,1,multi-objective; multi objective; multiobjective; pareto,,,ga,surrogate,,surrogate
green_residential_2021,2021,ARTICLE,Residential microgrid optimization using grey-box and black-box modeling methods,Energy Build.,10.1016/j.enbuild.2020.110705,moo_mes,1,1,0,0,multi-objective; multiobjective,microgrid; microgrids,,genetic algorithm; ga,,gradient boosting; data-driven model,
groppi_eplanopt_2021,2021,ARTICLE,The {EPLANopt} model for Favignana island's energy transition,Energy Convers. Manage.,10.1016/j.enconman.2021.114295,moo_mes,1,1,0,0,multi-objective; multiobjective,sector coupling,,ga,,,
gu_multi-objective_2025,2025,ARTICLE,Multi-objective day-ahead resilience improvement method for distribution network with high renewable energy penetration considering uncertainty of load and source sides,Front. Energy Res.,10.3389/fenrg.2025.1416309,moo_only,1,0,0,0,multi-objective; multi objective; multiobjective,,,ga; particle swarm; pso,,,reduce computation
gu_research_2021,2021,ARTICLE,"Research on Optimal Scheduling of Multi-source Cooling, Heating and Power Cogeneration Systems for Public Buildings and Institutions",Dongli Gongcheng Xuebao/Jr.Chi. Soc.Pr.Eng.,10.19805/j.cnki.jcspe.2021.04.011,moo_mes,1,1,0,0,multi-objective,multi-energy,,,,,
gu_multi-objective_2012,2012,ARTICLE,Multi-objective optimization of combined heat and power microgrid considering pollutant emission,Dianli Xitong Zidonghue,10.3969/j.issn.1000-1026.2012.14.033,moo_mes,1,1,0,0,multi-objective; multi objective; multiobjective; pareto; mopso,microgrid; micro grid; combined heat and power; chp,,ga; particle swarm; pso; mopso,,,
gu_low-carbon-emission-based_2023,2023,INPROCEEDINGS,Low-carbon-emission-based Economic Optimization Scheme for a Smart Building with Multiple Energy Flows,Institute of Electrical and Electronics Engineers Inc,10.1109/CPESE59653.2023.10303021,moo_mes,1,1,0,0,multi-objective; multi objective; multiobjective,multi-energy; multi energy; integrated energy,,,,,
guan_multi-objective_2024,2024,ARTICLE,Multi-Objective Optimal Scheduling of Microgrids Based on Improved Particle Swarm Algorithm,Energies,10.3390/en17071760,moo_mes,1,1,0,0,multi-objective; multi objective; multiobjective,microgrid; microgrids,,ga; particle swarm; pso,,,
guezgouz_optimal_2019,2019,ARTICLE,Optimal hybrid pumped hydro-battery storage scheme for off-grid renewable energy systems,Energy Convers. Manage.,10.1016/j.enconman.2019.112046,moo_mes,1,1,0,0,multi-objective; multiobjective,off-grid,,ga; grey wolf,,,
gui_optimal_2024,2024,INPROCEEDINGS,Optimal Operation for Photovoltaic-Energy Storage System-Integrated Distribution Network Based on Adaptive Expectation Mechanism,{IEEE} Computer Society,10.1109/ICHQP61174.2024.10768844,moo_only,1,0,0,0,multi-objective; pareto; nondominated,,,genetic algorithm; ga,,,
guixi_two-tier_2023,2023,INPROCEEDINGS,Two-tier optimal scheduling of microgrid cluster distribution system based on energy interaction,Institute of Electrical and Electronics Engineers Inc,10.1109/iSPEC58282.2023.10403076,moo_mes,1,1,0,0,multi-objective; multiobjective,microgrid; microgrids,,,,,
guliashki_multi-objective_2018,2018,INPROCEEDINGS,Multi-objective optimization approach for energy efficiency in microgrids,Elsevier B.V,10.1016/j.ifacol.2019.12.587,moo_mes,1,1,0,0,multi-objective; multiobjective,microgrid; microgrids,,genetic algorithm,,,
guo_application_2024,2024,ARTICLE,The application effect of the optimized scheduling model of virtual power plant participation in the new electric power system,Heliyon,10.1016/j.heliyon.2024.e31748,moo_mes,1,1,0,0,multi-objective,virtual power plant,,,,,
guo_research_2024,2024,INPROCEEDINGS,Research on low-carbon optimization methods for regional energy interconnection systems considering multi-energy coupling characteristics,Institute of Physics,10.1088/1742-6596/2782/1/012003,moo_mes,1,1,0,0,multi-objective; multiobjective,multi-energy; multi energy; energy hub,,,,,
guo_multi-objective_2021,2021,ARTICLE,"Multi-objective optimization of multi-energy heating systems based on solar, natural gas, and air- energy",Sustainable Energy Technol. Assess.,10.1016/j.seta.2021.101394,moo_mes,1,1,0,0,multi-objective; multiobjective,multi-energy; multi energy,,ga,,,
guo_real-time_2022,2022,ARTICLE,Real-time optimal scheduling for microgrid systems based on distributed deep reinforcement learning,Kong Zhi Li Lun Yu Ying Yong,10.7641/CTA.2022.10932,moo_mes,1,1,0,0,multi-objective; multiobjective,microgrid; microgrids,,,,deep learning,
guo_operation_2024,2024,ARTICLE,Operation optimization of ventilated floor heating system in nearly-zero-energy building,J. Build. Eng.,10.1016/j.jobe.2024.108835,moo_only,1,0,0,0,multi-objective; multi objective; multiobjective,,,ga; particle swarm; pso,,,
guo_multi-objective_2022,2022,ARTICLE,Multi-objective optimization design and multi-attribute decision-making method of a distributed energy system based on nearly zero-energy community load forecasting,Energy,10.1016/j.energy.2021.122124,moo_mes,1,1,1,0,multi-objective; multiobjective,energy community; energy communities; distributed energy,topsis,,,,
guo_efficient_2021,2021,ARTICLE,Efficient integration of demand response and plug-in electrical vehicle in microgrid: Environmental and economic assessment,J. Clean. Prod.,10.1016/j.jclepro.2020.125581,moo_mes,1,1,0,0,multi-objective; multiobjective,microgrid; microgrids; electric vehicle; electric vehicles,,ga,,,
guo_coupling_2023,2023,ARTICLE,Coupling optimization of hydropower and hydrogen systems considering energy supply safety culture,Int. J. Low Carbon Technol.,10.1093/ijlct/ctad080,moo_mes,1,1,0,0,multi-objective; multiobjective; nsga,integrated energy; microgrid; off-grid; hydrogen,,ga; nsga,,,
guo_multi-objective_2022-1,2022,ARTICLE,Multi-objective capacity optimization of renewable energy power system considering techno-economic comparisons of various energy storage technologies,Taiyangneng Xuebao,10.19912/j.0254-0096.tynxb.2021-0314,moo_mes,1,1,0,0,multi-objective; multi objective; multiobjective; non-dominated; hypervolume,hydrogen,,genetic algorithm,,,
guo_learning-driven_2024,2024,ARTICLE,Learning-driven load frequency control for islanded microgrid using graph networks-based deep reinforcement learning,Front. Energy Res.,10.3389/fenrg.2024.1517861,moo_mes,1,1,0,0,multi-objective,microgrid; microgrids,,ga,,neural network; convolutional neural; graph neural,
guo_optimal_2022,2022,ARTICLE,Optimal design of a communication network for a distributed consensus algorithm,Dianli Xitong Baohu yu Kongzhi,10.19783/j.cnki.pspc.221155,moo_mes,1,1,0,0,multi-objective; multiobjective; nsga,microgrid,,ga; nsga,,,
guo_multi-objective_2022-2,2022,ARTICLE,Multi-objective optimization model of micro-grid access to 5G base station under the background of China’s carbon peak shaving and carbon neutrality targets,Front. Energy Res.,10.3389/fenrg.2022.1032993,moo_mes,1,1,0,0,multi-objective; multi objective; multiobjective,microgrid; micro-grid,,ga,,,
guo_power_2021,2021,ARTICLE,Power Transaction Method of Microgrid Group Based on Blockchain,Gaodianya Jishu,10.13336/j.1003-6520.hve.20210373,moo_mes,1,1,0,0,multi-objective; multiobjective,microgrid,,ga; particle swarm; pso,,,
guo_development_2024,2024,ARTICLE,"Development of a geothermal-driven multi-output scheme for electricity, cooling, and hydrogen production: Techno-economic assessment and genetic algorithm-based optimization",Case Stud. Therm. Eng.,10.1016/j.csite.2024.105228,moo_mes,1,1,0,0,multi-criteria,multi-energy; hydrogen,,genetic algorithm; ga,,,
guo_energy_2024,2024,ARTICLE,Energy management system for hybrid ship: Status and perspectives,Ocean Eng.,10.1016/j.oceaneng.2024.118638,moo_mes,1,1,0,0,multi-objective; multiobjective,multi-energy; multi energy,,ga,,,
guo_optimizing_2025,2025,ARTICLE,Optimizing Reactive Compensation for Enhanced Voltage Stability in Renewable-Integrated Stochastic Distribution Networks,Process.,10.3390/pr13020303,moo_only,1,0,0,0,multi-objective,,,ga,,,
guo_capacity_2024,2024,ARTICLE,The capacity optimization and techno-economic analysis of stand-alone hybrid renewable energy systems based on a two-stage nested optimization approach,J. Energy Storage,10.1016/j.est.2024.111143,moo_mes,1,1,0,0,multi-objective; multiobjective,hybrid renewable energy system; hybrid renewable energy systems; stand-alone; hydrogen,,,,,
guo_multi-objective_2024,2024,ARTICLE,Multi-objective optimization of multi-energy complementary system based on cascade utilization of heat storage,Energy Convers. Manage.,10.1016/j.enconman.2023.117864,moo_mes,1,1,1,0,multi-objective; multiobjective; pareto,multi-energy; multi energy,topsis; ahp,ga,,,
gupta_revenue_2021,2021,ARTICLE,Revenue optimization modeling for renewable energy resource mix for sustainable development,J. Revenue Pricing Manage.,10.1057/s41272-021-00294-2,moo_only,1,0,0,0,multi-objective,,,,,,
gupta_novel_2024,2024,ARTICLE,A Novel Multi-Objective Protection Coordination Scheme for a Microgrid with Optimal Deployment of Dual-Setting {ROCOV} Based Relays,Prot. Cont. Mod. Power Sys.,10.23919/PCMP.2023.000425,moo_mes,1,1,0,0,multi-objective; multiobjective,microgrid,,ga,,,
gusain_optimal_2024,2024,INPROCEEDINGS,Optimal Configuration of Off-Grid Hybrid Renewable Energy System: A Multi-Criteria Analysis,Institute of Electrical and Electronics Engineers Inc,10.1109/ICPEICES62430.2024.10719369,moo_mes,1,1,0,0,multi-criteria,hybrid renewable energy system; off-grid,,,,,
gutierrez-martinez_heuristic_2019,2019,ARTICLE,A heuristic home electric energy management system considering renewable energy availability,Energies,10.3390/en12040671,moo_only,1,0,0,0,multi-objective; multiobjective; pareto; non-dominated,,,genetic algorithm; ga,,,
guven_multi-objective_2023,2023,ARTICLE,Multi-Objective Optimization of an Islanded Green Energy System Utilizing Sophisticated Hybrid Metaheuristic Approach,{IEEE} Access,10.1109/ACCESS.2023.3296589,moo_mes,1,1,0,0,multi-objective; multiobjective,microgrid; hybrid renewable energy system,,genetic algorithm; ga; particle swarm; pso,,,
guven_multi-objective_2024,2024,ARTICLE,Multi-objective optimization and sustainable design: a performance comparison of metaheuristic algorithms used for on-grid and off-grid hybrid energy systems,Neural Comput. Appl.,10.1007/s00521-024-09585-2,moo_mes,1,1,0,0,multi-objective; multiobjective,micro-grid; hybrid renewable energy system; off-grid,,ga; gwo; cuckoo search,,,
guzman-henao_multi-objective_2024,2024,ARTICLE,A multi-objective master–slave methodology for optimally integrating and operating photovoltaic generators in urban and rural electrical networks,Result. Eng.,10.1016/j.rineng.2024.103059,moo_mes,1,1,0,0,multi-objective; multi objective; non-dominated; nsga; mopso,distributed generation,,genetic algorithm; ga; nsga; particle swarm; pso; mopso,,,
habib_optimal_2022,2022,ARTICLE,Optimal Planning of Residential Microgrids Based on Multiple Demand Response Programs Using {ABC} Algorithm,{IEEE} Access,10.1109/ACCESS.2022.3219070,moo_mes,1,1,0,0,multi-objective; multiobjective,microgrid; microgrids,,genetic algorithm; ga,,,
habibollahzade_continuous_2021,2021,ARTICLE,Continuous power generation through a novel solar/geothermal chimney system: Technical/cost analyses and multi-objective particle swarm optimization,J. Clean. Prod.,10.1016/j.jclepro.2020.124666,moo_only,1,0,0,0,multi-objective; multi objective; multiobjective,,,ga; particle swarm; pso,,,
habibzadeh_sustainability_2025,2025,ARTICLE,Sustainability assessment of a petrochemical plant electricity supply based on 4E optimization of various hybrid renewable energy systems scenarios,Energy Convers. Manage.,10.1016/j.enconman.2024.119357,moo_mes,1,1,1,0,multi-objective; multi-criteria; multi criteria; multicriteria; pareto,hybrid renewable energy system; hybrid renewable energy systems,mcdm; multi-criteria decision; multi criteria decision; multicriteria decision; ahp,genetic algorithm; ga,,,
hachicha_numerical_2023,2023,ARTICLE,Numerical modeling and multi-objective optimization of direct absorption solar collectors using mono and hybrid nanofluids,J. Clean. Prod.,10.1016/j.jclepro.2023.137740,moo_only,1,0,0,1,multi-objective; multiobjective; pareto,,,ga,response surface; response surface methodology,,
hadavi_hybrid_2023,2023,ARTICLE,Hybrid multi-objective optimization and thermo-economic analysis of a multi-effect desalination unit integrated with a fuel cell-based trigeneration system,J. Clean. Prod.,10.1016/j.jclepro.2023.137156,moo_mes_surrogate,1,1,1,1,multi-objective; multiobjective; multi-criteria; multi criteria; multicriteria,cchp; chp,multi-criteria decision; multi criteria decision; multicriteria decision; topsis,genetic algorithm; ga,response surface; response surface methodology,,
haddadian_optimal_2017,2017,ARTICLE,Optimal operation of active distribution systems based on microgrid structure,Renew. Energy,10.1016/j.renene.2016.12.018,moo_mes,1,1,0,0,multi-objective; non-dominated; nsga,microgrid; distributed energy; distributed generation,,genetic algorithm; ga; nsga,,,
haddadian_multi-microgrid-based_2019,2019,ARTICLE,Multi-Microgrid-Based Operation of Active Distribution Networks Considering Demand Response Programs,{IEEE} Trans. Sustainable Energy,10.1109/TSTE.2018.2873206,moo_mes,1,1,0,0,multi-objective; multiobjective; non-dominated; nsga,microgrid; micro-grid; microgrids,,genetic algorithm; ga; nsga,,,
hai_enhancing_2023,2023,ARTICLE,"Enhancing the performance of a Novel multigeneration system with electricity, heating, cooling, and freshwater products using genetic algorithm optimization and analysis of energy, exergy, and entransy phenomena",Renew. Energy,10.1016/j.renene.2023.03.088,moo_only,1,0,0,0,multi-objective; multiobjective,,,genetic algorithm; ga,,,
hai_novel_2022,2022,ARTICLE,"The novel integration of biomass gasification plant to generate efficient power, and the waste recovery to generate cooling and freshwater: A demonstration of 4E analysis and multi-criteria optimization",Sustainable Energy Technol. Assess.,10.1016/j.seta.2022.102588,moo_only,1,0,1,0,multi-objective; multiobjective; multi-criteria; multicriteria,,topsis,ga,,,
hai_comparison_2024,2024,ARTICLE,Comparison analysis of hydrogen addition into both anode and afterburner of fuel cell incorporated with hybrid renewable energy driven {SOFC}: An application of techno-environmental horizon and multi-objective optimization,Int J Hydrogen Energy,10.1016/j.ijhydene.2023.02.016,moo_mes,1,1,0,0,multi-objective; multiobjective,hydrogen,,ga,,,
haidar_sustainable_2020,2020,ARTICLE,Sustainable energy planning for cost minimization of autonomous hybrid microgrid using combined multi-objective optimization algorithm,Sustainable Cities Soc.,10.1016/j.scs.2020.102391,moo_mes,1,1,0,0,multi-objective; multiobjective,microgrid; microgrids,,,,,
hajiakbari_fini_determining_2018,2018,ARTICLE,Determining optimal virtual inertia and frequency control parameters to preserve the frequency stability in islanded microgrids with high penetration of renewables,Electr Power Syst Res,10.1016/j.epsr.2017.08.007,moo_mes,1,1,0,0,multi-objective; multiobjective; many-objective,microgrid; micro grid; microgrids; distributed energy,,,,,
hajiakbari_fini_frequency_2019,2019,ARTICLE,Frequency control using loads and generators capacity in power systems with a high penetration of renewables,Electr Power Syst Res,10.1016/j.epsr.2018.09.010,moo_only,1,0,0,0,multi-objective; multiobjective,,,,,,
hajiamoosha_stochastic_2021,2021,ARTICLE,Stochastic energy management in a renewable energy-based microgrid considering demand response program,Int J Electr Power Energy Syst,10.1016/j.ijepes.2021.106791,moo_mes,1,1,0,0,multi-objective; multiobjective; pareto,microgrid; microgrids,,ga,,,
hajizadeh_optimal_2022,2022,ARTICLE,Optimal Eco-Emission Scheduling of Demand and Supply Side of Microgrids Using Multi-Objective Ant Lion Optimization and Fuzzy Decision-Making,Electr. Power Comp. Syst.,10.1080/15325008.2022.2135642,moo_mes,1,1,0,0,multi-objective; multi objective; multiobjective; pareto,microgrid; microgrids,,ga,,,
hakimi_optimal_2019,2019,ARTICLE,Optimal sizing and siting of smart microgrid components under high renewables penetration considering demand response,{IET}. Renew. Power Gener.,10.1049/iet-rpg.2018.6015,moo_mes,1,1,0,0,multi-objective; multiobjective,microgrid; micro grid; microgrids; hydrogen,,particle swarm; pso,,,
halimov_multi-objective_2020,2020,ARTICLE,Multi-Objective Optimization of Complex Measures on Supplying Energy to Rural Residential Buildings in Uzbekistan Using Renewable Energy Sources,Appl Sol Energy,10.3103/S0003701X20020073,moo_only,1,0,0,0,multi-objective; multiobjective,,,,,,
hamarat_exploratory_2014,2014,ARTICLE,An exploratory approach for adaptive policymaking by using multi-objective robust optimization,Simul. Model. Pract. Theory,10.1016/j.simpat.2014.02.008,moo_only,1,0,0,0,multi-objective; multiobjective,,,,,,
hamdi_multi-objective_2023,2023,INPROCEEDINGS,Multi-Objective Optimization of a Hybrid System Feeding a Large Scale {SWRO} Desalination Plant,Institute of Electrical and Electronics Engineers Inc,10.1109/SCC59637.2023.10527579,moo_mes,1,1,0,0,multi-objective; multiobjective,off-grid,,,,,
hammerschmitt_multi-objective_2024,2024,ARTICLE,Multi-objective optimization of thermal dispatch scheduling considering different complementary load levels,Sustainable Energy Technol. Assess.,10.1016/j.seta.2024.103909,moo_mes,1,1,0,0,multi-objective; multiobjective; non-dominated; nsga,integrated energy,,genetic algorithm; ga; nsga,,,
han_virtual_2022,2022,INPROCEEDINGS,Virtual Power Plant Scheduling Model Considering Carbon Trading Mechanism and Uncertainty of Source and Load,Institute of Electrical and Electronics Engineers Inc,10.1109/CEECT55960.2022.10030661,moo_mes,1,1,0,0,multi-objective; multiobjective; nsga,virtual power plant; microgrid,,ga; nsga,,,
han_energy_2020,2020,ARTICLE,Energy sharing-based energy and user joint allocation method in heterogeneous network,{IEEE} Access,10.1109/ACCESS.2020.2975293,moo_only,1,0,0,0,multi-objective; multiobjective,,,,,,
han_performance_2023,2023,ARTICLE,Performance Optimization of Multi-Base Station Heterogeneous Network Based on New Energy Power Supply,{IEEE} Syst. J.,10.1109/JSYST.2022.3201965,moo_only,1,0,0,0,multi-objective; multiobjective; pareto; nondominated,,,genetic algorithm; ga,,,
han_two-stage_2021,2021,ARTICLE,A two-stage cooperative dispatch model for power systems considering security and source-load interaction,Sustainability,10.3390/su132313350,moo_only,1,0,0,0,multi-objective,,,,,,
han_optimization_2023,2023,ARTICLE,{OPTIMIZATION} {OF} {SOLAR}-{GAS} {ENERGY} {SYSTEM} {CONSIDERING} {GRID} {RENEWABLE} {ENERGY} {POWER} {PENETRATION} {RATES},Taiyangneng Xuebao,10.19912/j.0254-0096.tynxb.2022-0367,moo_mes,1,1,0,0,multi-objective; multiobjective; nsga,integrated energy,,ga; nsga,,,
han_low-carbon_2024,2024,ARTICLE,Low-Carbon Optimal Configuration of Integrated Electricity and Natural Gas Energy System with Life-Cycle Carbon Emission,Process.,10.3390/pr12040845,moo_mes,1,1,0,0,multi-objective; multiobjective; pareto,integrated energy,,ga,,,
han_microgrid_2022,2022,INPROCEEDINGS,Microgrid Self-healing Control of Distributed Power Supply Combining Particle Swarm Optimization Algorithm,Institute of Electrical and Electronics Engineers Inc,10.1109/ISAIEE57420.2022.00028,moo_mes,1,1,0,0,multi-objective; multiobjective,microgrid,,particle swarm; pso,,,
han_multi-objective_2021,2021,INPROCEEDINGS,Multi-objective Optimization Model for Load Management in Islanded Microgrids,{IEEE} Computer Society,10.1109/PESGM46819.2021.9637911,moo_mes,1,1,0,0,multi-objective; multiobjective,microgrid; micro grid; microgrids,,,,,
han_multi-objective_2013,2013,ARTICLE,"Multi-objective optimization design of hydrogen infrastructures simultaneously considering economic cost, safety and {CO}2 emission",Chem. Eng. Res. Des.,10.1016/j.cherd.2013.04.026,moo_mes,1,1,0,0,multi-objective; multi objective; multiobjective,hydrogen,,ga,,,
han_optimization_2021,2021,INPROCEEDINGS,Optimization Calculation of {AGC} Coordination Factor of Photovoltaic-Thermal-Hydro Unit Based on Multi-Objective Particle Swarm Optimization Algorithm,Institute of Electrical and Electronics Engineers Inc,,moo_only,1,0,0,0,multi-objective; multiobjective; pareto; mopso,,,particle swarm; pso; mopso,,,replace
han_multi-objective_2021-1,2021,INPROCEEDINGS,Multi-Objective Optimal Dispatch of Smart Grid by Estimating Available Capacity of {EV} Aggregators,Institute of Electrical and Electronics Engineers Inc,10.1109/iSPEC53008.2021.9735894,moo_mes,1,1,0,0,multi-objective; multi objective; multiobjective; pareto,electric vehicle; electric vehicles,,ga; particle swarm; pso,,,
han_enhanced_2024,2024,ARTICLE,Enhanced Multiobjective Optimization Algorithm for Intelligent Grid Management of Renewable Energy Sources,Int J Intell Syst,10.1155/2024/4541163,moo_mes,1,1,0,0,multi-objective; multiobjective,microgrid; microgrids,,ga,,,
han_optimal_2022,2022,ARTICLE,An optimal control method of microgrid system with household load considering battery service life,J. Energy Storage,10.1016/j.est.2022.106002,moo_mes,1,1,1,0,multi-objective; multiobjective; pareto; non-dominated; nsga,microgrid; electric vehicle; electric vehicles,topsis,genetic algorithm; ga; nsga,,,
han_optimization_2020,2020,ARTICLE,An optimization scheduling method of electric vehicle virtual energy storage to track planned output based on multiobjective optimization,Int J Energy Res,10.1002/er.5534,moo_mes,1,1,0,0,multi-objective; multiobjective; nondominated,electric vehicle; electric vehicles,,genetic algorithm; ga; particle swarm; pso,,neural network,
han_sensitivity_2017,2017,ARTICLE,Sensitivity analysis of acquisition granularity of photovoltaic output power to capacity configuration of energy storage systems,Appl. Energy,10.1016/j.apenergy.2017.06.062,moo_only,1,0,0,0,multi-objective; multiobjective,,,genetic algorithm; ga; particle swarm; pso,,,
han_sensitivity_2017-1,2017,ARTICLE,Sensitivity analysis of {PV} output power to capacity configuration of energy storage systems from time and space characteristics,Int J Energy Res,10.1002/er.3820,moo_only,1,0,0,0,multi-objective; multiobjective,,,particle swarm; pso,,,
han_multi-objective_2018,2018,ARTICLE,Multi-objective optimal dispatching of active distribution networks considering energy storage systems and air-conditioning loads,Dianli Xitong Baohu yu Kongzhi,10.7667/PSPC180023,moo_mes,1,1,0,0,multi-objective,virtual power plant; distributed energy,,particle swarm,,,
han_optimal_2024,2024,ARTICLE,Optimal Scheduling for Regional Integrated Energy System Operation Based on the {AMOWOA},Zidonghua Xuebao Acta Auto. Sin.,10.16383/j.aas.c211146,moo_mes,1,1,0,0,multi-objective; multi objective; multiobjective; non-dominated,multi-energy; integrated energy,,,,,
han_new_2025,2025,ARTICLE,"A new multi-objective optimization model for an integrated energy system based on life-cycle composite technical, economic and environmental indices",Energy Convers. Manage.,10.1016/j.enconman.2025.119532,moo_mes,1,1,0,0,multi-objective,integrated energy,,ga,,,
han_multi-objective_2024,2024,ARTICLE,{MULTI}-{OBJECTIVE} {OPTIMIZATION} {AND} {IMPROVED} {SUBJECTIVE}-{OBJECTIVE} {EVALUATION} {FOR} {REGIONAL} {INTEGRATED} {ENERGY} {SYSTEMS},Taiyangneng Xuebao,10.19912/j.0254-0096.tynxb.2023-1168,moo_mes,1,1,0,0,multi-objective; multiobjective,multi-energy; integrated energy,,,,,
hao_multi-objective_2019,2019,INPROCEEDINGS,A Multi-Objective Optimization Planning of Park-level Integrated Energy System Based on Two-tier Planning Model,Institute of Electrical and Electronics Engineers Inc,10.1109/CIEEC47146.2019.CIEEC-2019330,moo_mes,1,1,0,0,multi-objective; multiobjective,multi-energy; integrated energy,,ga,,,
hao_optimization_2024,2024,ARTICLE,Optimization on scheduling decision-making for wind/solar/hydrogen storage highway microgrid based on improved Pareto algorithm,Jiaotong Yunshu Gongcheng Xuebao,10.19818/j.cnki.1671-1637.2024.04.006,moo_mes,1,1,0,0,multi-objective; pareto,microgrid; microgrids; hydrogen,,particle swarm; pso,,,
hao_hierarchical_2014,2014,ARTICLE,Hierarchical and distributed optimization of energy management for microgrid,Dianli Zidonghua Shebei Electr. Power Autom. Equip.,10.3969/j.issn.1006-6047.2014.01.026,moo_mes,1,1,0,0,multi-objective; multiobjective,microgrid; micro grid,,ga,,,
harkouss_multi-objective_2018,2018,ARTICLE,Multi-objective optimization methodology for net zero energy buildings,J. Build. Eng.,10.1016/j.jobe.2017.12.003,moo_only,1,0,1,0,multi-objective; multiobjective; multi-criteria; pareto; non-dominated; nsga,,mcdm; multi-criteria decision; electre,genetic algorithm; ga; nsga,,,
harsh_multi-objective_2024,2024,ARTICLE,A multi-objective energy scheduling of the reconfigurable off-grid microgrid with electric vehicles using demand response program,Comput Electr Eng,10.1016/j.compeleceng.2024.109275,moo_mes,1,1,0,0,multi-objective; multi objective; multiobjective,microgrid; microgrids; off-grid; distributed generation; electric vehicle; electric vehicles,,,,,
hashemipour_comparing_2022,2022,INPROCEEDINGS,Comparing Optimization Strategies in Local Electricity Markets,{IEEE} Computer Society,10.1109/EEM54602.2022.9921146,moo_mes,1,1,0,0,multi-objective; multiobjective,energy community; energy communities,,,,,
hassan_optimal_2024,2024,ARTICLE,Optimal use of renewable energy technologies during building schematic design phase,Appl. Energy,10.1016/j.apenergy.2023.122006,moo_only,1,0,0,0,multi-objective; multiobjective,,,genetic algorithm,,,
hassan_hybrid_2016,2016,ARTICLE,Hybrid genetic multi objective/fuzzy algorithm for optimal sizing and allocation of renewable {DG} systems,Int. Trans. Elecr. Energy Sys.,10.1002/etep.2223,moo_mes,1,1,0,0,multi-objective; multi objective; multiobjective; pareto,distributed generation,,genetic algorithm,,,
hassan_mwoa_2020,2020,INPROCEEDINGS,{MWOA} {FOR} {OPTIMAL} {INTEGRATION} {OF} {HYBRID} {RENEWABLE} {RESOURCES} {INTO} {THE} {DISTRIBUTION} {SYSTEMS} {FOR} {TECHNO}-{ECONOMIC} {BENEFITS},Institution of Engineering and Technology,10.1049/icp.2023.0617,moo_mes,1,1,0,0,multi-objective; multiobjective,distributed generation,,,,,
hassan_improving_2022,2022,ARTICLE,Improving the Techno-Economic Pattern for Distributed Generation-Based Distribution Networks via Nature-Inspired Optimization Algorithms,Technol. Econ. Smart Grids Sustain. Energy,10.1007/s40866-022-00128-z,moo_mes,1,1,0,0,multi-objective; multi objective; multiobjective,distributed generation,,ga,,,
hassoun_analysis_2015,2015,ARTICLE,Analysis and performance assessment of a multigenerational system powered by Organic Rankine Cycle for a net zero energy house,Appl Therm Eng,10.1016/j.applthermaleng.2014.11.017,moo_only,1,0,0,0,multi-objective; multiobjective; pareto,,,genetic algorithm; ga,,,
hayajneh_design_2021,2021,ARTICLE,Design of combined stationary and mobile battery energy storage systems,{PLoS} {ONE},10.1371/journal.pone.0260547,moo_mes,1,1,0,0,multi-objective; pareto,electric vehicle,,,,,
he_four_2023,2023,ARTICLE,Four objective techno-economic generation expansion planning integrated with renewable sources using a novel power flow solution,J. Build. Eng.,10.1016/j.jobe.2023.107508,moo_mes,1,1,0,0,multi-objective; multiobjective,microgrid; microgrids,,ga,,,
he_cooperative_2016,2016,INPROCEEDINGS,Cooperative optimal control of microgrid group with distributed generation,{IEEE} Computer Society,10.1109/CICED56215.2022.9929139,moo_mes,1,1,0,0,multi-objective; multiobjective,microgrid; microgrids; distributed generation,,genetic algorithm,,,
he_optimal_2023,2023,ARTICLE,Optimal Location and Sizing of Distributed Generator via Improved Multi-Objective Particle Swarm Optimization in Active Distribution Network Considering Multi-Resource,Energy Eng,10.32604/ee.2023.029007,moo_mes,1,1,0,0,multi-objective; multi objective; multiobjective; pareto; mopso,distributed generation,,particle swarm; pso; mopso,,,
he_optimization_2017,2017,INPROCEEDINGS,An optimization method of multiple energy flows for {CCHP} based on fuzzy theory and {PSO},Institute of Electrical and Electronics Engineers Inc,10.1109/EI2.2017.8245315,moo_mes,1,1,0,0,multi-objective; multiobjective,cchp; chp,,particle swarm; pso,,,
he_research_2019,2019,ARTICLE,Research on multi-objective optimization strategy for ice storage air conditioning system for distribution network wind power consumption,Dianli Xitong Baohu yu Kongzhi,10.19783/j.cnki.pspc.191092,moo_only,1,0,0,0,multi-objective; multiobjective; pareto; non-dominated; nsga,,,genetic algorithm; ga; nsga,,,
he_research_2023,2023,INPROCEEDINGS,Research on multi-objective optimization of energy power system under low carbon constraints,Institute of Physics,10.1088/1742-6596/2442/1/012022,moo_only,1,0,0,0,multi-objective; multiobjective,,,,,,
he_optimization_2021,2021,ARTICLE,Optimization of Multiobjective Configuration of Multienergy Microgrid Based on {HMM} and Typical Scenarios: A Case Study of Smart Park,Math. Probl. Eng.,10.1155/2021/5162307,moo_mes,1,1,0,0,multi-objective; multiobjective,multi-energy; microgrid; microgrids,,,,,
he_towards_2021,2021,ARTICLE,"Towards cleaner heating production in rural areas: Identifying optimal regional renewable systems with a case in Ningxia, China",Sustainable Cities Soc.,10.1016/j.scs.2021.103288,moo_only,1,0,1,0,multi-objective; multiobjective; multi-criteria; multi criteria; multicriteria,,multi-criteria decision; multi criteria decision; multicriteria decision,ga,,,
he_optimal_2019,2019,ARTICLE,Optimal economic and emission dispatch of a microgrid with a combined heat and power system,Energies,10.3390/en12040604,moo_mes,1,1,0,0,multi-objective; multiobjective; pareto,microgrid; micro grid; combined heat and power; chp; district heating,,ga,,,
he_comprehensive_2025,2025,ARTICLE,"A comprehensive thermo-enviro-economic assessments of a novel geothermal-based multigeneration process: Integrating power generation, hydrogen production, {CO}2 capture, and absorption cooling",J. Environ. Manage.,10.1016/j.jenvman.2025.124957,moo_mes,1,1,1,0,multi objective; multiobjective,hydrogen,topsis,ga,,neural network; deep learning,
he_multi-objective_2020,2020,INPROCEEDINGS,Multi-objective Coordinated Operation for Multi-Energy Hub Considering Heat Network Model,Institute of Electrical and Electronics Engineers Inc,10.1109/SCEMS48876.2020.9352262,moo_mes,1,1,0,0,multi-objective; multi objective; multiobjective; pareto,multi-energy; multi energy; energy hub; chp,,ga,,,
he_thermodynamic_2023,2023,ARTICLE,Thermodynamic analysis and optimization of a compressed carbon dioxide energy storage system coupled with a combined heating and power unit,Energy Convers. Manage.,10.1016/j.enconman.2022.116618,moo_mes,1,1,0,0,multi-objective; multiobjective,chp,,particle swarm,,,
he_analysis_2024,2024,ARTICLE,Analysis on data center power supply system based on multiple renewable power configurations and multi-objective optimization,Renew. Energy,10.1016/j.renene.2023.119865,moo_mes,1,1,1,0,multi-objective; multiobjective; nsga,distributed energy,topsis,genetic algorithm; ga; nsga,,,
he_techno-economic_2022,2022,ARTICLE,Techno-economic comparison of different hybrid energy storage systems for off-grid renewable energy applications based on a novel probabilistic reliability index,Appl. Energy,10.1016/j.apenergy.2022.120225,moo_mes,1,1,0,0,multi-objective; multiobjective,off-grid; hydrogen,,ga,,,
he_automatic_2023,2023,INPROCEEDINGS,Automatic Generation Control Strategy with Aggregated Generation Units Based on Mesh Adaptive Multi-Objective Optimization Algorithm,Institute of Electrical and Electronics Engineers Inc,10.1109/PSGEC58411.2023.10255979,moo_only,1,0,0,0,multi-objective; multiobjective,,,ga,,,
he_multi-objective_2024,2024,ARTICLE,Multi-objective optimization of regional power generation mix considering both carbon cap-and-trade mechanisms and renewable portfolio standards,Renew. Energy,10.1016/j.renene.2024.120937,moo_only,1,0,0,0,multi-objective; multiobjective,,,,,,
he_novel_2024,2024,ARTICLE,A Novel {MOWSO} algorithm for Microgrid multi-objective optimal dispatch,Electr Power Syst Res,10.1016/j.epsr.2024.110374,moo_mes,1,1,0,0,multi-objective; multi objective; multiobjective; pareto,microgrid; microgrids,,ga,,,
hein_coordinated_2020,2020,INPROCEEDINGS,Coordinated Multi-energy Dispatch of Ship Microgrid with Reefer System,{IEEE} Computer Society,10.1109/IECON43393.2020.9255145,moo_mes,1,1,0,0,multi-objective; pareto,multi-energy; microgrid; microgrids,,ga,,,
hein_coordinated_2021,2021,ARTICLE,Coordinated Optimal Voyage Planning and Energy Management of All-Electric Ship with Hybrid Energy Storage System,{IEEE} Trans Power Syst,10.1109/TPWRS.2020.3029331,moo_mes,1,1,0,0,multi-objective,microgrid,,,,,accelerate
hein_multi-objective_2020,2020,ARTICLE,Multi-objective optimal scheduling of a hybrid ferry with shore-to-ship power supply considering energy storage degradation,Electronics (Switzerland),10.3390/electronics9050849,moo_only,1,0,0,0,multi-objective,,,,,,
hejeejo_sustainable_2017,2017,ARTICLE,"Sustainable energy system planning for the management of {MGs}: A case study in New South Wales, Australia",{IET}. Renew. Power Gener.,10.1049/iet-rpg.2016.0611,moo_mes,1,1,0,0,multi-objective; multiobjective,microgrid; microgrids,,ga,,,
hemeida_genetic_2021,2021,ARTICLE,Genetic Algorithms and Satin Bowerbird Optimization for optimal allocation of distributed generators in radial system,Appl. Soft Comput. J.,10.1016/j.asoc.2021.107727,moo_mes,1,1,0,0,multi-objective,distributed generation,,genetic algorithm; ga,,,
hemmati_economic-environmental_2021,2021,ARTICLE,Economic-environmental analysis of combined heat and power-based reconfigurable microgrid integrated with multiple energy storage and demand response program,Sustainable Cities Soc.,10.1016/j.scs.2021.102790,moo_mes,1,1,0,0,multi-objective; multiobjective; pareto,microgrid; micro grid; microgrids; combined heat and power; chp,,ga,,,
herath_computational_2019,2019,ARTICLE,Computational intelligence-based demand response management in a microgrid,{IEEE} Trans Ind Appl,10.1109/TIA.2018.2871390,moo_mes,1,1,0,0,multi-objective; multiobjective,microgrid,,particle swarm; pso,,,
hernandez-romero_strategic_2023,2023,ARTICLE,Strategic planning for sustainable electric system operations: Integrating renewables and energy storage,Comput. Chem. Eng.,10.1016/j.compchemeng.2023.108312,moo_only,1,0,0,0,multi-objective; multiobjective,,,,,,
heuninckx_stakeholder_2022,2022,ARTICLE,Stakeholder objectives for joining an energy community: Flemish case studies,Energy Policy,10.1016/j.enpol.2022.112808,mes_only,0,1,0,0,,energy community; energy communities,,ga,,,
heydari_new_2023,2023,INPROCEEDINGS,A New Combined {PV} Output Power Forecasting Model Based on Optimized {LSTM} Network,Institute of Electrical and Electronics Engineers Inc,10.1109/GlobConET56651.2023.10149975,moo_mes,1,1,0,0,multi-objective; multiobjective; nsga,off-grid,,ga; nsga,,neural network; lstm,
heydari_combined_2023,2023,ARTICLE,A combined multi-objective intelligent optimization approach considering techno-economic and reliability factors for hybrid-renewable microgrid systems,J. Clean. Prod.,10.1016/j.jclepro.2022.135249,moo_mes,1,1,0,0,multi-objective; multi objective; multiobjective; pareto; non-dominated; nsga; mopso,microgrid; microgrids; hybrid renewable energy system,,ga; nsga; particle swarm; pso; mopso,,,
hijjo_multi-objective_2018,2018,INPROCEEDINGS,Multi-objective optimization for scheduling isolated microgrids,Institute of Electrical and Electronics Engineers Inc,10.1109/ICIT.2018.8352321,moo_mes,1,1,0,0,multi-objective; multiobjective,microgrid; micro grid; microgrids,,ga,,,
hiroki_efficient_2011,2011,INPROCEEDINGS,An efficient multi-objective meta-heuristic method for probabilistic transmission network planning,Elsevier B.V,10.1016/j.procs.2014.09.019,moo_mes,1,1,0,0,multi-objective; multiobjective; pareto; non-dominated; nondominated; nsga,distributed generation,,genetic algorithm; ga; nsga,,,
hirvonen_novel_2018,2018,ARTICLE,A novel fully electrified solar heating system with a high renewable fraction - Optimal designs for a high latitude community,Renew. Energy,10.1016/j.renene.2018.04.028,moo_mes,1,1,0,0,multi-objective; multiobjective,district heating,,genetic algorithm; ga,,,
hlal_optimum_2019,2019,ARTICLE,Optimum battery depth of discharge for off-grid solar {PV}/battery system,J. Energy Storage,10.1016/j.est.2019.100999,moo_mes,1,1,0,0,multi-objective; multiobjective; non-dominated; nsga,off-grid; stand-alone,,genetic algorithm; ga; nsga,,,replace
hlalele_dynamic_2020,2020,ARTICLE,Dynamic Economic Dispatch with Maximal Renewable Penetration under Renewable Obligation,{IEEE} Access,10.1109/ACCESS.2020.2975674,moo_only,1,0,0,0,multi-objective; multiobjective; pareto,,,ga,,,
hleihel_multi-objective_2022,2022,INPROCEEDINGS,Multi-objective Optimization of a {DC} Microgrid with a Back-up Diesel Generator,Institute of Electrical and Electronics Engineers Inc,,moo_mes,1,1,0,0,multi-objective; multiobjective,microgrid; microgrids; distributed energy,,genetic algorithm; ga; particle swarm; pso,,,
holjevac_n_multi-objective_2024,2024,INPROCEEDINGS,Multi-Objective Optimization for a Grid-Connected Hydrogen Integrated Energy Community,Institute of Electrical and Electronics Engineers Inc,,moo_mes,1,1,0,0,multi-objective,integrated energy; energy community; energy communities; hydrogen,,ga,,,
holtwerth_closed_2024,2024,ARTICLE,Closed loop model predictive control of a hybrid battery-hydrogen energy storage system using mixed-integer linear programming,Energy Convers. Manage. X,10.1016/j.ecmx.2024.100561,moo_mes,1,1,0,0,multi-objective; multiobjective; pareto,hydrogen,,ga,,,
homayoun_multi-objective_2021,2021,ARTICLE,Multi-objective operation of distributed generations and thermal blocks in microgrids based on energy management system,{IET} Gener. Transm. Distrib.,10.1049/gtd2.12112,moo_mes,1,1,0,0,multi-objective; multiobjective; pareto,microgrid; microgrids; distributed generation; combined heat and power,,,,learning-based,
hong_investigating_2024,2024,ARTICLE,Investigating the Impact of Demand Management on the Microgrid with the Presence of Renewable Resources Uncertainty and Reliability,Process. Integr. Optim. Sustain.,10.1007/s41660-024-00401-x,moo_mes,1,1,0,0,multi-objective; multiobjective,microgrid; microgrids,,ga; particle swarm; pso,,,
hongzhao_research_2017,2017,INPROCEEDINGS,Research on capacity configuration optimization for island microgrid based on battery's state of charge,Institute of Electrical and Electronics Engineers Inc,10.1109/EI2.2017.8245259,moo_mes,1,1,0,0,multi-objective; multiobjective,microgrid; micro grid; distributed energy,,ga,,,
hooshmand_energy_2019,2019,ARTICLE,"Energy management in distribution systems, considering the impact of reconfiguration, {RESs}, {ESSs} and {DR}: A trade-off between cost and reliability",Renew. Energy,10.1016/j.renene.2019.02.101,moo_only,1,0,0,0,multi-objective; multiobjective; pareto,,,ga,,,
hori_development_2018,2018,ARTICLE,Development and application of a multi-objective optimization tool for renewable energy mix in municipalities,Trans. Jpn. Soc. Artif. Intell.,10.1527/tjsai.F-SGAI01,moo_only,1,0,0,0,multi-objective; multiobjective; pareto; nsga,,,genetic algorithm; ga; nsga,,,
hori_local_2020,2020,ARTICLE,Local energy system design support using a renewable energy mix multi-objective optimization model and a co-creative optimization process,Renewable Energy,10.1016/j.renene.2019.11.089,moo_only,1,0,0,0,multi-objective; pareto,,,ga,,,
hossain_multi-objective_2023,2023,ARTICLE,Multi-Objective Hybrid Optimization for Optimal Sizing of a Hybrid Renewable Power System for Home Applications,Energies,10.3390/en16010096,moo_mes,1,1,0,0,multi-objective; multiobjective; nsga,microgrid; hybrid renewable energy system,,genetic algorithm; ga; nsga; particle swarm; pso; grey wolf; gwo,,,approximate
hossein_atazadegan_cooperative_2024,2024,ARTICLE,A Cooperative Generation Expansion Planning of Microgrids to Improve the Resiliency of Active Distribution Networks,{IEEE} Access,10.1109/ACCESS.2024.3519363,moo_mes,1,1,0,0,multi-objective; multi objective; pareto,microgrid; microgrids,,ga,,,
hosseini_novel_2025,2025,ARTICLE,"A novel reinforcement learning-based multi-objective energy management system for multi-energy microgrids integrating electrical, hydrogen, and thermal elements",Electr Power Syst Res,10.1016/j.epsr.2025.111474,moo_mes_surrogate,1,1,0,1,multi-objective; multi objective,multi-energy; multi energy; microgrid; microgrids; hydrogen,,ga; particle swarm; pso,,learning-based,accelerate
hosseini_multi-objective_2017,2017,INPROCEEDINGS,Multi-objective optimal scheduling of a micro-grid consisted of renewable energies using multi-objective Ant Lion Optimizer,Institute of Electrical and Electronics Engineers Inc,10.1109/SGC.2017.8308867,moo_mes,1,1,0,0,multi-objective; multi objective; multiobjective; pareto; non-dominated; nsga; mopso,virtual power plant; microgrid; micro-grid,,genetic algorithm; ga; nsga; particle swarm; pso; mopso,,,
hosseini_robust_2021,2021,ARTICLE,Robust Optimal Energy Management of a Residential Microgrid under Uncertainties on Demand and Renewable Power Generation,{IEEE} Trans. Autom. Sci. Eng.,10.1109/TASE.2020.2986269,moo_mes,1,1,0,0,multi-objective; multiobjective,microgrid; microgrids; electric vehicle; electric vehicles,,,,,
hosseinnezhad_optimal_2016,2016,ARTICLE,Optimal day-ahead operational planning of microgrids,Energy Convers. Manage.,10.1016/j.enconman.2016.07.076,moo_mes,1,1,0,0,multi-objective; multiobjective,microgrid; microgrids; distributed energy,,ga; particle swarm; pso,,,
hosseinnia_multi-objective_2019,2019,ARTICLE,Multi-objective optimization framework for optimal planning of the microgrid ({MG}) under employing demand response program ({DRP}),J. Ambient Intell. Humanized Comput.,10.1007/s12652-018-0977-y,moo_mes,1,1,0,0,multi-objective; multiobjective,microgrid; micro grid,,ga,,,
hou_multi-objective_2020,2020,INPROCEEDINGS,Multi-objective Demand Responding Micro Grid Operation With Uncertain Renewable Energy and Load Demand,Scanditale {AB},10.46855/energy-proceedings-7371,moo_mes,1,1,0,0,multi-objective; mopso,micro grid; distributed energy,,particle swarm; pso; mopso,,,
hou_research_2023,2023,ARTICLE,Research on Collaborative and Optimization Methods of Active Energy Management in Community Microgrid,Dianwang Jishu,10.13335/j.1000-3673.pst.2022.1361,moo_mes,1,1,0,0,multi-objective; multiobjective,microgrid; microgrids; distributed resources,,ga,,,
hu_optimal_2023,2023,INPROCEEDINGS,Optimal Operation of Integrated Energy System Considering Greenhouse Demand Side Response,Institute of Electrical and Electronics Engineers Inc,10.1109/SAFEPROCESS58597.2023.10295658,moo_mes,1,1,0,0,multi-objective; multiobjective,multi-energy; multi energy; integrated energy,,,,,
hu_model_2025,2025,ARTICLE,Model simulation and multi-objective capacity optimization of wind power coupled hybrid energy storage system,Energy,10.1016/j.energy.2025.134887,moo_mes,1,1,0,0,multi-objective; multi objective; pareto; non-dominated,hydrogen,,genetic algorithm; ga,,,
hu_economic_2021,2021,ARTICLE,Economic and environmental analysis of coupling waste-to-power technology to integrated energy system ({IES}) using a two-layer optimization method,J. Clean. Prod.,10.1016/j.jclepro.2021.129240,moo_mes,1,1,0,0,multi-objective; multiobjective,multi-energy; integrated energy; cchp; chp,,,,,
hu_thermo-economic_2021,2021,ARTICLE,Thermo-economic optimization of the hybrid geothermal-solar power system: A data-driven method based on lifetime off-design operation,Energy Convers. Manage.,10.1016/j.enconman.2020.113738,moo_mes,1,1,0,0,multi-objective; multiobjective,stand-alone,,ga,,neural network; machine learning,
hu_multiobjective_2021,2021,ARTICLE,Multiobjective optimal scheduling of integrated energy system in the industry park,J. Electr. Power. Sci. Technol.,10.19781/j.issn.16739140.2021.01.002,moo_mes,1,1,0,0,multi-objective; multiobjective,integrated energy,,,,,
hu_multi-objective_2016,2016,ARTICLE,Multi-objective optimal operation of microgrid considering the battery loss characteristics,Zhongguo Dianji Gongcheng Xuebao,10.13334/j.0258-8013.pcsee.2016.10.011,moo_mes,1,1,0,0,multi-objective; multi objective; multiobjective; mopso,microgrid; micro grid; microgrids,,particle swarm; pso; mopso,,,
hu_optimal_2021,2021,INPROCEEDINGS,Optimal design of hybrid renewable energy system considering equipment performance and annual cost,Institute of Electrical and Electronics Engineers Inc,10.1109/SPAC53836.2021.9539917,moo_mes,1,1,0,0,multi-objective; multiobjective; pareto,hybrid renewable energy system,,,,,
hua_optimizing_2024,2024,ARTICLE,Optimizing onshore wind power installation within China via geographical multi-objective decision-making,Energy,10.1016/j.energy.2024.132431,moo_only,1,0,0,0,multi-objective; multi objective; multiobjective,,,,,,
hua_optimal_2024,2024,INPROCEEDINGS,Optimal Control Architecture of Smart Energy Interconnected System with Multi-Factor Integration in New Power System,Institute of Electrical and Electronics Engineers Inc,10.1109/ICCASIT62299.2024.10827993,moo_only,1,0,0,0,multi-objective,,,,,,
hua_scenario-based_2024,2024,ARTICLE,Scenario-based stochastic optimization on the variability of solar and wind for component sizing of integrated energy systems,Renew. Energy,10.1016/j.renene.2024.121543,moo_mes,1,1,0,0,multi-objective; multiobjective,integrated energy,,,,,
hua_optimal_2024-1,2024,ARTICLE,Optimal energy management via day-ahead scheduling considering renewable energy and demand response in smart grids,{ISA} Trans,10.1016/j.isatra.2024.08.032,moo_mes,1,1,0,0,multi-objective; multiobjective,distributed generation,,ga,,,
hua_energy-efficient_2025,2025,ARTICLE,"An energy-efficient system with demand response, distributed generation, and storage batteries for energy optimization in smart grids",J. Energy Storage,10.1016/j.est.2025.115491,moo_mes,1,1,0,0,multi-objective; non-dominated; mopso,distributed generation,,particle swarm; pso; mopso,,,
hua_optimal_2024-2,2024,INPROCEEDINGS,Optimal Scheduling of Microgrid Using Constrained Multi-Objective Optimization with Additional Objectives,Institute of Electrical and Electronics Engineers Inc,10.1109/DOCS63458.2024.10704436,moo_mes,1,1,0,0,multi-objective; multiobjective,"microgrid; microgrids; combined cooling, heating, and power",,,,,
hua_optimal_2019,2019,ARTICLE,Optimal capacity allocation of multiple solar trackers and storage capacity for utility-scale photovoltaic plants considering output characteristics and complementary demand,Appl. Energy,10.1016/j.apenergy.2019.01.099,moo_only,1,0,0,0,multi-objective; multiobjective,,,ga,,,
huang_multi-timescale_2024,2024,ARTICLE,A multi-timescale energy scheduling model for microgrid embedded with differentiated electric vehicle charging management strategies,Sustainable Cities Soc.,10.1016/j.scs.2023.105123,moo_mes,1,1,0,0,multi-objective; multiobjective; mopso,microgrid; electric vehicle; electric vehicles,,particle swarm; pso; mopso,,,
huang_multi-objective_2022,2022,ARTICLE,Multi-objective Optimal Scheduling of Integrated Energy Systems Based On Distributed Neurodynamic Optimization,Zidonghua Xuebao Acta Auto. Sin.,10.16383/j.aas.c200168,moo_mes,1,1,0,0,multi-objective; multi objective; multiobjective; pareto,multi-energy; integrated energy,,,,neural network; recurrent neural,
huang_multi-objective_2022-1,2022,ARTICLE,Multi-objective optimization of energy conservation and emission reduction in China's iron and steel industry based on dimensionality reduction,J. Clean. Prod.,10.1016/j.jclepro.2022.133131,moo_only,1,0,0,0,multi-objective; multiobjective; pareto; nsga; hypervolume,,,ga; nsga,,,computational cost
huang_industrial-environmental_2022,2022,ARTICLE,Industrial-environmental management in China's iron and steel industry under multiple objectives and uncertainties,J. Environ. Manage.,10.1016/j.jenvman.2022.114785,moo_only,1,0,0,0,multi-objective; multiobjective; nsga,,,ga; nsga,,,
huang_multi-objective_2020,2020,ARTICLE,Multi-objective optimization of line loss and reactive power in micro-grid area considering renewable energy integration,Electrical Measurement Instrum.,10.19753/j.issn1001-1390.2020.10.013,moo_mes,1,1,0,0,multi-objective; pareto,micro-grid,,ga,,,
huang_achieving_2024,2024,ARTICLE,Achieving energy independence in urban microgrids: Strategies for domestic resource utilization and environmental sustainability,Sustainable Cities Soc.,10.1016/j.scs.2023.105158,moo_mes,1,1,0,0,multi-objective; multiobjective,microgrid; microgrids; standalone; distributed generation,,genetic algorithm; ga,,,
huang_configuration_2024,2024,ARTICLE,Configuration optimization for transportation self-consistent energy system architectures under different operation modes,Jiaotong Yunshu Gongcheng Xuebao,10.19818/j.cnki.1671-1637.2024.05.003,moo_only,1,0,0,0,multi-objective; multiobjective; non-dominated,,,genetic algorithm,,,
huang_economic_2024,2024,ARTICLE,Economic Optimization Scheduling Strategy for Offshore Fishing Raft Microgrid Clusters,{IEEE} Access,10.1109/ACCESS.2024.3398808,moo_mes,1,1,0,0,multi-objective; multiobjective; non-dominated; nsga; moea,microgrid; micro-grid; microgrids,,genetic algorithm; ga; nsga; moea,,,
huang_data-driven_2023,2023,INPROCEEDINGS,Data-Driven Robust Optimization for Industrial Utility System Integrating Wind and Solar Energies,Institute of Electrical and Electronics Engineers Inc,10.1109/CAC59555.2023.10450545,moo_only,1,0,0,0,multi-objective; multiobjective,,,ga,,,
huang_research_2022,2022,INPROCEEDINGS,Research on Multi-level and Multi-Objective Optimization of Microgrid Based on Large-scale System Control Theory,{VDE} {VERLAG} {GMBH},,moo_mes,1,1,0,0,multi-objective; multiobjective,microgrid; microgrids,,particle swarm; pso,,,
huang_multi-objective_2017,2017,ARTICLE,Multi-objective Economic Optimization of Microgrid Operation with Electric Vehicles Hybrid Energy Storage System,Gaoya Dianqi,10.13296/j.1001-1609.hva.2017.10.024,moo_mes,1,1,0,0,multi-objective; pareto; nsga,microgrid; combined heat and power; chp; electric vehicle; electric vehicles,,genetic algorithm; ga; nsga,,,
huang_multi-objective_2018,2018,INPROCEEDINGS,Multi-objective economic optimization operation of electric vehicle-contained microgrid based on cogeneration,Institute of Electrical and Electronics Engineers Inc,10.1109/CIEEC.2018.8745878,moo_mes,1,1,0,0,multi-objective; multiobjective; pareto; nsga,microgrid; micro-grid; micro grid; combined heat and power; electric vehicle; electric vehicles,,genetic algorithm; ga; nsga,,,
huang_enhanced_2025,2025,ARTICLE,Enhanced particle swarm optimization with chaotic search for offshore micro-energy systems,Sci. Rep.,10.1038/s41598-025-85557-3,moo_only,1,0,0,0,multi-objective; multiobjective,,,ga; particle swarm; pso,,,
huang_multi-objective_2018-1,2018,ARTICLE,Multi-Objective Optimization Dispatch of Active Distribution Network Based on Dynamic Schedule Priority,Diangong Jishu Xuebao,10.19595/j.cnki.1000-6753.tces.170871,moo_mes,1,1,0,0,multi-objective; multiobjective,electric vehicle,,particle swarm; pso,,,
huang_joint_2023,2023,INPROCEEDINGS,Joint Photovoltaic and Battery Storage Multiple Objective Optimization Scheduling in Home Energy Management System,Institute of Electrical and Electronics Engineers Inc,10.1109/CAC59555.2023.10450285,moo_only,1,0,0,0,multi-objective; multiobjective; nsga,,,ga; nsga,,,
huang_multi-objective_2020-1,2020,ARTICLE,Multi-objective optimization of digital management for renewable energies in smart cities,J. Eur. Syst. Autom.,10.18280/jesa.530615,moo_only,1,0,0,0,multi-objective; multiobjective,,,genetic algorithm; ga; particle swarm; pso,,,
huang_optimization_2024,2024,ARTICLE,An Optimization Method for Energy Storage Configuration of Isolated Island Microgrid Considering New Energy Output,Zhongguo Dianli,10.11930/j.issn.1004-9649.202312094,moo_mes,1,1,0,0,multi-objective,microgrid; microgrids,,,,,
huang_simulation_2024,2024,INPROCEEDINGS,Simulation of Multi-objective Low-carbon Economic Scheduling Model Based on Big Data Algorithm,Institute of Electrical and Electronics Engineers Inc,10.1109/SSAIC61213.2024.00031,moo_only,1,0,0,0,multi-objective; multiobjective,,,,,,
huang_multi-objective_2023,2023,ARTICLE,Multi-objective optimization of campus microgrid system considering electric vehicle charging load integrated to power grid,Sustainable Cities Soc.,10.1016/j.scs.2023.104778,moo_mes,1,1,1,0,multi-objective; multiobjective; nsga,microgrid; microgrids; distributed energy; electric vehicle; electric vehicles,topsis,ga; nsga,,,
huang_comparative_2021,2021,ARTICLE,A comparative design of a campus microgrid considering a multi-scenario and multi-objective approach,Energies,10.3390/en14112853,moo_mes,1,1,0,0,multi-objective; non-dominated; nsga,microgrid; micro-grid; microgrids,,genetic algorithm; ga; nsga,,,replace
huang_integrated_2023,2023,ARTICLE,Integrated district electricity system with anaerobic digestion and gasification for bioenergy production optimization and carbon reduction,Sustainable Energy Technol. Assess.,10.1016/j.seta.2022.102890,moo_only,1,0,0,0,multi-objective; multiobjective,,,ga,,,
huang_stackelberg-based_2023,2023,ARTICLE,"A Stackelberg-based biomass power trading game framework in hybrid-wind/solar/biomass system: From technological, economic, environmental and social perspectives",J. Clean. Prod.,10.1016/j.jclepro.2023.136806,moo_mes,1,1,0,0,multi-objective; multiobjective,hybrid renewable energy system; hybrid renewable energy systems,,ga,,,
huang_multi-objective_2022-2,2022,ARTICLE,Multi-objective optimal scheduling of integrated energy system with thermodynamic exergy analysis method,Taiyangneng Xuebao,10.19912/j.0254-0096.tynxb.2020-1167,moo_mes,1,1,1,0,multi-objective; multi objective; multiobjective; pareto,integrated energy,topsis,,,,
huang_two-stage_2022,2022,ARTICLE,A two-stage energy management for heat-electricity integrated energy system considering dynamic pricing of Stackelberg game and operation strategy optimization,Energy,10.1016/j.energy.2021.122576,moo_mes,1,1,0,0,multi-objective; multiobjective,integrated energy,,ga,,,
huang_capacity_2024,2024,ARTICLE,Capacity Optimization Configuration for a Park-Level Hybrid Energy Storage System Based on an Improved Cuckoo Algorithm,Process.,10.3390/pr12040718,moo_mes,1,1,1,0,multi-objective; multiobjective,microgrid,ahp,cuckoo search,,,
huang_modeling_2019,2019,ARTICLE,Modeling and multi-objective optimization of a stand-alone {PV}-hydrogen-retired {EV} battery hybrid energy system,Energy Convers. Manage.,10.1016/j.enconman.2018.11.079,moo_mes,1,1,0,0,multi-objective; multi objective; multiobjective; pareto; nsga; moea,stand-alone; hydrogen; electric vehicle,,ga; nsga; moea,,,
huang_optimizing_2024,2024,ARTICLE,Optimizing power systems and microgrids: A novel multi-objective model for energy hubs with innovative algorithmic optimization,Int J Hydrogen Energy,10.1016/j.ijhydene.2024.04.341,moo_mes,1,1,0,0,multi-objective; multiobjective,energy hub; microgrid; microgrids; hydrogen,,ga,,,
huanhuan_optimal_2015,2015,INPROCEEDINGS,Optimal scheduling of islanded microgrid based on improved {MOSSA},{IEEE} Computer Society,10.23919/CCC63176.2024.10661679,moo_mes,1,1,0,0,multi-objective; multi objective; pareto; non-dominated,microgrid,,,,,
hui_research_2020,2020,INPROCEEDINGS,Research on charge and discharge control strategy of electric vehicles in building micro-grid based on V2G mode,Institute of Electrical and Electronics Engineers Inc,10.1109/CAC51589.2020.9327601,moo_mes,1,1,0,0,multi-objective,microgrid; micro-grid; microgrids; electric vehicle; electric vehicles,,genetic algorithm,,,
huiling_optimization_2020,2020,ARTICLE,An optimization framework for collaborative control of power loss and voltage in distribution systems with {DGs} and {EVs} using stochastic fuzzy chance constrained programming,{IEEE} Access,10.1109/ACCESS.2020.2976510,moo_mes,1,1,0,0,multi-objective; multiobjective; pareto; non-dominated,distributed generation; electric vehicle; electric vehicles,,genetic algorithm,,,
human_power_2019,2019,ARTICLE,Power management and sizing optimisation of renewable energy hydrogen production systems,Sustainable Energy Technol. Assess.,10.1016/j.seta.2018.12.026,moo_mes,1,1,0,0,multi-objective; multiobjective; pareto,stand-alone; hydrogen,,genetic algorithm; ga; spea,,,
human_genetic_2021,2021,ARTICLE,Genetic fuzzy rule extraction for optimised sizing and control of hybrid renewable energy hydrogen systems,Int J Hydrogen Energy,10.1016/j.ijhydene.2020.10.238,moo_mes,1,1,0,0,multi-objective; multiobjective; pareto,hydrogen,,genetic algorithm,,,
human_interdependent_2014,2014,INPROCEEDINGS,Interdependent multi-objective sizing and control optimisation of a renewable energy hydrogen system,{IFAC} Secretariat,10.3182/20140824-6-za-1003.02416,moo_mes,1,1,0,0,multi-objective; multiobjective; non-dominated; nondominated,stand-alone; hydrogen,,genetic algorithm; ga,,,
humfrey_dynamic_2019,2019,ARTICLE,Dynamic charging of electric vehicles integrating renewable energy: A multiobjectiveoptimisation problem,{IET} Smart Grid,10.1049/iet-stg.2018.0066,moo_mes,1,1,0,0,multi-objective; multiobjective,electric vehicle; electric vehicles,,,,,
huo_simulation_2024,2024,INPROCEEDINGS,Simulation and Optimization of Power System Operation for Renewable Energy and Advanced Energy Storage Technology Based on Comprehensive Data of New Energy Storage,Institute of Electrical and Electronics Engineers Inc,10.1109/CIPAE64326.2024.00057,moo_mes,1,1,0,0,multi-objective,hydrogen,,,,,
huo_two-step_2020,2020,INPROCEEDINGS,A two-step multi-objective optimization frame-work for microgrid scheduling problem based on cloud-edge computing,Institute of Electrical and Electronics Engineers Inc,10.1109/EI250167.2020.9347092,moo_mes,1,1,0,0,multi-objective; multiobjective,microgrid; micro-grid; microgrids,,,,,
husain_comparative_2020,2020,INPROCEEDINGS,A Comparative Analysis of Multi-objective Optimization Algorithms for Stand-Alone Hybrid Renewable Energy System,Institute of Electrical and Electronics Engineers Inc,10.1109/ICIMIA48430.2020.9074903,moo_mes,1,1,0,0,multi-objective; multi objective; multiobjective; nsga; mopso,microgrid; hybrid renewable energy system; hybrid renewable energy systems; stand-alone; standalone,,ga; nsga; pso; mopso,,,
hussain_goal-programming-based_2020,2020,ARTICLE,Goal-programming-based multi-objective optimization in off-grid microgrids,Sustainability,10.3390/su12198119,moo_mes,1,1,0,0,multi-objective; multiobjective,microgrid; microgrids; off-grid; electric vehicle; electric vehicles,,,,,
hussain_smart_2023,2023,INPROCEEDINGS,A Smart Home Based on Renewable Energy with Net-Metering and Energy Storage Technology,Institute of Electrical and Electronics Engineers Inc,10.1109/ICPES59999.2023.10400120,moo_only,1,0,0,0,multi-objective; multiobjective,,,particle swarm; pso,,,
huy_performance_2022,2022,ARTICLE,Performance Improvement of Multiobjective Optimal Power Flow-Based Renewable Energy Sources Using Intelligent Algorithm,{IEEE} Access,10.1109/ACCESS.2022.3170547,moo_only,1,0,0,0,multi-objective; multi objective; multiobjective; pareto; non-dominated; nsga; hypervolume,,,ga; nsga,,,
ibrahim_optimum_2022,2022,ARTICLE,Optimum predictive modelling for a sustainable power supply mix: A case of the Nigerian power system,Energy Strateg. Rev.,10.1016/j.esr.2022.100962,moo_only,1,0,0,0,multi-objective; multiobjective,,,ga,,,
ibrahim_optimal_2024,2024,ARTICLE,Optimal multi-objective sizing of renewable energy sources and battery energy storage systems for formation of a multi-microgrid system considering diverse load patterns,Energy,10.1016/j.energy.2024.131921,moo_mes,1,1,0,0,multi-objective; multiobjective; pareto,microgrid; micro-grid; microgrids,,,,,
ibrahim_systematic_2024,2024,ARTICLE,A Systematic Analysis of Economic and Environmental Trade-Offs in Hydrogen Supply Chains with Resilience Considerations,Comput. Aided Chem. Eng.,10.1016/B978-0-443-28824-1.50401-4,moo_mes,1,1,0,0,multi-objective,hydrogen,,ga,,,replace
imperiali_multi-objective_2024,2024,INPROCEEDINGS,Multi-Objective Minimization of Life-Cycle Environmental Impacts of Three-Phase {AC}-{DC} Converter Building Blocks,Institute of Electrical and Electronics Engineers Inc,10.1109/APEC48139.2024.10509190,moo_only,1,0,0,0,multi-objective; multi objective; multiobjective; pareto,,,ga,,,
indragandhi_multi-objective_2018,2018,ARTICLE,Multi-objective optimization and energy management in renewable based {AC}/{DC} microgrid,Comput Electr Eng,10.1016/j.compeleceng.2018.01.023,moo_mes,1,1,0,0,multi-objective; multi objective; multiobjective; mopso,microgrid; micro-grid; micro grid,,ga; particle swarm; pso; mopso,,,
inkollu_application_2022,2022,ARTICLE,An Application of Hunter-Prey Optimization for Maximizing Photovoltaic Hosting Capacity Along with Multi-Objective Optimization in Radial Distribution Network,Int. J. Intelligent Eng. Syst.,10.22266/ijies2022.0831.52,moo_only,1,0,0,0,multi-objective; multiobjective,,,ga,,,
ippolito_multi-objective_2014,2014,ARTICLE,Multi-objective optimized management of electrical energy storage systems in an islanded network with renewable energy sources under different design scenarios,Energy,10.1016/j.energy.2013.11.065,moo_only,1,0,0,0,multi-objective; multiobjective; nsga,,,ga; nsga,,,
iqbal_design_2025,2025,ARTICLE,Design and Implementation of Hybrid {GA}-{PSO}-Based Harmonic Mitigation Technique for Modified Packed U-Cell Inverters,Energies,10.3390/en18010124,moo_mes,1,1,0,0,multi-objective; multiobjective,standalone; distributed energy,,ga; pso,,,
irani_thermo-economic_2025,2025,ARTICLE,"Thermo-economic evaluation and multi-objective optimization of an integrated solar-aided system for hydrogen, power, and biodiesel production with algal-based carbon capture",Int J Hydrogen Energy,10.1016/j.ijhydene.2025.02.392,moo_mes,1,1,0,0,multi-objective,hydrogen,,genetic algorithm; ga,,,
isafiade_multi-objective_2023,2023,ARTICLE,Multi-Objective Optimisation of Integrated Bio-Energy Supply Chain and Heat Exchanger Network Retrofit for Multi-Period Operations Considering Economics and Environmental Impact,Chem. Eng. Trans.,10.3303/CET23103088,moo_mes,1,1,0,0,multi-objective,energy hub; combined heat and power,,ga,,,
isafiade_multi-objective_2022,2022,ARTICLE,Multi-Objective Optimisation of Integrated Renewable Energy Feedstock Supply Chain and Work-Heat Exchanger Network Synthesis Considering Economics and Environmental Impact,Chem. Eng. Trans.,10.3303/CET2294187,moo_mes,1,1,0,0,multi-objective,combined heat and power,,,,,
isella_integrating_2025,2025,ARTICLE,"Integrating economic, environmental, and social sustainability in Power-to-Ammonia plants: A multi-objective optimization methodology",Comput. Chem. Eng.,10.1016/j.compchemeng.2025.109082,moo_mes,1,1,0,0,multi-objective,hydrogen,,,,,
islam_off-grid_2024,2024,ARTICLE,"An off-grid hybrid renewable energy solution in remote Doomadgee of Far North Queensland, Australia: Optimisation, techno-socio-enviro-economic analysis and multivariate polynomial regression",Renew. Energy,10.1016/j.renene.2024.120991,moo_mes,1,1,1,0,multi-objective; multiobjective,hybrid renewable energy system; hybrid renewable energy systems; off-grid; hydrogen,topsis,,,polynomial regression,
ituarte-villarreal_using_2011,2011,INPROCEEDINGS,Using the Monkey Algorithm for hybrid power systems optimization,Elsevier B.V,10.1016/j.procs.2012.09.082,moo_mes,1,1,0,0,multi-objective,micro-grid,,ga,,,replace
ivanova_d_mathematical_2023,2023,INPROCEEDINGS,Mathematical model and mobile application to support decision-making in conditions of uncertainty when investing in terrains for construction of renewable energy sources,American Institute of Physics Inc,10.1063/5.0178686,moo_only,1,0,0,0,multi-criteria,,,,,,
iwundu_modelling_2025,2025,INPROCEEDINGS,Modelling and Optimization of Hybrid Photovoltaic-Wind Turbine with Energy Storage System for Autonomous Electricity Generation,Trans Tech Publications Ltd,10.4028/p-k0qcyV,moo_only,1,0,0,0,multi-objective,,,ga,,,
jabbar_ma_modeling_2024,2024,INPROCEEDINGS,Modeling and optimal dispatch of park-level energy systems considering renewable energy uncertainties,{SPIE},10.1117/12.3032805,moo_mes,1,1,0,0,multi-objective; multiobjective,integrated energy,,ga,,,
jabbary_optimum_2023,2023,ARTICLE,Optimum utilization of hub energy micro-grids with micro-networking strategy of local biogas productions,Heliyon,10.1016/j.heliyon.2023.e20995,moo_mes,1,1,0,0,multi-objective,multi-energy; energy hub; microgrid; micro-grid,,ga,,,
jabur_ar_decision_2018,2018,INPROCEEDINGS,Decision making based on data analysis and optimization algorithm applied for cogeneration systems integration into a grid,American Institute of Physics Inc,10.1063/1.5039249,moo_mes,1,1,0,0,multi-objective,chp; district heating,,ga,,,
jafarian_optimal_2024,2024,ARTICLE,Optimal integration of efficient energy storage and renewable sources in hybrid energy systems: A novel optimization and dynamic evaluation strategy,J. Energy Storage,10.1016/j.est.2024.113880,moo_mes,1,1,0,0,multi-objective,hydrogen,,,,,
jafarpour_resilience-motivated_2023,2023,ARTICLE,A resilience-motivated restoration scheme for integrated electricity and natural gas distribution systems using adaptable microgrid formation,{IET} Gener. Transm. Distrib.,10.1049/gtd2.13032,moo_mes,1,1,0,0,multi-objective; multiobjective,integrated energy; microgrid; microgrids,,ga,,,
jagan_innovative_2025,2025,ARTICLE,Innovative Energy Distribution Method for Electric Vehicles ({IEDM}-{EV}): a multi-objective techno-economic-environmental optimization for smart grid integration,Int J Adv Manuf Technol,10.1007/s00170-025-15359-4,moo_mes,1,1,0,0,multi-objective; multi objective,electric vehicle; electric vehicles,,ga,,,
jahanbin_cross-climate_2025,2025,ARTICLE,Cross-climate analysis of techno-economic metrics in bi-level electrical and hydrogen storage systems for off-grid electrification of buildings,J. Energy Storage,10.1016/j.est.2024.114938,moo_mes,1,1,0,0,multi-objective,off-grid; stand-alone; hydrogen,,ga,,,
jahangir_multi-objective_2016,2016,INPROCEEDINGS,Multi-objective sizing of grid-connected micro-grid using Pareto front solutions,Institute of Electrical and Electronics Engineers Inc,10.1109/ISGT-Asia.2015.7387138,moo_mes,1,1,0,0,multi-objective; multi objective; multiobjective; pareto,microgrid; micro-grid; standalone; distributed energy,,genetic algorithm; ga,,,
jahani_ee-cta_2019,2019,ARTICLE,"{EE}-{CTA}: Energy efficient, concurrent and topology-aware virtual network embedding as a multi-objective optimization problem",Comput Stand Interfaces,10.1016/j.csi.2019.04.010,moo_only,1,0,0,0,multi-objective; multi objective; multiobjective; non-dominated; nsga,,,genetic algorithm; ga; nsga,,,
jalili_innovative_2024,2024,ARTICLE,Innovative synthetic natural gas production from biomass and renewable hydrogen: Evaluation and optimization with sustainability perspective,Process Saf. Environ. Prot.,10.1016/j.psep.2023.11.074,moo_mes,1,1,0,0,multi-objective; multiobjective,hydrogen,,ga,,,approximate
jalilian_multi-energy_2022,2022,ARTICLE,Multi-energy microgrids: An optimal despatch model for water-energy nexus,Sustainable Cities Soc.,10.1016/j.scs.2021.103573,moo_mes,1,1,0,0,multi-objective; multiobjective,multi-energy; multi energy; microgrid; microgrids,,ga,,,
jamal_multi-objective_2024,2024,ARTICLE,Multi-Objective Optimal Energy Management of Nanogrid Using Improved Pelican Optimization Algorithm,{IEEE} Access,10.1109/ACCESS.2024.3377250,moo_mes,1,1,0,0,multi-objective; multi objective; multiobjective,microgrid,,genetic algorithm; ga; differential evolution; bat algorithm,,,
jamil_digital_2024,2024,ARTICLE,Digital twin-driven architecture for {AIoT}-based energy service provision and optimal energy trading between smart nanogrids,Energy Build.,10.1016/j.enbuild.2024.114463,moo_only,1,0,0,0,multi-objective; multiobjective,,,particle swarm; pso,,,
jamil_hydrogen_2024,2024,ARTICLE,Hydrogen storage capability optimization based on multi-objective function for decision of hydrogen production and utilization,Int J Hydrogen Energy,10.1016/j.ijhydene.2024.11.047,moo_mes,1,1,0,0,multi-objective,hydrogen,,,,,
jamshidi_optimizing_2024,2024,ARTICLE,Optimizing Energy Consumption in Agricultural Greenhouses: A Smart Energy Management Approach,Smart. Cities.,10.3390/smartcities7020036,moo_mes,1,1,0,0,multi-objective,microgrid,,,,,
jamshidi_techno-economic_2019,2019,ARTICLE,"Techno-economic analysis and size optimization of an off-grid hybrid photovoltaic, fuel cell and diesel generator system",Sustainable Cities Soc.,10.1016/j.scs.2018.10.021,moo_mes,1,1,0,0,multi-objective; multiobjective; pareto,off-grid; hydrogen,,ga,,,
janghorban_esfahani_optimization_2016,2016,ARTICLE,An optimization algorithm-based pinch analysis and {GA} for an off-grid batteryless photovoltaic-powered reverse osmosis desalination system,Renew. Energy,10.1016/j.renene.2016.01.049,moo_mes,1,1,0,0,multi-objective; multiobjective,off-grid,,genetic algorithm; ga,,,
jani_multi-time_2022,2022,ARTICLE,Multi-time scale energy management of multi-microgrid systems considering energy storage systems: A multi-objective two-stage optimization framework,J. Energy Storage,10.1016/j.est.2022.104554,moo_mes,1,1,0,0,multi-objective; multi objective; multiobjective,microgrid; micro-grid; microgrids,,ga,,,
jani_hybrid_2024,2024,ARTICLE,Hybrid day-ahead and real-time energy trading of renewable-based multi-microgrids: A stochastic cooperative framework,Sustain. Energy Grids Netw.,10.1016/j.segan.2024.101516,moo_mes,1,1,0,0,multi-objective,microgrid; micro-grid; microgrids,,ga,,,
jasemi_probabilistic_2022,2022,ARTICLE,Probabilistic multi-objective optimal power flow in an ac/dc hybrid microgrid considering emission cost,J. Oper. Auto. Power Eng.,10.22098/joape.2022.8156.1565,moo_mes,1,1,0,0,multi-objective,microgrid,,,,,
jaszczur_multi-objective_2020,2020,ARTICLE,Multi-Objective optimisation of a micro-grid hybrid power system for household application,Energy,10.1016/j.energy.2020.117738,moo_mes,1,1,0,0,multi-objective; multiobjective; non-dominated,microgrid; micro-grid; microgrids; hybrid renewable energy system; hybrid renewable energy systems,,genetic algorithm,,,
javadi_multi-objective_2019,2019,ARTICLE,"Multi-objective, multi-year dynamic generation and transmission expansion planning- renewable energy sources integration for Iran's National Power Grid",Int. Trans. Elecr. Energy Sys.,10.1002/etep.2810,moo_only,1,0,0,0,multi-objective; multiobjective,,,ga,,,
javaherian_techno-environmental_2023,2023,ARTICLE,Techno-environmental assessment and machine learning-based optimization of a novel dual-source multi-generation energy system,Process Saf. Environ. Prot.,10.1016/j.psep.2023.06.025,moo_mes,1,1,0,0,multi-objective; multiobjective,off-grid; distributed energy,,genetic algorithm; ga,,neural network; machine learning; learning-based,
javanmard_energy_2021,2021,ARTICLE,"Energy management of multi-microgrids based on game theory approach in the presence of demand response programs, energy storage systems and renewable energy resources",J. Energy Storage,10.1016/j.est.2021.102971,moo_mes,1,1,0,0,multi-objective; multiobjective,microgrid; micro grid; microgrids,,ga,,,
javed_quantitative_2022,2022,ARTICLE,"Quantitative evaluation of renewable-energy-based remote microgrids: curtailment, load shifting, and reliability",Renewable Sustainable Energy Rev,10.1016/j.rser.2022.112516,moo_mes,1,1,0,0,multi-objective; multiobjective,microgrid; microgrids; off-grid,,,,,
javed_hybrid_2021,2021,ARTICLE,A hybrid method for scenario-based techno-economic-environmental analysis of off-grid renewable energy systems,Renewable Sustainable Energy Rev,10.1016/j.rser.2021.110725,moo_mes,1,1,1,0,multi-objective; multiobjective; multi criteria; multicriteria,off-grid,multi criteria decision; multicriteria decision,,,,
javed_economic_2021,2021,ARTICLE,Economic analysis and optimization of a renewable energy based power supply system with different energy storages for a remote island,Renewable Energy,10.1016/j.renene.2020.10.063,mes_only,0,1,0,0,,off-grid,,ga; particle swarm,,,
javid_multi_2019,2019,ARTICLE,Multi objective planning for sustainable retrofit of educational buildings,J. Build. Eng.,10.1016/j.jobe.2019.100759,moo_only,1,0,0,0,multi objective; multiobjective; pareto,,,,,,instead of
javidsharifi_quantifying_2022,2022,INPROCEEDINGS,Quantifying the Impact of Different Parameters on Optimal Operation of Multi-Microgrid Systems,Institute of Electrical and Electronics Engineers Inc,10.1109/RTSI55261.2022.9905218,moo_mes,1,1,0,0,multi-objective; multi objective; multiobjective,microgrid; micro-grid; microgrids,,particle swarm; pso,,,
javidsharifi_optimum_2021,2021,ARTICLE,Optimum sizing of photovoltaic and energy storage systems for powering green base stations in cellular networks,Energies,10.3390/en14071895,moo_only,1,0,0,0,multi-objective; multiobjective,,,ga,,,
javidtash_novel_2017,2017,ARTICLE,A novel mixture of non-dominated sorting genetic algorithm and fuzzy method to multi-objective placement of distributed generations in Microgrids,J. Intelligent Fuzzy Syst.,10.3233/JIFS-15934,moo_mes,1,1,0,0,multi-objective; multi objective; multiobjective; pareto; non-dominated,microgrid; microgrids; distributed generation,,genetic algorithm,,,
javor_optimal_2023,2023,INPROCEEDINGS,Optimal Selection of Dispatchable Generators in the Microgrid,Institute of Electrical and Electronics Engineers Inc,10.1109/INFOTEH57020.2023.10094120,moo_mes,1,1,1,0,multiobjective; multi-criteria; multicriteria,microgrid; microgrids,promethee,ga,,,
javor_multi-criteria_2022,2022,ARTICLE,Multi-Criteria Optimization of Vehicle-to-Grid Service to Minimize Battery Degradation and Electricity Costs,Elektron. Elektrotech.,10.5755/j02.eie.31238,moo_mes,1,1,0,0,multi-criteria,microgrid; microgrids; electric vehicle; electric vehicles,,ga,,,
jayadev_optimization_2013,2013,INPROCEEDINGS,Optimization of microgrid with demand side management using genetic algorithm,,10.1049/ic.2013.0124,moo_mes,1,1,0,0,multi-objective,microgrid; micro grid; distributed generation,,genetic algorithm; ga,,,
jayasinghe_multi-objective_2024,2024,INPROCEEDINGS,Multi-objective optimisation framework for standalone {DC}-microgrids with direct load control in demand-side management,John Wiley and Sons Inc,10.1049/ell2.13290,moo_mes,1,1,0,0,multi-objective,microgrid; microgrids; standalone,,genetic algorithm,,,
jayasinghe_multi-objective_2024-1,2024,ARTICLE,Multi-objective optimisation framework for standalone {DC}-microgrids with direct load control in demand-side management,Electron. Lett.,10.1049/ell2.13290,moo_mes,1,1,0,0,multi-objective; multiobjective,microgrid; microgrids; standalone,,genetic algorithm,,,
jean-luc_convergence_2018,2018,INPROCEEDINGS,Convergence of multi-criteria optimization of a building energetic resources by genetic algorithm,Institute of Electrical and Electronics Engineers Inc,10.1109/ICSGCE.2018.8556787,moo_only,1,0,0,0,multiobjective; multi-criteria; multicriteria,,,genetic algorithm; ga,,,computation time
jendoubi_aggregation_2021,2021,ARTICLE,Aggregation and Optimal Management of {TCLs} for Frequency and Voltage Control of a Microgrid,{IEEE} Trans Power Delivery,10.1109/TPWRD.2020.3019894,moo_mes,1,1,0,0,multi-objective; multiobjective,microgrid; microgrids; distributed energy,,ga,,neural network,
ji_multi-objective_2016,2016,INPROCEEDINGS,"Multi-objective Optimal Scheduling of Integrated Energy System Considering Electricity, Heat and Natural Gas Energy Network",{IEEE} Computer Society,10.1109/CICED56215.2022.9929096,moo_mes,1,1,0,0,multi-objective; multi objective; multiobjective,multi-energy; integrated energy,,ga,,,
ji_adaptive_2022,2022,INPROCEEDINGS,An Adaptive and Environmentally Friendly Simulation Optimization Method for Optical Storage Microgrid,{IOS} Press {BV},10.3233/ATDE220985,moo_mes,1,1,0,0,multi-objective; multiobjective,microgrid; micro grid; distributed energy,,particle swarm; pso,,,
jia_energy_2024,2024,ARTICLE,Energy efficiency measures in existing buildings by a multiple-objective optimization with a solar panel system using Marine Predators Optimization Algorithm,Sol. Energy,10.1016/j.solener.2023.112208,moo_only,1,0,0,0,multiobjective; multi-criteria,,,ga,,,
jia_interval_2024,2024,ARTICLE,Interval Constrained Multi-Objective Optimization Scheduling Method for Island-Integrated Energy Systems Based on Meta-Learning and Enhanced Proximal Policy Optimization,Electronics (Switzerland),10.3390/electronics13173579,moo_mes_surrogate,1,1,0,1,multi-objective; pareto; moea; hypervolume,integrated energy,,ga; moea,meta-model,,
jia_multi-objective_2024,2024,ARTICLE,"Multi-objective optimization study of regional integrated energy systems coupled with renewable energy, energy storage, and inter-station energy sharing",Renew. Energy,10.1016/j.renene.2024.120328,moo_mes,1,1,0,0,multi-objective; multiobjective,integrated energy,,,,,
jia_multi-objective_2021,2021,ARTICLE,Multi-Objective User Preference Enabling Method for Service Restoration in Distribution Networks with High Renewable Energy Penetration,Electr. Power Comp. Syst.,10.1080/15325008.2021.1937399,moo_only,1,0,0,0,multi-objective; multiobjective,,,,,,
jia_optimal_2022,2022,ARTICLE,Optimal operation of cascade hydro-wind-photovoltaic complementary generation system with vibration avoidance strategy,Appl. Energy,10.1016/j.apenergy.2022.119735,moo_only,1,0,0,0,multi-objective; multiobjective,,,,,,
jia_multi-objective_2022,2022,ARTICLE,Multi-Objective Optimal Scheduling of {CHP} Microgrid Considering Conditional Value-at-Risk,Energies,10.3390/en15093394,moo_mes,1,1,0,0,multi-objective; multi objective; multiobjective; non-dominated,microgrid; chp,,,,,
jia_optimization_2024,2024,ARTICLE,"Optimization of micro-energy network system based on environment, economy, and carbon emissions",Clean Technol. Environ. Policy,10.1007/s10098-024-02769-3,moo_only,1,0,0,0,multi-objective; nsga,,,ga; nsga,,,
jia_optimal_2017,2017,INPROCEEDINGS,Optimal operation of multi-energy systems in distributed energy network considering energy storage,Institute of Electrical and Electronics Engineers Inc,10.1109/EI2.2017.8245261,moo_mes,1,1,0,0,multi-objective; multiobjective,multi-energy; energy hub; distributed energy,,ga,,,
jiang_joint_2022,2022,ARTICLE,Joint Configuration and Optimization of Multi-microgrid Shared Energy Storage Based on Coalition Game,Zhongguo Dianli,10.11930/j.issn.1004-9649.202204050,moo_mes,1,1,0,0,multi-objective; pareto; nsga,microgrid,,ga; nsga,,,replace
jiang_optimal_2024,2024,INPROCEEDINGS,Optimal Operation Strategy for Integrated Energy Systems Based on Improved Grey Wolf Optimization Algorithm,Institute of Electrical and Electronics Engineers Inc,10.1109/PSET62496.2024.10808556,moo_mes,1,1,0,0,multi-objective,multi-energy; multi energy; integrated energy,,ga; grey wolf; gwo,,,
jiang_research_2016,2016,INPROCEEDINGS,Research on Multi-Objective Optimization Strategy of Active Distribution Network Based on Network Reconfiguration and Demand Response,{IEEE} Computer Society,10.1109/CICED63421.2024.10754473,moo_mes,1,1,0,0,multi-objective; multiobjective,distributed energy; distributed generation,,,,,
jiang_droop_2024,2024,ARTICLE,Droop Frequency Limit Control and Its Parameter Optimization in {VSC}-{HVDC} Interconnected Power Grids,Energies,10.3390/en17153851,moo_only,1,0,0,0,multi-objective; multiobjective,,,,,,
jiang_monthly_2021,2021,ARTICLE,Monthly Decomposition Method of Annual Contract Considering Responsibility Weight of Renewable Energy Accommodation,Dianli Xitong Zidonghue,10.7500/AEPS20200905001,moo_only,1,0,0,0,multi-objective,,,,,,
jiang_multi-objective_2014,2014,ARTICLE,Multi-objective energy management of isolated microgrid,Gaodianya Jishu,10.13336/j.1003-6520.hve.2014.11.031,moo_mes,1,1,0,0,multi-objective; multiobjective,microgrid; micro grid; microgrids; distributed generation,,particle swarm; pso,,,
jiang_accommodation_2022,2022,ARTICLE,An Accommodation Strategy for Renewable Energy in Distribution Network Considering Coordinated Dispatching of Multi-Flexible Resources,Diangong Jishu Xuebao,10.19595/j.cnki.1000-6753.tces.211464,moo_only,1,0,0,0,multi-objective; multi objective; multiobjective,,,,,,
jiang_multi-objective_2013,2013,ARTICLE,Multi-objective optimization strategy of controllable load in microgrid,Dianwang Jishu,,moo_mes,1,1,0,0,multi-objective; multiobjective; non-dominated; nsga,microgrid; micro grid; distributed generation,,genetic algorithm; ga; nsga,,,
jiao_multi-objective_2021,2021,ARTICLE,Multi-objective optimal energy management of microgrids including plug-in electric vehicles with the vehicle to grid capability for energy resources scheduling,Proc. Inst. Mech. Eng. Part A J. Power Eng.,10.1177/0957650920942998,moo_mes,1,1,0,0,multi-objective; multi objective; multiobjective,microgrid; microgrids; distributed generation; electric vehicle; electric vehicles,,particle swarm; pso,,,
jimenez-fernandez_optimal_2019,2019,ARTICLE,Optimal microgrid topology design and siting of distributed generation sources using a multi-objective substrate Layer Coral Reefs Optimization Algorithm,Sustainability,10.3390/su11010169,moo_mes,1,1,0,0,multi-objective; nsga,microgrid; microgrids; distributed generation,,ga; nsga,,,
jimenez-vargas_sizing_2023,2023,ARTICLE,Sizing of hybrid microgrids considering life cycle assessment,Renew. Energy,10.1016/j.renene.2022.11.103,moo_mes,1,1,0,0,multi-objective; multiobjective,microgrid; microgrids,,ga,,,
jin_impact_2023,2023,ARTICLE,Impact of renewable energy penetration in power systems on the optimization and operation of regional distributed energy systems,Energy,10.1016/j.energy.2023.127201,moo_mes,1,1,0,0,multi-objective; multiobjective,distributed energy,,ga,,,
jin_p2p_2023,2023,ARTICLE,P2P power trading of nanogrids for power management in consideration of battery lifetime of {ESS},Energy Build.,10.1016/j.enbuild.2023.113290,moo_mes,1,1,0,0,multi-objective; multiobjective,distributed energy,,ga,,,
jin_p2p_2024,2024,ARTICLE,P2P power trading based on reinforcement learning for nanogrid clusters,Expert Sys Appl,10.1016/j.eswa.2024.124759,moo_mes,1,1,0,0,multi-objective; multiobjective; pareto,distributed energy,,ga,,neural network,
jin_power_2021,2021,INPROCEEDINGS,Power Management of Microgrid Integrated with Electric Vehicles in Residential Parking Station,Institute of Electrical and Electronics Engineers Inc,10.1109/ICRERA52334.2021.9598765,moo_mes,1,1,0,0,multi-objective; multiobjective,microgrid; electric vehicle; electric vehicles,,ga,,,
jin_multiple-objective_2024,2024,ARTICLE,A multiple-objective capacity allocation optimisation method for cogeneration integrated energy systems considering life cycle carbon emission,Aust. J. Electr. Electron. Eng.,10.1080/1448837X.2024.2309425,moo_mes,1,1,0,0,multi-objective; multiobjective,integrated energy,,genetic algorithm,,,
jin_study_2016,2016,ARTICLE,Study on short-term scheduling strategy for multi-objective energy optimization of microgrid based on pareto domination,Diangong Jishu Xuebao,,moo_mes,1,1,0,0,multi-objective; multiobjective; pareto,microgrid; micro grid,,,,,
jin_assessing_2024,2024,ARTICLE,Assessing battery degradation as a key performance indicator for multi-objective optimization of multi-carrier energy systems,Appl. Energy,10.1016/j.apenergy.2024.122925,moo_mes,1,1,0,0,multi-objective; multiobjective; pareto,multi-energy,,,,,
jin_mod-dr_2017,2017,ARTICLE,{MOD}-{DR}: Microgrid optimal dispatch with demand response,Appl. Energy,10.1016/j.apenergy.2016.11.093,moo_mes,1,1,0,0,multi-objective; multiobjective,microgrid; micro grid; microgrids; distributed energy; combined heat and power; chp,,ga,,,
jin_research_2023,2023,INPROCEEDINGS,Research on the Economic Dispatch of Power Systems with a High Proportion of Renewable Energy based on Improved {PSO},Institute of Physics,10.1088/1742-6596/2465/1/012024,moo_only,1,0,0,0,multi-objective; multi objective; multiobjective,,,particle swarm; pso,,,
jin_microgrid_2023,2023,INPROCEEDINGS,Microgrid operation optimization based on Wild Horse Optimizer,Institute of Electrical and Electronics Engineers Inc,10.1109/CFASTA57821.2023.10243222,moo_mes,1,1,0,0,multi-objective; multiobjective,microgrid; microgrids,,,,,
jin_improved_2019,2019,ARTICLE,An improved decomposition based multi-objective evolutionary algorithm for the operation management of a renewable micro-grid,J. Renewable Sustainable Energy,10.1063/1.5050298,moo_mes,1,1,0,0,multi-objective; multi objective; multiobjective,microgrid; micro-grid,,genetic algorithm; ga; differential evolution,,,
jin_reliability_2015,2015,ARTICLE,Reliability and quality control for distributed wind/solar energy integration: A multi-criteria approach,{IIE} Trans,10.1080/0740817X.2015.1009199,moo_mes,1,1,0,0,multi-criteria; multicriteria,distributed energy; distributed generation,,ga,,,
jing_gridconnected_2022,2022,ARTICLE,A Grid‐Connected Microgrid Model and Optimal Scheduling Strategy Based on Hybrid Energy Storage System and Demand‐Side Response,Energies,10.3390/en15031060,moo_mes,1,1,0,0,multiobjective,microgrid,,ga,,,
jinyuan_optimization_2024,2024,INPROCEEDINGS,The optimization model of wind-optical co-storage configuration for campus microgrid based on improved particle swarm optimization algorithm,Institute of Electrical and Electronics Engineers Inc,10.1109/ICEACE63551.2024.10898908,moo_mes,1,1,0,0,multi-objective,microgrid; microgrids,,particle swarm; pso,,,
jirdehi_multi_2017,2017,ARTICLE,Multi objective stochastic microgrid scheduling incorporating dynamic voltage restorer,Int J Electr Power Energy Syst,10.1016/j.ijepes.2017.06.010,moo_mes,1,1,0,0,multi objective; multiobjective,microgrid; micro grid; combined heat and power; chp,,genetic algorithm; ga,,,
jithendranath_probabilistic_2019,2019,INPROCEEDINGS,Probabilistic multi-objective optimization in Islanded microgrids considering Load and Wind uncertainties with wind site correlations,Institute of Electrical and Electronics Engineers Inc,10.1109/EEEIC.2019.8783485,moo_mes,1,1,0,0,multi-objective; multiobjective,microgrid; microgrids; distributed generation,,,,,
jithendranath_scenario-based_2019,2019,ARTICLE,Scenario-based multi-objective optimisation with loadability in islanded microgrids considering load and renewable generation uncertainties,{IET}. Renew. Power Gener.,10.1049/iet-rpg.2018.5795,moo_mes,1,1,0,0,multi-objective; multiobjective,microgrid; micro-grid; microgrids,,,,,
jithendranath_stochastic_2020,2020,ARTICLE,Stochastic planning of islanded microgrids with uncertain multi-energy demands and renewable generations,{IET}. Renew. Power Gener.,10.1049/iet-rpg.2020.0889,moo_mes,1,1,0,0,multi-objective; multiobjective,multi-energy; microgrid; microgrids; off-grid; distributed energy,,ga,,,
jodeiri-seyedian_eco-environmental_2023,2023,ARTICLE,Eco-environmental Impacts of x-to-x energy conversion on interconnected multi-energy microgrids: A multi-objective optimization,Sustainable Cities Soc.,10.1016/j.scs.2023.104947,moo_mes,1,1,0,0,multi-objective; multiobjective,multi-energy; multi energy; energy hub; microgrid; microgrids; hydrogen,,ga,,,
john_adaptive_2024,2024,ARTICLE,An adaptive inertia weight teaching–learning-based optimization for optimal energy balance in microgrid considering islanded conditions,Energy Syst.,10.1007/s12667-022-00526-3,moo_mes,1,1,0,0,multi-objective; multiobjective,microgrid; microgrids,,particle swarm; pso; cuckoo search,,learning-based,
joshi_power_2021,2021,INPROCEEDINGS,Power Grid Resilience against Natural Disasters via Line Reinforcement and Microgrid Formation,{IEEE} Computer Society,10.1109/GreenTech56823.2023.10173846,moo_mes,1,1,0,0,multi-objective; multiobjective,microgrid; microgrids; distributed energy,,ga,,,replace
joshi_improved_2019,2019,ARTICLE,An improved {TLBO} based economic dispatch of power generation through distributed energy resources considering environmental constraints,Sustain. Energy Grids Netw.,10.1016/j.segan.2019.100207,moo_mes,1,1,0,0,multi-objective,distributed energy,,genetic algorithm; ga; particle swarm; pso,,,
ju_robust_2023,2023,ARTICLE,"Robust Multi-objective optimal dispatching model for a novel island micro energy grid incorporating biomass waste energy conversion system, desalination and power-to-hydrogen devices",Appl. Energy,10.1016/j.apenergy.2023.121176,moo_mes,1,1,0,0,multi-objective; multiobjective,multi-energy; hydrogen,,differential evolution,,,
ju_multi-objective_2016,2016,ARTICLE,Multi-objective operation optimization and evaluation model for {CCHP} and renewable energy based hybrid energy system driven by distributed energy resources in China,Energy,10.1016/j.energy.2016.05.085,moo_mes,1,1,0,0,multi-objective; multiobjective,distributed energy; cchp; combined heat and power; chp,,ga,,,replace
jung_pareto-efficient_2017,2017,ARTICLE,Pareto-efficient capacity planning for residential photovoltaic generation and energy storage with demand-side load management,Energies,10.3390/en10040426,moo_mes,1,1,0,0,multi-objective; multiobjective; pareto,stand-alone,,ga,,,
kadar_multi_2010,2010,INPROCEEDINGS,Multi objective power mix optimization,,10.1109/SAMI.2010.5423742,moo_only,1,0,0,0,multi-objective; multi objective,,,ga,,,instead of
kahraman_multi-objective_2022,2022,INCOLLECTION,Multi-objective Adaptive Guided Differential Evolution for Multi-objective Optimal Power Flow Incorporating Wind-Solar-Small Hydro-Tidal Energy Sources,Studies in Computational Intelligence,10.1007/978-981-16-8082-3_13,moo_only,1,0,0,0,multi-objective; many-objective,,,ga; differential evolution,,,replace
kahwash_coupled_2023,2023,ARTICLE,Coupled thermo-electrical dispatch strategy with {AI} forecasting for optimal sizing of grid-connected hybrid renewable energy systems,Energy Convers. Manage.,10.1016/j.enconman.2023.117460,moo_mes,1,1,0,0,multi-objective; multiobjective,multi-energy; hybrid renewable energy system; hybrid renewable energy systems,,genetic algorithm; ga,,machine learning; lstm,
kahwash_optimising_2021,2021,ARTICLE,Optimising electrical power supply sustainability using a grid-connected hybrid renewable energy system-an {NHS} hospital case study,Energies,10.3390/en14217084,moo_mes,1,1,0,0,multi-objective; multiobjective,hybrid renewable energy system; hybrid renewable energy systems,,genetic algorithm; ga,,machine learning,
kakuta_efficient_2010,2010,ARTICLE,An efficient method for multi-objective transmission network expansion planning with {MOMA} in consideration of probabilistic reliability index,{IEEJ} Trans. Power Energy,10.1541/ieejpes.130.1058,moo_only,1,0,0,0,multi-objective; multi objective; multiobjective; pareto,,,,,,
kakuta_probabilistic_2012,2012,ARTICLE,Probabilistic reliability evaluation with multi-objective meta-heuristics in consideration of solution diversity,{IEEJ} Trans. Power Energy,10.1541/ieejpes.132.125,moo_only,1,0,0,0,multi-objective; multi objective; multiobjective; pareto,,,,,,
kalogera_optimization_2014,2014,INPROCEEDINGS,Optimization of an off-grid hybrid system for supplying offshore platforms in arctic climates,{IEEE} Computer Society,10.1109/IPEC.2014.6869738,moo_mes,1,1,0,0,multi-objective; multiobjective; pareto,microgrid; micro grid; off-grid,,ga,,,
kamarudin_coordinated_2019,2019,ARTICLE,Coordinated and optimal voltage control for voltage regulation using firefly algorithm,Indones. J. Electrical Eng. Comput. Sci.,10.11591/ijeecs.v16.i2.pp568-576,moo_mes,1,1,0,0,multi-objective,distributed generation,,,,,
kamjoo_multi-objective_2016,2016,ARTICLE,Multi-objective design under uncertainties of hybrid renewable energy system using {NSGA}-{II} and chance constrained programming,Int J Electr Power Energy Syst,10.1016/j.ijepes.2015.07.007,moo_mes,1,1,0,0,multi-objective; multiobjective; non-dominated; nsga,hybrid renewable energy system; hybrid renewable energy systems; standalone,,genetic algorithm; ga; nsga,,,
kampf_hybrid_2009,2009,ARTICLE,A hybrid {CMA}-{ES} and {HDE} optimisation algorithm with application to solar energy potential,Appl. Soft Comput. J.,10.1016/j.asoc.2008.09.009,moo_mes,1,1,0,0,multi-objective; multiobjective,standalone,,differential evolution; evolution strategy,,,
kan_optimal_2024,2024,INPROCEEDINGS,Optimal Economic Dispatch Strategy for Microgrids Considering Distributed Energy Storage Aggregation,Institute of Electrical and Electronics Engineers,10.1109/SCEMS63294.2024.10756458,moo_mes,1,1,0,0,multi-objective,microgrid; microgrids; distributed energy,,ga,,,
kanchev_smart_2010,2010,INPROCEEDINGS,Smart monitoring of a microgrid including gas turbines and a dispatched {PV}-based active generator for energy management and emissions reduction,{IEEE} Computer Society,10.1109/ISGTEUROPE.2010.5638875,moo_mes,1,1,0,0,multi objective; multiobjective,microgrid; micro grid; microgrids,,ga,,,
kaneko_proposal_2018,2018,ARTICLE,Proposal and evaluation of determination method for multi-objective dispatch of frequency control generators output to compensate renewable energy systems fluctuation in multi area system operation,{IEEJ} Trans. Power Energy,10.1541/ieejpes.138.265,moo_only,1,0,0,0,multi-objective; multi objective; multiobjective; mopso,,,particle swarm; pso; mopso,,,
kang_coordination_2012,2012,INPROCEEDINGS,Coordination strategy for harmonic compensation using multiple distributed resources,,10.1109/PESGM.2012.6344671,moo_mes,1,1,0,0,multi-objective; multi objective; multiobjective,microgrid; micro grid; distributed resources,,,,,
kang_intelligent_2012,2012,ARTICLE,Intelligent coordination method of multiple distributed resources for harmonic current compensation in a microgrid,J. Electr. Eng. Technol.,10.5370/JEET.2012.7.6.834,moo_mes,1,1,0,0,multi-objective; multi objective; multiobjective,microgrid; micro grid; distributed resources,,,,,
kang_optimal_2023,2023,INPROCEEDINGS,Optimal Capacity Allocation Method of Grid-Connected Wind and Solar Hydrogen Storage System Considering Stepped Carbon Emissions and Time-of-Use Electricity Price,Institute of Electrical and Electronics Engineers Inc,10.1109/ICPST56889.2023.10164953,moo_mes,1,1,1,0,multi-objective; multiobjective,hydrogen,topsis,,,,
kang_research_2024,2024,ARTICLE,Research on optimization method of {CCHP} system coupled with renewable energy,Sci. technol. Energy. Transition.,10.2516/stet/2024069,moo_mes,1,1,1,0,multi-objective; multicriteria; pareto; non-dominated; nsga,multi-energy; cchp; combined cooling heating and power; combined heat and power; chp,topsis,genetic algorithm; ga; nsga,,neural network; lstm,
kang_study_2017,2017,ARTICLE,A study on optimal and stable strategy of islanded microgrid,Renewable Energy and Power Qual. J.,10.24084/repqj15.290,moo_mes,1,1,0,0,multi-objective,microgrid,,particle swarm; pso,,,
kani_optimal_2019,2019,INPROCEEDINGS,Optimal incorporation of solar and wind {DGs} along with seasonal loads using teaching-learning based optimization,Institute of Electrical and Electronics Engineers Inc,10.1109/KBEI.2019.8735066,moo_mes,1,1,0,0,multi-objective; multiobjective,distributed generation,,,,learning-based,
kansara_coupled_2024,2024,ARTICLE,Coupled Design and Operation Optimization for Decarbonization of Industrial Energy Systems Using an Open-Source In-House Tool,Eng.,10.3390/eng5040158,moo_only,1,0,0,0,multi-objective,,,ga,,,
karaaslan_evaluation_2022,2022,ARTICLE,The evaluation of renewable energy resources in Turkey by integer multi-objective selection problem with interval coefficient,Renew. Energy,10.1016/j.renene.2021.10.053,moo_only,1,0,0,0,multi-objective; multi objective; multiobjective,,,ga,,,
karandeh_multi-application_2021,2021,INPROCEEDINGS,A Multi-Application Energy Management of Behind-the-Meter Battery Energy Storage System,Institute of Electrical and Electronics Engineers Inc,10.1109/NAPS50074.2021.9449803,moo_mes,1,1,0,0,multi-objective; multiobjective,distributed energy,,ga,,,
kargarian_multi-microgrid_2015,2015,ARTICLE,Multi-microgrid energy systems operation incorporating distribution-interline power flow controller,Electr Power Syst Res,10.1016/j.epsr.2015.08.015,moo_mes,1,1,0,0,multi-objective; multiobjective,microgrid; micro grid; microgrids,,,,,
karimi_dynamic_2021,2021,ARTICLE,Dynamic transactive energy in multi-microgrid systems considering independence performance index: A multi-objective optimization framework,Int J Electr Power Energy Syst,10.1016/j.ijepes.2020.106563,moo_mes,1,1,0,0,multi-objective; multiobjective,microgrid; microgrids,,ga,,,
karimi_optimal_2023,2023,ARTICLE,Optimal energy management of grid-connected multi-microgrid systems considering demand-side flexibility: A two-stage multi-objective approach,Electr Power Syst Res,10.1016/j.epsr.2022.108902,moo_mes,1,1,0,0,multi-objective; multi objective; multiobjective,microgrid; microgrids,,,,,
karimi_multi-objective_2024,2024,ARTICLE,A multi-objective bi-level framework to model distribution system operator's behavior in the wholesale and local transactive markets,Energy,10.1016/j.energy.2024.133695,moo_only,1,0,0,0,multi-objective; multi objective,,,ga,,,
karimi_multi_2019,2019,INPROCEEDINGS,Multi Objective Optimization for Multi-Microgrid Energy Management: A Lexicography Approach,Institute of Electrical and Electronics Engineers Inc,10.1109/PSC49016.2019.9081460,moo_mes,1,1,0,0,multi-objective; multi objective; multiobjective,microgrid; micro-grid; microgrids; distributed generation,,ga,,,
karimi_optimal_2020,2020,ARTICLE,Optimal energy management for multi-microgrid considering demand response programs: A stochastic multi-objective framework,Energy,10.1016/j.energy.2020.116992,moo_mes,1,1,0,0,multi-objective; multiobjective,microgrid; micro grid; microgrids,,ga,,,
karimi_two-stage_2021,2021,ARTICLE,"Two-stage economic, reliability, and environmental scheduling of multi-microgrid systems and fair cost allocation",Sustain. Energy Grids Netw.,10.1016/j.segan.2021.100546,moo_mes,1,1,0,0,multi-objective; multiobjective,integrated energy; microgrid; micro-grid; microgrids,,ga,,,
karimi_optimal_2023-1,2023,ARTICLE,"Optimal electrical, heating, cooling, and water management of integrated multi-energy systems considering demand-side management",Electr Power Syst Res,10.1016/j.epsr.2023.109353,moo_mes,1,1,1,0,multi-objective; multi objective; multiobjective; pareto,multi-energy,topsis,,,,
karkon_optimal_2024,2024,ARTICLE,"Optimal control framework for cost-effective, intelligent, renewable energy-driven communities in Norway, enhanced by {ANN} and grey wolf method",Energy,10.1016/j.energy.2024.133922,moo_only,1,0,0,0,multi-objective,,,ga; grey wolf,,,
karmellos_multi-objective_2019,2019,ARTICLE,Multi-objective optimization and comparison framework for the design of Distributed Energy Systems,Energy Convers. Manage.,10.1016/j.enconman.2018.10.083,moo_mes,1,1,0,0,multi-objective; multiobjective,microgrid; distributed energy; district heating,,ga,,,
karthik_multi-objective_2021,2021,ARTICLE,Multi-objective optimal power flow using a new heuristic optimization algorithm with the incorporation of renewable energy sources,Int. J. Energy Environ. Eng.,10.1007/s40095-021-00397-x,moo_only,1,0,0,0,multi-objective; pareto,,,,,,accelerate
karthik_chaotic_2024,2024,ARTICLE,Chaotic self-adaptive sine cosine multi-objective optimization algorithm to solve microgrid optimal energy scheduling problems,Sci. Rep.,10.1038/s41598-024-69734-4,moo_mes,1,1,0,0,multi-objective; multiobjective; pareto,microgrid; micro-grid; microgrids,,ga,,,
karthikeyan_thermoeconomic_2023,2023,ARTICLE,"Thermoeconomic and optimization approaches for integrating cooling, power, and green hydrogen production in dairy plants with a novel solar-biomass cascade {ORC} system",Energy Convers. Manage.,10.1016/j.enconman.2023.117645,moo_mes,1,1,0,0,multi-objective; multiobjective,hydrogen,,ga,,,
karthikeyan_comprehensive_2024,2024,ARTICLE,"A comprehensive thermodynamic modeling, feasibility, and optimization study of a renewable energy powered system for sustainable cold chain applications − Cooling, power, heating, and green hydrogen production",Energy Convers. Manage.,10.1016/j.enconman.2024.119137,moo_mes,1,1,0,0,multi-objective,hydrogen,,ga,,,
karthikeyan_thermo-economic_2024,2024,ARTICLE,"Thermo-economic optimization of hybrid solar-biomass driven organic rankine cycle integrated heat pump and {PEM} electrolyser for combined power, heating, and green hydrogen applications",Energy,10.1016/j.energy.2024.131436,moo_mes,1,1,0,0,multi-objective; multiobjective,hydrogen,,ga,,,
karunathilake_optimal_2019,2019,ARTICLE,Optimal renewable energy supply choices for net-zero ready buildings: A life cycle thinking approach under uncertainty,Energy Build.,10.1016/j.enbuild.2019.07.030,moo_mes,1,1,0,0,multi-objective; multiobjective,hybrid renewable energy system; hybrid renewable energy systems,,,,,
kashanizadeh_bi-stage_2022,2022,ARTICLE,A bi-stage multi-objectives optimization of smart multi energy system with active consumers,Sustain. Prod. Consum.,10.1016/j.spc.2022.03.028,moo_mes,1,1,1,0,multi-objective; multiobjective; pareto,multi-energy; multi energy,topsis,,,,
katic_v_siting_2021,2021,INPROCEEDINGS,Siting and Sizing of Renewable Energy Sources: A Case Study on Montenegro,Institute of Electrical and Electronics Engineers Inc,10.1109/Ee53374.2021.9628246,moo_only,1,0,0,0,multi-objective; multiobjective,,,ga,,,
kattepogu_enhanced_2024,2024,ARTICLE,An Enhanced Sparrow Search Algorithm for Solving Optimal Power Flow Problem Considering Renewable Energy Systems,Int. J. Intelligent Eng. Syst.,10.22266/ijies2024.0430.18,moo_only,1,0,0,0,multi-objective,,,ga,,,
kattepogu_intensified_2025,2025,ARTICLE,An Intensified Sparrow Search Algorithm for Combined Economic Emission Dispatch including Renewables and Electric Vehicles,Int. J. Intelligent Eng. Syst.,10.22266/ijies2025.0229.65,moo_mes,1,1,0,0,multi-objective,electric vehicle; electric vehicles,,,,,
kaur_multi-objective_2022,2022,ARTICLE,A Multi-Objective Optimization Scheme for Job Scheduling in Sustainable Cloud Data Centers,{IEEE} Trans. Cloud Comput.,10.1109/TCC.2019.2950002,moo_only,1,0,0,1,multi-objective; multiobjective,,,,,random forest; support vector,approximate
kazemian_multi-objective_2024,2024,INPROCEEDINGS,A Multi-Objective Co-Design Optimization Framework for Microgrid Architecture in Marine Application,Institute of Electrical and Electronics Engineers Inc,10.1109/ESARS-ITEC60450.2024.10819882,moo_mes,1,1,0,0,multi-objective; pareto; non-dominated; nsga,microgrid; microgrids,,genetic algorithm; ga; nsga,,,
kefayat_hybrid_2015,2015,ARTICLE,A hybrid of ant colony optimization and artificial bee colony algorithm for probabilistic optimal placement and sizing of distributed energy resources,Energy Convers. Manage.,10.1016/j.enconman.2014.12.037,moo_mes,1,1,0,0,multi-objective; multiobjective; non-dominated,distributed energy,,ga,,,
kelly_sizing_2020,2020,ARTICLE,Sizing Battery Energy Storage Systems: Using Multi-Objective Optimization to Overcome the Investment Scale Problem of Annual Worth,{IEEE} Trans. Sustainable Energy,10.1109/TSTE.2019.2954673,moo_mes,1,1,0,0,multi-objective; multiobjective,microgrid; micro-grid; microgrids,,,,,
kenfack_transition_2024,2024,ARTICLE,Transition towards net zero emissions: Integration of a {PV}/T system with a hydroelectric generator and the impact of demand-side management,Heliyon,10.1016/j.heliyon.2024.e37099,moo_only,1,0,0,0,multi-objective,,,,,,
kesireddy_multi-criteria_2020,2020,INPROCEEDINGS,Multi-Criteria Decision Making - Pareto Front Optimization Strategy for Solving Multi-Objective Problems,{IEEE},,moo_only,1,0,1,0,multi-objective; multi-criteria; pareto,,multi-criteria decision,,,,
khalid_hamad_multi-objective_2024,2024,ARTICLE,Multi-Objective Optimization of Renewable Distributed Generation Placement and Sizing for Technical and Economic Benefits Improvement in Distribution System,{IEEE} Access,10.1109/ACCESS.2024.3492119,moo_mes,1,1,0,0,multi-objective; multiobjective,distributed energy; distributed generation,,ga; particle swarm; pso,,,
khalil_assessment_2024,2024,ARTICLE,Assessment of Solar Energy Generation Toward Net-Zero Energy Buildings,Algorithms,10.3390/a17110528,moo_mes,1,1,0,0,multi-objective,multi-energy,,ga,,,
khalili_robust_2023,2023,ARTICLE,Robust multi-objective optimization for the Iranian electricity market considering green hydrogen and analyzing the performance of different demand response programs,Appl. Energy,10.1016/j.apenergy.2023.120737,moo_mes,1,1,0,0,multi-objective; multiobjective,distributed energy; hydrogen,,ga,,,
khaloie_co-optimized_2020,2020,ARTICLE,Co-optimized bidding strategy of an integrated wind-thermal-photovoltaic system in deregulated electricity market under uncertainties,J. Clean. Prod.,10.1016/j.jclepro.2019.118434,moo_only,1,0,0,0,multi-objective; multiobjective; pareto,,,,,,
khan_incentive-based_2023,2023,ARTICLE,"An Incentive-Based Mechanism to Enhance Energy Trading among Microgrids, {EVs}, and Grid",Energies,10.3390/en16176359,moo_mes,1,1,0,0,multi-objective; multiobjective,microgrid; microgrids; electric vehicle; electric vehicles,,,,,
khan_modeling_2024,2024,ARTICLE,Modeling techno-economic multi-objectives of smart homes considering energy optimization and demand management,Sci. technol. Energy. Transition.,10.2516/stet/2024057,moo_mes,1,1,0,0,multi-objective; multi objective,microgrid,,ga,,,
khan_multi-objective_2022,2022,ARTICLE,Multi-objective Optimization Technique for Droop Controlled Distributed Generators in {AC} Islanded Microgrid,Electr Power Syst Res,10.1016/j.epsr.2022.108671,moo_mes,1,1,0,0,multi-objective; multiobjective,microgrid; microgrids; distributed generation,,ga,,,approximation
khan_multi-objective_2024,2024,ARTICLE,Multi-objective optimization of combined heat and power system integrated with multi-energy storage systems for rural communities,J. Energy Storage,10.1016/j.est.2024.113433,moo_mes,1,1,0,0,multi-objective,multi-energy; combined heat and power; chp; hydrogen,,ga,,,
khanahmadi_novel_2021,2021,ARTICLE,A novel economic method of battery modeling in stand-alone renewable energy systems to reduce life cycle costs,J. Energy Storage,10.1016/j.est.2021.103422,moo_mes,1,1,0,0,multi-objective; multiobjective,stand-alone,,,,learning-based,
kharatovi_multi-objective_2024,2024,ARTICLE,A Multi-Objective Optimization Framework for Peer-to-Peer Energy Trading in South Korea’s Tiered Pricing System,Appl. Sci.,10.3390/app142311071,moo_mes,1,1,0,0,multi-objective; pareto; nsga; moea,microgrid,,ga; nsga; moea,,,
kharrich_multi-objective_2021,2021,ARTICLE,Multi-objective optimization and the effect of the economic factors on the design of the microgrid hybrid system,Sustainable Cities Soc.,10.1016/j.scs.2020.102646,moo_mes,1,1,0,0,multi-objective; multi objective; multiobjective; mopso,microgrid; microgrids,,pso; mopso; spea,,,
khatibi_using_2023,2023,ARTICLE,"Using cluster analysis and genetic algorithm for multi-objective optimisation of hybrid electricity supply systems: the case of a photovoltaic/wind/ battery grid-connected system in Yazd, Iran",Int J Ambient Energy,10.1080/01430750.2022.2128418,moo_mes,1,1,0,0,multi-objective; multiobjective,hybrid renewable energy system; hybrid renewable energy systems,,genetic algorithm; ga,,,instead of
khazaei_nam_designing_2025,2025,ARTICLE,Designing and multi-objective optimization of a novel multigenerational system based on a geothermal energy resource from the perspective of 4E analysis,Appl Therm Eng,10.1016/j.applthermaleng.2024.124673,moo_only,1,0,0,0,multi-objective,,,ga,,,approximate
kheimi_thermal_2023,2023,ARTICLE,Thermal design and zeotropic working fluids mixture selection optimization for a solar waste heat driven combined cooling and power system,Chemosphere,10.1016/j.chemosphere.2023.139036,moo_only,1,0,0,0,multi-objective; multiobjective,,,genetic algorithm; ga,,,
kheir_abadi_determining_2023,2023,ARTICLE,"Determining the best scenario for providing electrical, cooling, and hot water consuming of a building with utilizing a novel wind/solar-based hybrid system",Energy,10.1016/j.energy.2023.127239,moo_only,1,0,0,0,multi-objective; multiobjective,,,ga,,,
khezri_multi-objective_2020,2020,INPROCEEDINGS,Multi-objective optimization of solar {PV} and battery storage system for a grid-connected household,Institute of Electrical and Electronics Engineers Inc,10.1109/PEDES49360.2020.9379481,moo_only,1,0,0,0,multi-objective; multiobjective; non-dominated; nsga,,,genetic algorithm; ga; nsga; particle swarm,,,
khorramdel_voltage_2015,2015,ARTICLE,Voltage Security Considerations in Optimal Operation of {BEVs}/{PHEVs} Integrated Microgrids,{IEEE} Trans. Smart Grid,10.1109/TSG.2015.2394499,moo_mes,1,1,0,0,multi-objective; multiobjective,microgrid; micro grid; microgrids; electric vehicle; electric vehicles,,ga,,,
khorramdel_optimal_2012,2012,ARTICLE,Optimal stochastic reactive power scheduling in a microgrid considering voltage droop scheme of {DGs} and uncertainty of wind farms,Energy,10.1016/j.energy.2012.05.055,moo_mes,1,1,0,0,multi-objective; multi objective,microgrid; micro grid,,ga; pso,,,
khoshgoftar_manesh_new_2024,2024,ARTICLE,"New procedure for designing an innovative biomass-solar-wind polygeneration system for sustainable production of power, freshwater, and ammonia using 6E analyses, carbon footprint, water footprint, and multi-objective optimization",Renew. Energy,10.1016/j.renene.2024.120802,moo_mes,1,1,0,0,multi-objective; multiobjective,hydrogen,,ga,,,
khoshgoftar_manesh_feasibility_2025,2025,ARTICLE,Feasibility study of green ammonia and electricity production via an innovative wind-solar-biomass polygeneration system,Appl. Energy,10.1016/j.apenergy.2025.125467,moo_mes,1,1,0,0,multi-objective,hydrogen,,ga,,,
khuyinrud_novel_2025,2025,ARTICLE,A novel biomass-to-energy cogeneration system using zeotropic mixtures: Multi-objective optimization and environmental assessment,Process Saf. Environ. Prot.,10.1016/j.psep.2025.106976,moo_mes,1,1,1,0,multi-objective,combined heat and power; chp,topsis,genetic algorithm; ga,,,
kiehbadroudinezhad_optimization_2022,2022,ARTICLE,Optimization of wind/solar energy microgrid by division algorithm considering human health and environmental impacts for power-water cogeneration,Energy Convers. Manage.,10.1016/j.enconman.2021.115064,moo_mes,1,1,0,0,multi-objective; multiobjective,microgrid; hybrid renewable energy system; stand-alone,,genetic algorithm,,,
kienzle_comprehensive_2009,2009,INPROCEEDINGS,Comprehensive performance and incertitude analysis of multi-energy portfolios,,10.1109/PTC.2009.5281853,moo_mes,1,1,0,0,multi-objective; multiobjective; multi-criteria,multi-energy,,,,,
kilic_dynamic_2023,2023,ARTICLE,Dynamic modelling and multi-objective optimization of off-grid hybrid energy systems by using battery or hydrogen storage for different climates,Int J Hydrogen Energy,10.1016/j.ijhydene.2022.12.103,moo_mes,1,1,0,0,multi-objective; multiobjective,hybrid renewable energy system; hybrid renewable energy systems; off-grid; hydrogen,,ga,,,
kim_multi-objective_2019,2019,ARTICLE,Multi-objective based optimal energy management of grid-connected microgrid considering advanced demand response,Energies,10.3390/en12214142,moo_mes,1,1,0,0,multi-objective; multi objective; multiobjective,microgrid; micro grid,,particle swarm; pso,,,acceleration
kim_integrated_2016,2016,ARTICLE,An integrated multi-objective optimization model for determining the optimal solution in the solar thermal energy system,Energy,10.1016/j.energy.2016.02.104,moo_only,1,0,0,0,multi-objective; multiobjective,,,genetic algorithm; ga,,,
kim_economic_2019,2019,ARTICLE,Economic and environmental benefit analysis of a renewable energy supply system integrated with carbon capture and utilization framework,Chem. Eng. Res. Des.,10.1016/j.cherd.2019.05.008,moo_only,1,0,0,0,multi-objective; multiobjective; pareto,,,,,,
kim_nonlinear_2023,2023,ARTICLE,Nonlinear multiobjective and dynamic real-time predictive optimization for optimal operation of baseload power plants under variable renewable energy,Optim Control Appl Methods,10.1002/oca.2852,moo_only,1,0,0,0,multi-objective; multi objective; multiobjective; pareto,,,ga; particle swarm; pso,,,
kitanovski_a_thermal-economic_2016,2016,INPROCEEDINGS,Thermal-economic design of a solar dish stirling cogeneration system using a multi-objective approach,University of Ljubljana,,moo_only,1,0,0,0,multi-objective; pareto,,,,,,
kitsopoulou_dynamic_2023,2023,ARTICLE,Dynamic Energy Analysis of Different Heat Pump Heating Systems Exploiting Renewable Energy Sources,Sustainability,10.3390/su151411054,moo_only,1,0,0,0,multi-objective,,,ga,,,
klemm_potential-risk_2024,2024,ARTICLE,Potential-risk and no-regret options for urban energy system design — A sensitivity analysis,Sustainable Cities Soc.,10.1016/j.scs.2024.105189,moo_mes,1,1,0,0,multiobjective; multi-criteria,hydrogen,,ga,,,
klemm_indicators_2022,2022,ARTICLE,Indicators for the optimization of sustainable urban energy systems based on energy system modeling,Energy Sustainability Soc.,10.1186/s13705-021-00323-3,moo_mes,1,1,0,0,multi-objective; multiobjective; multi-criteria,multi-energy,,ga,,,
ko_multi-objective_2015,2015,ARTICLE,Multi-objective optimization design for a hybrid energy system using the genetic algorithm,Energies,10.3390/en8042924,moo_only,1,0,0,0,multi-objective; multiobjective; pareto; non-dominated,,,genetic algorithm; ga,,,
kohansal_multi-objective_2012,2012,ARTICLE,Multi-objective optimization of microgrid frequency and energy storage capacity,Renewable Energy and Power Qual. J.,10.24084/repqj10.571,moo_mes,1,1,0,0,multi-objective,microgrid; microgrids; distributed energy,,ga,,,
kohansal_multi-objective_2011,2011,INPROCEEDINGS,Multi-objective optimization to improve transient performance of {VSI} in an off-grid micro-gird using imperialist competitive algorithm,{IEEE} Computer Society,10.1109/ICCIAutom.2011.6356715,moo_mes,1,1,0,0,multi-objective; multiobjective,micro-grid; micro grid; off-grid; distributed generation,,,,,
kondisetti_multi-objective_2024,2024,ARTICLE,A multi-objective artificial hummingbird algorithm for dynamic optimal volt-var controls for high electric vehicle load penetration in a photovoltaic distribution network,e-Prime - Adv. Elec. Eng. Elec. Energy,10.1016/j.prime.2024.100474,moo_mes,1,1,0,0,multi-objective,electric vehicle; electric vehicles,,,,,
kong_research_2016,2016,INPROCEEDINGS,Research on multi-objective optimization dispatching scheme based on high-energy load,{IEEE} Computer Society,10.1109/CICED.2018.8592274,moo_mes,1,1,0,0,multi-objective; multiobjective,distributed generation,,,,,
kong_real-time_2023,2023,ARTICLE,Real-time pricing method for {VPP} demand response based on {PER}-{DDPG} algorithm,Energy,10.1016/j.energy.2023.127036,moo_mes,1,1,0,0,multi-objective; multiobjective,virtual power plant; distributed energy,,ga,,neural network,
kong_multi-objective_2020,2020,ARTICLE,Multi-objective power supply capacity evaluation method for active distribution network in power market environment,Int J Electr Power Energy Syst,10.1016/j.ijepes.2019.105467,moo_mes,1,1,1,0,multi-objective; multiobjective; pareto; nsga,distributed generation,topsis,ga; nsga,,,
korber_towards_2020,2020,INPROCEEDINGS,"Towards Renewable Energy Communities - Assessing the techno-economic and -ecologic potentials of a collaborative, decentral multi-energy system",Institution of Engineering and Technology,,moo_mes,1,1,0,0,multiobjective; multi-criteria,multi-energy; energy community; energy communities; district heating,,,,,replace
kordkheili_optimal_2014,2014,INPROCEEDINGS,Optimal sizing and allocation of residential photovoltaic panels in a distribution network for ancillary services application,{IEEE} Computer Society,10.1109/OPTIM.2014.6850976,moo_only,1,0,0,0,multi-objective; multiobjective,,,genetic algorithm,,,
kordkheili_assessing_2016,2016,ARTICLE,Assessing the potential of plug-in electric vehicles in active distribution networks,Energies,10.3390/en9010034,moo_mes,1,1,0,0,multi-objective; multiobjective,electric vehicle; electric vehicles,,genetic algorithm; ga,,,
koroneos_multi-objective_2004,2004,ARTICLE,"Multi-objective optimization in energy systems: The case study of Lesvos Island, Greece",Renewable Sustainable Energy Rev,10.1016/j.rser.2003.08.001,moo_only,1,0,0,0,multi-objective; pareto,,,,,,
korpeh_comprehensive_2024,2024,ARTICLE,A comprehensive analysis and multi-objective optimization of a sustainable production system based on renewable energies,Appl Therm Eng,10.1016/j.applthermaleng.2024.122483,moo_mes,1,1,1,0,multi-objective,hydrogen,topsis,,,,
korpeh_4e_2024,2024,ARTICLE,4E analysis and optimization of a novel hybrid biomass-solar system: Focusing on peak load management and environmental emissions,Process Saf. Environ. Prot.,10.1016/j.psep.2023.11.035,moo_mes,1,1,0,0,multi-objective; multiobjective,hydrogen,,,,,approximate; replace
kou_integrated_2024,2024,ARTICLE,An integrated quantum picture fuzzy rough sets with golden cuts for evaluating carbon footprint-based investment decision policies of sustainable industries,Appl. Soft Comput. J.,10.1016/j.asoc.2024.111428,moo_only,1,0,1,0,multi-objective; multiobjective,,electre,,,,
kowalski_sustainable_2009,2009,ARTICLE,Sustainable energy futures: Methodological challenges in combining scenarios and participatory multi-criteria analysis,European Journal of Operational Research,10.1016/j.ejor.2007.12.049,moo_only,1,0,0,0,multi-criteria,,,ga,,,
kozadajevs_optimised_2025,2025,ARTICLE,Optimised Sizing and Control of Non-Invasive Retrofit Options for More Sustainable Heat and Power Supply to Multi-Storey Apartment Buildings,Sustainability,10.3390/su17010236,moo_mes,1,1,0,0,multi-objective,combined heat and power,,genetic algorithm,,,
kraj_optimization_2010,2010,INPROCEEDINGS,Optimization of hybrid renewable energy systems for remote autonomous and distributed networks,,,moo_mes,1,1,0,0,multi-objective; multiobjective,hybrid renewable energy system; hybrid renewable energy systems,,genetic algorithm; ga,,,
krarti_cost_2024,2024,ARTICLE,Cost Benefits of Net Zero Energy Homes in Australia,Buildings,10.3390/buildings14041107,moo_only,1,0,0,0,multi-objective; multiobjective,,,,,,
krcum_optimal_2018,2018,ARTICLE,Optimal design of ship’s hybrid power system for efficient energy,Trans. Marit. Sci.,10.7225/toms.v07.n01.002,moo_only,1,0,0,0,multi-objective,,,ga,,,
kreishan_dump_2022,2022,INPROCEEDINGS,Dump Load Allocation in Islanded Microgrid with Robust Backward{\textbackslash}Forward Sweep and {MIDACO},Institute of Electrical and Electronics Engineers Inc,10.1109/UPEC55022.2022.9917779,moo_mes,1,1,0,0,multi-objective; multiobjective,microgrid; distributed generation,,ga,,,
kreishan_mixed-integer_2023,2023,ARTICLE,Mixed-Integer Distributed Ant Colony Optimization of Dump Load Allocation with Improved Islanded Microgrid Load Flow,Energies,10.3390/en16010213,moo_mes,1,1,0,0,multi-objective; multiobjective,microgrid,,,,,
kreishan_scenario-based_2023,2023,ARTICLE,Scenario-Based Uncertainty Modeling for Power Management in Islanded Microgrid Using the Mixed-Integer Distributed Ant Colony Optimization,Energies,10.3390/en16104257,moo_mes,1,1,0,0,multi-objective; multiobjective,microgrid; microgrids,,,,,
krishna_area_2023,2023,ARTICLE,Area Constrained Optimal Planning Model of Renewable-Rich Hybrid Microgrid,{IEEE} Access,10.1109/ACCESS.2023.3293732,moo_mes,1,1,0,0,multi-objective; multi objective; multiobjective,microgrid; microgrids,,,,,
krishna_robust_2024,2024,ARTICLE,A robust optimal sizing of renewable-rich multi-source microgrid under uncertainties with multi-storage options,Electr Eng,10.1007/s00202-024-02331-w,moo_mes,1,1,0,0,multi-objective; multiobjective; non-dominated; nsga,microgrid; microgrids,,genetic algorithm; ga; nsga,,,
kumar_integrated_2020,2020,INPROCEEDINGS,An integrated design approach for rural electrification based on community microgrids,Scanditale {AB},10.46855/energy-proceedings-8128,moo_mes,1,1,1,0,multi-objective; multi-criteria,microgrid; microgrids,mcdm; multi-criteria decision,,,,
kumar_site_2023,2023,INPROCEEDINGS,Site Selection Analysis for Wind/Solar Hybrid Power Stations using {MOORA} Method,Institute of Electrical and Electronics Engineers Inc,10.1109/ICCCEE55951.2023.10424460,moo_only,1,0,1,0,multi-objective; multiobjective,,ahp,,,,
kumar_enhancing_2023,2023,INPROCEEDINGS,Enhancing Microgrid Resilience {PlanningThrough} Optimized Demand Response,{IEEE} Computer Society,10.1109/IICPE60303.2023.10474811,moo_mes,1,1,0,0,multi-objective; multiobjective; pareto; nsga,microgrid,,ga; nsga,,,
kumar_intelligent_2015,2015,ARTICLE,"Intelligent optimization of renewable resource mixes incorporating the effect of fuel risk, fuel cost and {CO}2 emission",Front. Energy,10.1007/s11708-015-0345-y,moo_only,1,0,0,0,multi-objective; multiobjective; pareto; nsga,,,ga; nsga,,,
kumar_hybrid_2022,2022,ARTICLE,Hybrid multi-objective method based on ant colony optimization and firefly algorithm for renewable energy sources,Sustainable Computing: Informatics and Systems,10.1016/j.suscom.2022.100810,moo_only,1,0,0,0,multi-objective; multi objective; multiobjective; pareto,,,,,,
kumar_multi-objective_2024,2024,ARTICLE,A multi-objective optimization solution for distributed generation energy management in microgrids with hybrid energy sources and battery storage system,J. Energy Storage,10.1016/j.est.2023.109702,moo_mes,1,1,0,0,multi-objective; multiobjective,microgrid; microgrids; distributed generation,,particle swarm; pso,,,
kumar_optimal_2014,2014,INPROCEEDINGS,Optimal Allocation and Sizing of Distributed Generation in {IEEE}-85 {BUS} System Considering Various Load Models Using Multi-objective Metaheuristic Algorithms,Springer Verlag,10.1007/978-981-99-7630-0_2,moo_mes,1,1,0,0,multi-objective; multiobjective,distributed generation,,ga; grey wolf; gwo,,,
kumar_optimal_2018,2018,INPROCEEDINGS,Optimal allocation of distribution generation units in radial distribution systems using nature inspired optimization techniques,Institute of Electrical and Electronics Engineers Inc,10.1109/ICPECTS.2018.8521630,moo_mes,1,1,0,0,multi-objective; multiobjective,distributed generation,,ga; particle swarm; pso,,,
kumari_mrfo_2022,2022,INPROCEEDINGS,{MRFO} Based Multi-objective Optimization for Minimization of Peak Demand and Load Curtailment,Institute of Electrical and Electronics Engineers Inc,10.1109/DELCON54057.2022.9753018,moo_only,1,0,0,0,multi-objective; multiobjective,,,,,,
kuo_dynamic_2016,2016,INPROCEEDINGS,Dynamic demand-side management with user's privacy concern in residential community,{IEEE} Computer Society,10.1109/COASE.2016.7743526,moo_only,1,0,0,0,multi-objective; multiobjective,,,ga,,,
kuo_multi-objective_2011,2011,INPROCEEDINGS,Multi-objective optimal mechanical power for turbine of river current power generation using fuzzy dominant directed-graph method,,10.4028/www.scientific.net/AMM.284-287.839,moo_only,1,0,0,0,multi-objective; multi objective; multiobjective,,,,,,
kurdi_influence_2023,2023,ARTICLE,The influence of electricity transaction models on the optimal design of {PV} and {PV}-{BESS} systems,Sol. Energy,10.1016/j.solener.2023.05.037,moo_only,1,0,0,0,multi-objective; multiobjective,,,,,,
kurnitski_j_cost_2019,2019,INPROCEEDINGS,Cost optimal energy performance renovation measures in a municipal service building in a cold climate,{EDP} Sciences,10.1051/e3sconf/201911103022,moo_mes,1,1,0,0,multi objective; multiobjective,district heating,,ga,,,instead of
kurte_budget-constrained_2023,2023,INPROCEEDINGS,Budget-constrained Emission Reduction in Economic and Environmental Dispatch,Institute of Electrical and Electronics Engineers Inc,10.1109/PESGRE58662.2023.10404595,moo_only,1,0,0,0,multi-objective; multi objective; multiobjective,,,ga,,,
kusatake_peer--peer_2023,2023,ARTICLE,A Peer-to-Peer Energy Trading Model for Optimizing Both Efficiency and Fairness,Energies,10.3390/en16145501,moo_mes,1,1,0,0,multi-objective; multiobjective,distributed energy,,ga,,,
kusatake_efficiency_2023,2023,INPROCEEDINGS,Efficiency and Fairness in P2P Transactions with Variable Pricing for Electricity,Institute of Electrical and Electronics Engineers Inc,10.1109/CSCI62032.2023.00170,moo_only,1,0,0,0,multi-objective; multiobjective,,,ga,,,instead of
kwon_multi-objective_2020,2020,ARTICLE,Multi-objective optimization of home appliances and electric vehicle considering customer's benefits and offsite shared photovoltaic curtailment,Energies,10.3390/en13112852,moo_mes,1,1,0,0,multi-objective; multiobjective,electric vehicle,,,,,
kyriakopoulos_gl_research_2018,2018,INPROCEEDINGS,Research on capacity configuration and operation scheduling optimization of multi-energy complementary microgrid,Institute of Physics Publishing,10.1088/1755-1315/188/1/012080,moo_mes,1,1,0,0,multi-objective; multiobjective,multi-energy; microgrid,,particle swarm; pso,,,
la_tona_multi-objective_2022,2022,INPROCEEDINGS,A Multi-Objective Optimization-based {EMS} for Residential Microgrids Considering Battery {SoH},{IEEE} Computer Society,10.1109/IECON49645.2022.9968553,moo_mes,1,1,0,0,multi-objective; multi objective; multiobjective,microgrid; microgrids,,ga,,,
laazaar_modelling_2020,2020,INCOLLECTION,Modelling and optimization of stirling engine for waste heat recovery from cement plant based on adiabatic model and genetics algorithms,Lecture Notes in Networks and Systems,10.1007/978-3-030-53970-2_27,moo_only,1,0,0,0,multi-objective; pareto,,,genetic algorithm; ga,,,
labbadi_modeling_2022,2022,INCOLLECTION,"Modeling, Optimization and Intelligent Control Techniques in Renewable Energy Systems: An Optimal Integration Of Renewable Energy Resources Into Grid","Studies in Systems, Decision and Control",10.1007/978-3-030-98737-4,moo_only,1,0,0,0,multi-objective,,,,,,
lagouir_multi-objective_2021,2021,ARTICLE,Multi-objective optimization dispatch based energy management of a microgrid running under grid connected and standalone operation mode,Internat. J. Rene. Ener. Devel.,10.14710/ijred.2021.34656,moo_mes,1,1,1,0,multi-objective; multiobjective,microgrid; standalone,ahp,,,,
lagouir_solving_2021,2021,ARTICLE,Solving multi-objective energy management of a dc microgrid using multi-objective multiverse optimization,Internat. J. Rene. Ener. Devel.,10.14710/IJRED.2021.38909,moo_mes,1,1,0,0,multi-objective; multi objective; multiobjective; pareto,microgrid,,ga,,,
lagouir_multi-objective_2022,2022,ARTICLE,Multi-Objective Optimal Dispatching and Operation Control of a Grid Connected Microgrid Considering Power Loss of Conversion Devices,J. Sustain. Dev. Energy Water Environ. Syst.,10.13044/j.sdewes.d9.0404,moo_mes,1,1,0,0,multi-objective; pareto,microgrid; microgrids,,ga,,,
laha_low_2021,2021,ARTICLE,Low carbon electricity system for India in 2030 based on multi-objective multi-criteria assessment,Renewable Sustainable Energy Rev,10.1016/j.rser.2020.110356,moo_only,1,0,0,0,multi-objective; multiobjective; multi-criteria; pareto; moea,,,ga; moea,,,
lai_droop_2023,2023,ARTICLE,Droop control strategy for microgrid inverters: A deep reinforcement learning enhanced approach,Energy Rep.,10.1016/j.egyr.2023.04.263,moo_mes,1,1,0,0,multi-objective; multiobjective,microgrid; microgrids,,,,deep learning,
lai_multi-objective_2023,2023,INPROCEEDINGS,Multi-Objective Optimization of Hybrid Energy Storage Economy and Frequency Stability Considering Energy Storage Regulation Ability,Institute of Electrical and Electronics Engineers Inc,10.1109/ICPSAsia58343.2023.10294602,moo_only,1,0,0,0,multi-objective; multiobjective,,,,,,
lakhina_enhanced_2023,2023,ARTICLE,An Enhanced Multi-Objective Optimizer for Stochastic Generation Optimization in Islanded Renewable Energy Microgrids,Mathematics,10.3390/math11092079,moo_mes,1,1,0,0,multi-objective,microgrid; microgrids,,,,,
lamnadi_optimal_2019,2019,ARTICLE,Optimal design of stand-alone hybrid power system using wind and solar energy sources,Int. J. Energy Technol. Policy,,moo_mes,1,1,0,0,multi-objective,hybrid renewable energy system; hybrid renewable energy systems; stand-alone,,genetic algorithm,,,
lan_multi-objective_2019,2019,INPROCEEDINGS,{MULTI}-{OBJECTIVE} {OPTIMAL} {DESIGN} {OF} A {SOLAR} {HEATING} {SYSTEM} {UNDER} {WEATHER} {UNCERTAINTY} {AND} {SYSTEM} {RELIABILITY},Scanditale {AB},10.46855/energy-proceedings-3949,moo_only,1,0,0,0,multi-objective,,,,,,
lan_holistic_2019,2019,ARTICLE,A holistic design approach for residential net-zero energy buildings: A case study in Singapore,Sustainable Cities Soc.,10.1016/j.scs.2019.101672,moo_only,1,0,0,0,multi-objective; multiobjective,,,ga,,,
lasemi_multi-objective_2021,2021,INPROCEEDINGS,Multi-objective Smart Distribution Network Operation Considering Demand Response Programming,Institute of Electrical and Electronics Engineers Inc,10.1109/IoT52625.2021.9469709,moo_mes,1,1,0,0,multi-objective; multiobjective,distributed generation,,ga,,,
launay_analysis_2019,2019,ARTICLE,Analysis strategy for multi-criteria optimization: Application to inter-seasonal solar heat storage for residential building needs,Energy,10.1016/j.energy.2018.12.181,moo_mes,1,1,0,0,multi-objective; multiobjective; multi-criteria; multicriteria,district heating,,ga,,,
layadi_economic_2018,2018,ARTICLE,Economic and ecological optimization of multi-source systems under the variability in the cost of fuel,Energy Convers. Manage.,10.1016/j.enconman.2018.09.056,moo_mes_surrogate,1,1,0,1,multi-objective; multiobjective; pareto,stand-alone,,ga,meta-model; meta model,,
lazzari_optimizing_2023,2023,ARTICLE,Optimizing planning and operation of renewable energy communities with genetic algorithms,Appl. Energy,10.1016/j.apenergy.2023.120906,moo_mes,1,1,0,0,multi-objective,energy community; energy communities,,genetic algorithm; ga,,,replace
lazzerini_linear_2015,2015,INPROCEEDINGS,A linear programming-driven {MCDM} approach for multi-objective economic dispatch in smart grids,Institute of Electrical and Electronics Engineers Inc,10.1109/IntelliSys.2015.7361183,moo_mes,1,1,1,0,multi-objective; multiobjective; multi-criteria; pareto,microgrid; micro grid; microgrids,mcdm; multi-criteria decision; topsis; ahp,,,,
le_techno-economic_2024,2024,ARTICLE,Techno-economic and life cycle analysis of renewable energy storage systems in buildings: The effect of uncertainty,Energy,10.1016/j.energy.2024.132644,moo_only,1,0,0,0,multi-objective; multiobjective,,,ga,,,approximate
lee_economic_2017,2017,ARTICLE,Economic and environmental assessment of a renewable stand-alone energy supply system using multi-objective optimization,Korean Chem. Eng. Res.,10.9713/kcer.2017.55.3.332,moo_mes,1,1,0,0,multi-objective; multiobjective,stand-alone,,,,,
lee_multi-objective_2019,2019,ARTICLE,Multi-objective optimisation of hybrid power systems under uncertainties,Energy,10.1016/j.energy.2019.03.141,moo_mes,1,1,0,0,multi-objective; multiobjective,microgrid; microgrids; off-grid; distributed generation,,,,,
lee_operation_2018,2018,ARTICLE,Operation optimization with jointly controlled modules powered by hybrid energy source: A case study of desalination,Renewable Sustainable Energy Rev,10.1016/j.rser.2017.08.076,moo_only,1,0,0,0,multi-objective; multiobjective,,,ga,,,
lee_p2p_2021,2021,INPROCEEDINGS,P2P Power Trading between Nanogrid Clusters Exploiting Electric Vehicles and Renewable Energy Sources,Institute of Electrical and Electronics Engineers Inc,10.1109/CSCI54926.2021.00349,moo_mes,1,1,0,0,multi-objective; multiobjective,stand-alone; distributed energy; electric vehicle; electric vehicles,,ga,,,
lei_multi-objective_2016,2016,ARTICLE,A multi-objective co-evolutionary algorithm for energy-efficient scheduling on a green data center,Comp. Oper. Res.,10.1016/j.cor.2016.05.014,moo_only,1,0,0,0,multi-objective; multiobjective,,,,,,
lei_t_optimization_2024,2024,INPROCEEDINGS,Optimization of microgrid scheduling based on pareto solution set,{SPIE},10.1117/12.3037459,moo_mes,1,1,1,0,multi-objective; multiobjective; pareto,microgrid; microgrids,mcdm,ga,,,
leng_optimal_2021,2021,INPROCEEDINGS,Optimal Scheduling Of Price-Based Demand Response In Microgrid With Classified Load Change Rate,Institute of Electrical and Electronics Engineers Inc,10.1109/EI252483.2021.9712890,moo_mes,1,1,0,0,multi-objective; multi objective; multiobjective,microgrid; microgrids; distributed generation,,,,,
leng_modeling_2024,2024,ARTICLE,Modeling of calculations on the performance optimization of a double-flash geothermal renewable energy-based combined heat/power plant coupled by transcritical carbon dioxide rankine cycle,Renew. Energy,10.1016/j.renene.2024.121595,moo_mes,1,1,0,0,multi-objective,combined heat and power,,ga,,,
leng_nsga-t_2024,2024,ARTICLE,{NSGA}-T: A novel evaluation method for renewable energy plans,Energy,10.1016/j.energy.2023.130174,moo_only,1,0,1,0,multi-objective; multiobjective; pareto; non-dominated; nsga,,topsis,genetic algorithm; ga; nsga,,,
leone_multi-objective_2022,2022,ARTICLE,Multi-Objective Optimization of {PV} and Energy Storage Systems for Ultra-Fast Charging Stations,{IEEE} Access,10.1109/ACCESS.2022.3147672,moo_mes,1,1,0,0,multi-objective; multiobjective,electric vehicle; electric vehicles,,genetic algorithm; ga,,,
leonowicz_z_renewable_2024,2024,INPROCEEDINGS,Renewable Energy Community Planning Combining Multi-Objective Optimization and Uncertainty Assessment,Institute of Electrical and Electronics Engineers Inc,,moo_mes,1,1,0,0,multi-objective,energy hub; energy community; energy communities; hydrogen,,,,,
leonowicz_zm_decentralized_2021,2021,INPROCEEDINGS,A Decentralized Power Regulation Approach for {DC} Microgrids,Institute of Electrical and Electronics Engineers Inc,,moo_mes,1,1,0,0,multi-objective; multiobjective,microgrid; microgrids,,,,,
lhuillier_power--ammonia--x_2020,2020,INPROCEEDINGS,Power-to-ammonia-to-X: Cost assessment of an integrated renewable ammonia-based system providing heat and power for residential use,{ECOS} 2020 Local Organizing Committee,,moo_mes,1,1,0,0,multi-objective; multiobjective,hydrogen,,genetic algorithm; ga,,,
li_sizing_2021,2021,INPROCEEDINGS,Sizing a 100\% renewable energy based power supply system based on multi-objective optimization,Institute of Electrical and Electronics Engineers Inc,,moo_mes,1,1,0,0,multi-objective; multiobjective,microgrid; microgrids; hydrogen,,genetic algorithm,,,
li_dynamic_2020,2020,INPROCEEDINGS,Dynamic Optimal Scheduling of Microgrid Based on ϵ constraint multi-objective Biogeography-based Optimization Algorithm,Institute of Electrical and Electronics Engineers Inc,10.1109/CACRE50138.2020.9230079,moo_mes,1,1,0,0,multi-objective; multi objective; multiobjective; pareto,microgrid; microgrids,,ga,,,
li_research_2023,2023,ARTICLE,{RESEARCH} {ON} {OPERATION} {PREDICTION} {OF} {DISTRIBUTED} {ENERGY} {SYSTEM} {BASED} {ON} {MULTIVARIATE} {NONLINEAR} {ANALYSIS},Taiyangneng Xuebao,10.19912/j.0254-0096.tynxb.2022-0189,moo_mes,1,1,0,0,multi-objective; multiobjective,multi-energy; multi energy; distributed energy,,ga,,neural network,
li_designing_2020,2020,ARTICLE,Designing a short-term load forecasting model in the urban smart grid system,Appl. Energy,10.1016/j.apenergy.2020.114850,moo_only,1,0,0,0,multi-objective; multiobjective,,,,,neural network; machine learning,
li_fuzzy_2021,2021,ARTICLE,A fuzzy theory-based machine learning method for workdays and weekends short-term load forecasting,Energy Build.,10.1016/j.enbuild.2021.111072,moo_only,1,0,0,0,multi-objective; multiobjective,,,ga,,neural network; machine learning,
li_optimal_2024,2024,ARTICLE,Optimal design of building envelope towards life cycle performance: Impact of considering dynamic grid emission factors,Energy Build.,10.1016/j.enbuild.2024.114770,moo_only,1,0,0,0,multi-objective,,,,,,
li_multi-objective_2023,2023,ARTICLE,A multi-objective planning method for multi-energy complementary distributed energy system: Tackling thermal integration and process synergy,J. Clean. Prod.,10.1016/j.jclepro.2023.135905,moo_mes,1,1,0,0,multi-objective; multiobjective; pareto,multi-energy; multi energy; integrated energy; energy hub; distributed energy,,ga,,,
li_multi-objective_2019,2019,ARTICLE,Multi-objective complementary scheduling of hydro-thermal-{RE} power system via a multi-objective hybrid grey wolf optimizer,Energy,10.1016/j.energy.2018.12.213,moo_only,1,0,0,0,multi-objective; multiobjective; pareto,,,ga; grey wolf,,,
li_dynamic_2009,2009,ARTICLE,Dynamic modeling and sizing optimization of stand-alone photovoltaic power systems using hybrid energy storage technology,Renew. Energy,10.1016/j.renene.2008.04.018,moo_mes,1,1,0,0,multi-objective; multiobjective,stand-alone; hydrogen,,,,,
li_multi-objective_2022,2022,INPROCEEDINGS,Multi-Objective Optimal Dispatching Strategy for Active Distribution Network Considering Controllable Load and Energy Storage,Institute of Electrical and Electronics Engineers Inc,10.1109/CCDC55256.2022.10034127,moo_only,1,0,0,0,multi-objective; multi objective; multiobjective,,,particle swarm,,,
li_bi-level_2023,2023,INPROCEEDINGS,Bi-Level Optimal Dispatch Method of Active Distribution Network Based on Improved Artificial Fish Swarm Algorithm,Institute of Electrical and Electronics Engineers Inc,10.1109/CEEPE58418.2023.10166727,moo_only,1,0,0,0,multi-objective; multiobjective,,,,,,
li_optimal_2014,2014,INPROCEEDINGS,Optimal deployment of energy storage for providing peak regulation service in smart grid with renewable energy sources,Springer Verlag,10.1007/978-981-13-9779-0_75,moo_only,1,0,0,0,multi-objective; multiobjective,,,ga,,,
li_multi-objective_2024,2024,ARTICLE,Multi-objective two-stage robust optimization of wind/{PV}/thermal power system based on meta multi-agent reinforcement learning,Int J Electr Power Energy Syst,10.1016/j.ijepes.2024.110273,moo_only,1,0,0,0,multi-objective; multi objective; pareto,,,,,,
li_multi-objective_2014,2014,INPROCEEDINGS,Multi-objective Robust Optimization for Integrated Energy Systems Including Economics and Carbon Emissions,Springer Verlag,10.1007/978-981-97-3324-8_22,moo_mes,1,1,0,0,multi-objective; multi objective; multiobjective; pareto,integrated energy,,ga,,,
li_multi-objective_2021,2021,INPROCEEDINGS,Multi-objective optimization based joint dispatch model of wind-solar-hydro-thermal pumped storage,{IOP} Publishing Ltd,10.1088/1742-6596/2005/1/012135,moo_only,1,0,0,0,multi-objective; multiobjective; nsga,,,ga; nsga,,,
li_energy_2015,2015,INPROCEEDINGS,Energy Management of Microgrid Considering Different Battery {SOC},{IEEE} Computer Society,10.23919/CCC55666.2022.9902613,moo_mes,1,1,0,0,multi-objective; multiobjective; non-dominated; nsga,microgrid,,genetic algorithm; ga; nsga,,machine learning,
li_new_2023,2023,INPROCEEDINGS,New Technology and Integrated Optimization of Distributed Energy Storage Power Generation,Institute of Electrical and Electronics Engineers Inc,10.1109/EEPS58791.2023.10256696,moo_mes,1,1,0,0,multi-objective; multiobjective,distributed energy,,,,,
li_multi-objective_2024-1,2024,ARTICLE,Multi-Objective Optimization of Wind-Hydrogen Integrated Energy Systems with Energy Cascade Utilization,Dianli Jianshe,10.12204/j.issn.1000-7229.2024.10.001,moo_mes,1,1,0,0,multi-objective,multi-energy; integrated energy; hydrogen,,,,,
li_research_2020,2020,INPROCEEDINGS,Research on optimal allocation for island microgrid based on state of charge,Institute of Physics Publishing,10.1088/1755-1315/474/5/052049,moo_mes,1,1,0,0,multi-objective; multiobjective,microgrid; microgrids; distributed energy,,ga,,,
li_multi-objective_2018,2018,ARTICLE,Multi-objective optimal design of renewable energy integrated {CCHP} system using {PICEA}-g,Energies,10.3390/en11040743,moo_mes,1,1,0,0,multi-objective; multi objective; multiobjective; pareto,"cchp; combined cooling, heating, and power; chp",,ga,,,
li_probabilistic_2024,2024,ARTICLE,Probabilistic prediction-based multi-objective optimization approach for multi-energy virtual power plant,Int J Electr Power Energy Syst,10.1016/j.ijepes.2024.110200,moo_mes,1,1,0,0,multi-objective; multiobjective; pareto,"multi-energy; virtual power plant; combined cooling, heating, and power; electric vehicle",,ga,,,
li_data-driven_2024,2024,ARTICLE,Data-driven two-stage scheduling of multi-energy systems for operational flexibility enhancement,Int J Electr Power Energy Syst,10.1016/j.ijepes.2024.110230,moo_mes,1,1,0,0,multi-objective; multiobjective,multi-energy; district heating; hydrogen,,ga,,,
li_multi-objective_2023-1,2023,ARTICLE,A Multi-objective Optimization Planning Framework for Active Distribution System Via Reinforcement Learning,Distrib. Gener. Altern. Energy J.,10.13052/dgaej2156-3306.3862,moo_mes,1,1,0,0,multi-objective; multiobjective,distributed generation,,ga,,,
li_multiobjective_2020,2020,ARTICLE,Multiobjective Optimization Model considering Demand Response and Uncertainty of Generation Side of Microgrid,Math. Probl. Eng.,10.1155/2020/6957314,moo_mes,1,1,0,0,multi-objective; multiobjective,microgrid; microgrids,,,,,
li_multi-objective_2023-2,2023,INPROCEEDINGS,Multi-objective Optimization Model of the Bundled Wind-{PV}-thermal Power Transmission System,Institute of Physics,10.1088/1742-6596/2479/1/012039,moo_mes,1,1,0,0,multi-objective; multiobjective,off-grid,,,,,
li_achieving_2023,2023,ARTICLE,Achieving affordable zero carbon housing design through an integrated approach,Energy Rep.,10.1016/j.egyr.2023.04.022,moo_only,1,0,0,0,multi-objective; multiobjective,,,ga,,,
li_optimization_2020,2020,INPROCEEDINGS,{OPTIMIZATION} {MODEL} {OF} {DISTRIBUTED} {ENERGY} {SUPPLY} {SYSTEM} {BASED} {ON} {MULTI}-{ENERGY} {COMPLEMENTARITY},Institution of Engineering and Technology,10.1049/icp.2023.2230,moo_mes,1,1,0,0,multi-objective; multiobjective,multi-energy; multi energy; distributed energy,,,,,
li_study_2015,2015,ARTICLE,Study on multi-objective optimization of energy structure in china based on improved genetic algorithm,J. Inf. Comput. Sci.,10.12733/jics20106955,moo_only,1,0,0,0,multi-objective; multiobjective,,,genetic algorithm,,,
li_multi-objective_2024-2,2024,ARTICLE,Multi-objective optimization for economic load distribution and emission reduction with wind energy integration,Int J Electr Power Energy Syst,10.1016/j.ijepes.2024.110175,moo_only,1,0,1,0,multi-objective; multi objective; pareto,,topsis,ga,,,
li_two-stage_2024,2024,ARTICLE,Two-stage multi-objective optimal scheduling strategy for the virtual power plant considering flexible {CCS} and virtual hybrid energy storage mode,J. Energy Storage,10.1016/j.est.2024.114323,moo_mes,1,1,0,0,multi-objective; multi objective,virtual power plant,,ga,,,
li_multi-objective_2024-3,2024,INPROCEEDINGS,Multi-objective Fuzzy Optimization of a Combined Heating and Power Microgrid Based on Parallel Membrane Computing,Institute of Electrical and Electronics Engineers Inc,10.1109/CEEPE62022.2024.10586344,moo_mes,1,1,0,0,multi-objective; multiobjective,microgrid; combined heat and power; chp,,ga,,,
li_multi-objective_2024-4,2024,ARTICLE,Multi-objective optimization method for power supply and demand balance in new power systems,Int J Electr Power Energy Syst,10.1016/j.ijepes.2024.110204,moo_only,1,0,0,0,multi-objective,,,ga,,,
li_multi-objective_2024-5,2024,ARTICLE,Multi-Objective Optimal Configuration of Hydrogen Fuel Cell-Based Multi-Energy Microgrid System Considering Exergy,Electronics (Switzerland),10.3390/electronics13193800,moo_mes,1,1,0,0,multi-objective; pareto,multi-energy; microgrid; microgrids; hydrogen,,,,,
li_optimal_2023,2023,ARTICLE,Optimal allocation method of multi-energy system based on hybrid optimization algorithm,Energy Rep.,10.1016/j.egyr.2023.04.244,moo_mes,1,1,0,0,multi-objective; multiobjective,multi-energy; integrated energy,,particle swarm,,,approximate
li_multi-objective_2024-6,2024,ARTICLE,Multi-objective optimization of regional integrated energy system matrix modeling considering exergy analysis and user satisfaction,Int J Electr Power Energy Syst,10.1016/j.ijepes.2023.109765,moo_mes,1,1,1,0,multi-objective; multiobjective; pareto; non-dominated,integrated energy; energy hub,topsis,genetic algorithm; ga,,,
li_multi-objective_2021-1,2021,ARTICLE,"Multi-objective optimization and performance assessments of an integrated energy system based on fuel, wind and solar energies",Entropy,10.3390/e23040431,moo_mes,1,1,0,0,multi-objective; nondominated; nsga,integrated energy,,genetic algorithm; ga; nsga,,,
li_research_2023-1,2023,ARTICLE,Research on Multi-Objective Optimization Model of Industrial Microgrid Considering Demand Response Technology and User Satisfaction,Energy Eng,10.32604/ee.2023.021320,moo_mes,1,1,0,0,multi-objective; multiobjective,microgrid; microgrids; off-grid,,,,,
li_deep_2023,2023,INPROCEEDINGS,Deep reinforcement learning based adaptive energy management for islanded microgrids considering multi-objective optimization,Scanditale {AB},10.46855/energy-proceedings-10523,moo_mes,1,1,0,0,multi-objective,microgrid; microgrids,,ga,,,
li_multi-objective_2024-7,2024,ARTICLE,Multi-objective optimization method for medium and long-term power supply and demand balance considering the spatiotemporal correlation of source and load,Energy Strateg. Rev.,10.1016/j.esr.2024.101463,moo_only,1,0,0,0,multi-objective; multiobjective,,,ga,,,
li_multi-objective_2022-1,2022,ARTICLE,Multi-Objective Optimal Sizing of {HRES} under Multiple Scenarios with Undetermined Probability,Mathematics,10.3390/math10091508,moo_mes,1,1,0,0,multi-objective,microgrid; hybrid renewable energy system; hybrid renewable energy systems; stand-alone,,ga,,,
li_expansion_2021,2021,ARTICLE,Expansion Planning of Renewable Energy Power System Considering Flexibility and Economy,Shanghai Jiaotong Daxue Xuebao,10.16183/j.cnki.jsjtu.2020.024,moo_only,1,0,0,0,multi-objective; nsga,,,ga; nsga,,,
li_microgrid_2018,2018,ARTICLE,Microgrid energy management based on hierarchical multi-objective optimization algorithm,Dianli Jianshe,10.3969/j.issn.1000-7229.2018.04.011,moo_mes,1,1,0,0,multi-objective; pareto; nsga,microgrid,,ga; nsga,,,
li_optimal_2014-1,2014,INPROCEEDINGS,Optimal design of standalone hybrid renewable energy systems with biochar production in remote rural areas: A case study,Elsevier Ltd,10.1016/j.egypro.2019.01.185,moo_mes,1,1,0,0,multi-objective; multiobjective,hybrid renewable energy system; hybrid renewable energy systems; standalone,,ga,,,
li_microgrid_2025,2025,ARTICLE,Microgrid energy management system with degradation cost and carbon trading mechanism: A multi-objective artificial hummingbird algorithm,Appl. Energy,10.1016/j.apenergy.2024.124853,moo_mes,1,1,1,0,multi-objective; multi objective; pareto,microgrid,topsis,ga,,,
li_integrated_2024,2024,ARTICLE,Integrated energy system for low-carbon economic operation optimization: Pareto compromise programming and master-slave game,Renew. Energy,10.1016/j.renene.2024.119946,moo_mes,1,1,0,0,multi-objective; multiobjective; pareto,multi-energy; integrated energy; combined heat and power; chp,,ga,,,
li_multi-energy_2024,2024,ARTICLE,Multi-energy synergistic planning of distributed energy supply system: Wind-solar-hydrogen coupling energy supply,Renew. Energy,10.1016/j.renene.2024.121769,moo_mes,1,1,0,0,multi-objective,multi-energy; multi energy; distributed energy; hydrogen,,ga,,,
li_system_2022,2022,ARTICLE,A System Management Method for Photovoltaic Microgrid Based on Energy Circuit,{IEEJ} Trans. Electr. Electron. Eng.,10.1002/tee.23590,moo_mes,1,1,0,0,multi-objective; multiobjective,microgrid; micro-grid,,,,,
li_multi-objective_2023-3,2023,INPROCEEDINGS,Multi-Objective Optimization for Dynamic {VAR} Planning based on Power System Partitioning Method,Institute of Electrical and Electronics Engineers Inc,10.1109/PSGEC58411.2023.10256005,moo_only,1,0,0,0,multi-objective; multi objective; multiobjective,,,,,,
li_multi-objective_2025,2025,ARTICLE,Multi-objective optimization and 3E analysis of an integrated {PV}/T-wind-borehole-{ORC} driven ground source heat pump system,Process Saf. Environ. Prot.,10.1016/j.psep.2025.106930,moo_only,1,0,0,1,multi-objective,,,ga,response surface; response surface methodology,,
li_multi-objective_2023-4,2023,ARTICLE,"Multi-objective pathfinder algorithm for multi-objective optimal power flow problem with random renewable energy sources: wind, photovoltaic and tidal",Sci. Rep.,10.1038/s41598-023-37635-7,moo_only,1,0,0,0,multi-objective; multiobjective; pareto,,,,,,
li_multi-objective_2019-1,2019,ARTICLE,Multi-objective Optimal Capacity Configuration of Microgrid with Power to Hydrogen as Flexible Resource,Dianli Xitong Zidonghue,10.7500/AEPS20181023006,moo_mes,1,1,0,0,multi-objective; multiobjective; pareto,microgrid; micro grid; stand-alone; hydrogen,,ga,,,
li_multi-objective_2013,2013,INPROCEEDINGS,The multi-objective optimization operation of microsources in microgrid based on an improved particle swarm algorithm,,10.2316/P.2013.800-043,moo_mes,1,1,0,0,multi-objective; multiobjective,microgrid; micro grid,,particle swarm,,,
li_multi-objective_2020,2020,INPROCEEDINGS,Multi-objective Robust Optimization of Microgrid System with Electric Vehicles and New Renewable Energy,Institute of Electrical and Electronics Engineers Inc,10.1109/ICPRE51194.2020.9233187,moo_mes,1,1,0,0,multi-objective,microgrid; microgrids; electric vehicle; electric vehicles,,,,,
li_multi-objective_2020-1,2020,ARTICLE,Multi-objective Union Optimal Configuration Strategy for Multi-microgrid Integrated Energy System Considering Bargaining Games,Dianwang Jishu,10.13335/j.1000-3673.pst.2020.0289,moo_mes,1,1,0,0,multi-objective; multiobjective; pareto,integrated energy; microgrid; microgrids,,ga,,,
li_optimal_2014-2,2014,INPROCEEDINGS,Optimal operation of microgrid based on improved binary particle swarm optimization algorithm with double-structure coding,Institute of Electrical and Electronics Engineers Inc,10.1109/POWERCON.2014.6993632,moo_mes,1,1,0,0,multi-objective; multiobjective,microgrid; micro grid; microgrids; distributed generation,,particle swarm; pso,,,
li_stochastic_2016,2016,ARTICLE,Stochastic optimal operation of microgrid based on chaotic binary particle swarm optimization,{IEEE} Trans. Smart Grid,10.1109/TSG.2015.2431072,moo_mes,1,1,0,0,multi-objective; multiobjective,microgrid,,ga; particle swarm; pso,,,
li_multi-objective_2014-1,2014,INPROCEEDINGS,Multi-objective Optimization Scheduling of Photovoltaic Thermal Power Units Based on Electric Vehicles: An Improved {NSGA}-{II} Algorithm,Springer Verlag,10.1007/978-981-97-3940-0_27,moo_mes,1,1,0,0,multi-objective; multiobjective; nsga,electric vehicle; electric vehicles,,ga; nsga,,,
li_cooperative_2021,2021,ARTICLE,Cooperative Optimal Operation Method of Multiple Energy Stations with Stakeholder of Energy Storage Station Based on Negotiation Game,Gaodianya Jishu,10.13336/j.1003-6520.hve.20201369,moo_only,1,0,0,0,multi-objective; multiobjective,,,ga,,,
li_graph_2021,2021,INPROCEEDINGS,Graph Convolution Networks-Based Island Partition for Energy and Information Coupled Active Distribution Systems,Institute of Electrical and Electronics Engineers Inc,10.1109/SmartGridComm51999.2021.9632294,moo_mes,1,1,0,0,multi-objective; multiobjective,microgrid,,,,,
li_sustainable_2019,2019,ARTICLE,Sustainable and reliable design of reverse osmosis desalination with hybrid renewable energy systems through supply chain forecasting using recurrent neural networks,Energy,10.1016/j.energy.2019.04.114,moo_mes,1,1,0,0,multi-objective; multiobjective; multi-criteria; multicriteria,hybrid renewable energy system; hybrid renewable energy systems,,ga,,neural network; recurrent neural,
li_optimization_2022,2022,INPROCEEDINGS,Optimization of {PV} installation angles for increased self-consumption in residential neighbourhoods,{DTU} Construct,,moo_mes,1,1,0,0,multi-objective; multiobjective; pareto,energy communities,,ga,,,
li_multi-objective_2019-2,2019,ARTICLE,Multi-objective optimization of solar powered adsorption chiller combined with river water heat pump system for air conditioning and space heating application,Energy,10.1016/j.energy.2019.116141,moo_mes,1,1,0,0,multi-objective; multiobjective; pareto,multi-energy,,genetic algorithm,,,
li_multi-objective_2023-5,2023,ARTICLE,Multi-objective study and optimization of a solar-boosted geothermal flash cycle integrated into an innovative combined power and desalinated water production process: Application of a case study,Energy,10.1016/j.energy.2023.128706,moo_only,1,0,0,0,multi-objective; multi objective; multiobjective; mopso,,,ga; pso; mopso,,,
li_hybrid_2021,2021,ARTICLE,Hybrid techno-economic and environmental assessment of adiabatic compressed air energy storage system in China-Situation,Appl Therm Eng,10.1016/j.applthermaleng.2020.116443,moo_only,1,0,0,0,multi-objective; multiobjective,,,,,,
li_multi-objective_2021-2,2021,INPROCEEDINGS,Multi-Objective Planning of Thermal-Electric Coupling Micro-Energy System to Promote the Consumption of Renewable Energy,Institute of Electrical and Electronics Engineers Inc,10.1109/EI252483.2021.9713335,moo_mes,1,1,1,0,multi-objective; multiobjective; nsga,integrated energy,topsis,ga; nsga,,,
li_multi-objective_2022-2,2022,ARTICLE,Multi-objective optimal power flow with stochastic wind and solar power,Appl. Soft Comput. J.,10.1016/j.asoc.2021.108045,moo_only,1,0,0,0,multi-objective; multiobjective; non-dominated,,,,,,replace
li_hierarchical_2020,2020,ARTICLE,Hierarchical Multi-objective Safety Margin Optimization of Renewable Energy Island Collecting Delivery System by {VSC}-{HVDC},Dianwang Jishu,10.13335/j.1000-3673.pst.2020.0047a,moo_only,1,0,0,0,multi-objective; multiobjective,,,,,,
li_multi-objective_2021-3,2021,INPROCEEDINGS,Multi-objective optimization scheduling of micro-grid with energy storage under time-of-use price mechanism,Institute of Electrical and Electronics Engineers Inc,10.1109/ICECEM54757.2021.00096,moo_mes,1,1,0,0,multi-objective; multi objective; multiobjective; pareto; non-dominated; nsga,microgrid; micro-grid,,genetic algorithm; ga; nsga,,,
li_solar_2024,2024,ARTICLE,Solar photovoltaic power forecasting system with online manner based on adaptive mode decomposition and multi-objective optimization,Comput Electr Eng,10.1016/j.compeleceng.2024.109407,moo_only,1,0,0,0,multi-objective; multiobjective,,,ga,,machine learning,
li_research_2023-2,2023,ARTICLE,Research on Optimal Configuration of Landscape Storage in Public Buildings Based on Improved {NSGA}-{II},Sustainability,10.3390/su15021460,moo_mes,1,1,0,0,multi objective; non-dominated; nsga,microgrid,,genetic algorithm; ga; nsga,,,
li_multi-objective_2024-8,2024,INPROCEEDINGS,Multi-Objective Planning for Hydrogen Production Considering Complementary Hydrogen Production Technologies in Source-Grid-Load-Storage System,Institute of Electrical and Electronics Engineers Inc,10.1109/ICNEPE64067.2024.10860367,moo_mes,1,1,0,0,multi-objective; nsga,off-grid; hydrogen,,ga; nsga,,,
li_v2g_2021,2021,ARTICLE,V2G Multi-Objective Dispatching Optimization Strategy Based on User Behavior Model,Front. Energy Res.,10.3389/fenrg.2021.739527,moo_mes,1,1,0,0,multi-objective; multi objective; multiobjective; pareto,microgrid; electric vehicle; electric vehicles,,genetic algorithm,,,
li_configuration_2024,2024,ARTICLE,Configuration Optimization of Mobile Photovoltaic-Diesel-Storage Microgrid System Based on {CPS}-{MOEA},Appl. Sci.,10.3390/app14073015,moo_mes,1,1,0,0,multi-objective; pareto; mopso; moea,microgrid,,particle swarm; pso; mopso; differential evolution; moea,,,
li_optimal_2024-1,2024,ARTICLE,Optimal Operation Method of Electric-Hydrogen Hybrid Energy Storage Microgrid System Based on Typical Commercial Operation Mode,Power. Gener. Technol.,10.12096/j.2096-4528.pgt.23173,moo_mes,1,1,0,0,multi-objective; non-dominated; nsga,microgrid; micro-grid; hydrogen,,genetic algorithm; ga; nsga,,,
li_multi-scenario_2019,2019,ARTICLE,Multi-scenario microgrid optimization using an evolutionary multi-objective algorithm,Swarm Evol. Comput.,10.1016/j.swevo.2019.100570,moo_mes,1,1,0,0,multi-objective; multiobjective; pareto; nsga,microgrid; micro grid,,ga; nsga,,,
li_novel_2021,2021,ARTICLE,A novel optimization framework for integrated local energy system multi-objective dispatch problem based on dynamic knowledge base,Int J Electr Power Energy Syst,10.1016/j.ijepes.2020.106736,moo_mes,1,1,0,0,multi-objective; multiobjective; pareto,combined cooling heating and power,,,,,
li_sharing_2023,2023,ARTICLE,Sharing hydrogen storage capacity planning for multi-microgrid investors with limited rationality: A differential evolution game approach,J. Clean. Prod.,10.1016/j.jclepro.2023.138100,moo_mes,1,1,0,0,multi-objective; multiobjective,microgrid; micro-grid; hydrogen,,ga; differential evolution,,,
li_dynamic_2016,2016,ARTICLE,Dynamic Environmental/Economic Scheduling for Microgrid Using Improved {MOEA}/D-M2M,Math. Probl. Eng.,10.1155/2016/2167153,moo_mes,1,1,0,0,multi-objective; multiobjective; pareto; non-dominated; nondominated; nsga; moea,microgrid; microgrids,,genetic algorithm; ga; nsga; moea; spea,,,
li_game-based_2022,2022,ARTICLE,Game-based Optimal Dispatching Strategy for Distribution Network With Multiple Microgrids Leasing Shared Energy Storage,Zhongguo Dianji Gongcheng Xuebao,10.13334/j.0258-8013.pcsee.211424,moo_mes,1,1,0,0,multi-objective; multiobjective,microgrid; micro-grid; micro grid; microgrids,,ga,,,
li_method_2024,2024,INPROCEEDINGS,A Method for Optimizing the Energy Storage Configuration on The Renewable Energy Side Based-on Improved {HS}-{IMOPSO},Institute of Electrical and Electronics Engineers Inc,10.1109/ICTech63197.2024.00077,moo_only,1,0,0,0,multi-objective; multiobjective; pareto; mopso,,,ga; particle swarm; pso; mopso,,,
li_micro-grid_2017,2017,INPROCEEDINGS,Micro-grid resource allocation based on multi-objective optimization in cloud platform,{IEEE} Computer Society,10.1109/ICSESS.2017.8342966,moo_mes,1,1,0,0,multi-objective; multiobjective,microgrid; micro-grid; microgrids,,particle swarm; pso,,,
li_knowledge_2014,2014,INPROCEEDINGS,A knowledge based multi-objective optimization strategy for microgrid environmental/economic scheduling problems,Elsevier Ltd,10.1016/j.egypro.2019.01.955,moo_mes,1,1,0,0,multi-objective; multi objective; multiobjective; moea,microgrid,,moea,,,
li_multi-objective_2019-3,2019,INPROCEEDINGS,{MULTI}-{OBJECTIVE} {OPTIMAL} {SCHEDULING} {OF} {GRID}-{CONNECTED} {MICROGRID} {CONSIDERING} {ENERGY} {STORAGE} {AND} {LOAD} {MANAGEMENT},Scanditale {AB},10.46855/energy-proceedings-1019,moo_mes,1,1,0,0,multi-objective; multiobjective; non-dominated; nsga,microgrid,,genetic algorithm; ga; nsga,,,
li_power_2016,2016,INPROCEEDINGS,Power Quality Control and Multi-Objective Optimization Compensation Strategy for Grid-Connected Multi-Functional Inverters,{IEEE} Computer Society,10.1109/CICED63421.2024.10754248,moo_mes,1,1,0,0,multi-objective; multiobjective,microgrid,,ga; particle swarm; pso,,,
li_research_2020-1,2020,INPROCEEDINGS,Research on large-scale multi-objective optimization algorithm with irregular frontier for operation dispatching of new generation energy system integration,Institute of Electrical and Electronics Engineers Inc,10.1109/EI250167.2020.9347354,moo_mes,1,1,0,0,multi-objective; multiobjective; pareto,multi-energy; multi energy; cchp; chp,,,,,
li_novel_2021-1,2021,ARTICLE,A novel bi-level robust game model to optimize a regionally integrated energy system with large-scale centralized renewable-energy sources in Western China,Energy,10.1016/j.energy.2021.120513,moo_mes,1,1,0,0,multi-objective; multiobjective; pareto,integrated energy; cchp; chp,,ga,,,
li_hybrid_2021-1,2021,ARTICLE,Hybrid time-scale energy optimal scheduling strategy for integrated energy system with bilateral interaction with supply and demand,Appl. Energy,10.1016/j.apenergy.2021.116458,moo_mes,1,1,0,0,multi-objective; pareto,integrated energy,,ga,,,
li_bi-level_2020,2020,ARTICLE,Bi-level and Multi-objective Robust Optimal Dispatching of {AC}/{DC} Hybrid Microgrid with Vir-tual Power Plant Participation,Gaodianya Jishu,10.13336/j.1003-6520.hve.20200430022,moo_mes,1,1,0,0,multi-objective,virtual power plant; microgrid; microgrids,,ga,,,
li_dynamic_2019,2019,ARTICLE,A Dynamic Multi-Constraints Handling Strategy for Multi-Objective Energy Management of Microgrid Based on {MOEA},{IEEE} Access,10.1109/ACCESS.2019.2943201,moo_mes,1,1,0,0,multi-objective; multiobjective; non-dominated; nsga; moea,microgrid,,genetic algorithm; ga; nsga; moea,,,
li_multi-objective_2025-1,2025,ARTICLE,Multi-Objective Operation Optimization of Park Microgrid Based on Green Power Trading Price Prediction in China,Energies,10.3390/en18010046,moo_mes,1,1,0,0,multi-objective; multiobjective,microgrid; microgrids,,ga,,,
li_bi-level_2021,2021,ARTICLE,Bi-level robust game optimal scheduling of regional comprehensive energy system,Zhejiang Daxue Xuebao (Gongxue Ban),10.3785/j.issn.1008-973X.2021.01.021,moo_mes,1,1,0,0,multi-objective,integrated energy; cchp; chp,,ga,,,
li_synergizing_2025,2025,ARTICLE,Synergizing neural networks with multi-objective thermal exchange optimization and {PROMETHEE} decision-making to improve {PCM}-based photovoltaic thermal systems,Case Stud. Therm. Eng.,10.1016/j.csite.2025.105851,moo_only,1,0,1,0,multi-objective; multi objective; multiobjective; multi-criteria; multi criteria; multicriteria; pareto,,mcdm; multi-criteria decision; multi criteria decision; multicriteria decision; promethee,ga,,neural network; machine learning,
li_multi-objective_2025-2,2025,ARTICLE,Multi-objective collaborative operation optimization of park-level integrated energy system clusters considering green power forecasting and trading,Energy,10.1016/j.energy.2025.135055,moo_mes,1,1,0,0,multi-objective; multi objective,integrated energy,,,,,
li_multicriteria_2023,2023,ARTICLE,A Multicriteria Optimal Operation Framework for a Data Center Microgrid Considering Renewable Energy and Waste Heat Recovery: Use of Balanced Decision Making,{IEEE} Ind Appl Mag,10.1109/MIAS.2023.3261105,moo_mes,1,1,0,0,multiobjective; multi-criteria; multicriteria,microgrid; microgrids,,,,,
li_multi-objective_2024-9,2024,ARTICLE,Multi-objective planning of distribution network based on distributionally robust model predictive control,Front. Energy Res.,10.3389/fenrg.2024.1478040,moo_mes,1,1,0,0,multi-objective,distributed resources,,ga,,,
li_multi-objective_2023-6,2023,ARTICLE,Multi-Objective Capacity Optimization of Grid-Connected Wind–Pumped Hydro Storage Hybrid Systems Considering Variable-Speed Operation,Energies,10.3390/en16248113,moo_only,1,0,0,0,multi-objective; multi objective; multiobjective; pareto,,,ga,,,
li_adjustable_2023,2023,ARTICLE,Adjustable Capability Evaluation of Integrated Energy Systems Considering Demand Response and Economic Constraints,Energies,10.3390/en16248048,moo_mes,1,1,0,0,multi-objective; multiobjective,integrated energy,,ga,,,
li_optimization_2024,2024,INPROCEEDINGS,Optimization of energy storage in the active distribution network with multiple microgrids,Institute of Electrical and Electronics Engineers Inc,10.1109/EPEE63731.2024.10875499,moo_mes,1,1,0,0,multi-objective,microgrid; microgrids; distributed energy,,,,,
li_coordinated_2019,2019,INPROCEEDINGS,Coordinated Stochastic Scheduling for Improving Wind Power Adsorption in Electric Vehicles-Wind Integrated Power Systems by Multi-objective Optimization Approach,Institute of Electrical and Electronics Engineers Inc,10.1109/IAS.2019.8912450,moo_mes,1,1,0,0,multi-objective; multiobjective,electric vehicle; electric vehicles,,ga; differential evolution,,,
li_coordinated_2020,2020,INPROCEEDINGS,Coordinated Scheduling for Improving Uncertain Wind Power Adsorption in Electric Vehicles - Wind Integrated Power Systems by Multiobjective Optimization Approach,Institute of Electrical and Electronics Engineers Inc,10.1109/TIA.2020.2976909,moo_mes,1,1,0,0,multi-objective; multiobjective,electric vehicle; electric vehicles,,ga; differential evolution,,,
li_shared_2020,2020,INPROCEEDINGS,Shared Energy and Reserve Based Coordinated Operation Between Electric Vehicle Charging Stations and Distribution Power Network,Institute of Electrical and Electronics Engineers Inc,10.1109/TIA.2023.3258930,moo_mes,1,1,0,0,multi-objective; multiobjective,integrated energy; electric vehicle; electric vehicles,,ga,,,
li_optimization_2019,2019,INPROCEEDINGS,Optimization of Energy Storage Capacity and Operation in {CCHP} System Based on Improved Co-Evolutionary Algorithm,Institute of Electrical and Electronics Engineers Inc,10.1109/CYBER46603.2019.9066763,moo_mes,1,1,0,0,multi-objective; multiobjective,cchp; combined cooling heating and power; chp,,ga; particle swarm; pso,,,
li_multi-objective_2019-4,2019,ARTICLE,Multi-objective optimal dispatch of microgrid under uncertainties via interval optimization,{IEEE} Trans. Smart Grid,10.1109/TSG.2017.2787790,moo_mes,1,1,0,0,multi-objective; multiobjective,microgrid; micro grid,,,,,
li_multi-objective_2017,2017,INPROCEEDINGS,"Multi-objective optimal operation of combined cooling, heating and power microgrid",Institute of Electrical and Electronics Engineers Inc,10.1109/EI2.2017.8245310,moo_mes,1,1,0,0,multi-objective; multiobjective,microgrid; micro grid,,particle swarm; pso,,,
li_multi-objective_2023-7,2023,ARTICLE,Multi-objective optimal scheduling of virtual power plant considering carbon capture and multi-energy flow,Zhejiang. Electr. Power.,10.19585/j.zjdl.202310005,moo_mes,1,1,0,0,multi-objective,multi-energy; integrated energy; virtual power plant,,,,,
li_incorporating_2019,2019,ARTICLE,Incorporating energy storage and user experience in isolated microgrid dispatch using a multi-objective model,{IET}. Renew. Power Gener.,10.1049/iet-rpg.2018.5862,moo_mes,1,1,0,0,multi-objective; multiobjective; pareto,microgrid; microgrids; distributed energy,,,,,
li_data_2019,2019,INCOLLECTION,Data Center Load Control Based Microgrid Operation via Robust Multi-objective Optimization,Power Systems,10.1007/978-981-97-0312-8_3,moo_mes,1,1,0,0,multi-objective,microgrid,,ga,,,
li_multi-objective_2021-4,2021,INPROCEEDINGS,Multi-Objective Optimized Operation of Integrated Energy System Based on Economic and Exergy Analysis,Institute of Electrical and Electronics Engineers Inc,10.1109/CCDC52312.2021.9601573,moo_mes,1,1,0,0,multi-objective; multi objective; multiobjective; pareto,multi-energy; multi energy; integrated energy,,,,,
li_multi-objective_2023-8,2023,INCOLLECTION,Multi-objective Optimization Approach for Coordinated Scheduling of Electric Vehicles-Wind Integrated Power Systems,Engineering Applications of Computational Methods,10.1007/978-981-99-0799-1_9,moo_mes,1,1,0,0,multi-objective; multiobjective,electric vehicle; electric vehicles,,ga,,,
li_flexible_2017,2017,INPROCEEDINGS,Flexible scheduling of microgrid with uncertainties considering expectation and robustness,Institute of Electrical and Electronics Engineers Inc,10.1109/ICPS.2017.7945096,moo_mes,1,1,0,0,multi-objective; multiobjective,microgrid; micro grid; distributed energy,,ga,,,
li_multi-objective_2023-9,2023,ARTICLE,Multi-objective optimization design of wind-photovoltaic-electricity storage-pumped storage system,Huaxue Gongcheng Chem. Eng.,10.3969/j.issn.1005-9954.2023.10.005,moo_only,1,0,1,0,multi-objective; nsga,,topsis,ga; nsga,,,
li_modeling_2023,2023,ARTICLE,Modeling and multi-objective optimization of a stand-alone photovoltaic-wind turbine-hydrogen-battery hybrid energy system based on hysteresis band,Int J Hydrogen Energy,10.1016/j.ijhydene.2022.11.196,moo_mes,1,1,0,0,multi-objective; multiobjective; pareto; nsga; moea,hybrid renewable energy system; off-grid; stand-alone; hydrogen,,genetic algorithm; ga; nsga; moea,,,
li_multi-objective_2023-10,2023,ARTICLE,Multi-objective Capacity Optimization of Wind-{PV}-Hydrogen Energy Storage Micro-grid System,Reneng Dongli Gongcheng,10.16146/j.cnki.rndlgc.2023.04.017,moo_mes,1,1,0,0,multi-objective,micro-grid; off-grid; hydrogen,,ga,,,
li_multi-time_2025,2025,ARTICLE,{MULTI}-{TIME} {SCALE} {OPTIMAL} {SCHEDULING} {OF} {REGIONAL} {INTEGRATED} {ENERGY} {SYSTEM} {CONSIDERING} {POWER} {ADJUSTABLE} {MARGIN},Taiyangneng Xuebao,10.19912/j.0254-0096.tynxb.2023-1595,moo_mes,1,1,0,0,multi-objective,multi-energy; integrated energy,,,,,
li_coordinated_2020-1,2020,ARTICLE,Coordinated rolling dispatch of wind and thermal power considering forecasting error,Dianli Zidonghua Shebei Electr. Power Autom. Equip.,10.16081/j.epae.202011015,moo_only,1,0,0,0,multi-objective; multiobjective,,,,,,
lian_fast_2016,2016,INPROCEEDINGS,A Fast Algorithm for Multi-Objective Fault Reconfiguration of Distribution Network Considering Source-Load Uncertainty,{IEEE} Computer Society,10.1109/CICED63421.2024.10754112,moo_only,1,0,0,0,multi-objective; multi objective; multiobjective,,,,,,
lian_robust_2023,2023,ARTICLE,Robust multi-objective optimization for islanded data center microgrid operations,Appl. Energy,10.1016/j.apenergy.2022.120344,moo_mes,1,1,0,0,multi-objective; multiobjective,microgrid,,ga,,,
liang_high_2024,2024,ARTICLE,High fidelity modeling of pumped storage units for optimal operation of a multi-energy co-generation system,J. Clean. Prod.,10.1016/j.jclepro.2024.140773,moo_mes,1,1,0,0,multi-objective; multiobjective,multi-energy; multi energy,,ga,,,
liang_operation_2022,2022,INPROCEEDINGS,Operation Optimization of Wind-solar Complementary Hydrogen Production System Based on {MOGEO},Institute of Electrical and Electronics Engineers Inc,10.1109/ICPRE55555.2022.9960331,moo_mes,1,1,0,0,multi-objective; multi objective; multiobjective; mopso,hydrogen,,pso; mopso,,,
liang_multi-objective_2023,2023,ARTICLE,Multi-Objective Mixed-Integer Convex Programming Method for the Siting and Sizing of {UPFCs} in a Large-Scale {AC}/{DC} Transmission System,{IEEE} Trans Power Syst,10.1109/TPWRS.2022.3220566,moo_only,1,0,0,0,multi-objective; multiobjective,,,ga,,,
liang_iot-based_2023,2023,ARTICLE,{IoT}-based intelligent energy management system for optimal planning of {HVAC} devices in net-zero emissions {PV}-battery building considering demand compliance,Energy Convers. Manage.,10.1016/j.enconman.2023.117369,moo_only,1,0,0,0,multi-objective; multiobjective,,,,,,
liang_allowable_2022,2022,INPROCEEDINGS,Allowable Capacity Analysis of Distributed Renewable Energy Resources in Active Distribution Network,Institute of Electrical and Electronics Engineers Inc,10.1109/ACFPE56003.2022.9952240,moo_only,1,0,0,0,multi-objective; multiobjective,,,,,,
liang_optimization_2020,2020,INPROCEEDINGS,Optimization model of Low-carbon dispatch of Virtual Power Plant considering flexible load response and electricity to gas,{IEEE} Computer Society,10.1109/APPEEC48164.2020.9220672,moo_mes,1,1,0,0,multi-objective; multiobjective,virtual power plant; hydrogen,,ga,,,
liang_research_2023,2023,INPROCEEDINGS,Research on Distributed Robust Optimization of Islanded Microgrids Based on Kullback-Leibler divergence,Institute of Electrical and Electronics Engineers Inc,10.1109/ACPEE56931.2023.10135863,moo_mes,1,1,0,0,multi-objective; multiobjective,microgrid; microgrids,,,,,
liao_multi-objective_2023,2023,INPROCEEDINGS,Multi-objective capacity planning for expressway microgrid considering photovoltaic panel dust removal maintenance,Institute of Physics,10.1088/1742-6596/2588/1/012003,moo_mes,1,1,0,0,multi-objective; multi objective; multiobjective; pareto; non-dominated; nsga,microgrid; electric vehicle,,genetic algorithm; ga; nsga,,,
liao_information_2022,2022,ARTICLE,An information gap decision theory-based decision-making model for complementary operation of hydro-wind-solar system considering wind and solar output uncertainties,J. Clean. Prod.,10.1016/j.jclepro.2022.131382,moo_mes,1,1,0,0,multi-objective; multiobjective; pareto,multi-energy,,ga,,,
liao_reliability_2022,2022,ARTICLE,Reliability Optimization of Multi-Energy System Considering Energy Storage Devices Effects under Weather Uncertainties,Energies,10.3390/en15030696,moo_mes,1,1,0,0,multi-objective; multiobjective; pareto; non-dominated; nsga; mopso,multi-energy,,genetic algorithm; ga; nsga; particle swarm; pso; mopso; spea,,,
lin_fuzzy_2023,2023,INPROCEEDINGS,Fuzzy Neural Network-Assisted Multi-Objective Optimization for Combined Economic Emission Dispatch with Random Wind Power,Institute of Electrical and Electronics Engineers Inc,10.1109/ICCIA59741.2023.00009,moo_only,1,0,0,1,multi-objective; multiobjective,,,ga,surrogate,neural network,replace; surrogate
lin_multi-objective_2022,2022,INPROCEEDINGS,Multi-objective Cooperative Optimal Control Strategy for Virtual Power Plant with Information and Communication Infrastructure,Institute of Electrical and Electronics Engineers Inc,10.1109/ICPET55165.2022.9918197,moo_mes,1,1,0,0,multi-objective; multi objective; multiobjective,virtual power plant,,ga,,,
lin_planning_2024,2024,ARTICLE,Planning of Electric Vehicle Charging Stations With {PV} and Energy Storage Using a Fuzzy Inference System,{IEEE} Trans. Transp. Electrif.,10.1109/TTE.2023.3322418,moo_mes,1,1,0,0,multi-objective; multiobjective,electric vehicle; electric vehicles,,ga,,,
lin_long-term_2024,2024,ARTICLE,Long-term multi-objective optimal scheduling for large cascaded hydro-wind-photovoltaic complementary systems considering short-term peak-shaving demands,Energy Convers. Manage.,10.1016/j.enconman.2024.118063,moo_only,1,0,0,0,multi-objective; pareto,,,,,,
lin_multi-objective_2024,2024,INPROCEEDINGS,Multi-objective optimization scheduling based on renewable energy uncertainty scenarios for the reliability of power system operation,Institute of Electrical and Electronics Engineers Inc,10.1109/CCDC62350.2024.10587566,moo_mes,1,1,0,0,multi-objective; multiobjective; pareto,distributed energy,,,,,
lin_optimal_2012,2012,INPROCEEDINGS,Optimal load distribution of microgrid including vanadium redox flow battery,,10.1109/APPEEC.2012.6307235,moo_mes,1,1,0,0,multi-objective; multi objective; multiobjective,microgrid; micro grid; distributed energy,,genetic algorithm; ga,,,
lin_energy_2022,2022,ARTICLE,Energy recycling perspective analysis of district heating and cooling system planning: Modeling and case study,J. Build. Eng.,10.1016/j.jobe.2022.104499,moo_mes,1,1,0,0,multi-objective; multiobjective; pareto,district heating,,ga,,,computation time
lin_optimal_2021,2021,ARTICLE,Optimal planning for economy and reliability of integrated energy system based on improved co-evolution algorithm,Dianli Zidonghua Shebei Electr. Power Autom. Equip.,10.16081/j.epae.202109033,moo_mes,1,1,0,0,multi-objective; multiobjective,multi-energy; integrated energy,,,,,
liu_optimal_2023,2023,ARTICLE,"Optimal scheduling of combined cooling, heating, and power system-based microgrid coupled with carbon capture storage system",J. Energy Storage,10.1016/j.est.2023.106746,moo_mes,1,1,0,0,multi-objective; multiobjective; pareto,"microgrid; microgrids; cchp; combined cooling, heating, and power; combined cooling heating and power; chp",,ga,,,
liu_thermoeconomic_2022,2022,ARTICLE,Thermoeconomic analysis and Multi-Objective optimization for the synthesis of green hydrogen and three different products via a novel energy system,Fuel,10.1016/j.fuel.2022.125003,moo_mes,1,1,0,0,multi-objective; multiobjective; multi-criteria,integrated energy; hydrogen,,,,,instead of
liu_multi-objective_2023,2023,ARTICLE,A multi-objective optimization model for the coordinated operation of hydropower and renewable energy,Front. Energy Res.,10.3389/fenrg.2023.1193415,moo_mes,1,1,0,0,multi-objective; multi objective; multiobjective; pareto,multi-energy,,ga,,,
liu_hierarchy_2021,2021,INPROCEEDINGS,Hierarchy Optimization Method for Day-ahead Coordinated Power Dispatch with Priority Given to Clean Energy,Institute of Electrical and Electronics Engineers Inc,10.1109/ACEEE51855.2021.9575045,moo_only,1,0,0,0,multi-objective; multiobjective,,,,,,
liu_multi-objective_2023-1,2023,ARTICLE,Multi-objective optimal day-ahead scheduling of desalination-hydrogen system powered by hybrid renewable energy sources,J. Clean. Prod.,10.1016/j.jclepro.2023.137737,moo_mes,1,1,0,0,multi-objective; multiobjective; non-dominated; nsga,hybrid renewable energy system; hydrogen,,genetic algorithm; ga; nsga,,,
liu_renewable_2021,2021,ARTICLE,Renewable energy systems optimization by a new multi-objective optimization technique: A residential building,J. Build. Eng.,10.1016/j.jobe.2020.102094,moo_only,1,0,0,0,multi-objective; multiobjective; multi-criteria,,,ga,,,
liu_optimal_2022,2022,ARTICLE,Optimal planning of hybrid renewable energy system considering virtual energy storage of desalination plant based on mixed-integer {NSGA}-{III},Desalination,10.1016/j.desal.2021.115382,moo_mes,1,1,0,0,multi-objective; multiobjective; non-dominated; nsga,hybrid renewable energy system,,genetic algorithm; ga; nsga,,,
liu_multi-objective_2024,2024,ARTICLE,Multi-objective optimization of distributed multi-energy system considering shared energy storage,Electrical Measurement Instrum.,10.19753/j.issn1001-1390.2024.10.012,moo_mes,1,1,1,0,multi-objective,multi-energy; distributed energy,topsis,ga,,,
liu_research_2021,2021,ARTICLE,Research on a bi-level collaborative optimization method for planning and operation of multi-energy complementary systems,Energies,10.3390/en14237930,moo_mes,1,1,0,0,multi-objective; multiobjective; non-dominated; nsga,multi-energy; multi energy,,genetic algorithm; ga; nsga,,,
liu_optimization_2021,2021,ARTICLE,Optimization of a multi-energy complementary distributed energy system based on comparisons of two genetic optimization algorithms,Process.,10.3390/pr9081388,moo_mes,1,1,0,0,multi-objective; pareto; non-dominated; nsga; hypervolume,multi-energy; integrated energy; distributed energy,,genetic algorithm; ga; nsga,,,
liu_supporting_2023,2023,ARTICLE,Supporting virtual power plants decision-making in complex urban environments using reinforcement learning,Sustainable Cities Soc.,10.1016/j.scs.2023.104915,moo_mes,1,1,0,0,multi-objective; multiobjective,virtual power plant; distributed energy,,,,machine learning,
liu_integrating_2024,2024,ARTICLE,Integrating {AI} Deep Reinforcement Learning with Evolutionary Algorithms for Advanced Threat Detection in Smart City Energy Management,{IEEE} Access,10.1109/ACCESS.2024.3471076,moo_only,1,0,0,0,multi-objective,,,genetic algorithm; ga; differential evolution,,,
liu_modelling_2018,2018,ARTICLE,Modelling and Optimization of Multi-energy Coupling Hub for Micro-energy Network,Dianli Xitong Zidonghue,10.7500/AEPS20171218003,moo_mes,1,1,0,0,multi-objective; multiobjective,multi-energy; multi energy; microgrid; cchp; chp,,ga; particle swarm; pso,,,
liu_optimal_2024,2024,ARTICLE,Optimal allocation of industrial park multi-energy complementary system based on typical scenarios: Case study of Shenzhen,Int J Hydrogen Energy,10.1016/j.ijhydene.2024.09.202,moo_mes,1,1,0,0,multi-objective,multi-energy; hydrogen,,,,,
liu_distributed_2023,2023,ARTICLE,Distributed Energy Management for Networked Microgrids Embedded Modern Distribution System Using {ADMM} Algorithm,{IEEE} Access,10.1109/ACCESS.2023.3316513,moo_mes,1,1,1,0,multi-objective; multiobjective,microgrid; microgrids; distributed energy,ahp,ga,,,
liu_community_2017,2017,ARTICLE,Community microgrid scheduling considering network operational constraints and building thermal dynamics,Energies,10.3390/en10101554,moo_mes,1,1,0,0,multi-objective; multiobjective,microgrid; micro grid; microgrids,,,,,
liu_hierarchical_2024,2024,ARTICLE,Hierarchical distributed {MPC} method for hybrid energy management: A case study of ship with variable operating conditions,Renewable Sustainable Energy Rev,10.1016/j.rser.2023.113894,moo_mes,1,1,0,0,multi-objective; multiobjective,multi-energy; multi energy,,,,,
liu_multi-objective_2023-2,2023,INPROCEEDINGS,Multi-objective Optimization of Electric Vehicle Charging under {TOU} Price with Tidal Energy Access,Institute of Electrical and Electronics Engineers Inc,10.1109/AEEES56888.2023.10114202,moo_mes,1,1,0,0,multi-objective; multi objective; multiobjective,microgrid; electric vehicle; electric vehicles,,genetic algorithm,,,
liu_hierarchical_2018,2018,INPROCEEDINGS,Hierarchical optimal dispatching strategy for microgrid system considering user-side resources,Institute of Electrical and Electronics Engineers Inc,10.1109/ICIEA.2018.8397972,moo_mes,1,1,0,0,multi-objective; multiobjective; nsga,microgrid; distributed energy,,ga; nsga,,,
liu_optimal_2014,2014,INPROCEEDINGS,The optimal capacity and economic analysis of micro-grid on island,Institute of Electrical and Electronics Engineers Inc,10.1109/OCEANS-TAIPEI.2014.6964426,moo_mes,1,1,0,0,multi-objective; multiobjective,micro-grid; micro grid,,,,,
liu_optimization_2024,2024,INPROCEEDINGS,Optimization Scheduling of Multi-source Microgrids Considering Economic and Environmental Impacts,Institute of Electrical and Electronics Engineers Inc,10.1109/AEEES61147.2024.10544920,moo_mes,1,1,0,0,multi-objective; multiobjective,microgrid; microgrids,,genetic algorithm,,,
liu_optimal_2024-1,2024,INPROCEEDINGS,Optimal allocation of multi-objective self-provisioning power supply based on particle swarm optimization,Institute of Electrical and Electronics Engineers Inc,10.1109/ICEPET61938.2024.10626330,moo_mes,1,1,0,0,multi-objective,microgrid,,particle swarm; pso,,,
liu_sarap_2020,2020,ARTICLE,{SARAP} Algorithm of Multi-Objective Optimal Capacity Configuration for {WT}-{PV}-{DE}-{BES} Stand-Alone Microgrid,{IEEE} Access,10.1109/ACCESS.2020.3008553,moo_mes,1,1,0,0,multi-objective; pareto,microgrid; microgrids; stand-alone,,spea,,,approximate
liu_small-signal_2020,2020,ARTICLE,Small-signal Analysis of {DC} Microgrid and Multi-objective Optimization Segmented Droop Control Suitable for Economic Dispatch,J. Mod. Power Syst. Clean Energy,10.35833/MPCE.2018.000878,moo_mes,1,1,0,0,multi-objective; multiobjective; non-dominated; nsga,microgrid; microgrids,,genetic algorithm; ga; nsga,,,
liu_optimal_2019,2019,INPROCEEDINGS,Optimal allocation of distributed generation based on multi-objective ant lion algorithm,Institute of Electrical and Electronics Engineers Inc,10.1109/ISGT-Asia.2019.8881318,moo_mes,1,1,0,0,multi-objective; multi objective; multiobjective,distributed generation,,,,,
liu_multi-objective_2023-3,2023,ARTICLE,Multi-objective optimisation of a thermal-storage {PV}-{CSP}-wind hybrid power system in three operation modes,Energy,10.1016/j.energy.2023.129255,moo_mes,1,1,0,0,multi-objective; multiobjective,hybrid renewable energy system,,ga,,,instead of
liu_multi-subject_2023,2023,ARTICLE,A Multi-Subject Game-Based Operation Strategy for {VPPs} Integrating Wind-Solar-Storage,Sustainability,10.3390/su15076278,moo_mes,1,1,0,0,multi-objective; nsga,virtual power plant,,ga; nsga,,,
liu_environ-economic_2025,2025,ARTICLE,Environ-economic assessment of the solar coupled heat pump heating system for dairy barns in severe cold region,Energy Build.,10.1016/j.enbuild.2024.115166,moo_only,1,0,0,0,multi-objective; nondominated; nsga,,,genetic algorithm; ga; nsga,,neural network,
liu_energy_2020,2020,ARTICLE,Energy storage and management system design optimization for a photovoltaic integrated low-energy building,Energy,10.1016/j.energy.2019.116424,out,0,0,0,0,,,,,,,
liu_hybrid_2021,2021,ARTICLE,Hybrid renewable energy applications in zero-energy buildings and communities integrating battery and hydrogen vehicle storage,Appl. Energy,10.1016/j.apenergy.2021.116733,moo_mes,1,1,0,0,multi-objective; multiobjective,energy community; hybrid renewable energy system; hybrid renewable energy systems; hydrogen,,,,,
liu_multi-objective_2020,2020,INPROCEEDINGS,Multi-Objective Optimized Configuration of Electric Vehicle Fast Charging Station Combined with {PV} Generation and Energy Storage,Institute of Electrical and Electronics Engineers Inc,10.1109/ICET49382.2020.9119613,moo_mes,1,1,0,0,multi-objective; multiobjective; pareto; nsga,electric vehicle; electric vehicles,,genetic algorithm; ga; nsga,,,
liu_optimal_2018,2018,ARTICLE,Optimal Sizing for Multi {PV}-{ESS} Microgrids in Distribution Network,Dianwang Jishu,10.13335/j.1000-3673.pst.2017.2283,moo_mes,1,1,1,0,multi-objective; multiobjective; pareto,microgrid; micro grid; microgrids,topsis,,,,
liu_multi-time_2020,2020,ARTICLE,Multi-time Scale Optimal Power Flow Strategy for Medium-voltage {DC} Power Grid Considering Different Operation Modes,J. Mod. Power Syst. Clean Energy,10.35833/MPCE.2018.000781,moo_mes,1,1,0,0,multi-objective; multiobjective,off-grid; distributed energy,,particle swarm; pso,,,
liu_interactive_2018,2018,ARTICLE,Interactive Energy-Saving Dispatch Considering Generation and Demand Side Uncertainties: A Chinese Study,{IEEE} Trans. Smart Grid,10.1109/TSG.2016.2623947,moo_only,1,0,0,0,multi-objective; multiobjective; nsga,,,ga; nsga,,,
liu_multi-objective_2024-1,2024,ARTICLE,"Multi-Objective Optimization Based on Life Cycle Assessment for Hybrid Solar and Biomass Combined Cooling, Heating and Power System",J. Therm. Sci.,10.1007/s11630-024-1953-9,moo_mes,1,1,1,0,multi-objective; multiobjective; pareto; nondominated; nsga,cchp; combined cooling heating and power; chp,topsis,genetic algorithm; ga; nsga,,,
liu_promotion_2024,2024,ARTICLE,Promotion of distributed energy system considering capacity allocation optimization and multi-stakeholder decision-making behaviors,J. Clean. Prod.,10.1016/j.jclepro.2023.140464,moo_mes,1,1,0,0,multi-objective; multiobjective,distributed energy,,ga,,,accelerate
liu_cooperative_2020,2020,ARTICLE,Cooperative Operation for Integrated Multi-Energy System Considering Transmission Losses,{IEEE} Access,10.1109/ACCESS.2020.2996913,moo_mes,1,1,0,0,multi-objective; multiobjective; pareto,multi-energy,,,,,
liu_attack-resilient_2023,2023,ARTICLE,Attack-resilient event-triggered distributed control strategy of microgrid based on multi-objective optimization,{IET} Gener. Transm. Distrib.,10.1049/gtd2.12857,moo_mes,1,1,0,0,multi-objective; multiobjective,microgrid; microgrids; distributed generation,,ga,,,
liu_techno-economic_2020,2020,ARTICLE,Techno-economic design optimization of hybrid renewable energy applications for high-rise residential buildings,Energy Convers. Manage.,10.1016/j.enconman.2020.112868,moo_only,1,0,0,0,multi-objective,,,ga,,,
liu_evaluation_2023,2023,INPROCEEDINGS,Evaluation of renewable energy accommodation capacity considering multiple flexibility resources of source-load-storage,Institute of Physics,10.1088/1742-6596/2588/1/012001,moo_only,1,0,0,0,multi-objective; multiobjective; pareto,,,,,,
liu_renewable_2023,2023,ARTICLE,Renewable energy design and optimization for a net-zero energy building integrating electric vehicles and battery storage considering grid flexibility,Energy Convers. Manage.,10.1016/j.enconman.2023.117768,moo_mes,1,1,0,0,multi-objective; multiobjective,electric vehicle; electric vehicles,,ga,,neural network; recurrent neural,
liu_net-zero_2022,2022,ARTICLE,Net-zero energy management and optimization of commercial building sectors with hybrid renewable energy systems integrated with energy storage of pumped hydro and hydrogen taxis,Appl. Energy,10.1016/j.apenergy.2022.119312,moo_mes,1,1,0,0,multi-objective; multiobjective; pareto,hybrid renewable energy system; hybrid renewable energy systems; hydrogen,,,,,
liu_optimal_2021,2021,ARTICLE,Optimal allocation of microgrid using a differential multi-agent multi-objective evolution algorithm,Appl. Math. Nonlinear Sci.,10.2478/amns.2021.1.00034,moo_mes,1,1,0,0,multi-objective; multi objective; multiobjective; non-dominated; nsga; moea,microgrid; micro-grid; microgrids,,genetic algorithm; ga; nsga; moea,,,
liu_multi-objective_2023-4,2023,ARTICLE,Multi-objective optimization with advanced exergy analysis of a wind-solar‑hydrogen multi-energy supply system,Appl. Energy,10.1016/j.apenergy.2023.121512,moo_mes,1,1,0,0,multi-objective; multiobjective; non-dominated,multi-energy; multi energy; hydrogen,,genetic algorithm; ga,,,
liu_capacity-operation_2023,2023,ARTICLE,Capacity-Operation Collaborative Optimization for Wind-Solar-Hydrogen Multi-Energy Supply System,Appl. Sci.,10.3390/app131911011,moo_mes,1,1,0,0,multi-objective; non-dominated,multi-energy; hydrogen,,genetic algorithm; ga,,,
liu_comprehensive_2024,2024,ARTICLE,Comprehensive sustainability assessment and multi-objective optimization of a novel renewable energy driven multi-energy supply system,Appl Therm Eng,10.1016/j.applthermaleng.2023.121461,moo_mes,1,1,0,0,multi-objective; multiobjective,multi-energy; multi energy,,ga,,,
liu_hybrid_2022,2022,ARTICLE,A hybrid crossover multi-agent multi-objective evolutionary algorithm and its application in microgrid operation optimization,J. Comput. Methods Sci. Eng.,10.3233/JCM-226090,moo_mes,1,1,0,0,multi-objective; multiobjective; pareto; nsga,microgrid,,ga; nsga,,,
liu_distributed_2022,2022,ARTICLE,Distributed Optimal Energy Management for Integrated Energy Systems,{IEEE} Trans. Ind. Inf.,10.1109/TII.2022.3146165,moo_mes,1,1,0,0,multi-objective; multiobjective; pareto,integrated energy,,ga,,,
liu_research_2024,2024,INPROCEEDINGS,Research on Optimal Allocation of Energy Storage in Power System with High Proportion of Renewable Energy under Extreme Events,Institute of Electrical and Electronics Engineers Inc,10.1109/ICPRE62586.2024.10768364,moo_only,1,0,0,0,multi-objective; pareto,,,ga; particle swarm,,,
liu_optimal_2012,2012,ARTICLE,An optimal design method of multi-objective based island microgrid,Dianli Xitong Zidonghue,10.3969/j.issn.1000-1026.2012.17.007,moo_mes,1,1,0,0,multi-objective; multi objective; multiobjective,microgrid; micro grid; distributed generation,,genetic algorithm,,,
liu_long-term_2023,2023,ARTICLE,Long-term energy-environment-economic programming under carbon neutrality target: a study on China’s regional energy transition pathways and {CO}2 mitigation strategies,Energy Sources Econ. Plann. Policy,10.1080/15567249.2023.2229321,moo_only,1,0,0,0,multi-objective; multiobjective,,,ga,,,accelerate
liu_multi-objective_2024-2,2024,ARTICLE,Multi-objective optimization of power networks integrating electric vehicles and wind energy,Intell. Syst. Applications.,10.1016/j.iswa.2024.200452,moo_mes,1,1,0,0,multi-objective; pareto,electric vehicle; electric vehicles,,ga,,,
liu_administration_2023,2023,ARTICLE,Administration strategy of energy management in smart grid: system view and optimization path,Front. Energy Res.,10.3389/fenrg.2023.1202904,moo_mes,1,1,0,0,multi-objective; multiobjective,microgrid; distributed energy; distributed generation,,,,,
liu_multi-criteria_2024,2024,ARTICLE,Multi-criteria optimization next to a comparative analysis of a polygeneration layout based on a double-stage gas turbine cycle fueled by biomass and hydrogen,Renew. Energy,10.1016/j.renene.2024.121669,moo_mes,1,1,0,0,multi-criteria; multicriteria,hydrogen,,ga,,,
liu_multi-objective_2015,2015,INPROCEEDINGS,Multi-objective optimization dispatch of {PV}-{MG} considering demand response actions,{IEEE} Computer Society,10.1109/ChiCC.2016.7553777,moo_mes,1,1,0,0,multi-objective; pareto; non-dominated; nsga,microgrid,,genetic algorithm; ga; nsga,,,
liu_parametric_2024,2024,ARTICLE,Parametric assessment and multi-objective optimization of an ejector-enhanced compressed air energy storage system based on conventional and advanced exergy,J. Renewable Sustainable Energy,10.1063/5.0226187,moo_only,1,0,0,0,multi-objective; multiobjective,,,ga,,,
liu_techno-economic_2022,2022,ARTICLE,Techno-economic feasibility of solar power plants considering {PV}/{CSP} with electrical/thermal energy storage system,Energy Convers. Manage.,10.1016/j.enconman.2022.115308,moo_only,1,0,0,0,multi-objective; multiobjective,,,ga,,,approximate
liu_short-_2023,2023,ARTICLE,Short- and long-duration cooperative energy storage system: Optimizing sizing and comparing rule-based strategies,Energy,10.1016/j.energy.2023.128273,moo_mes,1,1,0,0,multi-objective; multiobjective,multi-energy; hydrogen,,ga,,,
liu_techno-economic_2022-1,2022,ARTICLE,Techno-economic assessment of hydrogen integrated into electrical/thermal energy storage in {PV}+ Wind system devoting to high reliability,Energy Convers. Manage.,10.1016/j.enconman.2022.116067,moo_mes,1,1,0,0,multi-objective; multiobjective,multi-energy; hydrogen,,ga,,,
liu_grid-connectedisland_2017,2017,INPROCEEDINGS,Grid-connected/island optimal operation of {PV}-diesel-battery microgrid with plug-in electric vehicles,Institute of Electrical and Electronics Engineers Inc,10.1109/YAC.2017.7967445,moo_mes,1,1,0,0,multi-objective; multiobjective,microgrid; micro grid; electric vehicle; electric vehicles,,particle swarm; pso,,,
liu_new_2023,2023,ARTICLE,New operation strategy and multi-objective optimization of hybrid solar-fuel {CCHP} system with fuel thermochemical conversion and source-loads matching,Sci. China Technol. Sci.,10.1007/s11431-022-2061-5,moo_mes,1,1,0,0,multi-objective; multiobjective,multi-energy; multi energy; cchp; chp,,ga,,,
liu_multi-objective_2015-1,2015,ARTICLE,Multi-objective optimal strategies for power system restoration with support from electric vehicles,Dianli Xitong Zidonghue,10.7500/AEPS20150415002,moo_mes,1,1,0,0,multi-objective; multiobjective,electric vehicle; electric vehicles,,genetic algorithm,,,
liu_multi-objective_2016,2016,ARTICLE,Multi-objective restoration optimisation of power systems with battery energy storage systems,{IET} Gener. Transm. Distrib.,10.1049/iet-gtd.2015.0434,moo_only,1,0,0,0,multi-objective; multiobjective,,,ga,,,accelerate
liu_multi-objective_2018,2018,ARTICLE,Multi-Objective Planning of Micro Energy Network Considering P2G-Based Storage System and Renewable Energy Integration,Dianli Xitong Zidonghue,10.7500/AEPS20180228003,moo_mes,1,1,0,0,multi-objective; multiobjective,cchp; chp,,ga,,,
liu_multi-objective_2014,2014,INPROCEEDINGS,Multi-objective planning research on micro energy network considering desalination,Elsevier Ltd,10.1016/j.egypro.2019.01.110,moo_mes,1,1,0,0,multi-objective; multiobjective,distributed energy; cchp; chp,,,,,
liu_building_2024,2024,ARTICLE,Building solar integrated energy systems considering power and heat coordination: Optimization and evaluation,Sol. Energy,10.1016/j.solener.2024.112821,moo_mes,1,1,1,0,multi-objective; multiobjective; multi-criteria; multi criteria; multicriteria; pareto,integrated energy; distributed energy,mcdm; multi-criteria decision; multi criteria decision; multicriteria decision,,,,approximate
liu_optimal_2022-1,2022,ARTICLE,Optimal fuzzy logic control of energy storage systems for V/f support in distribution networks considering battery degradation,Int J Electr Power Energy Syst,10.1016/j.ijepes.2021.107867,moo_only,1,0,0,0,multi-objective; multiobjective; pareto,,,,,,
liu_multi-objective_2023-5,2023,ARTICLE,Multi-objective optimal capacity allocation of integrated energy system with co-evolution mechanism,Int. J. Emerg. Electr. Power Syst.,10.1515/ijeeps-2022-0003,moo_mes,1,1,0,0,multi-objective; multiobjective,multi-energy; integrated energy,,,,,
liu_optimizing_2024,2024,ARTICLE,Optimizing data center energy consumption via energy complementarity scheduling,Energy Rep.,10.1016/j.egyr.2024.11.032,moo_mes,1,1,0,0,multi-objective; multiobjective; nsga,multi-energy; multi energy,,ga; nsga,,,approximate
liu_consideration_2014,2014,INPROCEEDINGS,Consideration of Multi-Objective Optimization Configuration Strategy for Grid Energy Storage Considering the Stochasticity of Renewable Energy,Springer Verlag,10.1007/978-981-97-8828-6_70,moo_only,1,0,0,0,multi-objective,,,,,,
liu_hierarchical_2022,2022,ARTICLE,Hierarchical multi-objective design of regional integrated energy system under heterogeneous low-carbon policies,Sustain. Prod. Consum.,10.1016/j.spc.2022.04.027,moo_mes,1,1,0,0,multi-objective; multiobjective,integrated energy,,ga,,,
liu_multi-objective_2021,2021,INPROCEEDINGS,Multi-Objective Non-Cooperative Game Optimization for Microgrid Clusters Based on {NSGA}-{II} Coordinated Interior-Point Method,{IEEE} Computer Society,10.1109/PESGM46819.2021.9638127,moo_mes,1,1,0,0,multi-objective; multi objective; multiobjective; nsga,microgrid; micro-grid; microgrids,,ga; nsga,,,
liu_trigeneration_2022,2022,ARTICLE,"A trigeneration application based on compressed air energy storage integrated with organic Rankine cycle and absorption refrigeration: Multi-objective optimisation and energy, exergy and economic analysis",J. Energy Storage,10.1016/j.est.2022.105803,moo_mes,1,1,0,0,multi-objective; multiobjective,"cchp; combined cooling, heating, and power; combined cooling heating and power; chp",,ga,,,
liu_research_2024-1,2024,INPROCEEDINGS,Research on Multi-objective Collaborative Optimization Strategies for Multi microgrid Systems Based on Data Feature Analysis,Institute of Electrical and Electronics Engineers Inc,10.1109/CEEPE62022.2024.10586421,moo_mes,1,1,0,0,multi-objective; multiobjective,microgrid; micro-grid; microgrids,,particle swarm; pso,,,
liu_ensemble_2021,2021,ARTICLE,Ensemble Forecasting Frame Based on Deep Learning and Multi-Objective Optimization for Planning Solar Energy Management: A Case Study,Front. Energy Res.,10.3389/fenrg.2021.764635,moo_only,1,0,0,0,multi-objective; multiobjective,,,,,deep learning,
liu_multi-objective_2014-1,2014,INPROCEEDINGS,Multi-objective Optimization Scheduling Strategy Research for Integrated Energy Systems Based on Solid Oxide Electrolysis Cell Stations,Springer Verlag,10.1007/978-981-97-3940-0_32,moo_mes,1,1,0,0,multi-objective; multiobjective,integrated energy; combined heat and power; hydrogen,,ga,,,
liu_unit_2023,2023,INPROCEEDINGS,Unit Commitment Based Optimal Aggregation and Control Method for Energy Storage Systems,Institute of Electrical and Electronics Engineers Inc,10.1109/EI259745.2023.10512450,moo_mes,1,1,0,0,multi-objective; multiobjective; pareto,distributed generation,,ga,,,
liu_multi-objective_2025,2025,ARTICLE,Multi-objective nutcracker optimization algorithm based on fast non-dominated sorting and elite strategy for grid-connected hybrid microgrid system scheduling,Renew. Energy,10.1016/j.renene.2025.122455,moo_mes,1,1,0,0,multi-objective; non-dominated,microgrid; microgrids,,ga,,,speed up
liu_multi-objective_2023-6,2023,ARTICLE,{MULTI}-{OBJECTIVE} {OPTIMIZATION} {SCHEDULING} {MODEL} {OF} {FLEXIBLE} {ENERGY} {CONSUMPTION} {LOAD} {IN} {SUMMER} {FOR} {DIFFERENT} {TYPES} {OF} {RURAL} {HOUSEHOLDS} {IN} {GUANZHONG} {PLAIN},Taiyangneng Xuebao,10.19912/j.0254-0096.tynxb.2022-0491,moo_only,1,0,0,0,multi-objective; multiobjective,,,genetic algorithm,,,
liu_optimal_2024-2,2024,INPROCEEDINGS,Optimal dispatch of park integrated energy systems considering the uncertainty of both source and load sides,Institute of Electrical and Electronics Engineers Inc,10.1109/ICEPET61938.2024.10626432,moo_mes,1,1,0,0,multi-objective,multi energy; integrated energy,,ga,,,
liu_technoeconomic_2023,2023,ARTICLE,Technoeconomic and environmental optimization of combined heat and power systems with renewable integration for chemical plants,Appl Therm Eng,10.1016/j.applthermaleng.2022.119474,moo_mes,1,1,0,0,multi-objective; multiobjective,combined heat and power; chp; district heating,,ga,,,
liu_novel_2022,2022,ARTICLE,A novel distributed energy system combining hybrid energy storage and a multi-objective optimization method for nearly zero-energy communities and buildings,Energy,10.1016/j.energy.2021.122577,moo_mes,1,1,0,0,multi-objective; multiobjective,energy community; energy communities; distributed energy,,,,,
liu_thermodynamic_2024,2024,ARTICLE,Thermodynamic and economic analysis of a trans-critical {CO}2 energy storage system integrated with {ORC} and solar energy,Energy,10.1016/j.energy.2024.133667,moo_only,1,0,1,0,multi-objective; nsga,,topsis,ga; nsga,,,
liu_optimization_2025,2025,INPROCEEDINGS,Optimization of Solar-Geothermal Hybrid Power Plant System Through Deep Learning,Society of Petroleum Engineers ({SPE}),10.2118/223861-MS,moo_mes,1,1,0,0,multi-objective,stand-alone,,ga,,neural network; deep learning,
liu_bi-level_2025,2025,ARTICLE,Bi-Level Game Strategy for Virtual Power Plants Based on an Improved Reinforcement Learning Algorithm,Energies,10.3390/en18020374,moo_mes,1,1,0,0,multi-objective,virtual power plant,,ga,,machine learning,
liu_research_2024-2,2024,INPROCEEDINGS,Research on photovoltaic energy storage capacity allocation considering distribution network reliability and economy,Institute of Physics,10.1088/1742-6596/2782/1/012005,moo_only,1,0,0,0,multi-objective; multiobjective; nsga,,,ga; nsga; particle swarm; pso,,,
liu_study_2024,2024,INPROCEEDINGS,A Study on the Economic Optimal Control Strategy of {AC}-{DC} Hybrid Microgrid Based on Consistency Theory,Institute of Electrical and Electronics Engineers Inc,10.1109/NPSIF64134.2024.10883417,moo_mes,1,1,0,0,multi-objective,microgrid; distributed generation,,ga,,,
liu_capacity_2023,2023,ARTICLE,"Capacity Allocation Optimization on Grid Connected System Consisting of Wind Power, Photovoltaic Power, Pumped Storage and Battery",Dongli Gongcheng Xuebao/Jr.Chi. Soc.Pr.Eng.,10.19805/j.cnki.jcspe.2023.09.007,moo_only,1,0,1,0,multi-objective; non-dominated; nsga,,topsis,genetic algorithm; ga; nsga,,,
liu_emergency_2025,2025,ARTICLE,Emergency mobile energy storage optimal allocation in microgrid-integrated distribution networks considering economic and resilience benefits,Energy,10.1016/j.energy.2025.135633,moo_mes,1,1,0,0,multi-objective,microgrid,,ga,,neural network,
liu_dynamic_2021,2021,ARTICLE,Dynamic economic emission dispatch considering renewable energy generation: A novel multi-objective optimization approach,Energy,10.1016/j.energy.2021.121407,moo_mes,1,1,0,0,multi-objective; multiobjective,integrated energy,,ga,,,
liu_renewable_2023-1,2023,ARTICLE,Renewable energy utilizing and fluctuation stabilizing using optimal dynamic grid connection factor strategy and artificial intelligence-based solution method,Renew. Energy,10.1016/j.renene.2023.119379,moo_only,1,0,0,0,multi-objective; multiobjective; pareto,,,gwo,,,
liu_multi-objective_2022,2022,ARTICLE,Multi-objective optimization of multi-energy complementary integrated energy systems considering load prediction and renewable energy production uncertainties,Energy,10.1016/j.energy.2022.124399,moo_mes,1,1,1,0,multi-objective; non-dominated; nsga,multi-energy; multi energy; integrated energy,topsis,genetic algorithm; ga; nsga,,,
liu_g_multi-objective_2021,2021,INPROCEEDINGS,Multi-objective optimization of hybrid energy storage in micro-grid based on wavelet packet decomposition and neural network,{SPIE},10.1117/12.2611078,moo_mes,1,1,0,0,multi-objective; multiobjective,microgrid; micro-grid; distributed generation,,genetic algorithm,,neural network,
liu_j_research_2017,2017,INPROCEEDINGS,Research on renewable energy power generation complementarity and storage distribution model,Institute of Physics Publishing,10.1088/1742-6596/52/1/012042,moo_mes,1,1,0,0,multi-objective; multiobjective,multi-energy,,,,,
lockan_robust_2024,2024,ARTICLE,Robust optimization of the energy concept of an industrial process w.r.t. uncertain energy costs and environmental conditions,J. Environ. Manage.,10.1016/j.jenvman.2024.122023,moo_only,1,0,0,1,multi-objective; multiobjective,,,ga,kriging,,replace
lokesh_optimal_2023,2023,ARTICLE,Optimal sizing of {RES} and {BESS} in networked microgrids based on proportional peer-to-peer and peer-to-grid energy trading,Energy. Storage.,10.1002/est2.464,moo_mes,1,1,0,0,multi-objective; multi objective; multiobjective,microgrid; microgrids,,ga; particle swarm; pso,,,
lokeshgupta_multi-objective_2019,2019,INPROCEEDINGS,Multi-objective residential demand side management with solar and wind energy integration,Institute of Electrical and Electronics Engineers Inc,10.1109/ICPS48983.2019.9067708,moo_only,1,0,0,0,multi-objective; multi objective,,,ga,,,
lokeshgupta_optimal_2019,2019,INPROCEEDINGS,Optimal operation of a residential microgrid with demand side management,Institute of Electrical and Electronics Engineers Inc,10.1109/ISGTEurope.2019.8905486,moo_mes,1,1,0,0,multi-objective; multiobjective,microgrid,,,,,
lokeshgupta_dynamic_2022,2022,ARTICLE,Dynamic Economic and Emission Dispatch with Renewable Energy Integration Under Uncertainties and Demand-Side Management,Electr Eng,10.1007/s00202-021-01476-2,moo_only,1,0,0,0,multi-objective; multiobjective; pareto; non-dominated; nsga,,,genetic algorithm; ga; nsga,,,
lombardi_multi_2011,2011,INPROCEEDINGS,Multi criteria optimization of an autonomous virtual power plant with a high degree of renewable energy sources,Power Systems Computation Conference ( {PSCC} ),,moo_mes,1,1,0,0,multi-criteria; multi criteria; multicriteria,virtual power plant; electric vehicle; electric vehicles,,,,,
lombardi_multi-criteria_2011,2011,INPROCEEDINGS,Multi-criteria optimization of an energy storage system within a virtual power plant architecture,,10.1109/PES.2011.6039347,moo_mes,1,1,0,0,multi-criteria; multi criteria; multicriteria,virtual power plant,,,,,
lonergan_multi-objective_1985,1985,ARTICLE,A multi-objective optimization model for renewable energy resource management,Resource Management \& Optimization,,moo_only,1,0,0,0,multi-objective,,,,,,
long_research_2023,2023,ARTICLE,Research on Multi-Objective Optimization of Smart Grid Based on Particle Swarm Optimization,Electrica,10.5152/electrica.2022.22047,moo_mes,1,1,0,0,multi-objective; multiobjective,microgrid; microgrids; distributed generation,,particle swarm; pso,,,
long_industry_2024,2024,ARTICLE,Industry demand response in dispatch strategy for high-proportion renewable energy power system,J. Autom. Intell.,10.1016/j.jai.2024.08.002,moo_only,1,0,0,0,multi-objective,,,,,,
lopez_approach_2011,2011,INPROCEEDINGS,An approach to hybrid power systems integration considering different renewable energy technologies,Elsevier B.V,10.1016/j.procs.2011.08.086,moo_mes,1,1,0,0,multi-objective; multiobjective,micro-grid,,,,,
lopez_multi-objective_2012,2012,INPROCEEDINGS,Multi-objective optimization of hybrid power systems using evolutionary algorithms,Institute of Industrial Engineers,,moo_mes,1,1,0,0,multi-objective; multiobjective; pareto,micro-grid,,genetic algorithm; ga,,,approximate; replace
lopez-santiago_optimal_2019,2019,ARTICLE,Optimal management of electric power in microgrids under a strategic multi-objective decision-making approach and operational proportional adjustment,{IET} Gener. Transm. Distrib.,10.1049/iet-gtd.2019.0037,moo_mes,1,1,0,0,multi-objective; multi objective; multiobjective,microgrid; microgrids,,ga,,,
lorenti_game_2024,2024,INPROCEEDINGS,A Game Theory Approach to the Multi-Objective Design of Renewable Energy Communities,Institute of Electrical and Electronics Engineers Inc,10.1109/SEST61601.2024.10694004,moo_mes,1,1,0,0,multi-objective; pareto; nsga,energy community; energy communities,,ga; nsga,,,approximation
lotfi_multi-objective_2020,2020,ARTICLE,Multi-objective energy management approach in distribution grid integrated with energy storage units considering the demand response program,Int J Energy Res,10.1002/er.5709,moo_only,1,0,0,0,multi-objective,,,particle swarm; pso,,,
lotfi_enhanced_2020,2020,ARTICLE,An enhanced evolutionary algorithm for providing energy management schedule in the smart distribution network,Majlesi J. Electr. Eng.,,moo_mes,1,1,0,0,multi-objective,distributed generation,,particle swarm; pso,,,
lotfi_akbarabadi_achieving_2023,2023,ARTICLE,"Achieving Sustainability and Cost-Effectiveness in Power Generation: Multi-Objective Dispatch of Solar, Wind, and Hydro Units",Sustainability,10.3390/su15032407,moo_only,1,0,0,0,multi-objective; non-dominated; nsga,,,genetic algorithm; ga; nsga,,,
lotfollahi_feasibility_2024,2024,ARTICLE,Feasibility study and techno-economic optimization of an efficient renewable-based system for round-the-clock energy harvesting using machine learning approaches: A case study in Khaf city,Int J Hydrogen Energy,10.1016/j.ijhydene.2023.10.321,moo_mes,1,1,0,0,multi-objective; multiobjective,hydrogen,,,,neural network; machine learning,
lou_power_2024,2024,ARTICLE,Power load analysis and configuration optimization of solar thermal-{PV} hybrid microgrid based on building,Energy,10.1016/j.energy.2023.129963,moo_mes,1,1,0,0,multi-objective; multiobjective,microgrid; microgrids; distributed energy,,,,,
lou_analysis_2024,2024,ARTICLE,Analysis of power load tracking and regulation performance in a distributed multi-energy coupled system with nuclear and solar sources,Energy,10.1016/j.energy.2024.132681,moo_mes,1,1,0,0,multi-objective; multiobjective,multi-energy; multi energy; distributed energy,,,,,
lou_two-stage_2020,2020,ARTICLE,Two-stage congestion management considering virtual power plant with cascade hydro-photovoltaic-pumped storage hybrid generation,{IEEE} Access,10.1109/ACCESS.2020.3030637,moo_mes,1,1,0,0,multi-objective; non-dominated; nsga,virtual power plant,,genetic algorithm; ga; nsga,,,
louis_multi-objective_2020,2020,ARTICLE,A multi-objective approach to the prospective development of the European power system by 2050,Energy,10.1016/j.energy.2019.116539,moo_only,1,0,0,0,multi-objective; multiobjective; multi-criteria,,,ga,,,
loyarte_multi-objective_2017,2017,INPROCEEDINGS,A multi-objective optimization strategy for the economic dispatch in a microgrid,Institute of Electrical and Electronics Engineers Inc,10.1109/TDC-LA.2016.7805664,moo_mes,1,1,0,0,multi-objective; multiobjective,microgrid; distributed generation,,ga; particle swarm; pso,,,
lu_dual-stage_2024,2024,ARTICLE,Dual-Stage Optimization Scheduling Model for a Grid-Connected Renewable Energy System with Hybrid Energy Storage,Energies,10.3390/en17030737,moo_only,1,0,0,0,multi-objective; multiobjective; nsga,,,ga; nsga,,,
lu_energy_2014,2014,ARTICLE,Energy quality management for building clusters and districts ({BCDs}) through multi-objective optimization,Energy Convers. Manage.,10.1016/j.enconman.2013.12.051,moo_only,1,0,0,0,multi-objective; multiobjective,,,genetic algorithm; ga,,,
lu_multi-objective_2017,2017,ARTICLE,Multi-Objective Optimal Design of Stand-Alone Hybrid Energy System Using Entropy Weight Method Based on {HOMER},Energies,10.3390/en10101664,moo_mes,1,1,0,0,multi-objective,stand-alone,,,,,
lu_multi-objective_2024,2024,ARTICLE,Multi-objective design optimization of multiple energy systems in net/nearly zero energy buildings under uncertainty correlations,Appl. Energy,10.1016/j.apenergy.2024.123620,moo_only,1,0,1,0,multi-objective; multiobjective; nsga,,topsis,ga; nsga,,,computational cost
lu_optimal_2020,2020,ARTICLE,Optimal household energy management based on smart residential energy hub considering uncertain behaviors,Energy,10.1016/j.energy.2020.117052,moo_mes,1,1,0,0,multi-objective; multiobjective,multi energy; energy hub,,ga,,,
lu_optimal_2022,2022,ARTICLE,Optimal operation scheduling of household energy hub: A multi-objective optimization model considering integrated demand response,Energy Rep.,10.1016/j.egyr.2022.11.047,moo_mes,1,1,1,0,multi-objective; multi objective; multiobjective; pareto; nsga,multi-energy; energy hub,vikor,genetic algorithm; ga; nsga; differential evolution,,,
lu_multi_2017,2017,ARTICLE,Multi objective optimization of hybrid energy storage micro grid based on {CMOPSO} algorithm,Taiyangneng Xuebao,,moo_mes,1,1,0,0,multi objective; multiobjective; nsga; mopso,micro grid,,ga; nsga; particle swarm; pso; mopso,,,
lu_research_2024,2024,INPROCEEDINGS,Research on Energy Storage and Carbon Trading Scheduling Optimization of Integrated Energy System Considering Wind and Solar Consumption,Institute of Electrical and Electronics Engineers,10.1109/SCEMS63294.2024.10756465,moo_mes,1,1,0,0,multi-objective,integrated energy,,ga,,,
lu_multi-objective_2018,2018,ARTICLE,Multi-objective optimal load dispatch of microgrid with stochastic access of electric vehicles,J. Clean. Prod.,10.1016/j.jclepro.2018.05.190,moo_mes,1,1,0,0,multi-objective; multiobjective,microgrid; micro grid; distributed generation; electric vehicle; electric vehicles,,ga; particle swarm; pso,,,
lu_energy_2021,2021,ARTICLE,Energy storage capacity configuration in community microgrid considering electric vehicles,Taiyangneng Xuebao,10.19912/j.0254-0096.tynxb.2019-1349,moo_mes,1,1,0,0,multi-objective; multi objective; multiobjective; non-dominated,microgrid; micro-grid; electric vehicle; electric vehicles,,genetic algorithm,,,
lu_renewable_2015,2015,ARTICLE,Renewable energy system optimization of low/zero energy buildings using single-objective and multi-objective optimization methods,Energy Build.,10.1016/j.enbuild.2014.12.032,moo_only,1,0,0,0,multi-objective; multiobjective; non-dominated; nsga,,,genetic algorithm; ga; nsga,,,
lu_optimization_2020,2020,INPROCEEDINGS,Optimization scheduling model and method for Wind-{PV}-Pumped joint operation in high proportion renewable energy base,Institute of Physics Publishing,10.1088/1755-1315/512/1/012017,moo_only,1,0,0,0,multi-objective; multiobjective; pareto; nsga,,,ga; nsga,,,
lu_configuration_2023,2023,ARTICLE,Configuration Optimization of Hydrogen-Based Multi-Microgrid Systems under Electricity Market Trading and Different Hydrogen Production Strategies,Sustainability,10.3390/su15086753,moo_mes,1,1,0,0,multi-objective,microgrid; hydrogen,,,,,
lu_design_2021,2021,ARTICLE,Design of Droop Controller for {DC} Microgrid Based on Distributed Strategy,Zidonghua Xuebao Acta Auto. Sin.,10.16383/j.aas.c190628,moo_mes,1,1,0,0,multi-objective; multiobjective,microgrid; microgrids; distributed generation,,,,,
lu_distributed_2017,2017,ARTICLE,Distributed Secondary Control Strategy and Its Communication Topology Optimization for Islanded Microgrid,Diangong Jishu Xuebao,,moo_mes,1,1,0,0,multi-objective; multiobjective,microgrid,,,,,
lu_multi-objective_2017-1,2017,ARTICLE,Multi-objective Optimal Sizing for Distributed Generation of Isolated Hybrid Microgrid Using Markov-based Electromagnetism-like Mechanism,Zhongguo Dianji Gongcheng Xuebao,10.13334/j.0258-8013.pcsee.152851,moo_mes,1,1,0,0,multi-objective; multiobjective,microgrid; micro grid; distributed generation,,,,,
luhao_multi-objective_2015,2015,INPROCEEDINGS,Multi-objective optimization scheduling of combined cold heat and power system with multi-renewable energy,{IEEE} Computer Society,10.1109/ChiCC.2015.7260065,moo_mes,1,1,0,0,multi-objective; multiobjective; pareto,cchp; chp,,,,,
luo_stochastic_2018,2018,ARTICLE,Stochastic dynamic pricing for {EV} charging stations with renewable integration and energy storage,{IEEE} Trans. Smart Grid,10.1109/TSG.2017.2696493,moo_mes,1,1,0,0,multi-objective; multiobjective; pareto,electric vehicle; electric vehicles,,ga,,,
luo_multi-objective_2023,2023,INPROCEEDINGS,Multi-Objective Optimization Scheduling of Microgrids Based on Particle Swarm Optimization Algorithm,Institute of Electrical and Electronics Engineers Inc,10.1109/NMITCON58196.2023.10276161,moo_mes,1,1,0,0,multi-objective; multiobjective,microgrid; microgrids,,ga; particle swarm; pso,,,
luo_multi-resource_2024,2024,INPROCEEDINGS,Multi-resource Retrofit Collaborative Planning of Power System Considering Flexibility and Economy,Institute of Electrical and Electronics Engineers Inc,10.1109/ACPEE60788.2024.10532671,moo_only,1,0,0,0,multi-objective; multiobjective; pareto,,,,,,
luo_multi-objective_2023-1,2023,ARTICLE,{MULTI}-{OBJECTIVE} {OPTIMIZATION} {OF} {MULTI}-{MICROGRID} {POWER} {DISPATCH} {UNDER} {UNCERTAINTIES} {USING} {INTERVAL} {OPTIMIZATION},J. Ind. Manage. Optim.,10.3934/jimo.2021208,moo_mes,1,1,0,0,multi-objective; multiobjective; pareto; moea,microgrid; micro-grid; electric vehicle; electric vehicles,,ga; moea,,,
luo_bi-level_2021,2021,ARTICLE,Bi-level multi-objective optimization of design and subsidies for standalone hybrid renewable energy systems: A novel approach based on artificial neural network,J. Build. Eng.,10.1016/j.jobe.2021.102744,moo_mes_surrogate,1,1,0,1,multi-objective,hybrid renewable energy system; hybrid renewable energy systems; standalone,,ga,surrogate,neural network,surrogate
luo_classification_2023,2023,ARTICLE,Classification of energy use patterns and multi-objective optimal scheduling of flexible loads in rural households,Energy Build.,10.1016/j.enbuild.2023.112811,moo_only,1,0,1,0,multi-objective; multi objective; multiobjective; pareto; non-dominated; nsga,,topsis,genetic algorithm; ga; nsga,,,
luo_multi-objective_2023-2,2023,INPROCEEDINGS,Multi-objective optimization of microgrid based on improved ant lion optimization algorithm,Institute of Electrical and Electronics Engineers Inc,10.1109/SGES59720.2023.10367022,moo_mes,1,1,0,0,multi-objective; multiobjective,microgrid,,,,,
luo_multi-objective_2024,2024,ARTICLE,Multi-Objective Optimization of Integrated Energy Systems Considering Ladder-Type Carbon Emission Trading and Refined Load Demand Response,J. Mod. Power Syst. Clean Energy,10.35833/MPCE.2023.000230,moo_mes,1,1,0,0,multi-objective; multiobjective,integrated energy,,,,,
luo_chaos-adaptive_2020,2020,INPROCEEDINGS,{CHAOS}-{ADAPTIVE} {MULTI}-{OBJECTIVE} {PSO} {ALGORITHM} {FOR} {MICROGRID} {OPTIMIZATION} {SCHEDULING},Institution of Engineering and Technology,10.1049/icp.2024.2307,moo_mes,1,1,0,0,multi-objective; multiobjective,microgrid,,particle swarm; pso; grey wolf,,,acceleration
lv_optimization_2023,2023,ARTICLE,Optimization of building microgrid energy system based on virtual energy storage,Front. Energy Res.,10.3389/fenrg.2022.1053498,moo_mes,1,1,0,0,multi-objective; multiobjective,microgrid; microgrids,,,,,
lv_interactive_2016,2016,ARTICLE,Interactive energy management of networked microgrids-based active distribution system considering large-scale integration of renewable energy resources,Appl. Energy,10.1016/j.apenergy.2015.10.179,moo_mes,1,1,0,0,multi-objective; multiobjective; nsga,microgrid; micro grid; microgrids,,genetic algorithm; ga; nsga,,,
lv_bi-level_2016,2016,ARTICLE,A bi-level multi-objective optimal operation of grid-connected microgrids,Electr Power Syst Res,10.1016/j.epsr.2015.09.018,moo_mes,1,1,0,0,multi-objective; multiobjective,microgrid; micro grid; microgrids,,genetic algorithm,,,
lv_optimal_2024,2024,INPROCEEDINGS,Optimal Scheduling of Integrated Energy Microgrids Considering Demand Response and Hybrid Game Theory,Institute of Electrical and Electronics Engineers Inc,10.1109/EEE59956.2024.10709761,moo_mes,1,1,0,0,multi-objective,integrated energy; microgrid; micro-grid; microgrids,,ga; particle swarm,,,
lv_multi-variable_2023,2023,ARTICLE,Multi-variable study and {MOPSO}-based multi-objective optimization of a novel cogeneration plant using biomass fuel and geothermal energy: A complementary hybrid design,Energy,10.1016/j.energy.2023.126921,moo_only,1,0,0,0,multi-objective; multiobjective; mopso,,,ga; particle swarm; pso; mopso,,,
lv_multi-stage_2024,2024,ARTICLE,A Multi-Stage Constraint-Handling Multi-Objective Optimization Method for Resilient Microgrid Energy Management,Appl. Sci.,10.3390/app14083253,moo_mes,1,1,0,0,multi-objective; nsga; hypervolume,microgrid,,ga; nsga,,,
lythcke-jorgensen_methodology_2016,2016,ARTICLE,A methodology for designing flexible multi-generation systems,Energy,10.1016/j.energy.2016.01.084,moo_only,1,0,0,0,multi-objective; multiobjective,,,,,,
lyu_multi-objective_2024,2024,ARTICLE,Multi-objective optimization configuration of microgrid considering electricity-hydrogen-heat multi-energy complementation,Electr. Pow. Eng. Technol.,10.12158/j.2096-3203.2024.02.002,moo_mes,1,1,0,0,multi-objective,multi-energy; microgrid; micro-grid; distributed energy; hydrogen,,particle swarm; pso,,,
lyu_multi-objective_2023,2023,ARTICLE,{MULTI}-{OBJECTIVE} {OPTIMIZATION} {RANKING} {MODEL} {PREDICTIVE} {CONTROL} {OF} {PVOTOVOLTAIC} {OFF}-{GRID} {SL}-{qZSI},Taiyangneng Xuebao,10.19912/j.0254-0096.tynxb.2022-0121,moo_mes,1,1,0,0,multi-objective; multiobjective,off-grid,,,,,
ma_optimal_2023,2023,INPROCEEDINGS,An Optimal Scheduling Strategy for Wind-{PV} and Multi-Type Energy Storage Co-Generation System,Institute of Electrical and Electronics Engineers Inc,10.1109/ICPEA59834.2023.10398618,moo_mes,1,1,0,0,multi-objective; multiobjective; pareto; nsga,hydrogen,,ga; nsga,,,
ma_multi-objective_2023,2023,INPROCEEDINGS,Multi-objective Configuration Method for Mobile Energy Storage Aimed at Enhancing the Resilience of Regional Power Grid,Institute of Physics,10.1088/1742-6596/2662/1/012002,moo_only,1,0,0,0,multi-objective; multi objective; multiobjective,,,,,,
ma_game_2015,2015,INPROCEEDINGS,Game theory method for multi-objective optimizing operation in microgrid,Institute of Electrical and Electronics Engineers Inc,10.1109/ICNSC.2015.7116074,moo_mes,1,1,0,0,multi-objective; multi objective; multiobjective,microgrid; micro grid; microgrids; distributed generation,,ga,,,
ma_editorial_2023,2023,ARTICLE,Editorial: Evolutionary multi-objective optimization algorithms in microgrid power dispatching,Front. Energy Res.,10.3389/fenrg.2022.1053325,moo_mes,1,1,0,0,multi-objective,microgrid,,,,,
ma_deep_2025,2025,ARTICLE,Deep Reinforcement Learning-Based Distribution Network Planning Method Considering Renewable Energy,Energies,10.3390/en18051254,moo_only,1,0,0,0,multi-objective; multiobjective,,,ga,,learning-based,
ma_solvability_2015,2015,INPROCEEDINGS,Solvability Region of {AC} Power Flow with Volatile Renewable Generation and Operating Constraints,{IEEE} Computer Society,10.23919/CCC52363.2021.9549609,moo_only,1,0,0,0,multi-objective; multiobjective; pareto,,,,,,
ma_solvability_2022,2022,ARTICLE,Solvability region of {AC}–{DC} power systems with volatile renewable energy sources,Energy Rep.,10.1016/j.egyr.2021.11.201,moo_only,1,0,0,0,multi-objective; multiobjective; pareto,,,,,,
ma_sizing_2022,2022,INPROCEEDINGS,Sizing of Renewable Energy And Energy Storage In Electrified Railway Considering Multi-application Requirements,Institute of Electrical and Electronics Engineers Inc,10.1109/ICEMS56177.2022.9982844,moo_only,1,0,0,0,multi-objective; multiobjective,,,particle swarm; pso,,,
ma_performance_2022,2022,ARTICLE,Performance assessment and multi-objective optimization of a geothermal-based tri-generation system in hot Summer Continental Climate: Tianjin case study,Energy Convers. Manage.,10.1016/j.enconman.2022.116083,moo_only,1,0,0,0,multi-objective; multiobjective,,,ga,,,
ma_cooperative_2019,2019,INPROCEEDINGS,Cooperative scheduling strategy of distributed energy storage system in regional grid with high proportion of renewable energy,Institution of Engineering and Technology,10.1049/cp.2019.0521,moo_mes,1,1,0,0,multi-objective; multiobjective,distributed energy,,,,,
ma_bi-objective_2024,2024,ARTICLE,A Bi-Objective Optimization Strategy of a Distribution Network Including a Distributed Energy System Using Stepper Search,Appl. Sci.,10.3390/app14209480,moo_mes,1,1,0,0,multi-objective; multiobjective; pareto; non-dominated; nsga,multi-energy; distributed energy,,genetic algorithm; ga; nsga,,,
ma_multi-optimization_2025,2025,ARTICLE,A Multi-Optimization Method for Capacity Configuration of Hybrid Electrolyzer in a Stand-Alone Wind-Photovoltaic-Battery System,Appl. Sci.,10.3390/app15063135,moo_mes,1,1,0,0,multi-objective; multiobjective; pareto,stand-alone; hydrogen,,,,,
ma_multi-objective_2024,2024,ARTICLE,Multi-objective optimal configuration of off-grid residential hybrid renewable energy system based on hypervolume-improved Non-dominated Sorting Genetic Algorithm {III},Int J Hydrogen Energy,10.1016/j.ijhydene.2024.08.484,moo_mes,1,1,0,0,multi-objective; pareto; non-dominated; nsga; hypervolume,hybrid renewable energy system; off-grid; hydrogen,,genetic algorithm; ga; nsga,,,
ma_competition_2018,2018,ARTICLE,Competition game model for local multi-microgrid market based on block chain technology and its solution algorithm,Dianli Zidonghua Shebei Electr. Power Autom. Equip.,10.16081/j.issn.1006-6047.2018.05.028,moo_mes,1,1,0,0,multi-objective; multiobjective,microgrid; micro grid,,ga,,,
ma_multi-objective_2023-1,2023,ARTICLE,Multi-objective carbon neutrality optimization and G1-{EW}-{TOPSIS} assessment for renewable energy transition,J. Clean. Prod.,10.1016/j.jclepro.2023.137808,moo_only,1,0,1,0,multi-objective; multiobjective; nsga,,topsis,ga; nsga,,,
ma_innovative_2022,2022,ARTICLE,An innovative data-driven energy planning framework for developing regions based on multi-objective optimization and multi-index comprehensive evaluation,J. Renewable Sustainable Energy,10.1063/5.0069966,moo_only,1,0,0,0,multi-objective; multiobjective,,,,,,
ma_optimal_2024,2024,ARTICLE,Optimal capacity configuration of wind-photovoltaic-storage hybrid system: A study based on multi-objective optimization and sparrow search algorithm,J. Energy Storage,10.1016/j.est.2024.110983,moo_only,1,0,0,0,multi-objective; multiobjective,,,ga,,deep learning; learning-based,
ma_optimal_2023-1,2023,ARTICLE,The optimal configuration of distributed generators for {CCHP} micro-grid based on double-layer operation strategy and improved {NSGA}-{III} algorithm,Energy Build.,10.1016/j.enbuild.2023.113182,moo_mes,1,1,0,0,multi-objective; multiobjective; non-dominated; nsga,"microgrid; micro-grid; cchp; combined cooling, heating, and power; combined cooling heating and power; chp",,ga; nsga,,,replacing the
ma_multi-objective_2022,2022,ARTICLE,Multi-objective microgrid optimal dispatching based on improved bird swarm algorithm,Glob. Energy Interconnect.,10.1016/j.gloei.2022.04.013,moo_mes,1,1,0,0,multi-objective; multi objective; multiobjective,microgrid; microgrids,,,,,
ma_source-load_2023,2023,ARTICLE,Source-load uncertainty-based multi-objective multi-energy complementary optimal scheduling,Renew. Energy,10.1016/j.renene.2023.119483,moo_mes,1,1,0,0,multi-objective; multiobjective,multi-energy; multi energy,,,,,
ma_optimal_2020,2020,INPROCEEDINGS,"Optimal configuration of multi-energy capacity based on complementary characteristics of wind, solar, hydro, thermal, and battery energy",Institute of Electrical and Electronics Engineers Inc,10.1109/EI250167.2020.9346893,moo_mes,1,1,0,0,multi-objective,multi-energy,,genetic algorithm,,,
machado_recent_2021,2021,ARTICLE,Recent Research and Development of Microgrids in Parana,Braz. Arch. Biol. Technol.,10.1590/1678-4324-75years-2021210177,moo_mes,1,1,0,0,multi-objective,microgrid; microgrids; distributed energy,,ga,,,
madathil_consumer-focused_2021,2021,ARTICLE,Consumer-focused solar-grid net zero energy buildings: A multi-objective weighted sum optimization and application for India,Sustain. Prod. Consum.,10.1016/j.spc.2021.05.012,moo_only,1,0,0,0,multi-objective; multiobjective; pareto,,,differential evolution,,,
madhesh_analysis_2024,2024,ARTICLE,Analysis and multi-objective evolutionary optimization of Solar-Biogas hybrid system operated cascade Kalina organic Rankine cycle for sustainable cooling and green hydrogen production,Energy Convers. Manage.,10.1016/j.enconman.2023.117999,moo_mes,1,1,0,0,multi-objective; multiobjective,hydrogen,,ga,,,
madhusudanan_multi-objective_2024,2024,ARTICLE,Multi-Objective Optimization Model for Uncertainty Consideration of {RESs} \& Load Demands with the Optimal Design of Hybrid {CCHP} by {DDAO}-{RBFNN} Strategy,{IETE} J Res,10.1080/03772063.2023.2200329,moo_mes_surrogate,1,1,0,1,multi-objective; multiobjective,energy hub; cchp; combined cooling heating and power; chp,,ga,radial basis function,neural network,
mahbub_designing_2016,2016,ARTICLE,Designing optimized energy scenarios for an Italian Alpine valley: the case of Giudicarie Esteriori,Energy,10.1016/j.energy.2016.09.090,moo_only,1,0,0,0,multi-objective; multi objective; multiobjective,,,,,,
mahbub_domain_2014,2014,INPROCEEDINGS,A domain knowledge-based multi-objective evolutionary algorithm for optimizing energy systems,Brno University of Technology,,moo_only,1,0,0,0,multi-objective; pareto,,,,,,
maheri_critical_2014,2014,ARTICLE,A critical evaluation of deterministic methods in size optimisation of reliable and cost effective standalone hybrid renewable energy systems,Reliab Eng Syst Saf,10.1016/j.ress.2014.05.008,moo_mes,1,1,0,0,multi-objective; multiobjective,hybrid renewable energy system; hybrid renewable energy systems; standalone,,ga,,,
maheri_multi-objective_2014,2014,ARTICLE,Multi-objective design optimisation of standalone hybrid wind-{PV}-diesel systems under uncertainties,Renew. Energy,10.1016/j.renene.2014.01.009,moo_mes,1,1,0,0,multi-objective; multiobjective,hybrid renewable energy system; hybrid renewable energy systems; standalone,,,,,
maheshwari_multi-objective_2022,2022,INPROCEEDINGS,Multi-objective optimization of Smart Integrated Renewable Energy System ({SIRES}),Institute of Electrical and Electronics Engineers Inc,10.1109/KPEC54747.2022.9814800,moo_mes,1,1,0,0,multi-objective; multiobjective,microgrid; microgrids,,ga; particle swarm; pso,,,
mahmoudan_geothermal_2022,2022,ARTICLE,"A geothermal and solar-based multigeneration system integrated with a {TEG} unit: Development, 3E analyses, and multi-objective optimization",Appl. Energy,10.1016/j.apenergy.2021.118399,moo_mes,1,1,0,0,multi-objective; multiobjective,integrated energy; hydrogen,,genetic algorithm; ga,,,
mahmoudi_multi-objective_2025,2025,ARTICLE,Multi-objective optimization of hybrid energy systems using gravitational search algorithm,Sci. Rep.,10.1038/s41598-025-86476-z,moo_mes,1,1,0,0,multi-objective; multiobjective; pareto; non-dominated,hybrid renewable energy system; hybrid renewable energy systems,,genetic algorithm; particle swarm,,,
maigret_multi-objective_2022,2022,ARTICLE,A multi-objective optimization approach in defining the decarbonization strategy of a refinery,Smart Energy,10.1016/j.segy.2022.100076,moo_mes,1,1,0,0,multi-objective; multiobjective; moea,hydrogen,,moea,,,
majidi_multi-objective_2017,2017,ARTICLE,A multi-objective model for optimal operation of a battery/{PV}/fuel cell/grid hybrid energy system using weighted sum technique and fuzzy satisfying approach considering responsible load management,Sol. Energy,10.1016/j.solener.2017.01.009,moo_mes,1,1,0,0,multi-objective; multiobjective,distributed generation,,ga,,,
makhadmeh_multi-objective_2024,2024,ARTICLE,A multi-objective grey wolf optimizer for energy planning problem in smart home using renewable energy systems,Sustain. Oper. Comput.,10.1016/j.susoc.2024.04.001,moo_only,1,0,0,0,multi-objective; multiobjective,,,ga; grey wolf; gwo,,,
makhdoomi_techno-enviro-economic_2023,2023,ARTICLE,Techno-enviro-economic feasibility assessment of an off-grid hybrid energy system with/without solar tracker considering pumped hydro storage and battery,{IET}. Renew. Power Gener.,10.1049/rpg2.12675,moo_mes,1,1,0,0,multi-objective; multiobjective,off-grid,,ga,,,
maldonado_carrascosa_multi-objective_2024,2024,ARTICLE,Multi-objective optimization of virtual machine migration among cloud data centers,Soft Comput.,10.1007/s00500-024-09950-2,moo_only,1,0,0,0,multi-objective; multi objective; multiobjective; non-dominated,,,genetic algorithm,,,
maleki_multi-objective_2024,2024,ARTICLE,Multi-objective optimization of the hybrid photovoltaic-battery-diesel-desalination system based on multi-type of desalination unit,Environ. Sci. Pollut. Res.,10.1007/s11356-024-31887-0,moo_only,1,0,0,0,multi-objective; multiobjective,,,,,,
malkawi_multi-criteria_2017,2017,ARTICLE,A multi-criteria optimization analysis for Jordan's energy mix,Energy,10.1016/j.energy.2017.04.015,moo_only,1,0,1,0,multi-criteria,,multi-criteria decision,ga,,,
malla_sg_optimization_2024,2024,INPROCEEDINGS,Optimization of Multi-Energy Systems for Efficient Power-to-X Conversion,{EDP} Sciences,10.1051/e3sconf/202454008003,moo_mes,1,1,0,0,multi-objective,multi-energy; power-to-x; hydrogen; electric vehicle; electric vehicles,,ga,,,
mallegol_fast_2023,2023,INPROCEEDINGS,A fast heuristic algorithm for multi-energy system design,"International Conference on Efficiency, Cost, Optimization, Simulation and Environmental Impact of Energy Systems",10.52202/069564-0130,moo_mes,1,1,0,0,multi-objective; multiobjective,multi-energy; combined heat and power; chp,,,,,approximate
mallegol_handling_2023,2023,ARTICLE,Handling Non-Linearities in Modelling the Optimal Design and Operation of a Multi-Energy System,Mathematics,10.3390/math11234855,moo_mes,1,1,0,0,multi-objective,multi-energy; combined heat and power,,,,,approximate; approximation; computation time
mallikarjun_energy_2014,2014,ARTICLE,Energy technology allocation for distributed energy resources: A strategic technology-policy framework,Energy,10.1016/j.energy.2014.05.113,moo_mes,1,1,1,0,multi-objective; multiobjective; multi-criteria; multicriteria; pareto,distributed energy; distributed generation,multi-criteria decision; multicriteria decision,,,,
manas_optimization_2018,2018,ARTICLE,Optimization of Distributed Generation Based Hybrid Renewable Energy System for a {DC} Micro-Grid Using Particle Swarm Optimization,Distrib. Gener. Altern. Energy J.,10.1080/21563306.2018.12029912,moo_mes,1,1,0,0,multi-objective; multi objective,micro-grid; hybrid renewable energy system; distributed generation,,genetic algorithm; ga; particle swarm; pso,,,
mancilla_r_multi-objective_2018,2018,INPROCEEDINGS,Multi-objective optimization of hybrid {PTC}+{PV} system using genetic algorithm,American Institute of Physics Inc,10.1063/1.5067183,moo_only,1,0,0,0,multi-objective,,,genetic algorithm,,,
mancuso_evaluation_2014,2014,INPROCEEDINGS,Evaluation of grid-connected micro-grid operational strategies,Elsevier Ltd,10.1016/j.egypro.2019.01.315,moo_mes,1,1,0,0,multi-objective; multiobjective,microgrid; micro-grid; micro grid; distributed energy,,ga,,,
manohara_northern_2023,2023,ARTICLE,Northern Goshawk Optimization for Optimal Allocation of Multiple Types of Active and Reactive Power Distribution Generation in Radial Distribution Systems for Techno-Environmental Benefits,Int. J. Intelligent Eng. Syst.,10.22266/ijies2023.0228.08,moo_only,1,0,0,0,multi-objective,,,ga,,,
manoj_towards_2024,2024,ARTICLE,Towards Efficient Energy Solutions: {MCDA}-Driven Selection of Hybrid Renewable Energy Systems,Int. J. Electr. Electron. Eng. Telecommun.,10.18178/ijeetc.13.2.98-111,moo_mes,1,1,1,0,multi-objective; multi criteria,hybrid renewable energy system; hybrid renewable energy systems,multi criteria decision; topsis; vikor; ahp,,,,
mansouri_sustainable_2022,2022,ARTICLE,A sustainable framework for multi-microgrids energy management in automated distribution network by considering smart homes and high penetration of renewable energy resources,Energy,10.1016/j.energy.2022.123228,moo_mes,1,1,0,0,multi-objective; multiobjective,microgrid; microgrids,,ga,,,
mansouri_energy_2021,2021,ARTICLE,Energy management in microgrids including smart homes: A multi-objective approach,Sustainable Cities Soc.,10.1016/j.scs.2021.102852,moo_mes,1,1,0,0,multi-objective; multiobjective,microgrid; micro grid; microgrids,,ga,,,
manzoor_efficient_2024,2024,ARTICLE,Efficient economic energy scheduling in smart cities using distributed energy resources,Sci. technol. Energy. Transition.,10.2516/stet/2024025,moo_mes,1,1,0,0,multi-objective; multiobjective; pareto; non-dominated; nsga,microgrid; micro grid; distributed energy,,genetic algorithm; ga; nsga,,machine learning,
mao_multi-objective_2021,2021,ARTICLE,Multi-objective optimization of island-type {DC} microgrid based on {AFPSO},Taiyangneng Xuebao,10.19912/j.0254-0096.tynxb.2019-0337,moo_mes,1,1,0,0,multi-objective; multiobjective,microgrid; micro-grid; microgrids,,ga; particle swarm; pso,,,
mao_multi-objective_2010,2010,INPROCEEDINGS,Multi-objective economic dispatch model for a microgrid considering reliability,,10.1109/PEDG.2010.5545765,moo_mes,1,1,0,0,multi-objective; multi objective; multiobjective,microgrid; micro grid; distributed generation,,particle swarm,,,
margaritou_multi-criteria_2018,2018,ARTICLE,A multi-criteria optimization approach for solar energy and wind power technologies in shipping,{FME} Trans.,10.5937/fmet1803374M,moo_only,1,0,0,0,multi-criteria,,,,,,
marinelli_environmental_2020,2020,INPROCEEDINGS,Environmental benefits of the industrial energy symbiosis approach integrating renewable energy sources,{AIDI} - Italian Association of Industrial Operations Professors,,moo_only,1,0,0,0,multi-objective,,,,,,
marinovici_modeling_2013,2013,INPROCEEDINGS,Modeling power system operation with intermittent resources,,10.1109/ISGT.2013.6497841,moo_only,1,0,0,0,multi-objective,,,,,,
markana_multi-objective_2021,2021,ARTICLE,Multi-objective optimization based optimal sizing \& placement of multiple distributed generators for distribution network performance improvement,{RAIRO} Oper. Res.,10.1051/ro/2021045,moo_mes,1,1,0,0,multi-objective; multiobjective; pareto; non-dominated,distributed generation,,ga,,learning-based,
maroufi_optimal_2023,2023,INPROCEEDINGS,Optimal Design for Hybrid Energy Storage Systems Considering System Aging and Costs,Institute of Electrical and Electronics Engineers Inc,10.1109/PEDG56097.2023.10215260,moo_only,1,0,1,0,multi-objective; multi objective; multiobjective; pareto,,vikor,genetic algorithm,,,
maroufmashat_multi_2016,2016,INPROCEEDINGS,Multi objective optimization of distributed energy systems considering renewable and fossil fuel resources,{IEOM} Society,,moo_mes,1,1,0,0,multi objective,multi energy; energy hub; distributed energy; hydrogen,,,,,
maroufmashat_multi-objective_2016,2016,ARTICLE,Multi-objective Optimization for Design and Operation of Distributed Energy Systems through the Multi-energy Hub Network Approach,Ind. Eng. Chem. Res.,10.1021/acs.iecr.6b01264,moo_mes,1,1,0,0,multi-objective; multiobjective,multi-energy; energy hub; distributed energy,,ga,,,
martinez_bi-level_2020,2020,ARTICLE,"A Bi-level multi-objective optimization model for the planning, design and operation of smart grid projects. Case study: An Islanded microgrid",Int. J. Energy Econ. Policy,10.32479/ijeep.9343,moo_mes,1,1,0,0,multi-objective,microgrid; distributed generation,,,,,
martinez-rico_multi-objective_2021,2021,ARTICLE,Multi-objective Optimization of Production Scheduling Using Particle Swarm Optimization Algorithm for Hybrid Renewable Power Plants with Battery Energy Storage System,J. Mod. Power Syst. Clean Energy,10.35833/MPCE.2019.000021,moo_mes,1,1,0,0,multi-objective; multiobjective,hybrid renewable energy system; hybrid renewable energy systems,,ga; particle swarm; pso,,,
mashlakov_decentralized_2021,2021,ARTICLE,Decentralized cooperative scheduling of prosumer flexibility under forecast uncertainties,Appl. Energy,10.1016/j.apenergy.2021.116706,moo_mes,1,1,0,0,multi-objective; multiobjective,microgrid,,ga,,,
masoudi_multi-objective_2020,2020,ARTICLE,Multi-objective stochastic programming in microgrids considering environmental emissions,J. Oper. Auto. Power Eng.,10.22098/joape.2019.6204.1470,moo_mes,1,1,0,0,multi-objective,microgrid; microgrids,,ga,,,
massaro_energy_2024,2024,ARTICLE,Energy Hub Model for the Massive Adoption of Hydrogen in Power Systems,Energies,10.3390/en17174422,moo_mes,1,1,0,0,multi-objective,energy hub; microgrid; hydrogen,,ga,,,
mathaba_design_2025,2025,ARTICLE,Design of Hybrid Renewable Energy Systems: Integrating Multi-Objective Optimization Into a Multi-Criteria Decision-Making Framework,Eng. Rep.,10.1002/eng2.13074,moo_mes,1,1,1,0,multi-objective; multiobjective; multi-criteria,hybrid renewable energy system; hybrid renewable energy systems; off-grid,mcdm; multi-criteria decision; vikor,particle swarm; pso,,,
mathur_capacity_2024,2024,ARTICLE,Capacity planning of wind farm to simultaneously optimize hosting capacity and losses in distribution system with electric vehicles,Electr Power Syst Res,10.1016/j.epsr.2024.110159,moo_mes,1,1,0,0,multi-objective; multiobjective,distributed generation; electric vehicle; electric vehicles,,ga,,,
maturo_design_2021,2021,ARTICLE,Design and environmental sustainability assessment of energy-independent communities: The case study of a livestock farm in the North of Italy,Energy Rep.,10.1016/j.egyr.2021.05.080,moo_mes,1,1,0,0,multi-objective; multiobjective,integrated energy; district heating,,ga,,,
maulik_multi-objective_2018,2018,INPROCEEDINGS,Multi-objective optimal dispatch of {AC}-{DC} hybrid microgrid,{IEEE} Computer Society,10.1109/APPEEC.2018.8566354,moo_mes,1,1,0,0,multi-objective; multiobjective,microgrid; distributed generation,,ga; particle swarm; pso,,,
maulik_small_2018,2018,INPROCEEDINGS,Small signal stability constrained optimal dispatch of islanded {AC} microgrid,{IEEE} Computer Society,10.1109/APPEEC.2018.8566555,moo_mes,1,1,0,0,multi-objective; multiobjective,microgrid; distributed generation,,genetic algorithm; particle swarm; pso,,,
mavromatidis_multi-objective_2014,2014,INPROCEEDINGS,"Multi-objective optimization to simultaneously address energy hub layout, sizing and scheduling using a linear formulation",{CRC} Press/Balkema,10.1201/b17488-108,moo_mes,1,1,0,0,multi-objective; multiobjective,multi-energy; energy hub,,,,,
mavromatidis_design_2018,2018,ARTICLE,Design of distributed energy systems under uncertainty: A two-stage stochastic programming approach,Appl. Energy,10.1016/j.apenergy.2018.04.019,moo_mes,1,1,0,0,multi-objective; multiobjective,distributed energy,,ga,,,
may_alvarez_microgrids_2023,2023,ARTICLE,Microgrids Multiobjective Design Optimization for Critical Loads,{IEEE} Trans. Smart Grid,10.1109/TSG.2022.3195989,moo_mes,1,1,0,0,multi-objective; multiobjective,microgrid; microgrids,,,,,
mayer_environmental_2020,2020,ARTICLE,Environmental and economic multi-objective optimization of a household level hybrid renewable energy system by genetic algorithm,Applied Energy,10.1016/j.apenergy.2020.115058,moo_mes,1,1,0,0,multi-objective; pareto,hybrid renewable energy system; hybrid renewable energy systems; off-grid,,genetic algorithm; ga,,,
mayhorn_optimal_2012,2012,INPROCEEDINGS,Optimal control of distributed energy resources using model predictive control,,10.1109/PESGM.2012.6345596,moo_mes,1,1,0,0,multi-objective,microgrid; micro grid; distributed energy,,,,,
mazzeo_energy_2018,2018,ARTICLE,Energy reliability-constrained method for the multi-objective optimization of a photovoltaic-wind hybrid system with battery storage,Energy,10.1016/j.energy.2018.04.062,moo_mes,1,1,0,0,multi-objective; multiobjective; pareto,stand-alone,,,,,
mazzoni_adoption_2021,2021,ARTICLE,The adoption of a planning tool software platform for optimized polygeneration design and operation – A district cooling application in South-East Asia,Appl Therm Eng,10.1016/j.applthermaleng.2021.117532,moo_mes,1,1,0,0,multi-objective; multiobjective,multi-energy; district heating; district cooling,,ga,,,
mbouteu_megaptche_demand_2023,2023,ARTICLE,Demand response-fuzzy inference system controller in the multi-objective optimization design of a photovoltaic/wind turbine/battery/supercapacitor and diesel system: Case of healthcare facility,Energy Convers. Manage.,10.1016/j.enconman.2023.117245,moo_mes,1,1,0,0,multi-objective; multi objective; multiobjective; mopso,hybrid renewable energy system; hybrid renewable energy systems,,genetic algorithm; ga; particle swarm; pso; mopso,,,
mehrabadi_optimal_2018,2018,INPROCEEDINGS,Optimal scheduling of {CHP}-based industrial microgrid,Institute of Electrical and Electronics Engineers Inc,10.1109/ICSENG.2018.8638167,moo_mes,1,1,0,0,multi-objective; multiobjective; non-dominated; nondominated; nsga,microgrid; microgrids; combined heat and power; chp,,genetic algorithm; ga; nsga,,,
mehrabadi_multi-objective_2020,2020,ARTICLE,Multi-Objective Optimization of Combined Heat and Power Industrial Microgrid,J Sol Energy Eng Trans {ASME},10.1115/1.4046390,moo_mes,1,1,0,0,multi-objective; multi objective; multiobjective; non-dominated; nsga; mopso,microgrid; microgrids; combined heat and power; chp,,genetic algorithm; ga; nsga; particle swarm; pso; mopso,,,
mehrabani_multi-objective_2023,2023,INPROCEEDINGS,Multi-Objective Optimization of Microgrid in the Presence of Distributed Energy Resources and Demand Response Programs,Institute of Electrical and Electronics Engineers Inc,10.1109/ICREDG58341.2023.10092013,moo_mes,1,1,0,0,multi-objective; multiobjective,microgrid; distributed energy,,,,,
mehrenjani_design_2022,2022,ARTICLE,"Design, modeling and optimization of a renewable-based system for power generation and hydrogen production",Int J Hydrogen Energy,10.1016/j.ijhydene.2022.02.148,moo_mes,1,1,0,0,multi-objective; multiobjective,hydrogen,,genetic algorithm,,,approximate
mehri_multi-objective_2017,2017,INPROCEEDINGS,Multi-objective scheduling of electric vehicles considering wind and demand uncertainties,Institute of Electrical and Electronics Engineers Inc,10.1109/SGC.2015.7857421,moo_mes,1,1,0,0,multi-objective; multiobjective; pareto,electric vehicle; electric vehicles,,ga,,,
mehrjerdi_simultaneous_2019,2019,ARTICLE,Simultaneous load leveling and voltage profile improvement in distribution networks by optimal battery storage planning,Energy,10.1016/j.energy.2019.06.021,moo_only,1,0,0,0,multi-objective; multiobjective,,,,,,
mehrtash_new_2021,2021,ARTICLE,A New Bi-Objective Approach for Optimal Sizing of Electrical and Thermal Devices in Zero Energy Buildings Considering Environmental Impacts,{IEEE} Trans. Sustainable Energy,10.1109/TSTE.2020.3024202,moo_only,1,0,0,0,multi-objective; pareto; non-dominated; nondominated,,,,,,
mei_non-cooperative_2018,2018,INPROCEEDINGS,A Non-Cooperative Game Theory Based Controller Tuning Method for Microgrid {DC}-{DC} Converters,{IEEE} Computer Society,10.1109/PESGM.2018.8585881,moo_mes,1,1,0,0,multi-objective; multiobjective; pareto,microgrid; micro-grid; micro grid; microgrids,,ga,,,
mei_multi-objective_2015,2015,INPROCEEDINGS,Multi-objective optimization of integrated energy system based on improved {NSGA}-{II} algorithm,{IEEE} Computer Society,10.23919/CCC50068.2020.9189537,moo_mes,1,1,0,0,multi-objective; multiobjective; pareto; nsga,multi energy; integrated energy,,genetic algorithm; ga; nsga,,,
mei_multi-objective_2022,2022,ARTICLE,Multi-objective optimal scheduling of microgrid with electric vehicles,Energy Rep.,10.1016/j.egyr.2022.03.131,moo_mes,1,1,0,0,multi-objective; multi objective; multiobjective,microgrid; microgrids; electric vehicle; electric vehicles,,ga; particle swarm; pso,,,
mejbri_bi-objective_2014,2014,ARTICLE,Bi-objective sizing optimization of power converter using genetic algorithms: Application to photovoltaic systems,{COMPEL} Int J Comput Math Electr Electron Eng,10.1108/COMPEL-03-2012-0029,moo_only,1,0,0,0,multi-objective; multiobjective; non-dominated,,,genetic algorithm,,,
menesy_optimal_2024,2024,INPROCEEDINGS,Optimal Design of Isolated Hybrid Renewable Energy Systems for Sustainable Water Desalination,Institute of Electrical and Electronics Engineers Inc,10.1109/iSPEC59716.2024.10892376,moo_mes,1,1,0,0,multi-objective,hybrid renewable energy system; hybrid renewable energy systems,,ga; grey wolf; gwo,,,
meng_enhancing_2024,2024,ARTICLE,Enhancing energy efficiency in distributed systems with hybrid energy storage,Energy,10.1016/j.energy.2024.132197,moo_mes,1,1,0,0,multi-objective; multiobjective,energy community; distributed energy,,ga,,,
meng_stochastic_2019,2019,ARTICLE,"A stochastic multi-objective optimization model for renewable energy structure adjustment management – A case study for the city of Dalian, China",Ecol. Indic.,10.1016/j.ecolind.2018.10.022,moo_only,1,0,0,0,multi-objective; multiobjective,,,,,,
meng_multi-objective_2023,2023,ARTICLE,Multi-objective optimal dispatching of demand response-enabled microgrid considering uncertainty of renewable energy generations based on two-level iterative strategy,Energy Rep.,10.1016/j.egyr.2022.12.149,moo_mes,1,1,0,0,multi-objective; multiobjective,microgrid,,,,,
meng_research_2018,2018,INPROCEEDINGS,Research on Multi-Objective Optimization Operation of Microgrid,Institute of Physics Publishing,10.1088/1755-1315/189/5/052012,moo_mes,1,1,0,0,multi-objective; multiobjective,microgrid,,particle swarm; pso,,,
mhanna_energy-efficient_2024,2024,INPROCEEDINGS,Energy-Efficient Flexible Flow Shop Scheduling under Time-Of-Use Rates with Renewable Energy Sources,Elsevier B.V,10.1016/j.ifacol.2024.09.206,moo_only,1,0,0,0,multi-objective; pareto,,,,,,
mi_shared_2024,2024,ARTICLE,Shared Energy Storage Multi-Objective Allocation Strategy Considering Integrated Energy Microgrid Access to Active Distribution Network,Shanghai Jiaotong Daxue Xuebao,10.16183/j.cnki.jsjtu.2023.021,moo_mes,1,1,0,0,multi-objective; pareto,multi-energy; integrated energy; microgrid; microgrids,,particle swarm,,,
miao_multi_2024,2024,ARTICLE,Multi energy complementary optimization scheduling method for wind solar energy storage and charging integrated energy system,Appl. Math. Nonlinear Sci.,10.2478/amns-2024-3049,moo_mes,1,1,0,0,multi-objective; multiobjective,multi energy; integrated energy,,,,,
miglani_integrating_2018,2018,ARTICLE,Integrating a thermal model of ground source heat pumps and solar regeneration within building energy system optimization,Appl. Energy,10.1016/j.apenergy.2018.02.173,moo_only,1,0,0,0,multi-objective; multiobjective,,,genetic algorithm,,,
mildt_objective_2019,2019,INPROCEEDINGS,Objective Trade-off in {MPC} Based Energy Management for Microgrids,Institute of Electrical and Electronics Engineers Inc,10.1109/GTDAsia.2019.8715952,moo_mes,1,1,0,0,multi-objective; multiobjective,microgrid; micro grid; microgrids,,,,,
milovanovic_application_2022,2022,ARTICLE,An application of Wild Horse Optimizer to multi-objective energy management in a micro-grid,Electr Eng,10.1007/s00202-022-01636-y,moo_mes,1,1,0,0,multi-objective; multi objective; multiobjective; pareto,microgrid; micro-grid; distributed generation,,,,,
ming_optimizing_2017,2017,ARTICLE,Optimizing utility-scale photovoltaic power generation for integration into a hydropower reservoir by incorporating long- and short-term operational decisions,Appl. Energy,10.1016/j.apenergy.2017.07.046,moo_only,1,0,0,0,multi-objective; multiobjective,,,,,,
ming_multi-objective_2017,2017,ARTICLE,Multi-objective optimization of hybrid renewable energy system using an enhanced multi-objective evolutionary algorithm,Energies,10.3390/en10050674,moo_mes,1,1,0,0,multi-objective; multi objective; multiobjective; pareto; moea,hybrid renewable energy system; hybrid renewable energy systems,,ga; moea,,,approximation
ming_multi-objective_2017-1,2017,INPROCEEDINGS,Multi-Objective Optimization of Hybrid Renewable Energy System with Load Forecasting,Institute of Electrical and Electronics Engineers Inc,10.1109/ICEI.2017.27,moo_mes,1,1,0,0,multi-objective; multi objective; multiobjective; pareto; moea,hybrid renewable energy system; hybrid renewable energy systems,,moea,,,approximate
ming_pareto_2017,2017,ARTICLE,Pareto adaptive penalty-based boundary intersection method for multi-objective optimization,Inf Sci,10.1016/j.ins.2017.05.012,moo_mes,1,1,0,0,multi-objective; multi objective; multiobjective; pareto; moea,hybrid renewable energy system; hybrid renewable energy systems,,moea,,,approximation
ming_many-constraint_2024,2024,INPROCEEDINGS,Many-Constraint Multi-objective Optimization of Grid-Connected Hybrid Renewable Energy System,Springer Science and Business Media Deutschland {GmbH},10.1007/978-981-97-0837-6_19,moo_mes,1,1,0,0,multi-objective; multiobjective,hybrid renewable energy system,,ga,,,
mishuchkov_development_2020,2020,INPROCEEDINGS,Development and Optimization of Smart Cities Energy Supply Systems,Institute of Electrical and Electronics Engineers Inc,10.1109/FarEastCon50210.2020.9271612,moo_mes,1,1,0,0,multiobjective; multi-criteria; multicriteria,distributed energy; distributed generation,,ga,,,
mittelviefhaus_electrification_2022,2022,ARTICLE,Electrification of multi-energy hubs under limited electricity supply: De-/centralized investment and operation for cost-effective greenhouse gas mitigation,Adv. Appl. Energy,10.1016/j.adapen.2022.100083,moo_mes,1,1,0,0,multi-objective,multi-energy; energy hub; stand-alone; combined heat and power; chp; electric vehicle; electric vehicles,,ga,,,
miyazato_multi-objective_2017,2017,ARTICLE,Multi-objective optimization for equipment capacity in off-grid smart house,Sustainability,10.3390/su9010117,moo_mes,1,1,0,0,multi-objective; multiobjective; nsga,off-grid; electric vehicle,,ga; nsga,,,
mo_multi-objective_2025,2025,ARTICLE,Multi-Objective Optimization Scheduling of a Wind–Solar Energy Storage Microgrid Based on an Improved {OGGWO} Algorithm,Algorithms,10.3390/a18010013,moo_mes,1,1,0,0,multi-objective; multiobjective,microgrid; microgrids,,ga; grey wolf; gwo,,,
moarref_multi-objective_2016,2016,ARTICLE,Multi-objective voltage and frequency regulation in autonomous microgrids using Pareto-based Big Bang-Big Crunch algorithm,Control Eng. Pract.,10.1016/j.conengprac.2016.06.011,moo_mes,1,1,0,0,multi-objective; multiobjective; pareto,microgrid; microgrids; distributed generation,,ga,,,
moazami_goodarzi_optimal_2018,2018,ARTICLE,An optimal autonomous microgrid cluster based on distributed generation droop parameter optimization and renewable energy sources using an improved grey wolf optimizer,Eng Optim,10.1080/0305215X.2017.1355970,moo_mes,1,1,0,0,multi-objective; multiobjective,microgrid; distributed generation,,ga; grey wolf; gwo,,,
mobayen_multi-functional_2025,2025,ARTICLE,Multi-functional hybrid energy system for zero-energy residential buildings: Integrating hydrogen production and renewable energy solutions,Int J Hydrogen Energy,10.1016/j.ijhydene.2025.01.061,moo_mes,1,1,0,0,multi-objective,hydrogen,,ga,,neural network,
modibbo_optimization_2024,2024,INPROCEEDINGS,Optimization of Microgrid Performance and Emission Reduction Through Incentive Based and {TOU} Demand Response Models,Institute of Electrical and Electronics Engineers Inc,10.1109/CEECT63656.2024.10898409,moo_mes,1,1,0,0,multi-objective,microgrid; distributed energy,,ga,,,
moghaddam_multi-objective_2011,2011,ARTICLE,Multi-objective operation management of a renewable {MG} (micro-grid) with back-up micro-turbine/fuel cell/battery hybrid power source,Energy,10.1016/j.energy.2011.09.017,moo_mes,1,1,0,0,multi-objective; multiobjective,micro-grid; micro grid,,genetic algorithm; ga; particle swarm; pso,,,
mohamad_determination_2014,2014,INPROCEEDINGS,Determination of Solar Penetration Through Multi-objective Optimisation Framework,Springer Verlag,10.1007/978-981-16-8129-5_52,moo_only,1,0,0,0,multi-objective; multiobjective,,,ga,,,
mohamad_multi-objective_2019,2019,ARTICLE,Multi-Objective Optimization of Solar/Wind Penetration in Power Generation Systems,{IEEE} Access,10.1109/ACCESS.2019.2955112,moo_only,1,0,0,0,multi-objective; multiobjective; pareto; non-dominated,,,genetic algorithm,,,
mohamed_techno-economical-environmental_2025,2025,ARTICLE,Techno-economical-environmental approach using multi-objective-based Pareto frontier optimization for hybrid photovoltaic/diesel/battery system considering different battery types,J. Energy Storage,10.1016/j.est.2025.115979,moo_only,1,0,0,0,multi-objective; multiobjective; pareto,,,genetic algorithm; ga,,,
mohammad_optimal_2022,2022,ARTICLE,An optimal home energy management system with integration of renewable energy and energy storage with home to grid capability,Int J Energy Res,10.1002/er.7735,moo_mes,1,1,0,0,multi-objective; multiobjective,electric vehicle; electric vehicles,,grey wolf,,,
mohammadi_exergoeconomic_2020,2020,ARTICLE,Exergoeconomic analysis and multi-objective optimization of a semi-solar greenhouse with experimental validation,Appl Therm Eng,10.1016/j.applthermaleng.2019.114563,moo_only,1,0,0,0,multi-objective; multiobjective; pareto,,,ga,,,
mohammadi_thermo-economic_2023,2023,ARTICLE,Thermo-economic assessment and optimization of a multigeneration system powered by geothermal and solar energy,Appl Therm Eng,10.1016/j.applthermaleng.2023.120656,moo_only,1,0,0,0,multi-objective; multiobjective,,,ga,,,
mohammadi_multi-objective_2022,2022,ARTICLE,A Multi-Objective Fuzzy Optimization Model for Electricity Generation and Consumption Management in a Micro Smart Grid,Sustainable Cities Soc.,10.1016/j.scs.2022.104119,moo_only,1,0,0,0,multi-objective; multiobjective; multicriteria; non-dominated; nsga,,,genetic algorithm; ga; nsga,,,
mohammadi_proposal_2025,2025,ARTICLE,"Proposal and multicriteria optimization of an integrated energy system powered by solar energy and electrolysis to produce hydrogen, utilizing an organic flash combined power/cooling cycle with dual ejectors",Energy,10.1016/j.energy.2024.134329,moo_mes,1,1,0,0,multi-criteria; multicriteria,integrated energy; hydrogen,,genetic algorithm; ga,,,instead of
mohammadpour_sustainability_2022,2022,ARTICLE,"Sustainability analysis and optimization of innovative geothermal-driven energy storage system for green production of H2, {NH}3, and pure O2",Int J Hydrogen Energy,10.1016/j.ijhydene.2022.04.005,moo_mes,1,1,0,0,multi-objective; multiobjective; nsga,hydrogen,,genetic algorithm; ga; nsga,,,
mohammed_multi-objective_2023,2023,ARTICLE,A multi-objective optimization model based on mixed integer linear programming for sizing a hybrid {PV}-hydrogen storage system,Int J Hydrogen Energy,10.1016/j.ijhydene.2022.12.060,moo_mes,1,1,0,0,multi-objective; multiobjective; pareto,hydrogen,,ga,,,
mohammed_hybrid_2025,2025,ARTICLE,Hybrid multi-objective optimization of µ-synthesis robust controller for frequency regulation in isolated microgrids,Sci. Rep.,10.1038/s41598-025-85910-6,moo_mes,1,1,0,0,multi-objective; multiobjective; pareto; mopso,microgrid; microgrids,,genetic algorithm; ga; particle swarm; pso; mopso,,,
mohammed_multi-objective_2024,2024,ARTICLE,Multi-objective optimization of glass/carbon hybrid composites for small wind turbine blades using extreme mixture design response surface methodology,Funct. Compost. Str.,10.1088/2631-6331/ad45a7,moo_only,1,0,0,1,multi-objective; multiobjective,,,,response surface; response surface methodology,regression model,
mohammed_ridha_multi-objective_2022,2022,ARTICLE,Multi-objective optimization and multi-criteria decision making aided by numerical method: Framework and a case study of Malaysia and South Africa,Energy Convers. Manage.,10.1016/j.enconman.2022.116468,moo_mes,1,1,1,0,multi-objective; multiobjective; multi-criteria; multi criteria; multicriteria; pareto; non-dominated,hybrid renewable energy system; off-grid,multi-criteria decision; multi criteria decision; multicriteria decision,,,,
mohan_realistic_2021,2021,ARTICLE,Realistic energy commitments in peer-to-peer transactive market with risk adjusted prosumer welfare maximization,Int J Electr Power Energy Syst,10.1016/j.ijepes.2020.106377,moo_mes,1,1,0,0,multi-objective; non-dominated,microgrid; microgrids,,particle swarm; pso,,,
mohan_krishna_optimal_2020,2020,INPROCEEDINGS,Optimal Planning of Hybrid Microgrid-A Validation,Institute of Electrical and Electronics Engineers Inc,10.1109/STA50679.2020.9329323,moo_mes,1,1,0,0,multi-objective; multiobjective,microgrid; microgrids,,ga,,,
mohseni_thermodynamic_2024,2024,ARTICLE,Thermodynamic analysis and multi-objective optimization of an {ORC}-based solar-natural gas driven trigeneration system for a residential area,Case Stud. Therm. Eng.,10.1016/j.csite.2024.104513,moo_mes,1,1,0,0,multi-objective; multiobjective,cchp; combined cooling heating and power; chp,,ga; particle swarm; pso,,,
mojtahedzadeh_resilience_2019,2019,INCOLLECTION,Resilience thorough microgrids,Power Systems,10.1007/978-3-319-94442-5_5,moo_mes,1,1,0,0,multi-objective,microgrid; microgrids,,ga,,,
mojtahedzadeh_microgrid-based_2021,2021,ARTICLE,Microgrid-based resilient distribution network planning for a new town,{IET}. Renew. Power Gener.,10.1049/rpg2.12241,moo_mes,1,1,0,0,multi-objective; multiobjective,microgrid; micro-grid; microgrids,,,,,
mokhlis_h_optimization_2024,2024,INPROCEEDINGS,Optimization of economic and technical aspects in solar-biogas hybrid rural microgrids based on multiple energy storage methods,{SPIE},10.1117/12.3025143,moo_mes,1,1,0,0,multi-objective; multiobjective,multi-energy; multi energy; microgrid; microgrids,,ga,,,
mokhtara_design_2021,2021,ARTICLE,Design optimization of off-grid Hybrid Renewable Energy Systems considering the effects of building energy performance and climate change: Case study of Algeria,Energy,10.1016/j.energy.2020.119605,moo_mes,1,1,0,0,multi-objective; multi-criteria,hybrid renewable energy system; hybrid renewable energy systems; off-grid,,ga; particle swarm; pso,,,
mola_distributed_2022,2022,ARTICLE,Distributed Fast Fault Detection in {DC} Microgrids,{IEEE} Syst. J.,10.1109/JSYST.2020.3035323,moo_mes,1,1,0,0,multi-objective; multiobjective,microgrid; microgrids; distributed generation,,,,,
molina-martin_simultaneous_2021,2021,ARTICLE,Simultaneous minimization of energy losses and greenhouse gas emissions in ac distribution networks using bess,Electronics (Switzerland),10.3390/electronics10091002,moo_only,1,0,0,0,multi-objective; pareto,,,ga,,,
momen_maximizing_2016,2016,ARTICLE,Maximizing social welfare in micro-grids to provide an smooth daily load profile using nonlinear programing at scheduled operation,Int. J. Renew. Energy Res.,,moo_mes,1,1,0,0,multi-objective; multiobjective,microgrid; micro-grid; distributed energy,,ga,,,
momen_multi-objective_2023,2023,ARTICLE,Multi-objective Optimization of Energy Consumption in Microgrids Considering {CHPs} and Renewables Using Improved Shuffled Frog Leaping Algorithm,J. Electr. Eng. Technol.,10.1007/s42835-022-01289-8,moo_mes,1,1,0,0,multi-objective; multiobjective,microgrid; microgrids; distributed energy; combined heat and power; chp,,ga,,,
mondal_optimal_2023,2023,ARTICLE,Optimal allocation and smart scheduling of distributed energy resources and electrical vehicles to enhance economical operation of unbalanced distribution system,Electr Eng,10.1007/s00202-023-01886-4,moo_mes,1,1,0,0,multi-objective; multiobjective,distributed energy; electric vehicle; electric vehicles,,ga,,,
monfaredi_developing_2022,2022,ARTICLE,Developing optimal energy management of integrated energy systems in the hybrid electricity and gas networks,J. Energy Storage,10.1016/j.est.2022.103984,moo_mes,1,1,0,0,multi-objective; multiobjective,integrated energy; distributed energy,,genetic algorithm; ga; particle swarm; pso,,,
montano_techno-economic_2024,2024,ARTICLE,Techno-economic approach for energy management system: Multi-objective optimization algorithms for energy storage in standalone and grid-connected {DC} microgrids,J. Energy Storage,10.1016/j.est.2024.114069,moo_mes,1,1,0,0,multi-objective; multi objective; multiobjective,microgrid; microgrids; standalone; distributed energy,,particle swarm; pso,,,approximation
montignac_assessment_2024,2024,ARTICLE,Assessment of hydrogen supply chains based on dynamic bi-objective optimization of costs and greenhouse gases emissions: Case study in the context of Balearic Islands,Energy,10.1016/j.energy.2024.132590,moo_mes,1,1,0,0,multi-objective,hydrogen,,ga,,,
moradi_optimal_2016,2016,INPROCEEDINGS,Optimal operation of a multi-source microgrid to achieve cost and emission targets,Institute of Electrical and Electronics Engineers Inc,10.1109/PECI.2016.7459258,moo_mes,1,1,0,0,multi-objective; multiobjective,microgrid; micro grid; distributed energy,,ga,,,
moradi_optimal_2015,2015,ARTICLE,Optimal siting and sizing of renewable energy sources and charging stations simultaneously based on Differential Evolution algorithm,Int J Electr Power Energy Syst,10.1016/j.ijepes.2015.06.029,moo_mes,1,1,0,0,multi-objective; multiobjective,microgrid; micro grid; microgrids; electric vehicle; electric vehicles,,ga; differential evolution,,,
moradi_multi-objective_2014,2014,ARTICLE,Multi-objective {PFDE} algorithm for solving the optimal siting and sizing problem of multiple {DG} sources,Int J Electr Power Energy Syst,10.1016/j.ijepes.2013.11.014,moo_mes,1,1,0,0,multi-objective; multiobjective; pareto,distributed generation,,differential evolution,,,
moradinia_efficiency_2024,2024,INPROCEEDINGS,{EFFICIENCY} {AND} {INNOVATION} {IN} {OFFSHORE} {RENEWABLE} {ENERGY}: A {SURROGATE} {MODELING} {APPROACH} {TO} {MOORING} {SYSTEM} {OPTIMIZATION},American Society of Mechanical Engineers ({ASME}),10.1115/OMAE2024-131710,moo_only,1,0,0,1,multi-objective; multiobjective; non-dominated; nsga,,,genetic algorithm; ga; nsga,surrogate,machine learning; learning-based,surrogate
morid_innovative_2025,2025,ARTICLE,An innovative optimal integrated solar-lignocellulosic biomass polygeneration system with biorefinery and solid oxide electrolyzer cell,Energy Convers. Manage.,10.1016/j.enconman.2025.119557,moo_mes,1,1,0,0,multi-objective,hydrogen,,genetic algorithm,,neural network; machine learning; recurrent neural,
morvaj_optimization_2016,2016,ARTICLE,Optimization framework for distributed energy systems with integrated electrical grid constraints,Appl. Energy,10.1016/j.apenergy.2016.03.090,moo_mes,1,1,0,0,multi-objective; multiobjective,distributed energy; distributed generation,,genetic algorithm; ga,,,
morvaj_decarbonizing_2017,2017,ARTICLE,"Decarbonizing the electricity grid: The impact on urban energy systems, distribution grids and district heating potential",Appl. Energy,10.1016/j.apenergy.2017.01.058,moo_mes,1,1,0,0,multi-objective; multiobjective,distributed energy; district heating,,ga,,,
mosa_energy_2021,2021,ARTICLE,Energy management system of low voltage dc microgrid using mixed-integer nonlinear programing and a global optimization technique,Electr Power Syst Res,10.1016/j.epsr.2020.106971,moo_mes,1,1,0,0,multi-objective,microgrid; microgrids,,ga,,,
mosa_energy_2018,2018,INPROCEEDINGS,Energy Management System of Autonomous Low Voltage {DC} Microgrid Consists of Energy Storage System,Institute of Electrical and Electronics Engineers Inc,10.1109/MEPCON.2018.8635246,moo_mes,1,1,0,0,multi-objective; multi objective; multiobjective,microgrid; microgrids,,ga,,,
mosayebian_optimal_2016,2016,ARTICLE,"Optimal operational management of a micro-grid, including high penetration level of renewable energy resources",J. Intelligent Fuzzy Syst.,10.3233/IFS-162170,moo_mes,1,1,0,0,multi-objective; multiobjective,micro-grid; micro grid,,genetic algorithm; ga; particle swarm; pso,,,approximate
mouaky_multi-objective_2024,2024,ARTICLE,Multi-objective optimization of a solar-biomass multi-generation system with dual-stage desalination for brine minimization,J. Clean. Prod.,10.1016/j.jclepro.2024.143849,moo_mes,1,1,1,0,multi-objective; nsga,off-grid,topsis,ga; nsga,,,
moura_multi-objective_2010,2010,ARTICLE,Multi-objective optimization of a mixed renewable system with demand-side management,Renewable Sustainable Energy Rev,10.1016/j.rser.2010.01.004,moo_only,1,0,0,0,multi-objective; multiobjective,,,,,,
mousavi_comprehensive_2021,2021,ARTICLE,A comprehensive techno-economic assessment of a novel compressed air energy storage ({CAES}) integrated with geothermal and solar energy,Sustainable Energy Technol. Assess.,10.1016/j.seta.2021.101418,moo_only,1,0,0,0,multi-objective; multiobjective,,,genetic algorithm; ga,,,replace
mousavi_rabeti_optimal_2024,2024,ARTICLE,"Optimal 4E design and innovative R-curve approach for a gas-solar- biological waste polygeneration system for power, freshwater, and methanol production",Process Saf. Environ. Prot.,10.1016/j.psep.2024.09.042,moo_only,1,0,0,0,multi-objective,,,ga,,machine learning,
mousque_optimal_2012,2012,INCOLLECTION,Optimal on-grid hybrid power system for eco-industrial parks planning and influence of geographical position,Computer Aided Chemical Engineering,10.1016/B978-0-444-64235-6.50141-8,moo_only,1,0,0,0,multi-objective,,,ga,,,
mozafar_simultaneous_2017,2017,ARTICLE,A simultaneous approach for optimal allocation of renewable energy sources and electric vehicle charging stations in smart grids based on improved {GA}-{PSO} algorithm,Sustainable Cities Soc.,10.1016/j.scs.2017.05.007,moo_mes,1,1,0,0,multi-objective; multiobjective,electric vehicle; electric vehicles,,genetic algorithm; ga; particle swarm; pso,,,
muhsen_novel_2019,2019,ARTICLE,A novel method for sizing of standalone photovoltaic system using multi-objective differential evolution algorithm and hybrid multi-criteria decision making methods,Energy,10.1016/j.energy.2019.03.046,moo_mes,1,1,1,0,multi-objective; multi-criteria,standalone,multi-criteria decision; topsis; ahp,differential evolution,,,
muralitharan_multiobjective_2016,2016,ARTICLE,Multiobjective optimization technique for demand side management with load balancing approach in smart grid,Neurocomputing,10.1016/j.neucom.2015.11.015,moo_only,1,0,0,0,multi-objective; multi objective; multiobjective,,,,,,
murray_multi-objective_2020,2020,ARTICLE,Multi-Objective Optimisation of Power-to-Mobility in Decentralised Multi-Energy Systems,Energy,10.1016/j.energy.2020.117792,moo_mes,1,1,0,0,multi-objective; multiobjective; pareto,multi-energy; electric vehicle; electric vehicles,,ga,,,
murray_optimal_2014,2014,INPROCEEDINGS,Optimal design of multi-energy systems at different degrees of decentralization,Elsevier Ltd,10.1016/j.egypro.2019.01.808,moo_mes,1,1,0,0,multi-objective; multiobjective; pareto,multi-energy; hydrogen,,ga,,,
musharavati_artificial_2022,2022,ARTICLE,Artificial neural network-based Sobol algorithm for multi-objective optimization of renewable energy supply in buildings: A transient approach,Int J Energy Res,10.1002/er.8274,moo_only,1,0,0,0,multi-objective; multiobjective,,,genetic algorithm,,neural network,
muthamizhan_optimization_2024,2024,INPROCEEDINGS,Optimization Techniques and Algorithmic Control in Power Electronics for Renewable Energy Systems,Institute of Electrical and Electronics Engineers Inc,10.1109/IC3TES62412.2024.10877626,moo_mes,1,1,0,0,multi-objective; multiobjective,distributed generation,,genetic algorithm; particle swarm; pso,,neural network,
na_j_multi-objective_2024,2024,INPROCEEDINGS,Multi-objective optimal scheduling for microgrids based on improved sand cat swarm optimization algorithm,{SPIE},10.1117/12.3039328,moo_mes,1,1,0,0,multi-objective; multi objective,microgrid; microgrids; distributed energy,,grey wolf; gwo,,,
naderi_mitigating_2025,2025,ARTICLE,Mitigating Voltage Violations in Smart City Microgrids Under Coordinated False Data Injection Cyberattacks: Simulation and Experimental Insights,Smart. Cities.,10.3390/smartcities8010020,moo_mes,1,1,0,0,multi-objective; pareto; non-dominated,microgrid; microgrids; distributed energy,,ga,,,
nadjemi_optimal_2017,2017,ARTICLE,Optimal hybrid {PV}/wind energy system sizing: Application of cuckoo search algorithm for Algerian dairy farms,Renewable Sustainable Energy Rev,10.1016/j.rser.2016.12.038,moo_mes,1,1,0,0,multi-objective; multiobjective,hybrid renewable energy system,,particle swarm; pso; cuckoo search,,,computation time
nagarajan_enhanced_2025,2025,ARTICLE,Enhanced wombat optimization algorithm for multi-objective optimal power flow in renewable energy and electric vehicle integrated systems,Result. Eng.,10.1016/j.rineng.2024.103671,moo_mes,1,1,0,0,multi-objective; multiobjective; pareto,electric vehicle; electric vehicles,,,,,
naidji_stochastic_2020,2020,ARTICLE,Stochastic multi-objective optimal reactive power dispatch considering load and renewable energy sources uncertainties: a case study of the Adrar isolated power system,Int. Trans. Elecr. Energy Sys.,10.1002/2050-7038.12374,moo_only,1,0,0,0,multi-objective; multiobjective; pareto; non-dominated,,,particle swarm; pso,,,
nair_analysis_2019,2019,INPROCEEDINGS,An analysis of energy storage system interaction in a multi objective model predictive control based energy management in {DC} microgrid,Institute of Electrical and Electronics Engineers Inc,10.1109/ETFA.2019.8869474,moo_mes,1,1,0,0,multi-objective; multi objective; multiobjective,microgrid,,,,,
najafian_maximum_2025,2025,ARTICLE,Maximum annual energy production of a 1.5 {MW} wind turbine using optimum morphing blades at different control management scenarios,Energy Convers. Manage.,10.1016/j.enconman.2024.119429,moo_only,1,0,0,0,multi-objective,,,genetic algorithm; ga,,,
najafi-ghalelou_multi-objective_2019,2019,INCOLLECTION,Multi-objective optimization model for optimal performance of an off-grid microgrid with distributed generation units in the presence of demand response program,Demand Response Application in Smart Grids: Operation Issues - Volume 2,10.1007/978-3-030-32104-8_9,moo_mes,1,1,0,0,multi-objective,microgrid; microgrids; off-grid; distributed generation,,,,,
nallolla_multi-objective_2023,2023,ARTICLE,Multi-Objective Optimization Algorithms for a Hybrid {AC}/{DC} Microgrid Using {RES}: A Comprehensive Review,Electronics (Switzerland),10.3390/electronics12041062,moo_mes,1,1,0,0,multi-objective; mopso,microgrid; microgrids; hybrid renewable energy system,,ga; particle swarm; pso; mopso; grey wolf; gwo,,,
nandi_multi-objective_2024,2024,ARTICLE,Multi-Objective Optimization Based Voltage Injection Technique for Minimizing Imbalance and Harmonics in {AC} Microgrid,{IEEE} Trans. Sustainable Energy,10.1109/TSTE.2023.3336536,moo_mes,1,1,0,0,multi-objective; multiobjective; pareto,microgrid,,ga,,,
narayan_exploring_2019,2019,ARTICLE,Exploring the boundaries of Solar Home Systems ({SHS}) for off-grid electrification: Optimal {SHS} sizing for the multi-tier framework for household electricity access,Appl. Energy,10.1016/j.apenergy.2019.02.053,moo_mes,1,1,0,0,multi-objective; multi objective; multiobjective,off-grid; standalone,,genetic algorithm,,,
narkhede_multi_2014,2014,INPROCEEDINGS,Multi objective optimal dispatch in a virtual power plant using genetic algorithm,Institute of Electrical and Electronics Engineers Inc,10.1109/ICRESE.2013.6927822,moo_mes,1,1,0,0,multi-objective; multi objective; multiobjective,virtual power plant; distributed generation,,genetic algorithm,,,
nasef_optimal_2019,2019,INPROCEEDINGS,Optimal Allocation of Renewable Energy Sources in Electrical Power System Using Oscillatory Particle Swarm Optimization,Institute of Electrical and Electronics Engineers Inc,10.1109/CPERE45374.2019.8980187,moo_only,1,0,0,0,multi-objective; multiobjective,,,particle swarm; pso,,,
nasef_impacts_2019,2019,INPROCEEDINGS,Impacts of Renewable Energy Sources Allocation in Distribution Networks,Institute of Electrical and Electronics Engineers Inc,10.1109/MEPCON47431.2019.9007957,moo_only,1,0,0,0,multi-objective; multiobjective,,,particle swarm; pso,,,
nasef_optimal_2022,2022,ARTICLE,Optimal Tuning of a New Multi-input Multi-output Fuzzy Controller for Doubly Fed Induction Generator-Based Wind Energy Conversion System,Arab. J. Sci. Eng.,10.1007/s13369-021-05946-4,moo_only,1,0,0,0,multi-objective,,,ga; particle swarm; pso; gwo,,,
nasiri_economic-environmental_2022,2022,ARTICLE,Economic-environmental convex network-constrained decision-making for integrated multi-energy distribution systems under electrified transportation fleets,J. Clean. Prod.,10.1016/j.jclepro.2022.134582,moo_mes,1,1,0,0,multi-objective; multiobjective,multi-energy; multi energy; combined heat and power; district heating; electric vehicle; electric vehicles,,ga,,,
nasr_risk-averse_2019,2019,ARTICLE,Risk-averse energy management system for isolated microgrids considering generation and demand uncertainties based on information gap decision theory,{IET}. Renew. Power Gener.,10.1049/iet-rpg.2018.5856,moo_mes,1,1,0,0,multi-objective; multiobjective,microgrid; microgrids,,ga,,,
natani_optimal_2022,2022,ARTICLE,Optimal energy management strategy for a renewable‐based microgrid considering uncertainty,Energy Sources Recovery Util. Environ. Eff.,10.1080/15567036.2022.2061090,moo_mes,1,1,0,0,multi-objective; multiobjective; non-dominated; nsga; mopso,microgrid; microgrids,,genetic algorithm; ga; nsga; particle swarm; pso; mopso,,,
nateghi_multi-objective_2023,2023,ARTICLE,Multi-objective optimization of a multi-story hotel's energy demand and investing the money saved in energy supply with solar energy production,Energy Sustainable Dev.,10.1016/j.esd.2022.11.010,moo_only,1,0,0,0,multi-objective; multiobjective; multicriteria; non-dominated; nsga,,,genetic algorithm; ga; nsga,,,
naveena_elevating_2024,2024,ARTICLE,Elevating sustainability with a multi-renewable hydrogen generation system empowered by machine learning and multi-objective optimization,Measurement. Sens.,10.1016/j.measen.2024.101192,moo_mes,1,1,0,0,multi-objective; multi objective; multiobjective,hydrogen,,,,neural network; machine learning; random forest; learning-based; recurrent neural; lstm,
nawaz_mpc-driven_2025,2025,ARTICLE,{MPC}-driven optimal scheduling of grid-connected microgrid: Cost and degradation minimization with {PEVs} integration,Electr Power Syst Res,10.1016/j.epsr.2024.111173,moo_mes,1,1,0,0,multi-objective,microgrid; microgrids; electric vehicle; electric vehicles,,ga,,,approximate
naz_multicriteria_2017,2017,ARTICLE,Multicriteria decision making for resource management in renewable energy assisted microgrids,Renewable Sustainable Energy Rev,10.1016/j.rser.2016.12.059,moo_mes,1,1,1,0,multi-objective; multiobjective; multicriteria,microgrid; microgrids,multicriteria decision,ga,,,
nazari-heris_optimal_2017,2017,ARTICLE,Optimal economic dispatch of {FC}-{CHP} based heat and power micro-grids,Appl Therm Eng,10.1016/j.applthermaleng.2016.12.016,moo_mes,1,1,0,0,multi-objective; multiobjective,microgrid; micro-grid; distributed energy; combined heat and power; chp,,,,,
nazih_maximizing_2025,2025,ARTICLE,Maximizing hosting capacity of renewable energy sources in unbalanced distribution networks using multi-objective optimization approach,Electr Power Syst Res,10.1016/j.epsr.2025.111458,moo_mes,1,1,0,0,multi-objective,distributed energy,,,,,
nazir_optimal_2021,2021,ARTICLE,Optimal Planning and Investment Of Multi-renewable Power Generation and Energy Storage System Capacity,J. Electr. Syst.,,moo_mes,1,1,0,0,multi-objective; multiobjective,multi-energy,,ga,,,
nebel_role_2022,2022,ARTICLE,"The Role of Renewable Energies, Storage and Sector-Coupling Technologies in the German Energy Sector under Different {CO}2 Emission Restrictions",Sustainability,10.3390/su141610379,moo_mes,1,1,0,0,multi objective,sector coupling; sector-coupling; hydrogen,,ga,,,
nemati_optimal_2023,2023,ARTICLE,An optimal coordinated decision-making model for planning the coordinated expansion and operation of multi microgrids in active distribution network,Environ. Dev. Sustainability,10.1007/s10668-023-04151-7,moo_mes,1,1,0,0,multi-objective,microgrid; microgrids; distributed energy,,ga,,,
nemati_optimal_2025,2025,ARTICLE,An optimal coordinated decision-making model for planning the coordinated expansion and operation of multi microgrids in active distribution network,Environ. Dev. Sustainability,10.1007/s10668-023-04151-7,moo_mes,1,1,0,0,multi-objective,microgrid; microgrids; distributed energy,,ga,,,
nemati_optimization_2018,2018,ARTICLE,Optimization of unit commitment and economic dispatch in microgrids based on genetic algorithm and mixed integer linear programming,Appl. Energy,10.1016/j.apenergy.2017.07.007,moo_mes,1,1,0,0,multiobjective; multi criteria; multicriteria,microgrid; micro grid; microgrids,,genetic algorithm; ga,,,
neri_enhancing_2024,2024,ARTICLE,Enhancing Waste-to-Energy and Hydrogen Production through Urban–Industrial Symbiosis: A Multi-Objective Optimisation Model Incorporating a Bayesian Best-Worst Method,Smart. Cities.,10.3390/smartcities7020030,moo_mes,1,1,0,0,multi-objective,hydrogen,,ga,,,
neshat_enhancing_2024,2024,ARTICLE,Enhancing the performance of hybrid wave-wind energy systems through a fast and adaptive chaotic multi-objective swarm optimisation method,Appl. Energy,10.1016/j.apenergy.2024.122955,moo_only,1,0,0,0,multi-objective; multiobjective; pareto; non-dominated; nsga; mopso; moea,,,genetic algorithm; ga; nsga; pso; mopso; moea; spea,,,speed up; acceleration
ng_multi-objective_2024,2024,ARTICLE,Multi-objective optimisation of buoyancy energy storage technology using transit search algorithm,Renew. Energy,10.1016/j.renene.2024.120342,moo_only,1,0,0,0,multi-objective; multiobjective,,,ga,,,
ngila_mulumba_techno-economic_2023,2023,ARTICLE,Techno-economic analysis and dynamic power simulation of a hybrid solar-wind-battery-flywheel system for off-grid power supply in remote areas in Kenya,Energy Convers. Manage. X,10.1016/j.ecmx.2023.100381,moo_mes,1,1,0,0,multi-objective; multiobjective; pareto,micro-grid; hybrid renewable energy system; off-grid,,ga,,,
nguyen_design_2021,2021,ARTICLE,A design on sustainable hybrid energy systems by multi-objective optimization for aquaculture industry,Renew. Energy,10.1016/j.renene.2020.10.024,moo_mes,1,1,0,0,multi-objective; multiobjective,hydrogen,,ga,,,
ni_charging_2025,2025,ARTICLE,Charging management of electric vehicles with consumption of renewable energy,Energy,10.1016/j.energy.2025.135264,moo_mes,1,1,0,0,multi-objective,electric vehicle; electric vehicles,,ga,,,
ni_capacity_2023,2023,INPROCEEDINGS,Capacity allocation optimization of wind-solar-hydrogen-storage coupled power generation system based on a double-layer model,Institute of Physics,10.1088/1742-6596/2588/1/012011,moo_mes,1,1,0,0,multi-objective; multiobjective; mopso,microgrid; hydrogen,,particle swarm; pso; mopso,,,
nie_optimization_2021,2021,INPROCEEDINGS,Optimization of a Novel Linear-Rotary Permanent Magnet Generator for Wind-wave Combined Energy Conversion via {TOPSIS} Decision Making,Institute of Electrical and Electronics Engineers Inc,10.1109/LDIA49489.2021.9505999,moo_only,1,0,1,0,multi-objective; multiobjective,,topsis,,,,
niemela_cost-effectiveness_2017,2017,ARTICLE,Cost-effectiveness of energy performance renovation measures in Finnish brick apartment buildings,Energy Build.,10.1016/j.enbuild.2016.12.031,moo_only,1,0,0,0,multi-objective; multiobjective; pareto; nsga,,,genetic algorithm; ga; nsga,,,
niemela_energy_2017,2017,ARTICLE,Energy performance and environmental impact analysis of cost-optimal renovation solutions of large panel apartment buildings in Finland,Sustainable Cities Soc.,10.1016/j.scs.2017.02.017,moo_only,1,0,0,0,multi-objective; multiobjective,,,ga,,,approximate
niknam_distribution_2012,2012,ARTICLE,Distribution feeder reconfiguration considering fuel cell/wind/photovoltaic power plants,Renew. Energy,10.1016/j.renene.2011.06.017,moo_only,1,0,0,0,multi-objective; multi objective; multiobjective; pareto; non-dominated,,,ga,,,
niknam_interactive_2012,2012,ARTICLE,Interactive multiobjective daily volt/var control of distribution networks considering wind power and fuel-cell power plants,J. Renewable Sustainable Energy,10.1063/1.4727920,moo_only,1,0,0,0,multi-objective; multi objective; multiobjective,,,,,,
niknejhad_design_2023,2023,ARTICLE,The design of an energy plant and artificial intelligence-based optimization for pasteurization with the least amount of carbon emissions based on animal waste,Chemosphere,10.1016/j.chemosphere.2023.138845,moo_only,1,0,0,0,multi-objective; multiobjective; multi-criteria; multicriteria,,,ga,,,
nikzad_effects_2019,2019,INPROCEEDINGS,Effects of Implementing Demand Response Programs in Microgrids in the Presence of Renewable Energy Resources and Energy Storage Systems,Institute of Electrical and Electronics Engineers Inc,10.1109/PSC49016.2019.9081544,moo_mes,1,1,0,0,multi-objective; multiobjective,microgrid; microgrids; distributed generation,,,,,
nikzad_risk-averse_2025,2025,ARTICLE,Risk-averse stochastic multi-objective optimization for time-of-use demand response pricing in smart microgrids,Energy,10.1016/j.energy.2025.135733,moo_mes,1,1,0,0,multi-objective; multi objective; multiobjective,microgrid; microgrids,,ga,,,
nili_multi-objective_2021,2021,ARTICLE,A multi-objective optimization model to sustainable closed-loop solar photovoltaic supply chain network design: A case study in Iran,Renewable Sustainable Energy Rev,10.1016/j.rser.2021.111428,moo_only,1,0,0,0,multi-objective; multiobjective; pareto,,,,,,
niranjan_optimal_2023,2023,INPROCEEDINGS,Optimal Deployment of User-Defined Relays for Microgrid Protection,Institute of Electrical and Electronics Engineers Inc,10.1109/ICCCNT56998.2023.10307743,moo_mes,1,1,0,0,multi-objective; multiobjective; pareto,microgrid,,,,,
niu_economic_2021,2021,ARTICLE,Economic emission dispatch considering renewable energy resources—a multi-objective cross entropy optimization approach,Sustainability,10.3390/su13105386,moo_only,1,0,0,0,multi-objective,,,ga,,,
niu_operational_2025,2025,ARTICLE,Operational decisions of wind–photovoltaic–storage hybrid power systems using improved dung beetle optimizer,J. Energy Storage,10.1016/j.est.2025.116225,moo_only,1,0,0,0,multi-objective; non-dominated,,,,,,
nojavan_cost-emission_2017,2017,ARTICLE,A cost-emission model for fuel cell/{PV}/battery hybrid energy system in the presence of demand response program: ε-constraint method and fuzzy satisfying approach,Energy Convers. Manage.,10.1016/j.enconman.2017.02.003,moo_only,1,0,0,0,multi-objective; multiobjective,,,,,,
noorollahi_multi-objective_2025,2025,ARTICLE,Multi-objective optimization of energy demand and net zero energy building design based on climatic conditions (Case study: Iran),Int. J. Environ. Sci. Technol.,10.1007/s13762-024-06059-9,moo_only,1,0,1,0,multi-objective; multiobjective; multi-criteria; multi criteria; multicriteria; nsga,,mcdm; multi-criteria decision; multi criteria decision; multicriteria decision,genetic algorithm; ga; nsga,,,
noorollahi_low_2025,2025,ARTICLE,Low carbon solar-based sustainable energy system planning for residential buildings,Renewable Sustainable Energy Rev,10.1016/j.rser.2024.114942,moo_mes,1,1,0,0,multi-objective,energy hub,,ga; particle swarm; pso,,,instead of
norouzi_stochastic_2023,2023,ARTICLE,"Stochastic electrical, thermal, cooling, water, and hydrogen management of integrated energy systems considering energy storage systems and demand response programs",J. Energy Storage,10.1016/j.est.2023.108310,moo_mes,1,1,0,0,multi-objective; multi objective; multiobjective,multi-energy; multi energy; integrated energy; sector coupling; energy hub; hydrogen,,ga,,,
nouri_optimal_2018,2018,ARTICLE,Optimal performance of fuel cell-{CHP}-battery based micro-grid under real-time energy management: An epsilon constraint method and fuzzy satisfying approach,Energy,10.1016/j.energy.2018.06.141,moo_mes,1,1,0,0,multi-objective; multi objective; multiobjective; pareto,microgrid; micro-grid; micro grid; combined heat and power; chp,,ga,,,
nozari_multiobjective_2022,2022,ARTICLE,Multiobjective operational optimization of energy hubs: Developing a novel dynamic energy storage hub concept using ammonia as storage,Int J Energy Res,10.1002/er.7977,moo_mes,1,1,0,0,multi-objective; multiobjective,multi-energy; energy hub,,ga,,,
nurgul_optimization_2023,2023,ARTICLE,Optimization a Hybrid Wind and Solar System in Off-Grid and Grid-Connect to Supply Load,J. Oper. Auto. Power Eng.,10.22098/JOAPE.2023.13833.2067,moo_mes,1,1,0,0,multi-objective,micro-grid; off-grid,,ga; pso,,,
nuvvula_comprehensive_2021,2021,ARTICLE,A Comprehensive Assessment of Large-scale Battery Integrated Hybrid Renewable Energy System to Improve Sustainability of a Smart City,Energy Sources Recovery Util. Environ. Eff.,10.1080/15567036.2021.1905109,moo_mes,1,1,0,0,multi-objective; mopso,hybrid renewable energy system; hybrid renewable energy systems,,pso; mopso; differential evolution,,,
nuvvula_hybrid_2021,2021,ARTICLE,A hybrid multiobjective optimization technique for optimal sizing of {BESS}-{WtE} supported multi-{MW} {HRES} to overcome ramp rate limitations on thermal stations,Int. Trans. Elecr. Energy Sys.,10.1002/2050-7038.13241,moo_only,1,0,0,0,multi-objective; multiobjective; pareto,,,ga; particle swarm; pso; differential evolution,,,
nwulu_multi-objective_2018,2018,INPROCEEDINGS,Multi-objective optimization of a {CHP}-{PV}-battery islanded microgrid,Institute of Electrical and Electronics Engineers Inc,10.1109/ICECDS.2017.8389607,moo_mes,1,1,0,0,multi-objective; multiobjective,microgrid; micro grid; microgrids; combined heat and power; chp,,,,,
ocampo_optimal_2021,2021,ARTICLE,Optimal Sizing of {PV}-Diesel-Battery System Using Different Inverter Types,{IEEE} Access,10.1109/ACCESS.2021.3114763,moo_mes,1,1,0,0,multi-objective; multiobjective,off-grid,,,,,
ogbolumani_multi-objective_2021,2021,ARTICLE,Multi-objective optimisation of constrained food-energy-water-nexus systems for sustainable resource allocation,Sustainable Energy Technol. Assess.,10.1016/j.seta.2020.100967,moo_only,1,0,0,0,multi-objective; multiobjective,,,,,,
oh_new_2024,2024,ARTICLE,A new framework for hierarchical multi-objective energy hub planning considering reliability,Energy,10.1016/j.energy.2024.131889,moo_mes,1,1,0,0,multi-objective; multi objective; multiobjective; pareto,multi-energy; multi energy; sector coupling; sector-coupling; energy hub,,ga,,,
ojeda-camargo_lexicographic_2019,2019,ARTICLE,Lexicographic multi-objective optimisation of hybrid power generation systems for communities in non-interconnected zones,Int. J. Energy Econ. Policy,10.32479/ijeep.7574,moo_only,1,0,0,0,multi-objective,,,,,,
oladeji_simulation-based_2021,2021,ARTICLE,Simulation-based optimization of hybrid renewable energy system for off-grid rural electrification,Internat. J. Rene. Ener. Devel.,10.14710/ijred.2021.31316,moo_mes,1,1,0,0,multi-objective; multiobjective,hybrid renewable energy system; off-grid,,ga,,,
oliveira_matias_sustainable_2020,2020,ARTICLE,Sustainable energy systems: Optimization and efficiency,Appl. Sci.,10.3390/app10124405,moo_mes,1,1,0,0,multi-objective,multi-energy; virtual power plant; microgrid; distributed generation; hydrogen,,ga,,,
oliver_configuring_2015,2015,ARTICLE,Configuring an electrical power network with distributed generation by multi-objective optimization with evolutionary computing,Emerg. Complex. Organ.,,moo_mes,1,1,0,0,multi-objective,distributed generation,,ga,,,
olorunfemi_hybrid_2020,2020,INPROCEEDINGS,Hybrid microgrid systems: Operational schedule optimization considering time of use demand response and battery wear cost,Springer Science and Business Media Deutschland {GmbH},10.1007/978-981-15-5753-8_54,moo_mes,1,1,0,0,multi-objective,microgrid,,ga,,,
olorunfemi_optimal_2020,2020,INPROCEEDINGS,Optimal grid-connected microgrid scheduling incorporating an incentive-based demand response program,Springer Science and Business Media Deutschland {GmbH},10.1007/978-981-15-5753-8_56,moo_mes,1,1,0,0,multi-objective,microgrid,,ga,,,
omar_multi-objective_2020,2020,ARTICLE,Multi-objective environmental economic dispatch of an electricity system considering integrated natural gas units and variable renewable energy sources,Mathematics,10.3390/math8071100,moo_only,1,0,1,0,multi-objective; pareto,,topsis,ga,,,replacing the; instead of
omar_multi-objective_2019,2019,INPROCEEDINGS,Multi-Objective Optimization of a Stand-alone Hybrid {PV}/wind/battery/diesel Micro-grid,Institute of Electrical and Electronics Engineers Inc,10.1109/CPERE45374.2019.8980178,moo_mes,1,1,0,0,multi-objective; multiobjective,micro-grid; stand-alone,,,,,
omidi_optimal_2022,2022,ARTICLE,Optimal Coordination of Directional Overcurrent Relays for Microgrids Using Hybrid Interval Linear Programming-Differential Evolution,J. Oper. Auto. Power Eng.,10.22098/joape.2022.9276.1649,moo_mes,1,1,0,0,multi-objective,microgrid; microgrids,,differential evolution,,,
omirgaliyev_intelectual_2024,2024,INPROCEEDINGS,Intelectual Methods for Analysis of Renewables in the Energy Balance for Low Emission Strategy,Institute of Electrical and Electronics Engineers Inc,10.1109/ICRERA62673.2024.10815226,moo_only,1,0,0,0,multi-objective,,,ga,,machine learning,
on_multi-objective_2024,2024,ARTICLE,Multi-Objective optimization for design of an Agrophotovoltaic system under Non-Dominated sorting Genetic algorithm {II},Comput. Electron. Agric.,10.1016/j.compag.2024.109237,moo_only,1,0,0,0,multi-objective; multiobjective; pareto; non-dominated; nsga,,,genetic algorithm; ga; nsga,,polynomial regression,
onishi_multi-objective_2012,2012,INCOLLECTION,Multi-Objective Optimization of Renewable Energy-Driven Desalination Systems,Computer Aided Chemical Engineering,10.1016/B978-0-444-63965-3.50085-4,moo_only,1,0,0,0,multi-objective; pareto,,,ga,,,
osorio_multi-objective_2022,2022,ARTICLE,"Multi-Objective Optimization of a Microgrid Considering {MBESS} Efficiencies, the Initial State of Charge, and Storage Capacity",Int. Rev. Elec. Eng.,10.15866/iree.v17i3.22053,moo_mes,1,1,0,0,multi-objective; nsga,microgrid; microgrids; distributed energy,,ga; nsga,,,
ouederni_optimization_2024,2024,ARTICLE,Optimization of a Hybrid Renewable Energy System Based on Meta-Heuristic Optimization Algorithms,Intl. J. Adv. Comput. Sci. Appl.,10.14569/IJACSA.2024.0150779,moo_mes,1,1,0,0,multi-objective; multi objective; multiobjective; mopso,hybrid renewable energy system,,ga; particle swarm; pso; mopso,,,
ouyang_research_2019,2019,ARTICLE,Research on multi-time scale optimization strategy of cold-thermal-electric integrated energy system considering feasible interval of system load rate,Energies,10.3390/en12173233,moo_mes,1,1,0,0,multi-objective; multi objective; multiobjective,multi-energy; integrated energy,,ga,,,
ozalay_multi-objective_2016,2016,INPROCEEDINGS,A multi-objective model for the expansion planning of future power generation structures,Institute of Electrical and Electronics Engineers Inc,10.1109/UPEC.2016.8114080,moo_only,1,0,0,0,multi-objective; multi objective; multiobjective,,,genetic algorithm,,,
padamanabhan_renewable_2023,2023,INPROCEEDINGS,Renewable Energy Storage Systems with Grid Connected Solar Using Multi-Objective Optimization Technique,Institute of Electrical and Electronics Engineers Inc,10.1109/INOCON57975.2023.10101240,moo_only,1,0,0,0,multi-objective; multiobjective,,,genetic algorithm; ga; particle swarm; pso,,,
pallante_decision_2020,2020,ARTICLE,Decision support methodologies and day-ahead optimization for smart building energy management in a dynamic pricing scenario,Energy Build.,10.1016/j.enbuild.2020.109963,moo_only,1,0,0,0,multi objective; multiobjective,,,ga,,,
pan_analysis_2023,2023,INPROCEEDINGS,Analysis of demand response potential of industrial consumer based on multi-energy complementation,Association for Computing Machinery,10.1145/3644523.3644649,moo_mes,1,1,0,0,multi-objective; multiobjective,multi-energy,,,,,
pan_multi-objective_2024,2024,ARTICLE,A multi-objective robust optimal dispatch and cost allocation model for microgrids-shared hybrid energy storage system considering flexible ramping capacity,Appl. Energy,10.1016/j.apenergy.2024.123565,moo_mes,1,1,0,0,multi-objective; multi objective; multiobjective,microgrid; microgrids,,ga,,,
panda_impact_2022,2022,ARTICLE,Impact analysis of renewable energy Distributed Generation in deregulated electricity markets: A Context of Transmission Congestion Problem,Energy,10.1016/j.energy.2022.124403,moo_mes,1,1,0,0,multi-objective; multi objective; multiobjective,distributed generation,,particle swarm; pso; grey wolf; gwo,,,
pandey_multi-objective_2024,2024,ARTICLE,Multi-objective price based flexible reserve scheduling of virtual power plant,Renewable Sustainable Energy Rev,10.1016/j.rser.2023.114218,moo_mes,1,1,0,0,multi-objective; multi objective; multiobjective,virtual power plant; chp; electric vehicle; electric vehicles,,,,,
pandey_real-time_2023,2023,ARTICLE,Real-time and day-ahead risk averse multi-objective operational scheduling of virtual power plant using modified Harris Hawk's optimization,Electr Power Syst Res,10.1016/j.epsr.2023.109285,moo_mes,1,1,0,0,multi-objective; multi objective; multiobjective,virtual power plant; combined heat and power; chp; electric vehicle,,,,,
pandey_incorporating_2014,2014,INPROCEEDINGS,Incorporating flexibility in the design of repairable systems - Design of microgrids,American Society of Mechanical Engineers ({ASME}),10.1115/DETC201434294,moo_mes,1,1,0,0,multi-objective; multiobjective,microgrid; microgrids,,,,,
pandya_multi-objective_2022,2022,ARTICLE,Multi-Objective Optimization Framework for Optimal Power Flow Problem of Hybrid Power Systems Considering Security Constraints,{IEEE} Access,10.1109/ACCESS.2022.3209996,moo_only,1,0,0,0,multi-objective; multi objective; multiobjective; pareto,,,ga,,,
pang_optimisation_2021,2021,ARTICLE,Optimisation of Renewable-Based Multi-Energy System with Hydrogen Energy for Urban-Industrial Symbiosis,Chem. Eng. Trans.,10.3303/CET2188033,moo_mes,1,1,0,0,multi-objective; pareto,multi-energy; hydrogen,,ga,,,
pang_multi-period_2023,2023,ARTICLE,"Multi-period multi-objective optimisation model for multi-energy urban-industrial symbiosis with heat, cooling, power and hydrogen demands",Energy,10.1016/j.energy.2022.125201,moo_mes,1,1,0,0,multi-objective; multiobjective; pareto,multi-energy; integrated energy; hydrogen,,ga,,,
pang_multi-objective_2020,2020,INPROCEEDINGS,Multi-objective optimization configuration of electric energy storage capacity of electric propulsion ship,Institute of Electrical and Electronics Engineers Inc,10.1109/ITNEC48623.2020.9084691,moo_mes,1,1,0,0,multi-objective; multi objective; multiobjective,microgrid; microgrids,,,,,
panpan_multi-objective_2013,2013,INPROCEEDINGS,Multi-objective optimization for renewable energy distributed generation based on fuzzy satisfaction,{IEEE} Computer Society,10.1109/PESA.2013.6828223,moo_mes,1,1,0,0,multi-objective; multi objective; multiobjective,distributed generation,,genetic algorithm,,,
panwar_multi-criteria_2017,2017,ARTICLE,A multi-criteria decision analysis-based approach for dispatch of electric microgrids,Int J Electr Power Energy Syst,10.1016/j.ijepes.2016.12.018,moo_mes,1,1,1,0,multi-objective; multiobjective; multi-criteria; pareto; non-dominated,microgrid; micro grid; microgrids,multi-criteria decision,,,,computational cost
papadopoulos_multi-objective_2024,2024,ARTICLE,Multi-Objective Optimization of Insulation Thickness with Respect to On-Site {RES} Generation in Residential Buildings,Energies,10.3390/en17225609,moo_mes,1,1,0,0,multi-objective; pareto,hybrid renewable energy system; hybrid renewable energy systems,,ga,,,
papadopoulos_application_2008,2008,ARTICLE,Application of the multi-criteria analysis method Electre {III} for the optimisation of decentralised energy systems,Omega,10.1016/j.omega.2006.01.004,moo_only,1,0,1,0,multi-criteria,,electre,,,,
papaefthymiou_optimum_2014,2014,ARTICLE,Optimum sizing of wind-pumped-storage hybrid power stations inisland systems,Renew. Energy,10.1016/j.renene.2013.10.047,moo_mes,1,1,0,0,multi-objective; multiobjective,virtual power plant,,genetic algorithm; ga,,,
papakyriakou_bi-level_2024,2024,INPROCEEDINGS,A Bi-Level Multi-Objective Energy Management System for Renewable Energy Self-Consumption,Institute of Electrical and Electronics Engineers Inc,,moo_mes,1,1,0,0,multi-objective; multi objective,energy community; energy communities,,ga,,,approximation
parast_resilience_2021,2021,ARTICLE,Resilience Improvement of Distribution Networks Using a Two-Stage Stochastic Multi-Objective Programming via Microgrids Optimal Performance,{IEEE} Access,10.1109/ACCESS.2021.3098528,moo_mes,1,1,0,0,multi-objective; multiobjective,microgrid; microgrids; distributed generation; electric vehicle; electric vehicles,,ga,,,
parisio_multi-objective_2012,2012,INPROCEEDINGS,Multi-objective optimization for environmental/economic microgrid scheduling,{IEEE} Computer Society,10.1109/CYBER.2012.6392519,moo_mes,1,1,0,0,multi-objective; multi objective; multiobjective,microgrid; microgrids,,ga,,,
parizad_securitystability-based_2020,2020,ARTICLE,Security/stability-based Pareto optimal solution for distribution networks planning implementing {NSGAII}/{FDMT},Energy,10.1016/j.energy.2019.116644,moo_only,1,0,0,0,multi-objective; multiobjective; pareto; non-dominated; nsga,,,genetic algorithm; ga; nsga,,,
parizad_multi-objective_2019,2019,INPROCEEDINGS,Multi-Objective Optimization of {PV}/Wind/{ESS} Hybrid Microgrid System Considering Reliability and Cost Indices,Institute of Electrical and Electronics Engineers Inc,10.1109/NAPS46351.2019.9000396,moo_mes,1,1,0,0,multi-objective; multi objective; multiobjective; mopso,microgrid; micro grid; microgrids; stand-alone; hydrogen,,particle swarm; pso; mopso,,,replace
park_techno-economic_2024,2024,ARTICLE,Techno-economic analysis of solar powered green hydrogen system based on multi-objective optimization of economics and productivity,Energy Convers. Manage.,10.1016/j.enconman.2023.117823,moo_mes,1,1,0,0,multi-objective; multiobjective,hydrogen,,,,,
park_optimizing_2024,2024,ARTICLE,Optimizing green hydrogen systems: Balancing economic viability and reliability in the face of supply-demand volatility,Appl. Energy,10.1016/j.apenergy.2024.123492,moo_mes,1,1,0,0,multi-objective; multiobjective,hydrogen,,ga,,,
park_clustering_2023,2023,ARTICLE,Clustering Combined Multi-Objective Optimal Operation of Transmission Systems Considering Voltage Stability,Energies,10.3390/en16165914,moo_only,1,0,0,0,multi-objective; multi objective; multiobjective; non-dominated,,,genetic algorithm,,,replace
park_multi-objective_2021,2021,ARTICLE,Multi-objective optimization for sizing multi-source renewable energy systems in the community center of a residential apartment complex,Energy Convers. Manage.,10.1016/j.enconman.2021.114446,moo_only,1,0,0,0,multi-objective; multiobjective; pareto,,,ga,,,
park_optimization_2023,2023,ARTICLE,Optimization and simulation analysis of the energy-intensity based renewable energy supply obligation regulation,Sustainable Cities Soc.,10.1016/j.scs.2023.104733,moo_only,1,0,0,0,multi-objective; multiobjective,,,ga,,,
park_development_2017,2017,ARTICLE,Development of a multi-objective sizing method for borehole heat exchangers during the early design phase,Sustainability,10.3390/su9101876,moo_only,1,0,0,0,multi-objective; pareto,,,,,,
parsibenehkohal_multi-stage_2024,2024,ARTICLE,A multi-stage framework for coordinated scheduling of networked microgrids in active distribution systems with hydrogen refueling and charging stations,Int J Hydrogen Energy,10.1016/j.ijhydene.2024.05.364,moo_mes,1,1,0,0,multi-objective; multiobjective,microgrid; microgrids; hydrogen; electric vehicle; electric vehicles,,ga,,,
parvizimosaed_optimal_2013,2013,ARTICLE,Optimal energy management of a micro-grid with renewable energy resources and demand response,J. Renewable Sustainable Energy,10.1063/1.4826880,moo_mes,1,1,0,0,multi-objective; pareto,micro-grid; electric vehicle; electric vehicles,,,,,
pashaei-didani_optimal_2019,2019,ARTICLE,Optimal economic-emission performance of fuel cell/{CHP}/storage based microgrid,Int J Hydrogen Energy,10.1016/j.ijhydene.2019.01.201,moo_mes,1,1,0,0,multi-objective; multiobjective; pareto,microgrid; micro grid; microgrids; combined heat and power; chp; hydrogen,,ga,,,
pathak_dynamic_2014,2014,INPROCEEDINGS,Dynamic economic emission dispatch with loss and heat optimization for a micro-grid smart and Micro Grid,Institute of Electrical and Electronics Engineers Inc,10.1109/34084POWERI.2014.7117691,moo_mes,1,1,0,0,multi-objective; multiobjective; pareto,microgrid; micro-grid; micro grid; distributed energy,,ga; differential evolution,,,
pathak_multi-attribute_2014,2014,INPROCEEDINGS,Multi-attribute Decision Making Using Fuzzy Ranking and Time Varying de for Optimal Dispatch of Micro Grid,Institute of Electrical and Electronics Engineers Inc,10.1109/Eco-friendly.2014.62,moo_mes,1,1,0,0,multi-objective; multiobjective; pareto,microgrid; micro-grid; micro grid; distributed energy,,ga; differential evolution,,,
patibandla_multi-objective_2021,2021,ARTICLE,A multi-objective approach for the optimal design of a standalone hybrid renewable energy system,Int J Energy Res,10.1002/er.6957,moo_mes,1,1,0,0,multi-objective; multiobjective,hybrid renewable energy system; hybrid renewable energy systems; standalone,,ga,,,
patil_modeling_2014,2014,INPROCEEDINGS,Modeling of energy consumption in foundries by integrating renewable energy sources: Kolhapur foundry sector,Springer Verlag,10.1007/978-981-10-4286-7_24,moo_only,1,0,0,0,multi-objective; multiobjective; pareto,,,genetic algorithm; ga,,,
patin_enhancing_2024,2024,ARTICLE,Enhancing Residential Sustainability: Multi-objective optimization of hydrogen-based multi-energy system,Int J Hydrogen Energy,10.1016/j.ijhydene.2023.12.201,moo_mes,1,1,0,0,multi-objective; multiobjective,multi-energy; multi energy; hydrogen,,ga,,,
patwal_crisscross_2018,2018,ARTICLE,Crisscross {PSO} algorithm for multi-objective generation scheduling of pumped storage hydrothermal system incorporating solar units,Energy Convers. Manage.,10.1016/j.enconman.2018.05.067,moo_only,1,0,0,0,multi-objective; multiobjective; nondominated,,,ga; particle swarm; pso,,,
paul_multi-objective_2022,2022,ARTICLE,Multi-objective risk-based optimal power system operation with renewable energy resources and battery energy storage system: A novel Hybrid Modified Grey Wolf Optimization–Sine Cosine Algorithm approach,Trans Inst Meas Control,10.1177/01423312221079962,moo_mes,1,1,0,0,multi-objective; multi objective; multiobjective; pareto,electric vehicle; electric vehicles,,grey wolf,,,
paul_optimizing_2025,2025,ARTICLE,Optimizing sustainable energy management in grid connected microgrids using quantum particle swarm optimization for cost and emission reduction,Sci. Rep.,10.1038/s41598-025-90040-0,moo_mes,1,1,0,0,multi-objective; multiobjective,microgrid; microgrids; distributed generation,,particle swarm; pso,,,
paul_multi-objective_2019,2019,INPROCEEDINGS,A Multi-Objective Genetic Algorithm Approach for Synergetic Source-Storage-Load Dispatch in a Residential Microgrid,Institute of Electrical and Electronics Engineers Inc,10.1109/ISAP48318.2019.9065963,moo_mes,1,1,0,0,multi-objective; multiobjective,microgrid; microgrids,,genetic algorithm,,,
pavankumar_multi-objective_2021,2021,ARTICLE,Multi-objective optimization of photovoltaic/wind/biomass/battery-based grid-integrated hybrid renewable energy system,{IET}. Renew. Power Gener.,10.1049/rpg2.12131,moo_mes,1,1,0,0,multi-objective; multiobjective,hybrid renewable energy system; hybrid renewable energy systems,,,,,
pavankumar_multi_2022,2022,INPROCEEDINGS,A Multi Objective Approach for Optimal Design of Solar/ Wind/ Biomass/ Battery-Based Grid Connected Microgrid System,Institute of Electrical and Electronics Engineers Inc,10.1109/ICICCSP53532.2022.9862483,moo_mes,1,1,0,0,multi-objective; multi objective; multiobjective,microgrid; microgrids,,,,,
pazheri_environmental_2013,2013,INPROCEEDINGS,Environmental and economic power dispatch for hybrid power system with distributed energy storage,,10.1109/ISIEA.2013.6738979,moo_mes,1,1,0,0,multi-objective; multiobjective,distributed energy; distributed generation,,,,,
pazheri_pollution_2012,2012,ARTICLE,Pollution emission reduction with minimum transmission loss in power dispatch including renewable Xenergy and energy storage,Int. Rev. Elec. Eng.,,moo_only,1,0,0,0,multi-objective,,,,,,
pazouki_fuzzy_2021,2021,ARTICLE,A fuzzy robust multi-objective optimization model for building energy retrofit considering utility function: A university building case study,Energy Build.,10.1016/j.enbuild.2021.110933,moo_only,1,0,0,0,multi-objective; multiobjective,,,ga,,,
pelet_multiobjective_2005,2005,ARTICLE,Multiobjective optimisation of integrated energy systems for remote communities considering economics and {CO}2 emissions,Int. J. Therm. Sci.,10.1016/j.ijthermalsci.2005.09.006,moo_mes,1,1,0,0,multi-objective; multiobjective,integrated energy,,ga,,,
pellow_research_2020,2020,ARTICLE,Research gaps in environmental life cycle assessments of lithium ion batteries for grid-scale stationary energy storage systems: End-of-life options and other issues,Sustainable Materials and Technologies,10.1016/j.susmat.2019.e00120,out,0,0,0,0,,,,ga,,,
peng_microgrid_2015,2015,ARTICLE,Microgrid operation multi-objective optimization based on hybrid evolution algorithm with α-constraint dominant sorting,Dianli Zidonghua Shebei Electr. Power Autom. Equip.,10.16081/j.issn.1006-6047.2015.04.004,moo_mes,1,1,0,0,multi-objective; multiobjective; non-dominated,microgrid; micro grid; microgrids,,genetic algorithm; differential evolution,,,
peng_comprehensive_2021,2021,ARTICLE,Comprehensive energy cooperative optimization model based on energy conversion efficiency considering investment benefit,Int J Energy Res,10.1002/er.5993,moo_mes,1,1,0,0,multi-objective,multi-energy; integrated energy; cchp; chp,,particle swarm,,,
peng_micro_2022,2022,ARTICLE,Micro multi-strategy multi-objective artificial bee colony algorithm for microgrid energy optimization,Future Gener Comput Syst,10.1016/j.future.2022.01.011,moo_mes,1,1,0,0,multi-objective; multiobjective; pareto; moea,microgrid,,moea,,,
peng_multi-timescale_2025,2025,ARTICLE,Multi-Timescale Optimal Dispatch of Source-Load-Storage Coordination in Active Distribution Network Based on Deep Reinforcement Learning,Diangong Jishu Xuebao,10.19595/j.cnki.1000-6753.tces.240316,moo_only,1,0,0,0,multi-objective,,,,,deep learning,
peng_developing_2023,2023,ARTICLE,Developing a Robust Expansion Planning Approach for Transmission Networks and Privately-Owned Renewable Sources,{IEEE} Access,10.1109/ACCESS.2022.3226695,moo_only,1,0,0,0,multi-objective; multi objective; multiobjective; non-dominated; nsga,,,genetic algorithm; ga; nsga,,,
peng_multi-objective_2024,2024,ARTICLE,Multi-objective electricity generation expansion planning towards renewable energy policy objectives under uncertainties,Renewable Sustainable Energy Rev,10.1016/j.rser.2024.114406,moo_mes,1,1,0,0,multi-objective; multi objective; pareto,electric vehicle; electric vehicles,,ga,,,
peng_multi-objective_2020,2020,INPROCEEDINGS,Multi-objective Planning of Microgrid Considering Electric Vehicles Charging Load,Institute of Electrical and Electronics Engineers Inc,10.1109/ACPEE48638.2020.9136274,moo_mes,1,1,0,0,multi-objective; multiobjective,microgrid; micro-grid; microgrids; electric vehicle; electric vehicles,,,,,
peng_comparative_2019,2019,INPROCEEDINGS,Comparative Study on Generation Right Trading Models for Supporting Renewable Energy Consumption,Institute of Electrical and Electronics Engineers Inc,10.1109/CIEEC47146.2019.CIEEC-2019633,moo_only,1,0,0,0,multi-objective; multiobjective,,,,,,
pereira_multiobjective_2018,2018,ARTICLE,A Multiobjective Optimization Model for the Design of Hybrid Renewable Energy Systems,{IEEE}. Lat. Am. Trans.,10.1109/TLA.2018.8804258,moo_mes,1,1,0,0,multi-objective; multi objective; multiobjective,hybrid renewable energy system; hybrid renewable energy systems,,,,,
perera_multi_2011,2011,INPROCEEDINGS,"Multi objective optimization of lifecycle cost, unmet load, and renewable energy capacity for an expansion of existing standalone Internal Combustion Generator ({ICG}) systems",,10.1115/ES2011-54287,moo_mes,1,1,0,0,multi objective,stand-alone; standalone,,ga,,,
perera_hybrid_2013,2013,ARTICLE,A hybrid tool to combine multi-objective optimization and multi-criterion decision making in designing standalone hybrid energy systems,Appl. Energy,10.1016/j.apenergy.2013.02.049,moo_mes,1,1,1,0,multi-objective; multiobjective; pareto,standalone,mcdm; topsis,ga,,,
perera_converting_2013,2013,ARTICLE,Converting existing Internal Combustion Generator ({ICG}) systems into {HESs} in standalone applications,Energy Convers. Manage.,10.1016/j.enconman.2013.05.022,moo_mes,1,1,0,0,multi objective; multiobjective; pareto,standalone,,ga,,,
perera_designing_2013,2013,ARTICLE,"Designing standalone hybrid energy systems minimizing initial investment, life cycle cost and pollutant emission",Energy,10.1016/j.energy.2013.03.028,moo_mes,1,1,0,0,multi-objective; multiobjective; pareto,standalone,,ga,,,
perera_techno-economical_2013,2013,INPROCEEDINGS,Techno-economical optimization of a solid waste management system using evolutionary algorithms,{IEEE} Computer Society,10.1109/ICTer.2013.6761161,moo_only,1,0,0,0,multi objective; pareto,,,,,,
perera_integrated_2017,2017,ARTICLE,"An integrated approach to design site specific distributed electrical hubs combining optimization, multi-criterion assessment and decision making",Energy,10.1016/j.energy.2017.06.002,moo_mes,1,1,1,0,multi-objective; multi objective; multiobjective; multicriteria; pareto,distributed energy,mcdm; topsis,ga,,,
perera_electrical_2017,2017,ARTICLE,Electrical hubs: An effective way to integrate non-dispatchable renewable energy sources with minimum impact to the grid,Appl. Energy,10.1016/j.apenergy.2016.12.127,moo_mes,1,1,0,0,multi-objective; multiobjective; pareto,distributed generation,,,,,
perera_multi_2012,2012,INPROCEEDINGS,Multi objective optimization and multi criterion decision making in expanding existing standalone energy systems combining renewable energy sources,,10.2316/P.2012.785-108,moo_mes,1,1,0,0,multi objective; multiobjective; pareto,standalone,,ga,,,
perera_optimum_2014,2014,INPROCEEDINGS,Optimum design of distributed energy hubs using hybrid surrogate models ({HSM}),Elsevier Ltd,10.1016/j.egypro.2017.07.343,moo_mes_surrogate,1,1,0,1,multi-objective; multiobjective,multi-energy; multi energy; energy hub; distributed energy,,ga,surrogate,,reduce computation; surrogate
perera_sensitivity_2012,2012,ARTICLE,Sensitivity of internal combustion generator capacity in standalone hybrid energy systems,Energy,10.1016/j.energy.2011.12.039,moo_mes,1,1,0,0,multi objective; multiobjective,hybrid renewable energy system; hybrid renewable energy systems; standalone,,genetic algorithm; ga,,,
pereraa_sensitivity_2016,2016,INPROCEEDINGS,Sensitivity of the dispatch strategy in designing grid integrated hybrid energy systems,Institute of Electrical and Electronics Engineers Inc,,moo_mes,1,1,0,0,multi-objective; multi objective; multiobjective; pareto,distributed generation,,ga,,,
periasamy_hybrid_2022,2022,ARTICLE,A hybrid {IMFO}-fuzzy algorithm for performance enhancement of microgrid under uncertainty via {DGs} integration and reconfiguration,J. Intelligent Fuzzy Syst.,10.3233/JIFS-221363,moo_mes,1,1,0,0,multi-objective; multiobjective,microgrid; microgrids; distributed generation,,ga,,,replace
phan-tan_decentralized_2021,2021,ARTICLE,Decentralized optimal control for photovoltaic systems using prediction in the distribution systems,Energies,10.3390/en14133973,moo_mes,1,1,0,0,multi-objective; multiobjective,microgrid; microgrids,,,,,
philipo_demand-side-management_2023,2023,INPROCEEDINGS,Demand-Side-Management for Optimal Dispatch of an Isolated Solar Microgrid,Institute of Electrical and Electronics Engineers Inc,10.1109/AFRICON55910.2023.10293343,moo_mes,1,1,0,0,multi-objective; multiobjective,microgrid,,particle swarm,,,
phu_igdt_2024,2024,ARTICLE,"An {IGDT} approach for the multi-objective framework of integrated energy hub with renewable energy sources, hybrid energy storage systems, and biomass-to-hydrogen technology",J. Energy Storage,10.1016/j.est.2024.111488,moo_mes,1,1,0,0,multi-objective; multiobjective,integrated energy; energy hub; hydrogen,,ga,,,
piao_coupled_2024,2024,ARTICLE,Coupled partition and configuration for cohesive and self-sufficient virtual microgrids,Renew. Energy Focus,10.1016/j.ref.2024.100632,moo_mes,1,1,0,0,multi-objective; pareto,microgrid; microgrids; distributed generation,,genetic algorithm,,,
piao_active_2021,2021,INPROCEEDINGS,Active Planning for Power Distribution Networks Based on Virtual Microgrids,Institute of Electrical and Electronics Engineers Inc,10.1109/iSPEC53008.2021.9735910,moo_mes,1,1,0,0,multi-objective; multiobjective,microgrid; microgrids,,genetic algorithm; ga,,,
piao_research_2024,2024,INPROCEEDINGS,Research on the Impact of Wind and Solar Characteristics on the Reliability of Microgrids,Institute of Electrical and Electronics Engineers Inc,10.1109/ICPST61417.2024.10602430,moo_mes,1,1,0,0,multi-objective; multiobjective,microgrid; microgrids,,particle swarm,,,
piazza_economic_2023,2023,ARTICLE,Economic and environmental optimal design of a multi-vector energy hub feeding a Local Energy Community,Appl. Energy,10.1016/j.apenergy.2023.121259,moo_mes,1,1,0,0,multi-objective; multiobjective,energy hub; energy community; electric vehicle; electric vehicles,,,,,
pierobon_design_2014,2014,ARTICLE,Design methodology for flexible energy conversion systems accounting for dynamic performance,Energy,10.1016/j.energy.2014.03.010,moo_mes,1,1,0,0,multi-objective; multiobjective,off-grid,,ga,,,
pillai_mooring_2019,2019,ARTICLE,Mooring system design optimization using a surrogate assisted multi-objective genetic algorithm,Eng Optim,10.1080/0305215X.2018.1519559,moo_only,1,0,0,1,multi-objective; multiobjective,,,genetic algorithm; ga,surrogate; surrogate assisted,random forest,surrogate
pina_multicriteria_2017,2017,INPROCEEDINGS,Multicriteria synthesis of trigeneration systems assisted with renewable energy sources and thermal energy storage,American Society of Mechanical Engineers ({ASME}),10.1115/POWER-ICOPE2017-3103,moo_only,1,0,0,0,multi-objective; multiobjective; multicriteria; pareto,,,,,,
piphitpattanaprapt_energy_2015,2015,INPROCEEDINGS,Energy management system of hybrid power generation with battery energy storage and application to {MHS} smart grid project,Institute of Electrical and Electronics Engineers Inc,10.1109/SICE.2015.7285545,moo_only,1,0,0,0,multi-objective; multiobjective,,,,,,
pivetta_multi-objective_2022,2022,ARTICLE,Multi-Objective Optimization of a Hydrogen Hub for the Decarbonization of a Port Industrial Area,J. Mar. Sci. Eng.,10.3390/jmse10020231,moo_mes,1,1,0,0,multi-objective,hydrogen,,,,,
pliego_marugan_techno-economic_2022,2022,ARTICLE,A techno-economic model for avoiding conflicts of interest between owners of offshore wind farms and maintenance suppliers,Renewable Sustainable Energy Rev,10.1016/j.rser.2022.112753,moo_only,1,0,0,0,multi-objective; multiobjective,,,,,,
polyvianchuk_general-purpose_2023,2023,ARTICLE,The general-purpose approach for estimation of residential heating systems efficiency using the various energy sources,Energy Build.,10.1016/j.enbuild.2023.113390,moo_only,1,0,0,0,multi-objective; multiobjective,,,ga,,,
pon_ragothama_priya_optimal_2023,2023,ARTICLE,Optimal Allocation of Hybrid Renewable Distributed Generation with Battery Energy Storage System Using {MOEA}/D-{DRA} Algorithm,Int. Trans. Elecr. Energy Sys.,10.1155/2023/7316834,moo_mes,1,1,0,0,multi-objective; multiobjective; moea,distributed generation,,ga; particle swarm; pso; moea,,,
ponnam_multi-objective_2020,2020,ARTICLE,Multi-Objective Optimal Allocation of Electric Vehicle Charging Stations and Distributed Generators in Radial Distribution Systems using Metaheuristic Optimization Algorithms,Eng. Technol. Appl. Sci. Res.,10.48084/etasr.3517,moo_mes,1,1,0,0,multi-objective,electric vehicle; electric vehicles,,,,,
ponsich_multi-objective_2022,2022,ARTICLE,A multi-objective optimization approach for the design of stand-alone electrification systems based on renewable energies,Expert Sys Appl,10.1016/j.eswa.2022.116939,moo_mes,1,1,0,0,multi-objective; multiobjective; non-dominated,stand-alone; standalone,,ga,,,
ponsich_pruning_2023,2023,INCOLLECTION,A Pruning Tool for the Multi-objective Optimization of Autonomous Electrification Systems,Lecture Notes on Data Engineering and Communications Technologies,10.1007/978-3-031-27915-7_47,moo_mes,1,1,0,0,multi-objective; multiobjective; non-dominated; nondominated,microgrid,,ga,,,
popescu_improving_2021,2021,ARTICLE,Improving the energy efficiency of an existing building by dynamic numerical simulation,Appl. Sci.,10.3390/app112412150,moo_only,1,0,0,0,multi-objective,,,ga,,,
poshtyafteh_optimal_2024,2024,ARTICLE,Optimal placement of distribution network-connected microgrids on multi-objective energy management with uncertainty using the modified Harris Hawk optimization algorithm,{IET} Gener. Transm. Distrib.,10.1049/gtd2.13116,moo_mes,1,1,0,0,multi-objective; multi objective; multiobjective,microgrid; microgrids; distributed generation,,genetic algorithm; ga,,,
postigo_marcos_improving_2022,2022,ARTICLE,"Improving distribution network resilience through automation, distributed energy resources, and undergrounding",Int J Electr Power Energy Syst,10.1016/j.ijepes.2022.108116,moo_mes,1,1,0,0,multiobjective; multi-criteria,microgrid; micro-grid; distributed energy,,genetic algorithm,,,
prabatha_community-level_2021,2021,ARTICLE,Community-level decentralized energy system planning under uncertainty: A comparison of mathematical models for strategy development,Appl. Energy,10.1016/j.apenergy.2020.116304,moo_mes,1,1,0,0,multi-objective; multiobjective,distributed energy,,,,,
prada_optimal_2014,2014,INPROCEEDINGS,On the optimal mix between lead-acid battery and thermal storage tank for {PV} and heat pump systems in high performance buildings,Elsevier Ltd,10.1016/j.egypro.2017.11.154,moo_only,1,0,0,0,multi-objective; multiobjective,,,genetic algorithm,,,
pradana_robust_2024,2024,ARTICLE,Robust {PID} Control of {EV} Aggregator for C-{FCAS} Using Sequential Multi-Objective Optimization,{IEEE} Access,10.1109/ACCESS.2024.3351708,moo_mes,1,1,0,0,multi-objective; multiobjective,electric vehicle; electric vehicles,,ga,,,
pradhan_parametric_2018,2018,INPROCEEDINGS,Parametric optimization of {CNC} turning on glass-fibre-reinforced plastic ({GFRP}) pipes: A grey-fuzzy logic approach,Institute of Physics Publishing,10.1088/1757-899X/377/1/012180,moo_only,1,0,0,0,multi-objective; multiobjective,,,,,,approximate
prajapati_analysis_2024,2024,ARTICLE,Analysis of a novel high-speed homogenizer technique for methyl ester production using waste cooking oil: Multi-objective optimization and energy analysis,Chem. Eng. Res. Des.,10.1016/j.cherd.2024.01.038,moo_only,1,0,0,0,multi-objective,,,ga,,,
prajapati_real-time_2024,2024,ARTICLE,A real-time energy flow management of a grid-connected renewable energy sources-based {EV} charging station,Int J Ambient Energy,10.1080/01430750.2024.2306209,moo_mes,1,1,0,0,multi-objective; multiobjective,electric vehicle; electric vehicles,,,,,
prajapati_congestion_2021,2021,ARTICLE,Congestion management of integrated transmission and distribution network with {RES} and {ESS} under stressed condition,Int. Trans. Elecr. Energy Sys.,10.1002/2050-7038.12757,moo_only,1,0,0,0,multi-objective; multiobjective,,,,,,
prakash_optimal_2024,2024,ARTICLE,Optimal {DG} Planning Incorporating Energy Management for an Economical and Resilient Smart Distribution System,{IEEE} Trans Ind Appl,10.1109/TIA.2023.3327991,moo_mes,1,1,0,0,multi-objective; multiobjective,distributed generation,,ga,,,
pramanick_modeling_2018,2018,INPROCEEDINGS,Modeling and multi-objective optimization of {WEDM} of spark plasma sintered boron carbide considering preferences of users,Institute of Physics Publishing,10.1088/1757-899X/377/1/012094,moo_only,1,0,0,0,multi-objective; multiobjective,,,genetic algorithm; ga,,,
pramodini_multi_2022,2022,INPROCEEDINGS,Multi Objective Optimization of {PV}/Wind Hybrid Renewable Energy System for A Zero Net Energy Campus,Institute of Electrical and Electronics Engineers Inc,10.1109/INCET54531.2022.9824135,moo_mes,1,1,1,0,multi-objective; multi objective; multiobjective; pareto,hybrid renewable energy system,topsis,spea,,,
pratama_multi-objective_2017,2017,ARTICLE,Multi-objective optimization of a multiregional electricity system in an archipelagic state: The role of renewable energy in energy system sustainability,Renewable Sustainable Energy Rev,10.1016/j.rser.2017.04.021,moo_only,1,0,0,0,multi-objective; multiobjective,,,ga,,,
prebeg_long-term_2016,2016,ARTICLE,Long-term energy planning of Croatian power system using multi-objective optimization with focus on renewable energy and integration of electric vehicles,Appl. Energy,10.1016/j.apenergy.2016.03.086,moo_mes,1,1,0,0,multi-objective; multiobjective; pareto,electric vehicle; electric vehicles,,ga,,,
premadasa_optimal_2021,2021,INPROCEEDINGS,An optimal configuration of diesel generator and battery storage system for off-grid residential applications,Institute of Electrical and Electronics Engineers Inc,10.1109/EPEC52095.2021.9621711,moo_mes,1,1,0,0,multi-objective; multiobjective,off-grid,,,,,
premadasa_multi-objective_2023,2023,ARTICLE,A multi-objective optimization model for sizing an off-grid hybrid energy microgrid with optimal dispatching of a diesel generator,J. Energy Storage,10.1016/j.est.2023.107621,moo_mes,1,1,0,0,multi-objective; multiobjective; pareto,microgrid; off-grid,,genetic algorithm,,,
premkumar_optimal_2024,2024,ARTICLE,Optimal operation and control of hybrid power systems with stochastic renewables and {FACTS} devices: An intelligent multi-objective optimization approach,Alexandria Engineering Journal,10.1016/j.aej.2024.02.069,moo_only,1,0,0,0,multi-objective; multiobjective,,,ga,,,
prina_multi-objective_2018,2018,ARTICLE,Multi-objective optimization algorithm coupled to {EnergyPLAN} software: The {EPLANopt} model,Energy,10.1016/j.energy.2018.02.050,moo_only,1,0,0,0,multi-objective; multiobjective,,,,,,
prina_eplanopt_2020,2020,ARTICLE,{EPLANopt} optimization model based on {EnergyPLAN} applied at regional level: The future competition on excess electricity production from renewables,{IJSEPM},10.5278/ijsepm.3504,moo_only,1,0,0,0,multi-objective; multi objective,,,ga,,,
prince_resilience_2018,2018,INPROCEEDINGS,Resilience in energy management system: A study case,Elsevier B.V,10.1016/j.ifacol.2019.08.242,moo_only,1,0,0,0,multi-objective; multi objective,,,,,,
prinsloo_discrete_2016,2016,ARTICLE,Discrete cogeneration optimization with storage capacity decision support for dynamic hybrid solar combined heat and power systems in isolated rural villages,Energy,10.1016/j.energy.2016.10.026,moo_mes,1,1,0,0,multi-objective; multiobjective,microgrid; microgrids; off-grid; distributed energy; combined heat and power,,,,,
prokop_multi_2018,2018,ARTICLE,Multi objective optimization in charge management of micro grid based multistory carpark,Energies,10.3390/en11071791,moo_mes,1,1,0,0,multi objective; multiobjective,micro grid; electric vehicle; electric vehicles,,,,,
pudaruth_s_nature-inspired_2020,2020,INPROCEEDINGS,Nature-inspired search method for cost optimization of hybrid renewable energy generation at the edge,Institute of Electrical and Electronics Engineers Inc,10.1109/icABCD49160.2020.9183811,moo_mes,1,1,0,0,multi-objective; multiobjective,hybrid renewable energy system,,,,,approximate
pulluri_exploring_2024,2024,ARTICLE,Exploring Evolutionary Algorithms for Optimal Power Flow: A Comprehensive Review and Analysis,Electricity.,10.3390/electricity5040035,moo_only,1,0,0,0,multi-objective,,,,,,computational cost
puppala_optimal_2024,2024,ARTICLE,Optimal Location and Sizing of {PV}-{UPQC}-O in Distribution Feeders with Electric Vehicles Using Gazelle Optimization Algorithm,Int. J. Intelligent Eng. Syst.,10.22266/IJIES2024.0831.11,moo_mes,1,1,0,0,multi-objective,electric vehicle; electric vehicles,,ga,,,
purwanto_multi-objective_2015,2015,ARTICLE,"Multi-objective optimization model for sustainable Indonesian electricity system: Analysis of economic, environment, and adequacy of energy sources",Renew. Energy,10.1016/j.renene.2015.03.046,moo_only,1,0,0,0,multi-objective; multiobjective; multicriteria,,,ga,,,
putra_development_2020,2020,INPROCEEDINGS,"Development of Multi-objective Models Based on Economy, Environment, Health, and Labor for Sustainable Electricity",Association for Computing Machinery,10.1145/3400934.3400973,moo_only,1,0,0,0,multi-objective; multiobjective,,,ga,,,
qi_multi-objective_2023,2023,INPROCEEDINGS,Multi-objective Optimal Operation Strategy of Virtual Power Plant Considering Renewable Energy Consumption Rate,Institute of Electrical and Electronics Engineers Inc,10.1109/SGES59720.2023.10367008,moo_mes,1,1,0,0,multi-objective; multi objective; multiobjective,virtual power plant,,,,,
qi_mosaic_2023,2023,INPROCEEDINGS,{MOSAIC}: A Multi-Objective Optimization Framework for Sustainable Datacenter Management,Institute of Electrical and Electronics Engineers Inc,10.1109/HiPC58850.2023.00046,moo_only,1,0,0,0,multi-objective; multi objective; multiobjective; pareto; hypervolume,,,,,,speedup
qi_geothermal_2023,2023,ARTICLE,Geothermal and solar energy utilization for the development of a sustainable power and cooling production,Process Saf. Environ. Prot.,10.1016/j.psep.2023.02.002,moo_only,1,0,0,0,multi-objective; multiobjective,,,ga,,,
qi_multi-objective_2019,2019,ARTICLE,Multi-Objective Optimal Dispatch of District Integrated Energy System Considering Resilience,Zhongguo Dianli,10.11930/j.issn.1004-9649.201903117,moo_mes,1,1,0,0,multi-objective,multi-energy; integrated energy; electricity-gas,,ga,,,
qi_improvement_2017,2017,INPROCEEDINGS,An improvement of the optimal capacity and economic analysis of micro-grid on island,Institute of Electrical and Electronics Engineers Inc,,moo_mes,1,1,0,0,multi-objective; multiobjective; pareto,micro-grid; micro grid,,ga; particle swarm; pso,,,
qian_economic_2024,2024,ARTICLE,Economic viability and investment returns of innovative geothermal tri-generation systems: A comparative study,Renew. Energy,10.1016/j.renene.2024.120396,moo_only,1,0,0,0,multiobjective; multi-criteria,,,,,machine learning,
qiao_multi-objective_2020,2020,ARTICLE,Multi-objective dynamic economic emission dispatch based on electric vehicles and wind power integrated system using differential evolution algorithm,Renew. Energy,10.1016/j.renene.2020.03.012,moo_mes,1,1,0,0,multi-objective; multiobjective,electric vehicle; electric vehicles,,differential evolution,,,
qiao_voltagevar_2020,2020,ARTICLE,Voltage/Var Control for Hybrid Distribution Networks Using Decomposition-Based Multiobjective Evolutionary Algorithm,{IEEE} Access,10.1109/ACCESS.2020.2965965,moo_mes,1,1,0,0,multi-objective; multi objective; multiobjective,microgrid; microgrids,,,,,
qiao_optimization_2025,2025,ARTICLE,Optimization schedule strategy of active distribution network based on microgrid group and shared energy storage,Appl. Energy,10.1016/j.apenergy.2024.124681,moo_mes,1,1,0,0,multi-objective; multiobjective,microgrid; microgrids,,ga; particle swarm; pso,,,
qiao_metaheuristic_2024,2024,ARTICLE,A metaheuristic Multi-Objective optimization of energy and environmental performances of a Waste-to-Energy system based on waste gasification using particle swarm optimization,Energy Convers. Manage.,10.1016/j.enconman.2024.118844,moo_only,1,0,1,0,multi-objective; multiobjective; multi-criteria; pareto,,multi-criteria decision,ga; particle swarm; pso,,machine learning,
qin_low-carbon_2023,2023,ARTICLE,Low-Carbon Economic Multi-Objective Dispatch of an Integrated Energy System Based on {GAPSO},Elektron. Elektrotech.,10.5755/j02.eie.33944,moo_mes,1,1,0,0,multi-objective; pareto,multi-energy; integrated energy,,genetic algorithm; ga; particle swarm; pso,,,
qin_low-carbon_2023-1,2023,ARTICLE,Low-carbon economic multi-objective dispatch of integrated energy system considering the price fluctuation of natural gas and carbon emission accounting,Prot. Cont. Mod. Power Sys.,10.1186/s41601-023-00331-9,moo_mes,1,1,0,0,multi-objective; multiobjective; pareto,integrated energy,,ga; particle swarm; pso; grey wolf; gwo,,,
qu_economic_2016,2016,ARTICLE,Economic emission dispatch problems with stochastic wind power using summation based multi-objective evolutionary algorithm,Inf Sci,10.1016/j.ins.2016.01.081,moo_only,1,0,0,0,multi-objective; multi objective; multiobjective; nsga,,,ga; nsga; differential evolution,,,
quang_an_facilitating_2020,2020,ARTICLE,Facilitating high levels of wind penetration in a smart grid through the optimal utilization of battery storage in microgrids: An analysis of the trade-offs between economic performance and wind generation facilitation,Energy Convers. Manage.,10.1016/j.enconman.2019.112354,moo_mes,1,1,0,0,multi-objective; multiobjective,microgrid; micro grid; microgrids,,ga,,,approximate
quitoras_towards_2021,2021,ARTICLE,Towards robust investment decisions and policies in integrated energy systems planning: Evaluating trade-offs and risk hedging strategies for remote communities,Energy Convers. Manage.,10.1016/j.enconman.2020.113748,moo_mes,1,1,0,0,multi-objective; multiobjective,integrated energy,,,,,
rabaza_multi-objective_2014,2014,ARTICLE,Multi-objective optimization applied to photovoltaic street lighting systems,Renewable Energy and Power Qual. J.,10.24084/repqj12.419,moo_mes,1,1,0,0,multi-objective; pareto,stand-alone,,,,,
rabiee_maximizing_2017,2017,ARTICLE,Maximizing hosting capacity of renewable energy sources in distribution networks: A multi-objective and scenario-based approach,Energy,10.1016/j.energy.2016.11.095,moo_only,1,0,0,0,multi-objective; multiobjective,,,ga,,,
raeispour_robust_2021,2021,ARTICLE,Robust Sliding Mode and Mixed H-2 H∞ Output Feedback Primary Control of {AC} Microgrids,{IEEE} Syst. J.,10.1109/JSYST.2020.2999553,moo_mes,1,1,0,0,multi-objective; multiobjective,microgrid; microgrids; distributed generation,,,,,
rafiee_sandgani_energy_2018,2018,ARTICLE,Energy Management in a Network of Grid-Connected Microgrids/Nanogrids Using Compromise Programming,{IEEE} Trans. Smart Grid,10.1109/TSG.2016.2608281,moo_mes,1,1,0,0,multi-objective; multiobjective,microgrid; micro grid; microgrids,,,,,
rahimi_inertia_2021,2021,ARTICLE,Inertia Response Coordination Strategy of Wind Generators and Hybrid Energy Storage and Operation Cost-Based Multi-Objective Optimizing of Frequency Control Parameters,{IEEE} Access,10.1109/ACCESS.2021.3081676,moo_mes,1,1,0,0,multi-objective; multiobjective,microgrid; microgrids,,,,,
rahimi-esbo_performance_2024,2024,ARTICLE,Performance investigation of a standalone renewable energy system using response surface methodology ({RSM}): 4E analysis and multi-objective optimization,Energy Convers. Manage.,10.1016/j.enconman.2023.117752,moo_mes_surrogate,1,1,0,1,multi-objective; multiobjective,hybrid renewable energy system; hybrid renewable energy systems; off-grid; standalone; hydrogen,,ga,response surface; response surface methodology,,
rahmani_probabilistic_2023,2023,ARTICLE,Probabilistic reliability management of energy storage systems in connected/islanding microgrids with renewable energy,Electr Power Syst Res,10.1016/j.epsr.2022.108891,moo_mes,1,1,0,0,multi-objective; multiobjective; non-dominated,microgrid; microgrids,,ga,,learning-based,
raja_event-driven_2022,2022,INPROCEEDINGS,Event-Driven Real-Time Multi-Objective Charging Schedule Optimization For Electric Vehicle Fleets,Institute of Electrical and Electronics Engineers Inc,10.1109/ITSC55140.2022.9922489,moo_mes,1,1,0,0,multi-objective; multi objective; multiobjective,electric vehicle; electric vehicles,,ga,,,replace
rajagopalan_multi-objective_2022,2022,ARTICLE,Multi-Objective Optimal Scheduling of a Microgrid Using Oppositional Gradient-Based Grey Wolf Optimizer,Energies,10.3390/en15239024,moo_mes,1,1,0,0,multi-objective; multiobjective,microgrid; microgrids,,ga; grey wolf; gwo,,,
rajak_multiobjective_2025,2025,ARTICLE,Multiobjective adaptive predictive virtual synchronous generator control strategy for grid stability and renewable integration,Sci. Rep.,10.1038/s41598-025-93721-y,moo_only,1,0,0,0,multi-objective; multiobjective,,,,,,
rajakaruna_s_novel_2021,2021,INPROCEEDINGS,A Novel Forward-Backward Zero Bus Power Flow Method for the Placement of Renewable {DGs} in Distribution Network,Institute of Electrical and Electronics Engineers Inc,10.1109/AUPEC52110.2021.9597713,moo_mes,1,1,0,0,multi-objective; multiobjective,distributed generation,,particle swarm; pso,,,
rajasekeran_multi-objective_2021,2021,INPROCEEDINGS,A multi-objective approach for distributed combined heat and power in energy markets,Institute of Electrical and Electronics Engineers Inc,10.1109/ISGT49243.2021.9372261,moo_mes,1,1,0,0,multi-objective; multi objective; multiobjective,distributed energy; combined heat and power; chp,,,,,
ramayee_multi-objective_2022,2022,ARTICLE,Multi-Objective Optimization of Lobed Enclosure for Wind Turbine Applications Using Gray Relation Analysis,J Energy Resour Technol Trans {ASME},10.1115/1.4054431,moo_only,1,0,0,0,multi-objective; multi objective; multiobjective,,,,,,
ramesh_multi-period_2023,2023,ARTICLE,Multi-period optimal scheduling framework in an islanded smart distribution network considering load priorities,Electr Eng,10.1007/s00202-022-01711-4,moo_mes,1,1,1,0,multi-objective; non-dominated; nsga,microgrid; distributed energy,ahp,genetic algorithm; ga; nsga,,,
ramirez-ruiz_bi-objective_2023,2023,ARTICLE,Bi-objective optimal design of desalination plants considering the uncertainty of renewable energy sources,Energy Rep.,10.1016/j.egyr.2023.09.013,moo_only,1,0,0,0,multi-objective; multiobjective,,,ga,,,
ramli_optimal_2018,2018,ARTICLE,Optimal sizing of {PV}/wind/diesel hybrid microgrid system using multi-objective self-adaptive differential evolution algorithm,Renew. Energy,10.1016/j.renene.2018.01.058,moo_mes,1,1,0,0,multi-objective; multi objective; multiobjective,microgrid,,differential evolution,,,
ramos_multi-objective_2025,2025,ARTICLE,Multi-objective model for residential energy management in context of individual self-consumption,Math Comput Simul,10.1016/j.matcom.2024.11.017,moo_mes,1,1,0,0,multi-objective; multiobjective,energy community; energy communities,,genetic algorithm; ga,,,
ramos_optimal_2023,2023,INPROCEEDINGS,Optimal configuration of the hybrid electric system in Porto Santo Island,{CRC} Press/Balkema,10.1201/9781003360773-87,moo_mes,1,1,0,0,multi-objective; multiobjective; pareto,microgrid; micro-grid,,genetic algorithm,,,
ramsami_multi-objective_2020,2020,INPROCEEDINGS,Multi-Objective Optimisation of Photovoltaic Systems and Unified Power Quality Conditioners with Simultaneous Distribution Network Reconfiguration,Institute of Electrical and Electronics Engineers Inc,10.1109/ELECOM49001.2020.9297033,moo_mes,1,1,0,0,multi-objective; multi objective; multiobjective; pareto; non-dominated; nsga; moea,distributed generation,,genetic algorithm; ga; nsga; moea; spea,,,
ran_optimal_2022,2022,ARTICLE,Optimal scheduling of isolated microgrid considering flexible power supply and demand,Taiyangneng Xuebao,10.19912/j.0254-0096.tynxb.2020-0938,moo_mes,1,1,0,0,multi-objective; multiobjective; pareto,microgrid; microgrids,,particle swarm; pso,,,
ranjbarzadeh_probabilistic_2022,2022,ARTICLE,A Probabilistic Model for Minimization of Solar Energy Operation Costs as Well as {CO}2 Emissions in a Multi-Carrier Microgrid ({MCMG}),Energies,10.3390/en15093088,moo_mes,1,1,0,0,multi-objective; multiobjective,energy hub; microgrid; combined heat and power; chp,,ga,,,
ranjith_kumar_multi-objective_2019,2019,ARTICLE,Multi-objective optimization of hybrid power system using magnetotactic bacteria moment migration optimization algorithm,Int. J. Recent Technol. Eng.,10.35940/ijrte.C5746.098319,moo_only,1,0,0,0,multi-objective,,,particle swarm,,,
ranjith_kumar_optimal_2019,2019,ARTICLE,Optimal sizing of grid connected hybrid {PV}/wind/battery power system using satin bowerbird optimization,Int. J. Innov. Technol. Explor. Eng.,,moo_only,1,0,0,0,multi-objective,,,ga,,,
rasheed_cost_2021,2021,INPROCEEDINGS,Cost Effective Operational Planning of a Retail Market with Distributed Generations,Institute of Electrical and Electronics Engineers Inc,10.1109/ICPS52420.2021.9670302,moo_mes,1,1,0,0,multi-objective; multiobjective,distributed generation,,ga,,,
rashid_multi-objective_2024,2024,ARTICLE,A Multi-Objective Harmony Search Algorithm for Optimal Allocation and Sizing of Multi-Renewable Energy-Based {DG} and {DSTATCOM} in Radial Distribution Systems,Int. Rev. Elec. Eng.,10.15866/iree.v19i4.24848,moo_mes,1,1,0,0,multi-objective,distributed generation,,ga,,,
rasool_comparative_2023,2023,ARTICLE,Comparative assessment of multi-objective optimization of hybrid energy storage system considering grid balancing,Renew. Energy,10.1016/j.renene.2023.119107,moo_mes,1,1,0,0,multi-objective; multiobjective,hybrid renewable energy system,,,,,accelerate
ratanakuakangwan_multi-aspect_2022,2022,ARTICLE,Multi-aspect efficiency measurement of multi-objective energy planning model dealing with uncertainties,Appl. Energy,10.1016/j.apenergy.2022.118883,moo_only,1,0,0,0,multi-objective; multiobjective,,,,,,
rathish_multi-objective_2014,2014,INPROCEEDINGS,Multi-Objective optimization of stand-alone renewable energy hybrid system,Springer Verlag,10.1007/978-981-10-4852-4_1,moo_mes,1,1,0,0,multi-objective; multiobjective; pareto,stand-alone; standalone,,ga,,,
rathish_optimization_2020,2020,ARTICLE,Optimization of stand-alone renewable energy facilities inside an academic premises,Int. Energy J.,,moo_mes,1,1,0,0,multi-objective; multiobjective,stand-alone,,genetic algorithm; ga,,,
rathish_multi-objective_2021,2021,ARTICLE,Multi-objective evolutionary optimization with genetic algorithm for the design of off-grid {PV}-wind-battery-diesel system,Soft Comput.,10.1007/s00500-020-05372-y,moo_mes,1,1,0,0,multi-objective; multiobjective,hybrid renewable energy system; hybrid renewable energy systems; off-grid,,genetic algorithm,,,
ratiko_multi-objective_2017,2017,INPROCEEDINGS,Multi-objective optimization of ventilation and air conditioning system at Interim Storage for Spent Nuclear Fuel,Institute of Electrical and Electronics Engineers Inc,10.1109/PGSRET.2017.8251804,moo_only,1,0,0,0,multi-objective; multiobjective; pareto,,,genetic algorithm; ga,,,
ray_multi-criteria_2023,2023,INCOLLECTION,Multi-criteria Optimization for System Integration of Decentralized Off-Grid Hybrid Renewable Polygeneration,Handbook of Smart Energy Systems: Volume 1-4,10.1007/978-3-030-97940-9_76,moo_mes,1,1,0,0,multi-criteria,off-grid; standalone,,ga,,,
ray_multi-objective_2024,2024,INPROCEEDINGS,Multi-Objective Energy Optimization in Smart Distribution Network Considering Renewable Energy and Battery Storage System,Institute of Electrical and Electronics Engineers Inc,10.1109/ODICON62106.2024.10797517,moo_only,1,0,0,0,multi-objective; multi objective; multiobjective,,,,,,
rayegan_dynamic_2020,2020,ARTICLE,Dynamic simulation and multi-objective optimization of a solar-assisted desiccant cooling system integrated with ground source renewable energy,Appl Therm Eng,10.1016/j.applthermaleng.2020.115210,moo_only,1,0,0,0,multi-objective; multiobjective,,,genetic algorithm,,,
reddy_optimal_2024,2024,ARTICLE,Optimal Operation of Standalone {DC} Microgrids Considering Renewable and Load Uncertainties,{IETE} J Res,10.1080/03772063.2022.2114951,moo_mes,1,1,0,0,multi-objective; multiobjective,microgrid; microgrids; standalone,,,,,
rehman_computational_2019,2019,ARTICLE,Computational comparison of a novel decentralized photovoltaic district heating system against three optimized solar district systems,Energy Convers. Manage.,10.1016/j.enconman.2019.04.017,moo_mes,1,1,0,0,multi-objective; multiobjective,district heating,,genetic algorithm; ga,,,instead of
rehman_performance_2018,2018,ARTICLE,Performance comparison between optimized design of a centralized and semi-decentralized community size solar district heating system,Appl. Energy,10.1016/j.apenergy.2018.08.064,moo_mes,1,1,0,0,multi-objective; multiobjective,district heating,,genetic algorithm,,,
rehman_model_2024,2024,INPROCEEDINGS,Model Predictive Control for Energy Management of Microgrids Considering Battery Degradation,Institute of Electrical and Electronics Engineers Inc,10.1109/CONTROL60310.2024.10531978,moo_mes,1,1,0,0,multi-objective; multiobjective,microgrid; microgrids,,,,,
rehman_synergistic_2025,2025,ARTICLE,Synergistic sizing and energy management strategy of combined offshore wind with solar floating {PV} system for green hydrogen and electricity co-production using multi-objective dung beetle optimization,Result. Eng.,10.1016/j.rineng.2025.104399,moo_mes,1,1,0,0,multi-objective,off-grid; standalone; hydrogen,,grey wolf; gwo,,,
reina_multi-objective_2023,2023,ARTICLE,Multi-objective optimization of multi-energy systems planning in remote zones: the Bahía Málaga Colombian case,{DYNA},10.15446/dyna.v90n227.107793,moo_mes,1,1,0,0,multi-objective; mopso,multi-energy; microgrid,,ga; pso; mopso,,,
reiz_protection_2024,2024,ARTICLE,Protection system planning in distribution networks with microgrids using a bi-level multi-objective and multi-criteria optimization technique,Electr Power Syst Res,10.1016/j.epsr.2023.109966,moo_mes,1,1,0,0,multi-objective; multiobjective; multi-criteria; non-dominated,microgrid; microgrids; distributed energy; distributed generation,,genetic algorithm,,,
reiz_multiobjective_2022,2022,ARTICLE,A Multiobjective Approach for the Optimal Placement of Protection and Control Devices in Distribution Networks with Microgrids,{IEEE} Access,10.1109/ACCESS.2022.3166918,moo_mes,1,1,0,0,multi-objective; multiobjective; pareto; non-dominated,microgrid; microgrids; distributed generation,,genetic algorithm,,,
reiz_optimal_2022,2022,INPROCEEDINGS,Optimal Allocation of Protection and Control Devices in Distribution Networks with Microgrids,Institute of Electrical and Electronics Engineers Inc,10.1109/MELECON53508.2022.9843003,moo_mes,1,1,0,0,multi-objective; multiobjective; pareto,microgrid; microgrids; distributed generation,,genetic algorithm,,,
rekik_optimizing_2024,2024,ARTICLE,Optimizing green hydrogen strategies in Tunisia: A combined {SWOT}-{MCDM} approach,Sci. African,10.1016/j.sciaf.2024.e02438,moo_mes,1,1,1,0,multi-objective; multi-criteria,hydrogen,mcdm; multi-criteria decision; topsis,ga,,,
ren_multi-objective_2021,2021,ARTICLE,Multi-objective optimization and evaluation of hybrid {CCHP} systems for different building types,Energy,10.1016/j.energy.2020.119096,moo_mes,1,1,1,0,multi-objective; multiobjective; multi-criteria; pareto; nsga,cchp; combined cooling heating and power; chp,multi-criteria decision; topsis,ga; nsga,,,
ren_optimization_2021,2021,ARTICLE,"Optimization of Combined Cooling, Heating, and Power System Coupled With Solar and Geothermal Energies",Kung Cheng Je Wu Li Hsueh Pao,,moo_mes,1,1,0,0,multi-objective,"cchp; combined cooling, heating, and power; combined cooling heating and power; chp",,genetic algorithm; ga,,,
ren_multitime_2019,2019,ARTICLE,Multitime scale coordinated scheduling for electric vehicles considering photovoltaic/wind/battery generation in microgrid,Int. Trans. Elecr. Energy Sys.,10.1002/2050-7038.2821,moo_mes,1,1,0,0,multi-objective; multiobjective,microgrid; micro grid; electric vehicle; electric vehicles,,particle swarm; pso,,,
ren_research_2021,2021,INPROCEEDINGS,Research on Demand Response Strategy of Integrated Energy System Based on Hybrid Particle Swarm Optimization with Roulette Wheel Operator,Institute of Electrical and Electronics Engineers Inc,10.1109/CCDC52312.2021.9602206,moo_mes,1,1,0,0,multi-objective; multiobjective,integrated energy,,ga; particle swarm; pso,,,
ren_multi-objective_2019,2019,ARTICLE,Multi-objective optimal analysis on the distributed energy system with solar driven metal oxide redox cycle based fuel production,J. Clean. Prod.,10.1016/j.jclepro.2019.06.028,moo_mes,1,1,0,0,multi-objective; multiobjective; pareto; non-dominated; nsga,distributed energy; cchp; chp,,genetic algorithm; ga; nsga,,,
ren_economic_2015,2015,INPROCEEDINGS,Economic and Environmental Dispatch for Power System with Net Load Fluctuation Objective Considering,{IEEE} Computer Society,10.23919/CCC58697.2023.10239743,moo_only,1,0,0,0,multi-objective; multiobjective; pareto; nsga,,,ga; nsga,,,
ren_life-cycle-based_2024,2024,ARTICLE,Life-cycle-based multi-objective optimal design and analysis of distributed multi-energy systems for data centers,Energy,10.1016/j.energy.2023.129679,moo_mes,1,1,0,0,multi-objective; multi objective; multiobjective,multi-energy,,ga,,,
ren_multi-objective_2024,2024,INPROCEEDINGS,{MULTI}-{OBJECTIVE} {OPTIMIZATION} {DESIGN} {FOR} {NUCLEAR}-{COUPLED} {DISTRIBUTED} {MULTI}-{ENERGY} {SYSTEM} {IN} {ALPINE} {REGION},American Society of Mechanical Engineers ({ASME}),10.1115/ICONE31-135307,moo_mes,1,1,0,0,multi-objective; multi objective; multiobjective,multi-energy; distributed energy,,,,,
ren_multi-objective_2023,2023,ARTICLE,Multi-Objective Optimization for {DC} Microgrid Using Combination of {NSGA}-{II} Algorithm and Linear Search Method,{IEEE} J. Emerg. Sel. Top. Circuits Syst.,10.1109/JETCAS.2023.3284061,moo_mes,1,1,0,0,multi-objective; multiobjective; non-dominated; nsga,microgrid; microgrids,,genetic algorithm; ga; nsga,,,accelerate
rey_design_2018,2018,INCOLLECTION,Design and optimal sizing of microgrids,Microgrids Design and Implementation,10.1007/978-3-319-98687-6_13,moo_mes,1,1,0,0,multi-objective,microgrid; microgrids,,genetic algorithm,,,
rezaei_multi-objective_2024,2024,ARTICLE,Multi-objective optimization of Hybrid Energy Systems based on Life Cycle Exergy and Economic criteria,Energy and Built Environment,10.1016/j.enbenv.2024.03.009,moo_mes,1,1,0,0,multi-objective,stand-alone; standalone; hydrogen,,genetic algorithm; ga,,,
rezaei_multiobjective_2019,2019,ARTICLE,Multiobjective Risk-Constrained Optimal Bidding Strategy of Smart Microgrids: An {IGDT}-Based Normal Boundary Intersection Approach,{IEEE} Trans. Ind. Inf.,10.1109/TII.2018.2850533,moo_mes,1,1,0,0,multi-objective; multiobjective; pareto,microgrid; micro grid; microgrids,,ga,,,
rezaei_hierarchical_2015,2015,ARTICLE,Hierarchical energy and frequency security pricing in a smart microgrid: An equilibrium-inspired epsilon constraint based multi-objective decision making approach,Energy Convers. Manage.,10.1016/j.enconman.2015.04.004,moo_mes,1,1,0,0,multi-objective; multi objective; multiobjective; pareto,microgrid; micro grid; microgrids,,ga,,,
rezaeian-marjani_probabilistic_2022,2022,ARTICLE,Probabilistic multi-objective optimization method for interline power flow controller ({IPFC}) allocation in power systems,{IET} Gener. Transm. Distrib.,10.1049/gtd2.12645,moo_only,1,0,1,0,multi-objective; multiobjective; mopso,,topsis,ga; particle swarm; pso; mopso,,,
rezvani_environmentaleconomic_2015,2015,ARTICLE,Environmental/economic scheduling of a micro-grid with renewable energy resources,J. Clean. Prod.,10.1016/j.jclepro.2014.09.088,moo_mes,1,1,0,0,multi-objective; multiobjective; pareto,micro-grid,,ga,,,
riaz_economically_2020,2020,INPROCEEDINGS,"Economically efficient, environment friendly \& power stack shed reduction energy management system by utilizing renewable energy resources for remote hilly areas of Pakistan",Elsevier Ltd,10.1016/j.matpr.2020.05.079,moo_only,1,0,0,0,multi-objective; multiobjective,,,,,,
ridha_sizing_2020,2020,ARTICLE,Sizing and implementing off-grid stand-alone photovoltaic/battery systems based on multi-objective optimization and techno-economic ({MADE}) analysis,Energy,10.1016/j.energy.2020.118163,moo_mes,1,1,0,0,multi-objective; multiobjective,off-grid; stand-alone,,genetic algorithm; ga; differential evolution,,,
ridha_multi-objective_2024,2024,ARTICLE,Multi-objective and multi-criteria decision making for Technoeconomic optimum design of hybrid standalone renewable energy system,Renew. Energy,10.1016/j.renene.2024.120041,moo_mes,1,1,1,0,multi-objective; multi-criteria; pareto; non-dominated,standalone; electric vehicle,mcdm; multi-criteria decision,ga,,,
ridha_innovative_2023,2023,ARTICLE,Innovative hybridization of the two-archive and {PROMETHEE}-{II} triple-objective and multi-criterion decision making for optimum configuration of the hybrid renewable energy system,Appl. Energy,10.1016/j.apenergy.2023.121117,moo_mes,1,1,1,0,multi-objective; multiobjective; multicriteria; pareto,hybrid renewable energy system; off-grid; standalone,promethee,ga,,,
ridha_optimum_2020,2020,ARTICLE,Optimum Design of a Standalone Solar Photovoltaic System Based on Novel Integration of Iterative-{PESA}-{II} and {AHP}-{VIKOR} Methods,Processes,10.3390/pr8030367,moo_mes,1,1,1,0,pareto,stand-alone; standalone,topsis; vikor; ahp,,,,
rigo_renewable_2020,2020,ARTICLE,Renewable Energy Problems: Exploring the Methods to Support the Decision-Making Process,Sustainability,10.3390/su122310195,moo_only,1,0,1,0,multi-criteria,,mcdm; multi-criteria decision,,,,
riou_multi-objective_2021,2021,ARTICLE,Multi-objective optimization of autonomous microgrids with reliability consideration,Energies,10.3390/en14154466,moo_mes,1,1,0,0,multi-objective; multiobjective; non-dominated; nsga,microgrid; microgrids; off-grid,,genetic algorithm; ga; nsga,,,
risco-bravo_modeling_2024,2024,ARTICLE,Modeling and multiobjective optimization of a solar-powered reverse osmosis desalination system with hydrogen energy storage,Energy Convers. Manage.,10.1016/j.enconman.2024.119148,moo_mes,1,1,0,0,multi-objective; multiobjective,hybrid renewable energy system; hydrogen,,,,,
roberto_multi-objective_2019,2019,ARTICLE,A multi-objective optimization analysis to assess the potential economic and environmental benefits of distributed storage in district heating networks: A case study,{IJSEPM},10.5278/ijsepm.2019.20.2,moo_mes,1,1,0,0,multi-objective; multiobjective,sector coupling; distributed energy; distributed generation; district heating,,ga,,,
roberts_robust_2018,2018,ARTICLE,Robust multi-objective optimization of a renewable based hybrid power system,Appl. Energy,10.1016/j.apenergy.2018.04.032,moo_only,1,0,0,0,multi-objective; multiobjective,,,genetic algorithm,,,
rocha_multiobjective_2022,2022,ARTICLE,Multiobjective optimization of hybrid wind-photovoltaic plants with battery energy storage system: Current situation and possible regulatory changes,J. Energy Storage,10.1016/j.est.2022.104467,moo_only,1,0,0,0,multi-objective; multiobjective,,,,,,
rochd_design_2021,2021,ARTICLE,Design and implementation of an {AI}-based \& {IoT}-enabled Home Energy Management System: A case study in Benguerir — Morocco,Energy Rep.,10.1016/j.egyr.2021.07.084,moo_only,1,0,0,0,multi-objective; multiobjective,,,,,,
rochd_swarm_2025,2025,ARTICLE,"Swarm Intelligence-driven Multi-objective Optimization for Microgrid Energy Management and Trading considering {DERs} and {EVs} integration: Case Studies from Green Energy Park, Morocco",Result. Eng.,10.1016/j.rineng.2025.104400,moo_mes,1,1,0,0,multi-objective; multiobjective,microgrid; microgrids; distributed energy; electric vehicle; electric vehicles,,ga; particle swarm; pso,,,
rodriguez-gallegos_multi-objective_2018,2018,ARTICLE,A multi-objective and robust optimization approach for sizing and placement of {PV} and batteries in off-grid systems fully operated by diesel generators: An Indonesian case study,Energy,10.1016/j.energy.2018.06.185,moo_mes,1,1,0,0,multi-objective; multiobjective; pareto; non-dominated,off-grid,,genetic algorithm; ga,,,
rodriguez-gutierrez_multi-objective_2022,2022,ARTICLE,A multi-objective assessment for the water-energy-food nexus for rural distributed energy systems,Sustainable Energy Technol. Assess.,10.1016/j.seta.2022.101956,moo_mes,1,1,0,0,multi-objective; multi objective; multiobjective,off-grid; distributed energy,,,,,
rohrig_analysing_2020,2020,INPROCEEDINGS,{ANALYSING} {THE} {INTERACTION} {OF} {EXPANSION} {DECISIONS} {BY} {END} {CUSTOMERS} {AND} {GRID} {DEVELOPMENT} {IN} {THE} {CONTEXT} {OF} A {MUNICIPAL} {ENERGY} {SYSTEM},Institution of Engineering and Technology,10.1049/icp.2024.1919,moo_mes,1,1,0,0,multi-criteria,multi-energy,,ga,,,
roldan-blay_optimal_2023,2023,ARTICLE,Optimal sizing and design of renewable power plants in rural microgrids using multi-objective particle swarm optimization and branch and bound methods,Energy,10.1016/j.energy.2023.129318,moo_mes,1,1,0,0,multi-objective; multiobjective,microgrid; microgrids,,particle swarm; pso,,,
rong_performance_2024,2024,ARTICLE,Performance evaluation and multi-objective optimization of hydrogen-based integrated energy systems driven by renewable energy sources,Energy,10.1016/j.energy.2024.133698,moo_mes,1,1,0,0,multi-objective; multiobjective,integrated energy; cchp; chp; hydrogen,,genetic algorithm,,neural network,
roshani_optimization_2024,2024,ARTICLE,"Optimization of a hybrid renewable energy system for off-grid residential communities using numerical simulation, response surface methodology, and life cycle assessment",Renew. Energy,10.1016/j.renene.2024.121425,moo_mes_surrogate,1,1,0,1,multi-criteria; multicriteria,hybrid renewable energy system; off-grid; hydrogen,,ga,response surface; response surface methodology,,
roushenas_improved_2024,2024,ARTICLE,Improved marketing strategy of a hybrid renewable plant integrated with gravitational energy storage: Techno-economic analysis and multi-objective optimization,J. Energy Storage,10.1016/j.est.2023.109991,moo_only,1,0,0,0,multi-objective; multiobjective,,,ga,,,
rousis_design_2018,2018,ARTICLE,Design of a hybrid ac/dc microgrid using homer pro: Case study on an islanded residential application,Inventions,10.3390/inventions3030055,moo_mes,1,1,0,0,multi-objective,microgrid,,ga,,,
roustaee_multi-objective_2021,2021,ARTICLE,Multi-objective energy management strategy of unbalanced multi-microgrids considering technical and economic situations,Sustainable Energy Technol. Assess.,10.1016/j.seta.2021.101448,moo_mes,1,1,0,0,multi-objective; multi objective; multiobjective; pareto,microgrid; micro-grid; microgrids; electric vehicle; electric vehicles,,grey wolf; gwo,,learning-based,
roy_hybrid_2022,2022,ARTICLE,A hybrid renewable-based solution to electricity and freshwater problems in the off-grid Sundarbans region of India: Optimum sizing and socio-enviro-economic evaluation,Journal of Cleaner Production,10.1016/j.jclepro.2022.133761,moo_mes,1,1,0,0,non-dominated,hybrid renewable energy system; hybrid renewable energy systems; off-grid; stand-alone,,genetic algorithm; ga,,,replace
roy_probabilistic_2023,2023,ARTICLE,Probabilistic optimal power dispatch in a droop controlled islanded microgrid in presence of renewable energy sources and {PHEV} load demand,Renew. Energy Focus,10.1016/j.ref.2023.01.009,moo_mes,1,1,0,0,multi-objective; multiobjective,microgrid; combined heat and power; electric vehicle,,particle swarm; pso; grey wolf; gwo,,,
ruan_optimal_2023,2023,INPROCEEDINGS,An Optimal Scheduling Scheme of Microgrid Based on Improved Differential Evolution Algorithm,Institute of Electrical and Electronics Engineers Inc,10.1109/EEPS58791.2023.10257153,moo_mes,1,1,0,0,multi-objective; multiobjective,microgrid; stand-alone,,differential evolution,,,
rubio_multi-objective_2021,2021,ARTICLE,Multi-objective optimization of costs and energy efficiency associated with autonomous industrial processes for sustainable growth,Technol. Forecast. Soc. Change,10.1016/j.techfore.2021.121115,moo_only,1,0,0,0,multi-objective; multiobjective; pareto,,,ga,,,
rueda-medina_pricing_2011,2011,INPROCEEDINGS,Pricing of reactive power support provided by distributed generators in transmission systems,,,moo_mes,1,1,0,0,multi-objective; multi objective; multiobjective,microgrid; micro grid; distributed generation,,,,,
ruhani_hydrogen_2024,2024,ARTICLE,Hydrogen production via renewable-based energy system: Thermoeconomic assessment and Long Short-Term Memory ({LSTM}) optimization approach,Int J Hydrogen Energy,10.1016/j.ijhydene.2023.03.456,moo_mes,1,1,0,0,multi-objective; multiobjective,hydrogen,,ga,,lstm,
ruiming_multi-objective_2019,2019,ARTICLE,Multi-objective optimized operation of integrated energy system with hydrogen storage,Int J Hydrogen Energy,10.1016/j.ijhydene.2019.02.168,moo_mes,1,1,0,0,multi-objective; multi objective; multiobjective; non-dominated; nsga,multi-energy; multi energy; integrated energy; hydrogen,,genetic algorithm; ga; nsga,,,
ruzive_optimising_2024,2024,INPROCEEDINGS,Optimising Hybrid Energy Solutions for Hydrogen Production in South Africa,Institute of Electrical and Electronics Engineers Inc,10.1109/ICECCME62383.2024.10796753,moo_mes,1,1,0,0,multi-objective; non-dominated; nsga,hydrogen,,genetic algorithm; ga; nsga,,,
ryu_multi-objective_2020,2020,ARTICLE,Multi-objective optimal operation planning for battery energy storage in a grid-connected micro-grid,Int. J. Electr. Electron. Eng. Telecommun.,10.18178/ijeetc.9.3.163-170,moo_mes,1,1,0,0,multi-objective; pareto; mopso,microgrid; micro-grid,,ga; particle swarm; pso; mopso,,,
s_towards_2025,2025,ARTICLE,Towards Sustainable Energy Management: Enhancing {PV} Performance in {DC} Microgrids with the Aquila Approach,Int. J. Intelligent Eng. Syst.,10.22266/ijies2025.0229.16,moo_mes,1,1,0,0,multi-objective,microgrid; microgrids,,ga,,,
saber_smart_2013,2013,INPROCEEDINGS,Smart micro-grid optimization with controllable loads using particle swarm optimization,,10.1109/PESMG.2013.6672780,moo_mes,1,1,0,0,multi-objective; multi objective; multiobjective,micro-grid,,particle swarm; pso,,,
saboori_tri-objective_2022,2022,ARTICLE,Tri-objective optimization of a synergistic wind-photovoltaic plant for water desalination addressing sustainable development goals,Sustainable Dev.,10.1002/sd.2349,moo_only,1,0,0,0,multi-objective,,,,,,
sachs_multi-objective_2016,2016,ARTICLE,Multi-objective three stage design optimization for island microgrids,Appl. Energy,10.1016/j.apenergy.2015.12.059,moo_mes,1,1,0,0,multi-objective; multiobjective,microgrid; microgrids; off-grid,,,,,computation time
sadeghi_r_hybrid_2024,2024,ARTICLE,A hybrid machine learning solution for redesigning sustainable circular energy supply chains,Comput Ind Eng,10.1016/j.cie.2024.110541,moo_only,1,0,0,0,multi-objective,,,,,machine learning,
sadi_innovative_2022,2022,ARTICLE,"An innovative green multi-generation system centering around concentrating {PVTs} and biomass heaters, design and multi-objective optimization",J. Clean. Prod.,10.1016/j.jclepro.2022.130625,moo_mes,1,1,0,0,multi-objective; multiobjective,off-grid,,genetic algorithm; ga,,,
saenz_multi-objective_2013,2013,INPROCEEDINGS,Multi-objective optimization framework for the selection of microgrid policies,Institute of Industrial Engineers,,moo_mes,1,1,0,0,multi-objective; multiobjective,microgrid; micro grid; microgrids; distributed energy,,,,,
safari_multi-objective_2022,2022,ARTICLE,Multi-objective model for simultaneous distribution networks reconfiguration and allocation of D-{STATCOM} under uncertainties of {RESs},Int J Ambient Energy,10.1080/01430750.2020.1751282,moo_mes,1,1,0,0,multi-objective; non-dominated; nsga,distributed generation,,genetic algorithm; ga; nsga,,,
safari_assessment_2018,2018,ARTICLE,Assessment and optimization of an integrated wind power system for hydrogen and methane production,Energy Convers. Manage.,10.1016/j.enconman.2018.09.071,moo_mes,1,1,0,0,multi-objective; multiobjective,hydrogen,,genetic algorithm; ga,,,
saffari_multi-objective_2019,2019,INPROCEEDINGS,Multi-objective optimisation of an active distribution system using normalised normal constraint method,Institute of Electrical and Electronics Engineers Inc,,moo_mes,1,1,0,0,multi-objective; multi objective; multiobjective,electric vehicle; electric vehicles,,ga,,,
sahu_fast_2022,2022,INPROCEEDINGS,A Fast and Scalable Genetic Algorithm-Based Approach for Planning of Microgrids in Distribution Networks,{IEEE} Computer Society,10.1109/PESGM48719.2022.9916797,moo_mes,1,1,0,0,multi-objective; multiobjective,microgrid; microgrids,,genetic algorithm,,,
saib_multi-objective_2020,2020,ARTICLE,Multi-objective Optimization of a Hybrid Renewable Energy System with a Gas Micro-turbine and a Storage Battery,Arab. J. Sci. Eng.,10.1007/s13369-019-04066-4,moo_mes,1,1,0,0,multi-objective,hybrid renewable energy system,,ga,,,
saidi_realising_2018,2018,INPROCEEDINGS,Realising optimum design of a hybrid renewable energy system using multi-objective evolutionary algorithm,I3M Conference,,moo_mes,1,1,0,0,multi-objective; multi objective; multiobjective; moea,hybrid renewable energy system; hybrid renewable energy systems,,moea,,,
salahi_techno-economic_2024,2024,ARTICLE,Techno-economic modeling of a preventive-corrective strategy based on black-start services to resilience enhancement of distribution networks,Sustain. Energy Grids Netw.,10.1016/j.segan.2024.101435,moo_mes,1,1,0,0,multi-objective; multiobjective,microgrid; micro-grid; microgrids,,,,,
salari_novel_2024,2024,ARTICLE,A novel solution methodology for electrical vehicles charging schedule in coordinated with full flexible resources in microgrid,J. Energy Storage,10.1016/j.est.2024.111765,moo_mes,1,1,0,0,multi-objective; multi objective; multiobjective,microgrid; microgrids; combined heat and power; chp; electric vehicle; electric vehicles,,ga; particle swarm; pso,,,
salgueiro_multi-objective_2019,2019,INPROCEEDINGS,Multi-objective Metaheuristics' Challenges in the Optimization of Microgrids Planning and Management,Institute of Electrical and Electronics Engineers Inc,10.1109/CHILECON47746.2019.8986864,moo_mes,1,1,0,0,multi-objective; multiobjective,microgrid; micro grid; microgrids,,ga,,,
salkuti_optimal_2014,2014,INPROCEEDINGS,Optimal Day-Ahead Renewable Power Generation Scheduling of Hybrid Electrical Power System,Springer Verlag,10.1007/978-981-15-1781-5_2,moo_only,1,0,0,0,multi-objective; multiobjective; non-dominated; nsga,,,genetic algorithm; ga; nsga,,,
salkuti_day-ahead_2019,2019,ARTICLE,Day-ahead thermal and renewable power generation scheduling considering uncertainty,Renew. Energy,10.1016/j.renene.2018.07.106,moo_only,1,0,0,0,multi-objective; multiobjective; nsga,,,ga; nsga,,,
salkuti_optimal_2019,2019,ARTICLE,Optimal power flow using multi-objective glowworm swarm optimization algorithm in a wind energy integrated power system,Int. J. Green Energy,10.1080/15435075.2019.1677234,moo_only,1,0,0,0,multi-objective,,,,,,
salkuti_multi-objective_2020,2020,ARTICLE,Multi-objective based economic environmental dispatch with stochastic solar-wind-thermal power system,Int. J. Electr. Comput. Eng.,10.11591/ijece.v10i5.pp4543-4551,moo_only,1,0,0,0,multi-objective,,,particle swarm; pso,,,
salkuti_multi-objective-based_2020,2020,ARTICLE,Multi-objective-based optimal transmission switching and demand response for managing congestion in hybrid power systems,Int. J. Green Energy,10.1080/15435075.2020.1761811,moo_only,1,0,0,0,multi-objective; pareto,,,,,,
samsatli_multi-objective_2018,2018,ARTICLE,A multi-objective {MILP} model for the design and operation of future integrated multi-vector energy networks capturing detailed spatio-temporal dependencies,Appl. Energy,10.1016/j.apenergy.2017.09.055,moo_mes,1,1,0,0,multi-objective; multiobjective,hydrogen,,ga,,,
samy_multi-objective_2021,2021,ARTICLE,Multi-objective optimization of hybrid renewable energy system based on biomass and fuel cells,Int J Energy Res,10.1002/er.5815,moo_mes,1,1,0,0,multi-objective; multi objective; multiobjective; mopso,microgrid; micro-grid; micro grid; microgrids; hybrid renewable energy system; hybrid renewable energy systems; hydrogen,,ga; particle swarm; pso; mopso,,,instead of
sanchez_optimization_2011,2011,INPROCEEDINGS,Optimization of a stand-alone generating system,,10.2316/P.2011.756-043,moo_mes,1,1,0,0,multi-objective; multi objective; multiobjective,stand-alone; hydrogen,,genetic algorithm,,,
sandgani_coordinated_2017,2017,ARTICLE,Coordinated Optimal Dispatch of Energy Storage in a Network of Grid-Connected Microgrids,{IEEE} Trans. Sustainable Energy,10.1109/TSTE.2017.2664666,moo_mes,1,1,0,0,multi-objective; multiobjective,microgrid; micro grid; microgrids,,,,,
sandgani_priority-based_2018,2018,ARTICLE,Priority-Based Microgrid Energy Management in a Network Environment,{IEEE} Trans. Sustainable Energy,10.1109/TSTE.2017.2769558,moo_mes,1,1,0,0,multi-objective; multiobjective,microgrid; micro grid; microgrids,,,,,
sangeetha_modeling_2017,2017,INPROCEEDINGS,Modeling and heuristic based optimal sizing of {PV} wind system,Institute of Electrical and Electronics Engineers Inc,10.1109/ICIEEIMT.2017.8116866,moo_only,1,0,0,0,multi-objective; multiobjective,,,,,,
sani_role_2025,2025,ARTICLE,"The role of long-term hydrogen storage in decarbonizing remote communities in Canada: An optimization framework with economic, environmental and social objectives",J. Energy Storage,10.1016/j.est.2024.114415,moo_mes,1,1,0,0,multi-objective,hydrogen,,ga,,,
sannigrahi_multi-objective_2019,2019,ARTICLE,"Multi-objective optimisation-based active distribution system planning with reconfiguration, intermittent {RES}, and {DSTATCOM}",{IET}. Renew. Power Gener.,10.1049/iet-rpg.2018.6060,moo_only,1,0,0,0,multi-objective; multi objective; multiobjective; nondominated; mopso,,,particle swarm; pso; mopso,,,
santibanez-aguilar_multi-objective_2012,2012,INCOLLECTION,Multi-objective optimization of absorption refrigeration systems involving renewable energy,Computer Aided Chemical Engineering,10.1016/B978-0-444-59519-5.50057-5,moo_only,1,0,0,0,multi-objective,,,ga,,,
santos_framework_2018,2018,ARTICLE,"Framework for microgrid design using social, economic, and technical analysis",Energies,10.3390/en11102832,moo_mes,1,1,0,0,multi-objective; multiobjective,microgrid; micro grid; microgrids,,ga,,,instead of
sarfi_economic-reliability_2018,2018,ARTICLE,An economic-reliability security-constrained optimal dispatch for microgrids,{IEEE} Trans Power Syst,10.1109/TPWRS.2018.2835421,moo_mes,1,1,0,0,multi-objective; multiobjective; pareto; nondominated,microgrid; micro grid; microgrids; distributed energy,,genetic algorithm; particle swarm,,,
sarfi_new_2015,2015,INPROCEEDINGS,A new multi-objective economic-emission dispatch in microgrids,{IEEE} Computer Society,10.1109/PESGM.2017.8274401,moo_mes,1,1,0,0,multi-objective; multiobjective; pareto; non-dominated; nsga,microgrid; micro grid; microgrids; distributed energy,,genetic algorithm; ga; nsga,,,computation time; instead of
sari_new_2022,2022,ARTICLE,New optimized configuration for a hybrid {PV}/diesel/battery system based on coyote optimization algorithm: A case study for Hotan county,Energy Rep.,10.1016/j.egyr.2022.11.059,moo_mes,1,1,0,0,multi-objective; multiobjective,hybrid renewable energy system,,particle swarm; pso,,,
sarkar_multi-objective_2018,2018,ARTICLE,"A multi-objective optimization of energy, economic, and carbon emission in a production model under sustainable supply chain management",Appl. Sci.,10.3390/app8101744,moo_only,1,0,0,0,multi-objective,,,ga,,,
sarma_energy_2021,2021,INPROCEEDINGS,Energy management using industrial flexibility with multi-objective distributed optimization,Institute of Electrical and Electronics Engineers Inc,,moo_only,1,0,0,0,multi-objective; multi objective; multiobjective,,,,,,
sarshar_multi-objective_2017,2017,ARTICLE,Multi-objective energy management of a micro-grid considering uncertainty in wind power forecasting,Energy,10.1016/j.energy.2017.07.138,moo_mes,1,1,1,0,multi-objective; multiobjective; non-dominated; nsga,microgrid; micro-grid; micro grid; distributed energy,topsis,genetic algorithm; ga; nsga,,neural network,
sathyanarayana_maximum_2019,2019,ARTICLE,Maximum power point optimization for a grid synchronized pv system considering partial shaded condition using multi-objective function,Int. J. Power Electron. Drive Syst.,10.11591/ijpeds.v10.i3.pp1547-1554,moo_only,1,0,0,0,multi-objective,,,particle swarm; pso,,,
sattianadan_techno_2019,2019,ARTICLE,Techno economic evaluation of a hybrid energy system,Int. J. Recent Technol. Eng.,10.35940/ijrte.B1307.0982S1119,moo_only,1,0,0,0,multi objective,,,ga,,,
saurabh_optimizing_2024,2024,ARTICLE,Optimizing {PV} integration: Addressing energy fluctuations through {BIPV} and rooftop {PV} synergy,Sci. technol. Energy. Transition.,10.2516/stet/2023044,moo_only,1,0,0,0,multi-objective; multiobjective,,,genetic algorithm; ga,,,
saurav_optimal_2023,2023,ARTICLE,Optimal Allocation and Assessment of Distributed Generation Units with Multi-Objective Planning in Unbalanced Distribution Networks,Electr. Power Comp. Syst.,10.1080/15325008.2023.2202666,moo_mes,1,1,0,0,multi-objective; multiobjective,distributed generation,,ga; particle swarm; pso,,,
scaramuzzino_integrated_2019,2019,ARTICLE,Integrated approach for the identification of spatial patterns related to renewable energy potential in European territories,Renewable and Sustainable Energy Reviews,10.1016/j.rser.2018.10.024,out,0,0,0,0,,,,,,,
scartezzini_j-l_multi-objective_2019,2019,INPROCEEDINGS,A multi-objective optimization model for the operation of decentralized multi-energy systems,Institute of Physics Publishing,10.1088/1742-6596/1343/1/012104,moo_mes,1,1,0,0,multi-objective; multiobjective,multi-energy,,genetic algorithm,,,
schmid_genetic_2023,2023,ARTICLE,Genetic sizing optimization of residential multi-carrier energy systems: The aim of energy autarky and its cost,Energy,10.1016/j.energy.2022.125421,moo_mes,1,1,0,0,multi-objective; multiobjective; pareto,hydrogen,,ga,,,approximate
schmid_open-source_2021,2021,ARTICLE,"An open-source modeling tool for multi-objective optimization of renewable nano/micro-off-grid power supply system: Influence of temporal resolution, simulation period, and location",Energy,10.1016/j.energy.2020.119545,moo_mes,1,1,0,0,multi-objective; multiobjective; pareto,off-grid,,genetic algorithm,,,replace
schnidrig_integration_2023,2023,INPROCEEDINGS,Integration of Life Cycle Impact Assessment in Energy System Modelling,"International Conference on Efficiency, Cost, Optimization, Simulation and Environmental Impact of Energy Systems",10.52202/069564-0252,moo_only,1,0,0,0,multi-objective; multiobjective,,,ga,,,
schnidrig_between_2024,2024,ARTICLE,Between green hills and green bills: Unveiling the green shades of sustainability and burden shifting through multi-objective optimization in Swiss energy system planning,J. Environ. Manage.,10.1016/j.jenvman.2024.122537,moo_only,1,0,0,0,multi-objective; multiobjective,,,ga,,,
schricker_unveil_2012,2012,INCOLLECTION,Unveil the Subconscious Optimum: Near-Pareto-Optimal Design Alternatives for Industrial Energy System Transformation,Computer Aided Chemical Engineering,10.1016/B978-0-443-28824-1.50541-X,moo_mes,1,1,0,0,multi-objective; pareto,multi-energy,,,,,
schwaegerl_multi-objective_2011,2011,ARTICLE,"A multi-objective optimization approach for assessment of technical, commercial and environmental performance of microgrids",Eur Trans Electr Power,10.1002/etep.472,moo_mes,1,1,0,0,multi-objective; multiobjective; pareto,microgrid; micro grid; microgrids; distributed energy; distributed generation,,genetic algorithm,,,
scola_multi-objective_2011,2011,INPROCEEDINGS,Multi-objective optimal multiple reservoir operation,,10.1109/CEC.2011.5949851,moo_only,1,0,0,0,multi-objective; multi objective; multiobjective,,,ga,,,
sedighizadeh_voltage_2017,2017,ARTICLE,Voltage and frequency regulation in autonomous microgrids using Hybrid Big Bang-Big Crunch algorithm,Appl. Soft Comput. J.,10.1016/j.asoc.2016.12.031,moo_mes,1,1,0,0,multi-objective; multiobjective,microgrid; microgrids; standalone; distributed generation,,particle swarm; pso,,,
sekhar_conceptual_2022,2022,INPROCEEDINGS,"Conceptual Review on Demand Side Management, Optimization Techniques for the Improvement of Power Quality in Smart Grids",Institute of Electrical and Electronics Engineers Inc,10.1109/ICAIS53314.2022.9742779,moo_mes,1,1,0,0,multi-objective; multiobjective,distributed generation,,ga,,,
sekizaki_constrained-multiobjective_2018,2018,INPROCEEDINGS,Constrained-multiobjective Evolutionary Algorithm for Distribution System Reconfiguration under Severe Constraints,Elsevier B.V,10.1016/j.ifacol.2024.07.460,moo_only,1,0,0,0,multi-objective; multiobjective; moea,,,genetic algorithm; moea,,,
senthil_kumar_optimization_2023,2023,ARTICLE,Optimization Technique for Renewable Energy Storage Systems for Power Quality Analysis with Connected Grid,Int. Trans. Elecr. Energy Sys.,10.1155/2023/4675421,moo_mes,1,1,1,0,multi-objective; multiobjective,microgrid; standalone,ahp,ga,,,
serraji_multi_2016,2016,ARTICLE,Multi swarm optimization based adaptive fuzzy multi agent system for microgrid multi-objective energy management,Int. J. Knowledge-Based Intell. Eng. Syst.,10.3233/KES-160350,moo_mes,1,1,0,0,multi-objective; multi objective; multiobjective,microgrid; micro grid,,particle swarm; pso,,,
seyam_multi-objective_2019,2019,INPROCEEDINGS,Multi-objective Optimization of Hydrogen Production in Hybrid Renewable Energy Systems,Institute of Electrical and Electronics Engineers Inc,10.1109/CEC.2019.8790299,moo_mes,1,1,0,0,multi-objective; multiobjective; nsga,hybrid renewable energy system; hybrid renewable energy systems; hydrogen,,genetic algorithm; ga; nsga,,,
seyednouri_day-ahead_2023,2023,ARTICLE,Day-Ahead Scheduling of Multi-Energy Microgrids Based on a Stochastic Multi-Objective Optimization Model,Energies,10.3390/en16041802,moo_mes,1,1,0,0,multi-objective; multiobjective; pareto,multi-energy; multi energy; energy hub; microgrid; micro-grid; microgrids; combined heat and power; chp,,genetic algorithm; ga,,,
sha_multi-objective_2016,2016,ARTICLE,Multi-objective optimization of active distribution network by coordinating energy storage system and flexible load,Dianwang Jishu,10.13335/j.1000-3673.pst.2016.05.015,moo_only,1,0,1,0,multi-objective; multi objective; multiobjective,,ahp,particle swarm; pso,,,
shaaban_multi-objective_2021,2021,ARTICLE,A multi-objective planning approach for optimal {DG} allocation for droop based microgrids,Electr Power Syst Res,10.1016/j.epsr.2021.107474,moo_mes,1,1,0,0,multi-objective; multiobjective,microgrid; micro grid; microgrids,,ga,,,
shaarif_optimal_2025,2025,ARTICLE,Optimal distributed energy resources accommodation with techno-economic benefits using cheetah optimizer,{IET} Gener. Transm. Distrib.,10.1049/gtd2.13322,moo_mes,1,1,0,0,multi-objective,distributed energy,,ga,,,
shabani_techno-economic_2021,2021,ARTICLE,Techno-economic impacts of battery performance models and control strategies on optimal design of a grid-connected {PV} system,Energy Convers. Manage.,10.1016/j.enconman.2021.114617,moo_only,1,0,0,0,multi-objective; multiobjective; non-dominated,,,genetic algorithm; ga,,,
shadmand_multi-objective_2014,2014,ARTICLE,Multi-objective optimization and design of photovoltaic-wind hybrid system for community smart {DC} microgrid,{IEEE} Trans. Smart Grid,10.1109/TSG.2014.2315043,moo_mes,1,1,0,0,multi-objective; multiobjective,microgrid; micro grid; distributed generation,,genetic algorithm; ga,,,instead of
shafiee_socio-economic_2023,2023,INPROCEEDINGS,Socio-Economic Oriented Microgrid Energy Management System with Islanding Capability during Adverse Weather Conditions,Institute of Electrical and Electronics Engineers Inc,10.1109/EI259745.2023.10512624,moo_mes,1,1,0,0,multi-objective; multiobjective; pareto,microgrid; microgrids; distributed energy,,ga,,,
shafiei_novel_2025,2025,ARTICLE,"A novel multi-objective optimization approach for resilience enhancement considering integrated energy systems with renewable energy, energy storage, energy sharing, and demand-side management",J. Energy Storage,10.1016/j.est.2025.115966,moo_mes,1,1,0,0,multi-objective,integrated energy,,,,,
shafiei_planning_2024,2024,ARTICLE,"Planning for a network system with renewable resources and battery energy storage, focused on enhancing resilience",J. Energy Storage,10.1016/j.est.2024.111339,moo_only,1,0,0,0,multi-objective; multiobjective,,,ga,,,
shahab_improved_2021,2021,ARTICLE,Improved control strategy for three-phase microgrid management with electric vehicles using multi objective optimization algorithm,Energies,10.3390/en14041146,moo_mes,1,1,0,0,multi objective; multiobjective,microgrid; microgrids; distributed generation; electric vehicle; electric vehicles,,,,,approximate
shahbaz_assessment_2025,2025,ARTICLE,An assessment of circular economy-oriented renewable energy projects via artificial intelligence recommender systems and a hybrid quantum fuzzy decision-making approach,Renew. Energy,10.1016/j.renene.2025.122673,moo_mes,1,1,0,0,multi-objective,hybrid renewable energy system; hybrid renewable energy systems,,ga,,,
shahooei_novel_2022,2022,ARTICLE,A Novel Agent-Based Power Management Scheme for Smart Multiple-Microgrid Distribution Systems,Energies,10.3390/en15051774,moo_mes,1,1,0,0,multi-objective; multiobjective; pareto; nondominated; nsga,microgrid,,genetic algorithm; ga; nsga,,,
shahverdian_multi-objective_2023,2023,ARTICLE,Multi-objective technoeconomic optimization of an off-grid solar-ground-source driven cycle with hydrogen storage for power and fresh water production,Int J Hydrogen Energy,10.1016/j.ijhydene.2023.02.062,moo_mes,1,1,0,0,multi-objective; multiobjective,off-grid; hydrogen,,ga,,,
shahverdian_optimal_2023,2023,ARTICLE,"An optimal strategy for application of photovoltaic-wind turbine with {PEMEC}-{PEMFC} hydrogen storage system based on techno-economic, environmental, and availability indicators",J. Clean. Prod.,10.1016/j.jclepro.2022.135499,moo_mes,1,1,0,0,multi-objective; multiobjective,hybrid renewable energy system; off-grid; hydrogen,,,,,
shaier_multi-objective_2025,2025,ARTICLE,"Multi-objective optimization and algorithmic evaluation for {EMS} in a {HRES} integrating {PV}, wind, and backup storage",Sci. Rep.,10.1038/s41598-024-84227-0,moo_mes,1,1,0,0,multi-objective; multiobjective,microgrid; microgrids; hybrid renewable energy system; hydrogen,,,,,
shaier_efficient_2024,2024,ARTICLE,An efficient and resilient energy management strategy for hybrid microgrids inspired by the honey badger's behavior,Result. Eng.,10.1016/j.rineng.2024.103161,moo_mes,1,1,0,0,multi-objective,microgrid; microgrids; hybrid renewable energy system; hydrogen,,ga,,,computation time
shaker_optimal_2021,2021,ARTICLE,Optimal Charging/Discharging Decision of Energy Storage Community in Grid-Connected Microgrid Using Multi-Objective Hunger Game Search Optimizer,{IEEE} Access,10.1109/ACCESS.2021.3101839,moo_mes,1,1,0,0,multi-objective; multiobjective,microgrid; micro-grid; micro grid; microgrids,,ga; grey wolf; gwo,,,
shamachurn_optimization_2021,2021,ARTICLE,Optimization of an off-grid domestic Hybrid Energy System in suburban Paris using {iHOGA} software,Renew. Energy Focus,10.1016/j.ref.2021.02.004,moo_mes,1,1,0,0,multi-objective; multiobjective,off-grid,,ga,,,acceleration
shan_multi-objective_2025,2025,ARTICLE,"Multi-objective optimization of a novel combined cooling, heating and power solar thermal energy storage system: A comprehensive analysis of energy, exergy, exergoeconomic, and exergoenvironmental performance",Energy,10.1016/j.energy.2025.134464,moo_mes,1,1,0,0,multi-objective; multiobjective,"combined cooling, heating, and power",,,,,
shan_multi-objective_2021,2021,ARTICLE,Multi-objective economic optimization scheduling of {CCHP} micro-grid based on improved bee colony algorithm considering the selection of hybrid energy storage system,Energy Rep.,10.1016/j.egyr.2021.10.026,moo_mes,1,1,0,0,multi-objective; multi objective; multiobjective,microgrid; micro-grid; cchp; combined cooling heating and power; chp,,,,,
shang_joint_2016,2016,INPROCEEDINGS,Joint generation and multiple demand scheduling in off-grid buildings,Institute of Electrical and Electronics Engineers Inc,10.1109/ICBEST.2015.7435864,moo_mes,1,1,0,0,multi-objective; multiobjective; non-dominated; nsga,microgrid; micro grid; off-grid,,genetic algorithm; ga; nsga,,,
shaoyun_energy_2019,2019,INPROCEEDINGS,{ENERGY} {SUPPLY} {CAPABILITY} {EVALUATION} {OF} {MULTI}-{ENERGY} {MICROGRID} {CONSIDERING} {RELIABILITY} {CONSTRAINTS},Scanditale {AB},10.46855/energy-proceedings-1918,moo_mes,1,1,0,0,multi-objective; nsga,multi-energy; integrated energy; energy hub; microgrid,,ga; nsga,,,
sharaf_hybrid_2010,2010,INPROCEEDINGS,A hybrid {PSO}-self regulating {VSC}-{SMC} controller for {PV}-{FC}-diesel-battery renewable energy scheme for buildings electricity utilization,,10.1109/AMS.2010.95,moo_mes,1,1,0,0,multi objective; mopso,micro grid,,particle swarm; pso; mopso,,,
sharaf_novel_2010,2010,INPROCEEDINGS,A novel coordinated efficient {GA}-self regulating {PID} controller for hybrid {PVFC}- diesel-battery renewable energy scheme for household electricity utilization,,10.1109/AMS.2010.94,moo_mes,1,1,0,0,multi objective,micro grid,,genetic algorithm; ga,,,
sharaf_optimal_2010,2010,INPROCEEDINGS,Optimal variable structure self regulating {PSO}-controller for stand-alone wave energy conversion scheme,,10.1109/AMS.2010.91,moo_mes,1,1,0,0,multi objective; multiobjective; mopso,stand-alone,,particle swarm; pso; mopso,,,
sharafi_multi-objective_2014,2014,ARTICLE,Multi-objective optimal design of hybrid renewable energy systems using {PSO}-simulation based approach,Renew. Energy,10.1016/j.renene.2014.01.011,moo_mes,1,1,0,0,multi-objective; multiobjective,hybrid renewable energy system; hybrid renewable energy systems; hydrogen,,particle swarm; pso,,,
sharafi_stochastic_2015,2015,INPROCEEDINGS,Stochastic optimization of hybrid renewable energy systems,American Society of Mechanical Engineers ({ASME}),10.1115/DETC2015-46181,moo_mes,1,1,0,0,multi-objective; multi objective; multiobjective; pareto; mopso,hybrid renewable energy system; hybrid renewable energy systems,,ga; particle swarm; pso; mopso,,,approximate
sharafi_stochastic_2015-1,2015,ARTICLE,Stochastic optimization of hybrid renewable energy systems using sampling average method,Renewable Sustainable Energy Rev,10.1016/j.rser.2015.08.010,moo_mes,1,1,0,0,multi-objective; multiobjective; pareto; mopso,hybrid renewable energy system; hybrid renewable energy systems,,particle swarm; pso; mopso,,,approximate
sharafi_optimal_2015,2015,ARTICLE,Optimal design of hybrid renewable energy systems in buildings with low to high renewable energy ratio,Renew. Energy,10.1016/j.renene.2015.05.022,moo_mes,1,1,0,0,multi-objective; multiobjective; pareto; non-dominated,hybrid renewable energy system; hybrid renewable energy systems; electric vehicle; electric vehicles,,ga; particle swarm; pso,,,
sharifi_using_2023,2023,ARTICLE,"Using a solar photovoltaic-thermal system, and a new hydrogen liquefaction system based on the enhanced claud cycle, design and multi-objective optimization",Sustainable Energy Technol. Assess.,10.1016/j.seta.2023.103081,moo_mes,1,1,0,0,multi-objective; multiobjective,hydrogen,,ga,,,
sharma_hybrid_2025,2025,ARTICLE,Hybrid multi-objective optimisation for ancillary service procurement in renewable energy integrated deregulated environment,Int. J. Power Energy Convers.,10.1504/IJPEC.2025.142880,moo_only,1,0,0,0,multi-objective; pareto,,,particle swarm,,,
sharma_designing_2024,2024,ARTICLE,Designing synergies between hybrid renewable energy systems and ecosystems developed by different afforestation approaches,J. Clean. Prod.,10.1016/j.jclepro.2023.139804,moo_mes,1,1,0,0,multi-objective; multiobjective,hybrid renewable energy system; hybrid renewable energy systems,,ga,,,
sharma_multi-objective_2022,2022,ARTICLE,Multi-objective dynamic optimization of hybrid renewable energy systems,Chem. Eng. Process.: Process Intensif.,10.1016/j.cep.2021.108663,moo_mes,1,1,0,0,multi-objective; multi objective; multiobjective,hybrid renewable energy system; hybrid renewable energy systems; stand-alone,,genetic algorithm,,,
sharmila_heuristic_2022,2022,ARTICLE,Heuristic {DRP}-{DG} optimization strategy adopted for maximizing total social welfare in the real time Indian utility network,{IET}. Renew. Power Gener.,10.1049/rpg2.12560,moo_mes,1,1,0,0,multi-objective; multiobjective,distributed generation,,genetic algorithm; ga,,,
she_life_2021,2021,ARTICLE,Life cycle cost and life cycle energy in zero-energy building by multi-objective optimization,Energy Rep.,10.1016/j.egyr.2021.08.198,moo_only,1,0,0,0,multi-objective; multiobjective,,,,,,
shehzad_optimal_2021,2021,INPROCEEDINGS,Optimal operation of renewable energy microgrids considering lifetime characteristics of battery energy storage system,Institute of Electrical and Electronics Engineers Inc,10.1109/CDC45484.2021.9683478,moo_mes,1,1,0,0,multi-objective; multiobjective,microgrid; micro-grid; microgrids,,ga,,,
sheidaei_stochastic_2021,2021,ARTICLE,A stochastic multi-objective optimization framework for distribution feeder reconfiguration in the presence of renewable energy sources and energy storages,J. Energy Storage,10.1016/j.est.2021.102775,moo_only,1,0,0,0,multi-objective; multiobjective,,,ga,,,
sheikh_multi-stage_2023,2023,INPROCEEDINGS,Multi-Stage Multi-Objective Energy Management System for Seaport {DC} Microgrids,Institute of Electrical and Electronics Engineers Inc,10.23919/ICPE2023-ECCEAsia54778.2023.10213784,moo_mes,1,1,0,0,multi-objective; multi objective; multiobjective,microgrid; microgrids,,genetic algorithm; ga,,,
sheikh_optimized_2023,2023,ARTICLE,Optimized Energy Management of Seaports With Integrated {AMP} Technology and {DC} Microgrid,{IEEE} Access,10.1109/ACCESS.2023.3341759,moo_mes,1,1,0,0,multi-objective; multiobjective,microgrid,,,,,
shen_data-driven_2022,2022,ARTICLE,Data-Driven Stochastic Robust Optimization for Industrial Energy System Considering Renewable Energy Penetration,{ACS} Sustainable Chem. Eng.,10.1021/acssuschemeng.2c00211,moo_only,1,0,0,0,multi-objective; multiobjective,,,ga,,machine learning,
shen_multi-objective_2022,2022,ARTICLE,Multi-objective capacity configuration optimization of an integrated energy system considering economy and environment with harvest heat,Energy Convers. Manage.,10.1016/j.enconman.2022.116116,moo_mes,1,1,0,0,multi-objective; multi objective; multiobjective; pareto; non-dominated,integrated energy,,genetic algorithm; ga,,,
shen_microgrid_2016,2016,ARTICLE,Microgrid operation optimization with regulation of grid tie-line power fluctuations and risk management,Int. Trans. Elecr. Energy Sys.,10.1002/etep.2203,moo_mes,1,1,0,0,multi-objective; multiobjective,microgrid; micro grid,,ga,,,
shen_multi-objective_2024,2024,ARTICLE,A Multi-Objective Optimization Method of Sustainable Wind–Photovoltaic–Hydro Systems Considering Source–Grid Coordination,Sustainability,10.3390/su16010061,moo_mes,1,1,0,0,multi-objective; pareto,multi-energy,,,,,
shen_energy_2022,2022,ARTICLE,Energy storage optimization method for microgrid considering multi-energy coupling demand response,J. Energy Storage,10.1016/j.est.2021.103521,moo_mes,1,1,0,0,multi-objective; multiobjective,multi-energy; multi energy; microgrid; microgrids,,ga,,,
shen_multi-objective_2022-1,2022,INPROCEEDINGS,Multi-objective Optimization Method for Low-Carbon Development of Wind-Light-Biogas-Storage Integrated Energy Microgrids in Remote Areas,Institute of Electrical and Electronics Engineers Inc,10.1109/EI256261.2022.10117046,moo_mes,1,1,0,0,multi-objective; multiobjective; nsga,integrated energy; microgrid; microgrids,,ga; nsga,,,
shen_multi-objective_2023,2023,ARTICLE,{MULTI}-{OBJECTIVE} {OPTIMIZATION} {METHOD} {FOR} {LOW}-{CARBON} {DEVELOPMENT} {OF} {WIND}-{SOLAR}-{BIOGAS}-{STORAGE} {INTEGRATED} {ENERGY} {MICROGRIDS} {IN} {REMOTE} {REGIONS},Taiyangneng Xuebao,10.19912/j.0254-0096.tynxb.2022-0419,moo_mes,1,1,0,0,multi-objective; multi objective; multiobjective; nsga,integrated energy; microgrid; microgrids,,ga; nsga,,,
sheng_research_2015,2015,ARTICLE,Research and practice on typical modes and optimal allocation method for {PV}-Wind-{ES} in Microgrid,Electr Power Syst Res,10.1016/j.epsr.2014.02.011,moo_mes,1,1,0,0,multi-objective; multiobjective; nsga,microgrid; micro grid; microgrids; distributed generation,,ga; nsga,,,
sheng_optimal_2015,2015,ARTICLE,Optimal allocation between distributed generations and microgrid based on {NSGA}-{II} algorithm,Zhongguo Dianji Gongcheng Xuebao,10.13334/j.0258-8013.pcsee.2015.18.011,moo_mes,1,1,0,0,multi-objective; multiobjective; non-dominated; nsga,microgrid; micro grid; distributed generation,,genetic algorithm; ga; nsga,,,
shi_optimal_2016,2016,INPROCEEDINGS,Optimal Scheduling of active distribution systems for transregional utilization of renewable energy,Institute of Electrical and Electronics Engineers Inc,10.1109/DRPT.2015.7432276,moo_mes,1,1,0,0,multi-objective; multiobjective,distributed energy; distributed generation,,ga,,,
shi_design_2007,2007,ARTICLE,Design and techno-economical optimization for stand-alone hybrid power systems with multi-objective evolutionary algorithms,Int. J. Energy Res.,10.1002/er.1247,moo_mes,1,1,0,0,multi-objective; non-dominated,stand-alone,,genetic algorithm; ga,,,
shi_distributed_2024,2024,ARTICLE,Distributed Optimization of Multi-Microgrid Integrated Energy System with Coordinated Control of Energy Storage and Carbon Emissions,Sustainability,10.3390/su16083225,moo_mes,1,1,0,0,multi-objective,integrated energy; microgrid; microgrids,,,,,
shi_dynamic_2011,2011,INPROCEEDINGS,A dynamic data-driven approach for operation planning of microgrids,Elsevier B.V,10.1016/j.procs.2015.05.362,moo_mes,1,1,0,0,multi-objective; multiobjective,microgrid; microgrids; distributed generation,,,,,
shi_design_2022,2022,ARTICLE,Design of droop controller in islanded microgrids using multi-objective optimisation based on accurate small-signal model,{IET} Power Electron.,10.1049/pel2.12293,moo_mes,1,1,0,0,multi-objective; multiobjective; pareto; moea,microgrid; microgrids,,moea,,,
shi_clean_2024,2024,ARTICLE,A clean optimization approach for sustainable waste-to-energy using integrated technology,Renew. Energy,10.1016/j.renene.2023.119750,moo_only,1,0,0,0,multi-objective; multiobjective,,,ga,,,
shi_optimal_2014,2014,INPROCEEDINGS,Optimal sizing of {DGs} and storage for microgrid with interruptible load using improved {NSGA}-{II},Institute of Electrical and Electronics Engineers Inc,10.1109/CEC.2014.6900414,moo_mes,1,1,0,0,multi-objective; multiobjective; pareto; nsga,microgrid; micro grid; microgrids; distributed generation,,ga; nsga,,,
shi_optimal_2017,2017,ARTICLE,Optimal design of grid-connected hybrid renewable energy systems using multi-objective evolutionary algorithm,Sci. Iran.,10.24200/sci.2017.4578,moo_mes,1,1,0,0,multi-objective; multi objective; multiobjective,hybrid renewable energy system; hybrid renewable energy systems,,,,,
shidhani_multi-objective_2020,2020,ARTICLE,Multi-objective optimisation for power system planning integrating sustainability indicators,Energies,10.3390/en13092199,moo_only,1,0,0,0,multi-objective; multiobjective; pareto; non-dominated; nondominated,,,genetic algorithm; ga,,,
shigenobu_multi-objective_2017,2017,INPROCEEDINGS,A multi-objective optimal sizing and operation for off-grid smart house,Institute of Electrical and Electronics Engineers Inc,10.1109/TENCON.2017.8228226,moo_mes,1,1,0,0,multi-objective; multiobjective,off-grid; electric vehicle,,,,,
shigenobu_new_2017,2017,INPROCEEDINGS,New optimization method considering combinatorial and multi-objective optimization problem for distribution systems,Institute of Electrical and Electronics Engineers Inc,10.1109/TENCON.2016.7848520,moo_only,1,0,0,0,multi-objective; multiobjective,,,,,,
shigenobu_multi-objective_2015,2015,INPROCEEDINGS,Multi-objective optimization of {ATCTr} considering optimum placement and weather conditions in distribution systems,Institute of Electrical and Electronics Engineers Inc,10.1109/ICPE.2015.7168087,moo_only,1,0,0,0,multi-objective; nsga,,,ga; nsga,,,
shigenobu_modified_2017,2017,INPROCEEDINGS,Modified multi-objective optimization method for optimal placement and operation in distribution systems,Institute of Electrical and Electronics Engineers Inc,10.1109/PECON.2016.7951569,moo_only,1,0,0,0,multi-objective; multi objective; multiobjective,,,,,,
shiguang_multi-objective_2021,2021,INPROCEEDINGS,Multi-objective Optimization Scheduling of Micro-grid with Energy Storage under Time-of-Use Price Mechanism,Institute of Electrical and Electronics Engineers Inc,10.1109/ICPRE52634.2021.9635286,moo_mes,1,1,1,0,multi-objective; multi objective; multiobjective,microgrid; micro-grid; microgrids,ahp,,,,
shil_meeting_2018,2018,ARTICLE,Meeting peak electricity demand through combinatorial reverse auctioning of renewable energy,J. Mod. Power Syst. Clean Energy,10.1007/s40565-017-0345-5,moo_only,1,0,0,0,multi-objective; multiobjective,,,genetic algorithm; ga,,,
shilaja_combined_2022,2022,INPROCEEDINGS,Combined Economic-Emission Dispatch of External Optimization Integrating Renewable Energy Resources Stochastic Wind and Solar,Institute of Physics,10.1149/10701.7325ecst,moo_only,1,0,0,0,multi-objective; multiobjective,,,ga; particle swarm; pso,,,
shiping_multi-objective_2020,2020,ARTICLE,Multi-objective evolutionary game of micro energy grid considering multi-energy flexible load sheduling,Dianli Jianshe,10.12204/j.issn.1000-7229.2020.11.011,moo_mes,1,1,0,0,multi-objective,multi-energy; integrated energy,,ga,,,
shirinshahrakfard_multi-objective_2024,2024,INPROCEEDINGS,Multi-Objective Optimization of Peer-to-Peer Transactions in Arizona State University's Microgrid by {NSGA} {II},Institute of Electrical and Electronics Engineers Inc,10.1109/ICEE63041.2024.10667918,moo_mes,1,1,0,0,multi-objective; multi objective; multiobjective; non-dominated; nsga,microgrid; microgrids,,genetic algorithm; ga; nsga,,,
shivam_multi-objective_2020,2020,ARTICLE,Multi-objective sizing optimization of a grid-connected solar-wind hybrid system using climate classification: A case study of four locations in Southern Taiwan,Energies,10.3390/en13102505,moo_only,1,0,0,0,multi-objective; multiobjective; pareto,,,differential evolution,,,
shivam_multi-objective_2021,2021,ARTICLE,A multi-objective predictive energy management strategy for residential grid-connected {PV}-battery hybrid systems based on machine learning technique,Energy Convers. Manage.,10.1016/j.enconman.2021.114103,moo_only,1,0,0,0,multi-objective; multiobjective,,,ga,,neural network; machine learning; support vector,
shmelev_optimal_2016,2016,ARTICLE,Optimal diversity of renewable energy alternatives under multiple criteria: An application to the {UK},Renewable and Sustainable Energy Reviews,10.1016/j.rser.2016.01.100,moo_only,1,0,0,0,multi-criteria,,,ga,,,
shukla_multi-objective_2021,2021,ARTICLE,Multi-objective fuzzy rank based scheduling of utility connected microgrid with high renewable energy using differential evolution with dynamic mutation,Int. Trans. Elecr. Energy Sys.,10.1002/2050-7038.12788,moo_mes,1,1,0,0,multi-objective; multiobjective; pareto,microgrid; microgrids,,genetic algorithm; ga; differential evolution,,,
si_cost-efficient_2018,2018,ARTICLE,Cost-efficient multi-energy management with flexible complementarity strategy for energy internet,Appl. Energy,10.1016/j.apenergy.2018.09.152,moo_mes,1,1,0,0,multi-objective; multiobjective; pareto,multi-energy,,,,,
si_multi-objective_2017,2017,INPROCEEDINGS,A multi-objective optimization strategy for combined heat and power systems of the energy internet,Institute of Electrical and Electronics Engineers Inc,10.1109/CCDC.2017.7978735,moo_mes,1,1,0,0,multi-objective,multi-energy; distributed generation; combined heat and power; chp,,ga; particle swarm; pso,,,
si_multi-objective_2022,2022,ARTICLE,Multi-objective optimization scheduling for integrated electricity and heating system including hybrid power flow constraints,Kongzhi yu Juece Control Decis,10.13195/j.kzyjc.2020.0913,moo_mes,1,1,0,0,multi-objective; multiobjective; pareto,multi-energy; multi energy,,ga,,,
si_multi-objective_2023,2023,ARTICLE,Multi-Objective Optimization Research on the Integration of Renewable Energy {HVAC} Systems Based on {TRNSYS},Buildings,10.3390/buildings13123057,moo_only,1,0,0,0,multi-objective; multiobjective,,,,,,
siddiqui_design_2021,2021,ARTICLE,Design and Optimization of a Dual Renewable Energy-Based Plant Utilizing Integrated Hydrogen to Ammonia and Fuel Cell Systems,Energy Fuels,10.1021/acs.energyfuels.0c02590,moo_mes,1,1,0,0,multi-objective; multiobjective,hydrogen,,genetic algorithm; ga,,,
siddiqui_optimization_2021,2021,ARTICLE,"Optimization of a new renewable energy system for producing electricity, hydrogen and ammonia",Sustainable Energy Technol. Assess.,10.1016/j.seta.2021.101023,moo_mes,1,1,0,0,multi-objective; multiobjective,hydrogen,,,,,
sim_heuristic_2021,2021,ARTICLE,A heuristic solution and multi-objective optimization model for life-cycle cost analysis of solar {PV}/{GSHP} system: A case study of campus residential building in Korea,Sustainable Energy Technol. Assess.,10.1016/j.seta.2021.101490,moo_only,1,0,0,0,multi-objective; multiobjective,,,genetic algorithm,,,
simeoni_planning_2018,2018,ARTICLE,Planning and design of sustainable smart multi energy systems. The case of a food industrial district in Italy,Energy,10.1016/j.energy.2018.08.125,moo_mes,1,1,0,0,multi-objective; multiobjective; pareto,multi-energy; multi energy; distributed generation; combined heat and power,,,,,
singh_multi-objective_2018,2018,ARTICLE,Multi-Objective Optimization of Hybrid Renewable Energy System Using Reformed Electric System Cascade Analysis for Islanding and Grid Connected Modes of Operation,{IEEE} Access,10.1109/ACCESS.2018.2867276,moo_mes,1,1,0,0,multi-objective; multiobjective,hybrid renewable energy system,,ga,,,
singh_double-sided_2020,2020,ARTICLE,Double-sided bidding strategy for power suppliers and large buyers with amalgamation of wind and solar based generation in a modern energy market,{IET} Gener. Transm. Distrib.,10.1049/iet-gtd.2019.0570,moo_only,1,0,0,0,multi-objective; multiobjective,,,ga,,,
situ_research_2022,2022,ARTICLE,Research on configuration of multi-energy microgrid in smart park based on typical scenarios,Taiyangneng Xuebao,10.19912/j.0254-0096.tynxb.2020-1235,moo_mes,1,1,0,0,multi-objective; multiobjective,multi-energy; multi energy; microgrid; micro-grid,,,,,
siwik_efficient_2008,2008,INPROCEEDINGS,Efficient constrained evolutionary multi-agent system for multi-objective optimization,,10.1109/CEC.2008.4631233,moo_only,1,0,0,0,multi-objective; multiobjective; nsga,,,ga; nsga; spea,,,
siy_multi-period_2016,2016,ARTICLE,A multi-period and multi-objective optimization model of a microgrid system investment model,Chem. Eng. Trans.,10.3303/CET1652099,moo_mes,1,1,0,0,multi-objective; multiobjective,microgrid; microgrids,,,,,
smaoui_optimal_2025,2025,ARTICLE,Optimal design of an off-grid electrical system in remote areas with different renewable energy scenarios,Energy,10.1016/j.energy.2025.134821,moo_mes,1,1,0,0,multi-objective,hybrid renewable energy system; off-grid,,ga,,,
sohani_optimum_2023,2023,ARTICLE,"An optimum energy, economic, and environmental design based on {DEVAP} concept to reach maximum heat recovery in a {PV}-wind turbine system with hydrogen storage",Energy Convers. Manage.,10.1016/j.enconman.2023.117147,moo_mes,1,1,0,0,multi-objective; multiobjective,hydrogen,,,,,
sohel_optimization_2020,2020,ARTICLE,"Optimization of generation cost, environmental impact, and reliability of a microgrid using non-dominated sorting genetic algorithm-{II}",Int. J. Sustainable Dev. Plann.,10.18280/ijsdp.150814,moo_mes,1,1,0,0,multi-objective; multiobjective; pareto; non-dominated; nsga,microgrid; microgrids,,genetic algorithm; ga; nsga; spea,,,
solic_p_multi-objective_2020,2020,INPROCEEDINGS,A Multi-Objective Approach for Energy Management in a Microgrid Scenario,Institute of Electrical and Electronics Engineers Inc,10.23919/SpliTech49282.2020.9243847,moo_mes,1,1,0,0,multi-objective; multiobjective; non-dominated; nsga,microgrid; microgrids; distributed energy,,genetic algorithm; ga; nsga,,,
soltani_multi-objective_2014,2014,ARTICLE,Multi-objective optimization of a solar-hybrid cogeneration cycle: Application to {CGAM} problem,Energy Convers. Manage.,10.1016/j.enconman.2014.02.013,moo_only,1,0,0,0,multi-objective; multiobjective; pareto,,,genetic algorithm; ga,,,
son_optimal_2023,2023,ARTICLE,Optimal facility combination set of integrated energy system based on consensus point between independent system operator and independent power producer,Energy,10.1016/j.energy.2022.126422,moo_mes,1,1,0,0,multi-objective; multiobjective,integrated energy; hydrogen,,ga,,,
son_optimal_2021,2021,ARTICLE,Optimal Operation of Standalone Microgrid Based on Wind Power Generation Linked to P2G Technology,Trans. Korean Inst. Electr. Eng.,10.5370/KIEE.2021.70.11.1662,moo_mes,1,1,0,0,multi-objective; multiobjective; pareto,sector coupling; microgrid; microgrids; standalone; hydrogen,,ga,,,
song_nondominated_2025,2025,ARTICLE,Nondominated sorting grey wolf algorithm-based optimal scheduling for electric-hydrogen-heat multi-energy microgrid,Electr Power Syst Res,10.1016/j.epsr.2025.111628,moo_mes,1,1,0,0,multi-objective; nondominated,multi-energy; multi energy; microgrid; hydrogen,,ga; grey wolf; gwo,,,
song_multi-objective_2023,2023,ARTICLE,Multi-objective battery energy storage optimization for virtual power plant applications,Appl. Energy,10.1016/j.apenergy.2023.121860,moo_mes,1,1,0,0,multi-objective; multiobjective,virtual power plant,,,,,
song_economic-environmental_2021,2021,ARTICLE,Economic-environmental equilibrium-based bi-level dispatch strategy towards integrated electricity and natural gas systems,Appl. Energy,10.1016/j.apenergy.2020.116142,moo_mes,1,1,0,0,multi-objective; multiobjective; non-dominated,"multi-energy; combined cooling, heating, and power",,genetic algorithm; ga,,,
song_planning_2023,2023,ARTICLE,Planning shared energy storage systems for the spatio-temporal coordination of multi-site renewable energy sources on the power generation side,Energy,10.1016/j.energy.2023.128976,moo_only,1,0,0,0,multi-objective; multiobjective; non-dominated,,,genetic algorithm; ga,,,
song_multi-objective_2019,2019,ARTICLE,Multi-Objective Configuration Optimization for Isolated Microgrid with Shiftable Loads and Mobile Energy Storage,{IEEE} Access,10.1109/ACCESS.2019.2928619,moo_mes,1,1,0,0,multi-objective; multiobjective,microgrid; micro grid; microgrids,,,,,
song_multi-objective_2023-1,2023,ARTICLE,Multi-objective optimization of large-scale grid-connected photovoltaic-hydrogen-natural gas integrated energy power station based on carbon emission priority,Int J Hydrogen Energy,10.1016/j.ijhydene.2022.10.121,moo_mes,1,1,0,0,multi-objective; multi objective; multiobjective,integrated energy; hydrogen,,ga,,,
song_multi-objective_2024,2024,ARTICLE,Multi-objective optimization and long-term performance evaluation of a hybrid solar-hydrogen energy system with retired electric vehicle batteries for off-grid power and heat supply,Int J Hydrogen Energy,10.1016/j.ijhydene.2024.03.105,moo_mes,1,1,0,0,multi-objective; multiobjective; nsga,hybrid renewable energy system; off-grid; hydrogen; electric vehicle,,ga; nsga,,,replace
song_optimal_2023,2023,INCOLLECTION,Optimal Scheduling Design of Distributed Wind-{PV}-hydro Power System Integrated with Pumped Storage Technology via Multi-objective Model,Lecture Notes on Data Engineering and Communications Technologies,10.1007/978-981-97-5098-6_114,moo_only,1,0,0,0,multi-objective,,,ga,,,
soriano_peer--peer_2021,2021,ARTICLE,Peer-to-peer energy trades based on multi-objective optimization,Int J Electr Power Energy Syst,10.1016/j.ijepes.2021.107017,moo_mes,1,1,0,0,multi-objective; multi objective; multiobjective,microgrid; micro grid; distributed energy; distributed generation,,bat algorithm,,,
soroudi_practical_2011,2011,ARTICLE,A practical eco-environmental distribution network planning model including fuel cells and non-renewable distributed energy resources,Renew. Energy,10.1016/j.renene.2010.06.019,moo_mes,1,1,0,0,multi-objective; multiobjective; nsga,distributed energy; distributed generation,,ga; nsga,,,
souza_towards_2023,2023,INPROCEEDINGS,Towards a Low Carbon Future: Evaluating Scenarios for an Energy Community through a Multi-Objective Optimisation Approach,"International Conference on Efficiency, Cost, Optimization, Simulation and Environmental Impact of Energy Systems",10.52202/069564-0235,moo_mes,1,1,0,0,multi-objective; multiobjective,energy community; off-grid; district heating,,ga,,,
souza_multi-objective_2024,2024,ARTICLE,Multi-Objective Optimization of an Energy Community Powered by a Distributed Polygeneration System,Energies,10.3390/en17133085,moo_mes,1,1,0,0,multi-objective; multiobjective,energy community; energy communities; district heating,,ga,,,
soykan_optimal_2022,2022,ARTICLE,Optimal sizing of an isolated microgrid with electric vehicles using stochastic programming,Sustain. Energy Grids Netw.,10.1016/j.segan.2022.100850,moo_mes,1,1,0,0,multi-objective; multiobjective,microgrid; electric vehicle; electric vehicles,,ga,,,
spyropoulos_extending_2011,2011,INPROCEEDINGS,Extending design capabilities of {SysML} with trade-off analysis: Electrical microgrid case study,Elsevier B.V,10.1016/j.procs.2013.01.012,moo_mes_surrogate,1,1,0,1,multi-criteria,microgrid,,,metamodel,,
sree_lakshmi_g_integrating_2025,2025,INPROCEEDINGS,Integrating {AI} and Multi-objective Optimization for Enhanced Microgrid Energy Management Using Quadratic Programming,{EDP} Sciences,10.1051/e3sconf/202561602007,moo_mes,1,1,0,0,multi-objective; multiobjective,microgrid,,,,neural network; machine learning,
sreenivasulu_reddy_optimal_2023,2023,ARTICLE,Optimal Allocation of Renewable Sources with Battery and Capacitors in Radial Feeders for Reliable Power Supply Using Pathfinder Algorithm,J. Sol. Energy. Res.,10.22059/jser.2023.358718.1299,moo_only,1,0,0,0,multi-objective,,,ga,,,
srinivasan_trade-offs_2025,2025,ARTICLE,"Trade-offs of affordability, sustainability and security in the optimal design of multi-energy systems",Appl. Energy,10.1016/j.apenergy.2025.125299,moo_mes,1,1,0,0,multi-objective,multi-energy; chp,,ga,,,
srivastava_interactive_2024,2024,ARTICLE,An interactive class topper optimization with energy management scheme for an interconnected microgrid,Electr Eng,10.1007/s00202-023-02048-2,moo_mes,1,1,0,0,multi-objective; multiobjective,microgrid; microgrids,,,,,
srivastava_optimal_2024,2024,ARTICLE,Optimal power scheduling of microgrid considering renewable sources and demand response management,Cluster Comput.,10.1007/s10586-024-04669-z,moo_mes,1,1,0,0,multi-objective; multiobjective,microgrid,,particle swarm; pso,,,
stadler_model-based_2016,2016,ARTICLE,Model-based optimization of distributed and renewable energy systems in buildings,Energy Build.,10.1016/j.enbuild.2016.03.051,moo_mes,1,1,0,0,multi-objective; multiobjective,distributed energy,,ga,,,
stadler_contribution_2018,2018,ARTICLE,Contribution of model predictive control in the integration of renewable energy sources within the built environment,Front. Energy Res.,10.3389/fenrg.2018.00022,moo_mes,1,1,0,0,multi-objective; multiobjective,distributed energy,,,,,
stadler_swiss_2017,2017,INPROCEEDINGS,The swiss potential of model predictive control for building energy systems,Institute of Electrical and Electronics Engineers Inc,10.1109/ISGTEurope.2017.8260100,moo_only,1,0,0,0,multi-objective; multiobjective,,,,,,
starke_multi-objective_2018,2018,ARTICLE,Multi-objective optimization of hybrid {CSP}+{PV} system using genetic algorithm,Energy,10.1016/j.energy.2017.12.116,moo_only,1,0,0,0,multi-objective; multiobjective; pareto,,,genetic algorithm; ga,,,
stevanato_planning_2023,2023,ARTICLE,Planning third generation minigrids: Multi-objective optimization and brownfield investment approaches in modelling village-scale on-grid and off-grid energy systems,Renew. Sustain. Energy Transiti.,10.1016/j.rset.2023.100053,moo_mes,1,1,0,0,multi-objective; multiobjective,microgrid; microgrids; off-grid,,,,,
strauch_model_2024,2024,ARTICLE,Model predictive control for demand flexibility of a residential building with multiple distributed energy resources,Energy Build.,10.1016/j.enbuild.2023.113884,moo_mes,1,1,0,0,multiobjective; multi-criteria,distributed energy; electric vehicle,,ga,,,
su_optimal_2023,2023,ARTICLE,Optimal placement and capacity sizing of energy storage systems via {NSGA}-{II} in active distribution network,Front. Energy Res.,10.3389/fenrg.2022.1073194,moo_only,1,0,0,0,multi-objective; multiobjective; pareto; non-dominated; nsga,,,genetic algorithm; ga; nsga,,,
su_multi-objective_2017,2017,ARTICLE,Multi-objective optimization method of multi-source independent microgrid based on modified {CPSO},Dianli Xitong Baohu yu Kongzhi,10.7667/PSPC161935,moo_mes,1,1,0,0,multi-objective,microgrid; stand-alone,,particle swarm; pso,,,
su_optimal_2024,2024,INPROCEEDINGS,Optimal configuration and dispatch of distribution network based on wind-solar-hydrogen coupling,Institute of Electrical and Electronics Engineers Inc,10.1109/AEES63781.2024.10872558,moo_mes,1,1,0,0,multi-objective; multiobjective,integrated energy; hydrogen,,particle swarm; pso,,,
su_multi-dimensional_2023,2023,ARTICLE,Multi-dimensional comparison and multi-objective optimization of geothermal-assisted Carnot battery for photovoltaic load shifting,Energy Convers. Manage.,10.1016/j.enconman.2023.117156,moo_only,1,0,0,0,multi-objective; multiobjective,,,ga,,,
su_sensitivity_2023,2023,ARTICLE,Sensitivity analysis and exergoeconomic optimization of an improved He-{CO}2 cascade Brayton cycle for concentrated solar power,Energy Convers. Manage.,10.1016/j.enconman.2023.116756,moo_only,1,0,0,0,multi-objective; multiobjective,,,ga,,,
su_multi-criteria_2022,2022,ARTICLE,Multi-criteria assessment of an environmentally-friendly scheme integrating solid oxide fuel cell hybrid power and renewable energy auxiliary supply,J. Clean. Prod.,10.1016/j.jclepro.2022.133410,moo_only,1,0,0,0,multi-objective; multiobjective; multi-criteria,,,ga,,,replace
subba_rami_reddy_hybrid_2024,2024,ARTICLE,A hybrid {YDSE} - {THDCNN} approach based multi objective optimization of energy management for renewable energy sources with electric vehicles,J. Energy Storage,10.1016/j.est.2024.113402,moo_mes,1,1,0,0,multi objective,microgrid; electric vehicle; electric vehicles,,genetic algorithm; ga; particle swarm; pso,,neural network; convolutional neural,
subramanian_evaluation_2021,2021,ARTICLE,An evaluation on wind energy potential using multi-objective optimization based non-dominated sorting genetic algorithm {III},Sustainability,10.3390/su13010410,moo_only,1,0,0,0,multi-objective; non-dominated; nsga,,,genetic algorithm; ga; nsga,,,
sudhakar_maximum_2022,2022,ARTICLE,Maximum exploitation of electric vehicle storage in smart micro grids with stochastic renewable sources,J. Energy Storage,10.1016/j.est.2022.104029,moo_mes,1,1,0,0,multi objective; multiobjective,microgrid; micro grid; electric vehicle; electric vehicles,,,,neural network,
sudhakar_ev_2024,2024,ARTICLE,{EV} Fleet Energy Management Strategy For Smart Microgrids Considering Multiple Objectives: Techno-Economic Perspective,Arab. J. Sci. Eng.,10.1007/s13369-024-09209-w,moo_mes,1,1,0,0,multi-objective,microgrid; microgrids; electric vehicle; electric vehicles,,,,,
sudhakar_multi-objective_2023,2023,INPROCEEDINGS,A Multi-Objective Optimization Model for Microgrid Optimal Operation with Cooperative Game Theory Approach,Institute of Electrical and Electronics Engineers Inc,10.1109/INDICON59947.2023.10440922,moo_mes,1,1,0,0,multi-objective; multi objective; multiobjective,microgrid; microgrids; distributed energy,,ga,,,
sultan_improved_2021,2021,ARTICLE,An improved artificial ecosystem optimization algorithm for optimal configuration of a hybrid {PV}/{WT}/{FC} energy system,Alexandria Engineering Journal,10.1016/j.aej.2020.10.027,moo_mes,1,1,0,0,multi-objective; multiobjective,hybrid renewable energy system; hybrid renewable energy systems; off-grid; hydrogen,,ga; particle swarm; pso; grey wolf; gwo,,,
sumesh_multi-agent_2023,2023,ARTICLE,Multi-agent based coalition formation of prosumers in microgrids using the ∗ goal modelling,Int. J. Knowledge-Based Intell. Eng. Syst.,10.3233/KES-230902,moo_mes,1,1,0,0,multi-objective; multiobjective,microgrid; microgrids,,ga,,,
sun_multi-objective_2021,2021,ARTICLE,"A multi-objective optimization model for fast electric vehicle charging stations with wind, {PV} power and energy storage",J. Clean. Prod.,10.1016/j.jclepro.2020.125564,moo_mes,1,1,1,0,multi-objective; multi objective; multiobjective; mopso,electric vehicle,topsis,genetic algorithm; particle swarm; pso; mopso,,,
sun_quick_2024,2024,ARTICLE,Quick Hosting Capacity Evaluation Based on Distributed Dispatching for Smart Distribution Network Planning with Distributed Generation,J. Mod. Power Syst. Clean Energy,10.35833/MPCE.2022.000604,moo_mes,1,1,0,0,multi-objective; multiobjective,microgrid; microgrids; distributed generation,,,,,speed up
sun_optimal_2022,2022,ARTICLE,Optimal design of residential type micro-grid power supply system with multi-energy complementary,Electrical Measurement Instrum.,10.19753/j.issn1001-1390.2022.12.015,moo_mes,1,1,0,0,multi-objective; nsga,multi-energy; micro-grid; distributed energy,,genetic algorithm; ga; nsga,,,
sun_multi-objective_2024,2024,INPROCEEDINGS,Multi-objective Optimization Scheduling of Microgrids considering Operational and Environmental Costs,Institute of Electrical and Electronics Engineers Inc,10.1109/IMCEC59810.2024.10575372,moo_mes,1,1,0,0,multi-objective; multiobjective,microgrid; microgrids,,ga; particle swarm; pso,,,
sun_optimization_2024,2024,ARTICLE,Optimization and scheduling scheme of park-integrated energy system based on multi-objective Beluga Whale Algorithm,Energy Rep.,10.1016/j.egyr.2024.05.073,moo_mes,1,1,0,0,multi-objective; multiobjective; non-dominated; nsga; mopso,integrated energy,,genetic algorithm; ga; nsga; pso; mopso; beluga whale,,,
sun_capacity_2021,2021,ARTICLE,Capacity Configuration Method of Hybrid Energy Storage System in Microgrids Based on a Non-cooperative Game Model,{QNH}.,10.19705/j.cnki.issn2096-5125.2021.05.005,moo_mes,1,1,0,0,multi-objective,microgrid; microgrids,,genetic algorithm; ga,,,
sun_multi-level_2016,2016,INPROCEEDINGS,Multi-level Day-ahead Energy Dispatching Method Based on Improving New Energy Consumption Capacity,{IEEE} Computer Society,10.1109/CICED56215.2022.9929081,moo_mes,1,1,0,0,multi-objective; multiobjective,distributed energy; distributed generation; electric vehicle; electric vehicles,,,,,
sun_integrated_2023,2023,INPROCEEDINGS,Integrated Optimal Scheduling Strategy for {VSG} Microgrids Based on Improved Multi-objective Genetic Algorithm,Institute of Electrical and Electronics Engineers Inc,10.1109/ACPEE56931.2023.10135847,moo_mes,1,1,0,0,multi-objective; multiobjective; nsga,microgrid; microgrids,,genetic algorithm; ga; nsga,,,computation time
sun_multi-objective_2021-1,2021,ARTICLE,Multi-objective robust optimization of multi-energy microgrid with waste treatment,Renew. Energy,10.1016/j.renene.2021.06.041,moo_mes,1,1,0,0,multi-objective; multi objective; multiobjective,multi-energy; multi energy; microgrid; micro grid; microgrids,,,,,
sun_multi-objective_2017,2017,INPROCEEDINGS,Multi-objective energy management for we-energy in Energy Internet using reinforcement learning,Institute of Electrical and Electronics Engineers Inc,10.1109/SSCI.2017.8285243,moo_mes_surrogate,1,1,0,1,multi-objective; multi objective; multiobjective,combined heat and power; chp,,,,machine learning,accelerate
sun_passivity-based_2024,2024,ARTICLE,Passivity-Based Stability Analysis of {DC} Microgrids Using Physically Decoupled Model,{IEEE} Trans Power Syst,10.1109/TPWRS.2023.3339815,moo_mes,1,1,0,0,multi-objective; multiobjective,microgrid; microgrids,,ga,,,
sun_multi-objective_2022,2022,ARTICLE,Multi-objective optimization dispatching of a micro-grid considering uncertainty in wind power forecasting,Energy Rep.,10.1016/j.egyr.2022.01.175,moo_mes,1,1,0,0,multi-objective; multi objective; multiobjective; non-dominated,microgrid; micro-grid,,genetic algorithm; bat algorithm,,support vector,
sun_optimal_2023,2023,INPROCEEDINGS,An Optimal Dispatch Strategy for A Distributed Microgrid Using Snake Optimizer,Institute of Electrical and Electronics Engineers Inc,10.1109/ICCSIE55183.2023.10175294,moo_mes,1,1,0,0,multi-objective; multiobjective,microgrid; microgrids,,,,,
surender_reddy_multi-objective_2018,2018,ARTICLE,Multi-objective optimal power flow in the presence of intermittent renewable energy sources,Int. J. Eng. Technol.,10.14419/ijet.v7i4.18653,moo_only,1,0,0,0,multi-objective,,,,,,
sutar_multi-criteria_2019,2019,ARTICLE,Multi-criteria optimization of a hybrid renewable energy for standalone electrification,Int. J. Adv. Sci. Technol.,,moo_mes,1,1,0,0,multi-criteria,standalone,,ga,,,
swief_optimal_2020,2020,ARTICLE,Optimal energy management integrating plug in hybrid vehicle under load and renewable uncertainties,{IEEE} Access,10.1109/ACCESS.2020.3026450,moo_mes,1,1,0,0,multi-objective; multiobjective,microgrid; microgrids; electric vehicle; electric vehicles,,ga,,,
tabak_fractional_2022,2022,ARTICLE,Fractional order frequency proportional-integral-derivative control of microgrid consisting of renewable energy sources based on multi-objective grasshopper optimization algorithm,Trans Inst Meas Control,10.1177/01423312211034660,moo_mes,1,1,0,0,multi-objective; multiobjective,microgrid; micro-grid; microgrids,,genetic algorithm; ga,,,
taha_multi-objective_2022,2022,ARTICLE,"Multi-Objective Optimization for Optimal Allocation and Coordination of Wind and Solar {DGs}, {BESSs} and Capacitors in Presence of Demand Response",{IEEE} Access,10.1109/ACCESS.2022.3149135,moo_mes,1,1,0,0,multi-objective; multiobjective,distributed generation,,ga,,,
taha_droop_2023,2023,ARTICLE,Droop Control Optimization for Improved Power Sharing in {AC} Islanded Microgrids Based on Centripetal Force Gravity Search Algorithm,Energies,10.3390/en16247953,moo_mes,1,1,0,0,multi-objective; multiobjective,microgrid; microgrids; standalone,,,,,
taha_power_2024,2024,INPROCEEDINGS,Power Sharing Enhancement of Standalone Microgrid using Primary Control Optimization,Institute of Electrical and Electronics Engineers Inc,10.1109/ICGEA60749.2024.10561221,moo_mes,1,1,0,0,multi-objective; multiobjective,microgrid; microgrids; standalone,,,,,
tahir_economic_2022,2022,ARTICLE,Economic Emission and Energy Scheduling for Renewable Rich Network Using Bio-Inspired Optimization,{IEEE} Access,10.1109/ACCESS.2022.3194012,moo_only,1,0,0,0,multi-objective; multi objective; multiobjective; pareto,,,particle swarm; pso,,,
tai_multi-objective_2022,2022,ARTICLE,Multi-objective optimisation with hybrid machine learning strategy for complex catalytic processes,Energy. {AI}.,10.1016/j.egyai.2021.100134,moo_only,1,0,0,1,multi-objective; multiobjective; pareto; non-dominated; nsga,,,genetic algorithm; ga; nsga,surrogate,neural network; machine learning,surrogate
tai_dynamic_2023,2023,ARTICLE,Dynamic optimisation of {CO}2 electrochemical reduction processes driven by intermittent renewable energy: Hybrid deep learning approach,Digit. Chem. Eng.,10.1016/j.dche.2023.100123,moo_only,1,0,0,1,multi-objective; nsga,,,ga; nsga,surrogate,deep learning; lstm,surrogate
taleb_enhanced_2023,2023,ARTICLE,An Enhanced Hybrid Rhino Herd–{PSO} Optimizer for Optimal Technical and Economic Operation of Power Systems Considering Environmental Concerns,Electr. Power Comp. Syst.,10.1080/15325008.2023.2241864,moo_mes,1,1,0,0,multi-objective; multiobjective; pareto,distributed generation,,ga; particle swarm; pso,,,
talebi_economic-environmental_2024,2024,INPROCEEDINGS,Economic-Environmental Analysis of Smart Power System in the Presence of Dynamic Line Rating and Energy Storage System,Institute of Electrical and Electronics Engineers Inc,10.1109/ICTEM60690.2024.10632030,moo_only,1,0,0,0,multi-objective,,,ga,,,
tan_stochastic_2019,2019,ARTICLE,"Stochastic Multi-Objective Optimized Dispatch of Combined Cooling, Heating, and Power Microgrids Based on Hybrid Evolutionary Optimization Algorithm",{IEEE} Access,10.1109/ACCESS.2019.2955515,moo_mes,1,1,0,0,multi-objective; multiobjective; pareto; non-dominated; nsga,"microgrid; micro grid; microgrids; cchp; combined cooling, heating, and power; chp",,genetic algorithm; ga; nsga,,,approximation
tan_multi-objective_2020,2020,ARTICLE,Multi-objective energy management of multiple microgrids under random electric vehicle charging,Energy,10.1016/j.energy.2020.118360,moo_mes,1,1,0,0,multi-objective; multi objective; multiobjective; pareto,microgrid; microgrids; electric vehicle; electric vehicles,,ga; differential evolution,,neural network; deep learning,
tan_stochastic_2019-1,2019,ARTICLE,Stochastic Multi-objective Economic Dispatch of Micro-grid Based on {CoNSGA}-Ⅱ,Gaodianya Jishu,10.13336/j.1003-6520.hve.20190410030,moo_mes,1,1,0,0,multi-objective; multiobjective; pareto; non-dominated; nsga,micro-grid; micro grid,,genetic algorithm; ga; nsga,,,
tan_iteration-free_2024,2024,ARTICLE,An iteration-free hierarchical method for the energy management of multiple-microgrid systems with renewable energy sources and electric vehicles,Appl. Energy,10.1016/j.apenergy.2023.122380,moo_mes,1,1,0,0,multi-objective; multiobjective,microgrid; micro-grid; microgrids; electric vehicle; electric vehicles,,ga,,neural network,
tan_economic_2024,2024,ARTICLE,"Economic and Technological Optimization of Hybrid Rural Microgrid with Wind, {PV}, Biogas, Storage, {AC}, and {DC}",Zhongguo Dianli,10.11930/j.issn.1004-9649.202401017,moo_mes,1,1,0,0,multi-objective,multi energy; microgrid,,ga,,,
tan_study_2024,2024,ARTICLE,"Study on the Economic and Technical Optimization of Hybrid Rural Microgrids Integrating Wind, Solar, Biogas, and Energy Storage with {AC}/{DC} Conversion",{EAI} Endorsed Trans. Energy Web,10.4108/ew.5803,moo_mes,1,1,0,0,multi-objective; multiobjective,multi-energy; multi energy; microgrid; microgrids,,ga,,,
tan_multi-objective_2020-1,2020,ARTICLE,Multi-objective optimization of combined wind-solar-thermal power dispatching strategy considering economic-environmental equilibrium,Dianli Jianshe,10.12204/j.issn.1000-7229.2020.08.015,moo_only,1,0,0,0,multi-objective,,,,,,
tan_research_2022,2022,ARTICLE,Research on Low-Carbon Optimization Strategy of Regional Power Supply Based on Large-Scale V2G,Dianli Jianshe,10.12204/j.issn.1000-7229.2022.12.006,moo_mes,1,1,0,0,multi-objective,electric vehicle; electric vehicles,,,,,
tan_multi-objective_2020-2,2020,ARTICLE,A multi-objective optimization dispatching and adaptability analysis model for wind-{PV}-thermal-coordinated operations considering comprehensive forecasting error distribution,J. Clean. Prod.,10.1016/j.jclepro.2020.120407,moo_only,1,0,0,0,multi-objective; multiobjective,,,,,,instead of
tan_energy_2019,2019,ARTICLE,Energy transaction mode in the regional multi-microgrid connected distribution network considering wind power accommodation,Dianli Jianshe,10.3969/j.issn.1000-7229.2019.07.001,moo_mes,1,1,0,0,multi-objective; nsga,microgrid; microgrids,,genetic algorithm; ga; nsga,,,
tan_false_2022,2022,ARTICLE,False Data Injection Cyber-Attacks Detection for Multiple {DC} Microgrid Clusters,Appl. Energy,10.1016/j.apenergy.2021.118425,moo_mes,1,1,0,0,multi-objective; multiobjective,microgrid; microgrids,,ga,,,
tan_multi-objective_2014,2014,ARTICLE,Multi-objective optimization of hybrid energy storage and assessment indices in microgrid,Dianli Xitong Zidonghue,10.7500/AEPS20130719005,moo_mes,1,1,0,0,multi-objective; multiobjective,microgrid; micro grid; microgrids,,particle swarm; pso,,,
tan_multi-objective_2016,2016,ARTICLE,Multi-objective optimal sizing method for distributed power of wind-solar-diesel-battery independent microgrid based on improved electromagnetism-like mechanism,Dianli Xitong Baohu yu Kongzhi,10.7667/PSPC151042,moo_mes,1,1,0,0,multi-objective,microgrid; distributed generation,,,,,
tan_data_2022,2022,ARTICLE,Data Mining Based Integrated Electric-Gas Energy System Multi-Objective Optimization,Energy Eng,10.32604/ee.2022.019550,moo_mes,1,1,0,0,multi-objective; multiobjective,multi-energy; integrated energy,,ga,,,
tanaka_multi-objective_2018,2018,ARTICLE,Multi-objective optimization using two-stage {EMO} for renewable energy management in medical facility,Int. J. Renew. Energy Res.,,moo_only,1,0,0,0,multi-objective; multiobjective,,,,,,
tang_comprehensive_2022,2022,ARTICLE,Comprehensive performance evaluation and optimization of a liquid carbon dioxide energy storage system with heat source,Appl Therm Eng,10.1016/j.applthermaleng.2022.118957,moo_only,1,0,0,0,multi-objective; multiobjective,,,ga,,,
tang_electric-gas_2023,2023,INPROCEEDINGS,Electric-Gas Integrated Energy Dispatch Based on Multi-ob jective Gray Wolf Algorithm,Institute of Physics,10.1088/1742-6596/2503/1/012086,moo_mes,1,1,0,0,multi-objective; multiobjective,integrated energy; electricity-gas,,ga; grey wolf; gwo,,,
tang_short-term_2025,2025,ARTICLE,Short-term optimal scheduling and comprehensive assessment of hydro-photovoltaic-wind systems augmented with hybrid pumped storage hydropower plants and diversified energy storage configurations,Appl. Energy,10.1016/j.apenergy.2025.125787,moo_mes,1,1,0,0,multi-objective; multiobjective; multi-criteria,multi-energy; multi energy,,ga,,,
tang_design_2023,2023,INPROCEEDINGS,Design Hydro-Solar-Wind Multi-energy Complementary System via Multi-Objective Optimization,Institute of Electrical and Electronics Engineers Inc,10.1109/ICEPT59018.2023.10492265,moo_mes,1,1,0,0,multi-objective; multiobjective; non-dominated,multi-energy; multi energy,,genetic algorithm; ga,,,
tang_time-varying_2025,2025,ARTICLE,Time-varying cost modeling and maintenance strategy optimization of plateau wind turbines considering degradation states,Appl. Energy,10.1016/j.apenergy.2024.124464,moo_only,1,0,0,0,multi-objective; multiobjective,,,,,,
tang_thermo-economic_2021,2021,INPROCEEDINGS,Thermo-economic analysis and multi-objective optimization of a novel {CCHP} system driven by geothermal energy,Scanditale {AB},10.46855/energy-proceedings-9846,moo_mes,1,1,0,0,multi-objective; multiobjective,cchp; chp,,ga,,,
tang_multi-objective_2019,2019,ARTICLE,Multi-Objective Optimization of User Association in {HetNets} with Hybrid Power Supply,{IEEE} Trans. Green Commun. Networking,10.1109/TGCN.2019.2928326,moo_only,1,0,0,0,multi-objective; multiobjective,,,,,,
tang_reliable_2023,2023,ARTICLE,Reliable design optimization for industrial hybrid energy systems with uncertain sustainable energy,Energy Convers. Manage.,10.1016/j.enconman.2023.116963,moo_only,1,0,0,0,multi-objective; multi objective; multiobjective; pareto,,,ga,,,
tang_day-ahead_2023,2023,INPROCEEDINGS,Day-ahead multi-objective optimization of {CHP} unit with heat storage considering flexibility,Institute of Physics,10.1088/1742-6596/2527/1/012018,moo_mes,1,1,0,0,multi-objective; multiobjective; pareto; nsga,microgrid; combined heat and power; chp,,ga; nsga,,,
tang_solving_2024,2024,ARTICLE,Solving Engineering Optimization Problems Based on Multi-Strategy Particle Swarm Optimization Hybrid Dandelion Optimization Algorithm,Biomimetics,10.3390/biomimetics9050298,moo_mes,1,1,0,0,multi-objective,microgrid,,particle swarm; pso,,neural network,
tang_analysis_2018,2018,INPROCEEDINGS,Analysis of controlled islanding in multi-infeed {HVDC} systems,Institution of Engineering and Technology,10.1049/cp.2018.1776,moo_only,1,0,0,0,multi-objective; multiobjective,,,,,,
tang_research_2023,2023,INPROCEEDINGS,Research on Capacity Configuration Optimization of Multi-Energy Complementary System Using Deep Reinforce Learning,Institute of Electrical and Electronics Engineers Inc,10.1109/ICPES59999.2023.10400148,moo_mes,1,1,0,0,multi-objective; multiobjective,multi-energy; multi energy,,ga,,deep learning,
tang_t_research_2022,2022,INPROCEEDINGS,Research on multi-objective optimal scheduling of virtual power plant based on self-supplied coal-fired power plants,{IOP} Publishing Ltd,10.1088/1755-1315/983/1/012019,moo_mes,1,1,0,0,multi-objective,virtual power plant,,particle swarm,,,
tang_w_research_2020,2020,INPROCEEDINGS,Research on energy transaction mode of regional microgrid cluster and distribution network considering wind power uncertainty,Institute of Physics Publishing,10.1088/1755-1315/467/1/012208,moo_mes,1,1,0,0,multi-objective; multiobjective; nsga,microgrid; microgrids,,ga; nsga,,,
tang_w_energy_2020,2020,INPROCEEDINGS,An energy management model for isolated microgrid community considering operation flexibility,Institute of Physics Publishing,10.1088/1755-1315/467/1/012107,moo_mes,1,1,0,0,multi-objective; multiobjective,microgrid; microgrids,,,,,
tangi_designing_2025,2025,ARTICLE,Designing integrated and resilient multi-energy systems via multi-objective optimization and scenario analysis,Appl. Energy,10.1016/j.apenergy.2025.125281,moo_mes,1,1,0,0,multi-objective; mopso; moea,multi-energy,,ga; pso; mopso; moea,,,
tanigawa_multi-objective_2023,2023,INPROCEEDINGS,Multi-Objective Optimization With Multiple Load Control Strategy,Institute of Electrical and Electronics Engineers Inc,10.1109/GPECOM58364.2023.10175782,moo_only,1,0,0,0,multi-objective; multiobjective,,,ga,,,
tanyildizi_agir_multi-objective_2021,2021,ARTICLE,Multi-objective optimization of microgrids based on recent metaheuristic methods,Teh. Vjesn.,10.17559/TV-20200112201457,moo_mes,1,1,0,0,multi-objective; multiobjective,microgrid; micro-grid; micro grid; microgrids,,ga; particle swarm; pso,,,
tao_techno-economic_2023,2023,ARTICLE,Techno-economic examination and optimization of a combined solar power and heating plant to achieve a clean energy conversion plant,Process Saf. Environ. Prot.,10.1016/j.psep.2023.03.082,moo_only,1,0,0,0,multi-objective; multiobjective; pareto,,,ga,,,
tao_multi-objective_2016,2016,INPROCEEDINGS,Multi-objective optimization model of combined cooling heating and power system based on solar energy,Institute of Electrical and Electronics Engineers Inc,10.1109/ICIEA.2016.7603752,moo_mes,1,1,0,0,multi-objective; multi objective; multiobjective,cchp; combined cooling heating and power; chp,,,,,
tariq_artificial_2021,2021,ARTICLE,Artificial intelligence assisted technoeconomic optimization scenarios of hybrid energy systems for water management of an isolated community,Sustainable Energy Technol. Assess.,10.1016/j.seta.2021.101561,moo_mes_surrogate,1,1,1,1,multi-objective; multiobjective; multicriteria; pareto; nsga,hybrid renewable energy system; hybrid renewable energy systems; off-grid,multicriteria decision; topsis,genetic algorithm; ga; nsga,surrogate; meta model,neural network,surrogate
tariq_exergy-based_2022,2022,ARTICLE,"Exergy-based weighted optimization and smart decision-making for renewable energy systems considering economics, reliability, risk, and environmental assessments",Renewable Sustainable Energy Rev,10.1016/j.rser.2022.112445,moo_mes,1,1,0,0,multi-objective; multiobjective,integrated energy,,ga,,,
tashviri_method_2020,2020,ARTICLE,Method for {EV} charging in stochastic smart microgrid operation with fuel cell and renewable energy source ({RES}) units,{IET} Electr. Syst. Transp.,10.1049/iet-est.2019.0013,moo_mes,1,1,0,0,multi-objective; multiobjective,microgrid; microgrids; electric vehicle; electric vehicles,,ga,,,
tavagnutti_multi-objective_2023,2023,INPROCEEDINGS,A Multi-objective Optimization for the Power Management of Shipboard Zonal {DC} Microgrids,Institute of Electrical and Electronics Engineers Inc,10.1109/ESTS56571.2023.10220500,moo_mes,1,1,0,0,multi-objective; multi objective; multiobjective,microgrid; microgrids,,,,,
tavakolan_parallel_2022,2022,ARTICLE,A parallel computing simulation-based multi-objective optimization framework for economic analysis of building energy retrofit: A case study in Iran,J. Build. Eng.,10.1016/j.jobe.2021.103485,moo_only,1,0,0,0,multi-objective; multiobjective; pareto,,,genetic algorithm,,,
tawfiq_optimal_2021,2021,ARTICLE,Optimal Reliability Study of Grid-Connected {PV} Systems Using Evolutionary Computing Techniques,{IEEE} Access,10.1109/ACCESS.2021.3064906,moo_only,1,0,0,0,multi-objective; multiobjective,,,ga; particle swarm; pso,,,accelerate
tebibel_methodology_2021,2021,ARTICLE,Methodology for multi-objective optimization of wind turbine/battery/electrolyzer system for decentralized clean hydrogen production using an adapted power management strategy for low wind speed conditions,Energy Convers. Manage.,10.1016/j.enconman.2021.114125,moo_mes,1,1,0,0,multi-objective; multiobjective; pareto,hydrogen,,ga,,,
tee_sizing_2023,2023,ARTICLE,Sizing of Battery Energy Storage System: A Multi-Objective Optimization Approach in {DIgSILENT} {PowerFactory},Int. J. Renew. Energy Res.,10.20508/ijrer.v13i4.14232.g8838,moo_only,1,0,0,0,multi-objective; multiobjective; mopso,,,ga; particle swarm; pso; mopso,,,approximate
teh_maximization_2017,2017,INPROCEEDINGS,Maximization of wind energy utilization through a multi-objective optimization framework,Institute of Electrical and Electronics Engineers Inc,10.1109/TENCON.2017.8227836,moo_only,1,0,0,0,multi-objective; multiobjective,,,genetic algorithm; ga,,,
teng_integrated_2020,2020,ARTICLE,Integrated Demand Side Response Model Considering Collaborative Optimization of Regional Multi-energy System Clusters,Zhongguo Dianji Gongcheng Xuebao,10.13334/j.0258-8013.pcsee.191715,moo_mes,1,1,0,0,multi-objective; multiobjective; nsga,multi-energy,,ga; nsga,,,
teng_autonomous_2019,2019,ARTICLE,Autonomous Optimization Operation Model for Multi-source Microgrid Considering Electrothermal Hybrid Energy Storage,Zhongguo Dianji Gongcheng Xuebao,10.13334/j.0258-8013.pcsee.181922,moo_mes,1,1,0,0,multi-objective; multiobjective,multi-energy; integrated energy; microgrid; micro-grid; micro grid; hydrogen,,,,,
terada_towards_2024,2024,ARTICLE,Towards sustainable energy systems: Multi-objective microgrid sizing for environmental and economic optimization,Electr Power Syst Res,10.1016/j.epsr.2024.110731,moo_mes,1,1,0,0,multi-objective; multi objective; multiobjective; pareto,microgrid; microgrids; distributed energy,,ga,,,
terlouw_multi-objective_2019,2019,ARTICLE,Multi-objective optimization of energy arbitrage in community energy storage systems using different battery technologies,Appl. Energy,10.1016/j.apenergy.2019.01.227,moo_only,1,0,0,0,multi-objective; multiobjective; pareto,,,ga,,,
terlouw_optimal_2023,2023,ARTICLE,Optimal economic and environmental design of multi-energy systems,Appl. Energy,10.1016/j.apenergy.2023.121374,moo_mes,1,1,0,0,multi-objective; multiobjective,multi-energy,,ga,,,
terrier_local_2023,2023,INPROCEEDINGS,From local energy communities towards national energy system: a grid-aware techno-economic analysis,"International Conference on Efficiency, Cost, Optimization, Simulation and Environmental Impact of Energy Systems",10.52202/069564-0305,moo_mes,1,1,0,0,multi-objective; multiobjective,energy hub; energy community; energy communities,,,,,
terrier_local_2024,2024,ARTICLE,From Local Energy Communities towards National Energy System: A Grid-Aware Techno-Economic Analysis,Energies,10.3390/en17040910,moo_mes,1,1,0,0,multi-objective; multiobjective,energy hub; energy community; energy communities,,gwo,,,
tesio_optimized_2019,2019,ARTICLE,Optimized synthesis/design of the carbonator side for direct integration of thermochemical energy storage in small size Concentrated Solar Power,Energy Convers. Manage. X,10.1016/j.ecmx.2019.100025,moo_only,1,0,0,0,multi-objective; multiobjective,,,genetic algorithm; ga,,,
tezer_multi-objective_2025,2025,ARTICLE,Multi-objective optimization of hybrid renewable energy systems with green hydrogen integration and hybrid storage strategies,Int J Hydrogen Energy,10.1016/j.ijhydene.2025.03.006,moo_mes,1,1,0,0,multi-objective; multi objective; pareto; non-dominated; nsga; mopso,hybrid renewable energy system; hybrid renewable energy systems; hydrogen,,genetic algorithm; ga; nsga; particle swarm; pso; mopso,,,
tezer_optimal_2024,2024,ARTICLE,Optimal and reliable design of stand-alone hybrid renewable energy systems: A multi-objective approach,Energy Sources Recovery Util. Environ. Eff.,10.1080/15567036.2024.2378482,moo_mes,1,1,0,0,multi-objective; multi objective; multiobjective; pareto; non-dominated; nsga,hybrid renewable energy system; hybrid renewable energy systems; stand-alone; hydrogen,,genetic algorithm; ga; nsga,,,instead of
tezer_pareto_2022,2022,ARTICLE,A Pareto optimum approach and a power management strategy for a stand-alone wind turbine-{PV}-hydrogen with reformer hybrid renewable energy system,Environ Prog Sustainable Energy,10.1002/ep.13772,moo_mes,1,1,0,0,multi-objective; multiobjective; pareto; non-dominated; nsga,hybrid renewable energy system; stand-alone; hydrogen,,genetic algorithm; ga; nsga,,,
tezer_evaluation_2017,2017,ARTICLE,Evaluation of approaches used for optimization of stand-alone hybrid renewable energy systems,Renewable and Sustainable Energy Reviews,10.1016/j.rser.2017.01.118,moo_mes,1,1,0,0,multi-objective; multiobjective; pareto,hybrid renewable energy system; hybrid renewable energy systems; stand-alone,,ga,,,replace
thakur_multi-objective_2020,2020,INPROCEEDINGS,Multi-Objective Optimization of Triple Port Converter for Photovoltaic and Energy Storage Integration,Institute of Electrical and Electronics Engineers Inc,10.1109/ECCE44975.2020.9235718,moo_only,1,0,0,0,multi-objective; multiobjective,,,,,,
thanh_improving_2023,2023,ARTICLE,Improving Current Sharing and Voltage Regulation for {DC} Microgrids: A Decentralized Demand Response Approach,{IEEE} Trans. Smart Grid,10.1109/TSG.2022.3222220,moo_mes,1,1,0,0,multi-objective; multiobjective; pareto,microgrid; microgrids,,ga,,,
tharushi_imalka_machine_2024,2024,ARTICLE,Machine learning driven building integrated photovoltaic ({BIPV}) envelope design optimization,Energy Build.,10.1016/j.enbuild.2024.114882,moo_only,1,0,0,1,multi-objective; multi objective; nsga,,,ga; nsga,surrogate,neural network; machine learning,surrogate
theodosiou_integration_2015,2015,INPROCEEDINGS,Integration of the environmental management aspect in the optimization of the design and planning of energy systems,Elsevier Ltd,10.1016/j.jclepro.2014.05.096,moo_only,1,0,0,0,multi-objective; multiobjective; multi-criteria,,,ga,,,
thokar_optimal_2020,2020,ARTICLE,Optimal integration and management of solar generation and battery storage system in distribution systems under uncertain environment,Int. J. Renew. Energy Res.,,moo_only,1,0,0,0,multi-objective; multiobjective,,,ga,,,
thumati_honey_2022,2022,ARTICLE,Honey Badger Algorithm Based Network Reconfiguration and Integration of Renewable Distributed Generation for Electric Vehicles Load Penetration,Int. J. Intelligent Eng. Syst.,10.22266/ijies2022.0831.30,moo_mes,1,1,0,0,multi-objective,distributed generation; electric vehicle; electric vehicles,,ga; pso,,,
tiam_kapen_multi-objective_2025,2025,ARTICLE,Multi-objective optimization of a Wind/Photovoltaic/Battery hybrid system using a novel hybrid meta-heuristic algorithm,Energy Convers. Manage.,10.1016/j.enconman.2025.119533,moo_mes,1,1,0,0,multi-objective; multiobjective,microgrid; microgrids; hybrid renewable energy system; hybrid renewable energy systems,,particle swarm; pso; grey wolf,,,
tian_thermo-economic_2025,2025,ARTICLE,Thermo-economic assessment and optimization of thermally integrated pumped thermal energy storage with vapor-extraction regeneration,J. Energy Storage,10.1016/j.est.2025.115673,moo_only,1,0,0,0,multi-objective,,,cuckoo search,,,
tian_building_2025,2025,ARTICLE,Building design and operation multi-objective optimization: Energy costs vs. Emissions,Energy Build.,10.1016/j.enbuild.2024.115225,moo_mes,1,1,0,0,multi-objective; nsga,multi-energy,,genetic algorithm; ga; nsga,,neural network,
tian_novel_2023,2023,ARTICLE,A novel hybrid wind speed prediction framework based on multi-strategy improved optimizer and new data pre-processing system with feedback mechanism,Energy,10.1016/j.energy.2023.128225,moo_only,1,0,0,0,multi-objective; multiobjective,,,,,neural network,
tietze_laend_2020,2020,ARTICLE,{LAEND}: A model for multi-objective investment optimisation of residential quarters considering costs and environmental impacts,Energies,10.3390/en13030614,moo_only,1,0,0,0,multi-objective; multiobjective; multi-criteria,,,ga,,,
tolouei_integration_2022,2022,INPROCEEDINGS,{INTEGRATION} {OF} {RENEWABLE} {ENERGY} {IN} {THE} {PRODUCTION} {SCHEDULING} {PROBLEM} {USING} {GRAVITATIONAL} {SEARCH} {ALGORITHM},Baski,,moo_only,1,0,0,0,multi-objective; multi objective; multiobjective; pareto,,,,,,
tomczewski_application_2024,2024,ARTICLE,Application of the Analytic Hierarchy Process Method to Select the Final Solution for Multi-Criteria Optimization of the Structure of a Hybrid Generation System with Energy Storage,Energies,10.3390/en17246435,moo_only,1,0,1,0,multi-criteria; pareto; non-dominated; nsga,,multi-criteria decision; ahp,genetic algorithm; ga; nsga,,,
tominaga_design_2018,2018,INPROCEEDINGS,Design Optimization of Renewable Energy System Using {EMO},Institute of Electrical and Electronics Engineers Inc,10.1109/ISGWCP.2018.8634438,moo_only,1,0,0,0,multi-objective; multiobjective,,,ga,,,
tona_multi-objective_2024,2024,INPROCEEDINGS,"Multi-Objective Microgrid Management Considering Operating Costs, Battery Health, and Islanding Capability",{IEEE} Computer Society,10.1109/IECON55916.2024.10905126,moo_mes,1,1,0,0,multi-objective; multi objective; pareto,microgrid; microgrids,,genetic algorithm; ga,,,
tong_c-w_optimal_2019,2019,INPROCEEDINGS,Optimal Techno-Economic Design of Standalone Hybrid Renewable Energy System Using Genetic Algorithm,Institute of Physics Publishing,10.1088/1755-1315/268/1/012012,moo_mes,1,1,0,0,multi-objective; multiobjective; nsga,hybrid renewable energy system; hybrid renewable energy systems; standalone,,genetic algorithm; ga; nsga,,,
toopshekan_evaluation_2022,2022,ARTICLE,Evaluation of a stand-alone {CHP}-Hybrid system using a multi-criteria decision making due to the sustainable development goals,Sustainable Cities Soc.,10.1016/j.scs.2022.104170,moo_mes,1,1,1,0,multiobjective; multi-criteria; multi criteria; multicriteria,microgrid; microgrids; stand-alone; combined heat and power; chp,multi-criteria decision; multi criteria decision; multicriteria decision; topsis,ga,,,
torres-madronero_multi-objective_2024,2024,ARTICLE,Multi-objective optimisation of hybrid renewable energy systems for Colombian non-interconnected zones,Therm. Sci. Eng. Prog.,10.1016/j.tsep.2024.102927,moo_mes,1,1,0,0,multi-objective,hybrid renewable energy system; hybrid renewable energy systems,,ga; particle swarm; pso,,,
tortorelli_cooperative_2024,2024,ARTICLE,A Cooperative Multi-Agent Q-Learning Control Framework for Real-Time Energy Management in Energy Communities,Energies,10.3390/en17205199,moo_mes,1,1,0,0,multi-objective,energy community; energy communities; distributed energy,,ga,,,
torul_yurek_multi-objective_2024,2024,ARTICLE,Multi-objective optimization of energy system with battery storage—A case study of Turkey,J. Energy Storage,10.1016/j.est.2024.112101,moo_only,1,0,0,0,multi-objective; multiobjective,,,,,,
tremont-brito_microgrid_2023,2023,INPROCEEDINGS,Microgrid Design Toolkit Cost Optimization for a Rural Community in Puerto Rico,Institute of Electrical and Electronics Engineers Inc,10.1109/PVSC48320.2023.10359772,moo_mes,1,1,0,0,multi-objective; multiobjective; pareto,microgrid; microgrids,,ga,,,
trivic_optimal_2025,2025,ARTICLE,Optimal Allocation and Sizing of {BESS} in a Distribution Network with High {PV} Production Using {NSGA}-{II} and {LP} Optimization Methods,Energies,10.3390/en18051076,moo_only,1,0,0,0,multiobjective; multi-criteria; non-dominated; nsga,,,genetic algorithm; ga; nsga,,,
troldborg_assessing_2014,2014,ARTICLE,Assessing the sustainability of renewable energy technologies using multi-criteria analysis: Suitability of approach for national-scale assessments and associated uncertainties,Renewable and Sustainable Energy Reviews,10.1016/j.rser.2014.07.160,moo_only,1,0,1,0,multi-criteria,,promethee,ga,,,
trotter_impact_2017,2017,ARTICLE,The impact of political objectives on optimal electricity generation and transmission in the Southern African Power Pool,J. Energy South. Afr.,10.17159/2413-3051/2017/v28i3a2451,moo_only,1,0,0,0,multi-objective; multi-criteria,,,ga,,,
tsao_sustainable_2021,2021,ARTICLE,Sustainable microgrid design considering blockchain technology for real-time price-based demand response programs,Int J Electr Power Energy Syst,10.1016/j.ijepes.2020.106418,moo_mes,1,1,0,0,multi-objective; multiobjective,microgrid; microgrids; distributed generation,,ga,,,
tsubasa_multi-objective_2015,2015,INPROCEEDINGS,Multi-objective optimization of a battery energy management for an off-grid smart house,International Building Performance Simulation Association,,moo_mes,1,1,0,0,multi-objective; multiobjective,off-grid; electric vehicle,,,,,
tuncel_distribution_2022,2022,INPROCEEDINGS,Distribution network performance enhancement by coordinated operation planning of the {RES}-{ESS} pair,Institute of Electrical and Electronics Engineers Inc,10.1109/GEC55014.2022.9986728,moo_only,1,0,0,0,multi-objective; multiobjective,,,,,,
turja_multi-objective_2024,2024,ARTICLE,Multi-objective performance optimization \& thermodynamic analysis of solar powered supercritical {CO}2 power cycles using machine learning methods \& genetic algorithm,Energy. {AI}.,10.1016/j.egyai.2023.100327,moo_only,1,0,1,0,multi-objective; multiobjective,,topsis,genetic algorithm; ga,,neural network; machine learning; random forest; xgboost,
tyass_multi-objective_2024,2024,ARTICLE,Multi-objective algorithm for hybrid microgrid energy management based on multi-agent system,Int. J. Power Electron. Drive Syst.,10.11591/ijpeds.v15.i2.pp1235-1246,moo_mes,1,1,0,0,multi-objective,microgrid,,,,,
udeh_optimal_2022,2022,ARTICLE,Optimal sizing of a hybrid {PV}-{WT}-battery storage system: Effects of split-{ST} and combined {ST} + {ORC} back-ups in circuit charging and load following,Energy Convers. Manage.,10.1016/j.enconman.2022.115370,moo_mes,1,1,1,0,multi-objective; multiobjective; multi-criteria; pareto,hybrid renewable energy system,multi-criteria decision; topsis,ga,,,replace
udovichenko_framework_2021,2021,ARTICLE,Framework for design and optimization of a retrofitted light industrial space with a renewable energy-assisted hydroponics facility in a rural northern canadian community,J. Build. Eng.,10.1016/j.jobe.2021.102160,moo_mes,1,1,0,0,multi-objective,hybrid renewable energy system; hybrid renewable energy systems,,genetic algorithm; ga,,,
ukaegbu_multi-objective_2023,2023,ARTICLE,"Multi-Objective Optimization of a Solar-Assisted Combined Cooling, Heating and Power Generation System Using the Greywolf Optimizer",Algorithms,10.3390/a16100463,moo_mes,1,1,0,0,multi-objective; multiobjective; pareto,cchp; combined cooling heating and power; chp,,,,,
ukoba_composite_2020,2020,ARTICLE,Composite Multi-Criteria Decision Analysis for Optimization of Hybrid Renewable Energy Systems for Geopolitical Zones in Nigeria,Sustainability,10.3390/su12145732,moo_mes,1,1,1,0,multi-criteria,hybrid renewable energy system; hybrid renewable energy systems,mcdm; multi-criteria decision; topsis; ahp,ga,,,
ullah_swarm_2024,2024,INPROCEEDINGS,A Swarm Intelligence-Based Approach for Multi-Objective Optimization Considering Renewable Energy in Smart Grid,Institute of Electrical and Electronics Engineers Inc,10.1109/ICECET61485.2024.10698431,moo_only,1,0,0,0,multi-objective; multi objective; multiobjective; non-dominated; nsga; mopso,,,genetic algorithm; ga; nsga; pso; mopso,,,
ullah_energy_2025,2025,ARTICLE,"Energy optimization using hybrid demand response, renewable energy, and storage battery: A tri-objective optimization approach",Sustainable Cities Soc.,10.1016/j.scs.2025.106145,moo_only,1,0,0,0,multi-objective; non-dominated; nsga; mopso,,,genetic algorithm; ga; nsga; particle swarm; pso; mopso,,,
ullah_multi-criteria_2021,2021,ARTICLE,"Multi-criteria decision-making model for optimal planning of on/off grid hybrid solar, wind, hydro, biomass clean electricity supply",Renew. Energy,10.1016/j.renene.2021.07.063,moo_mes,1,1,1,0,multi-objective; multiobjective; multi-criteria; multi criteria; multicriteria,off-grid,multi-criteria decision; multi criteria decision; multicriteria decision,,,,
ur_rahman_habib_analysis_2022,2022,ARTICLE,Analysis of Microgrid's Operation Integrated to Renewable Energy and Electric Vehicles in View of Multiple Demand Response Programs,{IEEE} Access,10.1109/ACCESS.2022.3140587,moo_mes,1,1,0,0,multi-objective; multiobjective,microgrid; microgrids; distributed generation; electric vehicle; electric vehicles,,genetic algorithm; ga; particle swarm; pso,,,
ur_rehman_design_2017,2017,INPROCEEDINGS,Design and optimization of a De-centralized community sized solar heating system for Nordic Region,International Solar Energy Society,10.18086/swc.2017.29.09,moo_mes,1,1,0,0,multi-objective; multiobjective; nsga,district heating,,ga; nsga,,,accelerate
ur_rehman_multi-objective_2024,2024,ARTICLE,Multi-Objective Optimization for Load Balancing and Trading Scheduling in Networked Microgrids,{WSEAS} Trans. Syst.,10.37394/23202.2024.23.38,moo_mes,1,1,0,0,multi-objective; multiobjective; mopso,microgrid; microgrids,,ga; particle swarm; pso; mopso,,,
usama_multi-objective_2023,2023,ARTICLE,A multi-objective optimization of {FCL} and {DOCR} settings to mitigate distributed generations impacts on distribution networks,Int J Electr Power Energy Syst,10.1016/j.ijepes.2022.108827,moo_mes,1,1,0,0,multi-objective; multi objective; multiobjective,distributed generation,,ga,,,replace
utamidewi_optimization_2023,2023,INPROCEEDINGS,"Optimization of Hybrid Generation ({PVs}, Batteries, and Generators) in an Off-Grid Area using a Multi-Objective Optimization Approach",Institute of Electrical and Electronics Engineers Inc,10.1109/AIRoSIP58759.2023.10873942,moo_mes,1,1,0,0,multi-objective,off-grid,,particle swarm; pso,,,
uy_multi-period_2016,2016,INPROCEEDINGS,A multi-period and multi-objective optimization model of a microgrid system investment model,Czech Society of Chemical Engineering,,moo_mes,1,1,0,0,multi-objective; multiobjective,microgrid,,,,,
vahidinasab_overview_2020,2020,ARTICLE,Overview of Electric Energy Distribution Networks Expansion Planning,{IEEE} Access,10.1109/ACCESS.2020.2973455,moo_mes,1,1,0,0,multi-objective; multiobjective,integrated energy; distributed energy; distributed generation,,ga,,,
vaish_multi-objective_2024,2024,ARTICLE,Multi-objective optimization of distributed energy resources based microgrid using random forest model,Bull. Electr. Eng. Inform.,10.11591/eei.v13i1.7087,moo_mes,1,1,0,0,multi-objective,microgrid; microgrids; distributed energy,,ga; particle swarm; pso,,neural network; machine learning; random forest,
vaithiyanathan_multi-objective_2024,2024,ARTICLE,A Multi-Objective Time–Series Optimization for Optimum Planning Design of Integrative Power System with the Effects of Multi-Dimensional Sources of Uncertainty,Electr. Power Comp. Syst.,10.1080/15325008.2023.2237017,moo_mes,1,1,0,0,multi-objective; multiobjective,multi-energy,,ga,,,
vanio_network_2023,2023,INPROCEEDINGS,Network Reconfiguration and Distributed Generators Allocation and Sizing Using Multi-Objective Optimization Algorithms,Institute of Electrical and Electronics Engineers Inc,10.1109/SEPOC58810.2023.10322616,moo_only,1,0,0,0,multi-objective; multiobjective; pareto; non-dominated; nsga,,,genetic algorithm; ga; nsga; spea,,,
vasquez_multi-objective_2024,2024,INPROCEEDINGS,Multi-Objective Distributed Predictive Secondary Control Design for Frequency Restoration and Active Power Sharing of Microgrids,{IEEE} Computer Society,10.1109/IECON55916.2024.10905135,moo_mes,1,1,0,0,multi-objective; multi objective; multiobjective; pareto,microgrid; microgrids; distributed generation,,genetic algorithm,,,
vasquez_balancing_2023,2023,ARTICLE,Balancing {CO}2 emissions and economic cost in a microgrid through an energy management system using {MPC} and multi-objective optimization,Appl. Energy,10.1016/j.apenergy.2023.120998,moo_mes,1,1,0,0,multi-objective; multiobjective; pareto,microgrid,,ga,,,instead of
veisi_novel_2022,2022,ARTICLE,A novel comprehensive energy management model for multi-microgrids considering ancillary services,{IET} Gener. Transm. Distrib.,10.1049/gtd2.12632,moo_mes,1,1,0,0,multi-objective; multiobjective,microgrid; micro-grid; microgrids,,,,,
veisi_using_2022,2022,ARTICLE,Using intelligent multi-objective optimization and artificial neural networking to achieve maximum solar radiation with minimum volume in the archetype urban block,Sustainable Cities Soc.,10.1016/j.scs.2022.104101,moo_only,1,0,0,1,multi-objective; multiobjective; pareto; nsga,,,genetic algorithm; ga; nsga,,neural network; machine learning,computation time; replace
velarde_multi-objective_2021,2021,INPROCEEDINGS,"Multi-Objective Optimisation Analysis for Off-Grid, On-Site Power Generation Comparing Hybrid Renewable Energy Systems and Gas-to-Power Systems in Upstream Applications",Society of Petroleum Engineers ({SPE}),10.2118/204814-MS,moo_mes,1,1,0,0,multi-objective; multiobjective,hybrid renewable energy system; hybrid renewable energy systems; off-grid; hydrogen,,ga,,,
velasquez_intelligence_2023,2023,ARTICLE,Intelligence Techniques in Sustainable Energy: Analysis of a Decade of Advances,Energies,10.3390/en16196974,moo_mes,1,1,0,0,multi-objective; multiobjective,microgrid; microgrids; hydrogen; electric vehicle; electric vehicles,,genetic algorithm; particle swarm; pso; differential evolution,,neural network; deep learning; machine learning; support vector,
vemalaiah_optimal_2023,2023,INPROCEEDINGS,Optimal Day-Ahead Scheduling of Distributed Energy Resources: A Strategy Based on Information Gap Decision Theory to Address Multiple Uncertainties in the Active Distribution Networks,Institute of Electrical and Electronics Engineers Inc,,moo_mes,1,1,0,0,multi-objective; multiobjective,distributed energy,,ga,,,
vendoti_performance_2019,2019,ARTICLE,Performance analysis of hybrid power system along with conventional energy sources for sustainable development in rural areas,Int. J. Recent Technol. Eng.,10.35940/ijrte.F2567.098319,moo_only,1,0,0,0,multi-objective,,,ga,,,
venkata_rao_elitist_2023,2023,ARTICLE,Elitist Rao Algorithms and R-Method for Optimization of Energy Systems,Heat Transfer Eng,10.1080/01457632.2022.2113448,moo_only,1,0,0,0,multi-objective; many-objective; pareto; hypervolume,,,,,,
veremiichuk_optimal_2023,2023,INPROCEEDINGS,Optimal Generation Structure within Sustainable Energy Communities Demand,Institute of Electrical and Electronics Engineers Inc,10.1109/RTUCON60080.2023.10413185,moo_mes,1,1,0,0,multiobjective; multi-criteria; multicriteria,energy community; energy communities; distributed generation,,ga,,,
vergara_towards_2015,2015,INPROCEEDINGS,Towards a real-time Energy Management System for a Microgrid using a multi-objective genetic algorithm,{IEEE} Computer Society,10.1109/PESGM.2015.7285956,moo_mes,1,1,0,0,multi-objective; multiobjective; pareto; non-dominated; nsga,microgrid; micro grid,,genetic algorithm; ga; nsga,,,
vergara-zambrano_integration_2022,2022,ARTICLE,Integration of renewable energy into the copper mining industry: A multi-objective approach,J. Clean. Prod.,10.1016/j.jclepro.2022.133419,moo_mes,1,1,0,0,multi-objective; multi objective; multiobjective,hybrid renewable energy system,,ga,,,
verma_case_2023,2023,ARTICLE,"A Case Study of Optimization of a Solar Power Plant Sizing and Placement in Madhya Pradesh, India Using Multi-Objective Genetic Algorithm",Ann. Data Sci.,10.1007/s40745-021-00334-z,moo_only,1,0,0,0,multi-objective; multi objective,,,genetic algorithm; ga,,,
viesi_multi-objective_2023,2023,ARTICLE,Multi-objective optimization of an energy community: an integrated and dynamic approach for full decarbonisation in the European Alps,{IJSEPM},10.54337/ijsepm.7607,moo_mes,1,1,0,0,multi-objective; multiobjective,sector coupling; energy community; energy communities; hydrogen; electric vehicle; electric vehicles,,,,,replace
vigano_storage_2015,2015,INPROCEEDINGS,Storage units in active distribution networks: Advanced voltage regulation with multi-objective optimization,Institute of Electrical and Electronics Engineers Inc,10.1109/PTC.2015.7232422,moo_mes,1,1,0,0,multi-objective; multiobjective,distributed generation,,ga,,,
vijayakumar_secure_2025,2025,ARTICLE,Secure {SustainNet}: A Multi-Objective Framework for Enhancing Security and Sustainability in Data Centers,J. Neonatal. Surg.,10.52783/jns.v14.1704,moo_only,1,0,0,0,multi-objective,,,,,,
vijayal_integrated_2022,2022,ARTICLE,Integrated Renewable Smart Grid System Using Fuzzy Based Intelligent Controller,Intell. Autom. Soft Comp.,10.32604/iasc.2022.023890,moo_only,1,0,0,0,multi objective,,,genetic algorithm; ga,,,
viole_integrated_2024,2024,ARTICLE,Integrated life cycle assessment in off-grid energy system design—Uncovering low hanging fruit for climate mitigation,Appl. Energy,10.1016/j.apenergy.2024.123334,moo_mes,1,1,0,0,multi-objective; multiobjective; pareto,off-grid; hydrogen,,ga,,,
vivas_fernandez_extended_2020,2020,ARTICLE,Extended model predictive controller to develop energy management systems in renewable source-based smart microgrids with hydrogen as backup. Theoretical foundation and case study,Sustainability,10.3390/su12218969,moo_mes,1,1,0,0,multi-objective,microgrid; microgrids; hydrogen,,,,,
vulic_towards_2024,2024,INPROCEEDINGS,{TOWARDS} {NET} {ZERO} {PATHWAYS} {FOR} {BUILDING} {STOCK} {PORTFOLIOS} {BASED} {ON} {KEY} {PERFORMANCE} {INDICATORS},{ECOS} 2024,10.52202/077185-0061,moo_only,1,0,0,0,multi-objective; pareto,,,ga,,,replace
wagh_comparison_2022,2022,INCOLLECTION,Comparison of open access multi-objective optimization software tools for standalone hybrid renewable energy systems,Advances of Artificial Intelligence in a Green Energy Environment,10.1016/B978-0-323-89785-3.00010-4,moo_mes,1,1,0,0,multi-objective; multiobjective,hybrid renewable energy system; hybrid renewable energy systems; standalone,,,,,
wagh_pso-based_2020,2020,INCOLLECTION,A {PSO}-Based Multi-objective Optimization to Satisfy the Electrical Energy Demand Through Renewable Energy Integration: A Case Study,Green Energy and Technology,10.1007/978-981-15-4246-6_5,moo_only,1,0,0,0,multi-objective; multiobjective,,,ga; particle swarm; pso,,,
waibel_co-simulation_2019,2019,ARTICLE,"Co-simulation and optimization of building geometry and multi-energy systems: Interdependencies in energy supply, energy demand and solar potentials",Appl. Energy,10.1016/j.apenergy.2019.03.177,moo_mes,1,1,0,0,multi-objective; multiobjective,multi-energy; energy hub,,,,,
wakui_operations_2017,2017,INPROCEEDINGS,Operations management of energy supply networks based on two-stage multi-objective schedule planning,International Measurement Confederation ({IMEKO}),,moo_mes,1,1,0,0,multi-objective; multiobjective; pareto,microgrid; micro grid,,ga,,support vector,
wakui_predictive_2018,2018,ARTICLE,Predictive management of cogeneration-based energy supply networks using two-stage multi-objective optimization,Energy,10.1016/j.energy.2018.08.072,moo_mes,1,1,0,0,multi-objective; multiobjective,microgrid; micro grid,,ga,,support vector,
wamalwa_optimal_2014,2014,INPROCEEDINGS,"Optimal energy mix of a microhydro-wind-grid system powering a dairy farm in Western Cape, South Africa",Elsevier Ltd,10.1016/j.egypro.2017.12.116,moo_only,1,0,0,0,multi-objective; multiobjective,,,,,,
wan_optimal_2025,2025,ARTICLE,Optimal sizing and operation of community hybrid energy storage systems,J. Energy Storage,10.1016/j.est.2025.116209,moo_only,1,0,0,0,multi-objective,,,,,,
wang_multi-objective_2024,2024,ARTICLE,Multi-objective optimization algorithm for economy and flexibility of cogeneration unit with heat storage,Electr. Pow. Eng. Technol.,10.12158/j.2096-3203.2024.02.026,moo_only,1,0,0,0,multi-objective; pareto; non-dominated; nsga,,,genetic algorithm; ga; nsga,,,
wang_real-time_2020,2020,ARTICLE,Real-time Prior Dispatch Method for Renewable Energy with Safety and Economy Coordination of Power Grid and Its Application,Dianli Xitong Zidonghue,10.7500/AEPS20191121001,moo_only,1,0,0,0,multi-objective; multiobjective,,,,,,
wang_case_2022,2022,ARTICLE,Case studies of a distributed building energy system incorporating with {EVs} considering effects of random charging behaviors and time-of-use pricing in electricity,Case Stud. Therm. Eng.,10.1016/j.csite.2022.102297,moo_mes,1,1,0,0,multi-objective; multiobjective; nondominated; nsga,electric vehicle; electric vehicles,,genetic algorithm; ga; nsga,,,
wang_analysis_2019,2019,ARTICLE,Analysis of operation cost and wind curtailment using multi-objective unit commitment with battery energy storage,Energy,10.1016/j.energy.2019.04.108,moo_only,1,0,0,0,multi-objective; multiobjective,,,ga; particle swarm; pso,,,
wang_optimal_2018,2018,INPROCEEDINGS,Optimal Dispatch of an Island {MG} Including a Multiple Energy Storage System,Institute of Electrical and Electronics Engineers Inc,,moo_mes,1,1,0,0,multi-objective; multiobjective; pareto,integrated energy; microgrid,,ga,,,
wang_multi-objective_2014,2014,INPROCEEDINGS,Multi-objective Power System Real-Time Dispatch Based on Rule-Guided Deep Reinforcement Learning,Springer Verlag,10.1007/978-981-99-1439-5_114,moo_only,1,0,0,0,multi-objective; multi objective; multiobjective,,,,,deep learning,
wang_performance_2024,2024,ARTICLE,Performance analysis and optimization of a zero-emission solar-driven hydrogen production system based on solar power tower plant and protonic ceramic electrolysis cells,Int J Hydrogen Energy,10.1016/j.ijhydene.2024.08.174,moo_mes,1,1,0,0,multi-objective,hydrogen,,ga,,neural network,
wang_multi-scenario_2011,2011,INPROCEEDINGS,"Multi-scenario, multi-objective optimization of grid-parallel Microgrid",,10.1109/DRPT.2011.5994160,moo_mes,1,1,0,0,multi-objective; multi objective; multiobjective,microgrid; micro grid,,,,,
wang_research_2022,2022,ARTICLE,"Research on Interval Security Region of Regional Integrated Energy System Integrated With Renewable Energy Sources, Part {II}: Full-dimensional Observation and Optimization of Region Geometric Features",Zhongguo Dianji Gongcheng Xuebao,10.13334/j.0258-8013.pcsee.212758,moo_mes,1,1,0,0,multi-objective; multiobjective,integrated energy; energy hub,,,,,
wang_online_2012,2012,ARTICLE,Online voltage security assessment considering comfort-constrained demand response control of distributed heat pump systems,Appl. Energy,10.1016/j.apenergy.2011.12.005,moo_mes,1,1,0,0,multi-objective; multi objective; multiobjective,distributed energy,,ga,,,replace
wang_multi-objective_2023,2023,ARTICLE,A Multi-Objective Virtual Network Migration Algorithm Based on Reinforcement Learning,{IEEE} Trans. Cloud Comput.,10.1109/TCC.2022.3180784,moo_only,1,0,0,0,multi-objective; multi objective; multiobjective,,,,,,
wang_interval_2023,2023,ARTICLE,{AN} {INTERVAL} {MULTI}-{OBJECTIVE} {OPTIMIZATION} {STRATEGY} {OF} {ISLAND} {INTEGRATED} {ENERGY} {SYSTEM} {CONSIDERING} {MULTIPLE} {UNCERTAINTIES},{ICIC} Express Lett.,10.24507/icicel.17.10.1143,moo_mes,1,1,0,0,multi-objective,multi-energy; integrated energy; microgrid,,,,,
wang_multi-objective_2024-1,2024,ARTICLE,Multi-objective optimization and evaluation of the building-integrated photovoltaic/thermal-energy pile ground source heat pump system,Appl. Energy,10.1016/j.apenergy.2024.123653,moo_only,1,0,0,0,multi-objective; multiobjective; nsga,,,ga; nsga,,,
wang_search_2017,2017,ARTICLE,Search improvement process-chaotic optimization-particle swarm optimization-elite retention strategy and improved combined cooling-heating-power strategy based two-Time scale multi-objective optimization model for stand-Alone microgrid operation,Energies,10.3390/en10121936,moo_mes,1,1,0,0,multi-objective; multiobjective,microgrid; stand-alone; distributed generation; cchp; chp,,particle swarm; pso,,,
wang_modified_2017,2017,ARTICLE,Modified chaos particle swarm optimization-based optimized operation model for stand-alone {CCHP} microgrid,Appl. Sci.,10.3390/app7080754,moo_mes,1,1,0,0,multi-objective,microgrid; stand-alone; distributed generation; cchp; chp,,ga; particle swarm; pso,,,
wang_multiobjective_2022,2022,ARTICLE,Multi‐Objective Optimal Integration of Solar Heating and Heat Storage into Existing Fossil Fuel‐Based Heat and Power Production Systems,Energies,10.3390/en15051942,moo_mes,1,1,1,0,multi-objective; multi objective; multiobjective; pareto,combined heat and power; chp; district heating,topsis,ga,,,
wang_optimal_2024-1,2024,ARTICLE,Optimal combination of daily and seasonal energy storage using battery and hydrogen production to increase the self-sufficiency of local energy communities,J. Energy Storage,10.1016/j.est.2024.112206,moo_mes,1,1,0,0,multi-objective; multiobjective; multi-criteria; pareto,energy community; energy communities; hydrogen,,ga,,,
wang_optimizing_2024-1,2024,INPROCEEDINGS,Optimizing Rural Microgrids with Integrated Hydro-{PV}-Storage Systems for Enhanced Voltage Stability and Economic Efficiency,Institute of Electrical and Electronics Engineers Inc,10.1109/ICPES63746.2024.10856656,moo_mes,1,1,0,0,multi-objective; non-dominated; nsga,microgrid; microgrids,,genetic algorithm; ga; nsga,,,
wang_multi-objective_2025,2025,ARTICLE,Multi-objective optimization of hybrid energy storage systems under uncertainty,J. Energy Storage,10.1016/j.est.2024.115218,moo_mes_surrogate,1,1,1,1,multi-objective; multi-criteria,multi-energy; hydrogen,multi-criteria decision,ga,polynomial chaos,,
wang_cross_2020,2020,ARTICLE,Cross entropy optimization based on decomposition for multi-objective economic emission dispatch considering renewable energy generation uncertainties,Energy,10.1016/j.energy.2019.116790,moo_only,1,0,0,0,multi-objective; multiobjective; pareto,,,ga,,,
wang_capacity_2024,2024,ARTICLE,Capacity Optimization of Pumped–Hydro–Wind–Photovoltaic Hybrid System Based on Normal Boundary Intersection Method,Sustainability,10.3390/su16177244,moo_mes,1,1,0,0,multi-objective,multi-energy,,,,,
wang_multi-objective_2019,2019,ARTICLE,Multi-objective clearing model of distribution market with microgrids considering demand response,Dianli Jianshe,10.3969/j.issn.1000-7229.2019.02.004,moo_mes,1,1,0,0,multi-objective; pareto; non-dominated; nsga,microgrid; microgrids,,genetic algorithm; ga; nsga,,,accelerate
wang_optimal_2023,2023,ARTICLE,Optimal size selection of combined diesel generator/fuel cell/photovoltaic system components using a multi-objective strategy and sea lion optimization algorithm,{IET}. Renew. Power Gener.,10.1049/rpg2.12795,moo_mes,1,1,0,0,multi-objective; multiobjective; pareto,off-grid; hydrogen,,,,,
wang_optimal_2021,2021,ARTICLE,Optimal scheduling of electric vehicles charging in battery swapping station considering wind- photovoltaic accommodation,Electric Power Systems Research,10.1016/j.epsr.2021.107451,moo_mes,1,1,0,0,multi-objective,electric vehicle; electric vehicles,,genetic algorithm; ga,,,
wang_multi-objective_2021,2021,ARTICLE,Multi-objective optimization with thermodynamic analysis of an integrated energy system based on biomass and solar energies,J. Clean. Prod.,10.1016/j.jclepro.2021.129257,moo_mes,1,1,0,0,multi-objective; multiobjective; pareto; nsga,integrated energy,,ga; nsga,,,
wang_optimal_2020,2020,ARTICLE,Optimal renewable resource allocation and load scheduling of resilient communities,Energies,10.3390/en13215683,moo_mes,1,1,0,0,multi-objective; multiobjective,microgrid; microgrids,,,,,
wang_optimal_2014,2014,INPROCEEDINGS,Optimal Allocation of Dispatchable Resources in an Integrated Energy System Based on Flexibility,Springer Verlag,10.1007/978-981-99-0553-9_57,moo_mes,1,1,1,0,multi-objective; multiobjective,integrated energy,topsis,ga,,,
wang_multi-objective_2022,2022,ARTICLE,A multi-objective approach to determine time series aggregation strategies for optimal design of multi-energy systems,Energy,10.1016/j.energy.2022.124783,moo_mes,1,1,0,0,multi-objective; multiobjective,multi-energy,,ga,,,
wang_multi-objective_2025-1,2025,ARTICLE,Multi-objective Capacity Optimization Configuration in Microgrid Considering Life Cycle Carbon Metering and Carbon Trading Mechanism,Mod. Electr. Power,10.19725/j.cnki.1007-2322.2023.0106,moo_mes,1,1,0,0,multi-objective,microgrid,,,,,
wang_research_2023,2023,ARTICLE,{RESEARCH} {ON} {DAY}-{AHEAD} {OPTIMAL} {DISPATCHING} {OF} {HIGH}-{PROPORTION} {RENEWABLE} {ENERGY} {POWER} {SYSTEM} {CONSIDERING} {DEEP} {PEAK} {LOAD} {REGULATION} {OF} {THERMAL} {POWER},Taiyangneng Xuebao,10.19912/j.0254-0096.tynxb.2021-0868,moo_only,1,0,0,0,multi-objective; multiobjective; nsga,,,ga; nsga,,,
wang_optimal_2021-1,2021,ARTICLE,"Optimal design of hybrid combined cooling, heating and power systems considering the uncertainties of load demands and renewable energy sources",J. Clean. Prod.,10.1016/j.jclepro.2020.125357,moo_mes,1,1,0,0,multi-objective; pareto; non-dominated,"integrated energy; energy hub; cchp; combined cooling, heating, and power; combined cooling heating and power; chp",,genetic algorithm; ga,,,
wang_multi-objective_2024-2,2024,ARTICLE,Multi-objective optimization and multi-criteria evaluation framework for the design of distributed multi-energy system: A case study in industrial park,J. Build. Eng.,10.1016/j.jobe.2024.109138,moo_mes,1,1,0,0,multi-objective; multiobjective; multi-criteria; non-dominated,multi-energy,,genetic algorithm; ga,,,
wang_multi-objective_2024-3,2024,ARTICLE,Multi-objective stochastic-robust based selection-allocation-operation cooperative optimization of rural integrated energy systems considering supply-demand multiple uncertainties,Renew. Energy,10.1016/j.renene.2024.121159,moo_mes,1,1,0,0,multi-objective; multi objective; multiobjective,integrated energy,,ga,,,
wang_multi-objective_2020,2020,INPROCEEDINGS,Multi-objective optimization of park-level integrated energy system: Model and analysis,{IOP} Publishing Ltd,10.1088/1755-1315/558/5/052052,moo_mes,1,1,0,0,multi-objective; multiobjective,integrated energy,,ga,,,
wang_resilience-oriented_2019,2019,INPROCEEDINGS,Resilience-oriented multi-energy complementary microgrid robust optimal operation strategy considering the uncertainty,Institution of Engineering and Technology,10.1049/cp.2019.0434,moo_mes,1,1,0,0,multi-objective; multiobjective,multi-energy; microgrid; micro grid; microgrids; distributed energy; cchp; chp,,,,,
wang_multi-energy_2024,2024,ARTICLE,Multi-energy complementary integrated energy system optimization with electric vehicle participation considering uncertainties,Energy,10.1016/j.energy.2024.133109,moo_mes,1,1,0,0,multi-objective,multi-energy; integrated energy; electric vehicle; electric vehicles,,ga,,,
wang_muti-objective_2024,2024,ARTICLE,Muti-objective robust optimization method for energy storage stations considering confidence theory,Energy. Storage. Sci. Technol.,10.19799/j.cnki.2095-4239.2024.0691,moo_only,1,0,0,0,multi-objective; pareto,,,,,,
wang_short-term_2020,2020,ARTICLE,Short-term Coordinated Scheduling of Wind-pumped-hydro-thermal Power System With Multi-energy Complementarities,Dianwang Jishu,10.13335/j.1000-3673.pst.2020.0476,moo_mes,1,1,0,0,multi-objective; multiobjective,multi-energy,,,,,
wang_multi-objective_2018,2018,ARTICLE,Multi-objective operation optimization for integrated electricity and gas systems considering the accommodation capability of wind power,Dianli Jianshe,10.3969/j.issn.1000-7229.2018.06.014,moo_mes,1,1,0,0,multi-objective; pareto,integrated energy,,ga,,,
wang_development_2024,2024,ARTICLE,Development and analysis of a novel power-to-gas-to-power system driven by the Allam cycle for simultaneous electricity and water production,Energy Convers. Manage.,10.1016/j.enconman.2024.118934,moo_only,1,0,0,0,multi-objective,,,ga,,neural network,
wang_min-max_2017,2017,INPROCEEDINGS,Min-max multi-objective optimization scheduling of microgrids with renewable energy,Institute of Electrical and Electronics Engineers Inc,10.1109/CAC.2017.8243488,moo_mes,1,1,0,0,multi-objective; multi objective; multiobjective,microgrid; micro grid; microgrids,,,,,
wang_integrated_2017,2017,ARTICLE,Integrated scheduling of energy supply and demand in microgrids under uncertainty: A robust multi-objective optimization approach,Energy,10.1016/j.energy.2017.04.115,moo_mes,1,1,0,0,multi-objective; multiobjective; multicriteria,microgrid; micro grid; microgrids,,,,,
wang_robust_2017,2017,ARTICLE,Robust Multi-Objective Optimization Scheduling of Micro-Grids with Renewable Energy,Diangong Jishu Xuebao,,moo_mes,1,1,0,0,multi-objective; multi objective; multiobjective; pareto,micro-grid; micro grid,,,,,
wang_robust_2019,2019,ARTICLE,Robust multi-objective optimization for energy production scheduling in microgrids,Eng Optim,10.1080/0305215X.2018.1457655,moo_mes,1,1,0,0,multi-objective; multiobjective,microgrid; micro grid; microgrids,,,,,
wang_multi-objective_2023-1,2023,INPROCEEDINGS,Multi-Objective Optimization Scheduling of Microgrids Considering Demand Response,Institute of Electrical and Electronics Engineers Inc,10.1109/CAC59555.2023.10451373,moo_mes,1,1,0,0,multi-objective; multiobjective; pareto,microgrid; micro grid; microgrids,,particle swarm; pso,,,
wang_adequacy-based_2007,2007,INPROCEEDINGS,Adequacy-based design of a hybrid generating system including intermittent sources using constrained particle swarm optimization,,10.1109/PES.2007.385595,moo_only,1,0,0,0,multi-objective; multiobjective; pareto,,,ga; particle swarm; pso,,,
wang_compromise_2007,2007,INPROCEEDINGS,Compromise between cost and reliability in optimum design of an autonomous hybrid power system using mixed-integer {PSO} algorithm,,10.1109/ICCEP.2007.384284,moo_mes,1,1,0,0,multi-objective; multiobjective; non-dominated; mopso,distributed generation,,particle swarm; pso; mopso,,,instead of
wang_pso-based_2007,2007,INPROCEEDINGS,{PSO}-based hybrid generating system design incorporating reliability evaluation and generation/load forecasting,,10.1109/PCT.2007.4538519,moo_only,1,0,0,0,multi-objective,,,particle swarm; pso,,,
wang_reliability-based_2023,2023,INPROCEEDINGS,Reliability-based Multi-objective Optimization with Uncertain Wind Power,Institute of Physics,10.1088/1742-6596/2473/1/012016,moo_mes,1,1,0,0,multi-objective; multiobjective; pareto; nsga,microgrid; microgrids,,ga; nsga,,,
wang_optimal_2016,2016,ARTICLE,Optimal environmental economic scheduling of combined cooling heating and power microgrid system with multi-renewable energy,Kongzhi yu Juece Control Decis,10.13195/j.kzyjc.2015.0393,moo_mes,1,1,0,0,multi-objective; multiobjective; pareto,microgrid; micro grid; combined cooling heating and power,,,,,
wang_two-stage_2019,2019,INPROCEEDINGS,A {TWO}-{STAGE} {MULTI}-{OBJECTIVE} {STOCHASTIC} {PROGRAMMING} {MODEL} {FOR} {DESIGN} {OF} {BUILDING} {INTEGRATED} {ENERGY} {SYSTEM},Scanditale {AB},10.46855/energy-proceedings-3203,moo_mes,1,1,0,0,multi-objective; pareto,integrated energy,,ga,,,computational cost
wang_multi-objective_2020-1,2020,INPROCEEDINGS,Multi-objective optimization of distributed energy systems under uncertainty,Institute of Electrical and Electronics Engineers Inc,10.1109/EI250167.2020.9346638,moo_mes,1,1,0,0,multi-objective; multiobjective; pareto,distributed energy,,,,,computational cost
wang_hysteresis_2025,2025,ARTICLE,Hysteresis energy management and optimization of transportation energy system considering dynamic electricity price,Energy Convers. Manage.,10.1016/j.enconman.2025.119574,moo_mes,1,1,0,0,multi-objective; non-dominated,hydrogen; electric vehicle,,genetic algorithm,,,
wang_combined_2020,2020,ARTICLE,Combined multi-objective optimization and robustness analysis framework for building integrated energy system under uncertainty,Energy Convers. Manage.,10.1016/j.enconman.2020.112589,moo_mes,1,1,0,0,multi-objective; multiobjective; pareto,integrated energy,,ga,,,
wang_numerical_2024,2024,ARTICLE,Numerical assessment and optimization of photovoltaic-based hydrogen-oxygen Co-production energy system: A machine learning and multi-objective strategy,Renew. Energy,10.1016/j.renene.2024.120483,moo_mes_surrogate,1,1,0,1,multi-objective; multiobjective,off-grid; hydrogen,,ga,surrogate,machine learning,surrogate
wang_multi-actor_2020,2020,ARTICLE,A multi-actor perspective on multi-objective regional energy system planning,Energy Policy,10.1016/j.enpol.2020.111578,moo_only,1,0,1,0,multi-objective; multiobjective; multi-criteria; pareto,,multi-criteria decision; topsis,ga,,,
wang_research_2021,2021,INPROCEEDINGS,Research on optimal dispatching strategy of micro-grid based on particle swarm optimization algorithm,{IOP} Publishing Ltd,10.1088/1755-1315/647/1/012046,moo_mes,1,1,0,0,multi-objective; multi objective; multiobjective; mopso,microgrid; micro-grid; microgrids,,ga; particle swarm; pso; mopso,,,
wang_multi-objective_2023-2,2023,ARTICLE,Multi-objective design of reward mechanism under coupling effects considering customer classification and demand response behavior,Energy Rep.,10.1016/j.egyr.2023.04.029,moo_only,1,0,0,0,multi-objective; multiobjective; nsga,,,ga; nsga,,,
wang_comparative_2024,2024,ARTICLE,Comparative study of an innovative coldly integrated pumped thermal electricity storage system: Thermo-economic assessment and multi-objective optimization,Appl Therm Eng,10.1016/j.applthermaleng.2024.124295,moo_only,1,0,0,0,multi-objective,,,genetic algorithm; ga,,,
wang_multi-generation_2024,2024,ARTICLE,"A multi-generation system with integrated solar energy, combining energy storage, cooling, heat, and hydrogen production functionalities: Mathematical model and thermo-economic analysis",Renew. Energy,10.1016/j.renene.2024.120812,moo_mes,1,1,0,0,multi-objective; multiobjective,hydrogen,,ga,,,
wang_thermo-economic_2024,2024,ARTICLE,Thermo-economic and life cycle assessment of pumped thermal electricity storage systems with integrated solar energy contemplating distinct working fluids,Energy Convers. Manage.,10.1016/j.enconman.2024.118895,moo_only,1,0,0,0,multi-objective; multiobjective,,,genetic algorithm,,,
wang_multi-objective_2018-1,2018,ARTICLE,Multi-objective energy management system for {DC} microgrids based on the maximum membership degree principle,J. Mod. Power Syst. Clean Energy,10.1007/s40565-017-0331-y,moo_mes,1,1,0,0,multi-objective; multiobjective; pareto; non-dominated,microgrid; microgrids,,differential evolution,,,
wang_sustainable_2022,2022,ARTICLE,Sustainable Retrofit of Industrial Utility System Using Life Cycle Assessment and Two-Stage Stochastic Programming,{ACS} Sustainable Chem. Eng.,10.1021/acssuschemeng.2c05004,moo_only,1,0,0,0,multi-objective; multiobjective,,,,,,
wang_research_2020,2020,INPROCEEDINGS,Research on Multi-Objective Optimization Design Technology of Regional Integrated Energy System,Institution of Engineering and Technology,10.1049/icp.2020.0252,moo_mes,1,1,0,0,multi-objective; multiobjective,multi-energy; multi energy; integrated energy; hydrogen,,ga,,,
wang_optimizing_2019,2019,ARTICLE,Optimizing the energy-spectrum efficiency of cellular systems by evolutionary multi-objective algorithm,Integr. Comput. Aided Eng.,10.3233/ICA-180575,moo_only,1,0,0,0,multi-objective; multiobjective; pareto; nsga; moea,,,ga; nsga; moea,,,replace
wang_performance_2025,2025,ARTICLE,Performance analysis and optimization of a solar-powered system for power and cooling cogeneration,Sol. Energy,10.1016/j.solener.2025.113443,moo_only,1,0,0,0,multi-objective; multiobjective,,,ga; particle swarm,,,
wang_distributed_2020,2020,ARTICLE,A Distributed Multi-objective Optimization Algorithm for Resource-storage-load Interaction of Microgrid,Zhongguo Dianji Gongcheng Xuebao,10.13334/j.0258-8013.pcsee.180824,moo_mes,1,1,0,0,multi-objective; multiobjective; mopso,microgrid; micro grid; microgrids,,ga; pso; mopso,,,
wang_efficient_2017,2017,ARTICLE,An efficient multi-objective model and algorithm for sizing a stand-alone hybrid renewable energy system,Energy,10.1016/j.energy.2017.11.085,moo_mes,1,1,0,0,multi-objective; multi objective; multiobjective; non-dominated; nsga,hybrid renewable energy system; stand-alone,,ga; nsga,,,
wang_optimization_2011,2011,INPROCEEDINGS,Optimization allocation of microgrid capacity based on chaotic multiobjective quantum genetic algorithm,,10.4028/www.scientific.net/AMM.71-78.2147,moo_mes,1,1,0,0,multi-objective; multi objective; multiobjective,microgrid; micro grid; distributed energy; distributed generation,,genetic algorithm,,,
wang_multi-objective_2020-2,2020,ARTICLE,Multi-objective optimal design of hybrid renewable energy system under multiple scenarios,Renew. Energy,10.1016/j.renene.2019.11.015,moo_mes,1,1,0,0,multi-objective; multi objective; multiobjective; nsga,hybrid renewable energy system; hybrid renewable energy systems,,ga; nsga,,,
wang_robust_2023,2023,ARTICLE,Robust multi-objective load dispatch in microgrid involving unstable renewable generation,Int J Electr Power Energy Syst,10.1016/j.ijepes.2023.108991,moo_mes_surrogate,1,1,0,1,multi-objective; multiobjective,microgrid; microgrids,,,,deep learning,approximation
wang_day-ahead_2022,2022,ARTICLE,Day-ahead multi-objective optimal operation of Wind–{PV}–Pumped Storage hybrid system considering carbon emissions,Energy Rep.,10.1016/j.egyr.2022.02.293,moo_only,1,0,0,0,multi-objective; multiobjective; pareto; non-dominated; nsga,,,genetic algorithm; ga; nsga,,,
wang_multi-objective_2016,2016,INPROCEEDINGS,Multi-objective optimal design of hybrid renewable energy systems using evolutionary algorithms,{IEEE} Computer Society,10.1109/ICNC.2015.7378161,moo_mes,1,1,0,0,multi-objective; multi objective; multiobjective; pareto; moea,hybrid renewable energy system; hybrid renewable energy systems,,moea,,,
wang_optimization_2011-1,2011,ARTICLE,Optimization allocation of microgrid capacity based on chaotic multi-objective genetic algorithm,Dianli Xitong Baohu yu Kongzhi,,moo_mes,1,1,0,0,multi-objective; multi objective; multiobjective,microgrid; micro grid; distributed generation,,genetic algorithm; ga,,,
wang_research_2022-1,2022,INPROCEEDINGS,Research on the Optimal Configuration of Energy Storage in Power System with High Proportion of Renewable Energy,Institute of Electrical and Electronics Engineers Inc,10.1109/MEPE56451.2022.10146694,moo_only,1,0,1,0,multi-objective; multiobjective; pareto; mopso,,topsis,particle swarm; pso; mopso,,,
wang_optimal_2022,2022,ARTICLE,Optimal {IoT}-based decision-making of smart grid dispatchable generation units using blockchain technology considering high uncertainty of system,Ad Hoc Netw.,10.1016/j.adhoc.2021.102751,moo_only,1,0,0,0,multi-objective; multiobjective,,,,,,
wang_multi-objective_2017,2017,ARTICLE,Multi-objective Optimization of Connected Microgrid Based on Multi-agent Technology,Hua Dong Li Gong Da Xue/J East China Univ Sci Technol,10.14135/j.cnki.1006-3080.2017.06.012,moo_mes,1,1,0,0,multi-objective,microgrid,,particle swarm,,,
wang_multi-objective_2018-2,2018,ARTICLE,Multi-objective optimization model of regional hybrid energy system compatible with responsive load,Dianli Jianshe,10.3969/j.issn.1000-7229.2018.09.004,moo_mes,1,1,0,0,multi-objective,multi-energy; integrated energy,,,,,
wang_optimal_2024-2,2024,INPROCEEDINGS,Optimal Operation Method of Electricity-Hydrogen Hybrid Energy Storage Microgrid System Based on Business Model,Institute of Electrical and Electronics Engineers Inc,10.1109/ICCSIE61360.2024.10698465,moo_mes,1,1,0,0,multi-objective,microgrid; microgrids; hydrogen,,,,,
wang_economic_2018,2018,ARTICLE,Economic dispatch strategy of active distribution network based on source-network-load multi-layer game,Dianli Xitong Baohu yu Kongzhi,10.7667/PSPC170102,moo_mes,1,1,0,0,multi-objective,microgrid; microgrids,,ga; differential evolution,,,
wang_research_2024-1,2024,ARTICLE,Research on the collaborative operation strategy of shared energy storage and virtual power plant based on double layer optimization,J. Energy Storage,10.1016/j.est.2024.113997,moo_mes,1,1,0,0,multi-objective,virtual power plant; distributed energy,,ga,,,
wang_optimal_2018-1,2018,INPROCEEDINGS,Optimal Configuration of Multi-energy Complementary Distributed Energy System,Institute of Physics Publishing,10.1088/1755-1315/189/5/052085,moo_mes,1,1,0,0,multi-objective; multiobjective,multi-energy; distributed energy,,ga; particle swarm; pso,,,
wang_multi-aspect_2023,2023,ARTICLE,Multi-aspect investigation and multi-criteria optimization of a novel solar-geothermal-based polygeneration system using flat plate and concentrated photovoltaic thermal solar collectors,Process Saf. Environ. Prot.,10.1016/j.psep.2023.03.023,moo_only,1,0,1,0,multiobjective; multi-criteria; nsga,,topsis; vikor,ga; nsga,,,
wang_dual-layer_2025,2025,ARTICLE,Dual-layer scheduling coordination algorithm for power supply guarantee using multi-objective optimization in spot market environment,Energy. Inform.,10.1186/s42162-025-00485-w,moo_only,1,0,0,0,multi-objective; multiobjective,,,genetic algorithm,,,approximate
wang_multi-objective_2024-4,2024,INPROCEEDINGS,Multi-objective Optimization Strategy for Virtual Power Plant with Flexible Data Center,Institute of Electrical and Electronics Engineers Inc,10.1109/CEEPE62022.2024.10586281,moo_mes,1,1,0,0,multi-objective; multi objective; multiobjective,virtual power plant,,ga,,,
wang_integrating_2019,2019,ARTICLE,"Integrating wind, photovoltaic, and large hydropower during the reservoir refilling period",Energy Convers. Manage.,10.1016/j.enconman.2019.111778,moo_only,1,0,0,0,multi-objective; multiobjective; pareto,,,ga,,,
javed_economic_2021-1,2021,ARTICLE,Economic analysis and optimization of a renewable energy based power supply system with different energy storages for a remote island,Renewable Energy,10.1016/j.renene.2020.10.063,mes_only,0,1,0,0,,off-grid,,ga; particle swarm,,,
ukoba_composite_2020-1,2020,ARTICLE,Composite Multi-Criteria Decision Analysis for Optimization of Hybrid Renewable Energy Systems for Geopolitical Zones in Nigeria,Sustainability,10.3390/su12145732,moo_mes,1,1,1,0,multi-criteria,hybrid renewable energy system; hybrid renewable energy systems,mcdm; multi-criteria decision; topsis; ahp,ga,,,
pavicevic_potential_2020,2020,ARTICLE,The potential of sector coupling in future European energy systems: Soft linking between the Dispa-{SET} and {JRC}-{EU}-{TIMES} models,Applied Energy,10.1016/j.apenergy.2020.115100,mes_only,0,1,0,0,,sector coupling; electric vehicle; electric vehicles,,ga,,,
