time;T2m(gradC);T2m
20230101:0010;4.9;278.05
20230101:0110;4.3;277.45
20230101:0210;4.15;277.3
20230101:0310;3.75;276.9
20230101:0410;3.75;276.9
20230101:0510;3.95;277.1
20230101:0610;3.65;276.8
20230101:0710;3.95;277.1
20230101:0810;3.75;276.9
20230101:0910;4.1;277.25
20230101:1010;4.8;277.95
20230101:1110;6.35;279.5
20230101:1210;6.85;280.0
20230101:1310;7.0;280.15
20230101:1410;7.2;280.35
20230101:1510;7.15;280.3
20230101:1610;6.95;280.1
20230101:1710;6.65;279.8
20230101:1810;6.15;279.3
20230101:1910;5.65;278.8
20230101:2010;5.0;278.15
20230101:2110;4.95;278.1
20230101:2210;4.9;278.05
20230101:2310;4.75;277.9
20230102:0010;3.35;276.5
20230102:0110;3.85;277.0
20230102:0210;3.6;276.75
20230102:0310;2.85;276.0
20230102:0410;2.55;275.7
20230102:0510;2.25;275.4
20230102:0610;2.45;275.6
20230102:0710;2.5;275.65
20230102:0810;2.55;275.7
20230102:0910;2.65;275.8
20230102:1010;3.05;276.2
20230102:1110;3.7;276.85
20230102:1210;4.15;277.3
20230102:1310;3.8;276.95
20230102:1410;4.85;278.0
20230102:1510;4.6;277.75
20230102:1610;4.2;277.35
20230102:1710;4.05;277.2
20230102:1810;3.8;276.95
20230102:1910;3.8;276.95
20230102:2010;3.5;276.65
20230102:2110;3.4;276.55
20230102:2210;2.95;276.1
20230102:2310;3.9;277.05
20230103:0010;3.65;276.8
20230103:0110;3.6;276.75
20230103:0210;3.5;276.65
20230103:0310;3.55;276.7
20230103:0410;3.65;276.8
20230103:0510;3.45;276.6
20230103:0610;2.95;276.1
20230103:0710;2.9;276.05
20230103:0810;3.0;276.15
20230103:0910;3.25;276.4
20230103:1010;3.5;276.65
20230103:1110;3.8;276.95
20230103:1210;4.65;277.8
20230103:1310;5.0;278.15
20230103:1410;5.1;278.25
20230103:1510;5.1;278.25
20230103:1610;4.85;278.0
20230103:1710;3.8;276.95
20230103:1810;3.5;276.65
20230103:1910;3.55;276.7
20230103:2010;3.4;276.55
20230103:2110;3.5;276.65
20230103:2210;3.15;276.3
20230103:2310;3.1;276.25
20230104:0010;3.05;276.2
20230104:0110;3.6;276.75
20230104:0210;5.55;278.7
20230104:0310;5.35;278.5
20230104:0410;5.35;278.5
20230104:0510;4.6;277.75
20230104:0610;4.3;277.45
20230104:0710;4.3;277.45
20230104:0810;3.95;277.1
20230104:0910;3.4;276.55
20230104:1010;4.25;277.4
20230104:1110;5.2;278.35
20230104:1210;5.7;278.85
20230104:1310;5.5;278.65
20230104:1410;5.55;278.7
20230104:1510;5.4;278.55
20230104:1610;5.05;278.2
20230104:1710;4.95;278.1
20230104:1810;4.95;278.1
20230104:1910;4.5;277.65
20230104:2010;4.65;277.8
20230104:2110;4.75;277.9
20230104:2210;4.8;277.95
20230104:2310;4.7;277.85
20230105:0010;4.25;277.4
20230105:0110;4.35;277.5
20230105:0210;4.45;277.6
20230105:0310;4.45;277.6
20230105:0410;4.35;277.5
20230105:0510;3.95;277.1
20230105:0610;3.65;276.8
20230105:0710;3.4;276.55
20230105:0810;3.3;276.45
20230105:0910;3.15;276.3
20230105:1010;3.35;276.5
20230105:1110;3.7;276.85
20230105:1210;4.35;277.5
20230105:1310;4.25;277.4
20230105:1410;4.55;277.7
20230105:1510;4.55;277.7
20230105:1610;4.45;277.6
20230105:1710;4.15;277.3
20230105:1810;3.9;277.05
20230105:1910;4.15;277.3
20230105:2010;4.05;277.2
20230105:2110;3.85;277.0
20230105:2210;3.9;277.05
20230105:2310;3.75;276.9
20230106:0010;3.65;276.8
20230106:0110;3.4;276.55
20230106:0210;3.7;276.85
20230106:0310;3.6;276.75
20230106:0410;3.55;276.7
20230106:0510;3.4;276.55
20230106:0610;2.95;276.1
20230106:0710;2.4;275.55
20230106:0810;2.5;275.65
20230106:0910;2.5;275.65
20230106:1010;2.45;275.6
20230106:1110;2.9;276.05
20230106:1210;3.35;276.5
20230106:1310;3.65;276.8
20230106:1410;3.75;276.9
20230106:1510;3.8;276.95
20230106:1610;3.6;276.75
20230106:1710;3.05;276.2
20230106:1810;2.5;275.65
20230106:1910;2.3;275.45
20230106:2010;2.15;275.3
20230106:2110;2.0;275.15
20230106:2210;2.05;275.2
20230106:2310;1.85;275.0
20230107:0010;1.6;274.75
20230107:0110;1.55;274.7
20230107:0210;1.45;274.6
20230107:0310;1.25;274.4
20230107:0410;1.75;274.9
20230107:0510;1.4;274.55
20230107:0610;1.05;274.2
20230107:0710;0.5;273.65
20230107:0810;0.4;273.55
20230107:0910;0.7;273.85
20230107:1010;1.1;274.25
20230107:1110;1.75;274.9
20230107:1210;2.05;275.2
20230107:1310;2.25;275.4
20230107:1410;2.6;275.75
20230107:1510;2.0;275.15
20230107:1610;3.05;276.2
20230107:1710;2.7;275.85
20230107:1810;2.15;275.3
20230107:1910;1.95;275.1
20230107:2010;1.75;274.9
20230107:2110;1.6;274.75
20230107:2210;1.55;274.7
20230107:2310;1.6;274.75
20230108:0010;1.65;274.8
20230108:0110;1.45;274.6
20230108:0210;3.0;276.15
20230108:0310;3.15;276.3
20230108:0410;3.15;276.3
20230108:0510;2.95;276.1
20230108:0610;3.35;276.5
20230108:0710;2.9;276.05
20230108:0810;3.1;276.25
20230108:0910;2.75;275.9
20230108:1010;3.45;276.6
20230108:1110;4.4;277.55
20230108:1210;5.05;278.2
20230108:1310;5.15;278.3
20230108:1410;5.05;278.2
20230108:1510;5.15;278.3
20230108:1610;5.35;278.5
20230108:1710;5.3;278.45
20230108:1810;5.2;278.35
20230108:1910;5.1;278.25
20230108:2010;4.45;277.6
20230108:2110;3.75;276.9
20230108:2210;3.5;276.65
20230108:2310;3.1;276.25
20230109:0010;2.8;275.95
20230109:0110;2.45;275.6
20230109:0210;2.55;275.7
20230109:0310;2.4;275.55
20230109:0410;2.6;275.75
20230109:0510;2.5;275.65
20230109:0610;2.35;275.5
20230109:0710;2.25;275.4
20230109:0810;2.2;275.35
20230109:0910;2.25;275.4
20230109:1010;2.45;275.6
20230109:1110;3.0;276.15
20230109:1210;2.9;276.05
20230109:1310;3.1;276.25
20230109:1410;3.05;276.2
20230109:1510;3.1;276.25
20230109:1610;2.7;275.85
20230109:1710;2.5;275.65
20230109:1810;2.35;275.5
20230109:1910;2.25;275.4
20230109:2010;2.0;275.15
20230109:2110;1.9;275.05
20230109:2210;1.9;275.05
20230109:2310;1.75;274.9
20230110:0010;1.65;274.8
20230110:0110;1.85;275.0
20230110:0210;1.85;275.0
20230110:0310;1.9;275.05
20230110:0410;1.8;274.95
20230110:0510;1.65;274.8
20230110:0610;2.05;275.2
20230110:0710;2.2;275.35
20230110:0810;2.3;275.45
20230110:0910;2.55;275.7
20230110:1010;2.6;275.75
20230110:1110;2.95;276.1
20230110:1210;3.15;276.3
20230110:1310;2.85;276.0
20230110:1410;2.95;276.1
20230110:1510;3.1;276.25
20230110:1610;2.6;275.75
20230110:1710;2.35;275.5
20230110:1810;2.3;275.45
20230110:1910;2.15;275.3
20230110:2010;2.15;275.3
20230110:2110;1.95;275.1
20230110:2210;1.75;274.9
20230110:2310;1.6;274.75
20230111:0010;0.65;273.8
20230111:0110;0.75;273.9
20230111:0210;0.95;274.1
20230111:0310;1.15;274.3
20230111:0410;1.15;274.3
20230111:0510;1.05;274.2
20230111:0610;1.0;274.15
20230111:0710;0.85;274.0
20230111:0810;0.65;273.8
20230111:0910;0.8;273.95
20230111:1010;1.05;274.2
20230111:1110;1.45;274.6
20230111:1210;1.75;274.9
20230111:1310;2.05;275.2
20230111:1410;2.25;275.4
20230111:1510;2.25;275.4
20230111:1610;1.9;275.05
20230111:1710;1.6;274.75
20230111:1810;1.5;274.65
20230111:1910;1.55;274.7
20230111:2010;1.7;274.85
20230111:2110;1.5;274.65
20230111:2210;1.5;274.65
20230111:2310;1.4;274.55
20230112:0010;1.5;274.65
20230112:0110;2.2;275.35
20230112:0210;1.5;274.65
20230112:0310;1.7;274.85
20230112:0410;1.9;275.05
20230112:0510;2.0;275.15
20230112:0610;2.2;275.35
20230112:0710;2.5;275.65
20230112:0810;2.8;275.95
20230112:0910;3.2;276.35
20230112:1010;3.5;276.65
20230112:1110;3.9;277.05
20230112:1210;4.3;277.45
20230112:1310;4.4;277.55
20230112:1410;5.5;278.65
20230112:1510;5.9;279.05
20230112:1610;5.6;278.75
20230112:1710;5.3;278.45
20230112:1810;4.7;277.85
20230112:1910;4.2;277.35
20230112:2010;4.4;277.55
20230112:2110;4.4;277.55
20230112:2210;3.9;277.05
20230112:2310;3.8;276.95
20230113:0010;3.3;276.45
20230113:0110;2.25;275.4
20230113:0210;2.4;275.55
20230113:0310;2.55;275.7
20230113:0410;2.4;275.55
20230113:0510;2.55;275.7
20230113:0610;2.45;275.6
20230113:0710;2.3;275.45
20230113:0810;2.5;275.65
20230113:0910;3.05;276.2
20230113:1010;3.55;276.7
20230113:1110;4.0;277.15
20230113:1210;4.65;277.8
20230113:1310;4.8;277.95
20230113:1410;5.15;278.3
20230113:1510;5.0;278.15
20230113:1610;4.1;277.25
20230113:1710;3.65;276.8
20230113:1810;3.4;276.55
20230113:1910;3.05;276.2
20230113:2010;2.7;275.85
20230113:2110;2.6;275.75
20230113:2210;2.7;275.85
20230113:2310;2.6;275.75
20230114:0010;2.45;275.6
20230114:0110;2.55;275.7
20230114:0210;2.65;275.8
20230114:0310;2.7;275.85
20230114:0410;2.55;275.7
20230114:0510;1.8;274.95
20230114:0610;1.35;274.5
20230114:0710;1.25;274.4
20230114:0810;1.2;274.35
20230114:0910;1.6;274.75
20230114:1010;2.25;275.4
20230114:1110;2.4;275.55
20230114:1210;3.05;276.2
20230114:1310;3.15;276.3
20230114:1410;3.45;276.6
20230114:1510;3.3;276.45
20230114:1610;2.8;275.95
20230114:1710;2.7;275.85
20230114:1810;2.55;275.7
20230114:1910;2.35;275.5
20230114:2010;2.1;275.25
20230114:2110;2.0;275.15
20230114:2210;1.75;274.9
20230114:2310;1.4;274.55
20230115:0010;1.4;274.55
20230115:0110;1.35;274.5
20230115:0210;1.4;274.55
20230115:0310;1.55;274.7
20230115:0410;1.7;274.85
20230115:0510;1.35;274.5
20230115:0610;1.15;274.3
20230115:0710;1.15;274.3
20230115:0810;1.35;274.5
20230115:0910;1.55;274.7
20230115:1010;2.0;275.15
20230115:1110;2.35;275.5
20230115:1210;2.9;276.05
20230115:1310;3.1;276.25
20230115:1410;3.15;276.3
20230115:1510;3.3;276.45
20230115:1610;2.9;276.05
20230115:1710;2.7;275.85
20230115:1810;2.65;275.8
20230115:1910;2.65;275.8
20230115:2010;2.5;275.65
20230115:2110;2.35;275.5
20230115:2210;1.9;275.05
20230115:2310;1.9;275.05
20230116:0010;1.9;275.05
20230116:0110;1.7;274.85
20230116:0210;1.1;274.25
20230116:0310;1.0;274.15
20230116:0410;0.55;273.7
20230116:0510;0.55;273.7
20230116:0610;0.5;273.65
20230116:0710;0.85;274.0
20230116:0810;1.05;274.2
20230116:0910;1.2;274.35
20230116:1010;1.35;274.5
20230116:1110;1.55;274.7
20230116:1210;1.95;275.1
20230116:1310;2.75;275.9
20230116:1410;3.5;276.65
20230116:1510;3.55;276.7
20230116:1610;3.3;276.45
20230116:1710;3.2;276.35
20230116:1810;2.95;276.1
20230116:1910;3.1;276.25
20230116:2010;2.85;276.0
20230116:2110;2.65;275.8
20230116:2210;2.6;275.75
20230116:2310;2.35;275.5
20230117:0010;2.1;275.25
20230117:0110;1.7;274.85
20230117:0210;1.4;274.55
20230117:0310;1.25;274.4
20230117:0410;1.15;274.3
20230117:0510;1.05;274.2
20230117:0610;0.95;274.1
20230117:0710;1.1;274.25
20230117:0810;1.15;274.3
20230117:0910;0.8;273.95
20230117:1010;0.6;273.75
20230117:1110;1.1;274.25
20230117:1210;1.7;274.85
20230117:1310;1.85;275.0
20230117:1410;2.2;275.35
20230117:1510;2.4;275.55
20230117:1610;2.0;275.15
20230117:1710;1.45;274.6
20230117:1810;1.35;274.5
20230117:1910;1.25;274.4
20230117:2010;1.1;274.25
20230117:2110;1.2;274.35
20230117:2210;1.4;274.55
20230117:2310;1.55;274.7
20230118:0010;1.6;274.75
20230118:0110;1.6;274.75
20230118:0210;1.6;274.75
20230118:0310;1.5;274.65
20230118:0410;1.3;274.45
20230118:0510;1.3;274.45
20230118:0610;1.25;274.4
20230118:0710;1.3;274.45
20230118:0810;1.2;274.35
20230118:0910;0.95;274.1
20230118:1010;1.15;274.3
20230118:1110;1.45;274.6
20230118:1210;1.55;274.7
20230118:1310;2.35;275.5
20230118:1410;1.85;275.0
20230118:1510;1.8;274.95
20230118:1610;2.05;275.2
20230118:1710;1.5;274.65
20230118:1810;1.85;275.0
20230118:1910;2.05;275.2
20230118:2010;1.9;275.05
20230118:2110;2.4;275.55
20230118:2210;3.1;276.25
20230118:2310;2.3;275.45
20230119:0010;2.25;275.4
20230119:0110;1.75;274.9
20230119:0210;1.65;274.8
20230119:0310;1.0;274.15
20230119:0410;0.6;273.75
20230119:0510;0.55;273.7
20230119:0610;0.3;273.45
20230119:0710;0.3;273.45
20230119:0810;0.25;273.4
20230119:0910;0.75;273.9
20230119:1010;0.85;274.0
20230119:1110;1.8;274.95
20230119:1210;2.55;275.7
20230119:1310;2.85;276.0
20230119:1410;2.85;276.0
20230119:1510;2.8;275.95
20230119:1610;2.45;275.6
20230119:1710;2.05;275.2
20230119:1810;1.7;274.85
20230119:1910;1.45;274.6
20230119:2010;1.25;274.4
20230119:2110;1.05;274.2
20230119:2210;1.0;274.15
20230119:2310;0.6;273.75
20230120:0010;0.8;273.95
20230120:0110;0.45;273.6
20230120:0210;0.35;273.5
20230120:0310;-0.05;273.1
20230120:0410;0.0;273.15
20230120:0510;0.0;273.15
20230120:0610;0.0;273.15
20230120:0710;-0.15;273.0
20230120:0810;0.0;273.15
20230120:0910;0.3;273.45
20230120:1010;0.9;274.05
20230120:1110;1.65;274.8
20230120:1210;2.25;275.4
20230120:1310;2.8;275.95
20230120:1410;3.25;276.4
20230120:1510;3.05;276.2
20230120:1610;1.65;274.8
20230120:1710;2.15;275.3
20230120:1810;1.8;274.95
20230120:1910;1.75;274.9
20230120:2010;1.8;274.95
20230120:2110;1.35;274.5
20230120:2210;1.4;274.55
20230120:2310;1.25;274.4
20230121:0010;1.0;274.15
20230121:0110;0.35;273.5
20230121:0210;0.05;273.2
20230121:0310;-0.1;273.05
20230121:0410;-0.3;272.85
20230121:0510;-0.6;272.55
20230121:0610;-0.45;272.7
20230121:0710;-0.75;272.4
20230121:0810;-1.05;272.1
20230121:0910;-1.05;272.1
20230121:1010;-0.45;272.7
20230121:1110;-0.25;272.9
20230121:1210;0.05;273.2
20230121:1310;0.4;273.55
20230121:1410;0.6;273.75
20230121:1510;0.75;273.9
20230121:1610;0.85;274.0
20230121:1710;0.6;273.75
20230121:1810;0.4;273.55
20230121:1910;0.55;273.7
20230121:2010;0.35;273.5
20230121:2110;0.55;273.7
20230121:2210;0.35;273.5
20230121:2310;0.35;273.5
20230122:0010;0.2;273.35
20230122:0110;-0.05;273.1
20230122:0210;-0.2;272.95
20230122:0310;-0.35;272.8
20230122:0410;-0.4;272.75
20230122:0510;-0.6;272.55
20230122:0610;-1.0;272.15
20230122:0710;-0.8;272.35
20230122:0810;-0.6;272.55
20230122:0910;-0.55;272.6
20230122:1010;-0.3;272.85
20230122:1110;0.1;273.25
20230122:1210;1.1;274.25
20230122:1310;1.45;274.6
20230122:1410;1.85;275.0
20230122:1510;1.8;274.95
20230122:1610;1.9;275.05
20230122:1710;1.9;275.05
20230122:1810;1.6;274.75
20230122:1910;1.8;274.95
20230122:2010;1.4;274.55
20230122:2110;1.4;274.55
20230122:2210;1.45;274.6
20230122:2310;1.55;274.7
20230123:0010;1.25;274.4
20230123:0110;1.1;274.25
20230123:0210;1.2;274.35
20230123:0310;1.15;274.3
20230123:0410;1.15;274.3
20230123:0510;1.1;274.25
20230123:0610;1.05;274.2
20230123:0710;1.15;274.3
20230123:0810;2.1;275.25
20230123:0910;2.3;275.45
20230123:1010;2.15;275.3
20230123:1110;2.45;275.6
20230123:1210;3.2;276.35
20230123:1310;3.5;276.65
20230123:1410;3.85;277.0
20230123:1510;4.1;277.25
20230123:1610;4.25;277.4
20230123:1710;4.5;277.65
20230123:1810;4.3;277.45
20230123:1910;3.45;276.6
20230123:2010;4.1;277.25
20230123:2110;4.1;277.25
20230123:2210;4.05;277.2
20230123:2310;3.95;277.1
20230124:0010;3.7;276.85
20230124:0110;3.2;276.35
20230124:0210;2.85;276.0
20230124:0310;2.4;275.55
20230124:0410;2.4;275.55
20230124:0510;2.3;275.45
20230124:0610;1.7;274.85
20230124:0710;1.7;274.85
20230124:0810;1.75;274.9
20230124:0910;2.4;275.55
20230124:1010;3.3;276.45
20230124:1110;4.05;277.2
20230124:1210;4.45;277.6
20230124:1310;4.5;277.65
20230124:1410;4.4;277.55
20230124:1510;4.4;277.55
20230124:1610;4.5;277.65
20230124:1710;4.3;277.45
20230124:1810;4.2;277.35
20230124:1910;4.1;277.25
20230124:2010;3.9;277.05
20230124:2110;3.8;276.95
20230124:2210;3.55;276.7
20230124:2310;3.4;276.55
20230125:0010;3.4;276.55
20230125:0110;3.1;276.25
20230125:0210;3.1;276.25
20230125:0310;2.8;275.95
20230125:0410;2.6;275.75
20230125:0510;2.5;275.65
20230125:0610;2.4;275.55
20230125:0710;2.4;275.55
20230125:0810;2.45;275.6
20230125:0910;2.75;275.9
20230125:1010;2.8;275.95
20230125:1110;2.85;276.0
20230125:1210;3.3;276.45
20230125:1310;3.5;276.65
20230125:1410;3.8;276.95
20230125:1510;3.9;277.05
20230125:1610;3.8;276.95
20230125:1710;3.5;276.65
20230125:1810;3.35;276.5
20230125:1910;3.25;276.4
20230125:2010;3.1;276.25
20230125:2110;2.7;275.85
20230125:2210;2.15;275.3
20230125:2310;1.9;275.05
20230126:0010;1.75;274.9
20230126:0110;1.45;274.6
20230126:0210;1.25;274.4
20230126:0310;1.3;274.45
20230126:0410;1.45;274.6
20230126:0510;1.5;274.65
20230126:0610;1.25;274.4
20230126:0710;1.45;274.6
20230126:0810;1.5;274.65
20230126:0910;1.45;274.6
20230126:1010;2.0;275.15
20230126:1110;2.25;275.4
20230126:1210;2.75;275.9
20230126:1310;2.95;276.1
20230126:1410;3.0;276.15
20230126:1510;3.1;276.25
20230126:1610;3.0;276.15
20230126:1710;3.0;276.15
20230126:1810;2.95;276.1
20230126:1910;2.9;276.05
20230126:2010;2.9;276.05
20230126:2110;3.0;276.15
20230126:2210;3.0;276.15
20230126:2310;2.9;276.05
20230127:0010;3.05;276.2
20230127:0110;3.05;276.2
20230127:0210;3.0;276.15
20230127:0310;2.9;276.05
20230127:0410;2.4;275.55
20230127:0510;2.3;275.45
20230127:0610;2.3;275.45
20230127:0710;2.2;275.35
20230127:0810;1.4;274.55
20230127:0910;1.55;274.7
20230127:1010;2.7;275.85
20230127:1110;2.95;276.1
20230127:1210;3.7;276.85
20230127:1310;3.55;276.7
20230127:1410;3.45;276.6
20230127:1510;3.8;276.95
20230127:1610;3.75;276.9
20230127:1710;3.55;276.7
20230127:1810;3.7;276.85
20230127:1910;3.3;276.45
20230127:2010;2.95;276.1
20230127:2110;2.55;275.7
20230127:2210;2.75;275.9
20230127:2310;2.85;276.0
20230128:0010;2.4;275.55
20230128:0110;3.05;276.2
20230128:0210;2.85;276.0
20230128:0310;2.6;275.75
20230128:0410;2.9;276.05
20230128:0510;3.0;276.15
20230128:0610;2.85;276.0
20230128:0710;3.15;276.3
20230128:0810;3.2;276.35
20230128:0910;3.55;276.7
20230128:1010;4.75;277.9
20230128:1110;5.15;278.3
20230128:1210;5.65;278.8
20230128:1310;6.3;279.45
20230128:1410;6.0;279.15
20230128:1510;6.1;279.25
20230128:1610;5.85;279.0
20230128:1710;5.25;278.4
20230128:1810;5.15;278.3
20230128:1910;5.6;278.75
20230128:2010;5.3;278.45
20230128:2110;4.55;277.7
20230128:2210;4.35;277.5
20230128:2310;4.4;277.55
20230129:0010;4.4;277.55
20230129:0110;4.9;278.05
20230129:0210;4.3;277.45
20230129:0310;4.05;277.2
20230129:0410;3.8;276.95
20230129:0510;3.65;276.8
20230129:0610;3.7;276.85
20230129:0710;3.7;276.85
20230129:0810;4.0;277.15
20230129:0910;4.0;277.15
20230129:1010;4.2;277.35
20230129:1110;4.8;277.95
20230129:1210;5.2;278.35
20230129:1310;5.6;278.75
20230129:1410;6.15;279.3
20230129:1510;6.55;279.7
20230129:1610;6.4;279.55
20230129:1710;5.85;279.0
20230129:1810;5.5;278.65
20230129:1910;5.95;279.1
20230129:2010;6.15;279.3
20230129:2110;5.75;278.9
20230129:2210;5.4;278.55
20230129:2310;5.15;278.3
20230130:0010;4.85;278.0
20230130:0110;4.7;277.85
20230130:0210;4.35;277.5
20230130:0310;4.4;277.55
20230130:0410;4.05;277.2
20230130:0510;4.1;277.25
20230130:0610;4.15;277.3
20230130:0710;3.5;276.65
20230130:0810;3.3;276.45
20230130:0910;4.2;277.35
20230130:1010;4.65;277.8
20230130:1110;4.9;278.05
20230130:1210;6.6;279.75
20230130:1310;7.65;280.8
20230130:1410;7.85;281.0
20230130:1510;5.95;279.1
20230130:1610;5.6;278.75
20230130:1710;5.15;278.3
20230130:1810;4.85;278.0
20230130:1910;4.45;277.6
20230130:2010;4.25;277.4
20230130:2110;3.9;277.05
20230130:2210;3.4;276.55
20230130:2310;3.35;276.5
20230131:0010;3.25;276.4
20230131:0110;2.6;275.75
20230131:0210;2.85;276.0
20230131:0310;3.2;276.35
20230131:0410;3.1;276.25
20230131:0510;3.15;276.3
20230131:0610;3.8;276.95
20230131:0710;3.85;277.0
20230131:0810;4.2;277.35
20230131:0910;4.65;277.8
20230131:1010;4.55;277.7
20230131:1110;4.7;277.85
20230131:1210;5.3;278.45
20230131:1310;6.15;279.3
20230131:1410;6.1;279.25
20230131:1510;6.0;279.15
20230131:1610;5.95;279.1
20230131:1710;5.65;278.8
20230131:1810;5.5;278.65
20230131:1910;4.95;278.1
20230131:2010;4.9;278.05
20230131:2110;4.45;277.6
20230131:2210;4.45;277.6
20230131:2310;4.35;277.5
20230201:0010;3.7;276.85
20230201:0110;3.55;276.7
20230201:0210;3.35;276.5
20230201:0310;2.75;275.9
20230201:0410;2.35;275.5
20230201:0510;2.5;275.65
20230201:0610;2.6;275.75
20230201:0710;2.65;275.8
20230201:0810;2.7;275.85
20230201:0910;3.25;276.4
20230201:1010;3.4;276.55
20230201:1110;3.65;276.8
20230201:1210;4.6;277.75
20230201:1310;5.1;278.25
20230201:1410;5.85;279.0
20230201:1510;5.85;279.0
20230201:1610;5.85;279.0
20230201:1710;5.9;279.05
20230201:1810;5.6;278.75
20230201:1910;5.4;278.55
20230201:2010;5.55;278.7
20230201:2110;5.45;278.6
20230201:2210;5.45;278.6
20230201:2310;5.65;278.8
20230202:0010;5.75;278.9
20230202:0110;4.95;278.1
20230202:0210;5.05;278.2
20230202:0310;5.2;278.35
20230202:0410;4.75;277.9
20230202:0510;4.95;278.1
20230202:0610;5.15;278.3
20230202:0710;5.1;278.25
20230202:0810;5.35;278.5
20230202:0910;5.55;278.7
20230202:1010;5.2;278.35
20230202:1110;6.2;279.35
20230202:1210;6.8;279.95
20230202:1310;6.25;279.4
20230202:1410;6.25;279.4
20230202:1510;6.45;279.6
20230202:1610;6.3;279.45
20230202:1710;6.2;279.35
20230202:1810;5.8;278.95
20230202:1910;5.45;278.6
20230202:2010;5.15;278.3
20230202:2110;5.0;278.15
20230202:2210;4.7;277.85
20230202:2310;4.85;278.0
20230203:0010;4.65;277.8
20230203:0110;4.75;277.9
20230203:0210;4.8;277.95
20230203:0310;4.85;278.0
20230203:0410;4.95;278.1
20230203:0510;4.8;277.95
20230203:0610;4.45;277.6
20230203:0710;4.35;277.5
20230203:0810;4.45;277.6
20230203:0910;5.0;278.15
20230203:1010;6.0;279.15
20230203:1110;6.25;279.4
20230203:1210;6.8;279.95
20230203:1310;6.75;279.9
20230203:1410;6.0;279.15
20230203:1510;5.85;279.0
20230203:1610;6.15;279.3
20230203:1710;5.85;279.0
20230203:1810;4.95;278.1
20230203:1910;5.4;278.55
20230203:2010;5.45;278.6
20230203:2110;5.45;278.6
20230203:2210;5.8;278.95
20230203:2310;5.5;278.65
20230204:0010;5.55;278.7
20230204:0110;5.4;278.55
20230204:0210;5.25;278.4
20230204:0310;4.7;277.85
20230204:0410;4.2;277.35
20230204:0510;4.0;277.15
20230204:0610;3.8;276.95
20230204:0710;3.55;276.7
20230204:0810;4.0;277.15
20230204:0910;4.15;277.3
20230204:1010;5.15;278.3
20230204:1110;5.55;278.7
20230204:1210;5.1;278.25
20230204:1310;5.2;278.35
20230204:1410;5.85;279.0
20230204:1510;6.05;279.2
20230204:1610;5.5;278.65
20230204:1710;4.95;278.1
20230204:1810;4.4;277.55
20230204:1910;4.1;277.25
20230204:2010;3.8;276.95
20230204:2110;3.65;276.8
20230204:2210;3.55;276.7
20230204:2310;4.05;277.2
20230205:0010;3.7;276.85
20230205:0110;3.45;276.6
20230205:0210;3.85;277.0
20230205:0310;4.45;277.6
20230205:0410;4.3;277.45
20230205:0510;4.0;277.15
20230205:0610;4.35;277.5
20230205:0710;4.4;277.55
20230205:0810;4.3;277.45
20230205:0910;4.4;277.55
20230205:1010;4.65;277.8
20230205:1110;5.35;278.5
20230205:1210;5.45;278.6
20230205:1310;5.65;278.8
20230205:1410;5.95;279.1
20230205:1510;6.6;279.75
20230205:1610;6.45;279.6
20230205:1710;5.7;278.85
20230205:1810;4.95;278.1
20230205:1910;4.8;277.95
20230205:2010;4.45;277.6
20230205:2110;4.35;277.5
20230205:2210;4.05;277.2
20230205:2310;4.05;277.2
20230206:0010;4.15;277.3
20230206:0110;3.5;276.65
20230206:0210;3.25;276.4
20230206:0310;2.95;276.1
20230206:0410;2.9;276.05
20230206:0510;2.95;276.1
20230206:0610;3.15;276.3
20230206:0710;3.55;276.7
20230206:0810;3.15;276.3
20230206:0910;3.75;276.9
20230206:1010;4.25;277.4
20230206:1110;4.55;277.7
20230206:1210;4.85;278.0
20230206:1310;5.2;278.35
20230206:1410;5.0;278.15
20230206:1510;4.9;278.05
20230206:1610;4.4;277.55
20230206:1710;4.15;277.3
20230206:1810;3.75;276.9
20230206:1910;3.55;276.7
20230206:2010;3.7;276.85
20230206:2110;3.6;276.75
20230206:2210;3.25;276.4
20230206:2310;3.15;276.3
20230207:0010;3.15;276.3
20230207:0110;2.6;275.75
20230207:0210;2.25;275.4
20230207:0310;2.05;275.2
20230207:0410;1.7;274.85
20230207:0510;1.8;274.95
20230207:0610;1.95;275.1
20230207:0710;2.6;275.75
20230207:0810;2.85;276.0
20230207:0910;2.85;276.0
20230207:1010;3.25;276.4
20230207:1110;3.55;276.7
20230207:1210;3.75;276.9
20230207:1310;4.65;277.8
20230207:1410;5.5;278.65
20230207:1510;5.65;278.8
20230207:1610;5.3;278.45
20230207:1710;4.75;277.9
20230207:1810;4.2;277.35
20230207:1910;3.75;276.9
20230207:2010;3.55;276.7
20230207:2110;3.35;276.5
20230207:2210;3.15;276.3
20230207:2310;2.85;276.0
20230208:0010;3.05;276.2
20230208:0110;2.45;275.6
20230208:0210;2.35;275.5
20230208:0310;2.2;275.35
20230208:0410;2.15;275.3
20230208:0510;1.95;275.1
20230208:0610;1.65;274.8
20230208:0710;1.45;274.6
20230208:0810;1.7;274.85
20230208:0910;1.7;274.85
20230208:1010;2.55;275.7
20230208:1110;3.7;276.85
20230208:1210;4.65;277.8
20230208:1310;5.45;278.6
20230208:1410;5.75;278.9
20230208:1510;6.15;279.3
20230208:1610;5.7;278.85
20230208:1710;5.2;278.35
20230208:1810;4.65;277.8
20230208:1910;4.1;277.25
20230208:2010;3.5;276.65
20230208:2110;3.2;276.35
20230208:2210;2.75;275.9
20230208:2310;2.55;275.7
20230209:0010;2.3;275.45
20230209:0110;1.9;275.05
20230209:0210;1.45;274.6
20230209:0310;1.4;274.55
20230209:0410;1.25;274.4
20230209:0510;1.1;274.25
20230209:0610;1.2;274.35
20230209:0710;1.35;274.5
20230209:0810;1.6;274.75
20230209:0910;2.0;275.15
20230209:1010;2.3;275.45
20230209:1110;2.7;275.85
20230209:1210;4.3;277.45
20230209:1310;5.45;278.6
20230209:1410;6.15;279.3
20230209:1510;6.4;279.55
20230209:1610;6.05;279.2
20230209:1710;5.35;278.5
20230209:1810;4.65;277.8
20230209:1910;4.2;277.35
20230209:2010;3.8;276.95
20230209:2110;3.5;276.65
20230209:2210;3.6;276.75
20230209:2310;3.55;276.7
20230210:0010;3.5;276.65
20230210:0110;3.5;276.65
20230210:0210;3.4;276.55
20230210:0310;3.05;276.2
20230210:0410;2.5;275.65
20230210:0510;2.2;275.35
20230210:0610;1.95;275.1
20230210:0710;1.5;274.65
20230210:0810;1.45;274.6
20230210:0910;2.0;275.15
20230210:1010;2.9;276.05
20230210:1110;3.95;277.1
20230210:1210;4.65;277.8
20230210:1310;5.1;278.25
20230210:1410;5.5;278.65
20230210:1510;6.3;279.45
20230210:1610;6.45;279.6
20230210:1710;6.05;279.2
20230210:1810;5.6;278.75
20230210:1910;5.4;278.55
20230210:2010;4.85;278.0
20230210:2110;4.3;277.45
20230210:2210;4.0;277.15
20230210:2310;3.85;277.0
20230211:0010;3.8;276.95
20230211:0110;3.55;276.7
20230211:0210;3.4;276.55
20230211:0310;3.45;276.6
20230211:0410;3.2;276.35
20230211:0510;3.65;276.8
20230211:0610;3.55;276.7
20230211:0710;3.65;276.8
20230211:0810;4.1;277.25
20230211:0910;5.0;278.15
20230211:1010;5.25;278.4
20230211:1110;5.8;278.95
20230211:1210;6.35;279.5
20230211:1310;6.95;280.1
20230211:1410;6.7;279.85
20230211:1510;6.7;279.85
20230211:1610;6.5;279.65
20230211:1710;6.2;279.35
20230211:1810;6.0;279.15
20230211:1910;5.65;278.8
20230211:2010;5.2;278.35
20230211:2110;5.05;278.2
20230211:2210;4.8;277.95
20230211:2310;4.55;277.7
20230212:0010;4.65;277.8
20230212:0110;4.55;277.7
20230212:0210;3.9;277.05
20230212:0310;4.05;277.2
20230212:0410;4.0;277.15
20230212:0510;4.1;277.25
20230212:0610;3.8;276.95
20230212:0710;3.85;277.0
20230212:0810;3.8;276.95
20230212:0910;4.2;277.35
20230212:1010;4.85;278.0
20230212:1110;5.35;278.5
20230212:1210;5.25;278.4
20230212:1310;5.4;278.55
20230212:1410;5.8;278.95
20230212:1510;6.05;279.2
20230212:1610;6.15;279.3
20230212:1710;5.0;278.15
20230212:1810;4.4;277.55
20230212:1910;3.55;276.7
20230212:2010;3.6;276.75
20230212:2110;3.75;276.9
20230212:2210;3.4;276.55
20230212:2310;3.3;276.45
20230213:0010;3.3;276.45
20230213:0110;3.4;276.55
20230213:0210;3.5;276.65
20230213:0310;3.3;276.45
20230213:0410;3.0;276.15
20230213:0510;2.9;276.05
20230213:0610;2.75;275.9
20230213:0710;2.55;275.7
20230213:0810;2.45;275.6
20230213:0910;3.1;276.25
20230213:1010;4.0;277.15
20230213:1110;4.6;277.75
20230213:1210;5.5;278.65
20230213:1310;6.65;279.8
20230213:1410;7.4;280.55
20230213:1510;7.9;281.05
20230213:1610;7.6;280.75
20230213:1710;6.95;280.1
20230213:1810;6.25;279.4
20230213:1910;5.3;278.45
20230213:2010;4.6;277.75
20230213:2110;4.2;277.35
20230213:2210;3.8;276.95
20230213:2310;3.55;276.7
20230214:0010;3.6;276.75
20230214:0110;3.4;276.55
20230214:0210;3.35;276.5
20230214:0310;3.0;276.15
20230214:0410;2.85;276.0
20230214:0510;2.55;275.7
20230214:0610;2.35;275.5
20230214:0710;2.15;275.3
20230214:0810;1.95;275.1
20230214:0910;1.85;275.0
20230214:1010;2.65;275.8
20230214:1110;3.2;276.35
20230214:1210;4.55;277.7
20230214:1310;5.95;279.1
20230214:1410;6.6;279.75
20230214:1510;6.8;279.95
20230214:1610;7.05;280.2
20230214:1710;6.85;280.0
20230214:1810;6.3;279.45
20230214:1910;5.9;279.05
20230214:2010;5.5;278.65
20230214:2110;4.95;278.1
20230214:2210;4.5;277.65
20230214:2310;3.95;277.1
20230215:0010;3.45;276.6
20230215:0110;3.1;276.25
20230215:0210;2.95;276.1
20230215:0310;2.65;275.8
20230215:0410;2.6;275.75
20230215:0510;2.8;275.95
20230215:0610;2.8;275.95
20230215:0710;2.9;276.05
20230215:0810;3.0;276.15
20230215:0910;3.5;276.65
20230215:1010;4.45;277.6
20230215:1110;6.1;279.25
20230215:1210;7.8;280.95
20230215:1310;8.5;281.65
20230215:1410;9.0;282.15
20230215:1510;8.95;282.1
20230215:1610;9.15;282.3
20230215:1710;8.7;281.85
20230215:1810;7.85;281.0
20230215:1910;7.3;280.45
20230215:2010;6.2;279.35
20230215:2110;5.2;278.35
20230215:2210;4.6;277.75
20230215:2310;4.15;277.3
20230216:0010;3.9;277.05
20230216:0110;3.7;276.85
20230216:0210;3.2;276.35
20230216:0310;3.0;276.15
20230216:0410;2.9;276.05
20230216:0510;2.6;275.75
20230216:0610;2.3;275.45
20230216:0710;2.0;275.15
20230216:0810;2.15;275.3
20230216:0910;3.0;276.15
20230216:1010;3.85;277.0
20230216:1110;5.05;278.2
20230216:1210;5.8;278.95
20230216:1310;6.2;279.35
20230216:1410;6.75;279.9
20230216:1510;7.55;280.7
20230216:1610;7.2;280.35
20230216:1710;6.85;280.0
20230216:1810;5.85;279.0
20230216:1910;4.6;277.75
20230216:2010;4.25;277.4
20230216:2110;4.25;277.4
20230216:2210;4.2;277.35
20230216:2310;3.8;276.95
20230217:0010;3.95;277.1
20230217:0110;4.0;277.15
20230217:0210;4.05;277.2
20230217:0310;3.65;276.8
20230217:0410;3.25;276.4
20230217:0510;3.15;276.3
20230217:0610;2.65;275.8
20230217:0710;2.8;275.95
20230217:0810;3.0;276.15
20230217:0910;3.8;276.95
20230217:1010;6.3;279.45
20230217:1110;7.45;280.6
20230217:1210;8.9;282.05
20230217:1310;10.0;283.15
20230217:1410;10.8;283.95
20230217:1510;11.35;284.5
20230217:1610;11.45;284.6
20230217:1710;11.05;284.2
20230217:1810;9.7;282.85
20230217:1910;9.35;282.5
20230217:2010;8.65;281.8
20230217:2110;7.95;281.1
20230217:2210;7.3;280.45
20230217:2310;7.0;280.15
20230218:0010;7.1;280.25
20230218:0110;6.8;279.95
20230218:0210;6.7;279.85
20230218:0310;6.3;279.45
20230218:0410;6.2;279.35
20230218:0510;6.2;279.35
20230218:0610;6.2;279.35
20230218:0710;6.0;279.15
20230218:0810;6.15;279.3
20230218:0910;6.65;279.8
20230218:1010;7.65;280.8
20230218:1110;7.9;281.05
20230218:1210;8.65;281.8
20230218:1310;9.65;282.8
20230218:1410;10.55;283.7
20230218:1510;10.55;283.7
20230218:1610;10.75;283.9
20230218:1710;10.4;283.55
20230218:1810;9.75;282.9
20230218:1910;8.85;282.0
20230218:2010;8.2;281.35
20230218:2110;7.45;280.6
20230218:2210;6.95;280.1
20230218:2310;6.4;279.55
20230219:0010;5.8;278.95
20230219:0110;4.95;278.1
20230219:0210;4.75;277.9
20230219:0310;4.45;277.6
20230219:0410;3.7;276.85
20230219:0510;3.65;276.8
20230219:0610;3.45;276.6
20230219:0710;3.25;276.4
20230219:0810;3.4;276.55
20230219:0910;4.2;277.35
20230219:1010;5.7;278.85
20230219:1110;7.7;280.85
20230219:1210;8.9;282.05
20230219:1310;9.0;282.15
20230219:1410;9.0;282.15
20230219:1510;8.7;281.85
20230219:1610;7.75;280.9
20230219:1710;7.4;280.55
20230219:1810;7.2;280.35
20230219:1910;7.25;280.4
20230219:2010;6.2;279.35
20230219:2110;5.5;278.65
20230219:2210;5.8;278.95
20230219:2310;5.6;278.75
20230220:0010;4.9;278.05
20230220:0110;5.1;278.25
20230220:0210;5.05;278.2
20230220:0310;5.05;278.2
20230220:0410;4.95;278.1
20230220:0510;4.75;277.9
20230220:0610;4.75;277.9
20230220:0710;4.7;277.85
20230220:0810;5.1;278.25
20230220:0910;6.2;279.35
20230220:1010;7.0;280.15
20230220:1110;7.75;280.9
20230220:1210;8.25;281.4
20230220:1310;8.45;281.6
20230220:1410;9.3;282.45
20230220:1510;10.15;283.3
20230220:1610;9.2;282.35
20230220:1710;9.15;282.3
20230220:1810;8.95;282.1
20230220:1910;8.75;281.9
20230220:2010;8.35;281.5
20230220:2110;7.7;280.85
20230220:2210;7.55;280.7
20230220:2310;7.65;280.8
20230221:0010;7.2;280.35
20230221:0110;7.15;280.3
20230221:0210;7.3;280.45
20230221:0310;7.5;280.65
20230221:0410;7.5;280.65
20230221:0510;7.4;280.55
20230221:0610;8.0;281.15
20230221:0710;7.85;281.0
20230221:0810;8.05;281.2
20230221:0910;8.65;281.8
20230221:1010;9.85;283.0
20230221:1110;10.05;283.2
20230221:1210;9.5;282.65
20230221:1310;9.45;282.6
20230221:1410;9.7;282.85
20230221:1510;10.05;283.2
20230221:1610;10.4;283.55
20230221:1710;9.9;283.05
20230221:1810;9.65;282.8
20230221:1910;9.45;282.6
20230221:2010;9.0;282.15
20230221:2110;8.8;281.95
20230221:2210;8.35;281.5
20230221:2310;7.8;280.95
20230222:0010;7.7;280.85
20230222:0110;7.45;280.6
20230222:0210;7.5;280.65
20230222:0310;7.15;280.3
20230222:0410;7.05;280.2
20230222:0510;6.7;279.85
20230222:0610;6.15;279.3
20230222:0710;6.05;279.2
20230222:0810;6.15;279.3
20230222:0910;6.8;279.95
20230222:1010;7.9;281.05
20230222:1110;9.25;282.4
20230222:1210;8.85;282.0
20230222:1310;8.9;282.05
20230222:1410;8.45;281.6
20230222:1510;8.6;281.75
20230222:1610;9.35;282.5
20230222:1710;9.15;282.3
20230222:1810;9.1;282.25
20230222:1910;8.75;281.9
20230222:2010;8.7;281.85
20230222:2110;8.5;281.65
20230222:2210;8.1;281.25
20230222:2310;8.3;281.45
20230223:0010;8.3;281.45
20230223:0110;8.0;281.15
20230223:0210;7.65;280.8
20230223:0310;7.6;280.75
20230223:0410;7.65;280.8
20230223:0510;7.8;280.95
20230223:0610;7.6;280.75
20230223:0710;7.85;281.0
20230223:0810;7.35;280.5
20230223:0910;7.65;280.8
20230223:1010;8.55;281.7
20230223:1110;9.0;282.15
20230223:1210;10.25;283.4
20230223:1310;11.1;284.25
20230223:1410;12.3;285.45
20230223:1510;12.35;285.5
20230223:1610;11.45;284.6
20230223:1710;10.65;283.8
20230223:1810;10.3;283.45
20230223:1910;10.05;283.2
20230223:2010;9.3;282.45
20230223:2110;6.9;280.05
20230223:2210;6.45;279.6
20230223:2310;6.0;279.15
20230224:0010;5.4;278.55
20230224:0110;5.0;278.15
20230224:0210;4.6;277.75
20230224:0310;4.3;277.45
20230224:0410;4.2;277.35
20230224:0510;4.0;277.15
20230224:0610;4.3;277.45
20230224:0710;4.4;277.55
20230224:0810;4.9;278.05
20230224:0910;5.8;278.95
20230224:1010;8.0;281.15
20230224:1110;9.4;282.55
20230224:1210;10.5;283.65
20230224:1310;11.1;284.25
20230224:1410;10.7;283.85
20230224:1510;10.8;283.95
20230224:1610;10.2;283.35
20230224:1710;9.4;282.55
20230224:1810;9.7;282.85
20230224:1910;9.3;282.45
20230224:2010;7.4;280.55
20230224:2110;8.0;281.15
20230224:2210;7.8;280.95
20230224:2310;7.3;280.45
20230225:0010;6.7;279.85
20230225:0110;6.6;279.75
20230225:0210;6.2;279.35
20230225:0310;6.05;279.2
20230225:0410;5.55;278.7
20230225:0510;5.3;278.45
20230225:0610;4.75;277.9
20230225:0710;4.55;277.7
20230225:0810;4.9;278.05
20230225:0910;5.75;278.9
20230225:1010;6.05;279.2
20230225:1110;6.6;279.75
20230225:1210;7.4;280.55
20230225:1310;7.95;281.1
20230225:1410;8.65;281.8
20230225:1510;8.7;281.85
20230225:1610;8.7;281.85
20230225:1710;8.3;281.45
20230225:1810;8.1;281.25
20230225:1910;7.7;280.85
20230225:2010;6.7;279.85
20230225:2110;6.55;279.7
20230225:2210;6.45;279.6
20230225:2310;6.35;279.5
20230226:0010;6.3;279.45
20230226:0110;6.15;279.3
20230226:0210;5.75;278.9
20230226:0310;5.45;278.6
20230226:0410;5.25;278.4
20230226:0510;5.25;278.4
20230226:0610;4.85;278.0
20230226:0710;4.6;277.75
20230226:0810;5.25;278.4
20230226:0910;6.5;279.65
20230226:1010;6.45;279.6
20230226:1110;6.9;280.05
20230226:1210;7.75;280.9
20230226:1310;8.6;281.75
20230226:1410;8.8;281.95
20230226:1510;9.15;282.3
20230226:1610;9.4;282.55
20230226:1710;9.15;282.3
20230226:1810;8.5;281.65
20230226:1910;8.05;281.2
20230226:2010;7.2;280.35
20230226:2110;7.25;280.4
20230226:2210;6.7;279.85
20230226:2310;6.25;279.4
20230227:0010;5.8;278.95
20230227:0110;5.3;278.45
20230227:0210;4.65;277.8
20230227:0310;4.25;277.4
20230227:0410;3.7;276.85
20230227:0510;3.75;276.9
20230227:0610;3.6;276.75
20230227:0710;3.7;276.85
20230227:0810;3.75;276.9
20230227:0910;4.5;277.65
20230227:1010;5.15;278.3
20230227:1110;6.45;279.6
20230227:1210;7.1;280.25
20230227:1310;7.7;280.85
20230227:1410;8.05;281.2
20230227:1510;8.25;281.4
20230227:1610;8.0;281.15
20230227:1710;7.85;281.0
20230227:1810;6.95;280.1
20230227:1910;6.65;279.8
20230227:2010;6.65;279.8
20230227:2110;6.5;279.65
20230227:2210;6.35;279.5
20230227:2310;6.45;279.6
20230228:0010;6.4;279.55
20230228:0110;5.7;278.85
20230228:0210;5.4;278.55
20230228:0310;5.0;278.15
20230228:0410;4.65;277.8
20230228:0510;4.4;277.55
20230228:0610;4.3;277.45
20230228:0710;4.5;277.65
20230228:0810;4.45;277.6
20230228:0910;5.55;278.7
20230228:1010;6.7;279.85
20230228:1110;7.3;280.45
20230228:1210;8.15;281.3
20230228:1310;8.9;282.05
20230228:1410;9.25;282.4
20230228:1510;9.45;282.6
20230228:1610;9.1;282.25
20230228:1710;8.85;282.0
20230228:1810;8.05;281.2
20230228:1910;7.55;280.7
20230228:2010;7.05;280.2
20230228:2110;6.35;279.5
20230228:2210;6.15;279.3
20230228:2310;5.8;278.95
20230301:0010;6.35;279.5
20230301:0110;5.7;278.85
20230301:0210;5.1;278.25
20230301:0310;4.6;277.75
20230301:0410;4.35;277.5
20230301:0510;4.35;277.5
20230301:0610;4.2;277.35
20230301:0710;4.2;277.35
20230301:0810;4.75;277.9
20230301:0910;5.25;278.4
20230301:1010;5.45;278.6
20230301:1110;6.25;279.4
20230301:1210;7.05;280.2
20230301:1310;7.95;281.1
20230301:1410;8.65;281.8
20230301:1510;8.7;281.85
20230301:1610;8.25;281.4
20230301:1710;7.85;281.0
20230301:1810;7.5;280.65
20230301:1910;7.25;280.4
20230301:2010;6.8;279.95
20230301:2110;6.35;279.5
20230301:2210;5.55;278.7
20230301:2310;4.85;278.0
20230302:0010;4.4;277.55
20230302:0110;4.3;277.45
20230302:0210;4.35;277.5
20230302:0310;4.05;277.2
20230302:0410;4.0;277.15
20230302:0510;3.6;276.75
20230302:0610;3.3;276.45
20230302:0710;3.15;276.3
20230302:0810;3.7;276.85
20230302:0910;4.6;277.75
20230302:1010;5.6;278.75
20230302:1110;6.4;279.55
20230302:1210;7.45;280.6
20230302:1310;8.3;281.45
20230302:1410;9.0;282.15
20230302:1510;9.85;283.0
20230302:1610;9.95;283.1
20230302:1710;9.95;283.1
20230302:1810;9.55;282.7
20230302:1910;8.85;282.0
20230302:2010;8.1;281.25
20230302:2110;7.75;280.9
20230302:2210;6.4;279.55
20230302:2310;6.15;279.3
20230303:0010;6.05;279.2
20230303:0110;5.7;278.85
20230303:0210;4.3;277.45
20230303:0310;3.9;277.05
20230303:0410;4.15;277.3
20230303:0510;3.75;276.9
20230303:0610;3.65;276.8
20230303:0710;3.75;276.9
20230303:0810;4.5;277.65
20230303:0910;5.1;278.25
20230303:1010;6.45;279.6
20230303:1110;7.15;280.3
20230303:1210;8.45;281.6
20230303:1310;9.1;282.25
20230303:1410;9.3;282.45
20230303:1510;10.45;283.6
20230303:1610;11.2;284.35
20230303:1710;10.9;284.05
20230303:1810;10.55;283.7
20230303:1910;9.65;282.8
20230303:2010;8.35;281.5
20230303:2110;7.3;280.45
20230303:2210;6.6;279.75
20230303:2310;6.2;279.35
20230304:0010;5.75;278.9
20230304:0110;5.55;278.7
20230304:0210;5.55;278.7
20230304:0310;4.9;278.05
20230304:0410;5.35;278.5
20230304:0510;5.4;278.55
20230304:0610;5.6;278.75
20230304:0710;5.7;278.85
20230304:0810;6.25;279.4
20230304:0910;7.3;280.45
20230304:1010;8.0;281.15
20230304:1110;9.05;282.2
20230304:1210;9.75;282.9
20230304:1310;10.7;283.85
20230304:1410;11.4;284.55
20230304:1510;12.6;285.75
20230304:1610;11.15;284.3
20230304:1710;10.35;283.5
20230304:1810;9.85;283.0
20230304:1910;8.5;281.65
20230304:2010;8.5;281.65
20230304:2110;7.45;280.6
20230304:2210;6.75;279.9
20230304:2310;5.85;279.0
20230305:0010;5.35;278.5
20230305:0110;4.55;277.7
20230305:0210;4.15;277.3
20230305:0310;3.65;276.8
20230305:0410;3.4;276.55
20230305:0510;3.25;276.4
20230305:0610;3.25;276.4
20230305:0710;3.35;276.5
20230305:0810;3.85;277.0
20230305:0910;4.65;277.8
20230305:1010;6.05;279.2
20230305:1110;7.35;280.5
20230305:1210;9.0;282.15
20230305:1310;10.75;283.9
20230305:1410;11.45;284.6
20230305:1510;12.35;285.5
20230305:1610;11.75;284.9
20230305:1710;10.9;284.05
20230305:1810;10.45;283.6
20230305:1910;9.65;282.8
20230305:2010;9.2;282.35
20230305:2110;8.55;281.7
20230305:2210;7.6;280.75
20230305:2310;7.15;280.3
20230306:0010;6.7;279.85
20230306:0110;6.15;279.3
20230306:0210;5.75;278.9
20230306:0310;5.75;278.9
20230306:0410;5.55;278.7
20230306:0510;5.25;278.4
20230306:0610;5.3;278.45
20230306:0710;5.25;278.4
20230306:0810;6.1;279.25
20230306:0910;6.5;279.65
20230306:1010;7.75;280.9
20230306:1110;8.3;281.45
20230306:1210;9.0;282.15
20230306:1310;10.1;283.25
20230306:1410;10.65;283.8
20230306:1510;9.95;283.1
20230306:1610;9.45;282.6
20230306:1710;9.35;282.5
20230306:1810;8.95;282.1
20230306:1910;8.75;281.9
20230306:2010;8.05;281.2
20230306:2110;7.75;280.9
20230306:2210;7.4;280.55
20230306:2310;6.9;280.05
20230307:0010;6.5;279.65
20230307:0110;6.3;279.45
20230307:0210;6.05;279.2
20230307:0310;6.05;279.2
20230307:0410;5.7;278.85
20230307:0510;5.65;278.8
20230307:0610;5.85;279.0
20230307:0710;5.5;278.65
20230307:0810;5.55;278.7
20230307:0910;6.0;279.15
20230307:1010;6.75;279.9
20230307:1110;7.4;280.55
20230307:1210;9.0;282.15
20230307:1310;9.05;282.2
20230307:1410;9.1;282.25
20230307:1510;9.05;282.2
20230307:1610;8.05;281.2
20230307:1710;7.8;280.95
20230307:1810;7.35;280.5
20230307:1910;7.0;280.15
20230307:2010;6.65;279.8
20230307:2110;5.8;278.95
20230307:2210;5.85;279.0
20230307:2310;6.0;279.15
20230308:0010;5.65;278.8
20230308:0110;5.65;278.8
20230308:0210;5.55;278.7
20230308:0310;5.45;278.6
20230308:0410;5.35;278.5
20230308:0510;5.35;278.5
20230308:0610;5.5;278.65
20230308:0710;5.3;278.45
20230308:0810;5.75;278.9
20230308:0910;6.35;279.5
20230308:1010;7.25;280.4
20230308:1110;8.0;281.15
20230308:1210;8.6;281.75
20230308:1310;9.25;282.4
20230308:1410;9.65;282.8
20230308:1510;10.1;283.25
20230308:1610;10.15;283.3
20230308:1710;10.05;283.2
20230308:1810;9.65;282.8
20230308:1910;9.1;282.25
20230308:2010;8.25;281.4
20230308:2110;7.0;280.15
20230308:2210;6.3;279.45
20230308:2310;6.05;279.2
20230309:0010;5.7;278.85
20230309:0110;5.2;278.35
20230309:0210;5.15;278.3
20230309:0310;4.7;277.85
20230309:0410;4.65;277.8
20230309:0510;4.75;277.9
20230309:0610;4.4;277.55
20230309:0710;4.55;277.7
20230309:0810;5.3;278.45
20230309:0910;6.4;279.55
20230309:1010;7.5;280.65
20230309:1110;10.05;283.2
20230309:1210;10.65;283.8
20230309:1310;11.9;285.05
20230309:1410;12.3;285.45
20230309:1510;12.25;285.4
20230309:1610;12.25;285.4
20230309:1710;11.95;285.1
20230309:1810;11.45;284.6
20230309:1910;10.6;283.75
20230309:2010;10.2;283.35
20230309:2110;9.95;283.1
20230309:2210;9.75;282.9
20230309:2310;9.6;282.75
20230310:0010;9.05;282.2
20230310:0110;8.65;281.8
20230310:0210;8.25;281.4
20230310:0310;7.65;280.8
20230310:0410;7.65;280.8
20230310:0510;7.3;280.45
20230310:0610;6.75;279.9
20230310:0710;6.85;280.0
20230310:0810;7.5;280.65
20230310:0910;8.5;281.65
20230310:1010;9.05;282.2
20230310:1110;9.65;282.8
20230310:1210;10.25;283.4
20230310:1310;10.5;283.65
20230310:1410;11.0;284.15
20230310:1510;13.05;286.2
20230310:1610;12.95;286.1
20230310:1710;12.75;285.9
20230310:1810;12.35;285.5
20230310:1910;11.45;284.6
20230310:2010;10.6;283.75
20230310:2110;10.2;283.35
20230310:2210;10.4;283.55
20230310:2310;10.15;283.3
20230311:0010;10.05;283.2
20230311:0110;9.9;283.05
20230311:0210;8.9;282.05
20230311:0310;8.35;281.5
20230311:0410;7.5;280.65
20230311:0510;6.95;280.1
20230311:0610;6.55;279.7
20230311:0710;6.35;279.5
20230311:0810;6.55;279.7
20230311:0910;7.3;280.45
20230311:1010;7.8;280.95
20230311:1110;8.5;281.65
20230311:1210;9.2;282.35
20230311:1310;8.9;282.05
20230311:1410;9.45;282.6
20230311:1510;9.75;282.9
20230311:1610;9.4;282.55
20230311:1710;9.3;282.45
20230311:1810;9.0;282.15
20230311:1910;8.6;281.75
20230311:2010;8.4;281.55
20230311:2110;8.05;281.2
20230311:2210;8.05;281.2
20230311:2310;7.8;280.95
20230312:0010;7.6;280.75
20230312:0110;7.3;280.45
20230312:0210;6.9;280.05
20230312:0310;6.7;279.85
20230312:0410;6.4;279.55
20230312:0510;6.35;279.5
20230312:0610;6.3;279.45
20230312:0710;6.35;279.5
20230312:0810;6.5;279.65
20230312:0910;6.9;280.05
20230312:1010;7.2;280.35
20230312:1110;7.85;281.0
20230312:1210;8.05;281.2
20230312:1310;8.1;281.25
20230312:1410;8.65;281.8
20230312:1510;8.8;281.95
20230312:1610;8.9;282.05
20230312:1710;8.85;282.0
20230312:1810;8.95;282.1
20230312:1910;9.1;282.25
20230312:2010;8.95;282.1
20230312:2110;8.85;282.0
20230312:2210;8.35;281.5
20230312:2310;7.4;280.55
20230313:0010;7.1;280.25
20230313:0110;7.1;280.25
20230313:0210;6.9;280.05
20230313:0310;6.7;279.85
20230313:0410;6.5;279.65
20230313:0510;6.45;279.6
20230313:0610;7.0;280.15
20230313:0710;6.9;280.05
20230313:0810;7.55;280.7
20230313:0910;9.2;282.35
20230313:1010;10.0;283.15
20230313:1110;10.85;284.0
20230313:1210;11.35;284.5
20230313:1310;11.7;284.85
20230313:1410;11.75;284.9
20230313:1510;12.15;285.3
20230313:1610;11.85;285.0
20230313:1710;11.45;284.6
20230313:1810;10.5;283.65
20230313:1910;10.1;283.25
20230313:2010;9.55;282.7
20230313:2110;8.7;281.85
20230313:2210;8.15;281.3
20230313:2310;8.15;281.3
20230314:0010;7.45;280.6
20230314:0110;7.05;280.2
20230314:0210;6.65;279.8
20230314:0310;6.45;279.6
20230314:0410;6.4;279.55
20230314:0510;6.35;279.5
20230314:0610;6.4;279.55
20230314:0710;6.8;279.95
20230314:0810;7.85;281.0
20230314:0910;8.15;281.3
20230314:1010;8.65;281.8
20230314:1110;9.15;282.3
20230314:1210;9.85;283.0
20230314:1310;10.4;283.55
20230314:1410;11.1;284.25
20230314:1510;10.85;284.0
20230314:1610;10.15;283.3
20230314:1710;9.8;282.95
20230314:1810;9.15;282.3
20230314:1910;9.3;282.45
20230314:2010;8.45;281.6
20230314:2110;8.4;281.55
20230314:2210;8.05;281.2
20230314:2310;7.1;280.25
20230315:0010;6.05;279.2
20230315:0110;5.75;278.9
20230315:0210;5.5;278.65
20230315:0310;5.35;278.5
20230315:0410;5.2;278.35
20230315:0510;4.85;278.0
20230315:0610;4.5;277.65
20230315:0710;4.4;277.55
20230315:0810;4.9;278.05
20230315:0910;5.85;279.0
20230315:1010;6.8;279.95
20230315:1110;7.5;280.65
20230315:1210;7.9;281.05
20230315:1310;8.35;281.5
20230315:1410;9.2;282.35
20230315:1510;9.75;282.9
20230315:1610;9.7;282.85
20230315:1710;8.95;282.1
20230315:1810;8.35;281.5
20230315:1910;7.55;280.7
20230315:2010;7.2;280.35
20230315:2110;7.05;280.2
20230315:2210;6.75;279.9
20230315:2310;6.7;279.85
20230316:0010;6.8;279.95
20230316:0110;6.75;279.9
20230316:0210;6.85;280.0
20230316:0310;6.6;279.75
20230316:0410;6.65;279.8
20230316:0510;6.65;279.8
20230316:0610;6.1;279.25
20230316:0710;6.25;279.4
20230316:0810;6.6;279.75
20230316:0910;7.65;280.8
20230316:1010;7.95;281.1
20230316:1110;8.55;281.7
20230316:1210;8.65;281.8
20230316:1310;9.1;282.25
20230316:1410;9.45;282.6
20230316:1510;9.9;283.05
20230316:1610;10.0;283.15
20230316:1710;10.5;283.65
20230316:1810;10.05;283.2
20230316:1910;10.1;283.25
20230316:2010;10.15;283.3
20230316:2110;9.65;282.8
20230316:2210;8.8;281.95
20230316:2310;8.0;281.15
20230317:0010;7.65;280.8
20230317:0110;6.15;279.3
20230317:0210;5.6;278.75
20230317:0310;4.8;277.95
20230317:0410;4.35;277.5
20230317:0510;4.2;277.35
20230317:0610;4.1;277.25
20230317:0710;4.1;277.25
20230317:0810;5.4;278.55
20230317:0910;6.7;279.85
20230317:1010;8.1;281.25
20230317:1110;9.1;282.25
20230317:1210;10.35;283.5
20230317:1310;10.8;283.95
20230317:1410;12.1;285.25
20230317:1510;12.4;285.55
20230317:1610;12.45;285.6
20230317:1710;11.75;284.9
20230317:1810;10.75;283.9
20230317:1910;9.9;283.05
20230317:2010;9.3;282.45
20230317:2110;8.65;281.8
20230317:2210;7.85;281.0
20230317:2310;7.55;280.7
20230318:0010;6.7;279.85
20230318:0110;6.15;279.3
20230318:0210;5.65;278.8
20230318:0310;5.35;278.5
20230318:0410;4.75;277.9
20230318:0510;4.65;277.8
20230318:0610;4.6;277.75
20230318:0710;4.8;277.95
20230318:0810;5.75;278.9
20230318:0910;6.75;279.9
20230318:1010;7.25;280.4
20230318:1110;8.1;281.25
20230318:1210;9.6;282.75
20230318:1310;10.35;283.5
20230318:1410;10.65;283.8
20230318:1510;11.15;284.3
20230318:1610;11.4;284.55
20230318:1710;10.9;284.05
20230318:1810;10.4;283.55
20230318:1910;8.95;282.1
20230318:2010;8.1;281.25
20230318:2110;7.3;280.45
20230318:2210;6.95;280.1
20230318:2310;6.65;279.8
20230319:0010;6.55;279.7
20230319:0110;6.4;279.55
20230319:0210;6.0;279.15
20230319:0310;5.75;278.9
20230319:0410;5.4;278.55
20230319:0510;4.75;277.9
20230319:0610;4.4;277.55
20230319:0710;4.55;277.7
20230319:0810;5.1;278.25
20230319:0910;5.55;278.7
20230319:1010;6.5;279.65
20230319:1110;7.2;280.35
20230319:1210;8.25;281.4
20230319:1310;8.85;282.0
20230319:1410;9.1;282.25
20230319:1510;9.55;282.7
20230319:1610;9.65;282.8
20230319:1710;9.25;282.4
20230319:1810;9.2;282.35
20230319:1910;8.55;281.7
20230319:2010;8.1;281.25
20230319:2110;7.8;280.95
20230319:2210;7.35;280.5
20230319:2310;6.8;279.95
20230320:0010;6.3;279.45
20230320:0110;5.5;278.65
20230320:0210;5.0;278.15
20230320:0310;4.4;277.55
20230320:0410;3.85;277.0
20230320:0510;3.1;276.25
20230320:0610;3.05;276.2
20230320:0710;3.5;276.65
20230320:0810;4.45;277.6
20230320:0910;5.95;279.1
20230320:1010;7.15;280.3
20230320:1110;8.55;281.7
20230320:1210;9.45;282.6
20230320:1310;10.75;283.9
20230320:1410;11.85;285.0
20230320:1510;13.15;286.3
20230320:1610;13.15;286.3
20230320:1710;12.85;286.0
20230320:1810;12.3;285.45
20230320:1910;10.55;283.7
20230320:2010;9.7;282.85
20230320:2110;8.7;281.85
20230320:2210;7.9;281.05
20230320:2310;7.65;280.8
20230321:0010;7.3;280.45
20230321:0110;6.85;280.0
20230321:0210;6.3;279.45
20230321:0310;6.0;279.15
20230321:0410;5.8;278.95
20230321:0510;5.65;278.8
20230321:0610;5.15;278.3
20230321:0710;5.4;278.55
20230321:0810;6.15;279.3
20230321:0910;6.75;279.9
20230321:1010;7.9;281.05
20230321:1110;9.55;282.7
20230321:1210;10.4;283.55
20230321:1310;11.05;284.2
20230321:1410;12.15;285.3
20230321:1510;12.6;285.75
20230321:1610;12.5;285.65
20230321:1710;12.2;285.35
20230321:1810;11.65;284.8
20230321:1910;10.9;284.05
20230321:2010;10.25;283.4
20230321:2110;9.3;282.45
20230321:2210;8.55;281.7
20230321:2310;8.0;281.15
20230322:0010;7.7;280.85
20230322:0110;7.3;280.45
20230322:0210;6.9;280.05
20230322:0310;6.2;279.35
20230322:0410;5.5;278.65
20230322:0510;5.2;278.35
20230322:0610;4.75;277.9
20230322:0710;5.2;278.35
20230322:0810;7.05;280.2
20230322:0910;8.2;281.35
20230322:1010;9.5;282.65
20230322:1110;10.65;283.8
20230322:1210;11.5;284.65
20230322:1310;11.65;284.8
20230322:1410;12.1;285.25
20230322:1510;12.05;285.2
20230322:1610;11.8;284.95
20230322:1710;11.5;284.65
20230322:1810;11.1;284.25
20230322:1910;10.15;283.3
20230322:2010;9.6;282.75
20230322:2110;9.45;282.6
20230322:2210;8.75;281.9
20230322:2310;7.7;280.85
20230323:0010;7.05;280.2
20230323:0110;6.7;279.85
20230323:0210;6.45;279.6
20230323:0310;6.4;279.55
20230323:0410;6.1;279.25
20230323:0510;6.0;279.15
20230323:0610;5.95;279.1
20230323:0710;5.95;279.1
20230323:0810;6.95;280.1
20230323:0910;8.55;281.7
20230323:1010;9.9;283.05
20230323:1110;11.25;284.4
20230323:1210;12.55;285.7
20230323:1310;13.5;286.65
20230323:1410;14.3;287.45
20230323:1510;11.85;285.0
20230323:1610;10.8;283.95
20230323:1710;10.3;283.45
20230323:1810;10.15;283.3
20230323:1910;9.6;282.75
20230323:2010;9.45;282.6
20230323:2110;8.8;281.95
20230323:2210;8.45;281.6
20230323:2310;8.2;281.35
20230324:0010;7.75;280.9
20230324:0110;7.7;280.85
20230324:0210;7.45;280.6
20230324:0310;7.1;280.25
20230324:0410;6.9;280.05
20230324:0510;6.8;279.95
20230324:0610;6.75;279.9
20230324:0710;6.9;280.05
20230324:0810;8.3;281.45
20230324:0910;8.8;281.95
20230324:1010;8.8;281.95
20230324:1110;9.65;282.8
20230324:1210;10.3;283.45
20230324:1310;10.6;283.75
20230324:1410;10.7;283.85
20230324:1510;11.45;284.6
20230324:1610;11.0;284.15
20230324:1710;10.9;284.05
20230324:1810;10.25;283.4
20230324:1910;9.55;282.7
20230324:2010;8.55;281.7
20230324:2110;8.1;281.25
20230324:2210;7.6;280.75
20230324:2310;7.45;280.6
20230325:0010;7.25;280.4
20230325:0110;7.0;280.15
20230325:0210;6.9;280.05
20230325:0310;6.65;279.8
20230325:0410;6.55;279.7
20230325:0510;6.4;279.55
20230325:0610;6.3;279.45
20230325:0710;6.65;279.8
20230325:0810;7.6;280.75
20230325:0910;8.95;282.1
20230325:1010;9.55;282.7
20230325:1110;10.55;283.7
20230325:1210;11.45;284.6
20230325:1310;12.5;285.65
20230325:1410;13.1;286.25
20230325:1510;13.05;286.2
20230325:1610;12.75;285.9
20230325:1710;12.4;285.55
20230325:1810;11.7;284.85
20230325:1910;10.5;283.65
20230325:2010;9.95;283.1
20230325:2110;9.25;282.4
20230325:2210;8.65;281.8
20230325:2310;8.2;281.35
20230326:0010;7.7;280.85
20230326:0110;7.35;280.5
20230326:0210;6.55;279.7
20230326:0310;6.8;279.95
20230326:0410;6.9;280.05
20230326:0510;6.6;279.75
20230326:0610;6.5;279.65
20230326:0710;6.0;279.15
20230326:0810;6.75;279.9
20230326:0910;8.1;281.25
20230326:1010;9.85;283.0
20230326:1110;11.0;284.15
20230326:1210;11.9;285.05
20230326:1310;12.25;285.4
20230326:1410;13.3;286.45
20230326:1510;13.35;286.5
20230326:1610;13.1;286.25
20230326:1710;13.0;286.15
20230326:1810;12.35;285.5
20230326:1910;11.9;285.05
20230326:2010;11.5;284.65
20230326:2110;10.7;283.85
20230326:2210;10.0;283.15
20230326:2310;9.55;282.7
20230327:0010;9.2;282.35
20230327:0110;8.9;282.05
20230327:0210;8.45;281.6
20230327:0310;8.15;281.3
20230327:0410;7.45;280.6
20230327:0510;6.55;279.7
20230327:0610;6.6;279.75
20230327:0710;6.75;279.9
20230327:0810;7.8;280.95
20230327:0910;8.3;281.45
20230327:1010;9.5;282.65
20230327:1110;11.0;284.15
20230327:1210;11.85;285.0
20230327:1310;12.65;285.8
20230327:1410;13.3;286.45
20230327:1510;13.85;287.0
20230327:1610;13.85;287.0
20230327:1710;13.35;286.5
20230327:1810;13.15;286.3
20230327:1910;12.45;285.6
20230327:2010;11.65;284.8
20230327:2110;10.85;284.0
20230327:2210;10.1;283.25
20230327:2310;9.45;282.6
20230328:0010;8.35;281.5
20230328:0110;7.65;280.8
20230328:0210;7.6;280.75
20230328:0310;7.4;280.55
20230328:0410;7.1;280.25
20230328:0510;6.65;279.8
20230328:0610;6.1;279.25
20230328:0710;6.65;279.8
20230328:0810;7.2;280.35
20230328:0910;8.8;281.95
20230328:1010;9.85;283.0
20230328:1110;10.85;284.0
20230328:1210;12.3;285.45
20230328:1310;13.2;286.35
20230328:1410;13.95;287.1
20230328:1510;15.2;288.35
20230328:1610;15.65;288.8
20230328:1710;14.85;288.0
20230328:1810;13.1;286.25
20230328:1910;12.3;285.45
20230328:2010;11.75;284.9
20230328:2110;11.3;284.45
20230328:2210;10.8;283.95
20230328:2310;10.15;283.3
20230329:0010;10.25;283.4
20230329:0110;9.95;283.1
20230329:0210;9.8;282.95
20230329:0310;9.65;282.8
20230329:0410;9.15;282.3
20230329:0510;8.75;281.9
20230329:0610;9.15;282.3
20230329:0710;9.4;282.55
20230329:0810;9.95;283.1
20230329:0910;10.4;283.55
20230329:1010;11.9;285.05
20230329:1110;12.8;285.95
20230329:1210;13.4;286.55
20230329:1310;14.2;287.35
20230329:1410;14.35;287.5
20230329:1510;15.3;288.45
20230329:1610;15.45;288.6
20230329:1710;15.3;288.45
20230329:1810;15.0;288.15
20230329:1910;14.3;287.45
20230329:2010;13.5;286.65
20230329:2110;12.9;286.05
20230329:2210;11.65;284.8
20230329:2310;11.3;284.45
20230330:0010;11.3;284.45
20230330:0110;10.8;283.95
20230330:0210;11.6;284.75
20230330:0310;10.7;283.85
20230330:0410;10.7;283.85
20230330:0510;10.6;283.75
20230330:0610;10.35;283.5
20230330:0710;10.2;283.35
20230330:0810;10.3;283.45
20230330:0910;10.5;283.65
20230330:1010;11.7;284.85
20230330:1110;12.7;285.85
20230330:1210;14.6;287.75
20230330:1310;15.0;288.15
20230330:1410;16.3;289.45
20230330:1510;16.5;289.65
20230330:1610;16.55;289.7
20230330:1710;16.25;289.4
20230330:1810;16.1;289.25
20230330:1910;15.7;288.85
20230330:2010;15.15;288.3
20230330:2110;14.75;287.9
20230330:2210;14.05;287.2
20230330:2310;13.35;286.5
20230331:0010;12.9;286.05
20230331:0110;12.2;285.35
20230331:0210;11.9;285.05
20230331:0310;11.65;284.8
20230331:0410;11.55;284.7
20230331:0510;11.3;284.45
20230331:0610;10.55;283.7
20230331:0710;9.95;283.1
20230331:0810;10.35;283.5
20230331:0910;12.15;285.3
20230331:1010;13.65;286.8
20230331:1110;15.2;288.35
20230331:1210;16.2;289.35
20230331:1310;16.85;290.0
20230331:1410;17.75;290.9
20230331:1510;18.65;291.8
20230331:1610;19.55;292.7
20230331:1710;18.55;291.7
20230331:1810;16.6;289.75
20230331:1910;16.15;289.3
20230331:2010;15.85;289.0
20230331:2110;15.0;288.15
20230331:2210;14.55;287.7
20230331:2310;13.8;286.95
20230401:0010;13.1;286.25
20230401:0110;12.4;285.55
20230401:0210;11.8;284.95
20230401:0310;11.25;284.4
20230401:0410;10.65;283.8
20230401:0510;10.25;283.4
20230401:0610;9.8;282.95
20230401:0710;9.5;282.65
20230401:0810;9.7;282.85
20230401:0910;10.65;283.8
20230401:1010;11.25;284.4
20230401:1110;12.15;285.3
20230401:1210;12.8;285.95
20230401:1310;13.5;286.65
20230401:1410;13.7;286.85
20230401:1510;13.35;286.5
20230401:1610;14.2;287.35
20230401:1710;13.25;286.4
20230401:1810;12.8;285.95
20230401:1910;12.1;285.25
20230401:2010;10.8;283.95
20230401:2110;9.85;283.0
20230401:2210;9.45;282.6
20230401:2310;9.35;282.5
20230402:0010;9.25;282.4
20230402:0110;8.85;282.0
20230402:0210;8.5;281.65
20230402:0310;8.3;281.45
20230402:0410;7.8;280.95
20230402:0510;7.4;280.55
20230402:0610;7.25;280.4
20230402:0710;7.25;280.4
20230402:0810;8.35;281.5
20230402:0910;9.95;283.1
20230402:1010;10.3;283.45
20230402:1110;11.05;284.2
20230402:1210;12.3;285.45
20230402:1310;13.55;286.7
20230402:1410;13.9;287.05
20230402:1510;14.3;287.45
20230402:1610;15.0;288.15
20230402:1710;14.7;287.85
20230402:1810;14.1;287.25
20230402:1910;13.25;286.4
20230402:2010;12.35;285.5
20230402:2110;11.9;285.05
20230402:2210;11.55;284.7
20230402:2310;10.9;284.05
20230403:0010;10.45;283.6
20230403:0110;9.95;283.1
20230403:0210;9.25;282.4
20230403:0310;8.95;282.1
20230403:0410;8.55;281.7
20230403:0510;8.3;281.45
20230403:0610;8.2;281.35
20230403:0710;8.1;281.25
20230403:0810;8.85;282.0
20230403:0910;10.6;283.75
20230403:1010;11.45;284.6
20230403:1110;12.8;285.95
20230403:1210;14.0;287.15
20230403:1310;15.35;288.5
20230403:1410;16.75;289.9
20230403:1510;17.9;291.05
20230403:1610;18.2;291.35
20230403:1710;17.75;290.9
20230403:1810;17.65;290.8
20230403:1910;17.35;290.5
20230403:2010;16.25;289.4
20230403:2110;15.5;288.65
20230403:2210;14.25;287.4
20230403:2310;13.45;286.6
20230404:0010;12.95;286.1
20230404:0110;12.45;285.6
20230404:0210;11.55;284.7
20230404:0310;11.2;284.35
20230404:0410;10.3;283.45
20230404:0510;9.8;282.95
20230404:0610;9.55;282.7
20230404:0710;9.1;282.25
20230404:0810;10.1;283.25
20230404:0910;11.45;284.6
20230404:1010;12.35;285.5
20230404:1110;13.35;286.5
20230404:1210;14.9;288.05
20230404:1310;15.25;288.4
20230404:1410;15.85;289.0
20230404:1510;16.55;289.7
20230404:1610;16.95;290.1
20230404:1710;17.35;290.5
20230404:1810;17.05;290.2
20230404:1910;16.4;289.55
20230404:2010;15.75;288.9
20230404:2110;15.35;288.5
20230404:2210;14.05;287.2
20230404:2310;13.15;286.3
20230405:0010;12.25;285.4
20230405:0110;11.55;284.7
20230405:0210;11.0;284.15
20230405:0310;10.7;283.85
20230405:0410;10.65;283.8
20230405:0510;10.35;283.5
20230405:0610;10.25;283.4
20230405:0710;10.0;283.15
20230405:0810;10.3;283.45
20230405:0910;10.75;283.9
20230405:1010;11.65;284.8
20230405:1110;13.85;287.0
20230405:1210;15.1;288.25
20230405:1310;15.35;288.5
20230405:1410;16.05;289.2
20230405:1510;16.5;289.65
20230405:1610;15.9;289.05
20230405:1710;15.45;288.6
20230405:1810;14.9;288.05
20230405:1910;14.6;287.75
20230405:2010;14.2;287.35
20230405:2110;13.85;287.0
20230405:2210;13.35;286.5
20230405:2310;11.5;284.65
20230406:0010;11.35;284.5
20230406:0110;10.7;283.85
20230406:0210;10.15;283.3
20230406:0310;9.6;282.75
20230406:0410;8.6;281.75
20230406:0510;8.3;281.45
20230406:0610;8.35;281.5
20230406:0710;8.35;281.5
20230406:0810;8.8;281.95
20230406:0910;9.05;282.2
20230406:1010;9.85;283.0
20230406:1110;10.55;283.7
20230406:1210;11.35;284.5
20230406:1310;11.55;284.7
20230406:1410;12.1;285.25
20230406:1510;13.2;286.35
20230406:1610;14.15;287.3
20230406:1710;13.5;286.65
20230406:1810;13.35;286.5
20230406:1910;12.95;286.1
20230406:2010;12.2;285.35
20230406:2110;11.55;284.7
20230406:2210;10.95;284.1
20230406:2310;10.05;283.2
20230407:0010;9.35;282.5
20230407:0110;9.1;282.25
20230407:0210;9.2;282.35
20230407:0310;9.1;282.25
20230407:0410;9.05;282.2
20230407:0510;8.55;281.7
20230407:0610;7.75;280.9
20230407:0710;7.55;280.7
20230407:0810;8.4;281.55
20230407:0910;9.3;282.45
20230407:1010;10.5;283.65
20230407:1110;13.0;286.15
20230407:1210;14.8;287.95
20230407:1310;15.25;288.4
20230407:1410;16.75;289.9
20230407:1510;16.8;289.95
20230407:1610;16.85;290.0
20230407:1710;16.45;289.6
20230407:1810;15.55;288.7
20230407:1910;14.75;287.9
20230407:2010;14.0;287.15
20230407:2110;13.2;286.35
20230407:2210;12.45;285.6
20230407:2310;11.95;285.1
20230408:0010;11.65;284.8
20230408:0110;11.45;284.6
20230408:0210;11.15;284.3
20230408:0310;10.6;283.75
20230408:0410;10.15;283.3
20230408:0510;9.65;282.8
20230408:0610;9.35;282.5
20230408:0710;9.35;282.5
20230408:0810;10.35;283.5
20230408:0910;11.05;284.2
20230408:1010;11.55;284.7
20230408:1110;12.6;285.75
20230408:1210;13.1;286.25
20230408:1310;13.45;286.6
20230408:1410;13.95;287.1
20230408:1510;15.05;288.2
20230408:1610;15.25;288.4
20230408:1710;15.55;288.7
20230408:1810;15.6;288.75
20230408:1910;15.5;288.65
20230408:2010;14.9;288.05
20230408:2110;13.85;287.0
20230408:2210;13.3;286.45
20230408:2310;13.05;286.2
20230409:0010;12.35;285.5
20230409:0110;11.9;285.05
20230409:0210;11.35;284.5
20230409:0310;10.45;283.6
20230409:0410;8.9;282.05
20230409:0510;8.5;281.65
20230409:0610;8.35;281.5
20230409:0710;8.7;281.85
20230409:0810;10.25;283.4
20230409:0910;10.45;283.6
20230409:1010;11.25;284.4
20230409:1110;12.75;285.9
20230409:1210;14.35;287.5
20230409:1310;15.7;288.85
20230409:1410;16.1;289.25
20230409:1510;16.75;289.9
20230409:1610;18.1;291.25
20230409:1710;17.6;290.75
20230409:1810;17.3;290.45
20230409:1910;16.7;289.85
20230409:2010;15.65;288.8
20230409:2110;14.8;287.95
20230409:2210;14.0;287.15
20230409:2310;13.05;286.2
20230410:0010;12.25;285.4
20230410:0110;11.25;284.4
20230410:0210;10.75;283.9
20230410:0310;10.6;283.75
20230410:0410;10.3;283.45
20230410:0510;9.9;283.05
20230410:0610;9.5;282.65
20230410:0710;9.4;282.55
20230410:0810;9.8;282.95
20230410:0910;9.85;283.0
20230410:1010;10.45;283.6
20230410:1110;11.8;284.95
20230410:1210;11.85;285.0
20230410:1310;11.85;285.0
20230410:1410;12.75;285.9
20230410:1510;13.25;286.4
20230410:1610;13.9;287.05
20230410:1710;14.1;287.25
20230410:1810;14.25;287.4
20230410:1910;13.85;287.0
20230410:2010;13.25;286.4
20230410:2110;12.75;285.9
20230410:2210;11.85;285.0
20230410:2310;11.3;284.45
20230411:0010;10.65;283.8
20230411:0110;10.1;283.25
20230411:0210;9.25;282.4
20230411:0310;8.75;281.9
20230411:0410;8.45;281.6
20230411:0510;8.95;282.1
20230411:0610;9.05;282.2
20230411:0710;9.35;282.5
20230411:0810;9.5;282.65
20230411:0910;10.05;283.2
20230411:1010;11.75;284.9
20230411:1110;13.05;286.2
20230411:1210;14.15;287.3
20230411:1310;14.7;287.85
20230411:1410;15.3;288.45
20230411:1510;15.95;289.1
20230411:1610;16.6;289.75
20230411:1710;16.35;289.5
20230411:1810;15.8;288.95
20230411:1910;14.75;287.9
20230411:2010;13.85;287.0
20230411:2110;13.05;286.2
20230411:2210;12.65;285.8
20230411:2310;12.3;285.45
20230412:0010;11.95;285.1
20230412:0110;11.25;284.4
20230412:0210;10.6;283.75
20230412:0310;10.3;283.45
20230412:0410;10.05;283.2
20230412:0510;9.15;282.3
20230412:0610;8.95;282.1
20230412:0710;8.75;281.9
20230412:0810;10.7;283.85
20230412:0910;11.8;284.95
20230412:1010;12.85;286.0
20230412:1110;14.1;287.25
20230412:1210;15.05;288.2
20230412:1310;15.75;288.9
20230412:1410;16.55;289.7
20230412:1510;16.1;289.25
20230412:1610;16.95;290.1
20230412:1710;16.95;290.1
20230412:1810;16.95;290.1
20230412:1910;16.65;289.8
20230412:2010;15.95;289.1
20230412:2110;15.25;288.4
20230412:2210;14.25;287.4
20230412:2310;13.75;286.9
20230413:0010;13.3;286.45
20230413:0110;12.75;285.9
20230413:0210;12.45;285.6
20230413:0310;11.75;284.9
20230413:0410;10.9;284.05
20230413:0510;10.85;284.0
20230413:0610;10.05;283.2
20230413:0710;10.05;283.2
20230413:0810;10.5;283.65
20230413:0910;12.5;285.65
20230413:1010;13.3;286.45
20230413:1110;14.8;287.95
20230413:1210;16.25;289.4
20230413:1310;17.45;290.6
20230413:1410;18.35;291.5
20230413:1510;19.15;292.3
20230413:1610;19.75;292.9
20230413:1710;19.7;292.85
20230413:1810;18.15;291.3
20230413:1910;16.2;289.35
20230413:2010;15.75;288.9
20230413:2110;13.75;286.9
20230413:2210;12.7;285.85
20230413:2310;11.85;285.0
20230414:0010;11.35;284.5
20230414:0110;11.3;284.45
20230414:0210;11.3;284.45
20230414:0310;11.45;284.6
20230414:0410;10.9;284.05
20230414:0510;11.1;284.25
20230414:0610;10.65;283.8
20230414:0710;10.7;283.85
20230414:0810;11.8;284.95
20230414:0910;13.0;286.15
20230414:1010;13.55;286.7
20230414:1110;14.0;287.15
20230414:1210;14.15;287.3
20230414:1310;14.4;287.55
20230414:1410;14.75;287.9
20230414:1510;14.45;287.6
20230414:1610;14.2;287.35
20230414:1710;14.55;287.7
20230414:1810;14.4;287.55
20230414:1910;14.25;287.4
20230414:2010;13.75;286.9
20230414:2110;13.5;286.65
20230414:2210;13.25;286.4
20230414:2310;12.5;285.65
20230415:0010;11.6;284.75
20230415:0110;10.7;283.85
20230415:0210;9.8;282.95
20230415:0310;9.45;282.6
20230415:0410;9.1;282.25
20230415:0510;8.75;281.9
20230415:0610;8.4;281.55
20230415:0710;8.2;281.35
20230415:0810;9.7;282.85
20230415:0910;11.35;284.5
20230415:1010;12.8;285.95
20230415:1110;13.9;287.05
20230415:1210;15.0;288.15
20230415:1310;16.0;289.15
20230415:1410;16.75;289.9
20230415:1510;17.4;290.55
20230415:1610;17.25;290.4
20230415:1710;16.7;289.85
20230415:1810;16.75;289.9
20230415:1910;16.25;289.4
20230415:2010;15.3;288.45
20230415:2110;14.35;287.5
20230415:2210;13.4;286.55
20230415:2310;12.6;285.75
20230416:0010;11.95;285.1
20230416:0110;11.6;284.75
20230416:0210;11.35;284.5
20230416:0310;11.25;284.4
20230416:0410;10.65;283.8
20230416:0510;10.05;283.2
20230416:0610;9.2;282.35
20230416:0710;8.5;281.65
20230416:0810;9.35;282.5
20230416:0910;9.7;282.85
20230416:1010;9.95;283.1
20230416:1110;11.5;284.65
20230416:1210;11.95;285.1
20230416:1310;12.85;286.0
20230416:1410;13.7;286.85
20230416:1510;14.4;287.55
20230416:1610;14.75;287.9
20230416:1710;14.4;287.55
20230416:1810;14.15;287.3
20230416:1910;13.7;286.85
20230416:2010;12.9;286.05
20230416:2110;12.4;285.55
20230416:2210;11.6;284.75
20230416:2310;11.1;284.25
20230417:0010;10.65;283.8
20230417:0110;10.3;283.45
20230417:0210;9.85;283.0
20230417:0310;9.8;282.95
20230417:0410;8.85;282.0
20230417:0510;8.9;282.05
20230417:0610;8.5;281.65
20230417:0710;8.5;281.65
20230417:0810;9.3;282.45
20230417:0910;10.5;283.65
20230417:1010;11.0;284.15
20230417:1110;12.2;285.35
20230417:1210;13.05;286.2
20230417:1310;14.65;287.8
20230417:1410;15.85;289.0
20230417:1510;16.1;289.25
20230417:1610;16.25;289.4
20230417:1710;16.1;289.25
20230417:1810;15.7;288.85
20230417:1910;15.3;288.45
20230417:2010;15.15;288.3
20230417:2110;14.15;287.3
20230417:2210;13.45;286.6
20230417:2310;12.7;285.85
20230418:0010;12.4;285.55
20230418:0110;12.2;285.35
20230418:0210;11.95;285.1
20230418:0310;11.85;285.0
20230418:0410;11.7;284.85
20230418:0510;11.15;284.3
20230418:0610;10.6;283.75
20230418:0710;10.4;283.55
20230418:0810;10.7;283.85
20230418:0910;10.8;283.95
20230418:1010;11.0;284.15
20230418:1110;11.05;284.2
20230418:1210;11.5;284.65
20230418:1310;12.05;285.2
20230418:1410;11.85;285.0
20230418:1510;11.8;284.95
20230418:1610;12.25;285.4
20230418:1710;12.2;285.35
20230418:1810;12.15;285.3
20230418:1910;11.7;284.85
20230418:2010;11.25;284.4
20230418:2110;11.1;284.25
20230418:2210;10.9;284.05
20230418:2310;10.6;283.75
20230419:0010;10.35;283.5
20230419:0110;10.3;283.45
20230419:0210;9.95;283.1
20230419:0310;9.4;282.55
20230419:0410;9.5;282.65
20230419:0510;8.95;282.1
20230419:0610;8.65;281.8
20230419:0710;8.8;281.95
20230419:0810;10.55;283.7
20230419:0910;11.1;284.25
20230419:1010;11.4;284.55
20230419:1110;12.05;285.2
20230419:1210;11.45;284.6
20230419:1310;11.55;284.7
20230419:1410;11.95;285.1
20230419:1510;12.3;285.45
20230419:1610;12.8;285.95
20230419:1710;13.0;286.15
20230419:1810;12.8;285.95
20230419:1910;12.3;285.45
20230419:2010;11.65;284.8
20230419:2110;11.25;284.4
20230419:2210;10.9;284.05
20230419:2310;10.55;283.7
20230420:0010;9.9;283.05
20230420:0110;9.35;282.5
20230420:0210;8.95;282.1
20230420:0310;8.65;281.8
20230420:0410;8.3;281.45
20230420:0510;8.1;281.25
20230420:0610;7.85;281.0
20230420:0710;7.8;280.95
20230420:0810;8.6;281.75
20230420:0910;9.65;282.8
20230420:1010;10.3;283.45
20230420:1110;11.05;284.2
20230420:1210;12.35;285.5
20230420:1310;13.35;286.5
20230420:1410;14.25;287.4
20230420:1510;14.8;287.95
20230420:1610;15.6;288.75
20230420:1710;15.65;288.8
20230420:1810;15.65;288.8
20230420:1910;15.4;288.55
20230420:2010;14.7;287.85
20230420:2110;13.7;286.85
20230420:2210;13.0;286.15
20230420:2310;11.75;284.9
20230421:0010;11.0;284.15
20230421:0110;10.45;283.6
20230421:0210;9.9;283.05
20230421:0310;9.1;282.25
20230421:0410;8.85;282.0
20230421:0510;8.85;282.0
20230421:0610;8.2;281.35
20230421:0710;8.35;281.5
20230421:0810;11.05;284.2
20230421:0910;12.3;285.45
20230421:1010;13.05;286.2
20230421:1110;14.0;287.15
20230421:1210;15.25;288.4
20230421:1310;15.75;288.9
20230421:1410;16.95;290.1
20230421:1510;17.2;290.35
20230421:1610;18.05;291.2
20230421:1710;18.25;291.4
20230421:1810;17.9;291.05
20230421:1910;17.1;290.25
20230421:2010;16.3;289.45
20230421:2110;15.5;288.65
20230421:2210;14.45;287.6
20230421:2310;13.15;286.3
20230422:0010;12.15;285.3
20230422:0110;11.5;284.65
20230422:0210;10.85;284.0
20230422:0310;10.2;283.35
20230422:0410;10.5;283.65
20230422:0510;10.35;283.5
20230422:0610;9.9;283.05
20230422:0710;10.35;283.5
20230422:0810;12.2;285.35
20230422:0910;14.05;287.2
20230422:1010;14.2;287.35
20230422:1110;15.15;288.3
20230422:1210;16.4;289.55
20230422:1310;17.65;290.8
20230422:1410;17.95;291.1
20230422:1510;18.9;292.05
20230422:1610;18.9;292.05
20230422:1710;18.6;291.75
20230422:1810;18.75;291.9
20230422:1910;17.75;290.9
20230422:2010;16.9;290.05
20230422:2110;16.05;289.2
20230422:2210;15.4;288.55
20230422:2310;13.6;286.75
20230423:0010;13.2;286.35
20230423:0110;12.05;285.2
20230423:0210;11.15;284.3
20230423:0310;10.6;283.75
20230423:0410;10.45;283.6
20230423:0510;9.95;283.1
20230423:0610;9.65;282.8
20230423:0710;9.6;282.75
20230423:0810;11.05;284.2
20230423:0910;11.65;284.8
20230423:1010;12.0;285.15
20230423:1110;12.7;285.85
20230423:1210;13.25;286.4
20230423:1310;14.05;287.2
20230423:1410;14.85;288.0
20230423:1510;15.4;288.55
20230423:1610;15.75;288.9
20230423:1710;16.15;289.3
20230423:1810;15.9;289.05
20230423:1910;15.75;288.9
20230423:2010;15.1;288.25
20230423:2110;14.0;287.15
20230423:2210;13.15;286.3
20230423:2310;12.5;285.65
20230424:0010;12.3;285.45
20230424:0110;11.65;284.8
20230424:0210;10.8;283.95
20230424:0310;10.55;283.7
20230424:0410;10.4;283.55
20230424:0510;10.0;283.15
20230424:0610;9.15;282.3
20230424:0710;9.4;282.55
20230424:0810;12.35;285.5
20230424:0910;13.95;287.1
20230424:1010;14.75;287.9
20230424:1110;13.55;286.7
20230424:1210;13.5;286.65
20230424:1310;14.6;287.75
20230424:1410;15.75;288.9
20230424:1510;15.95;289.1
20230424:1610;16.75;289.9
20230424:1710;16.6;289.75
20230424:1810;16.2;289.35
20230424:1910;15.9;289.05
20230424:2010;15.0;288.15
20230424:2110;14.3;287.45
20230424:2210;13.5;286.65
20230424:2310;12.8;285.95
20230425:0010;12.0;285.15
20230425:0110;11.45;284.6
20230425:0210;11.0;284.15
20230425:0310;10.7;283.85
20230425:0410;10.95;284.1
20230425:0510;10.7;283.85
20230425:0610;10.4;283.55
20230425:0710;10.25;283.4
20230425:0810;10.85;284.0
20230425:0910;12.25;285.4
20230425:1010;13.2;286.35
20230425:1110;14.05;287.2
20230425:1210;13.9;287.05
20230425:1310;14.65;287.8
20230425:1410;14.7;287.85
20230425:1510;14.45;287.6
20230425:1610;15.85;289.0
20230425:1710;15.8;288.95
20230425:1810;14.6;287.75
20230425:1910;13.35;286.5
20230425:2010;12.4;285.55
20230425:2110;12.1;285.25
20230425:2210;11.95;285.1
20230425:2310;11.35;284.5
20230426:0010;11.05;284.2
20230426:0110;10.55;283.7
20230426:0210;9.95;283.1
20230426:0310;9.5;282.65
20230426:0410;9.2;282.35
20230426:0510;8.65;281.8
20230426:0610;8.15;281.3
20230426:0710;8.35;281.5
20230426:0810;10.15;283.3
20230426:0910;10.55;283.7
20230426:1010;11.0;284.15
20230426:1110;12.6;285.75
20230426:1210;13.95;287.1
20230426:1310;14.2;287.35
20230426:1410;15.15;288.3
20230426:1510;16.2;289.35
20230426:1610;16.25;289.4
20230426:1710;15.5;288.65
20230426:1810;15.3;288.45
20230426:1910;14.9;288.05
20230426:2010;14.35;287.5
20230426:2110;12.9;286.05
20230426:2210;12.55;285.7
20230426:2310;10.55;283.7
20230427:0010;10.0;283.15
20230427:0110;9.65;282.8
20230427:0210;9.2;282.35
20230427:0310;8.85;282.0
20230427:0410;8.5;281.65
20230427:0510;8.2;281.35
20230427:0610;7.75;280.9
20230427:0710;7.9;281.05
20230427:0810;9.45;282.6
20230427:0910;10.75;283.9
20230427:1010;11.1;284.25
20230427:1110;12.45;285.6
20230427:1210;13.35;286.5
20230427:1310;14.0;287.15
20230427:1410;14.65;287.8
20230427:1510;14.9;288.05
20230427:1610;15.5;288.65
20230427:1710;15.65;288.8
20230427:1810;15.2;288.35
20230427:1910;15.2;288.35
20230427:2010;14.3;287.45
20230427:2110;13.55;286.7
20230427:2210;13.05;286.2
20230427:2310;13.15;286.3
20230428:0010;13.0;286.15
20230428:0110;12.5;285.65
20230428:0210;11.9;285.05
20230428:0310;11.3;284.45
20230428:0410;10.6;283.75
20230428:0510;9.9;283.05
20230428:0610;9.35;282.5
20230428:0710;9.9;283.05
20230428:0810;11.8;284.95
20230428:0910;13.2;286.35
20230428:1010;13.95;287.1
20230428:1110;15.55;288.7
20230428:1210;16.65;289.8
20230428:1310;17.25;290.4
20230428:1410;18.1;291.25
20230428:1510;17.8;290.95
20230428:1610;17.55;290.7
20230428:1710;17.2;290.35
20230428:1810;16.95;290.1
20230428:1910;16.4;289.55
20230428:2010;15.55;288.7
20230428:2110;14.75;287.9
20230428:2210;14.45;287.6
20230428:2310;14.3;287.45
20230429:0010;13.9;287.05
20230429:0110;13.4;286.55
20230429:0210;12.35;285.5
20230429:0310;11.85;285.0
20230429:0410;11.4;284.55
20230429:0510;11.05;284.2
20230429:0610;10.8;283.95
20230429:0710;10.95;284.1
20230429:0810;13.35;286.5
20230429:0910;14.5;287.65
20230429:1010;15.05;288.2
20230429:1110;15.85;289.0
20230429:1210;16.4;289.55
20230429:1310;17.55;290.7
20230429:1410;17.6;290.75
20230429:1510;17.05;290.2
20230429:1610;18.1;291.25
20230429:1710;17.85;291.0
20230429:1810;16.8;289.95
20230429:1910;16.25;289.4
20230429:2010;16.2;289.35
20230429:2110;15.85;289.0
20230429:2210;15.05;288.2
20230429:2310;14.1;287.25
20230430:0010;13.95;287.1
20230430:0110;13.85;287.0
20230430:0210;13.35;286.5
20230430:0310;12.95;286.1
20230430:0410;12.65;285.8
20230430:0510;12.4;285.55
20230430:0610;12.25;285.4
20230430:0710;12.1;285.25
20230430:0810;12.3;285.45
20230430:0910;13.4;286.55
20230430:1010;14.45;287.6
20230430:1110;15.9;289.05
20230430:1210;17.35;290.5
20230430:1310;18.3;291.45
20230430:1410;19.5;292.65
20230430:1510;20.8;293.95
20230430:1610;20.8;293.95
20230430:1710;20.55;293.7
20230430:1810;20.1;293.25
20230430:1910;20.0;293.15
20230430:2010;18.85;292.0
20230430:2110;17.8;290.95
20230430:2210;17.05;290.2
20230430:2310;16.6;289.75
20230501:0010;15.65;288.8
20230501:0110;15.0;288.15
20230501:0210;13.75;286.9
20230501:0310;13.3;286.45
20230501:0410;12.65;285.8
20230501:0510;11.85;285.0
20230501:0610;11.65;284.8
20230501:0710;12.1;285.25
20230501:0810;12.7;285.85
20230501:0910;13.5;286.65
20230501:1010;14.55;287.7
20230501:1110;15.2;288.35
20230501:1210;16.6;289.75
20230501:1310;17.85;291.0
20230501:1410;18.35;291.5
20230501:1510;19.55;292.7
20230501:1610;19.9;293.05
20230501:1710;20.15;293.3
20230501:1810;19.65;292.8
20230501:1910;19.15;292.3
20230501:2010;17.95;291.1
20230501:2110;16.9;290.05
20230501:2210;16.25;289.4
20230501:2310;15.6;288.75
20230502:0010;14.75;287.9
20230502:0110;14.55;287.7
20230502:0210;14.35;287.5
20230502:0310;14.15;287.3
20230502:0410;13.95;287.1
20230502:0510;13.8;286.95
20230502:0610;13.3;286.45
20230502:0710;13.3;286.45
20230502:0810;14.35;287.5
20230502:0910;15.8;288.95
20230502:1010;16.25;289.4
20230502:1110;17.2;290.35
20230502:1210;18.0;291.15
20230502:1310;18.4;291.55
20230502:1410;18.95;292.1
20230502:1510;19.7;292.85
20230502:1610;18.75;291.9
20230502:1710;19.8;292.95
20230502:1810;19.4;292.55
20230502:1910;18.4;291.55
20230502:2010;17.25;290.4
20230502:2110;16.2;289.35
20230502:2210;15.8;288.95
20230502:2310;14.85;288.0
20230503:0010;14.4;287.55
20230503:0110;13.95;287.1
20230503:0210;13.4;286.55
20230503:0310;13.0;286.15
20230503:0410;12.55;285.7
20230503:0510;12.35;285.5
20230503:0610;12.2;285.35
20230503:0710;12.3;285.45
20230503:0810;13.05;286.2
20230503:0910;13.8;286.95
20230503:1010;14.0;287.15
20230503:1110;14.5;287.65
20230503:1210;14.6;287.75
20230503:1310;15.25;288.4
20230503:1410;16.3;289.45
20230503:1510;16.2;289.35
20230503:1610;16.1;289.25
20230503:1710;16.5;289.65
20230503:1810;15.95;289.1
20230503:1910;15.65;288.8
20230503:2010;15.0;288.15
20230503:2110;14.25;287.4
20230503:2210;12.75;285.9
20230503:2310;12.35;285.5
20230504:0010;12.1;285.25
20230504:0110;11.7;284.85
20230504:0210;11.6;284.75
20230504:0310;11.35;284.5
20230504:0410;11.25;284.4
20230504:0510;11.0;284.15
20230504:0610;10.65;283.8
20230504:0710;11.0;284.15
20230504:0810;12.25;285.4
20230504:0910;14.1;287.25
20230504:1010;14.65;287.8
20230504:1110;16.55;289.7
20230504:1210;17.35;290.5
20230504:1310;16.95;290.1
20230504:1410;18.25;291.4
20230504:1510;19.1;292.25
20230504:1610;18.1;291.25
20230504:1710;18.15;291.3
20230504:1810;19.15;292.3
20230504:1910;18.9;292.05
20230504:2010;18.3;291.45
20230504:2110;17.35;290.5
20230504:2210;15.85;289.0
20230504:2310;15.35;288.5
20230505:0010;14.65;287.8
20230505:0110;13.1;286.25
20230505:0210;12.65;285.8
20230505:0310;12.4;285.55
20230505:0410;12.15;285.3
20230505:0510;12.1;285.25
20230505:0610;11.35;284.5
20230505:0710;11.85;285.0
20230505:0810;12.65;285.8
20230505:0910;14.0;287.15
20230505:1010;14.8;287.95
20230505:1110;15.5;288.65
20230505:1210;16.8;289.95
20230505:1310;16.85;290.0
20230505:1410;16.1;289.25
20230505:1510;16.75;289.9
20230505:1610;17.0;290.15
20230505:1710;17.1;290.25
20230505:1810;17.0;290.15
20230505:1910;16.4;289.55
20230505:2010;15.7;288.85
20230505:2110;15.0;288.15
20230505:2210;14.55;287.7
20230505:2310;14.25;287.4
20230506:0010;13.7;286.85
20230506:0110;13.1;286.25
20230506:0210;12.8;285.95
20230506:0310;12.5;285.65
20230506:0410;12.15;285.3
20230506:0510;11.8;284.95
20230506:0610;11.55;284.7
20230506:0710;12.0;285.15
20230506:0810;13.6;286.75
20230506:0910;15.0;288.15
20230506:1010;16.05;289.2
20230506:1110;16.85;290.0
20230506:1210;17.6;290.75
20230506:1310;18.65;291.8
20230506:1410;19.05;292.2
20230506:1510;19.3;292.45
20230506:1610;19.3;292.45
20230506:1710;17.95;291.1
20230506:1810;18.55;291.7
20230506:1910;18.15;291.3
20230506:2010;17.85;291.0
20230506:2110;17.2;290.35
20230506:2210;16.4;289.55
20230506:2310;15.5;288.65
20230507:0010;14.8;287.95
20230507:0110;14.0;287.15
20230507:0210;13.35;286.5
20230507:0310;13.05;286.2
20230507:0410;12.8;285.95
20230507:0510;13.35;286.5
20230507:0610;13.55;286.7
20230507:0710;13.6;286.75
20230507:0810;13.95;287.1
20230507:0910;14.55;287.7
20230507:1010;14.95;288.1
20230507:1110;16.1;289.25
20230507:1210;16.9;290.05
20230507:1310;17.8;290.95
20230507:1410;18.35;291.5
20230507:1510;17.75;290.9
20230507:1610;18.4;291.55
20230507:1710;18.0;291.15
20230507:1810;16.95;290.1
20230507:1910;15.65;288.8
20230507:2010;15.5;288.65
20230507:2110;15.15;288.3
20230507:2210;14.9;288.05
20230507:2310;14.5;287.65
20230508:0010;14.3;287.45
20230508:0110;13.65;286.8
20230508:0210;12.8;285.95
20230508:0310;12.15;285.3
20230508:0410;11.9;285.05
20230508:0510;11.65;284.8
20230508:0610;11.3;284.45
20230508:0710;11.35;284.5
20230508:0810;12.25;285.4
20230508:0910;13.3;286.45
20230508:1010;14.65;287.8
20230508:1110;15.75;288.9
20230508:1210;16.7;289.85
20230508:1310;17.45;290.6
20230508:1410;18.5;291.65
20230508:1510;19.15;292.3
20230508:1610;19.4;292.55
20230508:1710;18.2;291.35
20230508:1810;17.45;290.6
20230508:1910;17.0;290.15
20230508:2010;16.15;289.3
20230508:2110;15.5;288.65
20230508:2210;14.5;287.65
20230508:2310;14.05;287.2
20230509:0010;13.55;286.7
20230509:0110;13.2;286.35
20230509:0210;13.0;286.15
20230509:0310;12.75;285.9
20230509:0410;12.35;285.5
20230509:0510;12.05;285.2
20230509:0610;12.0;285.15
20230509:0710;12.3;285.45
20230509:0810;12.85;286.0
20230509:0910;14.75;287.9
20230509:1010;15.6;288.75
20230509:1110;17.05;290.2
20230509:1210;18.45;291.6
20230509:1310;19.85;293.0
20230509:1410;20.95;294.1
20230509:1510;21.65;294.8
20230509:1610;21.85;295.0
20230509:1710;21.3;294.45
20230509:1810;21.3;294.45
20230509:1910;20.95;294.1
20230509:2010;20.2;293.35
20230509:2110;18.45;291.6
20230509:2210;17.5;290.65
20230509:2310;16.45;289.6
20230510:0010;15.8;288.95
20230510:0110;15.2;288.35
20230510:0210;14.15;287.3
20230510:0310;13.7;286.85
20230510:0410;13.0;286.15
20230510:0510;13.05;286.2
20230510:0610;12.75;285.9
20230510:0710;13.1;286.25
20230510:0810;15.2;288.35
20230510:0910;16.9;290.05
20230510:1010;17.85;291.0
20230510:1110;18.75;291.9
20230510:1210;18.95;292.1
20230510:1310;19.25;292.4
20230510:1410;19.8;292.95
20230510:1510;20.75;293.9
20230510:1610;20.5;293.65
20230510:1710;20.65;293.8
20230510:1810;20.2;293.35
20230510:1910;19.5;292.65
20230510:2010;19.05;292.2
20230510:2110;18.3;291.45
20230510:2210;17.6;290.75
20230510:2310;17.15;290.3
20230511:0010;16.45;289.6
20230511:0110;15.15;288.3
20230511:0210;14.55;287.7
20230511:0310;13.85;287.0
20230511:0410;13.55;286.7
20230511:0510;13.35;286.5
20230511:0610;13.2;286.35
20230511:0710;13.4;286.55
20230511:0810;14.8;287.95
20230511:0910;16.15;289.3
20230511:1010;17.2;290.35
20230511:1110;18.25;291.4
20230511:1210;19.4;292.55
20230511:1310;20.3;293.45
20230511:1410;20.55;293.7
20230511:1510;21.6;294.75
20230511:1610;22.3;295.45
20230511:1710;22.15;295.3
20230511:1810;22.2;295.35
20230511:1910;22.2;295.35
20230511:2010;20.6;293.75
20230511:2110;18.8;291.95
20230511:2210;18.05;291.2
20230511:2310;17.4;290.55
20230512:0010;17.05;290.2
20230512:0110;16.45;289.6
20230512:0210;16.0;289.15
20230512:0310;15.0;288.15
20230512:0410;13.9;287.05
20230512:0510;13.75;286.9
20230512:0610;13.85;287.0
20230512:0710;14.4;287.55
20230512:0810;14.65;287.8
20230512:0910;14.35;287.5
20230512:1010;13.7;286.85
20230512:1110;14.05;287.2
20230512:1210;14.65;287.8
20230512:1310;15.15;288.3
20230512:1410;16.15;289.3
20230512:1510;16.35;289.5
20230512:1610;16.5;289.65
20230512:1710;16.1;289.25
20230512:1810;15.9;289.05
20230512:1910;15.95;289.1
20230512:2010;15.4;288.55
20230512:2110;15.1;288.25
20230512:2210;14.9;288.05
20230512:2310;14.1;287.25
20230513:0010;13.9;287.05
20230513:0110;13.75;286.9
20230513:0210;13.65;286.8
20230513:0310;13.15;286.3
20230513:0410;12.8;285.95
20230513:0510;12.4;285.55
20230513:0610;12.25;285.4
20230513:0710;12.3;285.45
20230513:0810;12.35;285.5
20230513:0910;13.5;286.65
20230513:1010;14.1;287.25
20230513:1110;14.65;287.8
20230513:1210;15.8;288.95
20230513:1310;16.95;290.1
20230513:1410;17.25;290.4
20230513:1510;17.6;290.75
20230513:1610;18.15;291.3
20230513:1710;17.6;290.75
20230513:1810;16.85;290.0
20230513:1910;16.5;289.65
20230513:2010;16.15;289.3
20230513:2110;15.85;289.0
20230513:2210;15.15;288.3
20230513:2310;13.8;286.95
20230514:0010;13.35;286.5
20230514:0110;13.35;286.5
20230514:0210;13.35;286.5
20230514:0310;13.1;286.25
20230514:0410;12.45;285.6
20230514:0510;12.0;285.15
20230514:0610;12.1;285.25
20230514:0710;12.45;285.6
20230514:0810;13.3;286.45
20230514:0910;15.0;288.15
20230514:1010;15.25;288.4
20230514:1110;16.4;289.55
20230514:1210;17.1;290.25
20230514:1310;19.2;292.35
20230514:1410;19.85;293.0
20230514:1510;20.45;293.6
20230514:1610;21.15;294.3
20230514:1710;20.4;293.55
20230514:1810;19.45;292.6
20230514:1910;18.3;291.45
20230514:2010;17.7;290.85
20230514:2110;17.15;290.3
20230514:2210;16.7;289.85
20230514:2310;16.3;289.45
20230515:0010;15.95;289.1
20230515:0110;15.4;288.55
20230515:0210;14.0;287.15
20230515:0310;13.1;286.25
20230515:0410;12.7;285.85
20230515:0510;12.5;285.65
20230515:0610;12.45;285.6
20230515:0710;12.15;285.3
20230515:0810;12.65;285.8
20230515:0910;13.25;286.4
20230515:1010;14.85;288.0
20230515:1110;15.6;288.75
20230515:1210;14.0;287.15
20230515:1310;14.05;287.2
20230515:1410;15.2;288.35
20230515:1510;15.35;288.5
20230515:1610;15.75;288.9
20230515:1710;15.85;289.0
20230515:1810;16.05;289.2
20230515:1910;15.35;288.5
20230515:2010;15.05;288.2
20230515:2110;14.35;287.5
20230515:2210;13.35;286.5
20230515:2310;13.0;286.15
20230516:0010;12.8;285.95
20230516:0110;12.6;285.75
20230516:0210;12.7;285.85
20230516:0310;12.85;286.0
20230516:0410;12.55;285.7
20230516:0510;12.0;285.15
20230516:0610;11.85;285.0
20230516:0710;12.3;285.45
20230516:0810;13.25;286.4
20230516:0910;14.7;287.85
20230516:1010;15.2;288.35
20230516:1110;16.1;289.25
20230516:1210;16.8;289.95
20230516:1310;17.85;291.0
20230516:1410;17.95;291.1
20230516:1510;18.25;291.4
20230516:1610;18.45;291.6
20230516:1710;18.0;291.15
20230516:1810;17.3;290.45
20230516:1910;17.2;290.35
20230516:2010;17.15;290.3
20230516:2110;16.15;289.3
20230516:2210;15.35;288.5
20230516:2310;14.75;287.9
20230517:0010;14.45;287.6
20230517:0110;13.8;286.95
20230517:0210;13.55;286.7
20230517:0310;13.1;286.25
20230517:0410;12.8;285.95
20230517:0510;12.6;285.75
20230517:0610;12.45;285.6
20230517:0710;12.55;285.7
20230517:0810;12.6;285.75
20230517:0910;12.85;286.0
20230517:1010;13.65;286.8
20230517:1110;14.05;287.2
20230517:1210;14.75;287.9
20230517:1310;15.2;288.35
20230517:1410;14.7;287.85
20230517:1510;15.7;288.85
20230517:1610;16.2;289.35
20230517:1710;16.15;289.3
20230517:1810;15.4;288.55
20230517:1910;15.0;288.15
20230517:2010;14.7;287.85
20230517:2110;14.4;287.55
20230517:2210;14.2;287.35
20230517:2310;13.95;287.1
20230518:0010;13.75;286.9
20230518:0110;12.65;285.8
20230518:0210;12.5;285.65
20230518:0310;12.25;285.4
20230518:0410;11.9;285.05
20230518:0510;11.75;284.9
20230518:0610;11.65;284.8
20230518:0710;12.15;285.3
20230518:0810;13.35;286.5
20230518:0910;15.0;288.15
20230518:1010;16.1;289.25
20230518:1110;16.25;289.4
20230518:1210;17.3;290.45
20230518:1310;18.35;291.5
20230518:1410;19.0;292.15
20230518:1510;19.95;293.1
20230518:1610;20.25;293.4
20230518:1710;20.5;293.65
20230518:1810;20.2;293.35
20230518:1910;19.45;292.6
20230518:2010;18.4;291.55
20230518:2110;17.45;290.6
20230518:2210;16.9;290.05
20230518:2310;16.2;289.35
20230519:0010;15.6;288.75
20230519:0110;14.75;287.9
20230519:0210;14.0;287.15
20230519:0310;13.05;286.2
20230519:0410;12.75;285.9
20230519:0510;12.3;285.45
20230519:0610;12.3;285.45
20230519:0710;12.75;285.9
20230519:0810;15.3;288.45
20230519:0910;16.5;289.65
20230519:1010;18.1;291.25
20230519:1110;19.1;292.25
20230519:1210;19.05;292.2
20230519:1310;19.4;292.55
20230519:1410;20.75;293.9
20230519:1510;21.6;294.75
20230519:1610;22.35;295.5
20230519:1710;21.95;295.1
20230519:1810;21.25;294.4
20230519:1910;20.6;293.75
20230519:2010;19.65;292.8
20230519:2110;18.6;291.75
20230519:2210;17.75;290.9
20230519:2310;17.1;290.25
20230520:0010;16.65;289.8
20230520:0110;15.65;288.8
20230520:0210;15.45;288.6
20230520:0310;15.15;288.3
20230520:0410;14.7;287.85
20230520:0510;14.3;287.45
20230520:0610;14.0;287.15
20230520:0710;14.0;287.15
20230520:0810;15.1;288.25
20230520:0910;15.7;288.85
20230520:1010;16.95;290.1
20230520:1110;17.75;290.9
20230520:1210;19.0;292.15
20230520:1310;19.85;293.0
20230520:1410;20.45;293.6
20230520:1510;20.65;293.8
20230520:1610;21.4;294.55
20230520:1710;21.4;294.55
20230520:1810;20.7;293.85
20230520:1910;20.4;293.55
20230520:2010;19.8;292.95
20230520:2110;19.1;292.25
20230520:2210;18.2;291.35
20230520:2310;17.3;290.45
20230521:0010;16.55;289.7
20230521:0110;16.15;289.3
20230521:0210;15.85;289.0
20230521:0310;15.35;288.5
20230521:0410;14.95;288.1
20230521:0510;14.55;287.7
20230521:0610;14.45;287.6
20230521:0710;14.75;287.9
20230521:0810;16.2;289.35
20230521:0910;17.65;290.8
20230521:1010;18.5;291.65
20230521:1110;19.55;292.7
20230521:1210;20.85;294.0
20230521:1310;21.25;294.4
20230521:1410;22.25;295.4
20230521:1510;22.3;295.45
20230521:1610;22.5;295.65
20230521:1710;22.7;295.85
20230521:1810;22.1;295.25
20230521:1910;21.85;295.0
20230521:2010;20.9;294.05
20230521:2110;19.05;292.2
20230521:2210;17.45;290.6
20230521:2310;17.0;290.15
20230522:0010;16.8;289.95
20230522:0110;16.4;289.55
20230522:0210;15.65;288.8
20230522:0310;15.35;288.5
20230522:0410;15.4;288.55
20230522:0510;14.85;288.0
20230522:0610;14.9;288.05
20230522:0710;15.5;288.65
20230522:0810;16.75;289.9
20230522:0910;17.25;290.4
20230522:1010;18.45;291.6
20230522:1110;19.3;292.45
20230522:1210;19.55;292.7
20230522:1310;20.85;294.0
20230522:1410;21.3;294.45
20230522:1510;22.15;295.3
20230522:1610;22.75;295.9
20230522:1710;23.0;296.15
20230522:1810;22.5;295.65
20230522:1910;22.2;295.35
20230522:2010;21.45;294.6
20230522:2110;20.6;293.75
20230522:2210;20.05;293.2
20230522:2310;19.05;292.2
20230523:0010;18.05;291.2
20230523:0110;17.75;290.9
20230523:0210;17.15;290.3
20230523:0310;16.6;289.75
20230523:0410;16.0;289.15
20230523:0510;15.75;288.9
20230523:0610;15.5;288.65
20230523:0710;16.25;289.4
20230523:0810;17.65;290.8
20230523:0910;19.2;292.35
20230523:1010;19.55;292.7
20230523:1110;20.4;293.55
20230523:1210;21.4;294.55
20230523:1310;22.05;295.2
20230523:1410;22.7;295.85
20230523:1510;23.2;296.35
20230523:1610;23.6;296.75
20230523:1710;22.15;295.3
20230523:1810;22.05;295.2
20230523:1910;21.4;294.55
20230523:2010;19.05;292.2
20230523:2110;17.4;290.55
20230523:2210;16.75;289.9
20230523:2310;16.7;289.85
20230524:0010;16.65;289.8
20230524:0110;16.35;289.5
20230524:0210;16.0;289.15
20230524:0310;15.2;288.35
20230524:0410;14.7;287.85
20230524:0510;13.9;287.05
20230524:0610;13.9;287.05
20230524:0710;14.85;288.0
20230524:0810;16.0;289.15
20230524:0910;16.9;290.05
20230524:1010;17.45;290.6
20230524:1110;17.75;290.9
20230524:1210;18.4;291.55
20230524:1310;17.65;290.8
20230524:1410;18.75;291.9
20230524:1510;19.95;293.1
20230524:1610;19.7;292.85
20230524:1710;19.1;292.25
20230524:1810;18.5;291.65
20230524:1910;18.2;291.35
20230524:2010;17.65;290.8
20230524:2110;16.7;289.85
20230524:2210;16.4;289.55
20230524:2310;15.8;288.95
20230525:0010;15.2;288.35
20230525:0110;14.65;287.8
20230525:0210;14.15;287.3
20230525:0310;13.75;286.9
20230525:0410;13.35;286.5
20230525:0510;13.25;286.4
20230525:0610;13.5;286.65
20230525:0710;13.75;286.9
20230525:0810;14.1;287.25
20230525:0910;15.9;289.05
20230525:1010;16.55;289.7
20230525:1110;17.25;290.4
20230525:1210;18.1;291.25
20230525:1310;18.6;291.75
20230525:1410;19.2;292.35
20230525:1510;18.8;291.95
20230525:1610;18.15;291.3
20230525:1710;18.9;292.05
20230525:1810;19.2;292.35
20230525:1910;19.45;292.6
20230525:2010;18.5;291.65
20230525:2110;17.45;290.6
20230525:2210;16.95;290.1
20230525:2310;16.35;289.5
20230526:0010;15.95;289.1
20230526:0110;15.7;288.85
20230526:0210;15.25;288.4
20230526:0310;15.2;288.35
20230526:0410;15.0;288.15
20230526:0510;14.85;288.0
20230526:0610;15.0;288.15
20230526:0710;15.45;288.6
20230526:0810;16.7;289.85
20230526:0910;17.4;290.55
20230526:1010;18.6;291.75
20230526:1110;19.35;292.5
20230526:1210;20.3;293.45
20230526:1310;20.95;294.1
20230526:1410;22.0;295.15
20230526:1510;22.8;295.95
20230526:1610;22.85;296.0
20230526:1710;23.1;296.25
20230526:1810;22.9;296.05
20230526:1910;22.45;295.6
20230526:2010;21.85;295.0
20230526:2110;21.0;294.15
20230526:2210;19.8;292.95
20230526:2310;19.1;292.25
20230527:0010;18.25;291.4
20230527:0110;17.6;290.75
20230527:0210;16.95;290.1
20230527:0310;16.25;289.4
20230527:0410;15.75;288.9
20230527:0510;15.25;288.4
20230527:0610;15.35;288.5
20230527:0710;15.85;289.0
20230527:0810;17.6;290.75
20230527:0910;19.85;293.0
20230527:1010;20.7;293.85
20230527:1110;21.1;294.25
20230527:1210;21.9;295.05
20230527:1310;22.25;295.4
20230527:1410;23.05;296.2
20230527:1510;23.55;296.7
20230527:1610;23.15;296.3
20230527:1710;23.7;296.85
20230527:1810;23.1;296.25
20230527:1910;22.5;295.65
20230527:2010;21.7;294.85
20230527:2110;19.7;292.85
20230527:2210;18.1;291.25
20230527:2310;17.2;290.35
20230528:0010;16.65;289.8
20230528:0110;16.25;289.4
20230528:0210;15.85;289.0
20230528:0310;15.65;288.8
20230528:0410;15.75;288.9
20230528:0510;15.1;288.25
20230528:0610;15.0;288.15
20230528:0710;15.8;288.95
20230528:0810;17.55;290.7
20230528:0910;18.8;291.95
20230528:1010;19.0;292.15
20230528:1110;19.05;292.2
20230528:1210;19.85;293.0
20230528:1310;20.1;293.25
20230528:1410;19.9;293.05
20230528:1510;19.65;292.8
20230528:1610;19.4;292.55
20230528:1710;19.5;292.65
20230528:1810;19.2;292.35
20230528:1910;18.2;291.35
20230528:2010;17.55;290.7
20230528:2110;17.15;290.3
20230528:2210;16.6;289.75
20230528:2310;15.75;288.9
20230529:0010;15.3;288.45
20230529:0110;14.8;287.95
20230529:0210;14.75;287.9
20230529:0310;14.5;287.65
20230529:0410;14.05;287.2
20230529:0510;13.95;287.1
20230529:0610;13.75;286.9
20230529:0710;14.7;287.85
20230529:0810;16.05;289.2
20230529:0910;17.0;290.15
20230529:1010;18.05;291.2
20230529:1110;18.15;291.3
20230529:1210;18.75;291.9
20230529:1310;19.2;292.35
20230529:1410;19.9;293.05
20230529:1510;20.6;293.75
20230529:1610;21.1;294.25
20230529:1710;21.2;294.35
20230529:1810;20.75;293.9
20230529:1910;20.45;293.6
20230529:2010;20.0;293.15
20230529:2110;19.2;292.35
20230529:2210;18.1;291.25
20230529:2310;17.6;290.75
20230530:0010;16.7;289.85
20230530:0110;16.0;289.15
20230530:0210;15.4;288.55
20230530:0310;15.3;288.45
20230530:0410;15.1;288.25
20230530:0510;14.9;288.05
20230530:0610;14.8;287.95
20230530:0710;15.4;288.55
20230530:0810;16.2;289.35
20230530:0910;17.15;290.3
20230530:1010;18.0;291.15
20230530:1110;18.25;291.4
20230530:1210;19.6;292.75
20230530:1310;20.7;293.85
20230530:1410;21.15;294.3
20230530:1510;20.6;293.75
20230530:1610;21.15;294.3
20230530:1710;20.7;293.85
20230530:1810;20.95;294.1
20230530:1910;20.25;293.4
20230530:2010;19.5;292.65
20230530:2110;19.05;292.2
20230530:2210;18.65;291.8
20230530:2310;17.85;291.0
20230531:0010;16.75;289.9
20230531:0110;16.4;289.55
20230531:0210;16.25;289.4
20230531:0310;16.0;289.15
20230531:0410;15.95;289.1
20230531:0510;15.4;288.55
20230531:0610;14.95;288.1
20230531:0710;15.85;289.0
20230531:0810;17.1;290.25
20230531:0910;18.4;291.55
20230531:1010;19.4;292.55
20230531:1110;19.45;292.6
20230531:1210;21.2;294.35
20230531:1310;22.1;295.25
20230531:1410;22.0;295.15
20230531:1510;23.6;296.75
20230531:1610;23.4;296.55
20230531:1710;23.85;297.0
20230531:1810;23.85;297.0
20230531:1910;22.95;296.1
20230531:2010;22.2;295.35
20230531:2110;20.75;293.9
20230531:2210;19.8;292.95
20230531:2310;19.05;292.2
20230601:0010;18.2;291.35
20230601:0110;16.95;290.1
20230601:0210;16.35;289.5
20230601:0310;15.95;289.1
20230601:0410;15.95;289.1
20230601:0510;15.75;288.9
20230601:0610;15.8;288.95
20230601:0710;16.5;289.65
20230601:0810;18.8;291.95
20230601:0910;20.25;293.4
20230601:1010;21.15;294.3
20230601:1110;22.3;295.45
20230601:1210;22.65;295.8
20230601:1310;23.5;296.65
20230601:1410;24.0;297.15
20230601:1510;24.5;297.65
20230601:1610;24.9;298.05
20230601:1710;25.55;298.7
20230601:1810;23.7;296.85
20230601:1910;23.65;296.8
20230601:2010;22.9;296.05
20230601:2110;21.9;295.05
20230601:2210;21.1;294.25
20230601:2310;19.5;292.65
20230602:0010;18.45;291.6
20230602:0110;17.95;291.1
20230602:0210;17.55;290.7
20230602:0310;17.25;290.4
20230602:0410;16.95;290.1
20230602:0510;16.6;289.75
20230602:0610;16.65;289.8
20230602:0710;17.75;290.9
20230602:0810;19.5;292.65
20230602:0910;20.15;293.3
20230602:1010;21.5;294.65
20230602:1110;21.85;295.0
20230602:1210;22.85;296.0
20230602:1310;23.3;296.45
20230602:1410;23.7;296.85
20230602:1510;24.05;297.2
20230602:1610;23.95;297.1
20230602:1710;24.65;297.8
20230602:1810;24.75;297.9
20230602:1910;23.55;296.7
20230602:2010;21.95;295.1
20230602:2110;20.85;294.0
20230602:2210;19.75;292.9
20230602:2310;19.45;292.6
20230603:0010;18.75;291.9
20230603:0110;18.8;291.95
20230603:0210;18.4;291.55
20230603:0310;17.85;291.0
20230603:0410;17.4;290.55
20230603:0510;16.95;290.1
20230603:0610;16.85;290.0
20230603:0710;17.75;290.9
20230603:0810;18.55;291.7
20230603:0910;19.5;292.65
20230603:1010;21.25;294.4
20230603:1110;21.35;294.5
20230603:1210;22.55;295.7
20230603:1310;23.35;296.5
20230603:1410;23.4;296.55
20230603:1510;24.25;297.4
20230603:1610;25.45;298.6
20230603:1710;25.1;298.25
20230603:1810;24.5;297.65
20230603:1910;24.35;297.5
20230603:2010;23.5;296.65
20230603:2110;22.55;295.7
20230603:2210;21.6;294.75
20230603:2310;20.75;293.9
20230604:0010;20.0;293.15
20230604:0110;19.2;292.35
20230604:0210;18.4;291.55
20230604:0310;17.7;290.85
20230604:0410;17.45;290.6
20230604:0510;17.05;290.2
20230604:0610;17.0;290.15
20230604:0710;17.75;290.9
20230604:0810;19.25;292.4
20230604:0910;20.95;294.1
20230604:1010;22.2;295.35
20230604:1110;23.2;296.35
20230604:1210;24.35;297.5
20230604:1310;25.2;298.35
20230604:1410;25.5;298.65
20230604:1510;25.95;299.1
20230604:1610;26.05;299.2
20230604:1710;25.75;298.9
20230604:1810;24.4;297.55
20230604:1910;23.8;296.95
20230604:2010;23.85;297.0
20230604:2110;23.0;296.15
20230604:2210;20.9;294.05
20230604:2310;20.45;293.6
20230605:0010;19.85;293.0
20230605:0110;19.55;292.7
20230605:0210;19.3;292.45
20230605:0310;19.15;292.3
20230605:0410;18.95;292.1
20230605:0510;18.55;291.7
20230605:0610;18.0;291.15
20230605:0710;18.85;292.0
20230605:0810;19.4;292.55
20230605:0910;20.4;293.55
20230605:1010;21.5;294.65
20230605:1110;22.4;295.55
20230605:1210;23.65;296.8
20230605:1310;24.9;298.05
20230605:1410;25.55;298.7
20230605:1510;26.45;299.6
20230605:1610;27.1;300.25
20230605:1710;26.7;299.85
20230605:1810;26.8;299.95
20230605:1910;25.9;299.05
20230605:2010;24.85;298.0
20230605:2110;23.4;296.55
20230605:2210;22.6;295.75
20230605:2310;21.1;294.25
20230606:0010;20.8;293.95
20230606:0110;20.5;293.65
20230606:0210;19.85;293.0
20230606:0310;19.1;292.25
20230606:0410;18.7;291.85
20230606:0510;18.25;291.4
20230606:0610;18.1;291.25
20230606:0710;18.75;291.9
20230606:0810;19.75;292.9
20230606:0910;21.15;294.3
20230606:1010;21.6;294.75
20230606:1110;22.5;295.65
20230606:1210;23.05;296.2
20230606:1310;23.95;297.1
20230606:1410;24.85;298.0
20230606:1510;25.45;298.6
20230606:1610;25.7;298.85
20230606:1710;25.15;298.3
20230606:1810;24.6;297.75
20230606:1910;24.15;297.3
20230606:2010;22.75;295.9
20230606:2110;21.0;294.15
20230606:2210;20.25;293.4
20230606:2310;19.6;292.75
20230607:0010;19.2;292.35
20230607:0110;18.6;291.75
20230607:0210;18.3;291.45
20230607:0310;18.1;291.25
20230607:0410;17.75;290.9
20230607:0510;17.5;290.65
20230607:0610;17.6;290.75
20230607:0710;18.2;291.35
20230607:0810;19.25;292.4
20230607:0910;20.95;294.1
20230607:1010;22.25;295.4
20230607:1110;22.5;295.65
20230607:1210;23.45;296.6
20230607:1310;24.25;297.4
20230607:1410;23.8;296.95
20230607:1510;22.9;296.05
20230607:1610;23.15;296.3
20230607:1710;23.4;296.55
20230607:1810;23.5;296.65
20230607:1910;22.35;295.5
20230607:2010;21.4;294.55
20230607:2110;20.8;293.95
20230607:2210;19.85;293.0
20230607:2310;19.1;292.25
20230608:0010;19.1;292.25
20230608:0110;18.6;291.75
20230608:0210;17.9;291.05
20230608:0310;17.55;290.7
20230608:0410;17.3;290.45
20230608:0510;16.85;290.0
20230608:0610;17.1;290.25
20230608:0710;17.5;290.65
20230608:0810;17.95;291.1
20230608:0910;20.0;293.15
20230608:1010;20.8;293.95
20230608:1110;21.2;294.35
20230608:1210;21.95;295.1
20230608:1310;22.4;295.55
20230608:1410;22.75;295.9
20230608:1510;23.6;296.75
20230608:1610;24.2;297.35
20230608:1710;24.65;297.8
20230608:1810;24.0;297.15
20230608:1910;23.7;296.85
20230608:2010;23.4;296.55
20230608:2110;22.0;295.15
20230608:2210;21.5;294.65
20230608:2310;20.95;294.1
20230609:0010;19.95;293.1
20230609:0110;19.1;292.25
20230609:0210;19.4;292.55
20230609:0310;19.1;292.25
20230609:0410;18.25;291.4
20230609:0510;17.6;290.75
20230609:0610;17.7;290.85
20230609:0710;18.2;291.35
20230609:0810;18.9;292.05
20230609:0910;20.65;293.8
20230609:1010;21.5;294.65
20230609:1110;22.2;295.35
20230609:1210;23.45;296.6
20230609:1310;23.45;296.6
20230609:1410;23.75;296.9
20230609:1510;24.15;297.3
20230609:1610;24.7;297.85
20230609:1710;25.15;298.3
20230609:1810;24.0;297.15
20230609:1910;22.8;295.95
20230609:2010;21.65;294.8
20230609:2110;20.35;293.5
20230609:2210;19.75;292.9
20230609:2310;19.3;292.45
20230610:0010;18.9;292.05
20230610:0110;18.45;291.6
20230610:0210;18.45;291.6
20230610:0310;18.45;291.6
20230610:0410;18.1;291.25
20230610:0510;18.05;291.2
20230610:0610;17.25;290.4
20230610:0710;17.35;290.5
20230610:0810;17.85;291.0
20230610:0910;18.65;291.8
20230610:1010;19.5;292.65
20230610:1110;20.8;293.95
20230610:1210;21.65;294.8
20230610:1310;22.2;295.35
20230610:1410;22.95;296.1
20230610:1510;24.3;297.45
20230610:1610;24.55;297.7
20230610:1710;25.1;298.25
20230610:1810;24.35;297.5
20230610:1910;23.75;296.9
20230610:2010;23.05;296.2
20230610:2110;21.65;294.8
20230610:2210;20.9;294.05
20230610:2310;20.3;293.45
20230611:0010;19.25;292.4
20230611:0110;18.6;291.75
20230611:0210;18.55;291.7
20230611:0310;18.4;291.55
20230611:0410;18.15;291.3
20230611:0510;17.8;290.95
20230611:0610;17.75;290.9
20230611:0710;18.5;291.65
20230611:0810;19.55;292.7
20230611:0910;20.75;293.9
20230611:1010;21.35;294.5
20230611:1110;21.65;294.8
20230611:1210;22.4;295.55
20230611:1310;23.05;296.2
20230611:1410;23.2;296.35
20230611:1510;23.85;297.0
20230611:1610;24.65;297.8
20230611:1710;23.9;297.05
20230611:1810;23.7;296.85
20230611:1910;23.0;296.15
20230611:2010;22.65;295.8
20230611:2110;22.05;295.2
20230611:2210;21.2;294.35
20230611:2310;20.2;293.35
20230612:0010;19.7;292.85
20230612:0110;18.95;292.1
20230612:0210;18.35;291.5
20230612:0310;17.9;291.05
20230612:0410;17.45;290.6
20230612:0510;17.2;290.35
20230612:0610;17.05;290.2
20230612:0710;17.55;290.7
20230612:0810;20.15;293.3
20230612:0910;22.0;295.15
20230612:1010;24.5;297.65
20230612:1110;24.4;297.55
20230612:1210;25.15;298.3
20230612:1310;25.45;298.6
20230612:1410;26.1;299.25
20230612:1510;25.85;299.0
20230612:1610;26.2;299.35
20230612:1710;25.05;298.2
20230612:1810;24.8;297.95
20230612:1910;24.0;297.15
20230612:2010;23.35;296.5
20230612:2110;23.1;296.25
20230612:2210;22.7;295.85
20230612:2310;20.8;293.95
20230613:0010;19.85;293.0
20230613:0110;19.75;292.9
20230613:0210;19.0;292.15
20230613:0310;18.8;291.95
20230613:0410;18.1;291.25
20230613:0510;17.6;290.75
20230613:0610;17.5;290.65
20230613:0710;18.45;291.6
20230613:0810;18.85;292.0
20230613:0910;20.05;293.2
20230613:1010;20.95;294.1
20230613:1110;21.7;294.85
20230613:1210;21.55;294.7
20230613:1310;22.7;295.85
20230613:1410;23.25;296.4
20230613:1510;23.25;296.4
20230613:1610;23.6;296.75
20230613:1710;24.05;297.2
20230613:1810;22.15;295.3
20230613:1910;22.0;295.15
20230613:2010;21.3;294.45
20230613:2110;20.7;293.85
20230613:2210;19.75;292.9
20230613:2310;18.75;291.9
20230614:0010;18.25;291.4
20230614:0110;17.5;290.65
20230614:0210;17.0;290.15
20230614:0310;16.75;289.9
20230614:0410;16.25;289.4
20230614:0510;15.95;289.1
20230614:0610;15.8;288.95
20230614:0710;15.95;289.1
20230614:0810;17.7;290.85
20230614:0910;18.95;292.1
20230614:1010;19.85;293.0
20230614:1110;20.2;293.35
20230614:1210;21.1;294.25
20230614:1310;21.25;294.4
20230614:1410;21.95;295.1
20230614:1510;22.9;296.05
20230614:1610;22.9;296.05
20230614:1710;23.1;296.25
20230614:1810;22.75;295.9
20230614:1910;22.8;295.95
20230614:2010;22.4;295.55
20230614:2110;21.45;294.6
20230614:2210;20.6;293.75
20230614:2310;19.45;292.6
20230615:0010;18.35;291.5
20230615:0110;17.7;290.85
20230615:0210;17.55;290.7
20230615:0310;16.85;290.0
20230615:0410;16.5;289.65
20230615:0510;16.35;289.5
20230615:0610;16.55;289.7
20230615:0710;16.2;289.35
20230615:0810;18.05;291.2
20230615:0910;20.6;293.75
20230615:1010;22.1;295.25
20230615:1110;22.9;296.05
20230615:1210;23.65;296.8
20230615:1310;24.4;297.55
20230615:1410;25.15;298.3
20230615:1510;26.5;299.65
20230615:1610;26.75;299.9
20230615:1710;27.05;300.2
20230615:1810;25.95;299.1
20230615:1910;25.45;298.6
20230615:2010;24.75;297.9
20230615:2110;23.35;296.5
20230615:2210;22.55;295.7
20230615:2310;21.85;295.0
20230616:0010;21.0;294.15
20230616:0110;20.45;293.6
20230616:0210;20.1;293.25
20230616:0310;19.5;292.65
20230616:0410;18.7;291.85
20230616:0510;18.4;291.55
20230616:0610;18.35;291.5
20230616:0710;18.75;291.9
20230616:0810;20.1;293.25
20230616:0910;21.55;294.7
20230616:1010;22.15;295.3
20230616:1110;22.9;296.05
20230616:1210;23.75;296.9
20230616:1310;24.2;297.35
20230616:1410;24.95;298.1
20230616:1510;25.3;298.45
20230616:1610;24.95;298.1
20230616:1710;24.9;298.05
20230616:1810;24.3;297.45
20230616:1910;23.8;296.95
20230616:2010;23.0;296.15
20230616:2110;22.2;295.35
20230616:2210;21.15;294.3
20230616:2310;20.4;293.55
20230617:0010;19.85;293.0
20230617:0110;19.45;292.6
20230617:0210;19.3;292.45
20230617:0310;18.95;292.1
20230617:0410;19.0;292.15
20230617:0510;18.75;291.9
20230617:0610;18.75;291.9
20230617:0710;18.9;292.05
20230617:0810;19.9;293.05
20230617:0910;20.5;293.65
20230617:1010;21.1;294.25
20230617:1110;21.45;294.6
20230617:1210;22.5;295.65
20230617:1310;23.2;296.35
20230617:1410;24.0;297.15
20230617:1510;24.55;297.7
20230617:1610;24.95;298.1
20230617:1710;25.55;298.7
20230617:1810;24.8;297.95
20230617:1910;24.4;297.55
20230617:2010;23.85;297.0
20230617:2110;23.0;296.15
20230617:2210;22.2;295.35
20230617:2310;21.35;294.5
20230618:0010;20.35;293.5
20230618:0110;19.75;292.9
20230618:0210;19.05;292.2
20230618:0310;17.75;290.9
20230618:0410;17.15;290.3
20230618:0510;17.05;290.2
20230618:0610;16.95;290.1
20230618:0710;17.8;290.95
20230618:0810;20.3;293.45
20230618:0910;22.6;295.75
20230618:1010;23.45;296.6
20230618:1110;24.25;297.4
20230618:1210;25.2;298.35
20230618:1310;25.9;299.05
20230618:1410;26.95;300.1
20230618:1510;27.45;300.6
20230618:1610;28.65;301.8
20230618:1710;29.55;302.7
20230618:1810;28.35;301.5
20230618:1910;27.75;300.9
20230618:2010;27.0;300.15
20230618:2110;25.95;299.1
20230618:2210;24.75;297.9
20230618:2310;23.4;296.55
20230619:0010;22.15;295.3
20230619:0110;21.2;294.35
20230619:0210;20.8;293.95
20230619:0310;20.2;293.35
20230619:0410;19.95;293.1
20230619:0510;19.75;292.9
20230619:0610;19.4;292.55
20230619:0710;20.15;293.3
20230619:0810;22.2;295.35
20230619:0910;24.8;297.95
20230619:1010;25.75;298.9
20230619:1110;26.2;299.35
20230619:1210;26.95;300.1
20230619:1310;27.65;300.8
20230619:1410;28.45;301.6
20230619:1510;29.2;302.35
20230619:1610;29.3;302.45
20230619:1710;30.0;303.15
20230619:1810;28.7;301.85
20230619:1910;28.45;301.6
20230619:2010;27.45;300.6
20230619:2110;26.1;299.25
20230619:2210;25.15;298.3
20230619:2310;23.6;296.75
20230620:0010;22.55;295.7
20230620:0110;22.15;295.3
20230620:0210;21.25;294.4
20230620:0310;20.65;293.8
20230620:0410;20.3;293.45
20230620:0510;19.85;293.0
20230620:0610;19.65;292.8
20230620:0710;19.4;292.55
20230620:0810;21.55;294.7
20230620:0910;24.25;297.4
20230620:1010;25.35;298.5
20230620:1110;26.1;299.25
20230620:1210;27.5;300.65
20230620:1310;27.7;300.85
20230620:1410;28.15;301.3
20230620:1510;28.05;301.2
20230620:1610;29.6;302.75
20230620:1710;29.7;302.85
20230620:1810;27.85;301.0
20230620:1910;27.65;300.8
20230620:2010;27.15;300.3
20230620:2110;26.1;299.25
20230620:2210;24.25;297.4
20230620:2310;23.05;296.2
20230621:0010;22.15;295.3
20230621:0110;21.65;294.8
20230621:0210;20.9;294.05
20230621:0310;20.1;293.25
20230621:0410;20.05;293.2
20230621:0510;19.95;293.1
20230621:0610;20.0;293.15
20230621:0710;20.6;293.75
20230621:0810;22.4;295.55
20230621:0910;24.55;297.7
20230621:1010;25.55;298.7
20230621:1110;26.05;299.2
20230621:1210;26.6;299.75
20230621:1310;27.6;300.75
20230621:1410;28.8;301.95
20230621:1510;28.95;302.1
20230621:1610;29.05;302.2
20230621:1710;29.75;302.9
20230621:1810;29.4;302.55
20230621:1910;29.2;302.35
20230621:2010;27.6;300.75
20230621:2110;25.9;299.05
20230621:2210;24.05;297.2
20230621:2310;22.8;295.95
20230622:0010;21.85;295.0
20230622:0110;21.25;294.4
20230622:0210;20.85;294.0
20230622:0310;20.35;293.5
20230622:0410;19.75;292.9
20230622:0510;19.55;292.7
20230622:0610;19.6;292.75
20230622:0710;20.15;293.3
20230622:0810;21.1;294.25
20230622:0910;22.35;295.5
20230622:1010;23.6;296.75
20230622:1110;24.05;297.2
20230622:1210;25.05;298.2
20230622:1310;25.6;298.75
20230622:1410;26.35;299.5
20230622:1510;27.7;300.85
20230622:1610;27.9;301.05
20230622:1710;27.4;300.55
20230622:1810;27.05;300.2
20230622:1910;26.65;299.8
20230622:2010;26.45;299.6
20230622:2110;25.45;298.6
20230622:2210;25.0;298.15
20230622:2310;23.55;296.7
20230623:0010;22.9;296.05
20230623:0110;22.2;295.35
20230623:0210;21.05;294.2
20230623:0310;20.65;293.8
20230623:0410;20.25;293.4
20230623:0510;20.0;293.15
20230623:0610;19.55;292.7
20230623:0710;20.35;293.5
20230623:0810;22.5;295.65
20230623:0910;23.3;296.45
20230623:1010;24.55;297.7
20230623:1110;24.75;297.9
20230623:1210;25.85;299.0
20230623:1310;26.35;299.5
20230623:1410;26.45;299.6
20230623:1510;27.1;300.25
20230623:1610;27.1;300.25
20230623:1710;27.55;300.7
20230623:1810;27.4;300.55
20230623:1910;25.0;298.15
20230623:2010;24.45;297.6
20230623:2110;23.55;296.7
20230623:2210;23.05;296.2
20230623:2310;22.85;296.0
20230624:0010;22.35;295.5
20230624:0110;22.1;295.25
20230624:0210;21.45;294.6
20230624:0310;21.3;294.45
20230624:0410;20.7;293.85
20230624:0510;20.05;293.2
20230624:0610;19.65;292.8
20230624:0710;20.1;293.25
20230624:0810;21.3;294.45
20230624:0910;22.75;295.9
20230624:1010;23.4;296.55
20230624:1110;24.0;297.15
20230624:1210;25.1;298.25
20230624:1310;26.4;299.55
20230624:1410;27.3;300.45
20230624:1510;28.2;301.35
20230624:1610;28.65;301.8
20230624:1710;27.85;301.0
20230624:1810;27.65;300.8
20230624:1910;28.35;301.5
20230624:2010;26.25;299.4
20230624:2110;25.85;299.0
20230624:2210;24.5;297.65
20230624:2310;24.35;297.5
20230625:0010;23.45;296.6
20230625:0110;22.85;296.0
20230625:0210;21.85;295.0
20230625:0310;21.1;294.25
20230625:0410;19.85;293.0
20230625:0510;19.75;292.9
20230625:0610;19.0;292.15
20230625:0710;19.6;292.75
20230625:0810;20.9;294.05
20230625:0910;22.25;295.4
20230625:1010;22.7;295.85
20230625:1110;23.35;296.5
20230625:1210;24.7;297.85
20230625:1310;25.2;298.35
20230625:1410;25.85;299.0
20230625:1510;25.9;299.05
20230625:1610;24.8;297.95
20230625:1710;25.5;298.65
20230625:1810;25.1;298.25
20230625:1910;24.95;298.1
20230625:2010;24.7;297.85
20230625:2110;24.1;297.25
20230625:2210;23.35;296.5
20230625:2310;22.0;295.15
20230626:0010;21.4;294.55
20230626:0110;21.45;294.6
20230626:0210;19.45;292.6
20230626:0310;19.5;292.65
20230626:0410;19.65;292.8
20230626:0510;19.55;292.7
20230626:0610;19.4;292.55
20230626:0710;20.05;293.2
20230626:0810;22.45;295.6
20230626:0910;23.85;297.0
20230626:1010;24.75;297.9
20230626:1110;25.15;298.3
20230626:1210;25.9;299.05
20230626:1310;26.4;299.55
20230626:1410;27.25;300.4
20230626:1510;28.35;301.5
20230626:1610;29.3;302.45
20230626:1710;30.05;303.2
20230626:1810;28.85;302.0
20230626:1910;28.15;301.3
20230626:2010;26.5;299.65
20230626:2110;24.75;297.9
20230626:2210;23.95;297.1
20230626:2310;23.2;296.35
20230627:0010;22.25;295.4
20230627:0110;22.1;295.25
20230627:0210;21.8;294.95
20230627:0310;21.15;294.3
20230627:0410;21.4;294.55
20230627:0510;21.0;294.15
20230627:0610;21.0;294.15
20230627:0710;21.4;294.55
20230627:0810;22.1;295.25
20230627:0910;23.1;296.25
20230627:1010;24.6;297.75
20230627:1110;25.65;298.8
20230627:1210;26.25;299.4
20230627:1310;26.9;300.05
20230627:1410;27.15;300.3
20230627:1510;28.8;301.95
20230627:1610;29.75;302.9
20230627:1710;29.05;302.2
20230627:1810;28.4;301.55
20230627:1910;27.35;300.5
20230627:2010;27.25;300.4
20230627:2110;26.45;299.6
20230627:2210;25.85;299.0
20230627:2310;24.85;298.0
20230628:0010;23.7;296.85
20230628:0110;22.9;296.05
20230628:0210;22.15;295.3
20230628:0310;22.1;295.25
20230628:0410;21.5;294.65
20230628:0510;21.0;294.15
20230628:0610;20.9;294.05
20230628:0710;21.3;294.45
20230628:0810;22.5;295.65
20230628:0910;23.9;297.05
20230628:1010;24.2;297.35
20230628:1110;24.7;297.85
20230628:1210;25.7;298.85
20230628:1310;26.35;299.5
20230628:1410;26.85;300.0
20230628:1510;28.95;302.1
20230628:1610;28.35;301.5
20230628:1710;28.45;301.6
20230628:1810;28.35;301.5
20230628:1910;28.0;301.15
20230628:2010;27.8;300.95
20230628:2110;26.55;299.7
20230628:2210;25.65;298.8
20230628:2310;24.3;297.45
20230629:0010;23.65;296.8
20230629:0110;23.1;296.25
20230629:0210;21.9;295.05
20230629:0310;21.95;295.1
20230629:0410;20.9;294.05
20230629:0510;20.7;293.85
20230629:0610;20.6;293.75
20230629:0710;20.8;293.95
20230629:0810;21.9;295.05
20230629:0910;23.85;297.0
20230629:1010;25.15;298.3
20230629:1110;25.25;298.4
20230629:1210;25.8;298.95
20230629:1310;27.05;300.2
20230629:1410;27.7;300.85
20230629:1510;28.65;301.8
20230629:1610;29.0;302.15
20230629:1710;29.7;302.85
20230629:1810;29.1;302.25
20230629:1910;28.85;302.0
20230629:2010;28.25;301.4
20230629:2110;26.5;299.65
20230629:2210;24.95;298.1
20230629:2310;23.0;296.15
20230630:0010;21.9;295.05
20230630:0110;21.4;294.55
20230630:0210;21.05;294.2
20230630:0310;20.7;293.85
20230630:0410;20.6;293.75
20230630:0510;19.8;292.95
20230630:0610;19.95;293.1
20230630:0710;20.4;293.55
20230630:0810;22.0;295.15
20230630:0910;23.7;296.85
20230630:1010;24.5;297.65
20230630:1110;25.2;298.35
20230630:1210;26.35;299.5
20230630:1310;27.45;300.6
20230630:1410;28.4;301.55
20230630:1510;29.55;302.7
20230630:1610;29.9;303.05
20230630:1710;30.25;303.4
20230630:1810;28.9;302.05
20230630:1910;27.7;300.85
20230630:2010;25.75;298.9
20230630:2110;23.25;296.4
20230630:2210;23.1;296.25
20230630:2310;22.15;295.3
20230701:0010;21.55;294.7
20230701:0110;21.5;294.65
20230701:0210;21.45;294.6
20230701:0310;20.75;293.9
20230701:0410;20.2;293.35
20230701:0510;20.15;293.3
20230701:0610;20.0;293.15
20230701:0710;20.75;293.9
20230701:0810;21.5;294.65
20230701:0910;21.8;294.95
20230701:1010;22.7;295.85
20230701:1110;23.75;296.9
20230701:1210;24.4;297.55
20230701:1310;25.5;298.65
20230701:1410;26.45;299.6
20230701:1510;27.05;300.2
20230701:1610;27.5;300.65
20230701:1710;28.25;301.4
20230701:1810;27.5;300.65
20230701:1910;23.5;296.65
20230701:2010;22.95;296.1
20230701:2110;22.6;295.75
20230701:2210;21.7;294.85
20230701:2310;21.2;294.35
20230702:0010;21.15;294.3
20230702:0110;20.6;293.75
20230702:0210;20.15;293.3
20230702:0310;19.5;292.65
20230702:0410;19.1;292.25
20230702:0510;18.9;292.05
20230702:0610;19.0;292.15
20230702:0710;19.9;293.05
20230702:0810;19.8;292.95
20230702:0910;19.7;292.85
20230702:1010;21.2;294.35
20230702:1110;21.85;295.0
20230702:1210;22.55;295.7
20230702:1310;23.2;296.35
20230702:1410;23.55;296.7
20230702:1510;24.65;297.8
20230702:1610;24.8;297.95
20230702:1710;25.25;298.4
20230702:1810;24.75;297.9
20230702:1910;24.4;297.55
20230702:2010;24.0;297.15
20230702:2110;22.75;295.9
20230702:2210;21.85;295.0
20230702:2310;21.05;294.2
20230703:0010;20.65;293.8
20230703:0110;20.2;293.35
20230703:0210;19.5;292.65
20230703:0310;19.1;292.25
20230703:0410;18.5;291.65
20230703:0510;17.95;291.1
20230703:0610;17.8;290.95
20230703:0710;18.4;291.55
20230703:0810;19.2;292.35
20230703:0910;20.0;293.15
20230703:1010;21.85;295.0
20230703:1110;22.2;295.35
20230703:1210;22.6;295.75
20230703:1310;23.2;296.35
20230703:1410;24.35;297.5
20230703:1510;24.85;298.0
20230703:1610;25.25;298.4
20230703:1710;26.2;299.35
20230703:1810;25.7;298.85
20230703:1910;25.55;298.7
20230703:2010;24.65;297.8
20230703:2110;23.9;297.05
20230703:2210;23.2;296.35
20230703:2310;21.7;294.85
20230704:0010;20.2;293.35
20230704:0110;19.65;292.8
20230704:0210;19.05;292.2
20230704:0310;18.6;291.75
20230704:0410;18.3;291.45
20230704:0510;17.95;291.1
20230704:0610;17.95;291.1
20230704:0710;19.2;292.35
20230704:0810;21.2;294.35
20230704:0910;22.55;295.7
20230704:1010;23.45;296.6
20230704:1110;23.7;296.85
20230704:1210;24.7;297.85
20230704:1310;24.5;297.65
20230704:1410;25.35;298.5
20230704:1510;26.6;299.75
20230704:1610;27.25;300.4
20230704:1710;26.45;299.6
20230704:1810;26.65;299.8
20230704:1910;26.4;299.55
20230704:2010;25.75;298.9
20230704:2110;24.6;297.75
20230704:2210;23.85;297.0
20230704:2310;22.8;295.95
20230705:0010;22.1;295.25
20230705:0110;21.7;294.85
20230705:0210;20.85;294.0
20230705:0310;20.05;293.2
20230705:0410;19.5;292.65
20230705:0510;19.0;292.15
20230705:0610;18.75;291.9
20230705:0710;19.5;292.65
20230705:0810;21.25;294.4
20230705:0910;22.9;296.05
20230705:1010;23.8;296.95
20230705:1110;25.55;298.7
20230705:1210;26.15;299.3
20230705:1310;27.35;300.5
20230705:1410;27.85;301.0
20230705:1510;28.5;301.65
20230705:1610;29.5;302.65
20230705:1710;29.0;302.15
20230705:1810;28.5;301.65
20230705:1910;27.9;301.05
20230705:2010;27.05;300.2
20230705:2110;25.95;299.1
20230705:2210;24.85;298.0
20230705:2310;24.35;297.5
20230706:0010;23.5;296.65
20230706:0110;22.6;295.75
20230706:0210;22.15;295.3
20230706:0310;20.9;294.05
20230706:0410;20.45;293.6
20230706:0510;20.35;293.5
20230706:0610;20.05;293.2
20230706:0710;20.6;293.75
20230706:0810;22.05;295.2
20230706:0910;23.8;296.95
20230706:1010;24.3;297.45
20230706:1110;26.0;299.15
20230706:1210;27.2;300.35
20230706:1310;28.1;301.25
20230706:1410;29.15;302.3
20230706:1510;29.95;303.1
20230706:1610;28.95;302.1
20230706:1710;27.85;301.0
20230706:1810;27.8;300.95
20230706:1910;27.0;300.15
20230706:2010;24.65;297.8
20230706:2110;23.85;297.0
20230706:2210;22.65;295.8
20230706:2310;21.85;295.0
20230707:0010;20.7;293.85
20230707:0110;19.75;292.9
20230707:0210;19.55;292.7
20230707:0310;19.35;292.5
20230707:0410;19.15;292.3
20230707:0510;19.0;292.15
20230707:0610;18.55;291.7
20230707:0710;18.65;291.8
20230707:0810;20.4;293.55
20230707:0910;21.55;294.7
20230707:1010;22.7;295.85
20230707:1110;23.2;296.35
20230707:1210;23.1;296.25
20230707:1310;23.7;296.85
20230707:1410;24.0;297.15
20230707:1510;24.55;297.7
20230707:1610;25.25;298.4
20230707:1710;25.55;298.7
20230707:1810;25.75;298.9
20230707:1910;24.7;297.85
20230707:2010;23.85;297.0
20230707:2110;23.05;296.2
20230707:2210;22.2;295.35
20230707:2310;20.55;293.7
20230708:0010;19.85;293.0
20230708:0110;19.7;292.85
20230708:0210;19.1;292.25
20230708:0310;18.2;291.35
20230708:0410;17.55;290.7
20230708:0510;17.5;290.65
20230708:0610;17.35;290.5
20230708:0710;17.95;291.1
20230708:0810;19.65;292.8
20230708:0910;21.7;294.85
20230708:1010;22.35;295.5
20230708:1110;22.95;296.1
20230708:1210;23.8;296.95
20230708:1310;24.5;297.65
20230708:1410;25.95;299.1
20230708:1510;26.05;299.2
20230708:1610;27.2;300.35
20230708:1710;27.3;300.45
20230708:1810;27.3;300.45
20230708:1910;27.0;300.15
20230708:2010;26.6;299.75
20230708:2110;25.5;298.65
20230708:2210;24.15;297.3
20230708:2310;23.3;296.45
20230709:0010;22.45;295.6
20230709:0110;22.5;295.65
20230709:0210;21.8;294.95
20230709:0310;20.4;293.55
20230709:0410;19.55;292.7
20230709:0510;19.5;292.65
20230709:0610;19.75;292.9
20230709:0710;20.35;293.5
20230709:0810;20.2;293.35
20230709:0910;20.4;293.55
20230709:1010;22.2;295.35
20230709:1110;23.65;296.8
20230709:1210;24.5;297.65
20230709:1310;25.7;298.85
20230709:1410;25.75;298.9
20230709:1510;26.1;299.25
20230709:1610;25.8;298.95
20230709:1710;26.1;299.25
20230709:1810;26.2;299.35
20230709:1910;25.75;298.9
20230709:2010;24.45;297.6
20230709:2110;24.1;297.25
20230709:2210;24.1;297.25
20230709:2310;23.45;296.6
20230710:0010;22.55;295.7
20230710:0110;21.4;294.55
20230710:0210;21.05;294.2
20230710:0310;20.2;293.35
20230710:0410;19.65;292.8
20230710:0510;19.65;292.8
20230710:0610;19.75;292.9
20230710:0710;20.05;293.2
20230710:0810;21.1;294.25
20230710:0910;22.3;295.45
20230710:1010;23.9;297.05
20230710:1110;25.75;298.9
20230710:1210;26.65;299.8
20230710:1310;27.55;300.7
20230710:1410;27.0;300.15
20230710:1510;27.85;301.0
20230710:1610;27.35;300.5
20230710:1710;26.15;299.3
20230710:1810;26.3;299.45
20230710:1910;26.35;299.5
20230710:2010;25.5;298.65
20230710:2110;24.55;297.7
20230710:2210;23.95;297.1
20230710:2310;23.15;296.3
20230711:0010;22.55;295.7
20230711:0110;22.4;295.55
20230711:0210;22.0;295.15
20230711:0310;21.5;294.65
20230711:0410;20.95;294.1
20230711:0510;20.45;293.6
20230711:0610;20.3;293.45
20230711:0710;20.15;293.3
20230711:0810;20.75;293.9
20230711:0910;21.3;294.45
20230711:1010;21.0;294.15
20230711:1110;22.0;295.15
20230711:1210;23.15;296.3
20230711:1310;22.85;296.0
20230711:1410;22.8;295.95
20230711:1510;23.8;296.95
20230711:1610;24.5;297.65
20230711:1710;24.9;298.05
20230711:1810;24.25;297.4
20230711:1910;23.8;296.95
20230711:2010;22.7;295.85
20230711:2110;21.9;295.05
20230711:2210;21.2;294.35
20230711:2310;20.5;293.65
20230712:0010;19.7;292.85
20230712:0110;19.7;292.85
20230712:0210;19.4;292.55
20230712:0310;19.05;292.2
20230712:0410;18.3;291.45
20230712:0510;17.8;290.95
20230712:0610;17.45;290.6
20230712:0710;17.55;290.7
20230712:0810;19.75;292.9
20230712:0910;22.1;295.25
20230712:1010;22.95;296.1
20230712:1110;23.1;296.25
20230712:1210;24.75;297.9
20230712:1310;25.15;298.3
20230712:1410;25.95;299.1
20230712:1510;27.1;300.25
20230712:1610;26.45;299.6
20230712:1710;25.15;298.3
20230712:1810;24.75;297.9
20230712:1910;23.35;296.5
20230712:2010;22.9;296.05
20230712:2110;22.4;295.55
20230712:2210;21.85;295.0
20230712:2310;21.05;294.2
20230713:0010;20.2;293.35
20230713:0110;19.65;292.8
20230713:0210;19.55;292.7
20230713:0310;18.95;292.1
20230713:0410;19.05;292.2
20230713:0510;18.8;291.95
20230713:0610;19.0;292.15
20230713:0710;19.6;292.75
20230713:0810;19.6;292.75
20230713:0910;21.65;294.8
20230713:1010;22.55;295.7
20230713:1110;23.7;296.85
20230713:1210;25.0;298.15
20230713:1310;25.7;298.85
20230713:1410;27.0;300.15
20230713:1510;26.9;300.05
20230713:1610;27.25;300.4
20230713:1710;25.7;298.85
20230713:1810;25.55;298.7
20230713:1910;23.75;296.9
20230713:2010;23.65;296.8
20230713:2110;23.4;296.55
20230713:2210;23.1;296.25
20230713:2310;22.9;296.05
20230714:0010;22.15;295.3
20230714:0110;21.5;294.65
20230714:0210;20.75;293.9
20230714:0310;19.95;293.1
20230714:0410;19.55;292.7
20230714:0510;19.55;292.7
20230714:0610;18.95;292.1
20230714:0710;18.8;291.95
20230714:0810;20.65;293.8
20230714:0910;22.2;295.35
20230714:1010;23.05;296.2
20230714:1110;23.2;296.35
20230714:1210;23.9;297.05
20230714:1310;24.65;297.8
20230714:1410;26.1;299.25
20230714:1510;26.35;299.5
20230714:1610;26.55;299.7
20230714:1710;26.35;299.5
20230714:1810;25.8;298.95
20230714:1910;25.85;299.0
20230714:2010;24.8;297.95
20230714:2110;23.25;296.4
20230714:2210;22.6;295.75
20230714:2310;21.55;294.7
20230715:0010;20.75;293.9
20230715:0110;20.25;293.4
20230715:0210;20.05;293.2
20230715:0310;19.15;292.3
20230715:0410;18.7;291.85
20230715:0510;18.1;291.25
20230715:0610;18.6;291.75
20230715:0710;19.2;292.35
20230715:0810;20.1;293.25
20230715:0910;21.55;294.7
20230715:1010;22.3;295.45
20230715:1110;23.3;296.45
20230715:1210;23.8;296.95
20230715:1310;25.45;298.6
20230715:1410;26.05;299.2
20230715:1510;26.2;299.35
20230715:1610;26.3;299.45
20230715:1710;26.6;299.75
20230715:1810;26.55;299.7
20230715:1910;24.15;297.3
20230715:2010;23.8;296.95
20230715:2110;22.9;296.05
20230715:2210;22.0;295.15
20230715:2310;21.5;294.65
20230716:0010;21.35;294.5
20230716:0110;20.75;293.9
20230716:0210;19.75;292.9
20230716:0310;18.95;292.1
20230716:0410;18.5;291.65
20230716:0510;18.5;291.65
20230716:0610;18.4;291.55
20230716:0710;18.95;292.1
20230716:0810;19.7;292.85
20230716:0910;21.8;294.95
20230716:1010;22.3;295.45
20230716:1110;22.8;295.95
20230716:1210;24.3;297.45
20230716:1310;24.75;297.9
20230716:1410;25.75;298.9
20230716:1510;25.95;299.1
20230716:1610;26.45;299.6
20230716:1710;26.0;299.15
20230716:1810;25.25;298.4
20230716:1910;24.85;298.0
20230716:2010;24.15;297.3
20230716:2110;23.4;296.55
20230716:2210;22.25;295.4
20230716:2310;21.35;294.5
20230717:0010;20.85;294.0
20230717:0110;19.9;293.05
20230717:0210;19.0;292.15
20230717:0310;18.55;291.7
20230717:0410;18.1;291.25
20230717:0510;17.25;290.4
20230717:0610;16.85;290.0
20230717:0710;17.45;290.6
20230717:0810;19.9;293.05
20230717:0910;21.15;294.3
20230717:1010;21.95;295.1
20230717:1110;21.85;295.0
20230717:1210;22.9;296.05
20230717:1310;24.45;297.6
20230717:1410;25.15;298.3
20230717:1510;25.75;298.9
20230717:1610;25.65;298.8
20230717:1710;25.15;298.3
20230717:1810;26.15;299.3
20230717:1910;25.9;299.05
20230717:2010;23.95;297.1
20230717:2110;23.35;296.5
20230717:2210;23.15;296.3
20230717:2310;22.45;295.6
20230718:0010;21.5;294.65
20230718:0110;21.05;294.2
20230718:0210;20.15;293.3
20230718:0310;19.7;292.85
20230718:0410;19.3;292.45
20230718:0510;19.05;292.2
20230718:0610;18.85;292.0
20230718:0710;19.75;292.9
20230718:0810;21.55;294.7
20230718:0910;23.15;296.3
20230718:1010;23.8;296.95
20230718:1110;24.75;297.9
20230718:1210;25.75;298.9
20230718:1310;26.0;299.15
20230718:1410;26.25;299.4
20230718:1510;26.65;299.8
20230718:1610;26.8;299.95
20230718:1710;27.15;300.3
20230718:1810;26.35;299.5
20230718:1910;26.25;299.4
20230718:2010;26.15;299.3
20230718:2110;25.6;298.75
20230718:2210;24.55;297.7
20230718:2310;23.3;296.45
20230719:0010;22.2;295.35
20230719:0110;21.6;294.75
20230719:0210;21.25;294.4
20230719:0310;21.2;294.35
20230719:0410;21.0;294.15
20230719:0510;20.1;293.25
20230719:0610;19.9;293.05
20230719:0710;20.3;293.45
20230719:0810;21.8;294.95
20230719:0910;23.65;296.8
20230719:1010;24.55;297.7
20230719:1110;25.2;298.35
20230719:1210;26.85;300.0
20230719:1310;27.85;301.0
20230719:1410;28.6;301.75
20230719:1510;28.9;302.05
20230719:1610;29.55;302.7
20230719:1710;28.8;301.95
20230719:1810;28.45;301.6
20230719:1910;28.25;301.4
20230719:2010;27.05;300.2
20230719:2110;26.1;299.25
20230719:2210;25.2;298.35
20230719:2310;24.1;297.25
20230720:0010;23.35;296.5
20230720:0110;22.75;295.9
20230720:0210;22.05;295.2
20230720:0310;21.4;294.55
20230720:0410;20.95;294.1
20230720:0510;20.35;293.5
20230720:0610;20.1;293.25
20230720:0710;20.65;293.8
20230720:0810;22.55;295.7
20230720:0910;24.1;297.25
20230720:1010;24.55;297.7
20230720:1110;25.1;298.25
20230720:1210;25.75;298.9
20230720:1310;27.0;300.15
20230720:1410;28.05;301.2
20230720:1510;28.6;301.75
20230720:1610;28.75;301.9
20230720:1710;28.95;302.1
20230720:1810;28.85;302.0
20230720:1910;28.45;301.6
20230720:2010;27.55;300.7
20230720:2110;26.35;299.5
20230720:2210;25.2;298.35
20230720:2310;24.35;297.5
20230721:0010;23.85;297.0
20230721:0110;23.1;296.25
20230721:0210;22.8;295.95
20230721:0310;21.95;295.1
20230721:0410;21.15;294.3
20230721:0510;21.05;294.2
20230721:0610;20.7;293.85
20230721:0710;20.75;293.9
20230721:0810;22.15;295.3
20230721:0910;24.5;297.65
20230721:1010;25.6;298.75
20230721:1110;25.9;299.05
20230721:1210;26.7;299.85
20230721:1310;26.9;300.05
20230721:1410;28.5;301.65
20230721:1510;29.45;302.6
20230721:1610;29.5;302.65
20230721:1710;26.35;299.5
20230721:1810;25.45;298.6
20230721:1910;25.45;298.6
20230721:2010;25.2;298.35
20230721:2110;24.5;297.65
20230721:2210;23.75;296.9
20230721:2310;22.9;296.05
20230722:0010;22.25;295.4
20230722:0110;21.75;294.9
20230722:0210;21.2;294.35
20230722:0310;21.0;294.15
20230722:0410;20.85;294.0
20230722:0510;20.2;293.35
20230722:0610;20.25;293.4
20230722:0710;20.65;293.8
20230722:0810;21.45;294.6
20230722:0910;23.35;296.5
20230722:1010;23.4;296.55
20230722:1110;23.9;297.05
20230722:1210;24.6;297.75
20230722:1310;25.7;298.85
20230722:1410;25.95;299.1
20230722:1510;27.45;300.6
20230722:1610;27.9;301.05
20230722:1710;27.6;300.75
20230722:1810;27.45;300.6
20230722:1910;26.95;300.1
20230722:2010;25.9;299.05
20230722:2110;25.3;298.45
20230722:2210;24.8;297.95
20230722:2310;23.85;297.0
20230723:0010;23.1;296.25
20230723:0110;21.85;295.0
20230723:0210;21.4;294.55
20230723:0310;21.0;294.15
20230723:0410;20.85;294.0
20230723:0510;21.05;294.2
20230723:0610;20.6;293.75
20230723:0710;20.9;294.05
20230723:0810;21.75;294.9
20230723:0910;23.25;296.4
20230723:1010;24.35;297.5
20230723:1110;25.25;298.4
20230723:1210;26.3;299.45
20230723:1310;27.45;300.6
20230723:1410;28.0;301.15
20230723:1510;29.0;302.15
20230723:1610;28.15;301.3
20230723:1710;28.95;302.1
20230723:1810;28.75;301.9
20230723:1910;28.6;301.75
20230723:2010;27.1;300.25
20230723:2110;26.15;299.3
20230723:2210;25.25;298.4
20230723:2310;24.4;297.55
20230724:0010;24.05;297.2
20230724:0110;23.4;296.55
20230724:0210;23.1;296.25
20230724:0310;22.7;295.85
20230724:0410;22.05;295.2
20230724:0510;21.55;294.7
20230724:0610;21.2;294.35
20230724:0710;21.15;294.3
20230724:0810;22.2;295.35
20230724:0910;24.0;297.15
20230724:1010;25.0;298.15
20230724:1110;25.7;298.85
20230724:1210;26.5;299.65
20230724:1310;27.55;300.7
20230724:1410;28.55;301.7
20230724:1510;28.9;302.05
20230724:1610;29.25;302.4
20230724:1710;29.85;303.0
20230724:1810;29.35;302.5
20230724:1910;28.85;302.0
20230724:2010;27.15;300.3
20230724:2110;25.4;298.55
20230724:2210;25.5;298.65
20230724:2310;25.1;298.25
20230725:0010;24.25;297.4
20230725:0110;23.6;296.75
20230725:0210;22.05;295.2
20230725:0310;21.55;294.7
20230725:0410;20.85;294.0
20230725:0510;20.65;293.8
20230725:0610;20.75;293.9
20230725:0710;20.95;294.1
20230725:0810;22.05;295.2
20230725:0910;23.35;296.5
20230725:1010;24.15;297.3
20230725:1110;24.3;297.45
20230725:1210;25.55;298.7
20230725:1310;26.15;299.3
20230725:1410;26.45;299.6
20230725:1510;27.4;300.55
20230725:1610;27.55;300.7
20230725:1710;27.25;300.4
20230725:1810;27.4;300.55
20230725:1910;26.9;300.05
20230725:2010;25.0;298.15
20230725:2110;24.05;297.2
20230725:2210;23.05;296.2
20230725:2310;21.85;295.0
20230726:0010;21.4;294.55
20230726:0110;20.85;294.0
20230726:0210;20.55;293.7
20230726:0310;20.6;293.75
20230726:0410;20.2;293.35
20230726:0510;20.15;293.3
20230726:0610;19.7;292.85
20230726:0710;19.9;293.05
20230726:0810;20.7;293.85
20230726:0910;23.05;296.2
20230726:1010;24.65;297.8
20230726:1110;25.05;298.2
20230726:1210;26.1;299.25
20230726:1310;27.0;300.15
20230726:1410;28.0;301.15
20230726:1510;25.85;299.0
20230726:1610;25.2;298.35
20230726:1710;23.75;296.9
20230726:1810;25.25;298.4
20230726:1910;23.8;296.95
20230726:2010;23.1;296.25
20230726:2110;22.55;295.7
20230726:2210;22.05;295.2
20230726:2310;22.3;295.45
20230727:0010;22.1;295.25
20230727:0110;21.95;295.1
20230727:0210;21.45;294.6
20230727:0310;21.2;294.35
20230727:0410;20.7;293.85
20230727:0510;20.35;293.5
20230727:0610;20.1;293.25
20230727:0710;20.55;293.7
20230727:0810;22.5;295.65
20230727:0910;23.15;296.3
20230727:1010;23.5;296.65
20230727:1110;24.6;297.75
20230727:1210;25.15;298.3
20230727:1310;25.75;298.9
20230727:1410;25.8;298.95
20230727:1510;26.05;299.2
20230727:1610;26.95;300.1
20230727:1710;27.1;300.25
20230727:1810;26.45;299.6
20230727:1910;25.9;299.05
20230727:2010;25.65;298.8
20230727:2110;24.55;297.7
20230727:2210;23.6;296.75
20230727:2310;22.95;296.1
20230728:0010;22.5;295.65
20230728:0110;21.9;295.05
20230728:0210;20.9;294.05
20230728:0310;20.7;293.85
20230728:0410;20.35;293.5
20230728:0510;20.2;293.35
20230728:0610;20.4;293.55
20230728:0710;20.65;293.8
20230728:0810;21.05;294.2
20230728:0910;22.2;295.35
20230728:1010;24.65;297.8
20230728:1110;24.55;297.7
20230728:1210;25.15;298.3
20230728:1310;25.5;298.65
20230728:1410;26.1;299.25
20230728:1510;27.1;300.25
20230728:1610;27.25;300.4
20230728:1710;27.55;300.7
20230728:1810;27.2;300.35
20230728:1910;26.45;299.6
20230728:2010;25.25;298.4
20230728:2110;24.2;297.35
20230728:2210;23.05;296.2
20230728:2310;22.8;295.95
20230729:0010;22.45;295.6
20230729:0110;22.45;295.6
20230729:0210;21.7;294.85
20230729:0310;21.7;294.85
20230729:0410;21.1;294.25
20230729:0510;20.8;293.95
20230729:0610;20.95;294.1
20230729:0710;21.3;294.45
20230729:0810;22.1;295.25
20230729:0910;23.6;296.75
20230729:1010;24.65;297.8
20230729:1110;25.15;298.3
20230729:1210;26.05;299.2
20230729:1310;26.7;299.85
20230729:1410;27.25;300.4
20230729:1510;28.0;301.15
20230729:1610;28.5;301.65
20230729:1710;28.7;301.85
20230729:1810;28.2;301.35
20230729:1910;27.6;300.75
20230729:2010;26.65;299.8
20230729:2110;25.75;298.9
20230729:2210;24.7;297.85
20230729:2310;24.0;297.15
20230730:0010;23.5;296.65
20230730:0110;22.55;295.7
20230730:0210;21.7;294.85
20230730:0310;21.3;294.45
20230730:0410;20.55;293.7
20230730:0510;20.25;293.4
20230730:0610;19.7;292.85
20230730:0710;20.45;293.6
20230730:0810;22.75;295.9
20230730:0910;24.6;297.75
20230730:1010;25.55;298.7
20230730:1110;26.15;299.3
20230730:1210;26.5;299.65
20230730:1310;27.3;300.45
20230730:1410;27.95;301.1
20230730:1510;28.4;301.55
20230730:1610;29.3;302.45
20230730:1710;29.65;302.8
20230730:1810;29.1;302.25
20230730:1910;28.45;301.6
20230730:2010;28.0;301.15
20230730:2110;26.8;299.95
20230730:2210;25.95;299.1
20230730:2310;24.35;297.5
20230731:0010;23.15;296.3
20230731:0110;22.85;296.0
20230731:0210;22.15;295.3
20230731:0310;22.05;295.2
20230731:0410;21.45;294.6
20230731:0510;21.35;294.5
20230731:0610;21.0;294.15
20230731:0710;21.3;294.45
20230731:0810;22.75;295.9
20230731:0910;25.0;298.15
20230731:1010;26.1;299.25
20230731:1110;26.45;299.6
20230731:1210;27.25;300.4
20230731:1310;29.2;302.35
20230731:1410;29.3;302.45
20230731:1510;30.6;303.75
20230731:1610;31.05;304.2
20230731:1710;30.7;303.85
20230731:1810;28.0;301.15
20230731:1910;27.8;300.95
20230731:2010;26.75;299.9
20230731:2110;25.95;299.1
20230731:2210;25.05;298.2
20230731:2310;24.25;297.4
20230801:0010;22.45;295.6
20230801:0110;22.0;295.15
20230801:0210;21.45;294.6
20230801:0310;21.35;294.5
20230801:0410;21.3;294.45
20230801:0510;21.15;294.3
20230801:0610;20.35;293.5
20230801:0710;21.0;294.15
20230801:0810;21.95;295.1
20230801:0910;23.65;296.8
20230801:1010;24.95;298.1
20230801:1110;25.5;298.65
20230801:1210;26.05;299.2
20230801:1310;26.7;299.85
20230801:1410;27.4;300.55
20230801:1510;26.65;299.8
20230801:1610;28.25;301.4
20230801:1710;28.55;301.7
20230801:1810;27.65;300.8
20230801:1910;27.45;300.6
20230801:2010;26.9;300.05
20230801:2110;26.05;299.2
20230801:2210;25.35;298.5
20230801:2310;23.6;296.75
20230802:0010;23.6;296.75
20230802:0110;22.8;295.95
20230802:0210;22.15;295.3
20230802:0310;21.5;294.65
20230802:0410;21.7;294.85
20230802:0510;20.65;293.8
20230802:0610;20.5;293.65
20230802:0710;20.7;293.85
20230802:0810;21.6;294.75
20230802:0910;22.65;295.8
20230802:1010;23.15;296.3
20230802:1110;23.3;296.45
20230802:1210;25.0;298.15
20230802:1310;25.75;298.9
20230802:1410;26.55;299.7
20230802:1510;27.65;300.8
20230802:1610;26.95;300.1
20230802:1710;27.85;301.0
20230802:1810;26.65;299.8
20230802:1910;26.6;299.75
20230802:2010;26.15;299.3
20230802:2110;24.65;297.8
20230802:2210;23.15;296.3
20230802:2310;22.15;295.3
20230803:0010;21.4;294.55
20230803:0110;20.65;293.8
20230803:0210;20.75;293.9
20230803:0310;20.65;293.8
20230803:0410;20.15;293.3
20230803:0510;19.9;293.05
20230803:0610;19.3;292.45
20230803:0710;19.6;292.75
20230803:0810;20.7;293.85
20230803:0910;21.55;294.7
20230803:1010;22.2;295.35
20230803:1110;22.75;295.9
20230803:1210;23.95;297.1
20230803:1310;24.85;298.0
20230803:1410;25.6;298.75
20230803:1510;26.4;299.55
20230803:1610;26.25;299.4
20230803:1710;26.3;299.45
20230803:1810;26.1;299.25
20230803:1910;25.0;298.15
20230803:2010;24.15;297.3
20230803:2110;23.2;296.35
20230803:2210;22.05;295.2
20230803:2310;21.95;295.1
20230804:0010;21.75;294.9
20230804:0110;20.4;293.55
20230804:0210;19.7;292.85
20230804:0310;19.6;292.75
20230804:0410;19.55;292.7
20230804:0510;19.2;292.35
20230804:0610;19.05;292.2
20230804:0710;19.55;292.7
20230804:0810;20.55;293.7
20230804:0910;21.7;294.85
20230804:1010;21.5;294.65
20230804:1110;21.35;294.5
20230804:1210;21.75;294.9
20230804:1310;22.9;296.05
20230804:1410;23.7;296.85
20230804:1510;25.15;298.3
20230804:1610;26.1;299.25
20230804:1710;25.3;298.45
20230804:1810;25.0;298.15
20230804:1910;24.95;298.1
20230804:2010;23.9;297.05
20230804:2110;23.0;296.15
20230804:2210;22.25;295.4
20230804:2310;21.4;294.55
20230805:0010;20.9;294.05
20230805:0110;20.2;293.35
20230805:0210;19.65;292.8
20230805:0310;19.3;292.45
20230805:0410;18.85;292.0
20230805:0510;19.0;292.15
20230805:0610;18.95;292.1
20230805:0710;19.4;292.55
20230805:0810;21.2;294.35
20230805:0910;22.45;295.6
20230805:1010;22.85;296.0
20230805:1110;23.4;296.55
20230805:1210;23.75;296.9
20230805:1310;24.4;297.55
20230805:1410;24.95;298.1
20230805:1510;24.3;297.45
20230805:1610;24.0;297.15
20230805:1710;24.1;297.25
20230805:1810;24.55;297.7
20230805:1910;24.15;297.3
20230805:2010;23.7;296.85
20230805:2110;23.25;296.4
20230805:2210;22.55;295.7
20230805:2310;21.55;294.7
20230806:0010;19.8;292.95
20230806:0110;18.95;292.1
20230806:0210;19.0;292.15
20230806:0310;18.5;291.65
20230806:0410;17.85;291.0
20230806:0510;17.45;290.6
20230806:0610;17.25;290.4
20230806:0710;17.8;290.95
20230806:0810;18.8;291.95
20230806:0910;21.05;294.2
20230806:1010;20.8;293.95
20230806:1110;21.2;294.35
20230806:1210;21.4;294.55
20230806:1310;22.5;295.65
20230806:1410;23.05;296.2
20230806:1510;23.15;296.3
20230806:1610;23.85;297.0
20230806:1710;24.0;297.15
20230806:1810;23.9;297.05
20230806:1910;23.5;296.65
20230806:2010;22.95;296.1
20230806:2110;22.2;295.35
20230806:2210;21.05;294.2
20230806:2310;20.25;293.4
20230807:0010;20.0;293.15
20230807:0110;19.6;292.75
20230807:0210;19.4;292.55
20230807:0310;18.9;292.05
20230807:0410;18.5;291.65
20230807:0510;18.5;291.65
20230807:0610;18.1;291.25
20230807:0710;18.3;291.45
20230807:0810;19.45;292.6
20230807:0910;21.85;295.0
20230807:1010;22.25;295.4
20230807:1110;22.95;296.1
20230807:1210;24.25;297.4
20230807:1310;25.15;298.3
20230807:1410;26.3;299.45
20230807:1510;27.8;300.95
20230807:1610;28.9;302.05
20230807:1710;28.25;301.4
20230807:1810;27.65;300.8
20230807:1910;27.0;300.15
20230807:2010;25.6;298.75
20230807:2110;24.2;297.35
20230807:2210;22.95;296.1
20230807:2310;22.25;295.4
20230808:0010;21.1;294.25
20230808:0110;20.75;293.9
20230808:0210;20.25;293.4
20230808:0310;19.7;292.85
20230808:0410;19.15;292.3
20230808:0510;18.8;291.95
20230808:0610;18.75;291.9
20230808:0710;18.6;291.75
20230808:0810;20.2;293.35
20230808:0910;22.45;295.6
20230808:1010;23.65;296.8
20230808:1110;23.95;297.1
20230808:1210;25.55;298.7
20230808:1310;26.05;299.2
20230808:1410;27.0;300.15
20230808:1510;28.15;301.3
20230808:1610;26.75;299.9
20230808:1710;27.45;300.6
20230808:1810;27.1;300.25
20230808:1910;26.65;299.8
20230808:2010;25.85;299.0
20230808:2110;24.9;298.05
20230808:2210;24.0;297.15
20230808:2310;22.9;296.05
20230809:0010;21.85;295.0
20230809:0110;21.4;294.55
20230809:0210;21.05;294.2
20230809:0310;20.75;293.9
20230809:0410;20.45;293.6
20230809:0510;20.15;293.3
20230809:0610;19.8;292.95
20230809:0710;19.85;293.0
20230809:0810;21.65;294.8
20230809:0910;23.95;297.1
20230809:1010;24.05;297.2
20230809:1110;25.3;298.45
20230809:1210;26.6;299.75
20230809:1310;27.45;300.6
20230809:1410;27.55;300.7
20230809:1510;29.45;302.6
20230809:1610;30.1;303.25
20230809:1710;29.7;302.85
20230809:1810;29.55;302.7
20230809:1910;29.2;302.35
20230809:2010;28.4;301.55
20230809:2110;27.5;300.65
20230809:2210;26.65;299.8
20230809:2310;25.35;298.5
20230810:0010;24.5;297.65
20230810:0110;23.5;296.65
20230810:0210;22.85;296.0
20230810:0310;22.55;295.7
20230810:0410;22.6;295.75
20230810:0510;22.1;295.25
20230810:0610;21.85;295.0
20230810:0710;22.05;295.2
20230810:0810;23.95;297.1
20230810:0910;26.05;299.2
20230810:1010;26.25;299.4
20230810:1110;27.35;300.5
20230810:1210;28.15;301.3
20230810:1310;29.2;302.35
20230810:1410;29.8;302.95
20230810:1510;30.85;304.0
20230810:1610;30.35;303.5
20230810:1710;29.7;302.85
20230810:1810;29.0;302.15
20230810:1910;26.5;299.65
20230810:2010;25.45;298.6
20230810:2110;24.75;297.9
20230810:2210;24.5;297.65
20230810:2310;22.15;295.3
20230811:0010;21.8;294.95
20230811:0110;21.55;294.7
20230811:0210;20.9;294.05
20230811:0310;20.95;294.1
20230811:0410;20.05;293.2
20230811:0510;19.75;292.9
20230811:0610;19.2;292.35
20230811:0710;19.4;292.55
20230811:0810;20.3;293.45
20230811:0910;21.35;294.5
20230811:1010;21.75;294.9
20230811:1110;23.15;296.3
20230811:1210;24.1;297.25
20230811:1310;24.85;298.0
20230811:1410;25.6;298.75
20230811:1510;26.8;299.95
20230811:1610;26.9;300.05
20230811:1710;27.05;300.2
20230811:1810;26.9;300.05
20230811:1910;26.55;299.7
20230811:2010;26.0;299.15
20230811:2110;24.45;297.6
20230811:2210;23.65;296.8
20230811:2310;22.85;296.0
20230812:0010;22.45;295.6
20230812:0110;21.7;294.85
20230812:0210;20.55;293.7
20230812:0310;19.75;292.9
20230812:0410;19.1;292.25
20230812:0510;18.65;291.8
20230812:0610;18.1;291.25
20230812:0710;18.35;291.5
20230812:0810;20.35;293.5
20230812:0910;22.05;295.2
20230812:1010;22.8;295.95
20230812:1110;24.25;297.4
20230812:1210;25.45;298.6
20230812:1310;26.55;299.7
20230812:1410;27.75;300.9
20230812:1510;28.45;301.6
20230812:1610;29.1;302.25
20230812:1710;29.15;302.3
20230812:1810;28.8;301.95
20230812:1910;27.95;301.1
20230812:2010;26.75;299.9
20230812:2110;25.65;298.8
20230812:2210;24.65;297.8
20230812:2310;24.0;297.15
20230813:0010;23.3;296.45
20230813:0110;22.6;295.75
20230813:0210;21.95;295.1
20230813:0310;21.2;294.35
20230813:0410;20.7;293.85
20230813:0510;20.1;293.25
20230813:0610;19.7;292.85
20230813:0710;19.95;293.1
20230813:0810;21.45;294.6
20230813:0910;23.3;296.45
20230813:1010;23.95;297.1
20230813:1110;25.1;298.25
20230813:1210;26.55;299.7
20230813:1310;27.9;301.05
20230813:1410;29.5;302.65
20230813:1510;30.1;303.25
20230813:1610;30.6;303.75
20230813:1710;30.8;303.95
20230813:1810;28.75;301.9
20230813:1910;28.1;301.25
20230813:2010;26.6;299.75
20230813:2110;25.25;298.4
20230813:2210;24.1;297.25
20230813:2310;23.65;296.8
20230814:0010;22.85;296.0
20230814:0110;22.35;295.5
20230814:0210;21.9;295.05
20230814:0310;21.5;294.65
20230814:0410;21.45;294.6
20230814:0510;21.25;294.4
20230814:0610;21.15;294.3
20230814:0710;21.2;294.35
20230814:0810;22.6;295.75
20230814:0910;23.45;296.6
20230814:1010;24.3;297.45
20230814:1110;25.1;298.25
20230814:1210;26.0;299.15
20230814:1310;27.0;300.15
20230814:1410;27.85;301.0
20230814:1510;27.7;300.85
20230814:1610;28.6;301.75
20230814:1710;28.75;301.9
20230814:1810;28.45;301.6
20230814:1910;28.05;301.2
20230814:2010;26.95;300.1
20230814:2110;26.1;299.25
20230814:2210;24.7;297.85
20230814:2310;23.55;296.7
20230815:0010;22.75;295.9
20230815:0110;22.75;295.9
20230815:0210;22.0;295.15
20230815:0310;21.55;294.7
20230815:0410;21.4;294.55
20230815:0510;21.0;294.15
20230815:0610;20.65;293.8
20230815:0710;21.0;294.15
20230815:0810;21.7;294.85
20230815:0910;22.7;295.85
20230815:1010;23.45;296.6
20230815:1110;25.4;298.55
20230815:1210;26.75;299.9
20230815:1310;28.1;301.25
20230815:1410;29.0;302.15
20230815:1510;30.65;303.8
20230815:1610;31.45;304.6
20230815:1710;30.4;303.55
20230815:1810;29.9;303.05
20230815:1910;29.25;302.4
20230815:2010;28.35;301.5
20230815:2110;26.65;299.8
20230815:2210;25.95;299.1
20230815:2310;24.95;298.1
20230816:0010;23.9;297.05
20230816:0110;23.5;296.65
20230816:0210;23.1;296.25
20230816:0310;22.7;295.85
20230816:0410;22.0;295.15
20230816:0510;21.1;294.25
20230816:0610;20.35;293.5
20230816:0710;20.85;294.0
20230816:0810;23.0;296.15
20230816:0910;24.45;297.6
20230816:1010;25.45;298.6
20230816:1110;26.35;299.5
20230816:1210;27.2;300.35
20230816:1310;27.85;301.0
20230816:1410;28.55;301.7
20230816:1510;28.35;301.5
20230816:1610;28.15;301.3
20230816:1710;26.2;299.35
20230816:1810;25.85;299.0
20230816:1910;25.55;298.7
20230816:2010;25.0;298.15
20230816:2110;24.2;297.35
20230816:2210;23.5;296.65
20230816:2310;22.35;295.5
20230817:0010;21.75;294.9
20230817:0110;21.3;294.45
20230817:0210;21.05;294.2
20230817:0310;20.85;294.0
20230817:0410;20.4;293.55
20230817:0510;20.0;293.15
20230817:0610;19.85;293.0
20230817:0710;19.9;293.05
20230817:0810;21.05;294.2
20230817:0910;21.55;294.7
20230817:1010;21.95;295.1
20230817:1110;23.05;296.2
20230817:1210;24.2;297.35
20230817:1310;25.35;298.5
20230817:1410;26.4;299.55
20230817:1510;26.8;299.95
20230817:1610;27.1;300.25
20230817:1710;27.3;300.45
20230817:1810;26.55;299.7
20230817:1910;26.05;299.2
20230817:2010;25.1;298.25
20230817:2110;24.3;297.45
20230817:2210;23.0;296.15
20230817:2310;22.65;295.8
20230818:0010;22.05;295.2
20230818:0110;21.9;295.05
20230818:0210;21.8;294.95
20230818:0310;21.4;294.55
20230818:0410;21.0;294.15
20230818:0510;20.85;294.0
20230818:0610;20.85;294.0
20230818:0710;20.75;293.9
20230818:0810;21.8;294.95
20230818:0910;22.45;295.6
20230818:1010;23.2;296.35
20230818:1110;24.35;297.5
20230818:1210;25.55;298.7
20230818:1310;26.65;299.8
20230818:1410;27.0;300.15
20230818:1510;28.5;301.65
20230818:1610;29.35;302.5
20230818:1710;30.2;303.35
20230818:1810;29.85;303.0
20230818:1910;29.25;302.4
20230818:2010;26.35;299.5
20230818:2110;25.15;298.3
20230818:2210;24.4;297.55
20230818:2310;23.95;297.1
20230819:0010;23.45;296.6
20230819:0110;22.85;296.0
20230819:0210;22.1;295.25
20230819:0310;21.65;294.8
20230819:0410;21.25;294.4
20230819:0510;21.2;294.35
20230819:0610;20.65;293.8
20230819:0710;20.75;293.9
20230819:0810;21.75;294.9
20230819:0910;22.3;295.45
20230819:1010;22.6;295.75
20230819:1110;23.75;296.9
20230819:1210;24.1;297.25
20230819:1310;25.15;298.3
20230819:1410;25.6;298.75
20230819:1510;25.75;298.9
20230819:1610;26.55;299.7
20230819:1710;26.6;299.75
20230819:1810;26.25;299.4
20230819:1910;25.55;298.7
20230819:2010;24.65;297.8
20230819:2110;23.95;297.1
20230819:2210;22.85;296.0
20230819:2310;22.15;295.3
20230820:0010;21.5;294.65
20230820:0110;21.1;294.25
20230820:0210;20.15;293.3
20230820:0310;19.85;293.0
20230820:0410;19.4;292.55
20230820:0510;19.3;292.45
20230820:0610;19.1;292.25
20230820:0710;19.4;292.55
20230820:0810;20.5;293.65
20230820:0910;21.7;294.85
20230820:1010;22.4;295.55
20230820:1110;24.0;297.15
20230820:1210;25.15;298.3
20230820:1310;26.1;299.25
20230820:1410;26.7;299.85
20230820:1510;28.05;301.2
20230820:1610;28.7;301.85
20230820:1710;28.55;301.7
20230820:1810;28.45;301.6
20230820:1910;27.85;301.0
20230820:2010;27.15;300.3
20230820:2110;25.95;299.1
20230820:2210;24.95;298.1
20230820:2310;24.0;297.15
20230821:0010;23.05;296.2
20230821:0110;22.8;295.95
20230821:0210;22.15;295.3
20230821:0310;21.45;294.6
20230821:0410;21.25;294.4
20230821:0510;20.8;293.95
20230821:0610;20.55;293.7
20230821:0710;20.45;293.6
20230821:0810;20.7;293.85
20230821:0910;21.45;294.6
20230821:1010;21.15;294.3
20230821:1110;21.3;294.45
20230821:1210;22.0;295.15
20230821:1310;21.6;294.75
20230821:1410;22.45;295.6
20230821:1510;22.85;296.0
20230821:1610;23.7;296.85
20230821:1710;23.8;296.95
20230821:1810;23.3;296.45
20230821:1910;22.2;295.35
20230821:2010;22.0;295.15
20230821:2110;21.55;294.7
20230821:2210;21.1;294.25
20230821:2310;20.15;293.3
20230822:0010;19.75;292.9
20230822:0110;19.15;292.3
20230822:0210;18.95;292.1
20230822:0310;18.7;291.85
20230822:0410;18.55;291.7
20230822:0510;18.35;291.5
20230822:0610;18.35;291.5
20230822:0710;18.5;291.65
20230822:0810;18.7;291.85
20230822:0910;19.9;293.05
20230822:1010;20.35;293.5
20230822:1110;21.75;294.9
20230822:1210;22.15;295.3
20230822:1310;22.9;296.05
20230822:1410;23.6;296.75
20230822:1510;24.25;297.4
20230822:1610;24.65;297.8
20230822:1710;24.35;297.5
20230822:1810;24.45;297.6
20230822:1910;23.3;296.45
20230822:2010;23.2;296.35
20230822:2110;22.8;295.95
20230822:2210;21.7;294.85
20230822:2310;20.95;294.1
20230823:0010;20.8;293.95
20230823:0110;19.25;292.4
20230823:0210;18.65;291.8
20230823:0310;18.35;291.5
20230823:0410;17.9;291.05
20230823:0510;17.65;290.8
20230823:0610;17.45;290.6
20230823:0710;17.25;290.4
20230823:0810;19.3;292.45
20230823:0910;20.5;293.65
20230823:1010;20.85;294.0
20230823:1110;21.7;294.85
20230823:1210;22.5;295.65
20230823:1310;23.85;297.0
20230823:1410;24.7;297.85
20230823:1510;26.1;299.25
20230823:1610;26.7;299.85
20230823:1710;26.15;299.3
20230823:1810;25.65;298.8
20230823:1910;25.35;298.5
20230823:2010;24.65;297.8
20230823:2110;23.8;296.95
20230823:2210;23.4;296.55
20230823:2310;22.65;295.8
20230824:0010;21.9;295.05
20230824:0110;21.25;294.4
20230824:0210;20.75;293.9
20230824:0310;19.75;292.9
20230824:0410;19.45;292.6
20230824:0510;19.3;292.45
20230824:0610;19.25;292.4
20230824:0710;19.15;292.3
20230824:0810;20.2;293.35
20230824:0910;21.5;294.65
20230824:1010;21.9;295.05
20230824:1110;22.5;295.65
20230824:1210;23.6;296.75
20230824:1310;24.6;297.75
20230824:1410;25.05;298.2
20230824:1510;26.05;299.2
20230824:1610;26.75;299.9
20230824:1710;26.55;299.7
20230824:1810;26.45;299.6
20230824:1910;25.65;298.8
20230824:2010;24.8;297.95
20230824:2110;24.15;297.3
20230824:2210;23.4;296.55
20230824:2310;21.75;294.9
20230825:0010;21.1;294.25
20230825:0110;20.5;293.65
20230825:0210;20.05;293.2
20230825:0310;19.85;293.0
20230825:0410;19.3;292.45
20230825:0510;19.1;292.25
20230825:0610;18.9;292.05
20230825:0710;18.85;292.0
20230825:0810;19.4;292.55
20230825:0910;20.6;293.75
20230825:1010;20.75;293.9
20230825:1110;21.9;295.05
20230825:1210;22.65;295.8
20230825:1310;24.15;297.3
20230825:1410;25.0;298.15
20230825:1510;25.65;298.8
20230825:1610;26.7;299.85
20230825:1710;26.5;299.65
20230825:1810;26.05;299.2
20230825:1910;25.6;298.75
20230825:2010;24.7;297.85
20230825:2110;23.9;297.05
20230825:2210;22.9;296.05
20230825:2310;21.95;295.1
20230826:0010;21.15;294.3
20230826:0110;20.4;293.55
20230826:0210;19.8;292.95
20230826:0310;19.65;292.8
20230826:0410;19.25;292.4
20230826:0510;18.6;291.75
20230826:0610;18.05;291.2
20230826:0710;18.25;291.4
20230826:0810;19.9;293.05
20230826:0910;21.65;294.8
20230826:1010;22.35;295.5
20230826:1110;24.15;297.3
20230826:1210;24.7;297.85
20230826:1310;25.75;298.9
20230826:1410;26.6;299.75
20230826:1510;27.45;300.6
20230826:1610;28.25;301.4
20230826:1710;27.85;301.0
20230826:1810;27.25;300.4
20230826:1910;26.5;299.65
20230826:2010;25.4;298.55
20230826:2110;24.3;297.45
20230826:2210;23.6;296.75
20230826:2310;22.7;295.85
20230827:0010;22.05;295.2
20230827:0110;21.25;294.4
20230827:0210;20.95;294.1
20230827:0310;20.8;293.95
20230827:0410;20.15;293.3
20230827:0510;19.85;293.0
20230827:0610;19.45;292.6
20230827:0710;19.35;292.5
20230827:0810;20.15;293.3
20230827:0910;21.3;294.45
20230827:1010;22.85;296.0
20230827:1110;24.8;297.95
20230827:1210;26.5;299.65
20230827:1310;26.35;299.5
20230827:1410;26.5;299.65
20230827:1510;26.5;299.65
20230827:1610;28.45;301.6
20230827:1710;28.1;301.25
20230827:1810;26.45;299.6
20230827:1910;25.55;298.7
20230827:2010;24.6;297.75
20230827:2110;24.0;297.15
20230827:2210;23.3;296.45
20230827:2310;22.1;295.25
20230828:0010;21.65;294.8
20230828:0110;21.3;294.45
20230828:0210;20.95;294.1
20230828:0310;20.6;293.75
20230828:0410;20.25;293.4
20230828:0510;19.9;293.05
20230828:0610;19.75;292.9
20230828:0710;19.55;292.7
20230828:0810;20.7;293.85
20230828:0910;21.35;294.5
20230828:1010;22.1;295.25
20230828:1110;23.25;296.4
20230828:1210;25.1;298.25
20230828:1310;26.25;299.4
20230828:1410;27.0;300.15
20230828:1510;28.0;301.15
20230828:1610;28.45;301.6
20230828:1710;27.55;300.7
20230828:1810;27.15;300.3
20230828:1910;26.5;299.65
20230828:2010;25.85;299.0
20230828:2110;24.9;298.05
20230828:2210;23.85;297.0
20230828:2310;22.95;296.1
20230829:0010;22.15;295.3
20230829:0110;21.2;294.35
20230829:0210;20.85;294.0
20230829:0310;20.65;293.8
20230829:0410;20.5;293.65
20230829:0510;20.4;293.55
20230829:0610;20.3;293.45
20230829:0710;20.3;293.45
20230829:0810;20.5;293.65
20230829:0910;20.9;294.05
20230829:1010;21.25;294.4
20230829:1110;23.1;296.25
20230829:1210;22.95;296.1
20230829:1310;23.7;296.85
20230829:1410;25.5;298.65
20230829:1510;26.55;299.7
20230829:1610;26.35;299.5
20230829:1710;25.95;299.1
20230829:1810;25.75;298.9
20230829:1910;24.75;297.9
20230829:2010;24.35;297.5
20230829:2110;23.6;296.75
20230829:2210;22.75;295.9
20230829:2310;21.75;294.9
20230830:0010;21.35;294.5
20230830:0110;21.25;294.4
20230830:0210;20.5;293.65
20230830:0310;19.9;293.05
20230830:0410;19.5;292.65
20230830:0510;19.4;292.55
20230830:0610;19.15;292.3
20230830:0710;19.15;292.3
20230830:0810;20.65;293.8
20230830:0910;21.3;294.45
20230830:1010;21.7;294.85
20230830:1110;23.3;296.45
20230830:1210;23.65;296.8
20230830:1310;24.9;298.05
20230830:1410;26.15;299.3
20230830:1510;26.65;299.8
20230830:1610;26.05;299.2
20230830:1710;25.65;298.8
20230830:1810;24.25;297.4
20230830:1910;23.35;296.5
20230830:2010;22.9;296.05
20230830:2110;22.2;295.35
20230830:2210;20.95;294.1
20230830:2310;20.25;293.4
20230831:0010;19.25;292.4
20230831:0110;18.6;291.75
20230831:0210;18.15;291.3
20230831:0310;17.95;291.1
20230831:0410;17.6;290.75
20230831:0510;17.35;290.5
20230831:0610;17.2;290.35
20230831:0710;17.0;290.15
20230831:0810;18.3;291.45
20230831:0910;19.1;292.25
20230831:1010;19.65;292.8
20230831:1110;20.1;293.25
20230831:1210;21.0;294.15
20230831:1310;21.8;294.95
20230831:1410;22.55;295.7
20230831:1510;23.4;296.55
20230831:1610;23.25;296.4
20230831:1710;23.45;296.6
20230831:1810;23.2;296.35
20230831:1910;22.75;295.9
20230831:2010;22.0;295.15
20230831:2110;21.6;294.75
20230831:2210;20.65;293.8
20230831:2310;19.55;292.7
20230901:0010;18.9;292.05
20230901:0110;18.6;291.75
20230901:0210;18.25;291.4
20230901:0310;17.75;290.9
20230901:0410;17.55;290.7
20230901:0510;17.45;290.6
20230901:0610;16.6;289.75
20230901:0710;16.55;289.7
20230901:0810;18.2;291.35
20230901:0910;19.55;292.7
20230901:1010;19.75;292.9
20230901:1110;20.85;294.0
20230901:1210;21.85;295.0
20230901:1310;22.3;295.45
20230901:1410;23.05;296.2
20230901:1510;23.65;296.8
20230901:1610;23.65;296.8
20230901:1710;24.35;297.5
20230901:1810;24.25;297.4
20230901:1910;23.2;296.35
20230901:2010;22.15;295.3
20230901:2110;21.15;294.3
20230901:2210;20.35;293.5
20230901:2310;19.55;292.7
20230902:0010;18.8;291.95
20230902:0110;18.3;291.45
20230902:0210;17.95;291.1
20230902:0310;17.4;290.55
20230902:0410;17.5;290.65
20230902:0510;17.25;290.4
20230902:0610;17.15;290.3
20230902:0710;16.85;290.0
20230902:0810;17.9;291.05
20230902:0910;18.35;291.5
20230902:1010;18.65;291.8
20230902:1110;19.35;292.5
20230902:1210;20.05;293.2
20230902:1310;20.75;293.9
20230902:1410;21.1;294.25
20230902:1510;21.55;294.7
20230902:1610;21.1;294.25
20230902:1710;21.05;294.2
20230902:1810;21.25;294.4
20230902:1910;20.7;293.85
20230902:2010;20.05;293.2
20230902:2110;19.35;292.5
20230902:2210;18.4;291.55
20230902:2310;17.8;290.95
20230903:0010;17.55;290.7
20230903:0110;16.7;289.85
20230903:0210;16.3;289.45
20230903:0310;16.2;289.35
20230903:0410;16.35;289.5
20230903:0510;16.45;289.6
20230903:0610;16.7;289.85
20230903:0710;16.35;289.5
20230903:0810;16.85;290.0
20230903:0910;18.25;291.4
20230903:1010;18.85;292.0
20230903:1110;19.95;293.1
20230903:1210;21.05;294.2
20230903:1310;21.8;294.95
20230903:1410;22.45;295.6
20230903:1510;23.65;296.8
20230903:1610;24.15;297.3
20230903:1710;23.7;296.85
20230903:1810;23.65;296.8
20230903:1910;23.15;296.3
20230903:2010;21.55;294.7
20230903:2110;21.0;294.15
20230903:2210;19.3;292.45
20230903:2310;18.55;291.7
20230904:0010;17.9;291.05
20230904:0110;17.5;290.65
20230904:0210;17.1;290.25
20230904:0310;16.8;289.95
20230904:0410;16.85;290.0
20230904:0510;16.55;289.7
20230904:0610;16.5;289.65
20230904:0710;16.4;289.55
20230904:0810;17.85;291.0
20230904:0910;19.05;292.2
20230904:1010;19.6;292.75
20230904:1110;20.9;294.05
20230904:1210;21.6;294.75
20230904:1310;23.4;296.55
20230904:1410;24.15;297.3
20230904:1510;24.35;297.5
20230904:1610;25.6;298.75
20230904:1710;24.3;297.45
20230904:1810;24.15;297.3
20230904:1910;23.45;296.6
20230904:2010;22.4;295.55
20230904:2110;21.1;294.25
20230904:2210;20.25;293.4
20230904:2310;19.6;292.75
20230905:0010;19.15;292.3
20230905:0110;18.85;292.0
20230905:0210;18.2;291.35
20230905:0310;17.45;290.6
20230905:0410;16.9;290.05
20230905:0510;16.65;289.8
20230905:0610;16.5;289.65
20230905:0710;16.05;289.2
20230905:0810;17.3;290.45
20230905:0910;18.9;292.05
20230905:1010;19.45;292.6
20230905:1110;21.3;294.45
20230905:1210;22.3;295.45
20230905:1310;23.5;296.65
20230905:1410;24.25;297.4
20230905:1510;25.15;298.3
20230905:1610;25.25;298.4
20230905:1710;25.0;298.15
20230905:1810;24.75;297.9
20230905:1910;24.5;297.65
20230905:2010;23.35;296.5
20230905:2110;22.3;295.45
20230905:2210;21.5;294.65
20230905:2310;19.9;293.05
20230906:0010;18.75;291.9
20230906:0110;18.2;291.35
20230906:0210;17.8;290.95
20230906:0310;17.3;290.45
20230906:0410;16.95;290.1
20230906:0510;16.8;289.95
20230906:0610;16.45;289.6
20230906:0710;16.35;289.5
20230906:0810;17.25;290.4
20230906:0910;18.45;291.6
20230906:1010;18.7;291.85
20230906:1110;19.9;293.05
20230906:1210;20.55;293.7
20230906:1310;21.0;294.15
20230906:1410;22.2;295.35
20230906:1510;23.5;296.65
20230906:1610;23.35;296.5
20230906:1710;22.85;296.0
20230906:1810;22.6;295.75
20230906:1910;22.1;295.25
20230906:2010;21.1;294.25
20230906:2110;20.45;293.6
20230906:2210;19.45;292.6
20230906:2310;18.6;291.75
20230907:0010;17.6;290.75
20230907:0110;17.25;290.4
20230907:0210;16.95;290.1
20230907:0310;16.35;289.5
20230907:0410;15.85;289.0
20230907:0510;15.7;288.85
20230907:0610;15.7;288.85
20230907:0710;15.85;289.0
20230907:0810;16.9;290.05
20230907:0910;17.95;291.1
20230907:1010;18.6;291.75
20230907:1110;19.3;292.45
20230907:1210;20.6;293.75
20230907:1310;21.45;294.6
20230907:1410;22.45;295.6
20230907:1510;23.4;296.55
20230907:1610;24.35;297.5
20230907:1710;23.35;296.5
20230907:1810;23.1;296.25
20230907:1910;22.45;295.6
20230907:2010;21.55;294.7
20230907:2110;20.9;294.05
20230907:2210;20.0;293.15
20230907:2310;19.2;292.35
20230908:0010;18.55;291.7
20230908:0110;18.0;291.15
20230908:0210;17.5;290.65
20230908:0310;17.0;290.15
20230908:0410;16.7;289.85
20230908:0510;16.5;289.65
20230908:0610;16.3;289.45
20230908:0710;16.05;289.2
20230908:0810;17.3;290.45
20230908:0910;18.65;291.8
20230908:1010;19.55;292.7
20230908:1110;20.9;294.05
20230908:1210;22.35;295.5
20230908:1310;23.7;296.85
20230908:1410;24.3;297.45
20230908:1510;24.6;297.75
20230908:1610;25.35;298.5
20230908:1710;24.35;297.5
20230908:1810;24.15;297.3
20230908:1910;23.6;296.75
20230908:2010;22.75;295.9
20230908:2110;21.0;294.15
20230908:2210;19.95;293.1
20230908:2310;18.85;292.0
20230909:0010;18.0;291.15
20230909:0110;17.65;290.8
20230909:0210;17.6;290.75
20230909:0310;16.8;289.95
20230909:0410;16.25;289.4
20230909:0510;15.8;288.95
20230909:0610;15.45;288.6
20230909:0710;15.35;288.5
20230909:0810;17.75;290.9
20230909:0910;18.6;291.75
20230909:1010;18.9;292.05
20230909:1110;20.45;293.6
20230909:1210;21.85;295.0
20230909:1310;23.15;296.3
20230909:1410;24.3;297.45
20230909:1510;25.1;298.25
20230909:1610;26.2;299.35
20230909:1710;25.45;298.6
20230909:1810;25.1;298.25
20230909:1910;24.3;297.45
20230909:2010;23.4;296.55
20230909:2110;22.05;295.2
20230909:2210;20.55;293.7
20230909:2310;19.35;292.5
20230910:0010;18.55;291.7
20230910:0110;18.3;291.45
20230910:0210;17.85;291.0
20230910:0310;17.5;290.65
20230910:0410;17.1;290.25
20230910:0510;16.8;289.95
20230910:0610;16.6;289.75
20230910:0710;16.6;289.75
20230910:0810;17.9;291.05
20230910:0910;18.95;292.1
20230910:1010;19.5;292.65
20230910:1110;20.8;293.95
20230910:1210;22.6;295.75
20230910:1310;23.2;296.35
20230910:1410;23.3;296.45
20230910:1510;23.8;296.95
20230910:1610;23.8;296.95
20230910:1710;23.1;296.25
20230910:1810;22.45;295.6
20230910:1910;21.45;294.6
20230910:2010;20.7;293.85
20230910:2110;20.35;293.5
20230910:2210;19.95;293.1
20230910:2310;18.9;292.05
20230911:0010;17.9;291.05
20230911:0110;17.35;290.5
20230911:0210;17.05;290.2
20230911:0310;16.8;289.95
20230911:0410;16.9;290.05
20230911:0510;16.8;289.95
20230911:0610;16.65;289.8
20230911:0710;16.45;289.6
20230911:0810;16.85;290.0
20230911:0910;17.9;291.05
20230911:1010;19.15;292.3
20230911:1110;20.75;293.9
20230911:1210;21.5;294.65
20230911:1310;22.55;295.7
20230911:1410;23.55;296.7
20230911:1510;24.75;297.9
20230911:1610;25.75;298.9
20230911:1710;24.65;297.8
20230911:1810;24.15;297.3
20230911:1910;23.65;296.8
20230911:2010;22.6;295.75
20230911:2110;21.6;294.75
20230911:2210;20.85;294.0
20230911:2310;19.95;293.1
20230912:0010;19.4;292.55
20230912:0110;19.0;292.15
20230912:0210;18.7;291.85
20230912:0310;18.5;291.65
20230912:0410;18.4;291.55
20230912:0510;18.25;291.4
20230912:0610;17.75;290.9
20230912:0710;17.65;290.8
20230912:0810;18.55;291.7
20230912:0910;19.25;292.4
20230912:1010;20.4;293.55
20230912:1110;21.8;294.95
20230912:1210;22.9;296.05
20230912:1310;23.3;296.45
20230912:1410;23.85;297.0
20230912:1510;24.8;297.95
20230912:1610;25.2;298.35
20230912:1710;24.4;297.55
20230912:1810;23.85;297.0
20230912:1910;23.25;296.4
20230912:2010;22.3;295.45
20230912:2110;21.55;294.7
20230912:2210;20.55;293.7
20230912:2310;20.2;293.35
20230913:0010;19.75;292.9
20230913:0110;19.4;292.55
20230913:0210;19.4;292.55
20230913:0310;19.4;292.55
20230913:0410;19.3;292.45
20230913:0510;19.15;292.3
20230913:0610;19.05;292.2
20230913:0710;19.05;292.2
20230913:0810;19.7;292.85
20230913:0910;21.0;294.15
20230913:1010;22.2;295.35
20230913:1110;23.25;296.4
20230913:1210;24.2;297.35
20230913:1310;24.6;297.75
20230913:1410;25.25;298.4
20230913:1510;25.9;299.05
20230913:1610;26.05;299.2
20230913:1710;26.05;299.2
20230913:1810;25.7;298.85
20230913:1910;24.2;297.35
20230913:2010;23.3;296.45
20230913:2110;22.1;295.25
20230913:2210;21.15;294.3
20230913:2310;20.25;293.4
20230914:0010;19.65;292.8
20230914:0110;19.3;292.45
20230914:0210;18.65;291.8
20230914:0310;18.4;291.55
20230914:0410;18.05;291.2
20230914:0510;17.7;290.85
20230914:0610;17.65;290.8
20230914:0710;17.65;290.8
20230914:0810;17.6;290.75
20230914:0910;18.45;291.6
20230914:1010;19.4;292.55
20230914:1110;20.4;293.55
20230914:1210;21.4;294.55
20230914:1310;22.3;295.45
20230914:1410;22.45;295.6
20230914:1510;23.5;296.65
20230914:1610;24.35;297.5
20230914:1710;22.8;295.95
20230914:1810;22.4;295.55
20230914:1910;21.65;294.8
20230914:2010;20.95;294.1
20230914:2110;20.2;293.35
20230914:2210;19.65;292.8
20230914:2310;19.1;292.25
20230915:0010;18.6;291.75
20230915:0110;18.45;291.6
20230915:0210;18.1;291.25
20230915:0310;17.8;290.95
20230915:0410;17.5;290.65
20230915:0510;17.15;290.3
20230915:0610;16.9;290.05
20230915:0710;16.65;289.8
20230915:0810;17.6;290.75
20230915:0910;18.3;291.45
20230915:1010;19.25;292.4
20230915:1110;20.4;293.55
20230915:1210;21.15;294.3
20230915:1310;21.95;295.1
20230915:1410;22.8;295.95
20230915:1510;23.25;296.4
20230915:1610;24.05;297.2
20230915:1710;23.9;297.05
20230915:1810;23.75;296.9
20230915:1910;23.25;296.4
20230915:2010;22.15;295.3
20230915:2110;21.45;294.6
20230915:2210;20.25;293.4
20230915:2310;19.75;292.9
20230916:0010;20.05;293.2
20230916:0110;19.55;292.7
20230916:0210;19.4;292.55
20230916:0310;19.25;292.4
20230916:0410;18.3;291.45
20230916:0510;18.15;291.3
20230916:0610;18.05;291.2
20230916:0710;17.65;290.8
20230916:0810;18.0;291.15
20230916:0910;18.6;291.75
20230916:1010;19.8;292.95
20230916:1110;21.0;294.15
20230916:1210;21.9;295.05
20230916:1310;22.8;295.95
20230916:1410;23.5;296.65
20230916:1510;24.1;297.25
20230916:1610;24.8;297.95
20230916:1710;24.2;297.35
20230916:1810;23.8;296.95
20230916:1910;23.05;296.2
20230916:2010;21.9;295.05
20230916:2110;20.95;294.1
20230916:2210;20.3;293.45
20230916:2310;19.55;292.7
20230917:0010;19.0;292.15
20230917:0110;18.65;291.8
20230917:0210;18.2;291.35
20230917:0310;17.6;290.75
20230917:0410;17.25;290.4
20230917:0510;16.75;289.9
20230917:0610;16.35;289.5
20230917:0710;16.15;289.3
20230917:0810;16.75;289.9
20230917:0910;17.3;290.45
20230917:1010;18.0;291.15
20230917:1110;18.1;291.25
20230917:1210;18.8;291.95
20230917:1310;19.0;292.15
20230917:1410;19.2;292.35
20230917:1510;19.8;292.95
20230917:1610;19.4;292.55
20230917:1710;19.25;292.4
20230917:1810;19.25;292.4
20230917:1910;18.75;291.9
20230917:2010;18.1;291.25
20230917:2110;17.45;290.6
20230917:2210;17.2;290.35
20230917:2310;16.7;289.85
20230918:0010;16.3;289.45
20230918:0110;16.55;289.7
20230918:0210;16.3;289.45
20230918:0310;15.9;289.05
20230918:0410;15.75;288.9
20230918:0510;15.7;288.85
20230918:0610;15.55;288.7
20230918:0710;15.75;288.9
20230918:0810;16.05;289.2
20230918:0910;16.9;290.05
20230918:1010;17.1;290.25
20230918:1110;18.7;291.85
20230918:1210;18.55;291.7
20230918:1310;19.35;292.5
20230918:1410;19.7;292.85
20230918:1510;20.35;293.5
20230918:1610;20.5;293.65
20230918:1710;20.55;293.7
20230918:1810;20.15;293.3
20230918:1910;20.0;293.15
20230918:2010;19.15;292.3
20230918:2110;18.15;291.3
20230918:2210;17.6;290.75
20230918:2310;17.0;290.15
20230919:0010;16.5;289.65
20230919:0110;16.4;289.55
20230919:0210;15.45;288.6
20230919:0310;15.8;288.95
20230919:0410;15.55;288.7
20230919:0510;14.75;287.9
20230919:0610;14.9;288.05
20230919:0710;14.7;287.85
20230919:0810;15.1;288.25
20230919:0910;15.55;288.7
20230919:1010;16.0;289.15
20230919:1110;17.95;291.1
20230919:1210;18.8;291.95
20230919:1310;19.35;292.5
20230919:1410;20.1;293.25
20230919:1510;20.4;293.55
20230919:1610;20.55;293.7
20230919:1710;19.7;292.85
20230919:1810;19.25;292.4
20230919:1910;18.45;291.6
20230919:2010;17.85;291.0
20230919:2110;17.45;290.6
20230919:2210;16.55;289.7
20230919:2310;16.25;289.4
20230920:0010;15.8;288.95
20230920:0110;15.4;288.55
20230920:0210;14.65;287.8
20230920:0310;14.45;287.6
20230920:0410;14.15;287.3
20230920:0510;13.8;286.95
20230920:0610;13.45;286.6
20230920:0710;13.45;286.6
20230920:0810;13.65;286.8
20230920:0910;14.25;287.4
20230920:1010;15.7;288.85
20230920:1110;17.05;290.2
20230920:1210;17.85;291.0
20230920:1310;18.5;291.65
20230920:1410;18.8;291.95
20230920:1510;19.0;292.15
20230920:1610;19.45;292.6
20230920:1710;19.5;292.65
20230920:1810;19.1;292.25
20230920:1910;18.45;291.6
20230920:2010;17.8;290.95
20230920:2110;17.15;290.3
20230920:2210;16.3;289.45
20230920:2310;15.7;288.85
20230921:0010;15.15;288.3
20230921:0110;14.6;287.75
20230921:0210;14.25;287.4
20230921:0310;13.8;286.95
20230921:0410;13.45;286.6
20230921:0510;13.45;286.6
20230921:0610;13.4;286.55
20230921:0710;12.95;286.1
20230921:0810;13.55;286.7
20230921:0910;14.15;287.3
20230921:1010;15.4;288.55
20230921:1110;16.3;289.45
20230921:1210;18.25;291.4
20230921:1310;19.45;292.6
20230921:1410;20.65;293.8
20230921:1510;21.6;294.75
20230921:1610;22.2;295.35
20230921:1710;21.05;294.2
20230921:1810;20.55;293.7
20230921:1910;19.5;292.65
20230921:2010;18.55;291.7
20230921:2110;17.7;290.85
20230921:2210;17.0;290.15
20230921:2310;16.65;289.8
20230922:0010;15.7;288.85
20230922:0110;15.4;288.55
20230922:0210;15.2;288.35
20230922:0310;14.85;288.0
20230922:0410;13.75;286.9
20230922:0510;13.55;286.7
20230922:0610;13.45;286.6
20230922:0710;13.4;286.55
20230922:0810;13.55;286.7
20230922:0910;13.95;287.1
20230922:1010;15.2;288.35
20230922:1110;16.4;289.55
20230922:1210;17.2;290.35
20230922:1310;18.1;291.25
20230922:1410;18.85;292.0
20230922:1510;19.25;292.4
20230922:1610;19.8;292.95
20230922:1710;19.45;292.6
20230922:1810;19.0;292.15
20230922:1910;18.1;291.25
20230922:2010;17.4;290.55
20230922:2110;17.15;290.3
20230922:2210;16.9;290.05
20230922:2310;16.55;289.7
20230923:0010;16.05;289.2
20230923:0110;15.55;288.7
20230923:0210;15.3;288.45
20230923:0310;15.0;288.15
20230923:0410;14.55;287.7
20230923:0510;14.25;287.4
20230923:0610;13.6;286.75
20230923:0710;13.3;286.45
20230923:0810;14.1;287.25
20230923:0910;14.7;287.85
20230923:1010;15.75;288.9
20230923:1110;16.75;289.9
20230923:1210;17.85;291.0
20230923:1310;18.45;291.6
20230923:1410;19.15;292.3
20230923:1510;19.9;293.05
20230923:1610;19.65;292.8
20230923:1710;19.45;292.6
20230923:1810;18.75;291.9
20230923:1910;17.95;291.1
20230923:2010;17.55;290.7
20230923:2110;17.1;290.25
20230923:2210;16.5;289.65
20230923:2310;16.25;289.4
20230924:0010;16.25;289.4
20230924:0110;15.95;289.1
20230924:0210;15.5;288.65
20230924:0310;15.1;288.25
20230924:0410;14.3;287.45
20230924:0510;13.95;287.1
20230924:0610;13.75;286.9
20230924:0710;13.65;286.8
20230924:0810;14.05;287.2
20230924:0910;15.3;288.45
20230924:1010;16.4;289.55
20230924:1110;15.6;288.75
20230924:1210;15.7;288.85
20230924:1310;16.45;289.6
20230924:1410;16.9;290.05
20230924:1510;17.7;290.85
20230924:1610;17.95;291.1
20230924:1710;18.15;291.3
20230924:1810;17.8;290.95
20230924:1910;17.4;290.55
20230924:2010;17.25;290.4
20230924:2110;17.0;290.15
20230924:2210;16.15;289.3
20230924:2310;15.5;288.65
20230925:0010;15.1;288.25
20230925:0110;14.8;287.95
20230925:0210;14.45;287.6
20230925:0310;13.95;287.1
20230925:0410;13.65;286.8
20230925:0510;13.5;286.65
20230925:0610;13.15;286.3
20230925:0710;12.95;286.1
20230925:0810;13.45;286.6
20230925:0910;14.6;287.75
20230925:1010;15.55;288.7
20230925:1110;16.2;289.35
20230925:1210;17.1;290.25
20230925:1310;17.55;290.7
20230925:1410;18.45;291.6
20230925:1510;18.9;292.05
20230925:1610;19.0;292.15
20230925:1710;18.8;291.95
20230925:1810;18.75;291.9
20230925:1910;18.1;291.25
20230925:2010;17.4;290.55
20230925:2110;16.75;289.9
20230925:2210;16.05;289.2
20230925:2310;15.55;288.7
20230926:0010;15.1;288.25
20230926:0110;14.75;287.9
20230926:0210;14.6;287.75
20230926:0310;14.3;287.45
20230926:0410;13.85;287.0
20230926:0510;13.7;286.85
20230926:0610;13.7;286.85
20230926:0710;13.5;286.65
20230926:0810;13.8;286.95
20230926:0910;14.4;287.55
20230926:1010;15.2;288.35
20230926:1110;16.4;289.55
20230926:1210;17.55;290.7
20230926:1310;18.3;291.45
20230926:1410;19.3;292.45
20230926:1510;20.5;293.65
20230926:1610;20.25;293.4
20230926:1710;19.55;292.7
20230926:1810;19.55;292.7
20230926:1910;19.0;292.15
20230926:2010;18.2;291.35
20230926:2110;17.45;290.6
20230926:2210;16.7;289.85
20230926:2310;16.05;289.2
20230927:0010;15.15;288.3
20230927:0110;14.6;287.75
20230927:0210;14.2;287.35
20230927:0310;13.65;286.8
20230927:0410;13.25;286.4
20230927:0510;12.8;285.95
20230927:0610;12.5;285.65
20230927:0710;12.75;285.9
20230927:0810;13.0;286.15
20230927:0910;14.0;287.15
20230927:1010;15.15;288.3
20230927:1110;16.55;289.7
20230927:1210;17.25;290.4
20230927:1310;18.15;291.3
20230927:1410;18.6;291.75
20230927:1510;18.9;292.05
20230927:1610;19.05;292.2
20230927:1710;18.85;292.0
20230927:1810;18.75;291.9
20230927:1910;18.6;291.75
20230927:2010;18.1;291.25
20230927:2110;17.15;290.3
20230927:2210;16.55;289.7
20230927:2310;16.05;289.2
20230928:0010;15.35;288.5
20230928:0110;14.8;287.95
20230928:0210;14.85;288.0
20230928:0310;14.7;287.85
20230928:0410;14.25;287.4
20230928:0510;13.95;287.1
20230928:0610;13.7;286.85
20230928:0710;13.25;286.4
20230928:0810;13.25;286.4
20230928:0910;14.45;287.6
20230928:1010;15.7;288.85
20230928:1110;17.25;290.4
20230928:1210;18.25;291.4
20230928:1310;19.05;292.2
20230928:1410;19.55;292.7
20230928:1510;20.1;293.25
20230928:1610;20.1;293.25
20230928:1710;19.45;292.6
20230928:1810;18.65;291.8
20230928:1910;18.0;291.15
20230928:2010;17.15;290.3
20230928:2110;16.5;289.65
20230928:2210;15.65;288.8
20230928:2310;15.1;288.25
20230929:0010;14.95;288.1
20230929:0110;14.55;287.7
20230929:0210;13.95;287.1
20230929:0310;13.4;286.55
20230929:0410;12.55;285.7
20230929:0510;12.0;285.15
20230929:0610;11.85;285.0
20230929:0710;11.5;284.65
20230929:0810;11.7;284.85
20230929:0910;12.45;285.6
20230929:1010;13.4;286.55
20230929:1110;14.75;287.9
20230929:1210;15.4;288.55
20230929:1310;16.2;289.35
20230929:1410;16.9;290.05
20230929:1510;17.05;290.2
20230929:1610;17.2;290.35
20230929:1710;17.05;290.2
20230929:1810;16.35;289.5
20230929:1910;15.7;288.85
20230929:2010;15.1;288.25
20230929:2110;14.55;287.7
20230929:2210;14.1;287.25
20230929:2310;13.75;286.9
20230930:0010;13.4;286.55
20230930:0110;13.15;286.3
20230930:0210;13.2;286.35
20230930:0310;13.2;286.35
20230930:0410;12.85;286.0
20230930:0510;12.45;285.6
20230930:0610;12.25;285.4
20230930:0710;11.95;285.1
20230930:0810;12.1;285.25
20230930:0910;12.85;286.0
20230930:1010;14.05;287.2
20230930:1110;14.55;287.7
20230930:1210;14.9;288.05
20230930:1310;15.7;288.85
20230930:1410;16.25;289.4
20230930:1510;17.0;290.15
20230930:1610;17.15;290.3
20230930:1710;16.9;290.05
20230930:1810;16.55;289.7
20230930:1910;15.75;288.9
20230930:2010;15.2;288.35
20230930:2110;14.35;287.5
20230930:2210;13.8;286.95
20230930:2310;13.35;286.5
20231001:0010;12.75;285.9
20231001:0110;12.15;285.3
20231001:0210;11.95;285.1
20231001:0310;11.75;284.9
20231001:0410;12.05;285.2
20231001:0510;11.9;285.05
20231001:0610;11.75;284.9
20231001:0710;11.85;285.0
20231001:0810;12.35;285.5
20231001:0910;13.25;286.4
20231001:1010;14.65;287.8
20231001:1110;15.6;288.75
20231001:1210;16.1;289.25
20231001:1310;17.1;290.25
20231001:1410;18.05;291.2
20231001:1510;18.7;291.85
20231001:1610;18.9;292.05
20231001:1710;18.6;291.75
20231001:1810;18.05;291.2
20231001:1910;16.4;289.55
20231001:2010;15.65;288.8
20231001:2110;15.25;288.4
20231001:2210;14.65;287.8
20231001:2310;14.2;287.35
20231002:0010;13.6;286.75
20231002:0110;13.3;286.45
20231002:0210;13.2;286.35
20231002:0310;12.95;286.1
20231002:0410;12.35;285.5
20231002:0510;12.45;285.6
20231002:0610;12.7;285.85
20231002:0710;12.45;285.6
20231002:0810;12.55;285.7
20231002:0910;13.0;286.15
20231002:1010;14.65;287.8
20231002:1110;15.4;288.55
20231002:1210;16.2;289.35
20231002:1310;16.35;289.5
20231002:1410;16.85;290.0
20231002:1510;16.9;290.05
20231002:1610;16.15;289.3
20231002:1710;15.95;289.1
20231002:1810;15.95;289.1
20231002:1910;15.5;288.65
20231002:2010;15.05;288.2
20231002:2110;14.95;288.1
20231002:2210;14.0;287.15
20231002:2310;13.5;286.65
20231003:0010;13.3;286.45
20231003:0110;13.1;286.25
20231003:0210;13.05;286.2
20231003:0310;12.7;285.85
20231003:0410;12.65;285.8
20231003:0510;12.5;285.65
20231003:0610;12.2;285.35
20231003:0710;12.25;285.4
20231003:0810;12.65;285.8
20231003:0910;13.1;286.25
20231003:1010;13.6;286.75
20231003:1110;14.1;287.25
20231003:1210;14.9;288.05
20231003:1310;15.05;288.2
20231003:1410;15.4;288.55
20231003:1510;16.0;289.15
20231003:1610;15.4;288.55
20231003:1710;14.7;287.85
20231003:1810;14.25;287.4
20231003:1910;13.7;286.85
20231003:2010;13.55;286.7
20231003:2110;13.65;286.8
20231003:2210;13.8;286.95
20231003:2310;13.6;286.75
20231004:0010;13.25;286.4
20231004:0110;13.1;286.25
20231004:0210;12.8;285.95
20231004:0310;12.55;285.7
20231004:0410;12.0;285.15
20231004:0510;11.9;285.05
20231004:0610;11.95;285.1
20231004:0710;11.7;284.85
20231004:0810;12.0;285.15
20231004:0910;12.6;285.75
20231004:1010;13.5;286.65
20231004:1110;14.3;287.45
20231004:1210;15.1;288.25
20231004:1310;15.65;288.8
20231004:1410;16.55;289.7
20231004:1510;17.25;290.4
20231004:1610;17.5;290.65
20231004:1710;17.25;290.4
20231004:1810;16.9;290.05
20231004:1910;16.2;289.35
20231004:2010;15.25;288.4
20231004:2110;14.2;287.35
20231004:2210;13.5;286.65
20231004:2310;13.1;286.25
20231005:0010;13.05;286.2
20231005:0110;12.65;285.8
20231005:0210;12.55;285.7
20231005:0310;12.15;285.3
20231005:0410;11.85;285.0
20231005:0510;11.8;284.95
20231005:0610;11.55;284.7
20231005:0710;11.55;284.7
20231005:0810;11.8;284.95
20231005:0910;12.25;285.4
20231005:1010;12.45;285.6
20231005:1110;14.55;287.7
20231005:1210;16.0;289.15
20231005:1310;17.2;290.35
20231005:1410;18.2;291.35
20231005:1510;17.8;290.95
20231005:1610;17.5;290.65
20231005:1710;17.15;290.3
20231005:1810;16.6;289.75
20231005:1910;15.75;288.9
20231005:2010;15.4;288.55
20231005:2110;14.95;288.1
20231005:2210;14.85;288.0
20231005:2310;14.15;287.3
20231006:0010;13.7;286.85
20231006:0110;13.2;286.35
20231006:0210;12.55;285.7
20231006:0310;12.1;285.25
20231006:0410;11.7;284.85
20231006:0510;11.15;284.3
20231006:0610;11.0;284.15
20231006:0710;10.65;283.8
20231006:0810;10.85;284.0
20231006:0910;11.7;284.85
20231006:1010;13.15;286.3
20231006:1110;13.7;286.85
20231006:1210;13.5;286.65
20231006:1310;13.35;286.5
20231006:1410;13.6;286.75
20231006:1510;13.9;287.05
20231006:1610;14.05;287.2
20231006:1710;13.7;286.85
20231006:1810;13.65;286.8
20231006:1910;13.2;286.35
20231006:2010;12.65;285.8
20231006:2110;12.3;285.45
20231006:2210;12.0;285.15
20231006:2310;11.5;284.65
20231007:0010;11.25;284.4
20231007:0110;11.1;284.25
20231007:0210;10.8;283.95
20231007:0310;10.8;283.95
20231007:0410;10.75;283.9
20231007:0510;11.0;284.15
20231007:0610;10.95;284.1
20231007:0710;11.25;284.4
20231007:0810;11.45;284.6
20231007:0910;11.9;285.05
20231007:1010;12.6;285.75
20231007:1110;13.65;286.8
20231007:1210;13.95;287.1
20231007:1310;14.15;287.3
20231007:1410;14.35;287.5
20231007:1510;14.9;288.05
20231007:1610;15.1;288.25
20231007:1710;15.25;288.4
20231007:1810;15.15;288.3
20231007:1910;14.55;287.7
20231007:2010;14.25;287.4
20231007:2110;13.9;287.05
20231007:2210;13.75;286.9
20231007:2310;13.55;286.7
20231008:0010;13.3;286.45
20231008:0110;13.0;286.15
20231008:0210;12.4;285.55
20231008:0310;12.3;285.45
20231008:0410;12.1;285.25
20231008:0510;11.85;285.0
20231008:0610;11.8;284.95
20231008:0710;11.65;284.8
20231008:0810;11.65;284.8
20231008:0910;12.3;285.45
20231008:1010;13.25;286.4
20231008:1110;14.15;287.3
20231008:1210;15.5;288.65
20231008:1310;15.45;288.6
20231008:1410;16.6;289.75
20231008:1510;17.3;290.45
20231008:1610;16.95;290.1
20231008:1710;16.9;290.05
20231008:1810;16.4;289.55
20231008:1910;15.95;289.1
20231008:2010;15.3;288.45
20231008:2110;14.4;287.55
20231008:2210;13.7;286.85
20231008:2310;13.05;286.2
20231009:0010;12.8;285.95
20231009:0110;12.35;285.5
20231009:0210;12.1;285.25
20231009:0310;12.1;285.25
20231009:0410;12.1;285.25
20231009:0510;11.95;285.1
20231009:0610;11.7;284.85
20231009:0710;11.3;284.45
20231009:0810;11.55;284.7
20231009:0910;12.35;285.5
20231009:1010;13.1;286.25
20231009:1110;14.05;287.2
20231009:1210;14.95;288.1
20231009:1310;15.6;288.75
20231009:1410;16.3;289.45
20231009:1510;16.2;289.35
20231009:1610;16.05;289.2
20231009:1710;16.15;289.3
20231009:1810;15.8;288.95
20231009:1910;15.25;288.4
20231009:2010;14.85;288.0
20231009:2110;14.35;287.5
20231009:2210;13.75;286.9
20231009:2310;13.45;286.6
20231010:0010;13.55;286.7
20231010:0110;13.5;286.65
20231010:0210;13.45;286.6
20231010:0310;13.3;286.45
20231010:0410;13.1;286.25
20231010:0510;12.9;286.05
20231010:0610;12.4;285.55
20231010:0710;12.5;285.65
20231010:0810;12.7;285.85
20231010:0910;13.65;286.8
20231010:1010;14.6;287.75
20231010:1110;15.7;288.85
20231010:1210;16.9;290.05
20231010:1310;17.85;291.0
20231010:1410;17.75;290.9
20231010:1510;17.65;290.8
20231010:1610;15.9;289.05
20231010:1710;16.05;289.2
20231010:1810;14.9;288.05
20231010:1910;14.65;287.8
20231010:2010;14.4;287.55
20231010:2110;13.9;287.05
20231010:2210;13.75;286.9
20231010:2310;13.7;286.85
20231011:0010;13.9;287.05
20231011:0110;13.6;286.75
20231011:0210;13.55;286.7
20231011:0310;13.45;286.6
20231011:0410;13.15;286.3
20231011:0510;13.25;286.4
20231011:0610;13.25;286.4
20231011:0710;13.45;286.6
20231011:0810;13.15;286.3
20231011:0910;14.0;287.15
20231011:1010;14.75;287.9
20231011:1110;16.15;289.3
20231011:1210;16.7;289.85
20231011:1310;17.65;290.8
20231011:1410;18.2;291.35
20231011:1510;17.95;291.1
20231011:1610;18.6;291.75
20231011:1710;18.35;291.5
20231011:1810;17.7;290.85
20231011:1910;16.65;289.8
20231011:2010;15.95;289.1
20231011:2110;15.3;288.45
20231011:2210;14.75;287.9
20231011:2310;14.15;287.3
20231012:0010;13.5;286.65
20231012:0110;12.9;286.05
20231012:0210;12.15;285.3
20231012:0310;11.75;284.9
20231012:0410;11.35;284.5
20231012:0510;11.05;284.2
20231012:0610;10.75;283.9
20231012:0710;10.55;283.7
20231012:0810;10.9;284.05
20231012:0910;11.35;284.5
20231012:1010;12.25;285.4
20231012:1110;12.35;285.5
20231012:1210;13.4;286.55
20231012:1310;14.25;287.4
20231012:1410;15.1;288.25
20231012:1510;15.3;288.45
20231012:1610;15.3;288.45
20231012:1710;15.15;288.3
20231012:1810;14.6;287.75
20231012:1910;14.25;287.4
20231012:2010;13.8;286.95
20231012:2110;13.35;286.5
20231012:2210;13.0;286.15
20231012:2310;12.65;285.8
20231013:0010;12.7;285.85
20231013:0110;12.4;285.55
20231013:0210;11.95;285.1
20231013:0310;11.3;284.45
20231013:0410;11.45;284.6
20231013:0510;11.2;284.35
20231013:0610;11.2;284.35
20231013:0710;11.05;284.2
20231013:0810;11.35;284.5
20231013:0910;11.35;284.5
20231013:1010;11.75;284.9
20231013:1110;12.65;285.8
20231013:1210;13.05;286.2
20231013:1310;14.55;287.7
20231013:1410;14.85;288.0
20231013:1510;15.15;288.3
20231013:1610;15.05;288.2
20231013:1710;15.2;288.35
20231013:1810;14.5;287.65
20231013:1910;13.8;286.95
20231013:2010;13.4;286.55
20231013:2110;13.05;286.2
20231013:2210;12.7;285.85
20231013:2310;12.25;285.4
20231014:0010;11.95;285.1
20231014:0110;11.65;284.8
20231014:0210;11.3;284.45
20231014:0310;11.05;284.2
20231014:0410;10.75;283.9
20231014:0510;10.6;283.75
20231014:0610;10.85;284.0
20231014:0710;10.7;283.85
20231014:0810;10.85;284.0
20231014:0910;11.05;284.2
20231014:1010;11.7;284.85
20231014:1110;12.35;285.5
20231014:1210;13.45;286.6
20231014:1310;14.05;287.2
20231014:1410;14.75;287.9
20231014:1510;16.35;289.5
20231014:1610;15.85;289.0
20231014:1710;15.75;288.9
20231014:1810;15.55;288.7
20231014:1910;14.95;288.1
20231014:2010;14.6;287.75
20231014:2110;14.3;287.45
20231014:2210;13.6;286.75
20231014:2310;13.15;286.3
20231015:0010;12.9;286.05
20231015:0110;12.65;285.8
20231015:0210;12.75;285.9
20231015:0310;12.4;285.55
20231015:0410;12.15;285.3
20231015:0510;12.4;285.55
20231015:0610;12.1;285.25
20231015:0710;11.6;284.75
20231015:0810;11.65;284.8
20231015:0910;12.15;285.3
20231015:1010;12.6;285.75
20231015:1110;13.0;286.15
20231015:1210;14.2;287.35
20231015:1310;14.8;287.95
20231015:1410;15.05;288.2
20231015:1510;15.6;288.75
20231015:1610;15.25;288.4
20231015:1710;15.0;288.15
20231015:1810;14.3;287.45
20231015:1910;13.65;286.8
20231015:2010;13.35;286.5
20231015:2110;13.15;286.3
20231015:2210;12.85;286.0
20231015:2310;12.2;285.35
20231016:0010;12.3;285.45
20231016:0110;12.6;285.75
20231016:0210;12.55;285.7
20231016:0310;12.05;285.2
20231016:0410;12.35;285.5
20231016:0510;12.3;285.45
20231016:0610;11.6;284.75
20231016:0710;11.15;284.3
20231016:0810;11.15;284.3
20231016:0910;11.45;284.6
20231016:1010;12.2;285.35
20231016:1110;13.0;286.15
20231016:1210;13.45;286.6
20231016:1310;14.35;287.5
20231016:1410;15.2;288.35
20231016:1510;16.55;289.7
20231016:1610;16.4;289.55
20231016:1710;16.05;289.2
20231016:1810;15.2;288.35
20231016:1910;14.6;287.75
20231016:2010;13.6;286.75
20231016:2110;13.0;286.15
20231016:2210;12.6;285.75
20231016:2310;12.3;285.45
20231017:0010;12.05;285.2
20231017:0110;11.35;284.5
20231017:0210;10.5;283.65
20231017:0310;9.85;283.0
20231017:0410;9.7;282.85
20231017:0510;9.8;282.95
20231017:0610;9.9;283.05
20231017:0710;9.75;282.9
20231017:0810;9.6;282.75
20231017:0910;9.8;282.95
20231017:1010;10.15;283.3
20231017:1110;10.7;283.85
20231017:1210;11.7;284.85
20231017:1310;12.65;285.8
20231017:1410;13.15;286.3
20231017:1510;13.55;286.7
20231017:1610;13.9;287.05
20231017:1710;13.9;287.05
20231017:1810;13.3;286.45
20231017:1910;12.75;285.9
20231017:2010;12.7;285.85
20231017:2110;12.5;285.65
20231017:2210;12.55;285.7
20231017:2310;12.75;285.9
20231018:0010;12.8;285.95
20231018:0110;12.45;285.6
20231018:0210;12.35;285.5
20231018:0310;12.3;285.45
20231018:0410;11.9;285.05
20231018:0510;11.45;284.6
20231018:0610;11.4;284.55
20231018:0710;11.6;284.75
20231018:0810;11.6;284.75
20231018:0910;12.05;285.2
20231018:1010;12.05;285.2
20231018:1110;12.7;285.85
20231018:1210;13.25;286.4
20231018:1310;14.0;287.15
20231018:1410;14.3;287.45
20231018:1510;14.35;287.5
20231018:1610;14.5;287.65
20231018:1710;14.7;287.85
20231018:1810;14.05;287.2
20231018:1910;13.3;286.45
20231018:2010;12.05;285.2
20231018:2110;11.55;284.7
20231018:2210;11.6;284.75
20231018:2310;11.15;284.3
20231019:0010;10.75;283.9
20231019:0110;10.65;283.8
20231019:0210;10.55;283.7
20231019:0310;10.6;283.75
20231019:0410;10.8;283.95
20231019:0510;10.7;283.85
20231019:0610;10.5;283.65
20231019:0710;10.65;283.8
20231019:0810;10.75;283.9
20231019:0910;10.95;284.1
20231019:1010;11.2;284.35
20231019:1110;11.35;284.5
20231019:1210;11.9;285.05
20231019:1310;12.9;286.05
20231019:1410;13.8;286.95
20231019:1510;15.25;288.4
20231019:1610;15.65;288.8
20231019:1710;15.7;288.85
20231019:1810;14.8;287.95
20231019:1910;13.65;286.8
20231019:2010;13.3;286.45
20231019:2110;12.55;285.7
20231019:2210;11.9;285.05
20231019:2310;11.7;284.85
20231020:0010;11.0;284.15
20231020:0110;10.65;283.8
20231020:0210;10.25;283.4
20231020:0310;10.05;283.2
20231020:0410;9.8;282.95
20231020:0510;9.6;282.75
20231020:0610;9.1;282.25
20231020:0710;9.05;282.2
20231020:0810;9.45;282.6
20231020:0910;10.4;283.55
20231020:1010;11.2;284.35
20231020:1110;12.15;285.3
20231020:1210;12.75;285.9
20231020:1310;13.6;286.75
20231020:1410;14.3;287.45
20231020:1510;15.4;288.55
20231020:1610;15.8;288.95
20231020:1710;15.2;288.35
20231020:1810;14.4;287.55
20231020:1910;13.9;287.05
20231020:2010;13.05;286.2
20231020:2110;12.6;285.75
20231020:2210;12.35;285.5
20231020:2310;12.1;285.25
20231021:0010;11.75;284.9
20231021:0110;11.4;284.55
20231021:0210;10.95;284.1
20231021:0310;10.65;283.8
20231021:0410;10.35;283.5
20231021:0510;10.05;283.2
20231021:0610;9.7;282.85
20231021:0710;9.85;283.0
20231021:0810;9.9;283.05
20231021:0910;9.95;283.1
20231021:1010;11.1;284.25
20231021:1110;11.85;285.0
20231021:1210;12.35;285.5
20231021:1310;13.1;286.25
20231021:1410;14.45;287.6
20231021:1510;16.15;289.3
20231021:1610;16.05;289.2
20231021:1710;16.0;289.15
20231021:1810;14.85;288.0
20231021:1910;14.05;287.2
20231021:2010;13.45;286.6
20231021:2110;12.85;286.0
20231021:2210;12.25;285.4
20231021:2310;11.95;285.1
20231022:0010;11.65;284.8
20231022:0110;11.25;284.4
20231022:0210;11.15;284.3
20231022:0310;11.0;284.15
20231022:0410;10.55;283.7
20231022:0510;10.15;283.3
20231022:0610;10.05;283.2
20231022:0710;10.75;283.9
20231022:0810;10.85;284.0
20231022:0910;11.5;284.65
20231022:1010;11.85;285.0
20231022:1110;12.1;285.25
20231022:1210;12.9;286.05
20231022:1310;13.85;287.0
20231022:1410;13.85;287.0
20231022:1510;14.9;288.05
20231022:1610;14.35;287.5
20231022:1710;14.2;287.35
20231022:1810;14.0;287.15
20231022:1910;13.4;286.55
20231022:2010;13.0;286.15
20231022:2110;12.9;286.05
20231022:2210;12.5;285.65
20231022:2310;12.15;285.3
20231023:0010;12.0;285.15
20231023:0110;11.7;284.85
20231023:0210;11.1;284.25
20231023:0310;10.85;284.0
20231023:0410;10.9;284.05
20231023:0510;10.9;284.05
20231023:0610;10.55;283.7
20231023:0710;10.25;283.4
20231023:0810;10.0;283.15
20231023:0910;10.3;283.45
20231023:1010;11.3;284.45
20231023:1110;12.05;285.2
20231023:1210;12.45;285.6
20231023:1310;13.2;286.35
20231023:1410;13.05;286.2
20231023:1510;12.95;286.1
20231023:1610;13.5;286.65
20231023:1710;13.05;286.2
20231023:1810;12.45;285.6
20231023:1910;12.05;285.2
20231023:2010;11.75;284.9
20231023:2110;12.05;285.2
20231023:2210;11.85;285.0
20231023:2310;11.5;284.65
20231024:0010;11.05;284.2
20231024:0110;10.95;284.1
20231024:0210;11.2;284.35
20231024:0310;10.9;284.05
20231024:0410;10.85;284.0
20231024:0510;10.8;283.95
20231024:0610;10.85;284.0
20231024:0710;11.0;284.15
20231024:0810;11.1;284.25
20231024:0910;11.8;284.95
20231024:1010;11.9;285.05
20231024:1110;12.85;286.0
20231024:1210;13.7;286.85
20231024:1310;13.6;286.75
20231024:1410;13.7;286.85
20231024:1510;13.5;286.65
20231024:1610;13.55;286.7
20231024:1710;13.55;286.7
20231024:1810;13.95;287.1
20231024:1910;13.6;286.75
20231024:2010;13.45;286.6
20231024:2110;13.3;286.45
20231024:2210;13.15;286.3
20231024:2310;12.85;286.0
20231025:0010;12.45;285.6
20231025:0110;12.3;285.45
20231025:0210;11.6;284.75
20231025:0310;11.45;284.6
20231025:0410;11.7;284.85
20231025:0510;11.35;284.5
20231025:0610;11.55;284.7
20231025:0710;12.05;285.2
20231025:0810;12.35;285.5
20231025:0910;12.45;285.6
20231025:1010;13.2;286.35
20231025:1110;14.65;287.8
20231025:1210;15.75;288.9
20231025:1310;16.4;289.55
20231025:1410;17.05;290.2
20231025:1510;17.55;290.7
20231025:1610;17.85;291.0
20231025:1710;17.0;290.15
20231025:1810;15.95;289.1
20231025:1910;15.35;288.5
20231025:2010;14.75;287.9
20231025:2110;14.6;287.75
20231025:2210;14.35;287.5
20231025:2310;14.05;287.2
20231026:0010;14.05;287.2
20231026:0110;13.7;286.85
20231026:0210;13.3;286.45
20231026:0310;13.1;286.25
20231026:0410;12.55;285.7
20231026:0510;12.1;285.25
20231026:0610;12.05;285.2
20231026:0710;11.65;284.8
20231026:0810;11.7;284.85
20231026:0910;12.05;285.2
20231026:1010;12.8;285.95
20231026:1110;13.75;286.9
20231026:1210;14.1;287.25
20231026:1310;14.7;287.85
20231026:1410;15.4;288.55
20231026:1510;15.3;288.45
20231026:1610;15.0;288.15
20231026:1710;13.95;287.1
20231026:1810;13.65;286.8
20231026:1910;13.2;286.35
20231026:2010;13.25;286.4
20231026:2110;13.0;286.15
20231026:2210;12.85;286.0
20231026:2310;12.8;285.95
20231027:0010;12.5;285.65
20231027:0110;12.25;285.4
20231027:0210;11.65;284.8
20231027:0310;10.9;284.05
20231027:0410;10.5;283.65
20231027:0510;10.15;283.3
20231027:0610;9.9;283.05
20231027:0710;10.0;283.15
20231027:0810;10.6;283.75
20231027:0910;11.65;284.8
20231027:1010;12.35;285.5
20231027:1110;12.15;285.3
20231027:1210;12.45;285.6
20231027:1310;12.9;286.05
20231027:1410;13.1;286.25
20231027:1510;13.35;286.5
20231027:1610;13.35;286.5
20231027:1710;13.75;286.9
20231027:1810;13.15;286.3
20231027:1910;12.7;285.85
20231027:2010;12.0;285.15
20231027:2110;11.4;284.55
20231027:2210;10.9;284.05
20231027:2310;10.8;283.95
20231028:0010;10.6;283.75
20231028:0110;10.15;283.3
20231028:0210;9.7;282.85
20231028:0310;9.8;282.95
20231028:0410;9.9;283.05
20231028:0510;10.05;283.2
20231028:0610;9.7;282.85
20231028:0710;9.75;282.9
20231028:0810;10.1;283.25
20231028:0910;10.0;283.15
20231028:1010;10.9;284.05
20231028:1110;11.8;284.95
20231028:1210;12.35;285.5
20231028:1310;13.35;286.5
20231028:1410;13.95;287.1
20231028:1510;14.9;288.05
20231028:1610;14.7;287.85
20231028:1710;14.35;287.5
20231028:1810;14.05;287.2
20231028:1910;13.05;286.2
20231028:2010;12.8;285.95
20231028:2110;12.8;285.95
20231028:2210;12.5;285.65
20231028:2310;12.5;285.65
20231029:0010;11.6;284.75
20231029:0110;11.3;284.45
20231029:0210;10.6;283.75
20231029:0310;10.25;283.4
20231029:0410;10.3;283.45
20231029:0510;10.15;283.3
20231029:0610;10.45;283.6
20231029:0710;10.7;283.85
20231029:0810;10.7;283.85
20231029:0910;11.4;284.55
20231029:1010;12.45;285.6
20231029:1110;12.25;285.4
20231029:1210;12.75;285.9
20231029:1310;13.45;286.6
20231029:1410;14.1;287.25
20231029:1510;14.4;287.55
20231029:1610;14.1;287.25
20231029:1710;13.55;286.7
20231029:1810;12.75;285.9
20231029:1910;12.45;285.6
20231029:2010;11.85;285.0
20231029:2110;11.3;284.45
20231029:2210;11.15;284.3
20231029:2310;10.55;283.7
20231030:0010;10.4;283.55
20231030:0110;10.1;283.25
20231030:0210;10.15;283.3
20231030:0310;9.7;282.85
20231030:0410;9.55;282.7
20231030:0510;9.65;282.8
20231030:0610;9.6;282.75
20231030:0710;9.4;282.55
20231030:0810;9.55;282.7
20231030:0910;10.55;283.7
20231030:1010;11.4;284.55
20231030:1110;11.5;284.65
20231030:1210;12.6;285.75
20231030:1310;12.95;286.1
20231030:1410;13.2;286.35
20231030:1510;13.75;286.9
20231030:1610;13.45;286.6
20231030:1710;13.15;286.3
20231030:1810;12.95;286.1
20231030:1910;12.7;285.85
20231030:2010;12.7;285.85
20231030:2110;12.7;285.85
20231030:2210;12.0;285.15
20231030:2310;11.45;284.6
20231031:0010;10.9;284.05
20231031:0110;10.3;283.45
20231031:0210;8.9;282.05
20231031:0310;8.95;282.1
20231031:0410;8.5;281.65
20231031:0510;8.55;281.7
20231031:0610;8.8;281.95
20231031:0710;9.05;282.2
20231031:0810;8.95;282.1
20231031:0910;9.7;282.85
20231031:1010;11.6;284.75
20231031:1110;12.2;285.35
20231031:1210;11.95;285.1
20231031:1310;12.95;286.1
20231031:1410;13.8;286.95
20231031:1510;13.65;286.8
20231031:1610;13.55;286.7
20231031:1710;12.95;286.1
20231031:1810;12.55;285.7
20231031:1910;12.4;285.55
20231031:2010;12.25;285.4
20231031:2110;11.9;285.05
20231031:2210;11.6;284.75
20231031:2310;11.4;284.55
20231101:0010;11.5;284.65
20231101:0110;11.2;284.35
20231101:0210;10.95;284.1
20231101:0310;10.75;283.9
20231101:0410;10.75;283.9
20231101:0510;11.0;284.15
20231101:0610;11.15;284.3
20231101:0710;10.9;284.05
20231101:0810;10.7;283.85
20231101:0910;11.15;284.3
20231101:1010;11.75;284.9
20231101:1110;11.65;284.8
20231101:1210;12.95;286.1
20231101:1310;13.8;286.95
20231101:1410;15.65;288.8
20231101:1510;15.3;288.45
20231101:1610;13.9;287.05
20231101:1710;13.15;286.3
20231101:1810;12.65;285.8
20231101:1910;12.05;285.2
20231101:2010;11.85;285.0
20231101:2110;11.7;284.85
20231101:2210;11.8;284.95
20231101:2310;11.65;284.8
20231102:0010;11.6;284.75
20231102:0110;11.5;284.65
20231102:0210;11.75;284.9
20231102:0310;11.35;284.5
20231102:0410;10.85;284.0
20231102:0510;10.4;283.55
20231102:0610;10.2;283.35
20231102:0710;10.3;283.45
20231102:0810;10.6;283.75
20231102:0910;11.05;284.2
20231102:1010;12.45;285.6
20231102:1110;13.05;286.2
20231102:1210;13.75;286.9
20231102:1310;14.85;288.0
20231102:1410;15.95;289.1
20231102:1510;15.75;288.9
20231102:1610;15.45;288.6
20231102:1710;15.1;288.25
20231102:1810;15.05;288.2
20231102:1910;15.0;288.15
20231102:2010;14.65;287.8
20231102:2110;14.25;287.4
20231102:2210;13.5;286.65
20231102:2310;12.7;285.85
20231103:0010;12.2;285.35
20231103:0110;11.05;284.2
20231103:0210;10.85;284.0
20231103:0310;10.3;283.45
20231103:0410;9.9;283.05
20231103:0510;9.7;282.85
20231103:0610;9.75;282.9
20231103:0710;10.0;283.15
20231103:0810;10.55;283.7
20231103:0910;10.95;284.1
20231103:1010;11.5;284.65
20231103:1110;11.9;285.05
20231103:1210;12.4;285.55
20231103:1310;12.6;285.75
20231103:1410;12.85;286.0
20231103:1510;13.3;286.45
20231103:1610;12.9;286.05
20231103:1710;12.45;285.6
20231103:1810;11.9;285.05
20231103:1910;11.8;284.95
20231103:2010;11.1;284.25
20231103:2110;10.75;283.9
20231103:2210;10.6;283.75
20231103:2310;10.25;283.4
20231104:0010;10.0;283.15
20231104:0110;10.05;283.2
20231104:0210;9.55;282.7
20231104:0310;9.65;282.8
20231104:0410;9.9;283.05
20231104:0510;9.9;283.05
20231104:0610;10.25;283.4
20231104:0710;10.45;283.6
20231104:0810;10.85;284.0
20231104:0910;10.2;283.35
20231104:1010;10.7;283.85
20231104:1110;11.5;284.65
20231104:1210;12.1;285.25
20231104:1310;12.65;285.8
20231104:1410;12.75;285.9
20231104:1510;12.45;285.6
20231104:1610;12.05;285.2
20231104:1710;11.45;284.6
20231104:1810;11.0;284.15
20231104:1910;10.75;283.9
20231104:2010;10.3;283.45
20231104:2110;9.8;282.95
20231104:2210;9.35;282.5
20231104:2310;9.05;282.2
20231105:0010;8.8;281.95
20231105:0110;8.7;281.85
20231105:0210;8.7;281.85
20231105:0310;8.45;281.6
20231105:0410;8.2;281.35
20231105:0510;8.1;281.25
20231105:0610;8.3;281.45
20231105:0710;8.35;281.5
20231105:0810;8.4;281.55
20231105:0910;8.85;282.0
20231105:1010;9.45;282.6
20231105:1110;10.05;283.2
20231105:1210;10.95;284.1
20231105:1310;11.45;284.6
20231105:1410;12.15;285.3
20231105:1510;11.9;285.05
20231105:1610;11.7;284.85
20231105:1710;11.25;284.4
20231105:1810;10.9;284.05
20231105:1910;10.35;283.5
20231105:2010;10.0;283.15
20231105:2110;9.6;282.75
20231105:2210;9.8;282.95
20231105:2310;9.3;282.45
20231106:0010;8.8;281.95
20231106:0110;8.4;281.55
20231106:0210;8.2;281.35
20231106:0310;7.85;281.0
20231106:0410;7.9;281.05
20231106:0510;8.1;281.25
20231106:0610;8.05;281.2
20231106:0710;7.95;281.1
20231106:0810;8.2;281.35
20231106:0910;8.65;281.8
20231106:1010;9.75;282.9
20231106:1110;10.45;283.6
20231106:1210;10.95;284.1
20231106:1310;11.6;284.75
20231106:1410;11.55;284.7
20231106:1510;11.55;284.7
20231106:1610;11.35;284.5
20231106:1710;10.7;283.85
20231106:1810;10.1;283.25
20231106:1910;9.55;282.7
20231106:2010;9.2;282.35
20231106:2110;8.75;281.9
20231106:2210;8.75;281.9
20231106:2310;8.9;282.05
20231107:0010;8.5;281.65
20231107:0110;8.15;281.3
20231107:0210;8.0;281.15
20231107:0310;7.6;280.75
20231107:0410;7.5;280.65
20231107:0510;7.9;281.05
20231107:0610;7.55;280.7
20231107:0710;7.3;280.45
20231107:0810;7.65;280.8
20231107:0910;8.6;281.75
20231107:1010;9.6;282.75
20231107:1110;10.85;284.0
20231107:1210;11.65;284.8
20231107:1310;12.05;285.2
20231107:1410;12.6;285.75
20231107:1510;12.3;285.45
20231107:1610;11.8;284.95
20231107:1710;11.15;284.3
20231107:1810;10.6;283.75
20231107:1910;10.25;283.4
20231107:2010;9.55;282.7
20231107:2110;9.25;282.4
20231107:2210;9.3;282.45
20231107:2310;8.85;282.0
20231108:0010;8.3;281.45
20231108:0110;8.25;281.4
20231108:0210;8.2;281.35
20231108:0310;8.2;281.35
20231108:0410;8.35;281.5
20231108:0510;8.0;281.15
20231108:0610;7.7;280.85
20231108:0710;7.75;280.9
20231108:0810;8.05;281.2
20231108:0910;8.7;281.85
20231108:1010;9.0;282.15
20231108:1110;9.35;282.5
20231108:1210;10.2;283.35
20231108:1310;10.65;283.8
20231108:1410;11.0;284.15
20231108:1510;11.5;284.65
20231108:1610;10.75;283.9
20231108:1710;10.1;283.25
20231108:1810;9.4;282.55
20231108:1910;9.3;282.45
20231108:2010;8.6;281.75
20231108:2110;8.05;281.2
20231108:2210;7.95;281.1
20231108:2310;7.75;280.9
20231109:0010;7.75;280.9
20231109:0110;7.95;281.1
20231109:0210;8.0;281.15
20231109:0310;7.8;280.95
20231109:0410;7.7;280.85
20231109:0510;7.8;280.95
20231109:0610;7.45;280.6
20231109:0710;7.15;280.3
20231109:0810;7.4;280.55
20231109:0910;7.45;280.6
20231109:1010;7.8;280.95
20231109:1110;8.8;281.95
20231109:1210;9.8;282.95
20231109:1310;10.45;283.6
20231109:1410;10.9;284.05
20231109:1510;10.45;283.6
20231109:1610;10.35;283.5
20231109:1710;10.2;283.35
20231109:1810;9.8;282.95
20231109:1910;9.1;282.25
20231109:2010;8.35;281.5
20231109:2110;7.9;281.05
20231109:2210;7.7;280.85
20231109:2310;7.45;280.6
20231110:0010;7.05;280.2
20231110:0110;7.15;280.3
20231110:0210;7.15;280.3
20231110:0310;7.05;280.2
20231110:0410;6.95;280.1
20231110:0510;7.05;280.2
20231110:0610;7.2;280.35
20231110:0710;7.25;280.4
20231110:0810;7.3;280.45
20231110:0910;7.8;280.95
20231110:1010;8.55;281.7
20231110:1110;9.9;283.05
20231110:1210;10.3;283.45
20231110:1310;10.4;283.55
20231110:1410;10.8;283.95
20231110:1510;10.55;283.7
20231110:1610;10.2;283.35
20231110:1710;9.6;282.75
20231110:1810;9.35;282.5
20231110:1910;8.9;282.05
20231110:2010;8.7;281.85
20231110:2110;8.4;281.55
20231110:2210;8.0;281.15
20231110:2310;7.85;281.0
20231111:0010;7.5;280.65
20231111:0110;7.4;280.55
20231111:0210;7.15;280.3
20231111:0310;6.9;280.05
20231111:0410;6.95;280.1
20231111:0510;7.2;280.35
20231111:0610;7.25;280.4
20231111:0710;7.0;280.15
20231111:0810;7.05;280.2
20231111:0910;7.5;280.65
20231111:1010;8.1;281.25
20231111:1110;8.2;281.35
20231111:1210;8.6;281.75
20231111:1310;9.45;282.6
20231111:1410;9.35;282.5
20231111:1510;9.1;282.25
20231111:1610;8.9;282.05
20231111:1710;8.5;281.65
20231111:1810;8.35;281.5
20231111:1910;8.15;281.3
20231111:2010;7.8;280.95
20231111:2110;7.4;280.55
20231111:2210;7.35;280.5
20231111:2310;7.5;280.65
20231112:0010;7.55;280.7
20231112:0110;7.4;280.55
20231112:0210;7.1;280.25
20231112:0310;6.75;279.9
20231112:0410;6.75;279.9
20231112:0510;6.75;279.9
20231112:0610;6.7;279.85
20231112:0710;6.8;279.95
20231112:0810;6.6;279.75
20231112:0910;6.65;279.8
20231112:1010;7.05;280.2
20231112:1110;7.3;280.45
20231112:1210;7.4;280.55
20231112:1310;7.5;280.65
20231112:1410;7.05;280.2
20231112:1510;6.85;280.0
20231112:1610;6.8;279.95
20231112:1710;6.85;280.0
20231112:1810;7.0;280.15
20231112:1910;7.05;280.2
20231112:2010;7.0;280.15
20231112:2110;6.5;279.65
20231112:2210;5.85;279.0
20231112:2310;5.65;278.8
20231113:0010;5.4;278.55
20231113:0110;5.3;278.45
20231113:0210;5.75;278.9
20231113:0310;5.7;278.85
20231113:0410;4.95;278.1
20231113:0510;5.45;278.6
20231113:0610;5.45;278.6
20231113:0710;5.3;278.45
20231113:0810;5.25;278.4
20231113:0910;5.4;278.55
20231113:1010;5.45;278.6
20231113:1110;5.5;278.65
20231113:1210;5.7;278.85
20231113:1310;5.7;278.85
20231113:1410;5.75;278.9
20231113:1510;5.8;278.95
20231113:1610;6.05;279.2
20231113:1710;6.05;279.2
20231113:1810;6.05;279.2
20231113:1910;5.95;279.1
20231113:2010;5.75;278.9
20231113:2110;5.65;278.8
20231113:2210;5.45;278.6
20231113:2310;5.2;278.35
20231114:0010;5.2;278.35
20231114:0110;5.2;278.35
20231114:0210;5.35;278.5
20231114:0310;5.35;278.5
20231114:0410;5.4;278.55
20231114:0510;5.3;278.45
20231114:0610;5.4;278.55
20231114:0710;5.45;278.6
20231114:0810;5.5;278.65
20231114:0910;5.75;278.9
20231114:1010;6.1;279.25
20231114:1110;6.9;280.05
20231114:1210;7.45;280.6
20231114:1310;8.1;281.25
20231114:1410;8.05;281.2
20231114:1510;8.0;281.15
20231114:1610;7.6;280.75
20231114:1710;7.4;280.55
20231114:1810;7.45;280.6
20231114:1910;7.4;280.55
20231114:2010;7.3;280.45
20231114:2110;6.7;279.85
20231114:2210;6.8;279.95
20231114:2310;6.55;279.7
20231115:0010;6.55;279.7
20231115:0110;6.45;279.6
20231115:0210;6.45;279.6
20231115:0310;6.35;279.5
20231115:0410;6.45;279.6
20231115:0510;6.4;279.55
20231115:0610;6.4;279.55
20231115:0710;6.4;279.55
20231115:0810;6.5;279.65
20231115:0910;6.95;280.1
20231115:1010;7.45;280.6
20231115:1110;7.55;280.7
20231115:1210;7.7;280.85
20231115:1310;7.8;280.95
20231115:1410;8.4;281.55
20231115:1510;8.45;281.6
20231115:1610;8.55;281.7
20231115:1710;8.65;281.8
20231115:1810;8.65;281.8
20231115:1910;8.55;281.7
20231115:2010;8.15;281.3
20231115:2110;8.2;281.35
20231115:2210;8.2;281.35
20231115:2310;7.95;281.1
20231116:0010;7.7;280.85
20231116:0110;7.7;280.85
20231116:0210;7.45;280.6
20231116:0310;7.35;280.5
20231116:0410;7.2;280.35
20231116:0510;7.05;280.2
20231116:0610;7.05;280.2
20231116:0710;7.05;280.2
20231116:0810;7.05;280.2
20231116:0910;7.65;280.8
20231116:1010;8.1;281.25
20231116:1110;8.45;281.6
20231116:1210;8.85;282.0
20231116:1310;10.05;283.2
20231116:1410;10.35;283.5
20231116:1510;9.9;283.05
20231116:1610;9.25;282.4
20231116:1710;8.8;281.95
20231116:1810;8.25;281.4
20231116:1910;8.15;281.3
20231116:2010;7.9;281.05
20231116:2110;7.9;281.05
20231116:2210;7.7;280.85
20231116:2310;7.65;280.8
20231117:0010;7.7;280.85
20231117:0110;7.65;280.8
20231117:0210;7.4;280.55
20231117:0310;7.25;280.4
20231117:0410;7.35;280.5
20231117:0510;7.5;280.65
20231117:0610;7.4;280.55
20231117:0710;7.4;280.55
20231117:0810;7.4;280.55
20231117:0910;7.35;280.5
20231117:1010;7.25;280.4
20231117:1110;7.6;280.75
20231117:1210;7.75;280.9
20231117:1310;8.25;281.4
20231117:1410;7.9;281.05
20231117:1510;7.7;280.85
20231117:1610;7.55;280.7
20231117:1710;7.2;280.35
20231117:1810;7.1;280.25
20231117:1910;6.4;279.55
20231117:2010;6.25;279.4
20231117:2110;6.15;279.3
20231117:2210;6.05;279.2
20231117:2310;6.45;279.6
20231118:0010;6.3;279.45
20231118:0110;6.2;279.35
20231118:0210;6.25;279.4
20231118:0310;5.85;279.0
20231118:0410;5.8;278.95
20231118:0510;5.9;279.05
20231118:0610;5.9;279.05
20231118:0710;5.75;278.9
20231118:0810;6.0;279.15
20231118:0910;6.35;279.5
20231118:1010;6.95;280.1
20231118:1110;7.3;280.45
20231118:1210;7.65;280.8
20231118:1310;7.6;280.75
20231118:1410;7.5;280.65
20231118:1510;7.15;280.3
20231118:1610;6.9;280.05
20231118:1710;6.85;280.0
20231118:1810;6.65;279.8
20231118:1910;6.1;279.25
20231118:2010;5.85;279.0
20231118:2110;5.75;278.9
20231118:2210;5.65;278.8
20231118:2310;5.6;278.75
20231119:0010;5.75;278.9
20231119:0110;5.75;278.9
20231119:0210;5.7;278.85
20231119:0310;5.25;278.4
20231119:0410;5.4;278.55
20231119:0510;5.25;278.4
20231119:0610;5.8;278.95
20231119:0710;5.85;279.0
20231119:0810;5.95;279.1
20231119:0910;5.8;278.95
20231119:1010;5.9;279.05
20231119:1110;5.2;278.35
20231119:1210;5.6;278.75
20231119:1310;5.9;279.05
20231119:1410;6.5;279.65
20231119:1510;6.8;279.95
20231119:1610;6.75;279.9
20231119:1710;6.3;279.45
20231119:1810;6.15;279.3
20231119:1910;6.05;279.2
20231119:2010;6.1;279.25
20231119:2110;6.0;279.15
20231119:2210;5.85;279.0
20231119:2310;6.05;279.2
20231120:0010;7.25;280.4
20231120:0110;6.25;279.4
20231120:0210;7.05;280.2
20231120:0310;7.05;280.2
20231120:0410;6.9;280.05
20231120:0510;6.9;280.05
20231120:0610;6.85;280.0
20231120:0710;7.65;280.8
20231120:0810;7.05;280.2
20231120:0910;6.45;279.6
20231120:1010;6.4;279.55
20231120:1110;6.95;280.1
20231120:1210;6.85;280.0
20231120:1310;7.2;280.35
20231120:1410;7.45;280.6
20231120:1510;7.25;280.4
20231120:1610;6.95;280.1
20231120:1710;6.7;279.85
20231120:1810;6.15;279.3
20231120:1910;6.05;279.2
20231120:2010;5.75;278.9
20231120:2110;5.35;278.5
20231120:2210;4.95;278.1
20231120:2310;4.95;278.1
20231121:0010;4.75;277.9
20231121:0110;4.55;277.7
20231121:0210;4.15;277.3
20231121:0310;4.3;277.45
20231121:0410;4.2;277.35
20231121:0510;4.25;277.4
20231121:0610;5.5;278.65
20231121:0710;6.0;279.15
20231121:0810;6.65;279.8
20231121:0910;6.75;279.9
20231121:1010;7.0;280.15
20231121:1110;7.35;280.5
20231121:1210;7.45;280.6
20231121:1310;7.5;280.65
20231121:1410;7.55;280.7
20231121:1510;7.3;280.45
20231121:1610;7.25;280.4
20231121:1710;6.7;279.85
20231121:1810;6.45;279.6
20231121:1910;6.3;279.45
20231121:2010;5.75;278.9
20231121:2110;5.9;279.05
20231121:2210;5.7;278.85
20231121:2310;5.6;278.75
20231122:0010;5.2;278.35
20231122:0110;5.0;278.15
20231122:0210;4.95;278.1
20231122:0310;4.95;278.1
20231122:0410;4.75;277.9
20231122:0510;4.65;277.8
20231122:0610;4.6;277.75
20231122:0710;4.55;277.7
20231122:0810;4.65;277.8
20231122:0910;4.7;277.85
20231122:1010;4.05;277.2
20231122:1110;4.4;277.55
20231122:1210;4.6;277.75
20231122:1310;5.5;278.65
20231122:1410;5.9;279.05
20231122:1510;6.2;279.35
20231122:1610;6.1;279.25
20231122:1710;5.95;279.1
20231122:1810;5.6;278.75
20231122:1910;5.15;278.3
20231122:2010;5.15;278.3
20231122:2110;5.5;278.65
20231122:2210;5.7;278.85
20231122:2310;5.7;278.85
20231123:0010;5.45;278.6
20231123:0110;5.25;278.4
20231123:0210;5.2;278.35
20231123:0310;5.0;278.15
20231123:0410;4.75;277.9
20231123:0510;4.4;277.55
20231123:0610;4.1;277.25
20231123:0710;4.3;277.45
20231123:0810;4.05;277.2
20231123:0910;4.3;277.45
20231123:1010;4.75;277.9
20231123:1110;5.3;278.45
20231123:1210;6.0;279.15
20231123:1310;6.5;279.65
20231123:1410;7.0;280.15
20231123:1510;6.95;280.1
20231123:1610;6.6;279.75
20231123:1710;6.4;279.55
20231123:1810;6.5;279.65
20231123:1910;6.6;279.75
20231123:2010;6.6;279.75
20231123:2110;6.65;279.8
20231123:2210;6.45;279.6
20231123:2310;6.55;279.7
20231124:0010;6.6;279.75
20231124:0110;6.45;279.6
20231124:0210;6.05;279.2
20231124:0310;5.45;278.6
20231124:0410;5.0;278.15
20231124:0510;4.7;277.85
20231124:0610;4.75;277.9
20231124:0710;4.65;277.8
20231124:0810;4.75;277.9
20231124:0910;4.75;277.9
20231124:1010;5.15;278.3
20231124:1110;5.65;278.8
20231124:1210;6.15;279.3
20231124:1310;6.65;279.8
20231124:1410;6.8;279.95
20231124:1510;6.7;279.85
20231124:1610;6.15;279.3
20231124:1710;5.8;278.95
20231124:1810;5.45;278.6
20231124:1910;5.3;278.45
20231124:2010;5.0;278.15
20231124:2110;4.4;277.55
20231124:2210;4.45;277.6
20231124:2310;4.55;277.7
20231125:0010;4.45;277.6
20231125:0110;4.35;277.5
20231125:0210;4.1;277.25
20231125:0310;4.0;277.15
20231125:0410;3.95;277.1
20231125:0510;4.2;277.35
20231125:0610;4.2;277.35
20231125:0710;4.2;277.35
20231125:0810;4.1;277.25
20231125:0910;4.3;277.45
20231125:1010;4.65;277.8
20231125:1110;5.25;278.4
20231125:1210;6.1;279.25
20231125:1310;6.5;279.65
20231125:1410;6.6;279.75
20231125:1510;6.3;279.45
20231125:1610;6.25;279.4
20231125:1710;6.1;279.25
20231125:1810;6.0;279.15
20231125:1910;5.9;279.05
20231125:2010;5.95;279.1
20231125:2110;5.95;279.1
20231125:2210;5.9;279.05
20231125:2310;5.7;278.85
20231126:0010;5.7;278.85
20231126:0110;5.55;278.7
20231126:0210;5.15;278.3
20231126:0310;5.5;278.65
20231126:0410;5.8;278.95
20231126:0510;5.95;279.1
20231126:0610;5.85;279.0
20231126:0710;6.0;279.15
20231126:0810;5.7;278.85
20231126:0910;5.9;279.05
20231126:1010;5.75;278.9
20231126:1110;5.6;278.75
20231126:1210;5.8;278.95
20231126:1310;5.9;279.05
20231126:1410;5.85;279.0
20231126:1510;5.7;278.85
20231126:1610;5.25;278.4
20231126:1710;4.85;278.0
20231126:1810;4.65;277.8
20231126:1910;4.7;277.85
20231126:2010;4.6;277.75
20231126:2110;4.2;277.35
20231126:2210;4.15;277.3
20231126:2310;3.9;277.05
20231127:0010;3.75;276.9
20231127:0110;3.75;276.9
20231127:0210;3.9;277.05
20231127:0310;3.8;276.95
20231127:0410;3.75;276.9
20231127:0510;3.95;277.1
20231127:0610;4.0;277.15
20231127:0710;3.7;276.85
20231127:0810;3.8;276.95
20231127:0910;4.2;277.35
20231127:1010;4.6;277.75
20231127:1110;5.2;278.35
20231127:1210;6.0;279.15
20231127:1310;6.55;279.7
20231127:1410;6.9;280.05
20231127:1510;6.75;279.9
20231127:1610;6.1;279.25
20231127:1710;5.15;278.3
20231127:1810;4.85;278.0
20231127:1910;4.4;277.55
20231127:2010;4.05;277.2
20231127:2110;3.55;276.7
20231127:2210;3.35;276.5
20231127:2310;3.15;276.3
20231128:0010;3.0;276.15
20231128:0110;2.85;276.0
20231128:0210;2.95;276.1
20231128:0310;2.65;275.8
20231128:0410;2.8;275.95
20231128:0510;2.35;275.5
20231128:0610;2.2;275.35
20231128:0710;1.95;275.1
20231128:0810;2.2;275.35
20231128:0910;2.75;275.9
20231128:1010;3.05;276.2
20231128:1110;4.35;277.5
20231128:1210;4.8;277.95
20231128:1310;5.6;278.75
20231128:1410;5.95;279.1
20231128:1510;5.4;278.55
20231128:1610;4.75;277.9
20231128:1710;4.1;277.25
20231128:1810;3.35;276.5
20231128:1910;3.5;276.65
20231128:2010;3.85;277.0
20231128:2110;3.7;276.85
20231128:2210;3.3;276.45
20231128:2310;3.1;276.25
20231129:0010;2.9;276.05
20231129:0110;2.3;275.45
20231129:0210;2.2;275.35
20231129:0310;1.95;275.1
20231129:0410;1.85;275.0
20231129:0510;1.95;275.1
20231129:0610;2.1;275.25
20231129:0710;2.15;275.3
20231129:0810;2.2;275.35
20231129:0910;2.6;275.75
20231129:1010;2.8;275.95
20231129:1110;3.15;276.3
20231129:1210;3.5;276.65
20231129:1310;3.9;277.05
20231129:1410;4.5;277.65
20231129:1510;4.2;277.35
20231129:1610;4.15;277.3
20231129:1710;3.75;276.9
20231129:1810;3.6;276.75
20231129:1910;3.05;276.2
20231129:2010;3.1;276.25
20231129:2110;3.25;276.4
20231129:2210;2.9;276.05
20231129:2310;2.95;276.1
20231130:0010;2.85;276.0
20231130:0110;2.55;275.7
20231130:0210;1.9;275.05
20231130:0310;2.05;275.2
20231130:0410;2.05;275.2
20231130:0510;2.05;275.2
20231130:0610;2.3;275.45
20231130:0710;2.5;275.65
20231130:0810;2.85;276.0
20231130:0910;3.15;276.3
20231130:1010;3.9;277.05
20231130:1110;4.05;277.2
20231130:1210;4.35;277.5
20231130:1310;4.55;277.7
20231130:1410;4.7;277.85
20231130:1510;4.7;277.85
20231130:1610;4.75;277.9
20231130:1710;4.2;277.35
20231130:1810;4.15;277.3
20231130:1910;4.25;277.4
20231130:2010;3.9;277.05
20231130:2110;3.5;276.65
20231130:2210;3.1;276.25
20231130:2310;2.4;275.55
20231201:0010;2.35;275.5
20231201:0110;2.45;275.6
20231201:0210;2.25;275.4
20231201:0310;2.0;275.15
20231201:0410;1.8;274.95
20231201:0510;1.65;274.8
20231201:0610;1.55;274.7
20231201:0710;1.55;274.7
20231201:0810;1.4;274.55
20231201:0910;1.7;274.85
20231201:1010;1.95;275.1
20231201:1110;2.95;276.1
20231201:1210;3.65;276.8
20231201:1310;4.45;277.6
20231201:1410;4.8;277.95
20231201:1510;4.4;277.55
20231201:1610;4.45;277.6
20231201:1710;4.35;277.5
20231201:1810;4.15;277.3
20231201:1910;3.6;276.75
20231201:2010;3.25;276.4
20231201:2110;3.1;276.25
20231201:2210;2.8;275.95
20231201:2310;2.35;275.5
20231202:0010;2.15;275.3
20231202:0110;1.9;275.05
20231202:0210;1.75;274.9
20231202:0310;1.4;274.55
20231202:0410;1.55;274.7
20231202:0510;1.55;274.7
20231202:0610;1.3;274.45
20231202:0710;1.55;274.7
20231202:0810;1.5;274.65
20231202:0910;1.65;274.8
20231202:1010;1.85;275.0
20231202:1110;2.25;275.4
20231202:1210;2.35;275.5
20231202:1310;2.1;275.25
20231202:1410;2.3;275.45
20231202:1510;2.25;275.4
20231202:1610;2.3;275.45
20231202:1710;2.45;275.6
20231202:1810;2.3;275.45
20231202:1910;2.1;275.25
20231202:2010;1.95;275.1
20231202:2110;2.0;275.15
20231202:2210;2.0;275.15
20231202:2310;2.15;275.3
20231203:0010;2.15;275.3
20231203:0110;2.05;275.2
20231203:0210;2.15;275.3
20231203:0310;2.2;275.35
20231203:0410;1.95;275.1
20231203:0510;1.7;274.85
20231203:0610;1.75;274.9
20231203:0710;2.05;275.2
20231203:0810;2.2;275.35
20231203:0910;2.65;275.8
20231203:1010;2.8;275.95
20231203:1110;3.1;276.25
20231203:1210;3.6;276.75
20231203:1310;4.15;277.3
20231203:1410;4.45;277.6
20231203:1510;4.45;277.6
20231203:1610;4.5;277.65
20231203:1710;3.9;277.05
20231203:1810;3.5;276.65
20231203:1910;3.35;276.5
20231203:2010;3.1;276.25
20231203:2110;2.9;276.05
20231203:2210;2.8;275.95
20231203:2310;2.55;275.7
20231204:0010;2.5;275.65
20231204:0110;1.85;275.0
20231204:0210;1.85;275.0
20231204:0310;1.9;275.05
20231204:0410;1.8;274.95
20231204:0510;1.6;274.75
20231204:0610;1.35;274.5
20231204:0710;1.55;274.7
20231204:0810;1.45;274.6
20231204:0910;1.95;275.1
20231204:1010;2.4;275.55
20231204:1110;3.0;276.15
20231204:1210;3.35;276.5
20231204:1310;3.75;276.9
20231204:1410;4.2;277.35
20231204:1510;3.95;277.1
20231204:1610;3.6;276.75
20231204:1710;3.45;276.6
20231204:1810;3.4;276.55
20231204:1910;3.25;276.4
20231204:2010;2.95;276.1
20231204:2110;2.85;276.0
20231204:2210;3.15;276.3
20231204:2310;3.35;276.5
20231205:0010;3.6;276.75
20231205:0110;3.25;276.4
20231205:0210;3.15;276.3
20231205:0310;2.9;276.05
20231205:0410;3.05;276.2
20231205:0510;3.05;276.2
20231205:0610;3.05;276.2
20231205:0710;2.85;276.0
20231205:0810;2.95;276.1
20231205:0910;4.3;277.45
20231205:1010;4.75;277.9
20231205:1110;4.75;277.9
20231205:1210;5.15;278.3
20231205:1310;5.25;278.4
20231205:1410;5.05;278.2
20231205:1510;5.3;278.45
20231205:1610;5.35;278.5
20231205:1710;4.85;278.0
20231205:1810;4.65;277.8
20231205:1910;4.0;277.15
20231205:2010;3.75;276.9
20231205:2110;3.7;276.85
20231205:2210;3.75;276.9
20231205:2310;3.15;276.3
20231206:0010;2.6;275.75
20231206:0110;2.45;275.6
20231206:0210;2.3;275.45
20231206:0310;2.15;275.3
20231206:0410;2.05;275.2
20231206:0510;2.2;275.35
20231206:0610;2.75;275.9
20231206:0710;2.95;276.1
20231206:0810;3.15;276.3
20231206:0910;2.95;276.1
20231206:1010;3.25;276.4
20231206:1110;3.85;277.0
20231206:1210;4.0;277.15
20231206:1310;4.2;277.35
20231206:1410;5.6;278.75
20231206:1510;5.45;278.6
20231206:1610;5.05;278.2
20231206:1710;4.75;277.9
20231206:1810;4.4;277.55
20231206:1910;4.2;277.35
20231206:2010;3.95;277.1
20231206:2110;4.05;277.2
20231206:2210;4.0;277.15
20231206:2310;3.9;277.05
20231207:0010;3.7;276.85
20231207:0110;3.5;276.65
20231207:0210;3.35;276.5
20231207:0310;3.3;276.45
20231207:0410;3.45;276.6
20231207:0510;3.55;276.7
20231207:0610;3.5;276.65
20231207:0710;3.65;276.8
20231207:0810;3.7;276.85
20231207:0910;3.9;277.05
20231207:1010;4.3;277.45
20231207:1110;5.0;278.15
20231207:1210;5.25;278.4
20231207:1310;5.7;278.85
20231207:1410;7.0;280.15
20231207:1510;6.75;279.9
20231207:1610;6.35;279.5
20231207:1710;5.65;278.8
20231207:1810;5.0;278.15
20231207:1910;4.75;277.9
20231207:2010;4.75;277.9
20231207:2110;4.55;277.7
20231207:2210;4.4;277.55
20231207:2310;4.45;277.6
20231208:0010;4.5;277.65
20231208:0110;4.45;277.6
20231208:0210;4.5;277.65
20231208:0310;4.2;277.35
20231208:0410;4.3;277.45
20231208:0510;4.35;277.5
20231208:0610;4.35;277.5
20231208:0710;4.05;277.2
20231208:0810;4.05;277.2
20231208:0910;4.25;277.4
20231208:1010;4.45;277.6
20231208:1110;4.6;277.75
20231208:1210;4.7;277.85
20231208:1310;4.75;277.9
20231208:1410;4.7;277.85
20231208:1510;4.9;278.05
20231208:1610;4.8;277.95
20231208:1710;4.5;277.65
20231208:1810;4.45;277.6
20231208:1910;4.45;277.6
20231208:2010;4.45;277.6
20231208:2110;4.35;277.5
20231208:2210;4.15;277.3
20231208:2310;3.75;276.9
20231209:0010;3.25;276.4
20231209:0110;2.9;276.05
20231209:0210;2.7;275.85
20231209:0310;2.7;275.85
20231209:0410;2.7;275.85
20231209:0510;2.7;275.85
20231209:0610;2.8;275.95
20231209:0710;3.0;276.15
20231209:0810;3.3;276.45
20231209:0910;3.45;276.6
20231209:1010;3.75;276.9
20231209:1110;4.1;277.25
20231209:1210;4.2;277.35
20231209:1310;4.45;277.6
20231209:1410;4.5;277.65
20231209:1510;4.85;278.0
20231209:1610;4.95;278.1
20231209:1710;5.1;278.25
20231209:1810;5.15;278.3
20231209:1910;4.75;277.9
20231209:2010;4.7;277.85
20231209:2110;4.5;277.65
20231209:2210;4.5;277.65
20231209:2310;4.25;277.4
20231210:0010;4.05;277.2
20231210:0110;3.85;277.0
20231210:0210;3.75;276.9
20231210:0310;3.85;277.0
20231210:0410;3.9;277.05
20231210:0510;3.7;276.85
20231210:0610;3.65;276.8
20231210:0710;3.6;276.75
20231210:0810;3.4;276.55
20231210:0910;3.45;276.6
20231210:1010;3.55;276.7
20231210:1110;4.8;277.95
20231210:1210;4.6;277.75
20231210:1310;4.85;278.0
20231210:1410;4.75;277.9
20231210:1510;4.55;277.7
20231210:1610;4.4;277.55
20231210:1710;4.0;277.15
20231210:1810;4.1;277.25
20231210:1910;4.2;277.35
20231210:2010;3.9;277.05
20231210:2110;3.8;276.95
20231210:2210;3.6;276.75
20231210:2310;3.45;276.6
20231211:0010;3.25;276.4
20231211:0110;2.95;276.1
20231211:0210;2.85;276.0
20231211:0310;2.55;275.7
20231211:0410;2.4;275.55
20231211:0510;2.45;275.6
20231211:0610;2.25;275.4
20231211:0710;2.9;276.05
20231211:0810;2.95;276.1
20231211:0910;2.75;275.9
20231211:1010;3.35;276.5
20231211:1110;3.8;276.95
20231211:1210;4.05;277.2
20231211:1310;4.5;277.65
20231211:1410;4.55;277.7
20231211:1510;4.1;277.25
20231211:1610;4.0;277.15
20231211:1710;3.65;276.8
20231211:1810;3.55;276.7
20231211:1910;3.75;276.9
20231211:2010;3.8;276.95
20231211:2110;3.6;276.75
20231211:2210;3.5;276.65
20231211:2310;3.3;276.45
20231212:0010;3.2;276.35
20231212:0110;3.2;276.35
20231212:0210;3.1;276.25
20231212:0310;3.0;276.15
20231212:0410;3.05;276.2
20231212:0510;2.7;275.85
20231212:0610;2.7;275.85
20231212:0710;3.15;276.3
20231212:0810;2.95;276.1
20231212:0910;3.0;276.15
20231212:1010;3.6;276.75
20231212:1110;3.65;276.8
20231212:1210;4.0;277.15
20231212:1310;4.45;277.6
20231212:1410;4.65;277.8
20231212:1510;4.5;277.65
20231212:1610;4.2;277.35
20231212:1710;3.9;277.05
20231212:1810;3.6;276.75
20231212:1910;3.6;276.75
20231212:2010;3.6;276.75
20231212:2110;3.25;276.4
20231212:2210;2.7;275.85
20231212:2310;2.5;275.65
20231213:0010;2.35;275.5
20231213:0110;2.05;275.2
20231213:0210;1.8;274.95
20231213:0310;1.95;275.1
20231213:0410;1.9;275.05
20231213:0510;1.75;274.9
20231213:0610;1.7;274.85
20231213:0710;1.8;274.95
20231213:0810;1.85;275.0
20231213:0910;2.05;275.2
20231213:1010;2.35;275.5
20231213:1110;2.3;275.45
20231213:1210;2.6;275.75
20231213:1310;3.1;276.25
20231213:1410;3.7;276.85
20231213:1510;3.55;276.7
20231213:1610;3.65;276.8
20231213:1710;3.95;277.1
20231213:1810;3.75;276.9
20231213:1910;3.7;276.85
20231213:2010;3.7;276.85
20231213:2110;3.6;276.75
20231213:2210;3.3;276.45
20231213:2310;3.15;276.3
20231214:0010;2.55;275.7
20231214:0110;2.15;275.3
20231214:0210;2.4;275.55
20231214:0310;2.6;275.75
20231214:0410;2.85;276.0
20231214:0510;2.75;275.9
20231214:0610;2.9;276.05
20231214:0710;2.8;275.95
20231214:0810;2.9;276.05
20231214:0910;3.3;276.45
20231214:1010;3.95;277.1
20231214:1110;4.05;277.2
20231214:1210;4.5;277.65
20231214:1310;5.55;278.7
20231214:1410;5.85;279.0
20231214:1510;6.15;279.3
20231214:1610;5.95;279.1
20231214:1710;5.45;278.6
20231214:1810;4.8;277.95
20231214:1910;4.6;277.75
20231214:2010;4.65;277.8
20231214:2110;4.6;277.75
20231214:2210;5.2;278.35
20231214:2310;5.0;278.15
20231215:0010;4.95;278.1
20231215:0110;4.4;277.55
20231215:0210;4.2;277.35
20231215:0310;3.5;276.65
20231215:0410;3.3;276.45
20231215:0510;3.3;276.45
20231215:0610;3.5;276.65
20231215:0710;3.55;276.7
20231215:0810;3.8;276.95
20231215:0910;4.1;277.25
20231215:1010;4.3;277.45
20231215:1110;4.45;277.6
20231215:1210;4.65;277.8
20231215:1310;4.6;277.75
20231215:1410;4.45;277.6
20231215:1510;4.4;277.55
20231215:1610;4.45;277.6
20231215:1710;4.45;277.6
20231215:1810;4.35;277.5
20231215:1910;4.5;277.65
20231215:2010;4.55;277.7
20231215:2110;4.55;277.7
20231215:2210;4.6;277.75
20231215:2310;4.5;277.65
20231216:0010;4.35;277.5
20231216:0110;4.5;277.65
20231216:0210;4.4;277.55
20231216:0310;4.2;277.35
20231216:0410;4.0;277.15
20231216:0510;4.0;277.15
20231216:0610;3.6;276.75
20231216:0710;3.8;276.95
20231216:0810;3.35;276.5
20231216:0910;3.2;276.35
20231216:1010;3.5;276.65
20231216:1110;3.65;276.8
20231216:1210;3.75;276.9
20231216:1310;3.9;277.05
20231216:1410;4.2;277.35
20231216:1510;4.4;277.55
20231216:1610;4.4;277.55
20231216:1710;4.2;277.35
20231216:1810;4.15;277.3
20231216:1910;4.15;277.3
20231216:2010;4.15;277.3
20231216:2110;4.15;277.3
20231216:2210;4.2;277.35
20231216:2310;4.0;277.15
20231217:0010;4.0;277.15
20231217:0110;3.55;276.7
20231217:0210;3.45;276.6
20231217:0310;3.25;276.4
20231217:0410;3.15;276.3
20231217:0510;3.05;276.2
20231217:0610;3.15;276.3
20231217:0710;3.2;276.35
20231217:0810;3.25;276.4
20231217:0910;3.55;276.7
20231217:1010;3.75;276.9
20231217:1110;4.2;277.35
20231217:1210;4.25;277.4
20231217:1310;4.4;277.55
20231217:1410;4.35;277.5
20231217:1510;3.9;277.05
20231217:1610;3.8;276.95
20231217:1710;3.7;276.85
20231217:1810;3.75;276.9
20231217:1910;3.8;276.95
20231217:2010;3.8;276.95
20231217:2110;3.9;277.05
20231217:2210;4.1;277.25
20231217:2310;3.85;277.0
20231218:0010;4.05;277.2
20231218:0110;3.95;277.1
20231218:0210;4.05;277.2
20231218:0310;4.15;277.3
20231218:0410;4.0;277.15
20231218:0510;3.9;277.05
20231218:0610;3.85;277.0
20231218:0710;4.05;277.2
20231218:0810;4.05;277.2
20231218:0910;4.1;277.25
20231218:1010;4.45;277.6
20231218:1110;4.7;277.85
20231218:1210;4.85;278.0
20231218:1310;4.9;278.05
20231218:1410;4.6;277.75
20231218:1510;4.4;277.55
20231218:1610;4.2;277.35
20231218:1710;3.95;277.1
20231218:1810;3.8;276.95
20231218:1910;3.8;276.95
20231218:2010;3.75;276.9
20231218:2110;3.15;276.3
20231218:2210;2.85;276.0
20231218:2310;2.65;275.8
20231219:0010;2.65;275.8
20231219:0110;2.55;275.7
20231219:0210;2.4;275.55
20231219:0310;2.25;275.4
20231219:0410;2.3;275.45
20231219:0510;2.25;275.4
20231219:0610;2.25;275.4
20231219:0710;2.35;275.5
20231219:0810;2.4;275.55
20231219:0910;2.7;275.85
20231219:1010;3.1;276.25
20231219:1110;3.15;276.3
20231219:1210;3.45;276.6
20231219:1310;3.85;277.0
20231219:1410;4.35;277.5
20231219:1510;4.35;277.5
20231219:1610;3.8;276.95
20231219:1710;3.45;276.6
20231219:1810;3.45;276.6
20231219:1910;3.5;276.65
20231219:2010;3.5;276.65
20231219:2110;2.8;275.95
20231219:2210;2.8;275.95
20231219:2310;2.6;275.75
20231220:0010;2.45;275.6
20231220:0110;2.35;275.5
20231220:0210;2.15;275.3
20231220:0310;2.2;275.35
20231220:0410;2.3;275.45
20231220:0510;3.0;276.15
20231220:0610;2.4;275.55
20231220:0710;2.95;276.1
20231220:0810;2.8;275.95
20231220:0910;2.85;276.0
20231220:1010;3.0;276.15
20231220:1110;3.2;276.35
20231220:1210;3.4;276.55
20231220:1310;3.55;276.7
20231220:1410;3.8;276.95
20231220:1510;3.55;276.7
20231220:1610;3.35;276.5
20231220:1710;3.5;276.65
20231220:1810;3.4;276.55
20231220:1910;3.35;276.5
20231220:2010;3.45;276.6
20231220:2110;3.05;276.2
20231220:2210;3.1;276.25
20231220:2310;3.05;276.2
20231221:0010;2.9;276.05
20231221:0110;2.95;276.1
20231221:0210;2.7;275.85
20231221:0310;2.45;275.6
20231221:0410;2.2;275.35
20231221:0510;2.2;275.35
20231221:0610;2.3;275.45
20231221:0710;2.3;275.45
20231221:0810;2.15;275.3
20231221:0910;2.25;275.4
20231221:1010;2.7;275.85
20231221:1110;3.25;276.4
20231221:1210;3.45;276.6
20231221:1310;3.75;276.9
20231221:1410;3.8;276.95
20231221:1510;3.9;277.05
20231221:1610;3.8;276.95
20231221:1710;3.9;277.05
20231221:1810;3.8;276.95
20231221:1910;3.8;276.95
20231221:2010;3.65;276.8
20231221:2110;3.55;276.7
20231221:2210;3.5;276.65
20231221:2310;3.2;276.35
20231222:0010;3.2;276.35
20231222:0110;3.25;276.4
20231222:0210;3.7;276.85
20231222:0310;4.35;277.5
20231222:0410;4.4;277.55
20231222:0510;4.15;277.3
20231222:0610;3.75;276.9
20231222:0710;4.25;277.4
20231222:0810;4.6;277.75
20231222:0910;4.7;277.85
20231222:1010;4.5;277.65
20231222:1110;4.9;278.05
20231222:1210;4.8;277.95
20231222:1310;4.95;278.1
20231222:1410;5.1;278.25
20231222:1510;5.15;278.3
20231222:1610;5.3;278.45
20231222:1710;5.3;278.45
20231222:1810;5.35;278.5
20231222:1910;5.1;278.25
20231222:2010;4.8;277.95
20231222:2110;6.25;279.4
20231222:2210;6.3;279.45
20231222:2310;6.25;279.4
20231223:0010;5.95;279.1
20231223:0110;5.8;278.95
20231223:0210;5.7;278.85
20231223:0310;5.35;278.5
20231223:0410;5.0;278.15
20231223:0510;5.3;278.45
20231223:0610;5.0;278.15
20231223:0710;5.6;278.75
20231223:0810;4.9;278.05
20231223:0910;5.05;278.2
20231223:1010;5.3;278.45
20231223:1110;5.3;278.45
20231223:1210;5.3;278.45
20231223:1310;6.15;279.3
20231223:1410;6.4;279.55
20231223:1510;8.15;281.3
20231223:1610;8.75;281.9
20231223:1710;8.45;281.6
20231223:1810;6.15;279.3
20231223:1910;5.9;279.05
20231223:2010;5.95;279.1
20231223:2110;6.1;279.25
20231223:2210;6.3;279.45
20231223:2310;8.0;281.15
20231224:0010;7.65;280.8
20231224:0110;7.6;280.75
20231224:0210;7.3;280.45
20231224:0310;7.0;280.15
20231224:0410;7.7;280.85
20231224:0510;7.85;281.0
20231224:0610;8.0;281.15
20231224:0710;8.15;281.3
20231224:0810;8.15;281.3
20231224:0910;8.05;281.2
20231224:1010;8.35;281.5
20231224:1110;8.75;281.9
20231224:1210;9.4;282.55
20231224:1310;9.45;282.6
20231224:1410;9.3;282.45
20231224:1510;8.7;281.85
20231224:1610;8.5;281.65
20231224:1710;7.85;281.0
20231224:1810;7.8;280.95
20231224:1910;7.65;280.8
20231224:2010;7.55;280.7
20231224:2110;7.45;280.6
20231224:2210;7.35;280.5
20231224:2310;7.7;280.85
20231225:0010;7.9;281.05
20231225:0110;8.05;281.2
20231225:0210;7.75;280.9
20231225:0310;6.95;280.1
20231225:0410;6.55;279.7
20231225:0510;6.3;279.45
20231225:0610;5.95;279.1
20231225:0710;5.95;279.1
20231225:0810;5.75;278.9
20231225:0910;5.15;278.3
20231225:1010;5.15;278.3
20231225:1110;5.4;278.55
20231225:1210;5.8;278.95
20231225:1310;6.25;279.4
20231225:1410;6.7;279.85
20231225:1510;6.4;279.55
20231225:1610;6.3;279.45
20231225:1710;5.75;278.9
20231225:1810;5.5;278.65
20231225:1910;5.2;278.35
20231225:2010;4.65;277.8
20231225:2110;4.25;277.4
20231225:2210;4.0;277.15
20231225:2310;3.9;277.05
20231226:0010;3.75;276.9
20231226:0110;3.7;276.85
20231226:0210;3.5;276.65
20231226:0310;3.35;276.5
20231226:0410;3.3;276.45
20231226:0510;3.15;276.3
20231226:0610;2.85;276.0
20231226:0710;3.1;276.25
20231226:0810;3.1;276.25
20231226:0910;3.2;276.35
20231226:1010;3.65;276.8
20231226:1110;4.25;277.4
20231226:1210;4.9;278.05
20231226:1310;5.1;278.25
20231226:1410;5.3;278.45
20231226:1510;5.3;278.45
20231226:1610;4.95;278.1
20231226:1710;4.35;277.5
20231226:1810;4.2;277.35
20231226:1910;3.6;276.75
20231226:2010;3.65;276.8
20231226:2110;3.4;276.55
20231226:2210;3.05;276.2
20231226:2310;3.1;276.25
20231227:0010;3.2;276.35
20231227:0110;3.0;276.15
20231227:0210;2.85;276.0
20231227:0310;2.9;276.05
20231227:0410;2.9;276.05
20231227:0510;3.1;276.25
20231227:0610;2.75;275.9
20231227:0710;2.65;275.8
20231227:0810;2.7;275.85
20231227:0910;2.95;276.1
20231227:1010;3.65;276.8
20231227:1110;4.65;277.8
20231227:1210;5.3;278.45
20231227:1310;6.05;279.2
20231227:1410;6.15;279.3
20231227:1510;6.45;279.6
20231227:1610;6.2;279.35
20231227:1710;6.1;279.25
20231227:1810;5.65;278.8
20231227:1910;5.45;278.6
20231227:2010;5.6;278.75
20231227:2110;5.45;278.6
20231227:2210;5.85;279.0
20231227:2310;4.95;278.1
20231228:0010;4.6;277.75
20231228:0110;3.9;277.05
20231228:0210;3.9;277.05
20231228:0310;3.9;277.05
20231228:0410;3.75;276.9
20231228:0510;3.8;276.95
20231228:0610;3.85;277.0
20231228:0710;3.8;276.95
20231228:0810;3.65;276.8
20231228:0910;2.9;276.05
20231228:1010;3.2;276.35
20231228:1110;4.05;277.2
20231228:1210;4.65;277.8
20231228:1310;5.15;278.3
20231228:1410;5.35;278.5
20231228:1510;5.15;278.3
20231228:1610;4.65;277.8
20231228:1710;4.3;277.45
20231228:1810;4.05;277.2
20231228:1910;3.6;276.75
20231228:2010;3.4;276.55
20231228:2110;3.35;276.5
20231228:2210;3.35;276.5
20231228:2310;3.15;276.3
20231229:0010;3.05;276.2
20231229:0110;2.8;275.95
20231229:0210;2.45;275.6
20231229:0310;2.15;275.3
20231229:0410;1.95;275.1
20231229:0510;1.75;274.9
20231229:0610;1.6;274.75
20231229:0710;1.75;274.9
20231229:0810;1.6;274.75
20231229:0910;1.75;274.9
20231229:1010;2.75;275.9
20231229:1110;4.2;277.35
20231229:1210;5.05;278.2
20231229:1310;4.8;277.95
20231229:1410;4.2;277.35
20231229:1510;3.6;276.75
20231229:1610;3.05;276.2
20231229:1710;2.45;275.6
20231229:1810;2.65;275.8
20231229:1910;3.05;276.2
20231229:2010;3.2;276.35
20231229:2110;3.65;276.8
20231229:2210;3.6;276.75
20231229:2310;3.3;276.45
20231230:0010;2.8;275.95
20231230:0110;2.55;275.7
20231230:0210;2.75;275.9
20231230:0310;2.85;276.0
20231230:0410;2.5;275.65
20231230:0510;1.8;274.95
20231230:0610;2.5;275.65
20231230:0710;3.05;276.2
20231230:0810;3.55;276.7
20231230:0910;3.35;276.5
20231230:1010;3.8;276.95
20231230:1110;4.9;278.05
20231230:1210;4.95;278.1
20231230:1310;4.65;277.8
20231230:1410;5.15;278.3
20231230:1510;5.25;278.4
20231230:1610;4.75;277.9
20231230:1710;3.9;277.05
20231230:1810;3.5;276.65
20231230:1910;2.95;276.1
20231230:2010;2.8;275.95
20231230:2110;3.15;276.3
20231230:2210;3.35;276.5
20231230:2310;3.8;276.95
20231231:0010;4.15;277.3
20231231:0110;3.5;276.65
20231231:0210;3.4;276.55
20231231:0310;3.4;276.55
20231231:0410;3.6;276.75
20231231:0510;3.8;276.95
20231231:0610;3.6;276.75
20231231:0710;3.4;276.55
20231231:0810;4.0;277.15
20231231:0910;4.3;277.45
20231231:1010;5.2;278.35
20231231:1110;6.0;279.15
20231231:1210;6.4;279.55
20231231:1310;6.7;279.85
20231231:1410;6.6;279.75
20231231:1510;6.9;280.05
20231231:1610;6.3;279.45
20231231:1710;5.8;278.95
20231231:1810;5.5;278.65
20231231:1910;5.6;278.75
20231231:2010;5.7;278.85
20231231:2110;5.4;278.55
20231231:2210;5.4;278.55
20231231:2310;5.0;278.15
