time;T2m(gradC);T2m;;;
20230101:0010;5.39;278.54;;;
20230101:0110;5.33;278.48;;;
20230101:0210;5.28;278.43;;;
20230101:0310;4.87;278.02;;;
20230101:0410;2.7;275.85;;;
20230101:0510;1.85;275;;;5.001666667
20230101:0610;2.55;275.7;;;
20230101:0710;3.7;276.85;;;
20230101:0810;3.94;277.09;;;
20230101:0910;4.81;277.96;;;
20230101:1010;6.59;279.74;;;
20230101:1110;7.75;280.9;;;
20230101:1210;8.56;281.71;;;
20230101:1310;8.66;281.81;;;
20230101:1410;8.52;281.67;;;
20230101:1510;7.55;280.7;;;
20230101:1610;6.33;279.48;;;
20230101:1710;5.42;278.57;;;
20230101:1810;4.82;277.97;;;
20230101:1910;4.3;277.45;;;
20230101:2010;3.46;276.61;;;
20230101:2110;2.89;276.04;;;
20230101:2210;2.54;275.69;;;
20230101:2310;2.23;275.38;;;
20230102:0010;1.86;275.01;;;
20230102:0110;1.88;275.03;;;
20230102:0210;1.82;274.97;;;
20230102:0310;2.39;275.54;;;
20230102:0410;2.77;275.92;;;
20230102:0510;3.02;276.17;;;
20230102:0610;3.14;276.29;;;
20230102:0710;2.49;275.64;;;
20230102:0810;3.05;276.2;;;
20230102:0910;4.91;278.06;;;
20230102:1010;5.73;278.88;;;
20230102:1110;6.32;279.47;;;
20230102:1210;6.75;279.9;;;
20230102:1310;6.89;280.04;;;
20230102:1410;6.62;279.77;;;
20230102:1510;6.2;279.35;;;
20230102:1610;5.74;278.89;;;
20230102:1710;5.28;278.43;;;
20230102:1810;4.95;278.1;;;
20230102:1910;4.33;277.48;;;
20230102:2010;4.26;277.41;;;
20230102:2110;4.1;277.25;;;
20230102:2210;4.11;277.26;;;
20230102:2310;3.79;276.94;;;
20230103:0010;3.55;276.7;;;
20230103:0110;3.27;276.42;;;
20230103:0210;2.91;276.06;;;
20230103:0310;3.07;276.22;;;
20230103:0410;3.43;276.58;;;
20230103:0510;3.79;276.94;;;
20230103:0610;4.23;277.38;;;
20230103:0710;4.59;277.74;;;
20230103:0810;5.46;278.61;;;
20230103:0910;6.71;279.86;;;
20230103:1010;7.99;281.14;;;
20230103:1110;8.97;282.12;;;
20230103:1210;9.46;282.61;;;
20230103:1310;9.26;282.41;;;
20230103:1410;8.75;281.9;;;
20230103:1510;7.94;281.09;;;
20230103:1610;7.27;280.42;;;
20230103:1710;6.89;280.04;;;
20230103:1810;6.5;279.65;;;
20230103:1910;6.01;279.16;;;
20230103:2010;5.8;278.95;;;
20230103:2110;5.44;278.59;;;
20230103:2210;4.63;277.78;;;
20230103:2310;4.11;277.26;;;
20230104:0010;3.72;276.87;;;
20230104:0110;3.33;276.48;;;
20230104:0210;3.01;276.16;;;
20230104:0310;2.21;275.36;;;
20230104:0410;1.23;274.38;;;
20230104:0510;0.4;273.55;;;
20230104:0610;0.32;273.47;;;
20230104:0710;0.25;273.4;;;
20230104:0810;1.55;274.7;;;
20230104:0910;3.38;276.53;;;
20230104:1010;5.04;278.19;;;
20230104:1110;6.35;279.5;;;
20230104:1210;7.64;280.79;;;
20230104:1310;8.54;281.69;;;
20230104:1410;8.41;281.56;;;
20230104:1510;7.67;280.82;;;
20230104:1610;7.04;280.19;;;
20230104:1710;7.18;280.33;;;
20230104:1810;7.47;280.62;;;
20230104:1910;6.93;280.08;;;
20230104:2010;6.08;279.23;;;
20230104:2110;5.93;279.08;;;
20230104:2210;5.97;279.12;;;
20230104:2310;6.51;279.66;;;
20230105:0010;7.91;281.06;;;
20230105:0110;8.87;282.02;;;
20230105:0210;9.49;282.64;;;
20230105:0310;9.38;282.53;;;
20230105:0410;9.56;282.71;;;
20230105:0510;9.79;282.94;;;
20230105:0610;10.25;283.4;;;
20230105:0710;10.87;284.02;;;
20230105:0810;11.31;284.46;;;
20230105:0910;11.65;284.8;;;
20230105:1010;11.7;284.85;;;
20230105:1110;11.87;285.02;;;
20230105:1210;11.85;285;;;
20230105:1310;11.54;284.69;;;
20230105:1410;10.79;283.94;;;
20230105:1510;9.8;282.95;;;
20230105:1610;9.18;282.33;;;
20230105:1710;8.67;281.82;;;
20230105:1810;8.5;281.65;;;
20230105:1910;8.65;281.8;;;
20230105:2010;8.51;281.66;;;
20230105:2110;8.36;281.51;;;
20230105:2210;8.25;281.4;;;
20230105:2310;8.3;281.45;;;
20230106:0010;8.2;281.35;;;
20230106:0110;8.01;281.16;;;
20230106:0210;7.63;280.78;;;
20230106:0310;7.45;280.6;;;
20230106:0410;7.22;280.37;;;
20230106:0510;6.87;280.02;;;
20230106:0610;6.22;279.37;;;
20230106:0710;6.69;279.84;;;
20230106:0810;7.01;280.16;;;
20230106:0910;7.6;280.75;;;
20230106:1010;8.18;281.33;;;
20230106:1110;8.63;281.78;;;
20230106:1210;9.19;282.34;;;
20230106:1310;10.29;283.44;;;
20230106:1410;10.38;283.53;;;
20230106:1510;9.3;282.45;;;
20230106:1610;7.54;280.69;;;
20230106:1710;6.11;279.26;;;
20230106:1810;5.49;278.64;;;
20230106:1910;5.64;278.79;;;
20230106:2010;6.15;279.3;;;
20230106:2110;6.83;279.98;;;
20230106:2210;6.8;279.95;;;
20230106:2310;6.86;280.01;;;
20230107:0010;6.68;279.83;;;
20230107:0110;6.56;279.71;;;
20230107:0210;6.39;279.54;;;
20230107:0310;6.2;279.35;;;
20230107:0410;6.07;279.22;;;
20230107:0510;5.9;279.05;;;
20230107:0610;5.34;278.49;;;
20230107:0710;4.4;277.55;;;
20230107:0810;4.9;278.05;;;
20230107:0910;7.41;280.56;;;
20230107:1010;9.32;282.47;;;
20230107:1110;10.22;283.37;;;
20230107:1210;10.52;283.67;;;
20230107:1310;10.42;283.57;;;
20230107:1410;9.86;283.01;;;
20230107:1510;8.48;281.63;;;
20230107:1610;7.06;280.21;;;
20230107:1710;6.08;279.23;;;
20230107:1810;5.28;278.43;;;
20230107:1910;4.84;277.99;;;
20230107:2010;4.16;277.31;;;
20230107:2110;3.44;276.59;;;
20230107:2210;2.66;275.81;;;
20230107:2310;2.27;275.42;;;
20230108:0010;2.18;275.33;;;
20230108:0110;2.63;275.78;;;
20230108:0210;2.71;275.86;;;
20230108:0310;2.78;275.93;;;
20230108:0410;2.64;275.79;;;
20230108:0510;2.62;275.77;;;
20230108:0610;2.51;275.66;;;
20230108:0710;2.95;276.1;;;
20230108:0810;3.04;276.19;;;
20230108:0910;3.25;276.4;;;
20230108:1010;3.49;276.64;;;
20230108:1110;3.87;277.02;;;
20230108:1210;4.29;277.44;;;
20230108:1310;4.47;277.62;;;
20230108:1410;4.4;277.55;;;
20230108:1510;4.15;277.3;;;
20230108:1610;3.68;276.83;;;
20230108:1710;3.14;276.29;;;
20230108:1810;3.16;276.31;;;
20230108:1910;2.75;275.9;;;
20230108:2010;0.77;273.92;;;
20230108:2110;-0.1;273.05;;;
20230108:2210;-0.59;272.56;;;
20230108:2310;-0.49;272.66;;;
20230109:0010;0;273.15;;;
20230109:0110;0.55;273.7;;;
20230109:0210;1.77;274.92;;;
20230109:0310;3.68;276.83;;;
20230109:0410;5.2;278.35;;;
20230109:0510;6.21;279.36;;;
20230109:0610;6.77;279.92;;;
20230109:0710;6.24;279.39;;;
20230109:0810;6.42;279.57;;;
20230109:0910;6.75;279.9;;;
20230109:1010;7.65;280.8;;;
20230109:1110;6.98;280.13;;;
20230109:1210;6.51;279.66;;;
20230109:1310;6.54;279.69;;;
20230109:1410;6.43;279.58;;;
20230109:1510;6.2;279.35;;;
20230109:1610;5.73;278.88;;;
20230109:1710;5.4;278.55;;;
20230109:1810;5.11;278.26;;;
20230109:1910;4.93;278.08;;;
20230109:2010;4.78;277.93;;;
20230109:2110;4.61;277.76;;;
20230109:2210;4.44;277.59;;;
20230109:2310;4.26;277.41;;;
20230110:0010;4.22;277.37;;;
20230110:0110;4.31;277.46;;;
20230110:0210;4.3;277.45;;;
20230110:0310;4.28;277.43;;;
20230110:0410;4.31;277.46;;;
20230110:0510;4.28;277.43;;;
20230110:0610;4.22;277.37;;;
20230110:0710;4.32;277.47;;;
20230110:0810;4.49;277.64;;;
20230110:0910;4.71;277.86;;;
20230110:1010;5;278.15;;;
20230110:1110;5.4;278.55;;;
20230110:1210;5.64;278.79;;;
20230110:1310;5.87;279.02;;;
20230110:1410;6.11;279.26;;;
20230110:1510;6.01;279.16;;;
20230110:1610;5.46;278.61;;;
20230110:1710;4.95;278.1;;;
20230110:1810;4.62;277.77;;;
20230110:1910;4.35;277.5;;;
20230110:2010;3.82;276.97;;;
20230110:2110;3.36;276.51;;;
20230110:2210;2.92;276.07;;;
20230110:2310;2.6;275.75;;;
20230111:0010;2.41;275.56;;;
20230111:0110;1.92;275.07;;;
20230111:0210;1.4;274.55;;;
20230111:0310;0.77;273.92;;;
20230111:0410;-0.25;272.9;;;
20230111:0510;-1.52;271.63;;;
20230111:0610;-2.12;271.03;;;
20230111:0710;0.36;273.51;;;
20230111:0810;0.85;274;;;
20230111:0910;2.05;275.2;;;
20230111:1010;5.08;278.23;;;
20230111:1110;6.39;279.54;;;
20230111:1210;7.16;280.31;;;
20230111:1310;7.7;280.85;;;
20230111:1410;7.19;280.34;;;
20230111:1510;6.54;279.69;;;
20230111:1610;5.51;278.66;;;
20230111:1710;4.26;277.41;;;
20230111:1810;3.61;276.76;;;
20230111:1910;4;277.15;;;
20230111:2010;4.69;277.84;;;
20230111:2110;5.37;278.52;;;
20230111:2210;5.98;279.13;;;
20230111:2310;6.98;280.13;;;
20230112:0010;7.48;280.63;;;
20230112:0110;7.53;280.68;;;
20230112:0210;7.14;280.29;;;
20230112:0310;6.75;279.9;;;
20230112:0410;6.38;279.53;;;
20230112:0510;5.99;279.14;;;
20230112:0610;5.68;278.83;;;
20230112:0710;5.37;278.52;;;
20230112:0810;5.55;278.7;;;
20230112:0910;6.65;279.8;;;
20230112:1010;7.86;281.01;;;
20230112:1110;8.85;282;;;
20230112:1210;9.46;282.61;;;
20230112:1310;9.83;282.98;;;
20230112:1410;9.56;282.71;;;
20230112:1510;8.16;281.31;;;
20230112:1610;6.13;279.28;;;
20230112:1710;4.81;277.96;;;
20230112:1810;4.27;277.42;;;
20230112:1910;4.78;277.93;;;
20230112:2010;3.89;277.04;;;
20230112:2110;3.04;276.19;;;
20230112:2210;2.48;275.63;;;
20230112:2310;2.12;275.27;;;
20230113:0010;1.6;274.75;;;
20230113:0110;1.37;274.52;;;
20230113:0210;1.1;274.25;;;
20230113:0310;1.23;274.38;;;
20230113:0410;1.27;274.42;;;
20230113:0510;1.57;274.72;;;
20230113:0610;1.41;274.56;;;
20230113:0710;1.96;275.11;;;
20230113:0810;3.07;276.22;;;
20230113:0910;5.35;278.5;;;
20230113:1010;7.71;280.86;;;
20230113:1110;8.63;281.78;;;
20230113:1210;9.6;282.75;;;
20230113:1310;9.72;282.87;;;
20230113:1410;8.87;282.02;;;
20230113:1510;7.82;280.97;;;
20230113:1610;7.18;280.33;;;
20230113:1710;5.7;278.85;;;
20230113:1810;5.54;278.69;;;
20230113:1910;5.43;278.58;;;
20230113:2010;6.11;279.26;;;
20230113:2110;6.08;279.23;;;
20230113:2210;5.82;278.97;;;
20230113:2310;5.39;278.54;;;
20230114:0010;5.26;278.41;;;
20230114:0110;4.95;278.1;;;
20230114:0210;4.76;277.91;;;
20230114:0310;4.59;277.74;;;
20230114:0410;4.45;277.6;;;
20230114:0510;4.38;277.53;;;
20230114:0610;4.22;277.37;;;
20230114:0710;4.33;277.48;;;
20230114:0810;4.93;278.08;;;
20230114:0910;6.09;279.24;;;
20230114:1010;7.24;280.39;;;
20230114:1110;8.08;281.23;;;
20230114:1210;8.59;281.74;;;
20230114:1310;8.82;281.97;;;
20230114:1410;8.59;281.74;;;
20230114:1510;7.28;280.43;;;
20230114:1610;5.53;278.68;;;
20230114:1710;4.83;277.98;;;
20230114:1810;4.65;277.8;;;
20230114:1910;5.09;278.24;;;
20230114:2010;5.07;278.22;;;
20230114:2110;5.08;278.23;;;
20230114:2210;5.05;278.2;;;
20230114:2310;5.52;278.67;;;
20230115:0010;5.8;278.95;;;
20230115:0110;5.66;278.81;;;
20230115:0210;5.56;278.71;;;
20230115:0310;5.33;278.48;;;
20230115:0410;5.28;278.43;;;
20230115:0510;5.08;278.23;;;
20230115:0610;4.77;277.92;;;
20230115:0710;3.93;277.08;;;
20230115:0810;4.31;277.46;;;
20230115:0910;4.63;277.78;;;
20230115:1010;5.35;278.5;;;
20230115:1110;6.1;279.25;;;
20230115:1210;6.81;279.96;;;
20230115:1310;6.76;279.91;;;
20230115:1410;6.2;279.35;;;
20230115:1510;6.05;279.2;;;
20230115:1610;5.98;279.13;;;
20230115:1710;6.39;279.54;;;
20230115:1810;6.12;279.27;;;
20230115:1910;5.63;278.78;;;
20230115:2010;4.93;278.08;;;
20230115:2110;4.54;277.69;;;
20230115:2210;4.25;277.4;;;
20230115:2310;4.03;277.18;;;
20230116:0010;3.73;276.88;;;
20230116:0110;3.55;276.7;;;
20230116:0210;3.22;276.37;;;
20230116:0310;2.64;275.79;;;
20230116:0410;2.5;275.65;;;
20230116:0510;1.8;274.95;;;
20230116:0610;1.61;274.76;;;
20230116:0710;1.61;274.76;;;
20230116:0810;2.13;275.28;;;
20230116:0910;2.9;276.05;;;
20230116:1010;3.56;276.71;;;
20230116:1110;4.05;277.2;;;
20230116:1210;4.31;277.46;;;
20230116:1310;4.14;277.29;;;
20230116:1410;3.78;276.93;;;
20230116:1510;3.14;276.29;;;
20230116:1610;2.69;275.84;;;
20230116:1710;2.57;275.72;;;
20230116:1810;2.32;275.47;;;
20230116:1910;1.65;274.8;;;
20230116:2010;1.27;274.42;;;
20230116:2110;0.99;274.14;;;
20230116:2210;0.5;273.65;;;
20230116:2310;-0.36;272.79;;;
20230117:0010;0;273.15;;;
20230117:0110;-0.12;273.03;;;
20230117:0210;0.11;273.26;;;
20230117:0310;0.11;273.26;;;
20230117:0410;0.26;273.41;;;
20230117:0510;0.33;273.48;;;
20230117:0610;0.34;273.49;;;
20230117:0710;0.07;273.22;;;
20230117:0810;1;274.15;;;
20230117:0910;3.33;276.48;;;
20230117:1010;4.8;277.95;;;
20230117:1110;6.01;279.16;;;
20230117:1210;6.65;279.8;;;
20230117:1310;6.74;279.89;;;
20230117:1410;5.94;279.09;;;
20230117:1510;5.01;278.16;;;
20230117:1610;4.17;277.32;;;
20230117:1710;3.7;276.85;;;
20230117:1810;3.3;276.45;;;
20230117:1910;2.84;275.99;;;
20230117:2010;2.71;275.86;;;
20230117:2110;2.65;275.8;;;
20230117:2210;2.64;275.79;;;
20230117:2310;2.62;275.77;;;
20230118:0010;2.54;275.69;;;
20230118:0110;2.48;275.63;;;
20230118:0210;2.38;275.53;;;
20230118:0310;2.27;275.42;;;
20230118:0410;2.23;275.38;;;
20230118:0510;2.24;275.39;;;
20230118:0610;2.33;275.48;;;
20230118:0710;1.35;274.5;;;
20230118:0810;1.75;274.9;;;
20230118:0910;3.22;276.37;;;
20230118:1010;4.67;277.82;;;
20230118:1110;5.69;278.84;;;
20230118:1210;6.08;279.23;;;
20230118:1310;6.52;279.67;;;
20230118:1410;6.54;279.69;;;
20230118:1510;5.85;279;;;
20230118:1610;3.64;276.79;;;
20230118:1710;3.92;277.07;;;
20230118:1810;3.81;276.96;;;
20230118:1910;2.01;275.16;;;
20230118:2010;3.01;276.16;;;
20230118:2110;1.45;274.6;;;
20230118:2210;0.43;273.58;;;
20230118:2310;0.94;274.09;;;
20230119:0010;1.18;274.33;;;
20230119:0110;0.78;273.93;;;
20230119:0210;0.64;273.79;;;
20230119:0310;0.63;273.78;;;
20230119:0410;0.65;273.8;;;
20230119:0510;0.45;273.6;;;
20230119:0610;0.32;273.47;;;
20230119:0710;0.34;273.49;;;
20230119:0810;0.73;273.88;;;
20230119:0910;0.97;274.12;;;
20230119:1010;1.59;274.74;;;
20230119:1110;2.14;275.29;;;
20230119:1210;2.34;275.49;;;
20230119:1310;2.4;275.55;;;
20230119:1410;2.38;275.53;;;
20230119:1510;2.03;275.18;;;
20230119:1610;1.55;274.7;;;
20230119:1710;1.15;274.3;;;
20230119:1810;0.82;273.97;;;
20230119:1910;0.43;273.58;;;
20230119:2010;-0.23;272.92;;;
20230119:2110;-0.74;272.41;;;
20230119:2210;-1.41;271.74;;;
20230119:2310;-1.99;271.16;;;
20230120:0010;-2.56;270.59;;;
20230120:0110;-3.05;270.1;;;
20230120:0210;-3.35;269.8;;;
20230120:0310;-3.42;269.73;;;
20230120:0410;-3.37;269.78;;;
20230120:0510;-3.42;269.73;;;
20230120:0610;-3.2;269.95;;;
20230120:0710;-2.2;270.95;;;
20230120:0810;-1.28;271.87;;;
20230120:0910;-0.39;272.76;;;
20230120:1010;0.2;273.35;;;
20230120:1110;0.66;273.81;;;
20230120:1210;1.25;274.4;;;
20230120:1310;1.61;274.76;;;
20230120:1410;1.53;274.68;;;
20230120:1510;1.13;274.28;;;
20230120:1610;0.62;273.77;;;
20230120:1710;0.33;273.48;;;
20230120:1810;0.1;273.25;;;
20230120:1910;-0.13;273.02;;;
20230120:2010;-0.2;272.95;;;
20230120:2110;-0.22;272.93;;;
20230120:2210;-0.34;272.81;;;
20230120:2310;-0.45;272.7;;;
20230121:0010;-0.56;272.59;;;
20230121:0110;-0.64;272.51;;;
20230121:0210;-0.73;272.42;;;
20230121:0310;-0.81;272.34;;;
20230121:0410;-0.88;272.27;;;
20230121:0510;-0.92;272.23;;;
20230121:0610;-0.99;272.16;;;
20230121:0710;-1.44;271.71;;;
20230121:0810;-1.39;271.76;;;
20230121:0910;-1.14;272.01;;;
20230121:1010;-0.91;272.24;;;
20230121:1110;-0.68;272.47;;;
20230121:1210;-0.09;273.06;;;
20230121:1310;-0.02;273.13;;;
20230121:1410;-0.15;273;;;
20230121:1510;-0.34;272.81;;;
20230121:1610;-0.73;272.42;;;
20230121:1710;-0.99;272.16;;;
20230121:1810;-1.09;272.06;;;
20230121:1910;-1.39;271.76;;;
20230121:2010;-1.62;271.53;;;
20230121:2110;-1.75;271.4;;;
20230121:2210;-2.07;271.08;;;
20230121:2310;-2.11;271.04;;;
20230122:0010;-2.36;270.79;;;
20230122:0110;-2.48;270.67;;;
20230122:0210;-2.37;270.78;;;
20230122:0310;-2.17;270.98;;;
20230122:0410;-2.2;270.95;;;
20230122:0510;-2.16;270.99;;;
20230122:0610;-2.17;270.98;;;
20230122:0710;-1.63;271.52;;;
20230122:0810;-1.47;271.68;;;
20230122:0910;-1.07;272.08;;;
20230122:1010;-0.99;272.16;;;
20230122:1110;-0.64;272.51;;;
20230122:1210;-0.44;272.71;;;
20230122:1310;-0.18;272.97;;;
20230122:1410;-0.17;272.98;;;
20230122:1510;-0.47;272.68;;;
20230122:1610;-0.46;272.69;;;
20230122:1710;-0.48;272.67;;;
20230122:1810;-0.47;272.68;;;
20230122:1910;-0.38;272.77;;;
20230122:2010;-0.63;272.52;;;
20230122:2110;-0.52;272.63;;;
20230122:2210;-0.51;272.64;;;
20230122:2310;-0.5;272.65;;;
20230123:0010;-0.47;272.68;;;
20230123:0110;-0.48;272.67;;;
20230123:0210;-0.41;272.74;;;
20230123:0310;-0.37;272.78;;;
20230123:0410;-0.42;272.73;;;
20230123:0510;-0.32;272.83;;;
20230123:0610;-0.53;272.62;;;
20230123:0710;-0.82;272.33;;;
20230123:0810;-0.47;272.68;;;
20230123:0910;-0.1;273.05;;;
20230123:1010;0.45;273.6;;;
20230123:1110;0.85;274;;;
20230123:1210;1.31;274.46;;;
20230123:1310;1.71;274.86;;;
20230123:1410;1.87;275.02;;;
20230123:1510;1.63;274.78;;;
20230123:1610;1.37;274.52;;;
20230123:1710;1.17;274.32;;;
20230123:1810;1.03;274.18;;;
20230123:1910;0.82;273.97;;;
20230123:2010;0.8;273.95;;;
20230123:2110;0.59;273.74;;;
20230123:2210;0.27;273.42;;;
20230123:2310;0.16;273.31;;;
20230124:0010;0.01;273.16;;;
20230124:0110;0;273.15;;;
20230124:0210;0.03;273.18;;;
20230124:0310;0.15;273.3;;;
20230124:0410;-0.17;272.98;;;
20230124:0510;-0.16;272.99;;;
20230124:0610;-0.32;272.83;;;
20230124:0710;0.46;273.61;;;
20230124:0810;0.82;273.97;;;
20230124:0910;1.29;274.44;;;
20230124:1010;1.82;274.97;;;
20230124:1110;2.22;275.37;;;
20230124:1210;2.51;275.66;;;
20230124:1310;2.66;275.81;;;
20230124:1410;2.6;275.75;;;
20230124:1510;2.35;275.5;;;
20230124:1610;1.94;275.09;;;
20230124:1710;1.74;274.89;;;
20230124:1810;1.54;274.69;;;
20230124:1910;1.29;274.44;;;
20230124:2010;0.86;274.01;;;
20230124:2110;0.83;273.98;;;
20230124:2210;0.51;273.66;;;
20230124:2310;0.36;273.51;;;
20230125:0010;0.25;273.4;;;
20230125:0110;0.39;273.54;;;
20230125:0210;0.31;273.46;;;
20230125:0310;0.36;273.51;;;
20230125:0410;0.02;273.17;;;
20230125:0510;0.18;273.33;;;
20230125:0610;0.01;273.16;;;
20230125:0710;0.56;273.71;;;
20230125:0810;0.77;273.92;;;
20230125:0910;1.06;274.21;;;
20230125:1010;1.48;274.63;;;
20230125:1110;1.8;274.95;;;
20230125:1210;2.43;275.58;;;
20230125:1310;2.48;275.63;;;
20230125:1410;2.44;275.59;;;
20230125:1510;2.13;275.28;;;
20230125:1610;1.66;274.81;;;
20230125:1710;1.4;274.55;;;
20230125:1810;1.61;274.76;;;
20230125:1910;0.84;273.99;;;
20230125:2010;0.6;273.75;;;
20230125:2110;0.34;273.49;;;
20230125:2210;0.27;273.42;;;
20230125:2310;0.07;273.22;;;
20230126:0010;0.11;273.26;;;
20230126:0110;0.16;273.31;;;
20230126:0210;0.15;273.3;;;
20230126:0310;0.08;273.23;;;
20230126:0410;-0.05;273.1;;;
20230126:0510;-0.01;273.14;;;
20230126:0610;-0.09;273.06;;;
20230126:0710;0.03;273.18;;;
20230126:0810;0.2;273.35;;;
20230126:0910;0.51;273.66;;;
20230126:1010;1.17;274.32;;;
20230126:1110;1.67;274.82;;;
20230126:1210;1.53;274.68;;;
20230126:1310;1.49;274.64;;;
20230126:1410;1.18;274.33;;;
20230126:1510;1.01;274.16;;;
20230126:1610;0.64;273.79;;;
20230126:1710;0.14;273.29;;;
20230126:1810;0.03;273.18;;;
20230126:1910;-0.57;272.58;;;
20230126:2010;-0.55;272.6;;;
20230126:2110;-0.67;272.48;;;
20230126:2210;-0.72;272.43;;;
20230126:2310;-0.97;272.18;;;
20230127:0010;-1.05;272.1;;;
20230127:0110;-1.22;271.93;;;
20230127:0210;-1.86;271.29;;;
20230127:0310;-1.98;271.17;;;
20230127:0410;-2.1;271.05;;;
20230127:0510;-2.78;270.37;;;
20230127:0610;-3.22;269.93;;;
20230127:0710;-3.55;269.6;;;
20230127:0810;-2.49;270.66;;;
20230127:0910;-1.12;272.03;;;
20230127:1010;-0.49;272.66;;;
20230127:1110;0.06;273.21;;;
20230127:1210;0.21;273.36;;;
20230127:1310;0.06;273.21;;;
20230127:1410;-0.03;273.12;;;
20230127:1510;-0.17;272.98;;;
20230127:1610;-0.66;272.49;;;
20230127:1710;-0.91;272.24;;;
20230127:1810;-1.17;271.98;;;
20230127:1910;-1.72;271.43;;;
20230127:2010;-1.91;271.24;;;
20230127:2110;-2.09;271.06;;;
20230127:2210;-2.09;271.06;;;
20230127:2310;-2.03;271.12;;;
20230128:0010;-2.05;271.1;;;
20230128:0110;-2.04;271.11;;;
20230128:0210;-2.06;271.09;;;
20230128:0310;-2.17;270.98;;;
20230128:0410;-2.2;270.95;;;
20230128:0510;-2.34;270.81;;;
20230128:0610;-2.32;270.83;;;
20230128:0710;-1.64;271.51;;;
20230128:0810;-1.36;271.79;;;
20230128:0910;-1.22;271.93;;;
20230128:1010;-1.11;272.04;;;
20230128:1110;-0.98;272.17;;;
20230128:1210;-0.96;272.19;;;
20230128:1310;-0.84;272.31;;;
20230128:1410;-0.84;272.31;;;
20230128:1510;-0.92;272.23;;;
20230128:1610;-1.08;272.07;;;
20230128:1710;-1.18;271.97;;;
20230128:1810;-1.34;271.81;;;
20230128:1910;-0.94;272.21;;;
20230128:2010;-0.93;272.22;;;
20230128:2110;-1.13;272.02;;;
20230128:2210;-1.19;271.96;;;
20230128:2310;-1.38;271.77;;;
20230129:0010;-1.69;271.46;;;
20230129:0110;-2.18;270.97;;;
20230129:0210;-2.37;270.78;;;
20230129:0310;-2.66;270.49;;;
20230129:0410;-3.06;270.09;;;
20230129:0510;-3.58;269.57;;;
20230129:0610;-4.13;269.02;;;
20230129:0710;-3.74;269.41;;;
20230129:0810;-3.17;269.98;;;
20230129:0910;-2.27;270.88;;;
20230129:1010;-1.54;271.61;;;
20230129:1110;-1.05;272.1;;;
20230129:1210;-0.54;272.61;;;
20230129:1310;0.14;273.29;;;
20230129:1410;0.47;273.62;;;
20230129:1510;0.33;273.48;;;
20230129:1610;-0.74;272.41;;;
20230129:1710;-1.68;271.47;;;
20230129:1810;-3.04;270.11;;;
20230129:1910;-3.6;269.55;;;
20230129:2010;-4.43;268.72;;;
20230129:2110;-5.07;268.08;;;
20230129:2210;-5.33;267.82;;;
20230129:2310;-5.81;267.34;;;
20230130:0010;-6;267.15;;;
20230130:0110;-5.98;267.17;;;
20230130:0210;-6;267.15;;;
20230130:0310;-6.02;267.13;;;
20230130:0410;-5.94;267.21;;;
20230130:0510;-5.66;267.49;;;
20230130:0610;-4.81;268.34;;;
20230130:0710;-2.95;270.2;;;
20230130:0810;-0.98;272.17;;;
20230130:0910;0.92;274.07;;;
20230130:1010;2.18;275.33;;;
20230130:1110;3.15;276.3;;;
20230130:1210;3.77;276.92;;;
20230130:1310;3.88;277.03;;;
20230130:1410;3.65;276.8;;;
20230130:1510;3.13;276.28;;;
20230130:1610;2.72;275.87;;;
20230130:1710;2.51;275.66;;;
20230130:1810;2.21;275.36;;;
20230130:1910;1.92;275.07;;;
20230130:2010;1.95;275.1;;;
20230130:2110;1.97;275.12;;;
20230130:2210;1.93;275.08;;;
20230130:2310;1.82;274.97;;;
20230131:0010;1.64;274.79;;;
20230131:0110;1.58;274.73;;;
20230131:0210;1.58;274.73;;;
20230131:0310;1.42;274.57;;;
20230131:0410;1.25;274.4;;;
20230131:0510;1.02;274.17;;;
20230131:0610;1.05;274.2;;;
20230131:0710;1.47;274.62;;;
20230131:0810;2.09;275.24;;;
20230131:0910;2.57;275.72;;;
20230131:1010;3.18;276.33;;;
20230131:1110;3.7;276.85;;;
20230131:1210;4.68;277.83;;;
20230131:1310;4.48;277.63;;;
20230131:1410;4.54;277.69;;;
20230131:1510;4.16;277.31;;;
20230131:1610;3.45;276.6;;;
20230131:1710;3.01;276.16;;;
20230131:1810;2.81;275.96;;;
20230131:1910;3.18;276.33;;;
20230131:2010;3.31;276.46;;;
20230131:2110;3.38;276.53;;;
20230131:2210;3.51;276.66;;;
20230131:2310;3.53;276.68;;;
20230201:0010;3.27;276.42;;;
20230201:0110;3.19;276.34;;;
20230201:0210;3.17;276.32;;;
20230201:0310;3.15;276.3;;;
20230201:0410;3.13;276.28;;;
20230201:0510;3.17;276.32;;;
20230201:0610;3.02;276.17;;;
20230201:0710;3.37;276.52;;;
20230201:0810;3.97;277.12;;;
20230201:0910;4.63;277.78;;;
20230201:1010;5.27;278.42;;;
20230201:1110;5.66;278.81;;;
20230201:1210;5.43;278.58;;;
20230201:1310;5.73;278.88;;;
20230201:1410;5.84;278.99;;;
20230201:1510;5.48;278.63;;;
20230201:1610;4.64;277.79;;;
20230201:1710;4.17;277.32;;;
20230201:1810;4.12;277.27;;;
20230201:1910;3.84;276.99;;;
20230201:2010;3.77;276.92;;;
20230201:2110;3.7;276.85;;;
20230201:2210;3.41;276.56;;;
20230201:2310;2.84;275.99;;;
20230202:0010;2.31;275.46;;;
20230202:0110;2.22;275.37;;;
20230202:0210;2.15;275.3;;;
20230202:0310;2.14;275.29;;;
20230202:0410;1.93;275.08;;;
20230202:0510;1.84;274.99;;;
20230202:0610;1.93;275.08;;;
20230202:0710;2.19;275.34;;;
20230202:0810;2.95;276.1;;;
20230202:0910;3.87;277.02;;;
20230202:1010;5.09;278.24;;;
20230202:1110;5.62;278.77;;;
20230202:1210;5.57;278.72;;;
20230202:1310;5.53;278.68;;;
20230202:1410;4.97;278.12;;;
20230202:1510;4.23;277.38;;;
20230202:1610;3.38;276.53;;;
20230202:1710;2.87;276.02;;;
20230202:1810;2.71;275.86;;;
20230202:1910;2.37;275.52;;;
20230202:2010;2.29;275.44;;;
20230202:2110;2.11;275.26;;;
20230202:2210;2.09;275.24;;;
20230202:2310;2.28;275.43;;;
20230203:0010;2.19;275.34;;;
20230203:0110;2.09;275.24;;;
20230203:0210;2.04;275.19;;;
20230203:0310;1.54;274.69;;;
20230203:0410;1.61;274.76;;;
20230203:0510;1.76;274.91;;;
20230203:0610;2.18;275.33;;;
20230203:0710;3.15;276.3;;;
20230203:0810;3.95;277.1;;;
20230203:0910;4.55;277.7;;;
20230203:1010;5.27;278.42;;;
20230203:1110;6.03;279.18;;;
20230203:1210;6.52;279.67;;;
20230203:1310;6.31;279.46;;;
20230203:1410;5.74;278.89;;;
20230203:1510;5.45;278.6;;;
20230203:1610;5.18;278.33;;;
20230203:1710;5.2;278.35;;;
20230203:1810;4.81;277.96;;;
20230203:1910;4.72;277.87;;;
20230203:2010;4.41;277.56;;;
20230203:2110;4.12;277.27;;;
20230203:2210;4.16;277.31;;;
20230203:2310;4.23;277.38;;;
20230204:0010;4.4;277.55;;;
20230204:0110;4.31;277.46;;;
20230204:0210;4.44;277.59;;;
20230204:0310;4.29;277.44;;;
20230204:0410;3.44;276.59;;;
20230204:0510;2.36;275.51;;;
20230204:0610;1.46;274.61;;;
20230204:0710;1.38;274.53;;;
20230204:0810;1.05;274.2;;;
20230204:0910;0.96;274.11;;;
20230204:1010;1.42;274.57;;;
20230204:1110;1.77;274.92;;;
20230204:1210;2.11;275.26;;;
20230204:1310;2.33;275.48;;;
20230204:1410;2.24;275.39;;;
20230204:1510;1.65;274.8;;;
20230204:1610;0.77;273.92;;;
20230204:1710;0.12;273.27;;;
20230204:1810;-0.36;272.79;;;
20230204:1910;-0.7;272.45;;;
20230204:2010;-0.94;272.21;;;
20230204:2110;-1.25;271.9;;;
20230204:2210;-1.43;271.72;;;
20230204:2310;-1.73;271.42;;;
20230205:0010;-1.9;271.25;;;
20230205:0110;-2.31;270.84;;;
20230205:0210;-2.62;270.53;;;
20230205:0310;-2.89;270.26;;;
20230205:0410;-3.14;270.01;;;
20230205:0510;-3.17;269.98;;;
20230205:0610;-3.14;270.01;;;
20230205:0710;-3.14;270.01;;;
20230205:0810;-2.41;270.74;;;
20230205:0910;-1.61;271.54;;;
20230205:1010;-1.09;272.06;;;
20230205:1110;-0.94;272.21;;;
20230205:1210;-0.77;272.38;;;
20230205:1310;-0.55;272.6;;;
20230205:1410;-0.54;272.61;;;
20230205:1510;-0.84;272.31;;;
20230205:1610;-1.28;271.87;;;
20230205:1710;-2.27;270.88;;;
20230205:1810;-2.71;270.44;;;
20230205:1910;-3.49;269.66;;;
20230205:2010;-3.9;269.25;;;
20230205:2110;-4.21;268.94;;;
20230205:2210;-4.48;268.67;;;
20230205:2310;-4.58;268.57;;;
20230206:0010;-4.27;268.88;;;
20230206:0110;-4.41;268.74;;;
20230206:0210;-4.54;268.61;;;
20230206:0310;-4.82;268.33;;;
20230206:0410;-4.84;268.31;;;
20230206:0510;-4.87;268.28;;;
20230206:0610;-4.85;268.3;;;
20230206:0710;-4.24;268.91;;;
20230206:0810;-3.6;269.55;;;
20230206:0910;-2.79;270.36;;;
20230206:1010;-2.08;271.07;;;
20230206:1110;-1.45;271.7;;;
20230206:1210;-0.98;272.17;;;
20230206:1310;-0.77;272.38;;;
20230206:1410;-0.98;272.17;;;
20230206:1510;-1.33;271.82;;;
20230206:1610;-2.26;270.89;;;
20230206:1710;-2.81;270.34;;;
20230206:1810;-3.23;269.92;;;
20230206:1910;-3.55;269.6;;;
20230206:2010;-4.67;268.48;;;
20230206:2110;-4.93;268.22;;;
20230206:2210;-5.09;268.06;;;
20230206:2310;-5.72;267.43;;;
20230207:0010;-5.95;267.2;;;
20230207:0110;-6.17;266.98;;;
20230207:0210;-6.23;266.92;;;
20230207:0310;-6.45;266.7;;;
20230207:0410;-6.5;266.65;;;
20230207:0510;-6.43;266.72;;;
20230207:0610;-6.48;266.67;;;
20230207:0710;-5.38;267.77;;;
20230207:0810;-4.33;268.82;;;
20230207:0910;-3.22;269.93;;;
20230207:1010;-2.01;271.14;;;
20230207:1110;-1.01;272.14;;;
20230207:1210;-0.26;272.89;;;
20230207:1310;0.14;273.29;;;
20230207:1410;0.11;273.26;;;
20230207:1510;-0.48;272.67;;;
20230207:1610;-1.86;271.29;;;
20230207:1710;-2.91;270.24;;;
20230207:1810;-3.74;269.41;;;
20230207:1910;-4.16;268.99;;;
20230207:2010;-4.15;269;;;
20230207:2110;-4.15;269;;;
20230207:2210;-4.22;268.93;;;
20230207:2310;-4.54;268.61;;;
20230208:0010;-4.8;268.35;;;
20230208:0110;-5.09;268.06;;;
20230208:0210;-5.28;267.87;;;
20230208:0310;-5.41;267.74;;;
20230208:0410;-5.54;267.61;;;
20230208:0510;-5.51;267.64;;;
20230208:0610;-5.17;267.98;;;
20230208:0710;-4.22;268.93;;;
20230208:0810;-3.41;269.74;;;
20230208:0910;-2.08;271.07;;;
20230208:1010;-0.7;272.45;;;
20230208:1110;0.45;273.6;;;
20230208:1210;1.12;274.27;;;
20230208:1310;1.13;274.28;;;
20230208:1410;0.86;274.01;;;
20230208:1510;0.4;273.55;;;
20230208:1610;-0.68;272.47;;;
20230208:1710;-1.51;271.64;;;
20230208:1810;-1.94;271.21;;;
20230208:1910;-3.6;269.55;;;
20230208:2010;-4.09;269.06;;;
20230208:2110;-4.14;269.01;;;
20230208:2210;-3.88;269.27;;;
20230208:2310;-4.02;269.13;;;
20230209:0010;-4.07;269.08;;;
20230209:0110;-3.92;269.23;;;
20230209:0210;-4.1;269.05;;;
20230209:0310;-4.28;268.87;;;
20230209:0410;-4.49;268.66;;;
20230209:0510;-4.66;268.49;;;
20230209:0610;-4.74;268.41;;;
20230209:0710;-4.43;268.72;;;
20230209:0810;-2.72;270.43;;;
20230209:0910;-0.81;272.34;;;
20230209:1010;0.63;273.78;;;
20230209:1110;1.58;274.73;;;
20230209:1210;2.26;275.41;;;
20230209:1310;2.52;275.67;;;
20230209:1410;2.34;275.49;;;
20230209:1510;1.49;274.64;;;
20230209:1610;-0.23;272.92;;;
20230209:1710;-1.56;271.59;;;
20230209:1810;-2.34;270.81;;;
20230209:1910;-2.34;270.81;;;
20230209:2010;-2.49;270.66;;;
20230209:2110;-2.74;270.41;;;
20230209:2210;-3.12;270.03;;;
20230209:2310;-3.6;269.55;;;
20230210:0010;-4.39;268.76;;;
20230210:0110;-4.73;268.42;;;
20230210:0210;-4.76;268.39;;;
20230210:0310;-4.73;268.42;;;
20230210:0410;-4.62;268.53;;;
20230210:0510;-4.43;268.72;;;
20230210:0610;-4.3;268.85;;;
20230210:0710;-3.96;269.19;;;
20230210:0810;-0.36;272.79;;;
20230210:0910;1.9;275.05;;;
20230210:1010;3.16;276.31;;;
20230210:1110;4.13;277.28;;;
20230210:1210;4.73;277.88;;;
20230210:1310;4.99;278.14;;;
20230210:1410;4.84;277.99;;;
20230210:1510;3.83;276.98;;;
20230210:1610;2.09;275.24;;;
20230210:1710;0.25;273.4;;;
20230210:1810;-1.26;271.89;;;
20230210:1910;-1.98;271.17;;;
20230210:2010;-2.6;270.55;;;
20230210:2110;-2.88;270.27;;;
20230210:2210;-2.89;270.26;;;
20230210:2310;-2.96;270.19;;;
20230211:0010;-2.87;270.28;;;
20230211:0110;-2.82;270.33;;;
20230211:0210;-2.77;270.38;;;
20230211:0310;-2.6;270.55;;;
20230211:0410;-2.43;270.72;;;
20230211:0510;-2.02;271.13;;;
20230211:0610;-1.81;271.34;;;
20230211:0710;-0.5;272.65;;;
20230211:0810;1.91;275.06;;;
20230211:0910;3.82;276.97;;;
20230211:1010;5.31;278.46;;;
20230211:1110;6.38;279.53;;;
20230211:1210;6.56;279.71;;;
20230211:1310;6.2;279.35;;;
20230211:1410;6.02;279.17;;;
20230211:1510;5.49;278.64;;;
20230211:1610;4.76;277.91;;;
20230211:1710;4.17;277.32;;;
20230211:1810;4.03;277.18;;;
20230211:1910;4.26;277.41;;;
20230211:2010;4.18;277.33;;;
20230211:2110;4.36;277.51;;;
20230211:2210;4.25;277.4;;;
20230211:2310;4.09;277.24;;;
20230212:0010;4.07;277.22;;;
20230212:0110;4.09;277.24;;;
20230212:0210;4.09;277.24;;;
20230212:0310;4.09;277.24;;;
20230212:0410;3.92;277.07;;;
20230212:0510;3.77;276.92;;;
20230212:0610;3.79;276.94;;;
20230212:0710;4.23;277.38;;;
20230212:0810;4.5;277.65;;;
20230212:0910;5.31;278.46;;;
20230212:1010;6.03;279.18;;;
20230212:1110;6.34;279.49;;;
20230212:1210;7.03;280.18;;;
20230212:1310;7.45;280.6;;;
20230212:1410;7.33;280.48;;;
20230212:1510;6.74;279.89;;;
20230212:1610;5.38;278.53;;;
20230212:1710;4.4;277.55;;;
20230212:1810;3.89;277.04;;;
20230212:1910;3.71;276.86;;;
20230212:2010;2.85;276;;;
20230212:2110;1.86;275.01;;;
20230212:2210;1.5;274.65;;;
20230212:2310;1.05;274.2;;;
20230213:0010;0.66;273.81;;;
20230213:0110;0.43;273.58;;;
20230213:0210;0.53;273.68;;;
20230213:0310;0.25;273.4;;;
20230213:0410;0.43;273.58;;;
20230213:0510;0.57;273.72;;;
20230213:0610;0.48;273.63;;;
20230213:0710;0.9;274.05;;;
20230213:0810;2.68;275.83;;;
20230213:0910;5.3;278.45;;;
20230213:1010;6.5;279.65;;;
20230213:1110;7.5;280.65;;;
20230213:1210;7.94;281.09;;;
20230213:1310;8.25;281.4;;;
20230213:1410;8.3;281.45;;;
20230213:1510;7.94;281.09;;;
20230213:1610;7.05;280.2;;;
20230213:1710;5.6;278.75;;;
20230213:1810;4.17;277.32;;;
20230213:1910;3.71;276.86;;;
20230213:2010;2.82;275.97;;;
20230213:2110;2.4;275.55;;;
20230213:2210;1.6;274.75;;;
20230213:2310;0.87;274.02;;;
20230214:0010;0.32;273.47;;;
20230214:0110;0.06;273.21;;;
20230214:0210;0.05;273.2;;;
20230214:0310;-0.09;273.06;;;
20230214:0410;-0.2;272.95;;;
20230214:0510;-0.74;272.41;;;
20230214:0610;-0.78;272.37;;;
20230214:0710;1.48;274.63;;;
20230214:0810;3.27;276.42;;;
20230214:0910;5.08;278.23;;;
20230214:1010;5.95;279.1;;;
20230214:1110;6.84;279.99;;;
20230214:1210;7.3;280.45;;;
20230214:1310;7.67;280.82;;;
20230214:1410;7.62;280.77;;;
20230214:1510;7.11;280.26;;;
20230214:1610;5.65;278.8;;;
20230214:1710;3.63;276.78;;;
20230214:1810;3.59;276.74;;;
20230214:1910;0.99;274.14;;;
20230214:2010;1.46;274.61;;;
20230214:2110;0.86;274.01;;;
20230214:2210;0.19;273.34;;;
20230214:2310;0.12;273.27;;;
20230215:0010;0.2;273.35;;;
20230215:0110;0;273.15;;;
20230215:0210;-0.31;272.84;;;
20230215:0310;-0.54;272.61;;;
20230215:0410;-0.76;272.39;;;
20230215:0510;-1.15;272;;;
20230215:0610;-1.48;271.67;;;
20230215:0710;-0.47;272.68;;;
20230215:0810;1.19;274.34;;;
20230215:0910;3.68;276.83;;;
20230215:1010;5.11;278.26;;;
20230215:1110;6.42;279.57;;;
20230215:1210;7.28;280.43;;;
20230215:1310;7.87;281.02;;;
20230215:1410;8.05;281.2;;;
20230215:1510;7.57;280.72;;;
20230215:1610;5.79;278.94;;;
20230215:1710;3.68;276.83;;;
20230215:1810;1.82;274.97;;;
20230215:1910;1.29;274.44;;;
20230215:2010;0.9;274.05;;;
20230215:2110;0.52;273.67;;;
20230215:2210;0.31;273.46;;;
20230215:2310;0.12;273.27;;;
20230216:0010;-0.12;273.03;;;
20230216:0110;-0.55;272.6;;;
20230216:0210;-0.86;272.29;;;
20230216:0310;-1.17;271.98;;;
20230216:0410;-1.14;272.01;;;
20230216:0510;-1.12;272.03;;;
20230216:0610;-1.9;271.25;;;
20230216:0710;-1.37;271.78;;;
20230216:0810;1.53;274.68;;;
20230216:0910;4.75;277.9;;;
20230216:1010;7.45;280.6;;;
20230216:1110;9.37;282.52;;;
20230216:1210;10.9;284.05;;;
20230216:1310;11.84;284.99;;;
20230216:1410;11.83;284.98;;;
20230216:1510;11;284.15;;;
20230216:1610;9.07;282.22;;;
20230216:1710;7.2;280.35;;;
20230216:1810;5.94;279.09;;;
20230216:1910;4.12;277.27;;;
20230216:2010;3.53;276.68;;;
20230216:2110;3.12;276.27;;;
20230216:2210;2.79;275.94;;;
20230216:2310;2.69;275.84;;;
20230217:0010;2.84;275.99;;;
20230217:0110;2.6;275.75;;;
20230217:0210;2.41;275.56;;;
20230217:0310;2.95;276.1;;;
20230217:0410;3.88;277.03;;;
20230217:0510;4.29;277.44;;;
20230217:0610;5.19;278.34;;;
20230217:0710;5.13;278.28;;;
20230217:0810;7.6;280.75;;;
20230217:0910;9.8;282.95;;;
20230217:1010;10.72;283.87;;;
20230217:1110;10.81;283.96;;;
20230217:1210;10.5;283.65;;;
20230217:1310;10.75;283.9;;;
20230217:1410;11.08;284.23;;;
20230217:1510;11.07;284.22;;;
20230217:1610;11.13;284.28;;;
20230217:1710;11.14;284.29;;;
20230217:1810;11.24;284.39;;;
20230217:1910;11.61;284.76;;;
20230217:2010;11.35;284.5;;;
20230217:2110;11.31;284.46;;;
20230217:2210;11.35;284.5;;;
20230217:2310;11.45;284.6;;;
20230218:0010;11.49;284.64;;;
20230218:0110;11.33;284.48;;;
20230218:0210;11.12;284.27;;;
20230218:0310;10.96;284.11;;;
20230218:0410;10.81;283.96;;;
20230218:0510;10.75;283.9;;;
20230218:0610;10.6;283.75;;;
20230218:0710;11.1;284.25;;;
20230218:0810;11.2;284.35;;;
20230218:0910;11.42;284.57;;;
20230218:1010;11.7;284.85;;;
20230218:1110;12.33;285.48;;;
20230218:1210;13.27;286.42;;;
20230218:1310;14.3;287.45;;;
20230218:1410;14.13;287.28;;;
20230218:1510;13.85;287;;;
20230218:1610;13.27;286.42;;;
20230218:1710;12.82;285.97;;;
20230218:1810;12.5;285.65;;;
20230218:1910;12.32;285.47;;;
20230218:2010;11.83;284.98;;;
20230218:2110;11.4;284.55;;;
20230218:2210;11.05;284.2;;;
20230218:2310;10.89;284.04;;;
20230219:0010;10.39;283.54;;;
20230219:0110;9.84;282.99;;;
20230219:0210;9.48;282.63;;;
20230219:0310;9.2;282.35;;;
20230219:0410;9.01;282.16;;;
20230219:0510;8.8;281.95;;;
20230219:0610;8.83;281.98;;;
20230219:0710;9.52;282.67;;;
20230219:0810;9.71;282.86;;;
20230219:0910;10.06;283.21;;;
20230219:1010;11.25;284.4;;;
20230219:1110;11.39;284.54;;;
20230219:1210;11.81;284.96;;;
20230219:1310;11.74;284.89;;;
20230219:1410;10.91;284.06;;;
20230219:1510;10.22;283.37;;;
20230219:1610;8.94;282.09;;;
20230219:1710;7.89;281.04;;;
20230219:1810;7.11;280.26;;;
20230219:1910;6.69;279.84;;;
20230219:2010;6.16;279.31;;;
20230219:2110;5.7;278.85;;;
20230219:2210;5.26;278.41;;;
20230219:2310;4.92;278.07;;;
20230220:0010;4.67;277.82;;;
20230220:0110;4.44;277.59;;;
20230220:0210;4.27;277.42;;;
20230220:0310;4.44;277.59;;;
20230220:0410;4.52;277.67;;;
20230220:0510;4.66;277.81;;;
20230220:0610;5.02;278.17;;;
20230220:0710;5.7;278.85;;;
20230220:0810;7.21;280.36;;;
20230220:0910;8.54;281.69;;;
20230220:1010;9.22;282.37;;;
20230220:1110;10.18;283.33;;;
20230220:1210;11.01;284.16;;;
20230220:1310;12.01;285.16;;;
20230220:1410;12.58;285.73;;;
20230220:1510;12.36;285.51;;;
20230220:1610;11.57;284.72;;;
20230220:1710;10.92;284.07;;;
20230220:1810;10.74;283.89;;;
20230220:1910;10.71;283.86;;;
20230220:2010;10.66;283.81;;;
20230220:2110;10.53;283.68;;;
20230220:2210;10.33;283.48;;;
20230220:2310;9.98;283.13;;;
20230221:0010;9.54;282.69;;;
20230221:0110;9.1;282.25;;;
20230221:0210;8.81;281.96;;;
20230221:0310;8.4;281.55;;;
20230221:0410;8.01;281.16;;;
20230221:0510;7.81;280.96;;;
20230221:0610;7.52;280.67;;;
20230221:0710;8.43;281.58;;;
20230221:0810;9.55;282.7;;;
20230221:0910;10.66;283.81;;;
20230221:1010;11.78;284.93;;;
20230221:1110;12.72;285.87;;;
20230221:1210;13.31;286.46;;;
20230221:1310;13.58;286.73;;;
20230221:1410;13.51;286.66;;;
20230221:1510;13.09;286.24;;;
20230221:1610;11.95;285.1;;;
20230221:1710;10.42;283.57;;;
20230221:1810;9.33;282.48;;;
20230221:1910;8.93;282.08;;;
20230221:2010;8.4;281.55;;;
20230221:2110;8.05;281.2;;;
20230221:2210;7.9;281.05;;;
20230221:2310;7.56;280.71;;;
20230222:0010;7.32;280.47;;;
20230222:0110;7.28;280.43;;;
20230222:0210;7.02;280.17;;;
20230222:0310;6.6;279.75;;;
20230222:0410;6.57;279.72;;;
20230222:0510;7.19;280.34;;;
20230222:0610;7.5;280.65;;;
20230222:0710;6.72;279.87;;;
20230222:0810;8.85;282;;;
20230222:0910;10.98;284.13;;;
20230222:1010;11.99;285.14;;;
20230222:1110;12.64;285.79;;;
20230222:1210;12.97;286.12;;;
20230222:1310;13.51;286.66;;;
20230222:1410;13.53;286.68;;;
20230222:1510;12.89;286.04;;;
20230222:1610;11.46;284.61;;;
20230222:1710;9.8;282.95;;;
20230222:1810;9;282.15;;;
20230222:1910;7.88;281.03;;;
20230222:2010;7.21;280.36;;;
20230222:2110;6.46;279.61;;;
20230222:2210;5.98;279.13;;;
20230222:2310;5.51;278.66;;;
20230223:0010;5.17;278.32;;;
20230223:0110;4.85;278;;;
20230223:0210;4.5;277.65;;;
20230223:0310;4.08;277.23;;;
20230223:0410;3.72;276.87;;;
20230223:0510;3.29;276.44;;;
20230223:0610;2.95;276.1;;;
20230223:0710;3.5;276.65;;;
20230223:0810;6.28;279.43;;;
20230223:0910;8.09;281.24;;;
20230223:1010;9.66;282.81;;;
20230223:1110;11.02;284.17;;;
20230223:1210;11.88;285.03;;;
20230223:1310;11.99;285.14;;;
20230223:1410;11.65;284.8;;;
20230223:1510;10.61;283.76;;;
20230223:1610;9.51;282.66;;;
20230223:1710;8.53;281.68;;;
20230223:1810;8.07;281.22;;;
20230223:1910;8.02;281.17;;;
20230223:2010;7.56;280.71;;;
20230223:2110;6.86;280.01;;;
20230223:2210;5.8;278.95;;;
20230223:2310;4.67;277.82;;;
20230224:0010;4.2;277.35;;;
20230224:0110;4;277.15;;;
20230224:0210;3.94;277.09;;;
20230224:0310;3.91;277.06;;;
20230224:0410;3.97;277.12;;;
20230224:0510;4.09;277.24;;;
20230224:0610;3.77;276.92;;;
20230224:0710;4.65;277.8;;;
20230224:0810;8.16;281.31;;;
20230224:0910;10.92;284.07;;;
20230224:1010;12.49;285.64;;;
20230224:1110;13.44;286.59;;;
20230224:1210;14.04;287.19;;;
20230224:1310;13.46;286.61;;;
20230224:1410;11.83;284.98;;;
20230224:1510;11.48;284.63;;;
20230224:1610;10.77;283.92;;;
20230224:1710;8.84;281.99;;;
20230224:1810;7.55;280.7;;;
20230224:1910;6.76;279.91;;;
20230224:2010;5.55;278.7;;;
20230224:2110;5.52;278.67;;;
20230224:2210;6.87;280.02;;;
20230224:2310;7.2;280.35;;;
20230225:0010;7.06;280.21;;;
20230225:0110;6.57;279.72;;;
20230225:0210;6.09;279.24;;;
20230225:0310;5.52;278.67;;;
20230225:0410;4.89;278.04;;;
20230225:0510;4;277.15;;;
20230225:0610;3.55;276.7;;;
20230225:0710;3.42;276.57;;;
20230225:0810;4.11;277.26;;;
20230225:0910;5.04;278.19;;;
20230225:1010;5.86;279.01;;;
20230225:1110;6.43;279.58;;;
20230225:1210;6.7;279.85;;;
20230225:1310;6.87;280.02;;;
20230225:1410;6.51;279.66;;;
20230225:1510;6.12;279.27;;;
20230225:1610;5.19;278.34;;;
20230225:1710;4;277.15;;;
20230225:1810;3.52;276.67;;;
20230225:1910;2.98;276.13;;;
20230225:2010;2.35;275.5;;;
20230225:2110;1.66;274.81;;;
20230225:2210;1.25;274.4;;;
20230225:2310;0.94;274.09;;;
20230226:0010;0.43;273.58;;;
20230226:0110;0.15;273.3;;;
20230226:0210;-0.12;273.03;;;
20230226:0310;-0.32;272.83;;;
20230226:0410;-0.45;272.7;;;
20230226:0510;-0.62;272.53;;;
20230226:0610;-0.68;272.47;;;
20230226:0710;-0.21;272.94;;;
20230226:0810;0.2;273.35;;;
20230226:0910;0.84;273.99;;;
20230226:1010;1.85;275;;;
20230226:1110;2.82;275.97;;;
20230226:1210;3.34;276.49;;;
20230226:1310;3.57;276.72;;;
20230226:1410;3.52;276.67;;;
20230226:1510;3.1;276.25;;;
20230226:1610;2.49;275.64;;;
20230226:1710;1.59;274.74;;;
20230226:1810;1.04;274.19;;;
20230226:1910;-0.19;272.96;;;
20230226:2010;-0.61;272.54;;;
20230226:2110;-1.08;272.07;;;
20230226:2210;-1.45;271.7;;;
20230226:2310;-1.73;271.42;;;
20230227:0010;-1.87;271.28;;;
20230227:0110;-1.98;271.17;;;
20230227:0210;-2;271.15;;;
20230227:0310;-1.86;271.29;;;
20230227:0410;-1.93;271.22;;;
20230227:0510;-2.07;271.08;;;
20230227:0610;-2.15;271;;;
20230227:0710;-1.8;271.35;;;
20230227:0810;-0.92;272.23;;;
20230227:0910;-0.07;273.08;;;
20230227:1010;0.63;273.78;;;
20230227:1110;1.01;274.16;;;
20230227:1210;1.37;274.52;;;
20230227:1310;1.38;274.53;;;
20230227:1410;1.59;274.74;;;
20230227:1510;1.62;274.77;;;
20230227:1610;1.5;274.65;;;
20230227:1710;0.94;274.09;;;
20230227:1810;0.42;273.57;;;
20230227:1910;-0.01;273.14;;;
20230227:2010;-0.37;272.78;;;
20230227:2110;-1.24;271.91;;;
20230227:2210;-1.88;271.27;;;
20230227:2310;-2.18;270.97;;;
20230228:0010;-2.37;270.78;;;
20230228:0110;-1.86;271.29;;;
20230228:0210;-1.43;271.72;;;
20230228:0310;-1.53;271.62;;;
20230228:0410;-1.69;271.46;;;
20230228:0510;-2.09;271.06;;;
20230228:0610;-2.47;270.68;;;
20230228:0710;-1.69;271.46;;;
20230228:0810;0.19;273.34;;;
20230228:0910;1.55;274.7;;;
20230228:1010;2.84;275.99;;;
20230228:1110;3.31;276.46;;;
20230228:1210;3.59;276.74;;;
20230228:1310;3.56;276.71;;;
20230228:1410;3.49;276.64;;;
20230228:1510;3.33;276.48;;;
20230228:1610;2.74;275.89;;;
20230228:1710;1.87;275.02;;;
20230228:1810;1.33;274.48;;;
20230228:1910;1.22;274.37;;;
20230228:2010;0.57;273.72;;;
20230228:2110;0;273.15;;;
20230228:2210;-0.88;272.27;;;
20230228:2310;-1.72;271.43;;;
20230301:0010;-2.45;270.7;;;
20230301:0110;-2.88;270.27;;;
20230301:0210;-3.09;270.06;;;
20230301:0310;-2.97;270.18;;;
20230301:0410;-2.69;270.46;;;
20230301:0510;-2.05;271.1;;;
20230301:0610;-1.66;271.49;;;
20230301:0710;-0.66;272.49;;;
20230301:0810;0.83;273.98;;;
20230301:0910;2.18;275.33;;;
20230301:1010;3.08;276.23;;;
20230301:1110;3.9;277.05;;;
20230301:1210;4.65;277.8;;;
20230301:1310;5.39;278.54;;;
20230301:1410;5.76;278.91;;;
20230301:1510;5.7;278.85;;;
20230301:1610;5.27;278.42;;;
20230301:1710;4.47;277.62;;;
20230301:1810;4.53;277.68;;;
20230301:1910;4.21;277.36;;;
20230301:2010;3.5;276.65;;;
20230301:2110;2.87;276.02;;;
20230301:2210;1.65;274.8;;;
20230301:2310;0.95;274.1;;;
20230302:0010;0.98;274.13;;;
20230302:0110;0.98;274.13;;;
20230302:0210;0.97;274.12;;;
20230302:0310;0.61;273.76;;;
20230302:0410;-0.29;272.86;;;
20230302:0510;-0.98;272.17;;;
20230302:0610;-1.42;271.73;;;
20230302:0710;0.07;273.22;;;
20230302:0810;2.59;275.74;;;
20230302:0910;4.48;277.63;;;
20230302:1010;6.26;279.41;;;
20230302:1110;7.65;280.8;;;
20230302:1210;8.56;281.71;;;
20230302:1310;8.98;282.13;;;
20230302:1410;9;282.15;;;
20230302:1510;8.6;281.75;;;
20230302:1610;7.55;280.7;;;
20230302:1710;6.1;279.25;;;
20230302:1810;4.25;277.4;;;
20230302:1910;4.62;277.77;;;
20230302:2010;4.76;277.91;;;
20230302:2110;4.46;277.61;;;
20230302:2210;3.83;276.98;;;
20230302:2310;3.01;276.16;;;
20230303:0010;2.19;275.34;;;
20230303:0110;1.44;274.59;;;
20230303:0210;-0.12;273.03;;;
20230303:0310;-1.4;271.75;;;
20230303:0410;-2.15;271;;;
20230303:0510;-2.67;270.48;;;
20230303:0610;-2.84;270.31;;;
20230303:0710;-0.23;272.92;;;
20230303:0810;3.48;276.63;;;
20230303:0910;5.35;278.5;;;
20230303:1010;6.76;279.91;;;
20230303:1110;7.82;280.97;;;
20230303:1210;8.67;281.82;;;
20230303:1310;8.78;281.93;;;
20230303:1410;9.09;282.24;;;
20230303:1510;8.82;281.97;;;
20230303:1610;7.71;280.86;;;
20230303:1710;5.91;279.06;;;
20230303:1810;3.7;276.85;;;
20230303:1910;2.23;275.38;;;
20230303:2010;0.85;274;;;
20230303:2110;-0.1;273.05;;;
20230303:2210;-0.83;272.32;;;
20230303:2310;-1.44;271.71;;;
20230304:0010;-1.9;271.25;;;
20230304:0110;-2.3;270.85;;;
20230304:0210;-2.57;270.58;;;
20230304:0310;-2.65;270.5;;;
20230304:0410;-2.75;270.4;;;
20230304:0510;-2.65;270.5;;;
20230304:0610;-2.08;271.07;;;
20230304:0710;1.18;274.33;;;
20230304:0810;4.92;278.07;;;
20230304:0910;6.8;279.95;;;
20230304:1010;8.08;281.23;;;
20230304:1110;8.86;282.01;;;
20230304:1210;9.46;282.61;;;
20230304:1310;9.76;282.91;;;
20230304:1410;9.5;282.65;;;
20230304:1510;8.88;282.03;;;
20230304:1610;7.62;280.77;;;
20230304:1710;5.89;279.04;;;
20230304:1810;4.6;277.75;;;
20230304:1910;3.23;276.38;;;
20230304:2010;2.55;275.7;;;
20230304:2110;2.31;275.46;;;
20230304:2210;2.02;275.17;;;
20230304:2310;2.12;275.27;;;
20230305:0010;2.1;275.25;;;
20230305:0110;1.93;275.08;;;
20230305:0210;1.72;274.87;;;
20230305:0310;1.61;274.76;;;
20230305:0410;1.55;274.7;;;
20230305:0510;1.34;274.49;;;
20230305:0610;1.49;274.64;;;
20230305:0710;1.97;275.12;;;
20230305:0810;2.62;275.77;;;
20230305:0910;3.46;276.61;;;
20230305:1010;4.12;277.27;;;
20230305:1110;4.69;277.84;;;
20230305:1210;5.25;278.4;;;
20230305:1310;5.52;278.67;;;
20230305:1410;5.59;278.74;;;
20230305:1510;5.32;278.47;;;
20230305:1610;4.9;278.05;;;
20230305:1710;4.19;277.34;;;
20230305:1810;3.32;276.47;;;
20230305:1910;2.65;275.8;;;
20230305:2010;1.93;275.08;;;
20230305:2110;1.42;274.57;;;
20230305:2210;1.14;274.29;;;
20230305:2310;1.12;274.27;;;
20230306:0010;0.55;273.7;;;
20230306:0110;0.3;273.45;;;
20230306:0210;-0.05;273.1;;;
20230306:0310;-0.8;272.35;;;
20230306:0410;-0.89;272.26;;;
20230306:0510;-1.31;271.84;;;
20230306:0610;-1.2;271.95;;;
20230306:0710;0.75;273.9;;;
20230306:0810;3.41;276.56;;;
20230306:0910;4.8;277.95;;;
20230306:1010;5.62;278.77;;;
20230306:1110;6.42;279.57;;;
20230306:1210;7.21;280.36;;;
20230306:1310;7.5;280.65;;;
20230306:1410;7.49;280.64;;;
20230306:1510;7.13;280.28;;;
20230306:1610;6.44;279.59;;;
20230306:1710;5.34;278.49;;;
20230306:1810;4.29;277.44;;;
20230306:1910;2.82;275.97;;;
20230306:2010;1.86;275.01;;;
20230306:2110;1.34;274.49;;;
20230306:2210;1.29;274.44;;;
20230306:2310;1.26;274.41;;;
20230307:0010;1.49;274.64;;;
20230307:0110;1.32;274.47;;;
20230307:0210;0.82;273.97;;;
20230307:0310;0.15;273.3;;;
20230307:0410;-0.26;272.89;;;
20230307:0510;-0.64;272.51;;;
20230307:0610;-0.51;272.64;;;
20230307:0710;1.53;274.68;;;
20230307:0810;3.75;276.9;;;
20230307:0910;5.11;278.26;;;
20230307:1010;5.9;279.05;;;
20230307:1110;7.06;280.21;;;
20230307:1210;7.81;280.96;;;
20230307:1310;8.18;281.33;;;
20230307:1410;8.09;281.24;;;
20230307:1510;7.63;280.78;;;
20230307:1610;6.83;279.98;;;
20230307:1710;5.45;278.6;;;
20230307:1810;4.6;277.75;;;
20230307:1910;3.51;276.66;;;
20230307:2010;3.1;276.25;;;
20230307:2110;3.21;276.36;;;
20230307:2210;3.36;276.51;;;
20230307:2310;3.67;276.82;;;
20230308:0010;4.25;277.4;;;
20230308:0110;4.26;277.41;;;
20230308:0210;4.26;277.41;;;
20230308:0310;4.35;277.5;;;
20230308:0410;4.03;277.18;;;
20230308:0510;3.47;276.62;;;
20230308:0610;3.04;276.19;;;
20230308:0710;4.33;277.48;;;
20230308:0810;6.46;279.61;;;
20230308:0910;7.92;281.07;;;
20230308:1010;8.9;282.05;;;
20230308:1110;9.19;282.34;;;
20230308:1210;9.34;282.49;;;
20230308:1310;9.73;282.88;;;
20230308:1410;9.8;282.95;;;
20230308:1510;9.83;282.98;;;
20230308:1610;9.92;283.07;;;
20230308:1710;8.91;282.06;;;
20230308:1810;7.96;281.11;;;
20230308:1910;7.24;280.39;;;
20230308:2010;6.73;279.88;;;
20230308:2110;6.23;279.38;;;
20230308:2210;5.82;278.97;;;
20230308:2310;5.72;278.87;;;
20230309:0010;5.12;278.27;;;
20230309:0110;4.36;277.51;;;
20230309:0210;3.24;276.39;;;
20230309:0310;2.71;275.86;;;
20230309:0410;3.43;276.58;;;
20230309:0510;3.93;277.08;;;
20230309:0610;4.17;277.32;;;
20230309:0710;5.86;279.01;;;
20230309:0810;9.36;282.51;;;
20230309:0910;11.45;284.6;;;
20230309:1010;12.91;286.06;;;
20230309:1110;12.95;286.1;;;
20230309:1210;13.7;286.85;;;
20230309:1310;13.92;287.07;;;
20230309:1410;14.1;287.25;;;
20230309:1510;13.69;286.84;;;
20230309:1610;12.81;285.96;;;
20230309:1710;11.64;284.79;;;
20230309:1810;10.2;283.35;;;
20230309:1910;8.96;282.11;;;
20230309:2010;7.31;280.46;;;
20230309:2110;6.03;279.18;;;
20230309:2210;5.15;278.3;;;
20230309:2310;4.4;277.55;;;
20230310:0010;3.59;276.74;;;
20230310:0110;3.06;276.21;;;
20230310:0210;2.8;275.95;;;
20230310:0310;2.32;275.47;;;
20230310:0410;1.65;274.8;;;
20230310:0510;1.27;274.42;;;
20230310:0610;1.65;274.8;;;
20230310:0710;4.74;277.89;;;
20230310:0810;9.53;282.68;;;
20230310:0910;11.76;284.91;;;
20230310:1010;13.48;286.63;;;
20230310:1110;14.67;287.82;;;
20230310:1210;15.17;288.32;;;
20230310:1310;14.89;288.04;;;
20230310:1410;14.49;287.64;;;
20230310:1510;14.01;287.16;;;
20230310:1610;12.94;286.09;;;
20230310:1710;11.46;284.61;;;
20230310:1810;10.55;283.7;;;
20230310:1910;10.44;283.59;;;
20230310:2010;9.49;282.64;;;
20230310:2110;8.68;281.83;;;
20230310:2210;8.31;281.46;;;
20230310:2310;7.8;280.95;;;
20230311:0010;7.21;280.36;;;
20230311:0110;6.1;279.25;;;
20230311:0210;5.25;278.4;;;
20230311:0310;4.05;277.2;;;
20230311:0410;2.99;276.14;;;
20230311:0510;2.37;275.52;;;
20230311:0610;2.05;275.2;;;
20230311:0710;2.82;275.97;;;
20230311:0810;3.64;276.79;;;
20230311:0910;4.44;277.59;;;
20230311:1010;5.1;278.25;;;
20230311:1110;5.53;278.68;;;
20230311:1210;5.88;279.03;;;
20230311:1310;5.74;278.89;;;
20230311:1410;5.66;278.81;;;
20230311:1510;5.39;278.54;;;
20230311:1610;4.92;278.07;;;
20230311:1710;4.07;277.22;;;
20230311:1810;3.23;276.38;;;
20230311:1910;2.07;275.22;;;
20230311:2010;1.63;274.78;;;
20230311:2110;1.12;274.27;;;
20230311:2210;0.77;273.92;;;
20230311:2310;0.13;273.28;;;
20230312:0010;-0.32;272.83;;;
20230312:0110;-1.02;272.13;;;
20230312:0210;-1.26;271.89;;;
20230312:0310;-1.98;271.17;;;
20230312:0410;-2.49;270.66;;;
20230312:0510;-2.8;270.35;;;
20230312:0610;-2.19;270.96;;;
20230312:0710;0.24;273.39;;;
20230312:0810;2.23;275.38;;;
20230312:0910;3.46;276.61;;;
20230312:1010;4.74;277.89;;;
20230312:1110;5.49;278.64;;;
20230312:1210;5.86;279.01;;;
20230312:1310;6.83;279.98;;;
20230312:1410;7.63;280.78;;;
20230312:1510;7.51;280.66;;;
20230312:1610;6.55;279.7;;;
20230312:1710;5.51;278.66;;;
20230312:1810;4.97;278.12;;;
20230312:1910;5.35;278.5;;;
20230312:2010;5.28;278.43;;;
20230312:2110;4.98;278.13;;;
20230312:2210;4.28;277.43;;;
20230312:2310;3.53;276.68;;;
20230313:0010;2.94;276.09;;;
20230313:0110;2.85;276;;;
20230313:0210;3.23;276.38;;;
20230313:0310;3.06;276.21;;;
20230313:0410;3.01;276.16;;;
20230313:0510;2.41;275.56;;;
20230313:0610;2.33;275.48;;;
20230313:0710;5.39;278.54;;;
20230313:0810;9.17;282.32;;;
20230313:0910;11.85;285;;;
20230313:1010;13.48;286.63;;;
20230313:1110;13.68;286.83;;;
20230313:1210;12.92;286.07;;;
20230313:1310;12.45;285.6;;;
20230313:1410;12.94;286.09;;;
20230313:1510;12.68;285.83;;;
20230313:1610;11.73;284.88;;;
20230313:1710;10.3;283.45;;;
20230313:1810;8.9;282.05;;;
20230313:1910;9.05;282.2;;;
20230313:2010;8.25;281.4;;;
20230313:2110;7.52;280.67;;;
20230313:2210;6.99;280.14;;;
20230313:2310;6.88;280.03;;;
20230314:0010;6.59;279.74;;;
20230314:0110;6.42;279.57;;;
20230314:0210;5.85;279;;;
20230314:0310;4.78;277.93;;;
20230314:0410;3.77;276.92;;;
20230314:0510;3.39;276.54;;;
20230314:0610;4.36;277.51;;;
20230314:0710;7.29;280.44;;;
20230314:0810;11.09;284.24;;;
20230314:0910;13.03;286.18;;;
20230314:1010;12.9;286.05;;;
20230314:1110;12.09;285.24;;;
20230314:1210;10.93;284.08;;;
20230314:1310;10.36;283.51;;;
20230314:1410;9.55;282.7;;;
20230314:1510;9.4;282.55;;;
20230314:1610;9.34;282.49;;;
20230314:1710;9.02;282.17;;;
20230314:1810;8.75;281.9;;;
20230314:1910;8.62;281.77;;;
20230314:2010;7.9;281.05;;;
20230314:2110;7.14;280.29;;;
20230314:2210;6.63;279.78;;;
20230314:2310;6.22;279.37;;;
20230315:0010;5.69;278.84;;;
20230315:0110;5.18;278.33;;;
20230315:0210;4.64;277.79;;;
20230315:0310;3.95;277.1;;;
20230315:0410;3.27;276.42;;;
20230315:0510;2.57;275.72;;;
20230315:0610;2.45;275.6;;;
20230315:0710;2.71;275.86;;;
20230315:0810;3.42;276.57;;;
20230315:0910;4.39;277.54;;;
20230315:1010;5.58;278.73;;;
20230315:1110;6.78;279.93;;;
20230315:1210;7.72;280.87;;;
20230315:1310;8.11;281.26;;;
20230315:1410;8.18;281.33;;;
20230315:1510;8.02;281.17;;;
20230315:1610;7.29;280.44;;;
20230315:1710;5.58;278.73;;;
20230315:1810;4.38;277.53;;;
20230315:1910;3.64;276.79;;;
20230315:2010;2.97;276.12;;;
20230315:2110;2.35;275.5;;;
20230315:2210;1.9;275.05;;;
20230315:2310;1.71;274.86;;;
20230316:0010;1.35;274.5;;;
20230316:0110;0.78;273.93;;;
20230316:0210;0.35;273.5;;;
20230316:0310;-0.04;273.11;;;
20230316:0410;-0.44;272.71;;;
20230316:0510;-0.81;272.34;;;
20230316:0610;-0.51;272.64;;;
20230316:0710;1.09;274.24;;;
20230316:0810;2.77;275.92;;;
20230316:0910;4.18;277.33;;;
20230316:1010;5.32;278.47;;;
20230316:1110;6.24;279.39;;;
20230316:1210;6.79;279.94;;;
20230316:1310;7.23;280.38;;;
20230316:1410;7.42;280.57;;;
20230316:1510;7.23;280.38;;;
20230316:1610;6.66;279.81;;;
20230316:1710;5.39;278.54;;;
20230316:1810;3.35;276.5;;;
20230316:1910;1.94;275.09;;;
20230316:2010;0.92;274.07;;;
20230316:2110;-0.16;272.99;;;
20230316:2210;-0.81;272.34;;;
20230316:2310;-1.03;272.12;;;
20230317:0010;-1.04;272.11;;;
20230317:0110;-0.85;272.3;;;
20230317:0210;-0.49;272.66;;;
20230317:0310;-0.06;273.09;;;
20230317:0410;0.24;273.39;;;
20230317:0510;0.31;273.46;;;
20230317:0610;0.94;274.09;;;
20230317:0710;2.91;276.06;;;
20230317:0810;4.97;278.12;;;
20230317:0910;6.75;279.9;;;
20230317:1010;8.25;281.4;;;
20230317:1110;9.34;282.49;;;
20230317:1210;9.95;283.1;;;
20230317:1310;10.24;283.39;;;
20230317:1410;10.17;283.32;;;
20230317:1510;9.67;282.82;;;
20230317:1610;8.65;281.8;;;
20230317:1710;7.15;280.3;;;
20230317:1810;5.93;279.08;;;
20230317:1910;5.74;278.89;;;
20230317:2010;5.03;278.18;;;
20230317:2110;4.39;277.54;;;
20230317:2210;3.87;277.02;;;
20230317:2310;3.31;276.46;;;
20230318:0010;2.82;275.97;;;
20230318:0110;2.34;275.49;;;
20230318:0210;1.97;275.12;;;
20230318:0310;1.58;274.73;;;
20230318:0410;1.22;274.37;;;
20230318:0510;0.9;274.05;;;
20230318:0610;1.03;274.18;;;
20230318:0710;3.11;276.26;;;
20230318:0810;5.36;278.51;;;
20230318:0910;7.34;280.49;;;
20230318:1010;9.04;282.19;;;
20230318:1110;10.51;283.66;;;
20230318:1210;11.56;284.71;;;
20230318:1310;12.22;285.37;;;
20230318:1410;12.43;285.58;;;
20230318:1510;12.13;285.28;;;
20230318:1610;11.15;284.3;;;
20230318:1710;9.65;282.8;;;
20230318:1810;8.51;281.66;;;
20230318:1910;7.6;280.75;;;
20230318:2010;6.73;279.88;;;
20230318:2110;5.9;279.05;;;
20230318:2210;5.19;278.34;;;
20230318:2310;4.56;277.71;;;
20230319:0010;3.98;277.13;;;
20230319:0110;3.4;276.55;;;
20230319:0210;2.83;275.98;;;
20230319:0310;2.22;275.37;;;
20230319:0410;1.58;274.73;;;
20230319:0510;0.95;274.1;;;
20230319:0610;1.21;274.36;;;
20230319:0710;4.6;277.75;;;
20230319:0810;6.53;279.68;;;
20230319:0910;8.08;281.23;;;
20230319:1010;9.32;282.47;;;
20230319:1110;10.62;283.77;;;
20230319:1210;11.74;284.89;;;
20230319:1310;12.36;285.51;;;
20230319:1410;12.71;285.86;;;
20230319:1510;12.66;285.81;;;
20230319:1610;12.23;285.38;;;
20230319:1710;10.91;284.06;;;
20230319:1810;10.02;283.17;;;
20230319:1910;9.81;282.96;;;
20230319:2010;9.19;282.34;;;
20230319:2110;8.17;281.32;;;
20230319:2210;5.83;278.98;;;
20230319:2310;4.57;277.72;;;
20230320:0010;3.76;276.91;;;
20230320:0110;3.57;276.72;;;
20230320:0210;3.27;276.42;;;
20230320:0310;3.01;276.16;;;
20230320:0410;3.08;276.23;;;
20230320:0510;3.33;276.48;;;
20230320:0610;4.58;277.73;;;
20230320:0710;7.7;280.85;;;
20230320:0810;10.69;283.84;;;
20230320:0910;12.75;285.9;;;
20230320:1010;14.09;287.24;;;
20230320:1110;14.9;288.05;;;
20230320:1210;15.16;288.31;;;
20230320:1310;15.29;288.44;;;
20230320:1410;15.14;288.29;;;
20230320:1510;14.92;288.07;;;
20230320:1610;13.97;287.12;;;
20230320:1710;12.31;285.46;;;
20230320:1810;10.96;284.11;;;
20230320:1910;10.65;283.8;;;
20230320:2010;10.33;283.48;;;
20230320:2110;10.08;283.23;;;
20230320:2210;9.46;282.61;;;
20230320:2310;9.18;282.33;;;
20230321:0010;8.75;281.9;;;
20230321:0110;8.39;281.54;;;
20230321:0210;7.93;281.08;;;
20230321:0310;7.58;280.73;;;
20230321:0410;7.02;280.17;;;
20230321:0510;6.49;279.64;;;
20230321:0610;6.73;279.88;;;
20230321:0710;9.45;282.6;;;
20230321:0810;11.21;284.36;;;
20230321:0910;12.31;285.46;;;
20230321:1010;13.67;286.82;;;
20230321:1110;14.28;287.43;;;
20230321:1210;14.54;287.69;;;
20230321:1310;14.52;287.67;;;
20230321:1410;14.5;287.65;;;
20230321:1510;14.45;287.6;;;
20230321:1610;13.91;287.06;;;
20230321:1710;13.28;286.43;;;
20230321:1810;12.66;285.81;;;
20230321:1910;8.96;282.11;;;
20230321:2010;8.07;281.22;;;
20230321:2110;7.31;280.46;;;
20230321:2210;7;280.15;;;
20230321:2310;6.65;279.8;;;
20230322:0010;6.17;279.32;;;
20230322:0110;5.62;278.77;;;
20230322:0210;5.74;278.89;;;
20230322:0310;5.63;278.78;;;
20230322:0410;5.14;278.29;;;
20230322:0510;4.84;277.99;;;
20230322:0610;5.85;279;;;
20230322:0710;9.69;282.84;;;
20230322:0810;12.35;285.5;;;
20230322:0910;13.75;286.9;;;
20230322:1010;15.28;288.43;;;
20230322:1110;16.6;289.75;;;
20230322:1210;17.66;290.81;;;
20230322:1310;18.07;291.22;;;
20230322:1410;17.55;290.7;;;
20230322:1510;17.56;290.71;;;
20230322:1610;16.5;289.65;;;
20230322:1710;14.48;287.63;;;
20230322:1810;12.86;286.01;;;
20230322:1910;12.12;285.27;;;
20230322:2010;10.72;283.87;;;
20230322:2110;9.44;282.59;;;
20230322:2210;8.22;281.37;;;
20230322:2310;7.05;280.2;;;
20230323:0010;6.34;279.49;;;
20230323:0110;5.86;279.01;;;
20230323:0210;5.49;278.64;;;
20230323:0310;5.25;278.4;;;
20230323:0410;5.1;278.25;;;
20230323:0510;5.48;278.63;;;
20230323:0610;6.56;279.71;;;
20230323:0710;9.34;282.49;;;
20230323:0810;12.95;286.1;;;
20230323:0910;15;288.15;;;
20230323:1010;16.8;289.95;;;
20230323:1110;18.26;291.41;;;
20230323:1210;19.19;292.34;;;
20230323:1310;19.62;292.77;;;
20230323:1410;19.66;292.81;;;
20230323:1510;19.56;292.71;;;
20230323:1610;18.48;291.63;;;
20230323:1710;16.4;289.55;;;
20230323:1810;14.67;287.82;;;
20230323:1910;13.89;287.04;;;
20230323:2010;12.37;285.52;;;
20230323:2110;11.06;284.21;;;
20230323:2210;10.6;283.75;;;
20230323:2310;9.92;283.07;;;
20230324:0010;9.05;282.2;;;
20230324:0110;8.49;281.64;;;
20230324:0210;8.68;281.83;;;
20230324:0310;9.29;282.44;;;
20230324:0410;10.01;283.16;;;
20230324:0510;9.95;283.1;;;
20230324:0610;9.62;282.77;;;
20230324:0710;12.28;285.43;;;
20230324:0810;14.26;287.41;;;
20230324:0910;15.22;288.37;;;
20230324:1010;15.82;288.97;;;
20230324:1110;16.18;289.33;;;
20230324:1210;17.14;290.29;;;
20230324:1310;17.43;290.58;;;
20230324:1410;17.14;290.29;;;
20230324:1510;16.41;289.56;;;
20230324:1610;15.08;288.23;;;
20230324:1710;13.78;286.93;;;
20230324:1810;13.11;286.26;;;
20230324:1910;12.34;285.49;;;
20230324:2010;12.09;285.24;;;
20230324:2110;11.86;285.01;;;
20230324:2210;11.54;284.69;;;
20230324:2310;10.99;284.14;;;
20230325:0010;10.27;283.42;;;
20230325:0110;9.48;282.63;;;
20230325:0210;8.94;282.09;;;
20230325:0310;8.74;281.89;;;
20230325:0410;8.84;281.99;;;
20230325:0510;8.86;282.01;;;
20230325:0610;9.1;282.25;;;
20230325:0710;10.47;283.62;;;
20230325:0810;11.51;284.66;;;
20230325:0910;12.69;285.84;;;
20230325:1010;13.15;286.3;;;
20230325:1110;13.03;286.18;;;
20230325:1210;13.34;286.49;;;
20230325:1310;13.7;286.85;;;
20230325:1410;13.83;286.98;;;
20230325:1510;13.6;286.75;;;
20230325:1610;12.87;286.02;;;
20230325:1710;11.67;284.82;;;
20230325:1810;10.48;283.63;;;
20230325:1910;9.37;282.52;;;
20230325:2010;8.75;281.9;;;
20230325:2110;8.39;281.54;;;
20230325:2210;8.18;281.33;;;
20230325:2310;8.01;281.16;;;
20230326:0010;7.82;280.97;;;
20230326:0110;7.61;280.76;;;
20230326:0210;7.43;280.58;;;
20230326:0310;7.25;280.4;;;
20230326:0410;7;280.15;;;
20230326:0510;6.68;279.83;;;
20230326:0610;7.22;280.37;;;
20230326:0710;9;282.15;;;
20230326:0810;10.75;283.9;;;
20230326:0910;12.1;285.25;;;
20230326:1010;13.12;286.27;;;
20230326:1110;13.94;287.09;;;
20230326:1210;14.25;287.4;;;
20230326:1310;14.63;287.78;;;
20230326:1410;14.67;287.82;;;
20230326:1510;14.32;287.47;;;
20230326:1610;13.75;286.9;;;
20230326:1710;12.09;285.24;;;
20230326:1810;10.63;283.78;;;
20230326:1910;9.77;282.92;;;
20230326:2010;9.05;282.2;;;
20230326:2110;8.53;281.68;;;
20230326:2210;8.15;281.3;;;
20230326:2310;7.9;281.05;;;
20230327:0010;7.66;280.81;;;
20230327:0110;7.24;280.39;;;
20230327:0210;6.88;280.03;;;
20230327:0310;6.7;279.85;;;
20230327:0410;6.46;279.61;;;
20230327:0510;6.39;279.54;;;
20230327:0610;6.48;279.63;;;
20230327:0710;6.92;280.07;;;
20230327:0810;7.43;280.58;;;
20230327:0910;7.23;280.38;;;
20230327:1010;6.29;279.44;;;
20230327:1110;6.08;279.23;;;
20230327:1210;6;279.15;;;
20230327:1310;6.1;279.25;;;
20230327:1410;7.12;280.27;;;
20230327:1510;7.11;280.26;;;
20230327:1610;6.5;279.65;;;
20230327:1710;5.62;278.77;;;
20230327:1810;4.74;277.89;;;
20230327:1910;3.47;276.62;;;
20230327:2010;2.93;276.08;;;
20230327:2110;2.55;275.7;;;
20230327:2210;2.24;275.39;;;
20230327:2310;1.99;275.14;;;
20230328:0010;1.8;274.95;;;
20230328:0110;1.63;274.78;;;
20230328:0210;1.48;274.63;;;
20230328:0310;1.25;274.4;;;
20230328:0410;1.17;274.32;;;
20230328:0510;0.98;274.13;;;
20230328:0610;1.58;274.73;;;
20230328:0710;2.45;275.6;;;
20230328:0810;3.27;276.42;;;
20230328:0910;4;277.15;;;
20230328:1010;4.99;278.14;;;
20230328:1110;5.62;278.77;;;
20230328:1210;6.17;279.32;;;
20230328:1310;6.34;279.49;;;
20230328:1410;6.4;279.55;;;
20230328:1510;5.81;278.96;;;
20230328:1610;5.93;279.08;;;
20230328:1710;5.17;278.32;;;
20230328:1810;4.27;277.42;;;
20230328:1910;3.1;276.25;;;
20230328:2010;2.32;275.47;;;
20230328:2110;1.98;275.13;;;
20230328:2210;0.8;273.95;;;
20230328:2310;-0.11;273.04;;;
20230329:0010;-0.73;272.42;;;
20230329:0110;-1.71;271.44;;;
20230329:0210;-1.38;271.77;;;
20230329:0310;-1.4;271.75;;;
20230329:0410;-1.24;271.91;;;
20230329:0510;-0.71;272.44;;;
20230329:0610;0.34;273.49;;;
20230329:0710;2.79;275.94;;;
20230329:0810;4.35;277.5;;;
20230329:0910;5.81;278.96;;;
20230329:1010;7.22;280.37;;;
20230329:1110;7.67;280.82;;;
20230329:1210;7.52;280.67;;;
20230329:1310;7.05;280.2;;;
20230329:1410;6.67;279.82;;;
20230329:1510;6.45;279.6;;;
20230329:1610;6.3;279.45;;;
20230329:1710;5.71;278.86;;;
20230329:1810;5.16;278.31;;;
20230329:1910;5.68;278.83;;;
20230329:2010;5.21;278.36;;;
20230329:2110;5.16;278.31;;;
20230329:2210;5.17;278.32;;;
20230329:2310;5.02;278.17;;;
20230330:0010;4.48;277.63;;;
20230330:0110;4.35;277.5;;;
20230330:0210;4.4;277.55;;;
20230330:0310;4.97;278.12;;;
20230330:0410;5.37;278.52;;;
20230330:0510;5.04;278.19;;;
20230330:0610;5.74;278.89;;;
20230330:0710;7.37;280.52;;;
20230330:0810;9.82;282.97;;;
20230330:0910;12.66;285.81;;;
20230330:1010;14.73;287.88;;;
20230330:1110;15.4;288.55;;;
20230330:1210;15.21;288.36;;;
20230330:1310;14.54;287.69;;;
20230330:1410;14.2;287.35;;;
20230330:1510;14.31;287.46;;;
20230330:1610;14.11;287.26;;;
20230330:1710;13.25;286.4;;;
20230330:1810;12.36;285.51;;;
20230330:1910;11.39;284.54;;;
20230330:2010;11.1;284.25;;;
20230330:2110;10.94;284.09;;;
20230330:2210;10.64;283.79;;;
20230330:2310;10.21;283.36;;;
20230331:0010;9.64;282.79;;;
20230331:0110;9.11;282.26;;;
20230331:0210;8.6;281.75;;;
20230331:0310;8.05;281.2;;;
20230331:0410;7.42;280.57;;;
20230331:0510;6.73;279.88;;;
20230331:0610;7.64;280.79;;;
20230331:0710;10.4;283.55;;;
20230331:0810;12.34;285.49;;;
20230331:0910;14.3;287.45;;;
20230331:1010;14.86;288.01;;;
20230331:1110;15.53;288.68;;;
20230331:1210;15.32;288.47;;;
20230331:1310;16.09;289.24;;;
20230331:1410;17.24;290.39;;;
20230331:1510;17.01;290.16;;;
20230331:1610;15.88;289.03;;;
20230331:1710;13.97;287.12;;;
20230331:1810;12.66;285.81;;;
20230331:1910;11.22;284.37;;;
20230331:2010;10.94;284.09;;;
20230331:2110;10.48;283.63;;;
20230331:2210;10.09;283.24;;;
20230331:2310;9.83;282.98;;;
20230401:0010;9.58;282.73;;;
20230401:0110;9.19;282.34;;;
20230401:0210;8.75;281.9;;;
20230401:0310;8.33;281.48;;;
20230401:0410;7.93;281.08;;;
20230401:0510;7.87;281.02;;;
20230401:0610;8.51;281.66;;;
20230401:0710;9.91;283.06;;;
20230401:0810;10.88;284.03;;;
20230401:0910;11.74;284.89;;;
20230401:1010;12.38;285.53;;;
20230401:1110;13.12;286.27;;;
20230401:1210;13.74;286.89;;;
20230401:1310;14.18;287.33;;;
20230401:1410;14.36;287.51;;;
20230401:1510;14.18;287.33;;;
20230401:1610;13.73;286.88;;;
20230401:1710;11.16;284.31;;;
20230401:1810;9.86;283.01;;;
20230401:1910;9.63;282.78;;;
20230401:2010;9.01;282.16;;;
20230401:2110;8.56;281.71;;;
20230401:2210;8.41;281.56;;;
20230401:2310;8.18;281.33;;;
20230402:0010;8.09;281.24;;;
20230402:0110;7.81;280.96;;;
20230402:0210;7.73;280.88;;;
20230402:0310;7.33;280.48;;;
20230402:0410;7.07;280.22;;;
20230402:0510;7.11;280.26;;;
20230402:0610;7.71;280.86;;;
20230402:0710;9.08;282.23;;;
20230402:0810;9.66;282.81;;;
20230402:0910;9.72;282.87;;;
20230402:1010;9.56;282.71;;;
20230402:1110;9.5;282.65;;;
20230402:1210;9.32;282.47;;;
20230402:1310;9.27;282.42;;;
20230402:1410;8.72;281.87;;;
20230402:1510;8.81;281.96;;;
20230402:1610;8.49;281.64;;;
20230402:1710;7.62;280.77;;;
20230402:1810;6.36;279.51;;;
20230402:1910;5.18;278.33;;;
20230402:2010;4.65;277.8;;;
20230402:2110;4.31;277.46;;;
20230402:2210;4.26;277.41;;;
20230402:2310;4.05;277.2;;;
20230403:0010;3.94;277.09;;;
20230403:0110;3.81;276.96;;;
20230403:0210;3.42;276.57;;;
20230403:0310;3.37;276.52;;;
20230403:0410;3.06;276.21;;;
20230403:0510;2.92;276.07;;;
20230403:0610;2.9;276.05;;;
20230403:0710;3.08;276.23;;;
20230403:0810;3.73;276.88;;;
20230403:0910;4.28;277.43;;;
20230403:1010;4.82;277.97;;;
20230403:1110;4.97;278.12;;;
20230403:1210;4.36;277.51;;;
20230403:1310;4.21;277.36;;;
20230403:1410;4.09;277.24;;;
20230403:1510;3.76;276.91;;;
20230403:1610;3.56;276.71;;;
20230403:1710;3.38;276.53;;;
20230403:1810;3.03;276.18;;;
20230403:1910;2.06;275.21;;;
20230403:2010;1.49;274.64;;;
20230403:2110;0.88;274.03;;;
20230403:2210;0.27;273.42;;;
20230403:2310;-0.25;272.9;;;
20230404:0010;-0.64;272.51;;;
20230404:0110;-0.99;272.16;;;
20230404:0210;-1.25;271.9;;;
20230404:0310;-1.47;271.68;;;
20230404:0410;-1.64;271.51;;;
20230404:0510;-1.78;271.37;;;
20230404:0610;-1;272.15;;;
20230404:0710;-0.02;273.13;;;
20230404:0810;0.76;273.91;;;
20230404:0910;1.47;274.62;;;
20230404:1010;2.4;275.55;;;
20230404:1110;3.33;276.48;;;
20230404:1210;4.02;277.17;;;
20230404:1310;4.83;277.98;;;
20230404:1410;5.08;278.23;;;
20230404:1510;5;278.15;;;
20230404:1610;4.37;277.52;;;
20230404:1710;3.49;276.64;;;
20230404:1810;2.47;275.62;;;
20230404:1910;1.68;274.83;;;
20230404:2010;0.85;274;;;
20230404:2110;0.11;273.26;;;
20230404:2210;-0.75;272.4;;;
20230404:2310;-1.52;271.63;;;
20230405:0010;-2.04;271.11;;;
20230405:0110;-2.6;270.55;;;
20230405:0210;-2.95;270.2;;;
20230405:0310;-3.16;269.99;;;
20230405:0410;-3.31;269.84;;;
20230405:0510;-3.09;270.06;;;
20230405:0610;-1.55;271.6;;;
20230405:0710;0.54;273.69;;;
20230405:0810;1.99;275.14;;;
20230405:0910;2.91;276.06;;;
20230405:1010;3.59;276.74;;;
20230405:1110;4.11;277.26;;;
20230405:1210;4.56;277.71;;;
20230405:1310;5.13;278.28;;;
20230405:1410;5.48;278.63;;;
20230405:1510;5.56;278.71;;;
20230405:1610;5.06;278.21;;;
20230405:1710;4.51;277.66;;;
20230405:1810;3.76;276.91;;;
20230405:1910;2.82;275.97;;;
20230405:2010;0.96;274.11;;;
20230405:2110;-0.48;272.67;;;
20230405:2210;-1.49;271.66;;;
20230405:2310;-2.25;270.9;;;
20230406:0010;-2.86;270.29;;;
20230406:0110;-3.15;270;;;
20230406:0210;-3.34;269.81;;;
20230406:0310;-3.55;269.6;;;
20230406:0410;-3.64;269.51;;;
20230406:0510;-3.33;269.82;;;
20230406:0610;-0.1;273.05;;;
20230406:0710;2.64;275.79;;;
20230406:0810;4.19;277.34;;;
20230406:0910;5.38;278.53;;;
20230406:1010;6.2;279.35;;;
20230406:1110;7.16;280.31;;;
20230406:1210;8.11;281.26;;;
20230406:1310;7.91;281.06;;;
20230406:1410;8.31;281.46;;;
20230406:1510;8.06;281.21;;;
20230406:1610;7.27;280.42;;;
20230406:1710;6.07;279.22;;;
20230406:1810;4.97;278.12;;;
20230406:1910;5.35;278.5;;;
20230406:2010;4.59;277.74;;;
20230406:2110;3.82;276.97;;;
20230406:2210;2.73;275.88;;;
20230406:2310;2.5;275.65;;;
20230407:0010;2.5;275.65;;;
20230407:0110;2.3;275.45;;;
20230407:0210;2.26;275.41;;;
20230407:0310;2.1;275.25;;;
20230407:0410;1.47;274.62;;;
20230407:0510;1.29;274.44;;;
20230407:0610;2.6;275.75;;;
20230407:0710;4.54;277.69;;;
20230407:0810;6.11;279.26;;;
20230407:0910;7.23;280.38;;;
20230407:1010;7.52;280.67;;;
20230407:1110;7.55;280.7;;;
20230407:1210;7.88;281.03;;;
20230407:1310;7.48;280.63;;;
20230407:1410;6.98;280.13;;;
20230407:1510;6.58;279.73;;;
20230407:1610;6.03;279.18;;;
20230407:1710;5.54;278.69;;;
20230407:1810;5.12;278.27;;;
20230407:1910;4.82;277.97;;;
20230407:2010;4.24;277.39;;;
20230407:2110;4.04;277.19;;;
20230407:2210;3.68;276.83;;;
20230407:2310;3.24;276.39;;;
20230408:0010;2.74;275.89;;;
20230408:0110;2.77;275.92;;;
20230408:0210;1.7;274.85;;;
20230408:0310;1.33;274.48;;;
20230408:0410;1.26;274.41;;;
20230408:0510;1.22;274.37;;;
20230408:0610;1.42;274.57;;;
20230408:0710;1.69;274.84;;;
20230408:0810;2.53;275.68;;;
20230408:0910;3.08;276.23;;;
20230408:1010;3.93;277.08;;;
20230408:1110;4.74;277.89;;;
20230408:1210;5.06;278.21;;;
20230408:1310;5.33;278.48;;;
20230408:1410;5.48;278.63;;;
20230408:1510;5.55;278.7;;;
20230408:1610;5.4;278.55;;;
20230408:1710;5.11;278.26;;;
20230408:1810;4.3;277.45;;;
20230408:1910;3.68;276.83;;;
20230408:2010;2.96;276.11;;;
20230408:2110;1.99;275.14;;;
20230408:2210;1.36;274.51;;;
20230408:2310;1.08;274.23;;;
20230409:0010;1.46;274.61;;;
20230409:0110;2;275.15;;;
20230409:0210;2.13;275.28;;;
20230409:0310;1.85;275;;;
20230409:0410;1.97;275.12;;;
20230409:0510;2.1;275.25;;;
20230409:0610;3.01;276.16;;;
20230409:0710;4.33;277.48;;;
20230409:0810;5.34;278.49;;;
20230409:0910;6.08;279.23;;;
20230409:1010;6.74;279.89;;;
20230409:1110;8.1;281.25;;;
20230409:1210;8.84;281.99;;;
20230409:1310;9.47;282.62;;;
20230409:1410;9.74;282.89;;;
20230409:1510;9.6;282.75;;;
20230409:1610;9.16;282.31;;;
20230409:1710;7.34;280.49;;;
20230409:1810;6.61;279.76;;;
20230409:1910;5.12;278.27;;;
20230409:2010;3.61;276.76;;;
20230409:2110;2.73;275.88;;;
20230409:2210;2.05;275.2;;;
20230409:2310;1.66;274.81;;;
20230410:0010;0.95;274.1;;;
20230410:0110;0.66;273.81;;;
20230410:0210;0.35;273.5;;;
20230410:0310;0.36;273.51;;;
20230410:0410;0.18;273.33;;;
20230410:0510;0.16;273.31;;;
20230410:0610;2.98;276.13;;;
20230410:0710;5.93;279.08;;;
20230410:0810;7.36;280.51;;;
20230410:0910;8.77;281.92;;;
20230410:1010;9.3;282.45;;;
20230410:1110;10.41;283.56;;;
20230410:1210;11.22;284.37;;;
20230410:1310;11.79;284.94;;;
20230410:1410;12.08;285.23;;;
20230410:1510;12.28;285.43;;;
20230410:1610;12.01;285.16;;;
20230410:1710;11.15;284.3;;;
20230410:1810;9.26;282.41;;;
20230410:1910;8.78;281.93;;;
20230410:2010;8.7;281.85;;;
20230410:2110;5.51;278.66;;;
20230410:2210;3.18;276.33;;;
20230410:2310;2.09;275.24;;;
20230411:0010;1.77;274.92;;;
20230411:0110;1.52;274.67;;;
20230411:0210;1.51;274.66;;;
20230411:0310;1.46;274.61;;;
20230411:0410;1.1;274.25;;;
20230411:0510;0.97;274.12;;;
20230411:0610;3.42;276.57;;;
20230411:0710;6.82;279.97;;;
20230411:0810;10.14;283.29;;;
20230411:0910;12.46;285.61;;;
20230411:1010;12.9;286.05;;;
20230411:1110;11.98;285.13;;;
20230411:1210;11.74;284.89;;;
20230411:1310;12.25;285.4;;;
20230411:1410;11.51;284.66;;;
20230411:1510;10.7;283.85;;;
20230411:1610;10.05;283.2;;;
20230411:1710;9.31;282.46;;;
20230411:1810;8.32;281.47;;;
20230411:1910;7.94;281.09;;;
20230411:2010;7.48;280.63;;;
20230411:2110;6.72;279.87;;;
20230411:2210;6.07;279.22;;;
20230411:2310;5.44;278.59;;;
20230412:0010;4.9;278.05;;;
20230412:0110;4.32;277.47;;;
20230412:0210;3.75;276.9;;;
20230412:0310;2.9;276.05;;;
20230412:0410;1.97;275.12;;;
20230412:0510;1.46;274.61;;;
20230412:0610;4.52;277.67;;;
20230412:0710;7.89;281.04;;;
20230412:0810;9.62;282.77;;;
20230412:0910;10.83;283.98;;;
20230412:1010;11.94;285.09;;;
20230412:1110;12.9;286.05;;;
20230412:1210;13.65;286.8;;;
20230412:1310;14.15;287.3;;;
20230412:1410;14.07;287.22;;;
20230412:1510;13.87;287.02;;;
20230412:1610;13.58;286.73;;;
20230412:1710;12.51;285.66;;;
20230412:1810;11.07;284.22;;;
20230412:1910;10.29;283.44;;;
20230412:2010;9.17;282.32;;;
20230412:2110;7.72;280.87;;;
20230412:2210;7.13;280.28;;;
20230412:2310;7.06;280.21;;;
20230413:0010;6.85;280;;;
20230413:0110;6.61;279.76;;;
20230413:0210;6.51;279.66;;;
20230413:0310;6.6;279.75;;;
20230413:0410;6.77;279.92;;;
20230413:0510;7.2;280.35;;;
20230413:0610;7.86;281.01;;;
20230413:0710;8.01;281.16;;;
20230413:0810;8.06;281.21;;;
20230413:0910;8.06;281.21;;;
20230413:1010;8.23;281.38;;;
20230413:1110;8.38;281.53;;;
20230413:1210;8.19;281.34;;;
20230413:1310;8.27;281.42;;;
20230413:1410;8.38;281.53;;;
20230413:1510;8.31;281.46;;;
20230413:1610;8.08;281.23;;;
20230413:1710;7.77;280.92;;;
20230413:1810;7.14;280.29;;;
20230413:1910;6.14;279.29;;;
20230413:2010;5.67;278.82;;;
20230413:2110;5.22;278.37;;;
20230413:2210;5.16;278.31;;;
20230413:2310;5.13;278.28;;;
20230414:0010;4.86;278.01;;;
20230414:0110;4.72;277.87;;;
20230414:0210;4.33;277.48;;;
20230414:0310;3.69;276.84;;;
20230414:0410;3.27;276.42;;;
20230414:0510;3.09;276.24;;;
20230414:0610;3.17;276.32;;;
20230414:0710;3.4;276.55;;;
20230414:0810;3.74;276.89;;;
20230414:0910;3.99;277.14;;;
20230414:1010;3.98;277.13;;;
20230414:1110;3.57;276.72;;;
20230414:1210;3.66;276.81;;;
20230414:1310;3.89;277.04;;;
20230414:1410;4.1;277.25;;;
20230414:1510;4.2;277.35;;;
20230414:1610;4.36;277.51;;;
20230414:1710;4.4;277.55;;;
20230414:1810;4.36;277.51;;;
20230414:1910;3.91;277.06;;;
20230414:2010;4.07;277.22;;;
20230414:2110;4.21;277.36;;;
20230414:2210;4.21;277.36;;;
20230414:2310;4.12;277.27;;;
20230415:0010;3.9;277.05;;;
20230415:0110;3.76;276.91;;;
20230415:0210;3.62;276.77;;;
20230415:0310;3.55;276.7;;;
20230415:0410;3.53;276.68;;;
20230415:0510;3.6;276.75;;;
20230415:0610;3.92;277.07;;;
20230415:0710;4.35;277.5;;;
20230415:0810;4.97;278.12;;;
20230415:0910;5.45;278.6;;;
20230415:1010;6.14;279.29;;;
20230415:1110;6.67;279.82;;;
20230415:1210;7.03;280.18;;;
20230415:1310;7.54;280.69;;;
20230415:1410;7.71;280.86;;;
20230415:1510;8.01;281.16;;;
20230415:1610;7.8;280.95;;;
20230415:1710;7.31;280.46;;;
20230415:1810;6.33;279.48;;;
20230415:1910;5.1;278.25;;;
20230415:2010;3.68;276.83;;;
20230415:2110;3.21;276.36;;;
20230415:2210;3.04;276.19;;;
20230415:2310;3.11;276.26;;;
20230416:0010;2.59;275.74;;;
20230416:0110;2.28;275.43;;;
20230416:0210;2.7;275.85;;;
20230416:0310;3.34;276.49;;;
20230416:0410;3.89;277.04;;;
20230416:0510;4.39;277.54;;;
20230416:0610;5.87;279.02;;;
20230416:0710;6.54;279.69;;;
20230416:0810;7.99;281.14;;;
20230416:0910;8.93;282.08;;;
20230416:1010;9.37;282.52;;;
20230416:1110;9.99;283.14;;;
20230416:1210;10.17;283.32;;;
20230416:1310;10.62;283.77;;;
20230416:1410;11.15;284.3;;;
20230416:1510;11.09;284.24;;;
20230416:1610;10.85;284;;;
20230416:1710;10.25;283.4;;;
20230416:1810;9.34;282.49;;;
20230416:1910;8.22;281.37;;;
20230416:2010;8;281.15;;;
20230416:2110;7.58;280.73;;;
20230416:2210;7.57;280.72;;;
20230416:2310;7.45;280.6;;;
20230417:0010;7.1;280.25;;;
20230417:0110;6.42;279.57;;;
20230417:0210;6.35;279.5;;;
20230417:0310;6.64;279.79;;;
20230417:0410;6.79;279.94;;;
20230417:0510;7.04;280.19;;;
20230417:0610;7.72;280.87;;;
20230417:0710;8.87;282.02;;;
20230417:0810;10.35;283.5;;;
20230417:0910;11.96;285.11;;;
20230417:1010;13.19;286.34;;;
20230417:1110;13.84;286.99;;;
20230417:1210;13.94;287.09;;;
20230417:1310;14.15;287.3;;;
20230417:1410;14.17;287.32;;;
20230417:1510;13.95;287.1;;;
20230417:1610;13.51;286.66;;;
20230417:1710;12.67;285.82;;;
20230417:1810;11.38;284.53;;;
20230417:1910;10.46;283.61;;;
20230417:2010;10.01;283.16;;;
20230417:2110;9.44;282.59;;;
20230417:2210;9.01;282.16;;;
20230417:2310;8.94;282.09;;;
20230418:0010;8.99;282.14;;;
20230418:0110;8.95;282.1;;;
20230418:0210;8.91;282.06;;;
20230418:0310;8.91;282.06;;;
20230418:0410;8.83;281.98;;;
20230418:0510;8.83;281.98;;;
20230418:0610;9.14;282.29;;;
20230418:0710;9.42;282.57;;;
20230418:0810;9.76;282.91;;;
20230418:0910;10.4;283.55;;;
20230418:1010;10.94;284.09;;;
20230418:1110;11.62;284.77;;;
20230418:1210;12.2;285.35;;;
20230418:1310;12.24;285.39;;;
20230418:1410;12.34;285.49;;;
20230418:1510;12.34;285.49;;;
20230418:1610;11.89;285.04;;;
20230418:1710;11.51;284.66;;;
20230418:1810;10.92;284.07;;;
20230418:1910;10.33;283.48;;;
20230418:2010;10.16;283.31;;;
20230418:2110;9.73;282.88;;;
20230418:2210;9.27;282.42;;;
20230418:2310;8.46;281.61;;;
20230419:0010;7.58;280.73;;;
20230419:0110;6.83;279.98;;;
20230419:0210;6.5;279.65;;;
20230419:0310;6.31;279.46;;;
20230419:0410;6.54;279.69;;;
20230419:0510;7.11;280.26;;;
20230419:0610;8.03;281.18;;;
20230419:0710;8.91;282.06;;;
20230419:0810;9.52;282.67;;;
20230419:0910;9.52;282.67;;;
20230419:1010;9.63;282.78;;;
20230419:1110;9.45;282.6;;;
20230419:1210;9.77;282.92;;;
20230419:1310;9.82;282.97;;;
20230419:1410;10.09;283.24;;;
20230419:1510;10.25;283.4;;;
20230419:1610;10.18;283.33;;;
20230419:1710;9.62;282.77;;;
20230419:1810;8.63;281.78;;;
20230419:1910;7.2;280.35;;;
20230419:2010;6.7;279.85;;;
20230419:2110;6.26;279.41;;;
20230419:2210;5.51;278.66;;;
20230419:2310;4.95;278.1;;;
20230420:0010;4.57;277.72;;;
20230420:0110;4.2;277.35;;;
20230420:0210;3.68;276.83;;;
20230420:0310;3.49;276.64;;;
20230420:0410;3.2;276.35;;;
20230420:0510;3.34;276.49;;;
20230420:0610;5.53;278.68;;;
20230420:0710;6.84;279.99;;;
20230420:0810;8.36;281.51;;;
20230420:0910;9.74;282.89;;;
20230420:1010;11.42;284.57;;;
20230420:1110;12.46;285.61;;;
20230420:1210;13.27;286.42;;;
20230420:1310;13.91;287.06;;;
20230420:1410;14.07;287.22;;;
20230420:1510;13.9;287.05;;;
20230420:1610;13.4;286.55;;;
20230420:1710;12.76;285.91;;;
20230420:1810;11.53;284.68;;;
20230420:1910;10.86;284.01;;;
20230420:2010;9.54;282.69;;;
20230420:2110;9.05;282.2;;;
20230420:2210;9.51;282.66;;;
20230420:2310;8.74;281.89;;;
20230421:0010;7.84;280.99;;;
20230421:0110;8.17;281.32;;;
20230421:0210;8.01;281.16;;;
20230421:0310;7.79;280.94;;;
20230421:0410;7.57;280.72;;;
20230421:0510;7.73;280.88;;;
20230421:0610;9.3;282.45;;;
20230421:0710;12.3;285.45;;;
20230421:0810;13.63;286.78;;;
20230421:0910;14.67;287.82;;;
20230421:1010;15.33;288.48;;;
20230421:1110;15.75;288.9;;;
20230421:1210;16.17;289.32;;;
20230421:1310;16.26;289.41;;;
20230421:1410;16.12;289.27;;;
20230421:1510;15.85;289;;;
20230421:1610;15.47;288.62;;;
20230421:1710;14.31;287.46;;;
20230421:1810;12.61;285.76;;;
20230421:1910;11.41;284.56;;;
20230421:2010;10.1;283.25;;;
20230421:2110;9;282.15;;;
20230421:2210;8.09;281.24;;;
20230421:2310;7.36;280.51;;;
20230422:0010;6.73;279.88;;;
20230422:0110;6.58;279.73;;;
20230422:0210;6.7;279.85;;;
20230422:0310;7.18;280.33;;;
20230422:0410;7.25;280.4;;;
20230422:0510;7.69;280.84;;;
20230422:0610;9.5;282.65;;;
20230422:0710;13.07;286.22;;;
20230422:0810;15.06;288.21;;;
20230422:0910;16.47;289.62;;;
20230422:1010;17.48;290.63;;;
20230422:1110;18.09;291.24;;;
20230422:1210;18.48;291.63;;;
20230422:1310;18.56;291.71;;;
20230422:1410;18.66;291.81;;;
20230422:1510;18.33;291.48;;;
20230422:1610;17.54;290.69;;;
20230422:1710;16.21;289.36;;;
20230422:1810;14.5;287.65;;;
20230422:1910;13.97;287.12;;;
20230422:2010;13.11;286.26;;;
20230422:2110;12.3;285.45;;;
20230422:2210;11.52;284.67;;;
20230422:2310;10.85;284;;;
20230423:0010;10.16;283.31;;;
20230423:0110;9.58;282.73;;;
20230423:0210;8.87;282.02;;;
20230423:0310;8.12;281.27;;;
20230423:0410;7.43;280.58;;;
20230423:0510;7.8;280.95;;;
20230423:0610;11.09;284.24;;;
20230423:0710;13.7;286.85;;;
20230423:0810;15.63;288.78;;;
20230423:0910;16.95;290.1;;;
20230423:1010;18.03;291.18;;;
20230423:1110;18.93;292.08;;;
20230423:1210;19.37;292.52;;;
20230423:1310;19.76;292.91;;;
20230423:1410;19.5;292.65;;;
20230423:1510;18.74;291.89;;;
20230423:1610;18.01;291.16;;;
20230423:1710;17.05;290.2;;;
20230423:1810;15.89;289.04;;;
20230423:1910;15.27;288.42;;;
20230423:2010;14.54;287.69;;;
20230423:2110;13.75;286.9;;;
20230423:2210;12.89;286.04;;;
20230423:2310;12.07;285.22;;;
20230424:0010;11.16;284.31;;;
20230424:0110;10.02;283.17;;;
20230424:0210;9.38;282.53;;;
20230424:0310;9.26;282.41;;;
20230424:0410;7.63;280.78;;;
20230424:0510;9.32;282.47;;;
20230424:0610;11.39;284.54;;;
20230424:0710;12.28;285.43;;;
20230424:0810;12.84;285.99;;;
20230424:0910;12.9;286.05;;;
20230424:1010;12.41;285.56;;;
20230424:1110;12.58;285.73;;;
20230424:1210;13.07;286.22;;;
20230424:1310;13.45;286.6;;;
20230424:1410;13.79;286.94;;;
20230424:1510;13.15;286.3;;;
20230424:1610;12.2;285.35;;;
20230424:1710;11.83;284.98;;;
20230424:1810;11.45;284.6;;;
20230424:1910;10.2;283.35;;;
20230424:2010;9.58;282.73;;;
20230424:2110;9.32;282.47;;;
20230424:2210;9.37;282.52;;;
20230424:2310;9.35;282.5;;;
20230425:0010;9.21;282.36;;;
20230425:0110;8.86;282.01;;;
20230425:0210;8.33;281.48;;;
20230425:0310;7.73;280.88;;;
20230425:0410;7.21;280.36;;;
20230425:0510;7.41;280.56;;;
20230425:0610;8.62;281.77;;;
20230425:0710;10.23;283.38;;;
20230425:0810;11.49;284.64;;;
20230425:0910;12.41;285.56;;;
20230425:1010;12.81;285.96;;;
20230425:1110;13.57;286.72;;;
20230425:1210;14.14;287.29;;;
20230425:1310;13.77;286.92;;;
20230425:1410;12.72;285.87;;;
20230425:1510;11.19;284.34;;;
20230425:1610;10.87;284.02;;;
20230425:1710;10.6;283.75;;;
20230425:1810;9.67;282.82;;;
20230425:1910;8.77;281.92;;;
20230425:2010;8.16;281.31;;;
20230425:2110;7.71;280.86;;;
20230425:2210;7.34;280.49;;;
20230425:2310;7.36;280.51;;;
20230426:0010;6.77;279.92;;;
20230426:0110;6.3;279.45;;;
20230426:0210;5.8;278.95;;;
20230426:0310;5.49;278.64;;;
20230426:0410;5.04;278.19;;;
20230426:0510;5.25;278.4;;;
20230426:0610;6.54;279.69;;;
20230426:0710;7.44;280.59;;;
20230426:0810;8.13;281.28;;;
20230426:0910;8.77;281.92;;;
20230426:1010;9.57;282.72;;;
20230426:1110;10.29;283.44;;;
20230426:1210;10.73;283.88;;;
20230426:1310;11.28;284.43;;;
20230426:1410;11.4;284.55;;;
20230426:1510;11.39;284.54;;;
20230426:1610;11.05;284.2;;;
20230426:1710;10.26;283.41;;;
20230426:1810;8.97;282.12;;;
20230426:1910;7.83;280.98;;;
20230426:2010;6.86;280.01;;;
20230426:2110;5.88;279.03;;;
20230426:2210;5.66;278.81;;;
20230426:2310;6.04;279.19;;;
20230427:0010;6.65;279.8;;;
20230427:0110;6.55;279.7;;;
20230427:0210;6.33;279.48;;;
20230427:0310;5.85;279;;;
20230427:0410;5.25;278.4;;;
20230427:0510;5.27;278.42;;;
20230427:0610;7.22;280.37;;;
20230427:0710;8.19;281.34;;;
20230427:0810;9.21;282.36;;;
20230427:0910;10.27;283.42;;;
20230427:1010;11.15;284.3;;;
20230427:1110;11.79;284.94;;;
20230427:1210;12.12;285.27;;;
20230427:1310;12.6;285.75;;;
20230427:1410;12.62;285.77;;;
20230427:1510;12.5;285.65;;;
20230427:1610;12.34;285.49;;;
20230427:1710;11.83;284.98;;;
20230427:1810;10.69;283.84;;;
20230427:1910;9.24;282.39;;;
20230427:2010;8.27;281.42;;;
20230427:2110;7.43;280.58;;;
20230427:2210;6.81;279.96;;;
20230427:2310;6.74;279.89;;;
20230428:0010;6.33;279.48;;;
20230428:0110;6.12;279.27;;;
20230428:0210;6.49;279.64;;;
20230428:0310;6.95;280.1;;;
20230428:0410;6.87;280.02;;;
20230428:0510;7.47;280.62;;;
20230428:0610;8.8;281.95;;;
20230428:0710;10.43;283.58;;;
20230428:0810;11.91;285.06;;;
20230428:0910;13.39;286.54;;;
20230428:1010;14.81;287.96;;;
20230428:1110;15.93;289.08;;;
20230428:1210;16.58;289.73;;;
20230428:1310;16.14;289.29;;;
20230428:1410;15.59;288.74;;;
20230428:1510;14.96;288.11;;;
20230428:1610;13.63;286.78;;;
20230428:1710;12.3;285.45;;;
20230428:1810;11.61;284.76;;;
20230428:1910;11.54;284.69;;;
20230428:2010;11.19;284.34;;;
20230428:2110;10.79;283.94;;;
20230428:2210;10.65;283.8;;;
20230428:2310;10.52;283.67;;;
20230429:0010;10.35;283.5;;;
20230429:0110;10.25;283.4;;;
20230429:0210;10.13;283.28;;;
20230429:0310;10.06;283.21;;;
20230429:0410;9.99;283.14;;;
20230429:0510;10.36;283.51;;;
20230429:0610;11.74;284.89;;;
20230429:0710;13.3;286.45;;;
20230429:0810;14.28;287.43;;;
20230429:0910;15.26;288.41;;;
20230429:1010;16.09;289.24;;;
20230429:1110;17.34;290.49;;;
20230429:1210;17.11;290.26;;;
20230429:1310;17.64;290.79;;;
20230429:1410;17.98;291.13;;;
20230429:1510;17.85;291;;;
20230429:1610;16.26;289.41;;;
20230429:1710;15.5;288.65;;;
20230429:1810;14.23;287.38;;;
20230429:1910;12.87;286.02;;;
20230429:2010;12.01;285.16;;;
20230429:2110;11.85;285;;;
20230429:2210;11.45;284.6;;;
20230429:2310;10.96;284.11;;;
20230430:0010;10.5;283.65;;;
20230430:0110;9.93;283.08;;;
20230430:0210;9.64;282.79;;;
20230430:0310;9.34;282.49;;;
20230430:0410;9;282.15;;;
20230430:0510;9.15;282.3;;;
20230430:0610;9.85;283;;;
20230430:0710;11.06;284.21;;;
20230430:0810;12.24;285.39;;;
20230430:0910;13.31;286.46;;;
20230430:1010;14.19;287.34;;;
20230430:1110;14.49;287.64;;;
20230430:1210;14.5;287.65;;;
20230430:1310;14.8;287.95;;;
20230430:1410;14.94;288.09;;;
20230430:1510;14.67;287.82;;;
20230430:1610;14.53;287.68;;;
20230430:1710;13.98;287.13;;;
20230430:1810;12.45;285.6;;;
20230430:1910;10.79;283.94;;;
20230430:2010;9.43;282.58;;;
20230430:2110;8.01;281.16;;;
20230430:2210;6.98;280.13;;;
20230430:2310;6.18;279.33;;;
20230501:0010;6.37;279.52;;;
20230501:0110;7.2;280.35;;;
20230501:0210;6.39;279.54;;;
20230501:0310;6.73;279.88;;;
20230501:0410;6.63;279.78;;;
20230501:0510;6.67;279.82;;;
20230501:0610;8.48;281.63;;;
20230501:0710;10.54;283.69;;;
20230501:0810;12.46;285.61;;;
20230501:0910;14.13;287.28;;;
20230501:1010;14.97;288.12;;;
20230501:1110;16.24;289.39;;;
20230501:1210;16.77;289.92;;;
20230501:1310;16.55;289.7;;;
20230501:1410;16.82;289.97;;;
20230501:1510;16.68;289.83;;;
20230501:1610;16.47;289.62;;;
20230501:1710;15.63;288.78;;;
20230501:1810;14.5;287.65;;;
20230501:1910;14.04;287.19;;;
20230501:2010;13.31;286.46;;;
20230501:2110;12.55;285.7;;;
20230501:2210;11.81;284.96;;;
20230501:2310;11.13;284.28;;;
20230502:0010;10.26;283.41;;;
20230502:0110;9.42;282.57;;;
20230502:0210;8.89;282.04;;;
20230502:0310;8.63;281.78;;;
20230502:0410;9.07;282.22;;;
20230502:0510;10.39;283.54;;;
20230502:0610;12.36;285.51;;;
20230502:0710;13.15;286.3;;;
20230502:0810;13.92;287.07;;;
20230502:0910;14.27;287.42;;;
20230502:1010;14.8;287.95;;;
20230502:1110;15.28;288.43;;;
20230502:1210;15.44;288.59;;;
20230502:1310;15.78;288.93;;;
20230502:1410;15.83;288.98;;;
20230502:1510;15.6;288.75;;;
20230502:1610;14.96;288.11;;;
20230502:1710;14.27;287.42;;;
20230502:1810;13.31;286.46;;;
20230502:1910;12.08;285.23;;;
20230502:2010;11.67;284.82;;;
20230502:2110;11.43;284.58;;;
20230502:2210;11.22;284.37;;;
20230502:2310;11;284.15;;;
20230503:0010;10.75;283.9;;;
20230503:0110;10.52;283.67;;;
20230503:0210;10.27;283.42;;;
20230503:0310;10.01;283.16;;;
20230503:0410;9.73;282.88;;;
20230503:0510;9.87;283.02;;;
20230503:0610;10.26;283.41;;;
20230503:0710;11.32;284.47;;;
20230503:0810;12.3;285.45;;;
20230503:0910;13.21;286.36;;;
20230503:1010;13.9;287.05;;;
20230503:1110;14.32;287.47;;;
20230503:1210;14.5;287.65;;;
20230503:1310;14.58;287.73;;;
20230503:1410;14.62;287.77;;;
20230503:1510;14.56;287.71;;;
20230503:1610;14.07;287.22;;;
20230503:1710;13.41;286.56;;;
20230503:1810;12.43;285.58;;;
20230503:1910;11.15;284.3;;;
20230503:2010;10.01;283.16;;;
20230503:2110;8.91;282.06;;;
20230503:2210;7.99;281.14;;;
20230503:2310;7.23;280.38;;;
20230504:0010;6.61;279.76;;;
20230504:0110;6.15;279.3;;;
20230504:0210;5.64;278.79;;;
20230504:0310;5.21;278.36;;;
20230504:0410;4.97;278.12;;;
20230504:0510;6.37;279.52;;;
20230504:0610;8.78;281.93;;;
20230504:0710;10.77;283.92;;;
20230504:0810;12.29;285.44;;;
20230504:0910;13.55;286.7;;;
20230504:1010;14.51;287.66;;;
20230504:1110;15.54;288.69;;;
20230504:1210;16.2;289.35;;;
20230504:1310;16.71;289.86;;;
20230504:1410;16.88;290.03;;;
20230504:1510;16.86;290.01;;;
20230504:1610;16.58;289.73;;;
20230504:1710;15.78;288.93;;;
20230504:1810;14;287.15;;;
20230504:1910;14.3;287.45;;;
20230504:2010;13.57;286.72;;;
20230504:2110;12.4;285.55;;;
20230504:2210;10.85;284;;;
20230504:2310;9.99;283.14;;;
20230505:0010;9.72;282.87;;;
20230505:0110;9.26;282.41;;;
20230505:0210;8.73;281.88;;;
20230505:0310;8.22;281.37;;;
20230505:0410;7.81;280.96;;;
20230505:0510;8.35;281.5;;;
20230505:0610;11.01;284.16;;;
20230505:0710;13.33;286.48;;;
20230505:0810;15.07;288.22;;;
20230505:0910;16.6;289.75;;;
20230505:1010;17.87;291.02;;;
20230505:1110;18.93;292.08;;;
20230505:1210;19.69;292.84;;;
20230505:1310;20.22;293.37;;;
20230505:1410;20.44;293.59;;;
20230505:1510;20.28;293.43;;;
20230505:1610;19.79;292.94;;;
20230505:1710;18.61;291.76;;;
20230505:1810;16.77;289.92;;;
20230505:1910;15.5;288.65;;;
20230505:2010;14.35;287.5;;;
20230505:2110;13.3;286.45;;;
20230505:2210;12.49;285.64;;;
20230505:2310;11.85;285;;;
20230506:0010;11.09;284.24;;;
20230506:0110;10.62;283.77;;;
20230506:0210;9.91;283.06;;;
20230506:0310;9.65;282.8;;;
20230506:0410;9.5;282.65;;;
20230506:0510;11.28;284.43;;;
20230506:0610;14.89;288.04;;;
20230506:0710;15.32;288.47;;;
20230506:0810;16.84;289.99;;;
20230506:0910;18.04;291.19;;;
20230506:1010;18.85;292;;;
20230506:1110;19.09;292.24;;;
20230506:1210;19.73;292.88;;;
20230506:1310;20.02;293.17;;;
20230506:1410;20.2;293.35;;;
20230506:1510;18.54;291.69;;;
20230506:1610;18.59;291.74;;;
20230506:1710;18.01;291.16;;;
20230506:1810;16.99;290.14;;;
20230506:1910;15.06;288.21;;;
20230506:2010;13.28;286.43;;;
20230506:2110;12.28;285.43;;;
20230506:2210;11.43;284.58;;;
20230506:2310;10.63;283.78;;;
20230507:0010;9.82;282.97;;;
20230507:0110;9.55;282.7;;;
20230507:0210;9.05;282.2;;;
20230507:0310;8.87;282.02;;;
20230507:0410;9.02;282.17;;;
20230507:0510;10.54;283.69;;;
20230507:0610;11.5;284.65;;;
20230507:0710;13.17;286.32;;;
20230507:0810;14.11;287.26;;;
20230507:0910;14.86;288.01;;;
20230507:1010;15.64;288.79;;;
20230507:1110;16.19;289.34;;;
20230507:1210;16.65;289.8;;;
20230507:1310;16.48;289.63;;;
20230507:1410;15.82;288.97;;;
20230507:1510;15.63;288.78;;;
20230507:1610;15;288.15;;;
20230507:1710;13.78;286.93;;;
20230507:1810;12.14;285.29;;;
20230507:1910;10.4;283.55;;;
20230507:2010;9.09;282.24;;;
20230507:2110;8.17;281.32;;;
20230507:2210;7.52;280.67;;;
20230507:2310;6.95;280.1;;;
20230508:0010;6.55;279.7;;;
20230508:0110;6.02;279.17;;;
20230508:0210;5.63;278.78;;;
20230508:0310;5.41;278.56;;;
20230508:0410;4.91;278.06;;;
20230508:0510;5.3;278.45;;;
20230508:0610;6.42;279.57;;;
20230508:0710;7.42;280.57;;;
20230508:0810;8.68;281.83;;;
20230508:0910;9.95;283.1;;;
20230508:1010;11.16;284.31;;;
20230508:1110;12.3;285.45;;;
20230508:1210;13.17;286.32;;;
20230508:1310;13.9;287.05;;;
20230508:1410;14.8;287.95;;;
20230508:1510;15.12;288.27;;;
20230508:1610;15;288.15;;;
20230508:1710;14.57;287.72;;;
20230508:1810;13.89;287.04;;;
20230508:1910;10.86;284.01;;;
20230508:2010;9.22;282.37;;;
20230508:2110;8.07;281.22;;;
20230508:2210;8.39;281.54;;;
20230508:2310;7.38;280.53;;;
20230509:0010;8.13;281.28;;;
20230509:0110;7.71;280.86;;;
20230509:0210;7.01;280.16;;;
20230509:0310;6.38;279.53;;;
20230509:0410;5.92;279.07;;;
20230509:0510;6.86;280.01;;;
20230509:0610;8.38;281.53;;;
20230509:0710;9.65;282.8;;;
20230509:0810;11.17;284.32;;;
20230509:0910;12.38;285.53;;;
20230509:1010;13.33;286.48;;;
20230509:1110;14.27;287.42;;;
20230509:1210;15.11;288.26;;;
20230509:1310;15.21;288.36;;;
20230509:1410;15.02;288.17;;;
20230509:1510;14.72;287.87;;;
20230509:1610;14.4;287.55;;;
20230509:1710;13.79;286.94;;;
20230509:1810;12.98;286.13;;;
20230509:1910;12.39;285.54;;;
20230509:2010;11.87;285.02;;;
20230509:2110;11.11;284.26;;;
20230509:2210;10.46;283.61;;;
20230509:2310;9.97;283.12;;;
20230510:0010;9.52;282.67;;;
20230510:0110;9.17;282.32;;;
20230510:0210;8.87;282.02;;;
20230510:0310;8.67;281.82;;;
20230510:0410;8.63;281.78;;;
20230510:0510;9.42;282.57;;;
20230510:0610;10.78;283.93;;;
20230510:0710;12.55;285.7;;;
20230510:0810;13.91;287.06;;;
20230510:0910;14.94;288.09;;;
20230510:1010;15.74;288.89;;;
20230510:1110;16.19;289.34;;;
20230510:1210;16.58;289.73;;;
20230510:1310;16.71;289.86;;;
20230510:1410;16.41;289.56;;;
20230510:1510;16.42;289.57;;;
20230510:1610;16.02;289.17;;;
20230510:1710;15.48;288.63;;;
20230510:1810;14.64;287.79;;;
20230510:1910;13.68;286.83;;;
20230510:2010;13;286.15;;;
20230510:2110;12.5;285.65;;;
20230510:2210;12.03;285.18;;;
20230510:2310;11.58;284.73;;;
20230511:0010;11.4;284.55;;;
20230511:0110;10.9;284.05;;;
20230511:0210;10.39;283.54;;;
20230511:0310;10.08;283.23;;;
20230511:0410;9.85;283;;;
20230511:0510;10.47;283.62;;;
20230511:0610;11.75;284.9;;;
20230511:0710;12.54;285.69;;;
20230511:0810;13.63;286.78;;;
20230511:0910;14.52;287.67;;;
20230511:1010;15.06;288.21;;;
20230511:1110;15.74;288.89;;;
20230511:1210;15.98;289.13;;;
20230511:1310;15.75;288.9;;;
20230511:1410;15.29;288.44;;;
20230511:1510;14.44;287.59;;;
20230511:1610;13.45;286.6;;;
20230511:1710;12.49;285.64;;;
20230511:1810;11.55;284.7;;;
20230511:1910;12.44;285.59;;;
20230511:2010;11.71;284.86;;;
20230511:2110;11.06;284.21;;;
20230511:2210;10.86;284.01;;;
20230511:2310;10.65;283.8;;;
20230512:0010;10.38;283.53;;;
20230512:0110;10.05;283.2;;;
20230512:0210;9.81;282.96;;;
20230512:0310;9.58;282.73;;;
20230512:0410;9.46;282.61;;;
20230512:0510;9.42;282.57;;;
20230512:0610;9.56;282.71;;;
20230512:0710;9.96;283.11;;;
20230512:0810;10.3;283.45;;;
20230512:0910;10.22;283.37;;;
20230512:1010;10.33;283.48;;;
20230512:1110;10.5;283.65;;;
20230512:1210;10.62;283.77;;;
20230512:1310;10.39;283.54;;;
20230512:1410;10.35;283.5;;;
20230512:1510;10.23;283.38;;;
20230512:1610;9.94;283.09;;;
20230512:1710;9.69;282.84;;;
20230512:1810;9.46;282.61;;;
20230512:1910;9.38;282.53;;;
20230512:2010;9.31;282.46;;;
20230512:2110;9.21;282.36;;;
20230512:2210;9.13;282.28;;;
20230512:2310;9.02;282.17;;;
20230513:0010;8.97;282.12;;;
20230513:0110;8.92;282.07;;;
20230513:0210;8.87;282.02;;;
20230513:0310;8.82;281.97;;;
20230513:0410;8.79;281.94;;;
20230513:0510;8.85;282;;;
20230513:0610;8.98;282.13;;;
20230513:0710;9.53;282.68;;;
20230513:0810;9.97;283.12;;;
20230513:0910;10.41;283.56;;;
20230513:1010;10.94;284.09;;;
20230513:1110;11.68;284.83;;;
20230513:1210;12.18;285.33;;;
20230513:1310;12.57;285.72;;;
20230513:1410;12.69;285.84;;;
20230513:1510;12.74;285.89;;;
20230513:1610;12.6;285.75;;;
20230513:1710;12.24;285.39;;;
20230513:1810;11.84;284.99;;;
20230513:1910;11.15;284.3;;;
20230513:2010;10.99;284.14;;;
20230513:2110;10.75;283.9;;;
20230513:2210;10.54;283.69;;;
20230513:2310;9.97;283.12;;;
20230514:0010;9.93;283.08;;;
20230514:0110;9.78;282.93;;;
20230514:0210;9.37;282.52;;;
20230514:0310;9.22;282.37;;;
20230514:0410;9.13;282.28;;;
20230514:0510;9.28;282.43;;;
20230514:0610;9.5;282.65;;;
20230514:0710;9.85;283;;;
20230514:0810;10.03;283.18;;;
20230514:0910;10.31;283.46;;;
20230514:1010;10.43;283.58;;;
20230514:1110;10.65;283.8;;;
20230514:1210;11.03;284.18;;;
20230514:1310;11.26;284.41;;;
20230514:1410;11.67;284.82;;;
20230514:1510;11.72;284.87;;;
20230514:1610;11.59;284.74;;;
20230514:1710;11.44;284.59;;;
20230514:1810;11.24;284.39;;;
20230514:1910;10.73;283.88;;;
20230514:2010;10.47;283.62;;;
20230514:2110;10.37;283.52;;;
20230514:2210;10.3;283.45;;;
20230514:2310;10.17;283.32;;;
20230515:0010;10.03;283.18;;;
20230515:0110;9.88;283.03;;;
20230515:0210;9.7;282.85;;;
20230515:0310;9.77;282.92;;;
20230515:0410;9.88;283.03;;;
20230515:0510;10.11;283.26;;;
20230515:0610;10.53;283.68;;;
20230515:0710;11.36;284.51;;;
20230515:0810;12.44;285.59;;;
20230515:0910;13.45;286.6;;;
20230515:1010;14.28;287.43;;;
20230515:1110;15.27;288.42;;;
20230515:1210;15.59;288.74;;;
20230515:1310;15.73;288.88;;;
20230515:1410;16.1;289.25;;;
20230515:1510;16.2;289.35;;;
20230515:1610;15.92;289.07;;;
20230515:1710;15.41;288.56;;;
20230515:1810;14.28;287.43;;;
20230515:1910;12.7;285.85;;;
20230515:2010;11.61;284.76;;;
20230515:2110;10.87;284.02;;;
20230515:2210;10.37;283.52;;;
20230515:2310;10.57;283.72;;;
20230516:0010;10.02;283.17;;;
20230516:0110;10.01;283.16;;;
20230516:0210;10.03;283.18;;;
20230516:0310;9.65;282.8;;;
20230516:0410;9.6;282.75;;;
20230516:0510;10.85;284;;;
20230516:0610;12.31;285.46;;;
20230516:0710;12.81;285.96;;;
20230516:0810;13.26;286.41;;;
20230516:0910;13.44;286.59;;;
20230516:1010;14.14;287.29;;;
20230516:1110;14.67;287.82;;;
20230516:1210;14.22;287.37;;;
20230516:1310;14.34;287.49;;;
20230516:1410;14.21;287.36;;;
20230516:1510;14.12;287.27;;;
20230516:1610;13.82;286.97;;;
20230516:1710;13.51;286.66;;;
20230516:1810;13.22;286.37;;;
20230516:1910;12.36;285.51;;;
20230516:2010;12.22;285.37;;;
20230516:2110;12.02;285.17;;;
20230516:2210;11.72;284.87;;;
20230516:2310;11.27;284.42;;;
20230517:0010;10.83;283.98;;;
20230517:0110;10.38;283.53;;;
20230517:0210;10.04;283.19;;;
20230517:0310;9.8;282.95;;;
20230517:0410;9.63;282.78;;;
20230517:0510;9.52;282.67;;;
20230517:0610;9.3;282.45;;;
20230517:0710;8.69;281.84;;;
20230517:0810;8.64;281.79;;;
20230517:0910;8.75;281.9;;;
20230517:1010;8.67;281.82;;;
20230517:1110;8.81;281.96;;;
20230517:1210;8.92;282.07;;;
20230517:1310;9.38;282.53;;;
20230517:1410;9.45;282.6;;;
20230517:1510;9.51;282.66;;;
20230517:1610;9.57;282.72;;;
20230517:1710;9.36;282.51;;;
20230517:1810;9.17;282.32;;;
20230517:1910;8.57;281.72;;;
20230517:2010;8.4;281.55;;;
20230517:2110;8.22;281.37;;;
20230517:2210;8.08;281.23;;;
20230517:2310;8.01;281.16;;;
20230518:0010;7.85;281;;;
20230518:0110;7.75;280.9;;;
20230518:0210;7.67;280.82;;;
20230518:0310;7.58;280.73;;;
20230518:0410;7.5;280.65;;;
20230518:0510;7.5;280.65;;;
20230518:0610;7.57;280.72;;;
20230518:0710;8.36;281.51;;;
20230518:0810;8.81;281.96;;;
20230518:0910;9.24;282.39;;;
20230518:1010;9.51;282.66;;;
20230518:1110;9.79;282.94;;;
20230518:1210;10;283.15;;;
20230518:1310;9.83;282.98;;;
20230518:1410;9.74;282.89;;;
20230518:1510;9.8;282.95;;;
20230518:1610;9.7;282.85;;;
20230518:1710;9.44;282.59;;;
20230518:1810;9.19;282.34;;;
20230518:1910;9.99;283.14;;;
20230518:2010;9.71;282.86;;;
20230518:2110;9.45;282.6;;;
20230518:2210;9.17;282.32;;;
20230518:2310;8.91;282.06;;;
20230519:0010;8.64;281.79;;;
20230519:0110;8.43;281.58;;;
20230519:0210;8.27;281.42;;;
20230519:0310;8.17;281.32;;;
20230519:0410;8.14;281.29;;;
20230519:0510;8.29;281.44;;;
20230519:0610;8.62;281.77;;;
20230519:0710;10.39;283.54;;;
20230519:0810;11.91;285.06;;;
20230519:0910;13.03;286.18;;;
20230519:1010;13.97;287.12;;;
20230519:1110;14.79;287.94;;;
20230519:1210;15.56;288.71;;;
20230519:1310;16.13;289.28;;;
20230519:1410;16.53;289.68;;;
20230519:1510;16.51;289.66;;;
20230519:1610;16.28;289.43;;;
20230519:1710;16.01;289.16;;;
20230519:1810;14.94;288.09;;;
20230519:1910;13.72;286.87;;;
20230519:2010;12.69;285.84;;;
20230519:2110;13.01;286.16;;;
20230519:2210;12.28;285.43;;;
20230519:2310;11.01;284.16;;;
20230520:0010;10.54;283.69;;;
20230520:0110;11.33;284.48;;;
20230520:0210;10.5;283.65;;;
20230520:0310;9.23;282.38;;;
20230520:0410;9.23;282.38;;;
20230520:0510;10.71;283.86;;;
20230520:0610;12.66;285.81;;;
20230520:0710;14.92;288.07;;;
20230520:0810;16.47;289.62;;;
20230520:0910;18.09;291.24;;;
20230520:1010;19.06;292.21;;;
20230520:1110;19.88;293.03;;;
20230520:1210;20.43;293.58;;;
20230520:1310;21.21;294.36;;;
20230520:1410;21.47;294.62;;;
20230520:1510;21.58;294.73;;;
20230520:1610;21.17;294.32;;;
20230520:1710;20.48;293.63;;;
20230520:1810;19.12;292.27;;;
20230520:1910;17.69;290.84;;;
20230520:2010;16.73;289.88;;;
20230520:2110;15.61;288.76;;;
20230520:2210;15.06;288.21;;;
20230520:2310;14.42;287.57;;;
20230521:0010;13.68;286.83;;;
20230521:0110;12.94;286.09;;;
20230521:0210;12.45;285.6;;;
20230521:0310;12.16;285.31;;;
20230521:0410;12.14;285.29;;;
20230521:0510;13.65;286.8;;;
20230521:0610;16.57;289.72;;;
20230521:0710;17.79;290.94;;;
20230521:0810;18.95;292.1;;;
20230521:0910;20.15;293.3;;;
20230521:1010;21.18;294.33;;;
20230521:1110;21.89;295.04;;;
20230521:1210;22.28;295.43;;;
20230521:1310;22.3;295.45;;;
20230521:1410;22.23;295.38;;;
20230521:1510;22.27;295.42;;;
20230521:1610;22.02;295.17;;;
20230521:1710;21.42;294.57;;;
20230521:1810;19.92;293.07;;;
20230521:1910;18.89;292.04;;;
20230521:2010;18.7;291.85;;;
20230521:2110;17.89;291.04;;;
20230521:2210;17.18;290.33;;;
20230521:2310;16.83;289.98;;;
20230522:0010;16.14;289.29;;;
20230522:0110;15.55;288.7;;;
20230522:0210;14.9;288.05;;;
20230522:0310;14.27;287.42;;;
20230522:0410;13.78;286.93;;;
20230522:0510;14.59;287.74;;;
20230522:0610;17.07;290.22;;;
20230522:0710;18.52;291.67;;;
20230522:0810;19.8;292.95;;;
20230522:0910;20.93;294.08;;;
20230522:1010;21.97;295.12;;;
20230522:1110;22.82;295.97;;;
20230522:1210;23.33;296.48;;;
20230522:1310;23.66;296.81;;;
20230522:1410;23.65;296.8;;;
20230522:1510;22.99;296.14;;;
20230522:1610;22.5;295.65;;;
20230522:1710;21.69;294.84;;;
20230522:1810;20.3;293.45;;;
20230522:1910;19.09;292.24;;;
20230522:2010;17.7;290.85;;;
20230522:2110;16.46;289.61;;;
20230522:2210;15.37;288.52;;;
20230522:2310;14.48;287.63;;;
20230523:0010;13.63;286.78;;;
20230523:0110;12.85;286;;;
20230523:0210;12.38;285.53;;;
20230523:0310;12.01;285.16;;;
20230523:0410;11.89;285.04;;;
20230523:0510;14.06;287.21;;;
20230523:0610;17.38;290.53;;;
20230523:0710;18.97;292.12;;;
20230523:0810;20.72;293.87;;;
20230523:0910;22.16;295.31;;;
20230523:1010;22.81;295.96;;;
20230523:1110;23.19;296.34;;;
20230523:1210;23.42;296.57;;;
20230523:1310;23.59;296.74;;;
20230523:1410;21.59;294.74;;;
20230523:1510;20.49;293.64;;;
20230523:1610;20.09;293.24;;;
20230523:1710;19.48;292.63;;;
20230523:1810;18.42;291.57;;;
20230523:1910;17.04;290.19;;;
20230523:2010;16.61;289.76;;;
20230523:2110;16.22;289.37;;;
20230523:2210;15.87;289.02;;;
20230523:2310;15.43;288.58;;;
20230524:0010;14.93;288.08;;;
20230524:0110;14.52;287.67;;;
20230524:0210;13.83;286.98;;;
20230524:0310;13.44;286.59;;;
20230524:0410;13.22;286.37;;;
20230524:0510;13.33;286.48;;;
20230524:0610;14.06;287.21;;;
20230524:0710;14.27;287.42;;;
20230524:0810;15.36;288.51;;;
20230524:0910;16.42;289.57;;;
20230524:1010;16.89;290.04;;;
20230524:1110;17.36;290.51;;;
20230524:1210;17.51;290.66;;;
20230524:1310;17.38;290.53;;;
20230524:1410;17.3;290.45;;;
20230524:1510;16.95;290.1;;;
20230524:1610;16.45;289.6;;;
20230524:1710;15.93;289.08;;;
20230524:1810;15.15;288.3;;;
20230524:1910;14.71;287.86;;;
20230524:2010;13.88;287.03;;;
20230524:2110;13.14;286.29;;;
20230524:2210;12.46;285.61;;;
20230524:2310;12.22;285.37;;;
20230525:0010;11.51;284.66;;;
20230525:0110;10.79;283.94;;;
20230525:0210;10.28;283.43;;;
20230525:0310;10.01;283.16;;;
20230525:0410;10.04;283.19;;;
20230525:0510;11.3;284.45;;;
20230525:0610;12.68;285.83;;;
20230525:0710;13.9;287.05;;;
20230525:0810;15.28;288.43;;;
20230525:0910;16.58;289.73;;;
20230525:1010;17.68;290.83;;;
20230525:1110;18.59;291.74;;;
20230525:1210;19.4;292.55;;;
20230525:1310;19.6;292.75;;;
20230525:1410;19.65;292.8;;;
20230525:1510;19.65;292.8;;;
20230525:1610;19.31;292.46;;;
20230525:1710;18.43;291.58;;;
20230525:1810;17.22;290.37;;;
20230525:1910;16.24;289.39;;;
20230525:2010;14.49;287.64;;;
20230525:2110;13.2;286.35;;;
20230525:2210;12.69;285.84;;;
20230525:2310;12.29;285.44;;;
20230526:0010;12.27;285.42;;;
20230526:0110;11.85;285;;;
20230526:0210;11.6;284.75;;;
20230526:0310;11.33;284.48;;;
20230526:0410;11.52;284.67;;;
20230526:0510;12.84;285.99;;;
20230526:0610;14.72;287.87;;;
20230526:0710;16.11;289.26;;;
20230526:0810;17.25;290.4;;;
20230526:0910;18.38;291.53;;;
20230526:1010;19.11;292.26;;;
20230526:1110;19.84;292.99;;;
20230526:1210;20.2;293.35;;;
20230526:1310;20.01;293.16;;;
20230526:1410;20.02;293.17;;;
20230526:1510;20;293.15;;;
20230526:1610;19.65;292.8;;;
20230526:1710;18.93;292.08;;;
20230526:1810;17.99;291.14;;;
20230526:1910;16.86;290.01;;;
20230526:2010;15.8;288.95;;;
20230526:2110;15.04;288.19;;;
20230526:2210;14.03;287.18;;;
20230526:2310;13.24;286.39;;;
20230527:0010;12.51;285.66;;;
20230527:0110;11.84;284.99;;;
20230527:0210;11.33;284.48;;;
20230527:0310;10.85;284;;;
20230527:0410;10.79;283.94;;;
20230527:0510;11.83;284.98;;;
20230527:0610;13.09;286.24;;;
20230527:0710;14.27;287.42;;;
20230527:0810;15.61;288.76;;;
20230527:0910;16.89;290.04;;;
20230527:1010;17.92;291.07;;;
20230527:1110;18.64;291.79;;;
20230527:1210;19.14;292.29;;;
20230527:1310;19.34;292.49;;;
20230527:1410;19.29;292.44;;;
20230527:1510;19.16;292.31;;;
20230527:1610;18.7;291.85;;;
20230527:1710;17.9;291.05;;;
20230527:1810;16.54;289.69;;;
20230527:1910;15.14;288.29;;;
20230527:2010;13.89;287.04;;;
20230527:2110;12.55;285.7;;;
20230527:2210;11.26;284.41;;;
20230527:2310;10.09;283.24;;;
20230528:0010;9.21;282.36;;;
20230528:0110;8.53;281.68;;;
20230528:0210;7.94;281.09;;;
20230528:0310;7.46;280.61;;;
20230528:0410;7.55;280.7;;;
20230528:0510;10.49;283.64;;;
20230528:0610;12.62;285.77;;;
20230528:0710;14.52;287.67;;;
20230528:0810;16.05;289.2;;;
20230528:0910;17.42;290.57;;;
20230528:1010;18.65;291.8;;;
20230528:1110;19.67;292.82;;;
20230528:1210;20.39;293.54;;;
20230528:1310;20.91;294.06;;;
20230528:1410;21.15;294.3;;;
20230528:1510;21.12;294.27;;;
20230528:1610;20.98;294.13;;;
20230528:1710;20.54;293.69;;;
20230528:1810;18.98;292.13;;;
20230528:1910;17.01;290.16;;;
20230528:2010;15.37;288.52;;;
20230528:2110;13.89;287.04;;;
20230528:2210;12.73;285.88;;;
20230528:2310;11.96;285.11;;;
20230529:0010;11.46;284.61;;;
20230529:0110;10.79;283.94;;;
20230529:0210;10.34;283.49;;;
20230529:0310;9.79;282.94;;;
20230529:0410;9.69;282.84;;;
20230529:0510;12.48;285.63;;;
20230529:0610;14.98;288.13;;;
20230529:0710;16.32;289.47;;;
20230529:0810;17.73;290.88;;;
20230529:0910;19.1;292.25;;;
20230529:1010;20.18;293.33;;;
20230529:1110;20.94;294.09;;;
20230529:1210;21.49;294.64;;;
20230529:1310;21.85;295;;;
20230529:1410;22.01;295.16;;;
20230529:1510;21.95;295.1;;;
20230529:1610;21.54;294.69;;;
20230529:1710;20.54;293.69;;;
20230529:1810;19.02;292.17;;;
20230529:1910;17.43;290.58;;;
20230529:2010;15.76;288.91;;;
20230529:2110;14.43;287.58;;;
20230529:2210;13.22;286.37;;;
20230529:2310;12.18;285.33;;;
20230530:0010;11.2;284.35;;;
20230530:0110;10.43;283.58;;;
20230530:0210;10.09;283.24;;;
20230530:0310;10.16;283.31;;;
20230530:0410;10.78;283.93;;;
20230530:0510;12.95;286.1;;;
20230530:0610;14.84;287.99;;;
20230530:0710;16.42;289.57;;;
20230530:0810;17.4;290.55;;;
20230530:0910;18.38;291.53;;;
20230530:1010;19.24;292.39;;;
20230530:1110;20.17;293.32;;;
20230530:1210;20.53;293.68;;;
20230530:1310;20.42;293.57;;;
20230530:1410;20.65;293.8;;;
20230530:1510;20.5;293.65;;;
20230530:1610;20.03;293.18;;;
20230530:1710;19.17;292.32;;;
20230530:1810;18.1;291.25;;;
20230530:1910;16.84;289.99;;;
20230530:2010;15.53;288.68;;;
20230530:2110;14.46;287.61;;;
20230530:2210;13.51;286.66;;;
20230530:2310;12.73;285.88;;;
20230531:0010;12.02;285.17;;;
20230531:0110;11.35;284.5;;;
20230531:0210;10.89;284.04;;;
20230531:0310;10.72;283.87;;;
20230531:0410;11.35;284.5;;;
20230531:0510;12.98;286.13;;;
20230531:0610;14.12;287.27;;;
20230531:0710;15.93;289.08;;;
20230531:0810;17.54;290.69;;;
20230531:0910;19.03;292.18;;;
20230531:1010;20.4;293.55;;;
20230531:1110;21.41;294.56;;;
20230531:1210;21.67;294.82;;;
20230531:1310;22.15;295.3;;;
20230531:1410;22.08;295.23;;;
20230531:1510;22.17;295.32;;;
20230531:1610;22.07;295.22;;;
20230531:1710;21.81;294.96;;;
20230531:1810;20.03;293.18;;;
20230531:1910;17.97;291.12;;;
20230531:2010;16.17;289.32;;;
20230531:2110;15.6;288.75;;;
20230531:2210;15.72;288.87;;;
20230531:2310;14.19;287.34;;;
20230601:0010;12.62;285.77;;;
20230601:0110;11.5;284.65;;;
20230601:0210;10.69;283.84;;;
20230601:0310;10.21;283.36;;;
20230601:0410;10.52;283.67;;;
20230601:0510;13.15;286.3;;;
20230601:0610;16.63;289.78;;;
20230601:0710;18.46;291.61;;;
20230601:0810;20.01;293.16;;;
20230601:0910;21.41;294.56;;;
20230601:1010;22.39;295.54;;;
20230601:1110;23.19;296.34;;;
20230601:1210;23.77;296.92;;;
20230601:1310;24.09;297.24;;;
20230601:1410;24.19;297.34;;;
20230601:1510;23.94;297.09;;;
20230601:1610;23.73;296.88;;;
20230601:1710;23.06;296.21;;;
20230601:1810;22.41;295.56;;;
20230601:1910;21.85;295;;;
20230601:2010;20.21;293.36;;;
20230601:2110;18.18;291.33;;;
20230601:2210;16.31;289.46;;;
20230601:2310;15.15;288.3;;;
20230602:0010;14.27;287.42;;;
20230602:0110;13.38;286.53;;;
20230602:0210;12.58;285.73;;;
20230602:0310;12.02;285.17;;;
20230602:0410;12.13;285.28;;;
20230602:0510;15.22;288.37;;;
20230602:0610;18.29;291.44;;;
20230602:0710;19.27;292.42;;;
20230602:0810;20.16;293.31;;;
20230602:0910;20.83;293.98;;;
20230602:1010;22.11;295.26;;;
20230602:1110;23.11;296.26;;;
20230602:1210;23.46;296.61;;;
20230602:1310;23.37;296.52;;;
20230602:1410;22.89;296.04;;;
20230602:1510;22.49;295.64;;;
20230602:1610;22.13;295.28;;;
20230602:1710;21.4;294.55;;;
20230602:1810;19.89;293.04;;;
20230602:1910;19.2;292.35;;;
20230602:2010;18.25;291.4;;;
20230602:2110;17.25;290.4;;;
20230602:2210;16.32;289.47;;;
20230602:2310;15.46;288.61;;;
20230603:0010;14.41;287.56;;;
20230603:0110;13.54;286.69;;;
20230603:0210;12.55;285.7;;;
20230603:0310;11.77;284.92;;;
20230603:0410;11.43;284.58;;;
20230603:0510;11.67;284.82;;;
20230603:0610;12.44;285.59;;;
20230603:0710;13.77;286.92;;;
20230603:0810;14.93;288.08;;;
20230603:0910;16.32;289.47;;;
20230603:1010;17.44;290.59;;;
20230603:1110;18.31;291.46;;;
20230603:1210;19.1;292.25;;;
20230603:1310;19.61;292.76;;;
20230603:1410;20.02;293.17;;;
20230603:1510;20.12;293.27;;;
20230603:1610;20.05;293.2;;;
20230603:1710;19.88;293.03;;;
20230603:1810;19.22;292.37;;;
20230603:1910;18.43;291.58;;;
20230603:2010;17.67;290.82;;;
20230603:2110;17.04;290.19;;;
20230603:2210;16.18;289.33;;;
20230603:2310;14.83;287.98;;;
20230604:0010;13.4;286.55;;;
20230604:0110;12.84;285.99;;;
20230604:0210;12.44;285.59;;;
20230604:0310;11.96;285.11;;;
20230604:0410;11.92;285.07;;;
20230604:0510;14.52;287.67;;;
20230604:0610;16.36;289.51;;;
20230604:0710;16.05;289.2;;;
20230604:0810;16.08;289.23;;;
20230604:0910;16.37;289.52;;;
20230604:1010;17.14;290.29;;;
20230604:1110;17.03;290.18;;;
20230604:1210;17.9;291.05;;;
20230604:1310;17.44;290.59;;;
20230604:1410;17.27;290.42;;;
20230604:1510;16.19;289.34;;;
20230604:1610;15.7;288.85;;;
20230604:1710;15.39;288.54;;;
20230604:1810;14.93;288.08;;;
20230604:1910;14.46;287.61;;;
20230604:2010;13.94;287.09;;;
20230604:2110;13.65;286.8;;;
20230604:2210;13.35;286.5;;;
20230604:2310;13.29;286.44;;;
20230605:0010;13.07;286.22;;;
20230605:0110;12.74;285.89;;;
20230605:0210;12.63;285.78;;;
20230605:0310;12.54;285.69;;;
20230605:0410;12.68;285.83;;;
20230605:0510;13.4;286.55;;;
20230605:0610;13.75;286.9;;;
20230605:0710;15.47;288.62;;;
20230605:0810;16.33;289.48;;;
20230605:0910;16.69;289.84;;;
20230605:1010;17.8;290.95;;;
20230605:1110;18.05;291.2;;;
20230605:1210;18.49;291.64;;;
20230605:1310;19.35;292.5;;;
20230605:1410;19.72;292.87;;;
20230605:1510;18.98;292.13;;;
20230605:1610;18.09;291.24;;;
20230605:1710;16.98;290.13;;;
20230605:1810;16.17;289.32;;;
20230605:1910;15.38;288.53;;;
20230605:2010;15.07;288.22;;;
20230605:2110;14.79;287.94;;;
20230605:2210;14.6;287.75;;;
20230605:2310;14.62;287.77;;;
20230606:0010;14.28;287.43;;;
20230606:0110;14.08;287.23;;;
20230606:0210;13.88;287.03;;;
20230606:0310;13.22;286.37;;;
20230606:0410;13.8;286.95;;;
20230606:0510;14.77;287.92;;;
20230606:0610;16.05;289.2;;;
20230606:0710;15.78;288.93;;;
20230606:0810;16.73;289.88;;;
20230606:0910;18.35;291.5;;;
20230606:1010;19.02;292.17;;;
20230606:1110;19.42;292.57;;;
20230606:1210;20.36;293.51;;;
20230606:1310;20.53;293.68;;;
20230606:1410;20.31;293.46;;;
20230606:1510;19.78;292.93;;;
20230606:1610;19.35;292.5;;;
20230606:1710;18.55;291.7;;;
20230606:1810;17.93;291.08;;;
20230606:1910;16.94;290.09;;;
20230606:2010;16.11;289.26;;;
20230606:2110;15.49;288.64;;;
20230606:2210;15.17;288.32;;;
20230606:2310;14.91;288.06;;;
20230607:0010;14.85;288;;;
20230607:0110;14.8;287.95;;;
20230607:0210;14.81;287.96;;;
20230607:0310;14.8;287.95;;;
20230607:0410;14.8;287.95;;;
20230607:0510;14.93;288.08;;;
20230607:0610;15.12;288.27;;;
20230607:0710;16.42;289.57;;;
20230607:0810;16.93;290.08;;;
20230607:0910;18.25;291.4;;;
20230607:1010;18.96;292.11;;;
20230607:1110;20.12;293.27;;;
20230607:1210;21.06;294.21;;;
20230607:1310;21.01;294.16;;;
20230607:1410;21.42;294.57;;;
20230607:1510;21.57;294.72;;;
20230607:1610;20.74;293.89;;;
20230607:1710;19.75;292.9;;;
20230607:1810;19.18;292.33;;;
20230607:1910;17.21;290.36;;;
20230607:2010;16.38;289.53;;;
20230607:2110;16.42;289.57;;;
20230607:2210;15.22;288.37;;;
20230607:2310;14.28;287.43;;;
20230608:0010;13.63;286.78;;;
20230608:0110;12.9;286.05;;;
20230608:0210;12.56;285.71;;;
20230608:0310;12.9;286.05;;;
20230608:0410;13.44;286.59;;;
20230608:0510;14.53;287.68;;;
20230608:0610;15.59;288.74;;;
20230608:0710;17.43;290.58;;;
20230608:0810;18.57;291.72;;;
20230608:0910;19.39;292.54;;;
20230608:1010;20.11;293.26;;;
20230608:1110;20.81;293.96;;;
20230608:1210;21;294.15;;;
20230608:1310;20.81;293.96;;;
20230608:1410;19.93;293.08;;;
20230608:1510;19.12;292.27;;;
20230608:1610;18.55;291.7;;;
20230608:1710;18.48;291.63;;;
20230608:1810;18.06;291.21;;;
20230608:1910;17.17;290.32;;;
20230608:2010;15.87;289.02;;;
20230608:2110;14.91;288.06;;;
20230608:2210;14.86;288.01;;;
20230608:2310;14.64;287.79;;;
20230609:0010;14.79;287.94;;;
20230609:0110;14.32;287.47;;;
20230609:0210;13.85;287;;;
20230609:0310;13.92;287.07;;;
20230609:0410;14.05;287.2;;;
20230609:0510;14.9;288.05;;;
20230609:0610;16.04;289.19;;;
20230609:0710;16.18;289.33;;;
20230609:0810;16.85;290;;;
20230609:0910;18.4;291.55;;;
20230609:1010;18.95;292.1;;;
20230609:1110;20.21;293.36;;;
20230609:1210;20.85;294;;;
20230609:1310;21.46;294.61;;;
20230609:1410;21.17;294.32;;;
20230609:1510;21.46;294.61;;;
20230609:1610;21.05;294.2;;;
20230609:1710;20.09;293.24;;;
20230609:1810;18.56;291.71;;;
20230609:1910;17.26;290.41;;;
20230609:2010;16.62;289.77;;;
20230609:2110;15.8;288.95;;;
20230609:2210;15.27;288.42;;;
20230609:2310;15.03;288.18;;;
20230610:0010;14.96;288.11;;;
20230610:0110;14.87;288.02;;;
20230610:0210;14.98;288.13;;;
20230610:0310;14.83;287.98;;;
20230610:0410;15.11;288.26;;;
20230610:0510;15.72;288.87;;;
20230610:0610;16.24;289.39;;;
20230610:0710;16.54;289.69;;;
20230610:0810;17.33;290.48;;;
20230610:0910;18.93;292.08;;;
20230610:1010;19.95;293.1;;;
20230610:1110;20.32;293.47;;;
20230610:1210;20.69;293.84;;;
20230610:1310;21.06;294.21;;;
20230610:1410;21.56;294.71;;;
20230610:1510;20.86;294.01;;;
20230610:1610;20.34;293.49;;;
20230610:1710;18.92;292.07;;;
20230610:1810;18.33;291.48;;;
20230610:1910;17.83;290.98;;;
20230610:2010;17.3;290.45;;;
20230610:2110;16.79;289.94;;;
20230610:2210;16.21;289.36;;;
20230610:2310;15.8;288.95;;;
20230611:0010;15.43;288.58;;;
20230611:0110;15.11;288.26;;;
20230611:0210;14.71;287.86;;;
20230611:0310;14.52;287.67;;;
20230611:0410;14.48;287.63;;;
20230611:0510;15.09;288.24;;;
20230611:0610;16.01;289.16;;;
20230611:0710;16.78;289.93;;;
20230611:0810;17.8;290.95;;;
20230611:0910;18.45;291.6;;;
20230611:1010;19.1;292.25;;;
20230611:1110;20.32;293.47;;;
20230611:1210;21;294.15;;;
20230611:1310;21.61;294.76;;;
20230611:1410;21.89;295.04;;;
20230611:1510;21.36;294.51;;;
20230611:1610;19.92;293.07;;;
20230611:1710;19.29;292.44;;;
20230611:1810;19.03;292.18;;;
20230611:1910;18.19;291.34;;;
20230611:2010;17.14;290.29;;;
20230611:2110;16.17;289.32;;;
20230611:2210;15.26;288.41;;;
20230611:2310;14.67;287.82;;;
20230612:0010;14.14;287.29;;;
20230612:0110;13.39;286.54;;;
20230612:0210;12.87;286.02;;;
20230612:0310;12.44;285.59;;;
20230612:0410;12.71;285.86;;;
20230612:0510;13.97;287.12;;;
20230612:0610;15.15;288.3;;;
20230612:0710;16.39;289.54;;;
20230612:0810;17.61;290.76;;;
20230612:0910;18.65;291.8;;;
20230612:1010;19.24;292.39;;;
20230612:1110;20.06;293.21;;;
20230612:1210;20.46;293.61;;;
20230612:1310;20.62;293.77;;;
20230612:1410;20.66;293.81;;;
20230612:1510;20.36;293.51;;;
20230612:1610;19.78;292.93;;;
20230612:1710;18.83;291.98;;;
20230612:1810;17.51;290.66;;;
20230612:1910;16.21;289.36;;;
20230612:2010;15.19;288.34;;;
20230612:2110;13.89;287.04;;;
20230612:2210;12.7;285.85;;;
20230612:2310;11.42;284.57;;;
20230613:0010;10.39;283.54;;;
20230613:0110;10.6;283.75;;;
20230613:0210;10.55;283.7;;;
20230613:0310;9.89;283.04;;;
20230613:0410;9.65;282.8;;;
20230613:0510;11.84;284.99;;;
20230613:0610;13.65;286.8;;;
20230613:0710;14.89;288.04;;;
20230613:0810;16.11;289.26;;;
20230613:0910;17.29;290.44;;;
20230613:1010;18.26;291.41;;;
20230613:1110;18.85;292;;;
20230613:1210;19.3;292.45;;;
20230613:1310;19.66;292.81;;;
20230613:1410;19.78;292.93;;;
20230613:1510;19.92;293.07;;;
20230613:1610;19.77;292.92;;;
20230613:1710;19.3;292.45;;;
20230613:1810;17.85;291;;;
20230613:1910;17.9;291.05;;;
20230613:2010;16.74;289.89;;;
20230613:2110;15.14;288.29;;;
20230613:2210;13.88;287.03;;;
20230613:2310;12.96;286.11;;;
20230614:0010;12.17;285.32;;;
20230614:0110;11.15;284.3;;;
20230614:0210;10.21;283.36;;;
20230614:0310;9.52;282.67;;;
20230614:0410;9.75;282.9;;;
20230614:0510;11.86;285.01;;;
20230614:0610;13.23;286.38;;;
20230614:0710;14.64;287.79;;;
20230614:0810;15.94;289.09;;;
20230614:0910;17.23;290.38;;;
20230614:1010;18.29;291.44;;;
20230614:1110;18.94;292.09;;;
20230614:1210;19.18;292.33;;;
20230614:1310;19.54;292.69;;;
20230614:1410;19.53;292.68;;;
20230614:1510;19.24;292.39;;;
20230614:1610;19.16;292.31;;;
20230614:1710;18.87;292.02;;;
20230614:1810;17.89;291.04;;;
20230614:1910;16.86;290.01;;;
20230614:2010;16.8;289.95;;;
20230614:2110;15.75;288.9;;;
20230614:2210;13.18;286.33;;;
20230614:2310;11.89;285.04;;;
20230615:0010;11.09;284.24;;;
20230615:0110;10.55;283.7;;;
20230615:0210;10.22;283.37;;;
20230615:0310;9.76;282.91;;;
20230615:0410;10.05;283.2;;;
20230615:0510;12.77;285.92;;;
20230615:0610;14.52;287.67;;;
20230615:0710;16.4;289.55;;;
20230615:0810;17.8;290.95;;;
20230615:0910;18.77;291.92;;;
20230615:1010;19.17;292.32;;;
20230615:1110;19.56;292.71;;;
20230615:1210;20;293.15;;;
20230615:1310;20.25;293.4;;;
20230615:1410;20.61;293.76;;;
20230615:1510;20.44;293.59;;;
20230615:1610;20.47;293.62;;;
20230615:1710;20.02;293.17;;;
20230615:1810;18.91;292.06;;;
20230615:1910;17.27;290.42;;;
20230615:2010;15.74;288.89;;;
20230615:2110;14.55;287.7;;;
20230615:2210;14.07;287.22;;;
20230615:2310;13.86;287.01;;;
20230616:0010;13.15;286.3;;;
20230616:0110;12.53;285.68;;;
20230616:0210;12.06;285.21;;;
20230616:0310;11.69;284.84;;;
20230616:0410;12.11;285.26;;;
20230616:0510;14.26;287.41;;;
20230616:0610;16.04;289.19;;;
20230616:0710;17.71;290.86;;;
20230616:0810;18.97;292.12;;;
20230616:0910;19.99;293.14;;;
20230616:1010;20.32;293.47;;;
20230616:1110;20.89;294.04;;;
20230616:1210;21.19;294.34;;;
20230616:1310;21.58;294.73;;;
20230616:1410;21.82;294.97;;;
20230616:1510;21.64;294.79;;;
20230616:1610;20.16;293.31;;;
20230616:1710;19.12;292.27;;;
20230616:1810;18.2;291.35;;;
20230616:1910;18.09;291.24;;;
20230616:2010;17.21;290.36;;;
20230616:2110;16.49;289.64;;;
20230616:2210;15.88;289.03;;;
20230616:2310;15.59;288.74;;;
20230617:0010;15.09;288.24;;;
20230617:0110;14.58;287.73;;;
20230617:0210;14.23;287.38;;;
20230617:0310;13.78;286.93;;;
20230617:0410;13.79;286.94;;;
20230617:0510;14.9;288.05;;;
20230617:0610;16.38;289.53;;;
20230617:0710;17.63;290.78;;;
20230617:0810;18.63;291.78;;;
20230617:0910;19.48;292.63;;;
20230617:1010;20.21;293.36;;;
20230617:1110;21.17;294.32;;;
20230617:1210;22.01;295.16;;;
20230617:1310;22.32;295.47;;;
20230617:1410;22.29;295.44;;;
20230617:1510;22.02;295.17;;;
20230617:1610;21.47;294.62;;;
20230617:1710;20.54;293.69;;;
20230617:1810;19.83;292.98;;;
20230617:1910;18.6;291.75;;;
20230617:2010;17.2;290.35;;;
20230617:2110;16;289.15;;;
20230617:2210;14.78;287.93;;;
20230617:2310;13.85;287;;;
20230618:0010;13.06;286.21;;;
20230618:0110;12.39;285.54;;;
20230618:0210;11.94;285.09;;;
20230618:0310;11.74;284.89;;;
20230618:0410;12.33;285.48;;;
20230618:0510;14.67;287.82;;;
20230618:0610;17.44;290.59;;;
20230618:0710;19.32;292.47;;;
20230618:0810;20.73;293.88;;;
20230618:0910;22.1;295.25;;;
20230618:1010;23.15;296.3;;;
20230618:1110;23.91;297.06;;;
20230618:1210;24.25;297.4;;;
20230618:1310;24.31;297.46;;;
20230618:1410;24.34;297.49;;;
20230618:1510;24.33;297.48;;;
20230618:1610;24.22;297.37;;;
20230618:1710;23.69;296.84;;;
20230618:1810;22.17;295.32;;;
20230618:1910;20.21;293.36;;;
20230618:2010;18.75;291.9;;;
20230618:2110;18.31;291.46;;;
20230618:2210;17.65;290.8;;;
20230618:2310;17.51;290.66;;;
20230619:0010;18.14;291.29;;;
20230619:0110;18.64;291.79;;;
20230619:0210;17.91;291.06;;;
20230619:0310;16.78;289.93;;;
20230619:0410;16.26;289.41;;;
20230619:0510;16.29;289.44;;;
20230619:0610;19.83;292.98;;;
20230619:0710;21.36;294.51;;;
20230619:0810;22.66;295.81;;;
20230619:0910;23.84;296.99;;;
20230619:1010;24.89;298.04;;;
20230619:1110;25.81;298.96;;;
20230619:1210;26.52;299.67;;;
20230619:1310;26.81;299.96;;;
20230619:1410;26.99;300.14;;;
20230619:1510;26.95;300.1;;;
20230619:1610;26.55;299.7;;;
20230619:1710;25.73;298.88;;;
20230619:1810;24.21;297.36;;;
20230619:1910;22.46;295.61;;;
20230619:2010;20.66;293.81;;;
20230619:2110;19.17;292.32;;;
20230619:2210;18.31;291.46;;;
20230619:2310;17.51;290.66;;;
20230620:0010;16.74;289.89;;;
20230620:0110;16.28;289.43;;;
20230620:0210;15.87;289.02;;;
20230620:0310;15.55;288.7;;;
20230620:0410;16.12;289.27;;;
20230620:0510;19.26;292.41;;;
20230620:0610;22.46;295.61;;;
20230620:0710;23.93;297.08;;;
20230620:0810;25.21;298.36;;;
20230620:0910;26.3;299.45;;;
20230620:1010;27.1;300.25;;;
20230620:1110;27.75;300.9;;;
20230620:1210;28.2;301.35;;;
20230620:1310;28.6;301.75;;;
20230620:1410;28.61;301.76;;;
20230620:1510;28.15;301.3;;;
20230620:1610;27.45;300.6;;;
20230620:1710;26.73;299.88;;;
20230620:1810;25.46;298.61;;;
20230620:1910;24.28;297.43;;;
20230620:2010;23.24;296.39;;;
20230620:2110;22.3;295.45;;;
20230620:2210;21.49;294.64;;;
20230620:2310;20.66;293.81;;;
20230621:0010;19.92;293.07;;;
20230621:0110;19.12;292.27;;;
20230621:0210;18.38;291.53;;;
20230621:0310;18.37;291.52;;;
20230621:0410;19.16;292.31;;;
20230621:0510;20.4;293.55;;;
20230621:0610;22.65;295.8;;;
20230621:0710;24.58;297.73;;;
20230621:0810;25.87;299.02;;;
20230621:0910;27.03;300.18;;;
20230621:1010;28.22;301.37;;;
20230621:1110;29.31;302.46;;;
20230621:1210;29.68;302.83;;;
20230621:1310;29.75;302.9;;;
20230621:1410;29.8;302.95;;;
20230621:1510;29.69;302.84;;;
20230621:1610;29.25;302.4;;;
20230621:1710;28.4;301.55;;;
20230621:1810;26.91;300.06;;;
20230621:1910;24.01;297.16;;;
20230621:2010;23.03;296.18;;;
20230621:2110;21.88;295.03;;;
20230621:2210;21.12;294.27;;;
20230621:2310;20.53;293.68;;;
20230622:0010;20.15;293.3;;;
20230622:0110;19.66;292.81;;;
20230622:0210;18.95;292.1;;;
20230622:0310;18.17;291.32;;;
20230622:0410;18.37;291.52;;;
20230622:0510;20.77;293.92;;;
20230622:0610;22.59;295.74;;;
20230622:0710;23.37;296.52;;;
20230622:0810;24.75;297.9;;;
20230622:0910;26.09;299.24;;;
20230622:1010;27.3;300.45;;;
20230622:1110;28.36;301.51;;;
20230622:1210;29.17;302.32;;;
20230622:1310;29.72;302.87;;;
20230622:1410;30.05;303.2;;;
20230622:1510;30.06;303.21;;;
20230622:1610;29.71;302.86;;;
20230622:1710;28.93;302.08;;;
20230622:1810;27.73;300.88;;;
20230622:1910;26.32;299.47;;;
20230622:2010;25.66;298.81;;;
20230622:2110;25.22;298.37;;;
20230622:2210;24.83;297.98;;;
20230622:2310;24.41;297.56;;;
20230623:0010;23.93;297.08;;;
20230623:0110;23.29;296.44;;;
20230623:0210;22.58;295.73;;;
20230623:0310;22.62;295.77;;;
20230623:0410;22.19;295.34;;;
20230623:0510;22.23;295.38;;;
20230623:0610;22.98;296.13;;;
20230623:0710;23.35;296.5;;;
20230623:0810;24.12;297.27;;;
20230623:0910;24.91;298.06;;;
20230623:1010;25.5;298.65;;;
20230623:1110;25.76;298.91;;;
20230623:1210;25.22;298.37;;;
20230623:1310;24.43;297.58;;;
20230623:1410;23.91;297.06;;;
20230623:1510;23.75;296.9;;;
20230623:1610;23.65;296.8;;;
20230623:1710;23.12;296.27;;;
20230623:1810;22.45;295.6;;;
20230623:1910;18.62;291.77;;;
20230623:2010;18.42;291.57;;;
20230623:2110;18.12;291.27;;;
20230623:2210;17.79;290.94;;;
20230623:2310;17.53;290.68;;;
20230624:0010;17.36;290.51;;;
20230624:0110;17.15;290.3;;;
20230624:0210;16.92;290.07;;;
20230624:0310;16.75;289.9;;;
20230624:0410;16.95;290.1;;;
20230624:0510;17.35;290.5;;;
20230624:0610;17.42;290.57;;;
20230624:0710;16.51;289.66;;;
20230624:0810;16.51;289.66;;;
20230624:0910;16.43;289.58;;;
20230624:1010;16.78;289.93;;;
20230624:1110;16.97;290.12;;;
20230624:1210;17.39;290.54;;;
20230624:1310;17.48;290.63;;;
20230624:1410;17.85;291;;;
20230624:1510;17.94;291.09;;;
20230624:1610;18.11;291.26;;;
20230624:1710;18.26;291.41;;;
20230624:1810;18.11;291.26;;;
20230624:1910;17.94;291.09;;;
20230624:2010;17.44;290.59;;;
20230624:2110;16.79;289.94;;;
20230624:2210;16.24;289.39;;;
20230624:2310;15.76;288.91;;;
20230625:0010;15.29;288.44;;;
20230625:0110;15.04;288.19;;;
20230625:0210;14.74;287.89;;;
20230625:0310;14.66;287.81;;;
20230625:0410;14.88;288.03;;;
20230625:0510;16.55;289.7;;;
20230625:0610;18.47;291.62;;;
20230625:0710;19.49;292.64;;;
20230625:0810;20.91;294.06;;;
20230625:0910;22.14;295.29;;;
20230625:1010;22.85;296;;;
20230625:1110;23.57;296.72;;;
20230625:1210;24.04;297.19;;;
20230625:1310;24.19;297.34;;;
20230625:1410;24.1;297.25;;;
20230625:1510;24.32;297.47;;;
20230625:1610;24.14;297.29;;;
20230625:1710;23.57;296.72;;;
20230625:1810;22.4;295.55;;;
20230625:1910;21.2;294.35;;;
20230625:2010;19.21;292.36;;;
20230625:2110;17.92;291.07;;;
20230625:2210;17.35;290.5;;;
20230625:2310;16.33;289.48;;;
20230626:0010;15.49;288.64;;;
20230626:0110;14.62;287.77;;;
20230626:0210;13.96;287.11;;;
20230626:0310;13.53;286.68;;;
20230626:0410;13.99;287.14;;;
20230626:0510;17.06;290.21;;;
20230626:0610;19.95;293.1;;;
20230626:0710;21.19;294.34;;;
20230626:0810;22.53;295.68;;;
20230626:0910;23.83;296.98;;;
20230626:1010;24.66;297.81;;;
20230626:1110;25.33;298.48;;;
20230626:1210;25.7;298.85;;;
20230626:1310;25.57;298.72;;;
20230626:1410;26.07;299.22;;;
20230626:1510;26.17;299.32;;;
20230626:1610;25.96;299.11;;;
20230626:1710;25.34;298.49;;;
20230626:1810;24.32;297.47;;;
20230626:1910;23.11;296.26;;;
20230626:2010;21.87;295.02;;;
20230626:2110;20.81;293.96;;;
20230626:2210;20.16;293.31;;;
20230626:2310;19.97;293.12;;;
20230627:0010;20.65;293.8;;;
20230627:0110;21.31;294.46;;;
20230627:0210;20.68;293.83;;;
20230627:0310;20.08;293.23;;;
20230627:0410;19.78;292.93;;;
20230627:0510;19.9;293.05;;;
20230627:0610;20.02;293.17;;;
20230627:0710;19.57;292.72;;;
20230627:0810;19.52;292.67;;;
20230627:0910;19.29;292.44;;;
20230627:1010;18.99;292.14;;;
20230627:1110;19.21;292.36;;;
20230627:1210;20.39;293.54;;;
20230627:1310;21.38;294.53;;;
20230627:1410;21.74;294.89;;;
20230627:1510;21.24;294.39;;;
20230627:1610;21.2;294.35;;;
20230627:1710;20.86;294.01;;;
20230627:1810;19.95;293.1;;;
20230627:1910;18.39;291.54;;;
20230627:2010;17.41;290.56;;;
20230627:2110;16.59;289.74;;;
20230627:2210;16.06;289.21;;;
20230627:2310;15.91;289.06;;;
20230628:0010;15.71;288.86;;;
20230628:0110;15.61;288.76;;;
20230628:0210;15.52;288.67;;;
20230628:0310;15.08;288.23;;;
20230628:0410;14.75;287.9;;;
20230628:0510;14.89;288.04;;;
20230628:0610;15.91;289.06;;;
20230628:0710;16.12;289.27;;;
20230628:0810;17.53;290.68;;;
20230628:0910;18.68;291.83;;;
20230628:1010;19.43;292.58;;;
20230628:1110;20.04;293.19;;;
20230628:1210;20.68;293.83;;;
20230628:1310;20.95;294.1;;;
20230628:1410;21.19;294.34;;;
20230628:1510;21.63;294.78;;;
20230628:1610;21.33;294.48;;;
20230628:1710;20.83;293.98;;;
20230628:1810;20.04;293.19;;;
20230628:1910;18.87;292.02;;;
20230628:2010;17.67;290.82;;;
20230628:2110;16.29;289.44;;;
20230628:2210;15.98;289.13;;;
20230628:2310;14.9;288.05;;;
20230629:0010;14.38;287.53;;;
20230629:0110;13.52;286.67;;;
20230629:0210;13.01;286.16;;;
20230629:0310;12.39;285.54;;;
20230629:0410;12.5;285.65;;;
20230629:0510;15.38;288.53;;;
20230629:0610;18.31;291.46;;;
20230629:0710;19.79;292.94;;;
20230629:0810;20.88;294.03;;;
20230629:0910;21.83;294.98;;;
20230629:1010;22.65;295.8;;;
20230629:1110;23.33;296.48;;;
20230629:1210;23.84;296.99;;;
20230629:1310;24.27;297.42;;;
20230629:1410;24.77;297.92;;;
20230629:1510;24.88;298.03;;;
20230629:1610;24.58;297.73;;;
20230629:1710;23.86;297.01;;;
20230629:1810;22.45;295.6;;;
20230629:1910;20.94;294.09;;;
20230629:2010;19.89;293.04;;;
20230629:2110;19.04;292.19;;;
20230629:2210;18.24;291.39;;;
20230629:2310;17.37;290.52;;;
20230630:0010;16.33;289.48;;;
20230630:0110;15.26;288.41;;;
20230630:0210;14.93;288.08;;;
20230630:0310;14.87;288.02;;;
20230630:0410;15.58;288.73;;;
20230630:0510;16.96;290.11;;;
20230630:0610;19.54;292.69;;;
20230630:0710;20.79;293.94;;;
20230630:0810;22.44;295.59;;;
20230630:0910;23.79;296.94;;;
20230630:1010;25.06;298.21;;;
20230630:1110;26.05;299.2;;;
20230630:1210;26.75;299.9;;;
20230630:1310;27.13;300.28;;;
20230630:1410;27.01;300.16;;;
20230630:1510;26.99;300.14;;;
20230630:1610;26.62;299.77;;;
20230630:1710;25.88;299.03;;;
20230630:1810;24.48;297.63;;;
20230630:1910;21.07;294.22;;;
20230630:2010;19.95;293.1;;;
20230630:2110;19.37;292.52;;;
20230630:2210;19.01;292.16;;;
20230630:2310;18.73;291.88;;;
20230701:0010;18.46;291.61;;;
20230701:0110;18.07;291.22;;;
20230701:0210;17.9;291.05;;;
20230701:0310;17.73;290.88;;;
20230701:0410;17.68;290.83;;;
20230701:0510;18.11;291.26;;;
20230701:0610;18.41;291.56;;;
20230701:0710;19.46;292.61;;;
20230701:0810;20.4;293.55;;;
20230701:0910;21.29;294.44;;;
20230701:1010;22.14;295.29;;;
20230701:1110;22.45;295.6;;;
20230701:1210;22.89;296.04;;;
20230701:1310;23.07;296.22;;;
20230701:1410;22.55;295.7;;;
20230701:1510;22;295.15;;;
20230701:1610;21.35;294.5;;;
20230701:1710;20.76;293.91;;;
20230701:1810;20.27;293.42;;;
20230701:1910;19.43;292.58;;;
20230701:2010;18.87;292.02;;;
20230701:2110;18.67;291.82;;;
20230701:2210;18.79;291.94;;;
20230701:2310;18.51;291.66;;;
20230702:0010;18.15;291.3;;;
20230702:0110;18.12;291.27;;;
20230702:0210;18.13;291.28;;;
20230702:0310;17.99;291.14;;;
20230702:0410;18.07;291.22;;;
20230702:0510;18.63;291.78;;;
20230702:0610;19.1;292.25;;;
20230702:0710;19.01;292.16;;;
20230702:0810;20.06;293.21;;;
20230702:0910;21.04;294.19;;;
20230702:1010;21.93;295.08;;;
20230702:1110;22.34;295.49;;;
20230702:1210;22.39;295.54;;;
20230702:1310;22.2;295.35;;;
20230702:1410;22.83;295.98;;;
20230702:1510;22.96;296.11;;;
20230702:1610;22.56;295.71;;;
20230702:1710;21.97;295.12;;;
20230702:1810;21.11;294.26;;;
20230702:1910;20.07;293.22;;;
20230702:2010;19.11;292.26;;;
20230702:2110;18.37;291.52;;;
20230702:2210;17.77;290.92;;;
20230702:2310;17.15;290.3;;;
20230703:0010;16.56;289.71;;;
20230703:0110;15.84;288.99;;;
20230703:0210;15.18;288.33;;;
20230703:0310;14.65;287.8;;;
20230703:0410;14.7;287.85;;;
20230703:0510;17.21;290.36;;;
20230703:0610;20.01;293.16;;;
20230703:0710;21.47;294.62;;;
20230703:0810;22.63;295.78;;;
20230703:0910;23.47;296.62;;;
20230703:1010;23.63;296.78;;;
20230703:1110;23.58;296.73;;;
20230703:1210;23.49;296.64;;;
20230703:1310;23.7;296.85;;;
20230703:1410;23.86;297.01;;;
20230703:1510;23.76;296.91;;;
20230703:1610;23.48;296.63;;;
20230703:1710;22.8;295.95;;;
20230703:1810;22.06;295.21;;;
20230703:1910;21.15;294.3;;;
20230703:2010;19.74;292.89;;;
20230703:2110;18.55;291.7;;;
20230703:2210;17.88;291.03;;;
20230703:2310;17.19;290.34;;;
20230704:0010;16.93;290.08;;;
20230704:0110;16.43;289.58;;;
20230704:0210;15.68;288.83;;;
20230704:0310;14.97;288.12;;;
20230704:0410;15.1;288.25;;;
20230704:0510;17.16;290.31;;;
20230704:0610;19.66;292.81;;;
20230704:0710;21.21;294.36;;;
20230704:0810;22.52;295.67;;;
20230704:0910;23.6;296.75;;;
20230704:1010;24.19;297.34;;;
20230704:1110;24.56;297.71;;;
20230704:1210;25.24;298.39;;;
20230704:1310;25.63;298.78;;;
20230704:1410;25.59;298.74;;;
20230704:1510;25.33;298.48;;;
20230704:1610;24.89;298.04;;;
20230704:1710;24.21;297.36;;;
20230704:1810;22.92;296.07;;;
20230704:1910;21.94;295.09;;;
20230704:2010;20.64;293.79;;;
20230704:2110;19.83;292.98;;;
20230704:2210;19.1;292.25;;;
20230704:2310;18.17;291.32;;;
20230705:0010;17.24;290.39;;;
20230705:0110;16.59;289.74;;;
20230705:0210;16.35;289.5;;;
20230705:0310;15.79;288.94;;;
20230705:0410;15.83;288.98;;;
20230705:0510;18.5;291.65;;;
20230705:0610;21.05;294.2;;;
20230705:0710;22.92;296.07;;;
20230705:0810;23.98;297.13;;;
20230705:0910;24.49;297.64;;;
20230705:1010;25.17;298.32;;;
20230705:1110;25.73;298.88;;;
20230705:1210;26.52;299.67;;;
20230705:1310;26.56;299.71;;;
20230705:1410;25.94;299.09;;;
20230705:1510;24.8;297.95;;;
20230705:1610;24.34;297.49;;;
20230705:1710;23.54;296.69;;;
20230705:1810;22.57;295.72;;;
20230705:1910;21.08;294.23;;;
20230705:2010;20.25;293.4;;;
20230705:2110;19.36;292.51;;;
20230705:2210;18.55;291.7;;;
20230705:2310;17.98;291.13;;;
20230706:0010;17.63;290.78;;;
20230706:0110;17.36;290.51;;;
20230706:0210;17.06;290.21;;;
20230706:0310;17.09;290.24;;;
20230706:0410;17.35;290.5;;;
20230706:0510;17.94;291.09;;;
20230706:0610;18.82;291.97;;;
20230706:0710;18.38;291.53;;;
20230706:0810;19.56;292.71;;;
20230706:0910;21.27;294.42;;;
20230706:1010;22.42;295.57;;;
20230706:1110;23.19;296.34;;;
20230706:1210;23.72;296.87;;;
20230706:1310;24.08;297.23;;;
20230706:1410;24.1;297.25;;;
20230706:1510;24.35;297.5;;;
20230706:1610;24.09;297.24;;;
20230706:1710;23.63;296.78;;;
20230706:1810;22.13;295.28;;;
20230706:1910;22.34;295.49;;;
20230706:2010;21.69;294.84;;;
20230706:2110;20.78;293.93;;;
20230706:2210;19.88;293.03;;;
20230706:2310;19.08;292.23;;;
20230707:0010;18.47;291.62;;;
20230707:0110;18.12;291.27;;;
20230707:0210;17.36;290.51;;;
20230707:0310;16.32;289.47;;;
20230707:0410;15.79;288.94;;;
20230707:0510;16.71;289.86;;;
20230707:0610;19.58;292.73;;;
20230707:0710;20.72;293.87;;;
20230707:0810;21.88;295.03;;;
20230707:0910;23.31;296.46;;;
20230707:1010;24.37;297.52;;;
20230707:1110;24.84;297.99;;;
20230707:1210;25.46;298.61;;;
20230707:1310;26.07;299.22;;;
20230707:1410;26.45;299.6;;;
20230707:1510;26.44;299.59;;;
20230707:1610;26.16;299.31;;;
20230707:1710;25.45;298.6;;;
20230707:1810;23.5;296.65;;;
20230707:1910;23.29;296.44;;;
20230707:2010;19.8;292.95;;;
20230707:2110;18.1;291.25;;;
20230707:2210;17.55;290.7;;;
20230707:2310;18.98;292.13;;;
20230708:0010;19.24;292.39;;;
20230708:0110;18.69;291.84;;;
20230708:0210;17.84;290.99;;;
20230708:0310;17.17;290.32;;;
20230708:0410;16.8;289.95;;;
20230708:0510;17.46;290.61;;;
20230708:0610;20.53;293.68;;;
20230708:0710;22.14;295.29;;;
20230708:0810;23.71;296.86;;;
20230708:0910;25.11;298.26;;;
20230708:1010;26.07;299.22;;;
20230708:1110;26.86;300.01;;;
20230708:1210;27.51;300.66;;;
20230708:1310;27.98;301.13;;;
20230708:1410;28.18;301.33;;;
20230708:1510;28.13;301.28;;;
20230708:1610;27.63;300.78;;;
20230708:1710;26.63;299.78;;;
20230708:1810;25.24;298.39;;;
20230708:1910;23.52;296.67;;;
20230708:2010;21.82;294.97;;;
20230708:2110;20.32;293.47;;;
20230708:2210;19.25;292.4;;;
20230708:2310;18.87;292.02;;;
20230709:0010;18.87;292.02;;;
20230709:0110;18.43;291.58;;;
20230709:0210;17.79;290.94;;;
20230709:0310;16.86;290.01;;;
20230709:0410;16.7;289.85;;;
20230709:0510;18.82;291.97;;;
20230709:0610;22.24;295.39;;;
20230709:0710;23.87;297.02;;;
20230709:0810;25.62;298.77;;;
20230709:0910;27.14;300.29;;;
20230709:1010;28.28;301.43;;;
20230709:1110;28.82;301.97;;;
20230709:1210;29.31;302.46;;;
20230709:1310;29.86;303.01;;;
20230709:1410;30.09;303.24;;;
20230709:1510;30.08;303.23;;;
20230709:1610;29.79;302.94;;;
20230709:1710;28.93;302.08;;;
20230709:1810;27.28;300.43;;;
20230709:1910;25.46;298.61;;;
20230709:2010;24.07;297.22;;;
20230709:2110;22.7;295.85;;;
20230709:2210;21.51;294.66;;;
20230709:2310;20.16;293.31;;;
20230710:0010;19.01;292.16;;;
20230710:0110;17.9;291.05;;;
20230710:0210;17.14;290.29;;;
20230710:0310;16.56;289.71;;;
20230710:0410;16.54;289.69;;;
20230710:0510;19.12;292.27;;;
20230710:0610;23.87;297.02;;;
20230710:0710;25.96;299.11;;;
20230710:0810;27.78;300.93;;;
20230710:0910;29.48;302.63;;;
20230710:1010;31.14;304.29;;;
20230710:1110;32.26;305.41;;;
20230710:1210;32.93;306.08;;;
20230710:1310;33.11;306.26;;;
20230710:1410;32.82;305.97;;;
20230710:1510;29.15;302.3;;;
20230710:1610;27.8;300.95;;;
20230710:1710;27.61;300.76;;;
20230710:1810;26.6;299.75;;;
20230710:1910;27.64;300.79;;;
20230710:2010;23.6;296.75;;;
20230710:2110;22.55;295.7;;;
20230710:2210;22.35;295.5;;;
20230710:2310;21.81;294.96;;;
20230711:0010;21.36;294.51;;;
20230711:0110;20.99;294.14;;;
20230711:0210;20.62;293.77;;;
20230711:0310;19.98;293.13;;;
20230711:0410;19.9;293.05;;;
20230711:0510;21.21;294.36;;;
20230711:0610;22.53;295.68;;;
20230711:0710;24.4;297.55;;;
20230711:0810;25.51;298.66;;;
20230711:0910;26.46;299.61;;;
20230711:1010;27.27;300.42;;;
20230711:1110;27.89;301.04;;;
20230711:1210;28.5;301.65;;;
20230711:1310;28.96;302.11;;;
20230711:1410;29.42;302.57;;;
20230711:1510;29.55;302.7;;;
20230711:1610;29.62;302.77;;;
20230711:1710;29.15;302.3;;;
20230711:1810;28.05;301.2;;;
20230711:1910;26.73;299.88;;25.19708333;
20230711:2010;25.84;298.99;;;
20230711:2110;25.12;298.27;;;
20230711:2210;24.52;297.67;;;
20230711:2310;23.71;296.86;;;
20230712:0010;23.04;296.19;;;
20230712:0110;22.39;295.54;;;
20230712:0210;21.75;294.9;;;
20230712:0310;21.05;294.2;;;
20230712:0410;20.45;293.6;;;
20230712:0510;21.74;294.89;;;
20230712:0610;24.09;297.24;;;
20230712:0710;24.21;297.36;;;
20230712:0810;25.26;298.41;;;
20230712:0910;26.7;299.85;;;
20230712:1010;28.17;301.32;;;
20230712:1110;29.38;302.53;;;
20230712:1210;30.42;303.57;;;
20230712:1310;31.15;304.3;;;
20230712:1410;31.36;304.51;;;
20230712:1510;31.11;304.26;;;
20230712:1610;30.2;303.35;;;
20230712:1710;29.25;302.4;;;
20230712:1810;28.01;301.16;;;
20230712:1910;26.55;299.7;;;
20230712:2010;25.18;298.33;;;
20230712:2110;24.56;297.71;;;
20230712:2210;24.23;297.38;;;
20230712:2310;23.67;296.82;;;
20230713:0010;22.96;296.11;;;
20230713:0110;22.34;295.49;;;
20230713:0210;21.87;295.02;;;
20230713:0310;21.08;294.23;;;
20230713:0410;20.01;293.16;;;
20230713:0510;19.75;292.9;;;
20230713:0610;19.87;293.02;;;
20230713:0710;20.8;293.95;;;
20230713:0810;22.86;296.01;;;
20230713:0910;23.77;296.92;;;
20230713:1010;24.33;297.48;;;
20230713:1110;25.06;298.21;;;
20230713:1210;25.73;298.88;;;
20230713:1310;25.44;298.59;;;
20230713:1410;25.17;298.32;;;
20230713:1510;24.9;298.05;;;
20230713:1610;24.64;297.79;;;
20230713:1710;24.25;297.4;;;
20230713:1810;23.28;296.43;;;
20230713:1910;21.86;295.01;;;
20230713:2010;21.59;294.74;;;
20230713:2110;21.25;294.4;;;
20230713:2210;21.15;294.3;;;
20230713:2310;20.9;294.05;;;
20230714:0010;20.49;293.64;;;
20230714:0110;20.11;293.26;;;
20230714:0210;19.63;292.78;;;
20230714:0310;18.7;291.85;;;
20230714:0410;18.14;291.29;;;
20230714:0510;18.81;291.96;;;
20230714:0610;20.7;293.85;;;
20230714:0710;22.1;295.25;;;
20230714:0810;23.34;296.49;;;
20230714:0910;24.49;297.64;;;
20230714:1010;25.41;298.56;;;
20230714:1110;26.17;299.32;;;
20230714:1210;26.8;299.95;;;
20230714:1310;27.32;300.47;;;
20230714:1410;27.71;300.86;;;
20230714:1510;27.79;300.94;;;
20230714:1610;27.3;300.45;;;
20230714:1710;26.32;299.47;;;
20230714:1810;25.06;298.21;;;
20230714:1910;23.97;297.12;;;
20230714:2010;23.16;296.31;;;
20230714:2110;22.27;295.42;;;
20230714:2210;21.42;294.57;;;
20230714:2310;20.57;293.72;;;
20230715:0010;19.76;292.91;;;
20230715:0110;19.11;292.26;;;
20230715:0210;18.42;291.57;;;
20230715:0310;17.64;290.79;;;
20230715:0410;17.08;290.23;;;
20230715:0510;19.23;292.38;;;
20230715:0610;21.73;294.88;;;
20230715:0710;23.32;296.47;;;
20230715:0810;25.17;298.32;;;
20230715:0910;26.84;299.99;;;
20230715:1010;28.33;301.48;;;
20230715:1110;29.64;302.79;;;
20230715:1210;30.63;303.78;;;
20230715:1310;31.36;304.51;;;
20230715:1410;31.67;304.82;;;
20230715:1510;31.59;304.74;;;
20230715:1610;31;304.15;;;
20230715:1710;30.03;303.18;;;
20230715:1810;28.64;301.79;;;
20230715:1910;26.99;300.14;;;
20230715:2010;26.06;299.21;;;
20230715:2110;25.26;298.41;;;
20230715:2210;24.59;297.74;;;
20230715:2310;24.01;297.16;;;
20230716:0010;23.51;296.66;;;
20230716:0110;22.98;296.13;;;
20230716:0210;22.34;295.49;;;
20230716:0310;21.63;294.78;;;
20230716:0410;21.22;294.37;;;
20230716:0510;22.16;295.31;;;
20230716:0610;24.29;297.44;;;
20230716:0710;25.89;299.04;;;
20230716:0810;26.82;299.97;;;
20230716:0910;27.72;300.87;;;
20230716:1010;28.74;301.89;;;
20230716:1110;29.62;302.77;;;
20230716:1210;30.44;303.59;;;
20230716:1310;30.75;303.9;;;
20230716:1410;30.78;303.93;;;
20230716:1510;30.71;303.86;;;
20230716:1610;30.54;303.69;;;
20230716:1710;29.86;303.01;;;
20230716:1810;28.4;301.55;;;
20230716:1910;29.38;302.53;;;
20230716:2010;28.29;301.44;;;
20230716:2110;26.93;300.08;;;
20230716:2210;25.86;299.01;;26.8275;
20230716:2310;25;298.15;;;
20230717:0010;23.84;296.99;;;
20230717:0110;22.43;295.58;;;
20230717:0210;21.06;294.21;;;
20230717:0310;19.93;293.08;;;
20230717:0410;19.97;293.12;;;
20230717:0510;22.45;295.6;;;
20230717:0610;24.12;297.27;;;
20230717:0710;24.58;297.73;;;
20230717:0810;26.28;299.43;;;
20230717:0910;27.51;300.66;;;
20230717:1010;28.07;301.22;;;
20230717:1110;28.71;301.86;;;
20230717:1210;29.06;302.21;;;
20230717:1310;29.25;302.4;;;
20230717:1410;28.42;301.57;;;
20230717:1510;28.54;301.69;;;
20230717:1610;28.45;301.6;;;
20230717:1710;28.06;301.21;;;
20230717:1810;27.15;300.3;;;
20230717:1910;26.24;299.39;;;
20230717:2010;25.11;298.26;;;
20230717:2110;24;297.15;;;
20230717:2210;23.32;296.47;;25.39708333;
20230717:2310;22.98;296.13;;;
20230718:0010;22.83;295.98;;;
20230718:0110;22.5;295.65;;;
20230718:0210;22.21;295.36;;;
20230718:0310;21.93;295.08;;;
20230718:0410;21.71;294.86;;;
20230718:0510;21.95;295.1;;;
20230718:0610;22.77;295.92;;;
20230718:0710;23.56;296.71;;;
20230718:0810;24.57;297.72;;;
20230718:0910;25.74;298.89;;;
20230718:1010;26.84;299.99;;;
20230718:1110;27.75;300.9;;;
20230718:1210;28.37;301.52;;;
20230718:1310;28.77;301.92;;;
20230718:1410;29.1;302.25;;;
20230718:1510;29.23;302.38;;;
20230718:1610;28.79;301.94;;;
20230718:1710;28.24;301.39;;;
20230718:1810;27.44;300.59;;;
20230718:1910;25.81;298.96;;;
20230718:2010;24.73;297.88;;;
20230718:2110;23.8;296.95;;;
20230718:2210;22.99;296.14;;;
20230718:2310;22.06;295.21;;;
20230719:0010;21.2;294.35;;;
20230719:0110;20.68;293.83;;;
20230719:0210;20.81;293.96;;;
20230719:0310;21.35;294.5;;;
20230719:0410;21.95;295.1;;;
20230719:0510;22.15;295.3;;;
20230719:0610;22.69;295.84;;;
20230719:0710;25.46;298.61;;;
20230719:0810;26.93;300.08;;;
20230719:0910;28.15;301.3;;;
20230719:1010;28.63;301.78;;;
20230719:1110;27.59;300.74;;;
20230719:1210;28.48;301.63;;;
20230719:1310;29.1;302.25;;;
20230719:1410;29.25;302.4;;;
20230719:1510;29.55;302.7;;;
20230719:1610;27.95;301.1;;;
20230719:1710;26.69;299.84;;;
20230719:1810;25.74;298.89;;;
20230719:1910;25.14;298.29;;;
20230719:2010;23.18;296.33;;;
20230719:2110;22.11;295.26;;;
20230719:2210;21.94;295.09;;;
20230719:2310;20.73;293.88;;;
20230720:0010;19.67;292.82;;;
20230720:0110;19.05;292.2;;;
20230720:0210;18.72;291.87;;;
20230720:0310;18.84;291.99;;;
20230720:0410;19.57;292.72;;;
20230720:0510;20.65;293.8;;;
20230720:0610;21.7;294.85;;;
20230720:0710;22.66;295.81;;;
20230720:0810;23.5;296.65;;;
20230720:0910;24.22;297.37;;;
20230720:1010;24.62;297.77;;;
20230720:1110;25.4;298.55;;;
20230720:1210;26.13;299.28;;;
20230720:1310;26.69;299.84;;;
20230720:1410;26.82;299.97;;;
20230720:1510;26.74;299.89;;;
20230720:1610;26.26;299.41;;;
20230720:1710;25.91;299.06;;;
20230720:1810;24.92;298.07;;;
20230720:1910;23.04;296.19;;;
20230720:2010;21.74;294.89;;;
20230720:2110;20.32;293.47;;;
20230720:2210;19.46;292.61;;;
20230720:2310;18.93;292.08;;;
20230721:0010;18.58;291.73;;;
20230721:0110;18.03;291.18;;;
20230721:0210;18.07;291.22;;;
20230721:0310;17.97;291.12;;;
20230721:0410;17.9;291.05;;;
20230721:0510;18.68;291.83;;;
20230721:0610;21;294.15;;;
20230721:0710;19.72;292.87;;;
20230721:0810;19.94;293.09;;;
20230721:0910;20.25;293.4;;;
20230721:1010;21.64;294.79;;;
20230721:1110;22.81;295.96;;;
20230721:1210;23.42;296.57;;;
20230721:1310;23.89;297.04;;;
20230721:1410;24.32;297.47;;;
20230721:1510;24.4;297.55;;;
20230721:1610;23.81;296.96;;;
20230721:1710;23.25;296.4;;;
20230721:1810;22.7;295.85;;;
20230721:1910;20.59;293.74;;;
20230721:2010;19.68;292.83;;;
20230721:2110;19.02;292.17;;;
20230721:2210;18.91;292.06;;;
20230721:2310;19;292.15;;;
20230722:0010;18.95;292.1;;;
20230722:0110;18.72;291.87;;;
20230722:0210;18.34;291.49;;;
20230722:0310;17.91;291.06;;;
20230722:0410;17.56;290.71;;;
20230722:0510;18;291.15;;;
20230722:0610;18.94;292.09;;;
20230722:0710;19.73;292.88;;;
20230722:0810;21.14;294.29;;;
20230722:0910;22.41;295.56;;;
20230722:1010;23.6;296.75;;;
20230722:1110;24.41;297.56;;;
20230722:1210;24.88;298.03;;;
20230722:1310;25.33;298.48;;;
20230722:1410;24.54;297.69;;;
20230722:1510;23.54;296.69;;;
20230722:1610;22.13;295.28;;;
20230722:1710;21.48;294.63;;;
20230722:1810;20.61;293.76;;;
20230722:1910;21.21;294.36;;;
20230722:2010;19.92;293.07;;;
20230722:2110;18.7;291.85;;;
20230722:2210;17.69;290.84;;;
20230722:2310;16.68;289.83;;;
20230723:0010;15.81;288.96;;;
20230723:0110;15.22;288.37;;;
20230723:0210;14.45;287.6;;;
20230723:0310;13.85;287;;;
20230723:0410;13.66;286.81;;;
20230723:0510;15.66;288.81;;;
20230723:0610;19.91;293.06;;22.87208333;
20230723:0710;23.21;296.36;;;
20230723:0810;25.29;298.44;;;
20230723:0910;26.55;299.7;;;
20230723:1010;27.61;300.76;;;
20230723:1110;28.4;301.55;;;
20230723:1210;29.07;302.22;;;
20230723:1310;29.41;302.56;;;
20230723:1410;28.99;302.14;;;
20230723:1510;27.94;301.09;;;
20230723:1610;27.46;300.61;;;
20230723:1710;26.66;299.81;;;
20230723:1810;25.34;298.49;;;
20230723:1910;24.69;297.84;;;
20230723:2010;23.57;296.72;;;
20230723:2110;22.76;295.91;;;
20230723:2210;22.1;295.25;;;
20230723:2310;21.32;294.47;;;
20230724:0010;20.44;293.59;;;
20230724:0110;19.47;292.62;;;
20230724:0210;18.45;291.6;;;
20230724:0310;17.52;290.67;;;
20230724:0410;17.2;290.35;;;
20230724:0510;19.16;292.31;;;
20230724:0610;23.09;296.24;;;
20230724:0710;25.66;298.81;;;
20230724:0810;27.59;300.74;;;
20230724:0910;29.36;302.51;;;
20230724:1010;30.77;303.92;;;
20230724:1110;31.64;304.79;;;
20230724:1210;32.09;305.24;;;
20230724:1310;30.95;304.1;;;
20230724:1410;29.89;303.04;;;
20230724:1510;30.2;303.35;;;
20230724:1610;30.1;303.25;;;
20230724:1710;29.55;302.7;;;
20230724:1810;28.33;301.48;;;
20230724:1910;26.3;299.45;;;
20230724:2010;25.22;298.37;;;
20230724:2110;24.12;297.27;;;
20230724:2210;23.31;296.46;;;
20230724:2310;22.5;295.65;;;
20230725:0010;22.18;295.33;;;
20230725:0110;21.78;294.93;;;
20230725:0210;20.83;293.98;;;
20230725:0310;20.45;293.6;;;
20230725:0410;19.92;293.07;;;
20230725:0510;19.76;292.91;;;
20230725:0610;19.96;293.11;;;
20230725:0710;20.77;293.92;;;
20230725:0810;20.57;293.72;;;
20230725:0910;19.45;292.6;;;
20230725:1010;19.14;292.29;;;
20230725:1110;19.04;292.19;;;
20230725:1210;19.11;292.26;;;
20230725:1310;19.32;292.47;;;
20230725:1410;19.45;292.6;;;
20230725:1510;19.7;292.85;;;
20230725:1610;19.52;292.67;;;
20230725:1710;19.09;292.24;;;
20230725:1810;18.62;291.77;;;
20230725:1910;20.15;293.3;;;
20230725:2010;19.68;292.83;;;
20230725:2110;19.05;292.2;;;
20230725:2210;18.58;291.73;;;
20230725:2310;18.24;291.39;;;
20230726:0010;17.73;290.88;;;
20230726:0110;17.28;290.43;;;
20230726:0210;16.74;289.89;;;
20230726:0310;16.4;289.55;;;
20230726:0410;16.08;289.23;;;
20230726:0510;16.37;289.52;;;
20230726:0610;16.88;290.03;;;
20230726:0710;15.38;288.53;;;
20230726:0810;15.68;288.83;;;
20230726:0910;16.4;289.55;;;
20230726:1010;17.2;290.35;;;
20230726:1110;18.03;291.18;;;
20230726:1210;18.96;292.11;;;
20230726:1310;19.4;292.55;;;
20230726:1410;19.59;292.74;;;
20230726:1510;19.12;292.27;;;
20230726:1610;18.15;291.3;;;
20230726:1710;17.2;290.35;;;
20230726:1810;16.34;289.49;;;
20230726:1910;15.38;288.53;;;
20230726:2010;14.52;287.67;;;
20230726:2110;14.09;287.24;;;
20230726:2210;13.83;286.98;;;
20230726:2310;13.54;286.69;;;
20230727:0010;13.37;286.52;;;
20230727:0110;13.22;286.37;;;
20230727:0210;12.97;286.12;;;
20230727:0310;12.79;285.94;;;
20230727:0410;12.82;285.97;;;
20230727:0510;13.8;286.95;;;
20230727:0610;15.34;288.49;;;
20230727:0710;16.8;289.95;;;
20230727:0810;18.22;291.37;;;
20230727:0910;19.36;292.51;;;
20230727:1010;19.89;293.04;;;
20230727:1110;21.17;294.32;;;
20230727:1210;22.06;295.21;;;
20230727:1310;22.68;295.83;;;
20230727:1410;23.09;296.24;;;
20230727:1510;23.34;296.49;;;
20230727:1610;23.19;296.34;;;
20230727:1710;22.62;295.77;;;
20230727:1810;21.39;294.54;;;
20230727:1910;20.37;293.52;;;
20230727:2010;19.89;293.04;;;
20230727:2110;19.38;292.53;;;
20230727:2210;18.93;292.08;;;
20230727:2310;18.49;291.64;;;
20230728:0010;17.98;291.13;;;
20230728:0110;17.64;290.79;;;
20230728:0210;17.08;290.23;;;
20230728:0310;16.75;289.9;;;
20230728:0410;16.74;289.89;;;
20230728:0510;17.28;290.43;;;
20230728:0610;18.88;292.03;;;
20230728:0710;20.56;293.71;;;
20230728:0810;23.35;296.5;;;
20230728:0910;25.25;298.4;;;
20230728:1010;26.77;299.92;;;
20230728:1110;26.67;299.82;;;
20230728:1210;26.57;299.72;;;
20230728:1310;27.04;300.19;;;
20230728:1410;27.45;300.6;;;
20230728:1510;26.54;299.69;;;
20230728:1610;25.54;298.69;;;
20230728:1710;25.04;298.19;;;
20230728:1810;23.86;297.01;;;
20230728:1910;22.26;295.41;;;
20230728:2010;21.44;294.59;;;
20230728:2110;21.18;294.33;;;
20230728:2210;20.82;293.97;;;
20230728:2310;20.33;293.48;;;
20230729:0010;19.72;292.87;;;
20230729:0110;19.44;292.59;;;
20230729:0210;19.1;292.25;;;
20230729:0310;18.58;291.73;;;
20230729:0410;18.31;291.46;;;
20230729:0510;19.18;292.33;;;
20230729:0610;20.56;293.71;;;
20230729:0710;21.41;294.56;;;
20230729:0810;23.2;296.35;;;
20230729:0910;24.81;297.96;;;
20230729:1010;25.95;299.1;;;
20230729:1110;27.2;300.35;;;
20230729:1210;27.88;301.03;;;
20230729:1310;28.52;301.67;;;
20230729:1410;28.87;302.02;;;
20230729:1510;28.12;301.27;;;
20230729:1610;26.33;299.48;;;
20230729:1710;26.21;299.36;;;
20230729:1810;25.05;298.2;;;
20230729:1910;23.61;296.76;;;
20230729:2010;22.59;295.74;;;
20230729:2110;22.1;295.25;;;
20230729:2210;21.8;294.95;;;
20230729:2310;21.66;294.81;;;
20230730:0010;21.52;294.67;;;
20230730:0110;21.1;294.25;;;
20230730:0210;20.45;293.6;;;
20230730:0310;19.78;292.93;;;
20230730:0410;18.81;291.96;;;
20230730:0510;18.9;292.05;;;
20230730:0610;19.71;292.86;;;
20230730:0710;20.05;293.2;;;
20230730:0810;20.7;293.85;;;
20230730:0910;22.38;295.53;;;
20230730:1010;23.69;296.84;;;
20230730:1110;24.34;297.49;;;
20230730:1210;25.07;298.22;;;
20230730:1310;25.48;298.63;;;
20230730:1410;23.07;296.22;;;
20230730:1510;22.65;295.8;;;
20230730:1610;23.26;296.41;;;
20230730:1710;23.37;296.52;;;
20230730:1810;22.68;295.83;;;
20230730:1910;21.4;294.55;;;
20230730:2010;20.8;293.95;;;
20230730:2110;20.38;293.53;;;
20230730:2210;19.85;293;;;
20230730:2310;19.3;292.45;;;
20230731:0010;18.77;291.92;;;
20230731:0110;18.38;291.53;;;
20230731:0210;18.03;291.18;;;
20230731:0310;17.62;290.77;;;
20230731:0410;17.21;290.36;;;
20230731:0510;17.55;290.7;;;
20230731:0610;18.6;291.75;;;
20230731:0710;19.77;292.92;;;
20230731:0810;21.04;294.19;;;
20230731:0910;22.21;295.36;;;
20230731:1010;23.35;296.5;;;
20230731:1110;24.34;297.49;;;
20230731:1210;25.08;298.23;;;
20230731:1310;25.38;298.53;;;
20230731:1410;25.78;298.93;;;
20230731:1510;25.82;298.97;;;
20230731:1610;25.57;298.72;;;
20230731:1710;24.97;298.12;;;
20230731:1810;23.5;296.65;;;
20230731:1910;21.89;295.04;;;
20230731:2010;20.73;293.88;;;
20230731:2110;19.85;293;;;
20230731:2210;19.07;292.22;;;
20230731:2310;18.51;291.66;;;
20230801:0010;18.1;291.25;;;
20230801:0110;17.9;291.05;;;
20230801:0210;17.71;290.86;;;
20230801:0310;17;290.15;;;
20230801:0410;16.78;289.93;;;
20230801:0510;18.28;291.43;;;
20230801:0610;20.38;293.53;;;
20230801:0710;21.02;294.17;;;
20230801:0810;20.89;294.04;;;
20230801:0910;20.31;293.46;;;
20230801:1010;19.91;293.06;;;
20230801:1110;19.74;292.89;;;
20230801:1210;19.36;292.51;;;
20230801:1310;18.94;292.09;;;
20230801:1410;18.4;291.55;;;
20230801:1510;17.94;291.09;;;
20230801:1610;17.6;290.75;;;
20230801:1710;17.56;290.71;;;
20230801:1810;17.34;290.49;;;
20230801:1910;16.76;289.91;;;
20230801:2010;16.85;290;;;
20230801:2110;16.91;290.06;;;
20230801:2210;16.9;290.05;;;
20230801:2310;16.54;289.69;;;
20230802:0010;16.34;289.49;;;
20230802:0110;16.11;289.26;;;
20230802:0210;15.86;289.01;;;
20230802:0310;15.65;288.8;;;
20230802:0410;15.4;288.55;;;
20230802:0510;15.92;289.07;;;
20230802:0610;17.54;290.69;;;
20230802:0710;19.25;292.4;;;
20230802:0810;20.7;293.85;;;
20230802:0910;21.96;295.11;;;
20230802:1010;23.1;296.25;;;
20230802:1110;23.88;297.03;;;
20230802:1210;24.36;297.51;;;
20230802:1310;24.84;297.99;;;
20230802:1410;24.65;297.8;;;
20230802:1510;24.58;297.73;;;
20230802:1610;24.5;297.65;;;
20230802:1710;23.82;296.97;;;
20230802:1810;22.79;295.94;;;
20230802:1910;21.85;295;;;
20230802:2010;21.21;294.36;;;
20230802:2110;20.66;293.81;;;
20230802:2210;20.21;293.36;;;
20230802:2310;19.86;293.01;;;
20230803:0010;19.54;292.69;;;
20230803:0110;18.78;291.93;;;
20230803:0210;18.05;291.2;;;
20230803:0310;17.96;291.11;;;
20230803:0410;18.2;291.35;;;
20230803:0510;19.48;292.63;;;
20230803:0610;20.95;294.1;;;
20230803:0710;20.35;293.5;;;
20230803:0810;20.08;293.23;;;
20230803:0910;20.27;293.42;;;
20230803:1010;20.39;293.54;;;
20230803:1110;20.83;293.98;;;
20230803:1210;21.15;294.3;;;
20230803:1310;21.39;294.54;;;
20230803:1410;21.81;294.96;;;
20230803:1510;21.69;294.84;;;
20230803:1610;21.45;294.6;;;
20230803:1710;20.89;294.04;;;
20230803:1810;20.28;293.43;;;
20230803:1910;18.52;291.67;;;
20230803:2010;18.19;291.34;;;
20230803:2110;17.85;291;;;
20230803:2210;17.53;290.68;;;
20230803:2310;17.53;290.68;;;
20230804:0010;17.3;290.45;;;
20230804:0110;16.61;289.76;;;
20230804:0210;16.51;289.66;;;
20230804:0310;16.31;289.46;;;
20230804:0410;16.52;289.67;;;
20230804:0510;16.61;289.76;;;
20230804:0610;17.55;290.7;;;
20230804:0710;17;290.15;;;
20230804:0810;17.5;290.65;;;
20230804:0910;18.44;291.59;;;
20230804:1010;19.41;292.56;;;
20230804:1110;20;293.15;;;
20230804:1210;20.44;293.59;;;
20230804:1310;20.86;294.01;;;
20230804:1410;21.04;294.19;;;
20230804:1510;21;294.15;;;
20230804:1610;20.89;294.04;;;
20230804:1710;20.23;293.38;;;
20230804:1810;19.63;292.78;;;
20230804:1910;18.03;291.18;;;
20230804:2010;17.62;290.77;;;
20230804:2110;17.34;290.49;;;
20230804:2210;17.15;290.3;;;
20230804:2310;16.97;290.12;;;
20230805:0010;16.82;289.97;;;
20230805:0110;16.62;289.77;;;
20230805:0210;16.49;289.64;;;
20230805:0310;16.35;289.5;;;
20230805:0410;16.29;289.44;;;
20230805:0510;16.42;289.57;;;
20230805:0610;16.54;289.69;;;
20230805:0710;17.28;290.43;;;
20230805:0810;17.21;290.36;;;
20230805:0910;17.21;290.36;;;
20230805:1010;17.2;290.35;;;
20230805:1110;17.24;290.39;;;
20230805:1210;17.57;290.72;;;
20230805:1310;17.49;290.64;;;
20230805:1410;17.23;290.38;;;
20230805:1510;17.19;290.34;;;
20230805:1610;17.04;290.19;;;
20230805:1710;16.96;290.11;;;
20230805:1810;16.79;289.94;;;
20230805:1910;16.22;289.37;;;
20230805:2010;15.99;289.14;;;
20230805:2110;15.81;288.96;;;
20230805:2210;15.67;288.82;;;
20230805:2310;15.6;288.75;;;
20230806:0010;15.51;288.66;;;
20230806:0110;15.4;288.55;;;
20230806:0210;15.19;288.34;;;
20230806:0310;15.08;288.23;;;
20230806:0410;14.98;288.13;;;
20230806:0510;14.93;288.08;;;
20230806:0610;14.91;288.06;;;
20230806:0710;15.33;288.48;;;
20230806:0810;15.94;289.09;;;
20230806:0910;16.9;290.05;;;
20230806:1010;16.81;289.96;;;
20230806:1110;17.76;290.91;;;
20230806:1210;18.16;291.31;;;
20230806:1310;18.83;291.98;;;
20230806:1410;18.87;292.02;;;
20230806:1510;18.05;291.2;;;
20230806:1610;17.83;290.98;;;
20230806:1710;17.65;290.8;;;
20230806:1810;17;290.15;;;
20230806:1910;16.18;289.33;;;
20230806:2010;15.49;288.64;;;
20230806:2110;15.03;288.18;;;
20230806:2210;14.76;287.91;;;
20230806:2310;14.41;287.56;;;
20230807:0010;14.06;287.21;;;
20230807:0110;13.88;287.03;;;
20230807:0210;13.7;286.85;;;
20230807:0310;13.4;286.55;;;
20230807:0410;12.91;286.06;;;
20230807:0510;12.98;286.13;;;
20230807:0610;13.24;286.39;;;
20230807:0710;14.13;287.28;;;
20230807:0810;14.42;287.57;;;
20230807:0910;14.46;287.61;;;
20230807:1010;14.37;287.52;;;
20230807:1110;14.16;287.31;;;
20230807:1210;13.64;286.79;;;
20230807:1310;13.34;286.49;;;
20230807:1410;14.35;287.5;;;
20230807:1510;15.05;288.2;;;
20230807:1610;15.44;288.59;;;
20230807:1710;15.23;288.38;;;
20230807:1810;14.82;287.97;;;
20230807:1910;14.73;287.88;;;
20230807:2010;14.27;287.42;;;
20230807:2110;13.95;287.1;;;
20230807:2210;13.7;286.85;;;
20230807:2310;13.57;286.72;;;
20230808:0010;13.35;286.5;;;
20230808:0110;13.11;286.26;;;
20230808:0210;12.79;285.94;;;
20230808:0310;12.58;285.73;;;
20230808:0410;12.45;285.6;;;
20230808:0510;13.02;286.17;;;
20230808:0610;14.28;287.43;;;
20230808:0710;15.36;288.51;;;
20230808:0810;16.66;289.81;;;
20230808:0910;18;291.15;;;
20230808:1010;18.67;291.82;;;
20230808:1110;19.45;292.6;;;
20230808:1210;19.93;293.08;;;
20230808:1310;20.64;293.79;;;
20230808:1410;21.15;294.3;;;
20230808:1510;20.89;294.04;;;
20230808:1610;20.56;293.71;;;
20230808:1710;20.09;293.24;;;
20230808:1810;18.31;291.46;;;
20230808:1910;16.38;289.53;;;
20230808:2010;15.38;288.53;;;
20230808:2110;14.58;287.73;;;
20230808:2210;14.04;287.19;;;
20230808:2310;13.39;286.54;;;
20230809:0010;12.97;286.12;;;
20230809:0110;13.04;286.19;;;
20230809:0210;13.18;286.33;;;
20230809:0310;12.91;286.06;;;
20230809:0410;12.77;285.92;;;
20230809:0510;13.53;286.68;;;
20230809:0610;15.8;288.95;;;
20230809:0710;17.42;290.57;;;
20230809:0810;18.65;291.8;;;
20230809:0910;18.97;292.12;;;
20230809:1010;17.83;290.98;;;
20230809:1110;17.43;290.58;;;
20230809:1210;17.99;291.14;;;
20230809:1310;18.6;291.75;;;
20230809:1410;19.04;292.19;;;
20230809:1510;19.61;292.76;;;
20230809:1610;19.65;292.8;;;
20230809:1710;18.8;291.95;;;
20230809:1810;16.93;290.08;;;
20230809:1910;15.6;288.75;;;
20230809:2010;15.21;288.36;;;
20230809:2110;14.62;287.77;;;
20230809:2210;14.29;287.44;;;
20230809:2310;14.02;287.17;;;
20230810:0010;13.65;286.8;;;
20230810:0110;13.35;286.5;;;
20230810:0210;12.96;286.11;;;
20230810:0310;12.6;285.75;;;
20230810:0410;12.16;285.31;;;
20230810:0510;12.78;285.93;;;
20230810:0610;14.31;287.46;;;
20230810:0710;15.5;288.65;;;
20230810:0810;16.77;289.92;;;
20230810:0910;18.03;291.18;;;
20230810:1010;19.02;292.17;;;
20230810:1110;19.69;292.84;;;
20230810:1210;19.91;293.06;;;
20230810:1310;20.07;293.22;;;
20230810:1410;19.65;292.8;;;
20230810:1510;19.67;292.82;;;
20230810:1610;19;292.15;;;
20230810:1710;18.39;291.54;;;
20230810:1810;17.69;290.84;;;
20230810:1910;16.39;289.54;;;
20230810:2010;15.12;288.27;;;
20230810:2110;13.74;286.89;;;
20230810:2210;12.89;286.04;;;
20230810:2310;12.2;285.35;;;
20230811:0010;11.6;284.75;;;
20230811:0110;11.09;284.24;;;
20230811:0210;10.6;283.75;;;
20230811:0310;10.16;283.31;;;
20230811:0410;9.8;282.95;;;
20230811:0510;11.3;284.45;;;
20230811:0610;15.23;288.38;;;
20230811:0710;17.91;291.06;;;
20230811:0810;19.75;292.9;;;
20230811:0910;21.28;294.43;;;
20230811:1010;22.39;295.54;;;
20230811:1110;23.11;296.26;;;
20230811:1210;23.65;296.8;;;
20230811:1310;24.22;297.37;;;
20230811:1410;24.37;297.52;;;
20230811:1510;24.35;297.5;;;
20230811:1610;23.97;297.12;;;
20230811:1710;23.04;296.19;;;
20230811:1810;21.18;294.33;;;
20230811:1910;19.88;293.03;;;
20230811:2010;18.66;291.81;;;
20230811:2110;17.57;290.72;;;
20230811:2210;16.44;289.59;;;
20230811:2310;15.48;288.63;;;
20230812:0010;14.67;287.82;;;
20230812:0110;14.09;287.24;;;
20230812:0210;13.72;286.87;;;
20230812:0310;13.61;286.76;;;
20230812:0410;13.56;286.71;;;
20230812:0510;14.68;287.83;;;
20230812:0610;17.45;290.6;;;
20230812:0710;20.66;293.81;;;
20230812:0810;22.53;295.68;;;
20230812:0910;23.97;297.12;;;
20230812:1010;25.06;298.21;;;
20230812:1110;25.78;298.93;;;
20230812:1210;26.24;299.39;;;
20230812:1310;26.52;299.67;;;
20230812:1410;26.54;299.69;;;
20230812:1510;26.26;299.41;;;
20230812:1610;25.45;298.6;;;
20230812:1710;24.05;297.2;;;
20230812:1810;22.42;295.57;;;
20230812:1910;21.36;294.51;;;
20230812:2010;20.26;293.41;;;
20230812:2110;19.36;292.51;;;
20230812:2210;18.6;291.75;;;
20230812:2310;17.86;291.01;;;
20230813:0010;17.31;290.46;;;
20230813:0110;16.83;289.98;;;
20230813:0210;16.37;289.52;;;
20230813:0310;16.06;289.21;;;
20230813:0410;16.11;289.26;;;
20230813:0510;17.18;290.33;;;
20230813:0610;20.27;293.42;;;
20230813:0710;22.21;295.36;;;
20230813:0810;23.67;296.82;;;
20230813:0910;24.95;298.1;;;
20230813:1010;26;299.15;;;
20230813:1110;26.95;300.1;;;
20230813:1210;27.68;300.83;;;
20230813:1310;28.09;301.24;;;
20230813:1410;28.27;301.42;;;
20230813:1510;28.11;301.26;;;
20230813:1610;27.6;300.75;;;
20230813:1710;26.51;299.66;;;
20230813:1810;24.92;298.07;;;
20230813:1910;23.63;296.78;;;
20230813:2010;22.59;295.74;;;
20230813:2110;21.67;294.82;;;
20230813:2210;20.84;293.99;;;
20230813:2310;20.15;293.3;;;
20230814:0010;19.68;292.83;;;
20230814:0110;19.17;292.32;;;
20230814:0210;18.81;291.96;;;
20230814:0310;18.35;291.5;;;
20230814:0410;17.89;291.04;;;
20230814:0510;18.36;291.51;;;
20230814:0610;20.3;293.45;;;
20230814:0710;22.61;295.76;;;
20230814:0810;24.47;297.62;;;
20230814:0910;25.96;299.11;;;
20230814:1010;26.98;300.13;;;
20230814:1110;27.69;300.84;;;
20230814:1210;28.2;301.35;;;
20230814:1310;28.53;301.68;;;
20230814:1410;28.53;301.68;;;
20230814:1510;28.13;301.28;;;
20230814:1610;27.3;300.45;;;
20230814:1710;25.98;299.13;;;
20230814:1810;24.43;297.58;;;
20230814:1910;23.24;296.39;;;
20230814:2010;22.42;295.57;;;
20230814:2110;21.72;294.87;;;
20230814:2210;21.15;294.3;;;
20230814:2310;20.68;293.83;;;
20230815:0010;20.19;293.34;;;
20230815:0110;19.64;292.79;;;
20230815:0210;18.91;292.06;;;
20230815:0310;18.15;291.3;;;
20230815:0410;17.6;290.75;;;
20230815:0510;18.33;291.48;;;
20230815:0610;21.23;294.38;;;
20230815:0710;23.45;296.6;;;
20230815:0810;25.16;298.31;;;
20230815:0910;26.52;299.67;;;
20230815:1010;27.55;300.7;;;
20230815:1110;28.32;301.47;;;
20230815:1210;28.88;302.03;;;
20230815:1310;29.12;302.27;;;
20230815:1410;29.03;302.18;;;
20230815:1510;28.71;301.86;;;
20230815:1610;28.13;301.28;;;
20230815:1710;27.07;300.22;;;
20230815:1810;25.47;298.62;;;
20230815:1910;24.42;297.57;;;
20230815:2010;23.45;296.6;;;
20230815:2110;22.46;295.61;;;
20230815:2210;21.33;294.48;;;
20230815:2310;20.17;293.32;;;
20230816:0010;19.24;292.39;;;
20230816:0110;18.55;291.7;;;
20230816:0210;18.06;291.21;;;
20230816:0310;17.76;290.91;;;
20230816:0410;17.79;290.94;;;
20230816:0510;19.39;292.54;;;
20230816:0610;21.39;294.54;;;
20230816:0710;24.27;297.42;;;
20230816:0810;25.4;298.55;;;
20230816:0910;26.38;299.53;;;
20230816:1010;27;300.15;;;
20230816:1110;27.55;300.7;;;
20230816:1210;27.95;301.1;;;
20230816:1310;28.15;301.3;;;
20230816:1410;27.46;300.61;;;
20230816:1510;27.43;300.58;;;
20230816:1610;26.08;299.23;;;
20230816:1710;24.65;297.8;;;
20230816:1810;23.37;296.52;;;
20230816:1910;22.9;296.05;;;
20230816:2010;21.5;294.65;;;
20230816:2110;21.33;294.48;;;
20230816:2210;21.47;294.62;;;
20230816:2310;20.83;293.98;;;
20230817:0010;19.21;292.36;;;
20230817:0110;19.51;292.66;;;
20230817:0210;18.95;292.1;;;
20230817:0310;18.4;291.55;;;
20230817:0410;18.53;291.68;;;
20230817:0510;19.05;292.2;;;
20230817:0610;20.72;293.87;;;
20230817:0710;21.83;294.98;;;
20230817:0810;22.8;295.95;;;
20230817:0910;23.67;296.82;;;
20230817:1010;24.39;297.54;;;
20230817:1110;24.83;297.98;;;
20230817:1210;25.36;298.51;;;
20230817:1310;25.6;298.75;;;
20230817:1410;25.71;298.86;;;
20230817:1510;24.48;297.63;;;
20230817:1610;24.36;297.51;;;
20230817:1710;23.3;296.45;;;
20230817:1810;22.58;295.73;;;
20230817:1910;21.7;294.85;;;
20230817:2010;20.87;294.02;;;
20230817:2110;19.92;293.07;;;
20230817:2210;19.06;292.21;;;
20230817:2310;18.93;292.08;;;
20230818:0010;19.58;292.73;;;
20230818:0110;19.24;292.39;;;
20230818:0210;18.91;292.06;;;
20230818:0310;18.47;291.62;;;
20230818:0410;18.17;291.32;;;
20230818:0510;18.25;291.4;;;
20230818:0610;19.67;292.82;;;
20230818:0710;21.42;294.57;;;
20230818:0810;22.87;296.02;;;
20230818:0910;24.02;297.17;;;
20230818:1010;24.99;298.14;;;
20230818:1110;25.46;298.61;;;
20230818:1210;26.07;299.22;;;
20230818:1310;26.36;299.51;;;
20230818:1410;26.47;299.62;;;
20230818:1510;26.26;299.41;;;
20230818:1610;26.06;299.21;;;
20230818:1710;25.44;298.59;;;
20230818:1810;23.89;297.04;;;
20230818:1910;22.55;295.7;;;
20230818:2010;21.7;294.85;;;
20230818:2110;21.31;294.46;;;
20230818:2210;20.64;293.79;;;
20230818:2310;20.34;293.49;;;
20230819:0010;19.9;293.05;;;
20230819:0110;19.46;292.61;;;
20230819:0210;19.12;292.27;;;
20230819:0310;19.1;292.25;;;
20230819:0410;19.3;292.45;;;
20230819:0510;19.44;292.59;;;
20230819:0610;21.35;294.5;;;
20230819:0710;22.94;296.09;;;
20230819:0810;24.56;297.71;;;
20230819:0910;25.74;298.89;;;
20230819:1010;26.4;299.55;;;
20230819:1110;27.17;300.32;;;
20230819:1210;27.77;300.92;;;
20230819:1310;28.08;301.23;;;
20230819:1410;28.44;301.59;;;
20230819:1510;28.42;301.57;;;
20230819:1610;28.1;301.25;;;
20230819:1710;27.2;300.35;;;
20230819:1810;25.71;298.86;;;
20230819:1910;24.11;297.26;;;
20230819:2010;23.11;296.26;;;
20230819:2110;22.04;295.19;;;
20230819:2210;21.09;294.24;;;
20230819:2310;20.32;293.47;;;
20230820:0010;19.62;292.77;;;
20230820:0110;19.31;292.46;;;
20230820:0210;19.05;292.2;;;
20230820:0310;18.57;291.72;;;
20230820:0410;18.13;291.28;;;
20230820:0510;18.99;292.14;;;
20230820:0610;22.44;295.59;;;
20230820:0710;24.96;298.11;;;
20230820:0810;26.74;299.89;;;
20230820:0910;28.17;301.32;;;
20230820:1010;29.3;302.45;;;
20230820:1110;29.89;303.04;;;
20230820:1210;30.33;303.48;;;
20230820:1310;30.64;303.79;;;
20230820:1410;30.87;304.02;;;
20230820:1510;30.6;303.75;;;
20230820:1610;30.2;303.35;;;
20230820:1710;28.98;302.13;;;
20230820:1810;28.12;301.27;;;
20230820:1910;25.63;298.78;;;
20230820:2010;24.9;298.05;;;
20230820:2110;23.89;297.04;;;
20230820:2210;23.09;296.24;;;
20230820:2310;22.8;295.95;;;
20230821:0010;22.5;295.65;;;
20230821:0110;21.24;294.39;;;
20230821:0210;19.76;292.91;;;
20230821:0310;18.73;291.88;;;
20230821:0410;18.13;291.28;;;
20230821:0510;18.96;292.11;;;
20230821:0610;22.58;295.73;;;
20230821:0710;26.05;299.2;;;
20230821:0810;27.98;301.13;;;
20230821:0910;29.53;302.68;;;
20230821:1010;30.8;303.95;;;
20230821:1110;31.67;304.82;;;
20230821:1210;32.29;305.44;;;
20230821:1310;32.59;305.74;;;
20230821:1410;32.44;305.59;;;
20230821:1510;32.18;305.33;;;
20230821:1610;31.67;304.82;;;
20230821:1710;29.79;302.94;;;
20230821:1810;27.86;301.01;;;
20230821:1910;26.16;299.31;;;
20230821:2010;24.7;297.85;;;
20230821:2110;23.45;296.6;;;
20230821:2210;22.77;295.92;;;
20230821:2310;21.95;295.1;;;
20230822:0010;21.87;295.02;;;
20230822:0110;21.95;295.1;;;
20230822:0210;21.06;294.21;;;
20230822:0310;19.98;293.13;;;
20230822:0410;19.3;292.45;;;
20230822:0510;19.83;292.98;;;
20230822:0610;23.15;296.3;;;
20230822:0710;25.26;298.41;;;
20230822:0810;27.12;300.27;;;
20230822:0910;28.96;302.11;;;
20230822:1010;30.54;303.69;;;
20230822:1110;31.8;304.95;;;
20230822:1210;32.77;305.92;;;
20230822:1310;33.27;306.42;;;
20230822:1410;33.45;306.6;;;
20230822:1510;33.05;306.2;;;
20230822:1610;32.19;305.34;;;
20230822:1710;30.64;303.79;;;
20230822:1810;28.56;301.71;;;
20230822:1910;27.12;300.27;;;
20230822:2010;26.13;299.28;;;
20230822:2110;25.64;298.79;;;
20230822:2210;25.27;298.42;;;
20230822:2310;25.08;298.23;;;
20230823:0010;24.79;297.94;;;
20230823:0110;24.36;297.51;;;
20230823:0210;23.69;296.84;;;
20230823:0310;23.03;296.18;;;
20230823:0410;22.39;295.54;;;
20230823:0510;22.33;295.48;;;
20230823:0610;23.28;296.43;;;
20230823:0710;23.87;297.02;;;
20230823:0810;24.11;297.26;;;
20230823:0910;25.5;298.65;;;
20230823:1010;26.99;300.14;;;
20230823:1110;27.91;301.06;;;
20230823:1210;28.71;301.86;;;
20230823:1310;29.09;302.24;;;
20230823:1410;29.34;302.49;;;
20230823:1510;29.38;302.53;;;
20230823:1610;29.05;302.2;;;
20230823:1710;27.18;300.33;;;
20230823:1810;26.31;299.46;;;
20230823:1910;25.85;299;;;
20230823:2010;24.88;298.03;;;
20230823:2110;24.33;297.48;;;
20230823:2210;23.38;296.53;;;
20230823:2310;22.67;295.82;;;
20230824:0010;22.11;295.26;;;
20230824:0110;21.56;294.71;;;
20230824:0210;20.84;293.99;;;
20230824:0310;20.56;293.71;;;
20230824:0410;20.28;293.43;;;
20230824:0510;20.77;293.92;;;
20230824:0610;22.66;295.81;;;
20230824:0710;23.76;296.91;;;
20230824:0810;25.45;298.6;;;
20230824:0910;26.91;300.06;;;
20230824:1010;28.13;301.28;;;
20230824:1110;28.86;302.01;;;
20230824:1210;29.41;302.56;;;
20230824:1310;29.79;302.94;;;
20230824:1410;29.93;303.08;;;
20230824:1510;29.8;302.95;;;
20230824:1610;29.19;302.34;;;
20230824:1710;28.23;301.38;;;
20230824:1810;26.82;299.97;;;
20230824:1910;26.27;299.42;;;
20230824:2010;25.55;298.7;;;
20230824:2110;25.03;298.18;;;
20230824:2210;24.65;297.8;;;
20230824:2310;24.3;297.45;;;
20230825:0010;23.93;297.08;;;
20230825:0110;23.57;296.72;;;
20230825:0210;23.01;296.16;;;
20230825:0310;22.44;295.59;;;
20230825:0410;22.28;295.43;;;
20230825:0510;22.44;295.59;;;
20230825:0610;24.51;297.66;;;
20230825:0710;26.17;299.32;;;
20230825:0810;27.77;300.92;;;
20230825:0910;29.21;302.36;;;
20230825:1010;30.54;303.69;;;
20230825:1110;31.51;304.66;;;
20230825:1210;32.14;305.29;;;
20230825:1310;32.34;305.49;;;
20230825:1410;31.34;304.49;;;
20230825:1510;29.6;302.75;;;
20230825:1610;29.69;302.84;;;
20230825:1710;28.87;302.02;;;
20230825:1810;27.45;300.6;;;
20230825:1910;26.28;299.43;;;
20230825:2010;25.25;298.4;;;
20230825:2110;24.41;297.56;;;
20230825:2210;23.62;296.77;;;
20230825:2310;22.75;295.9;;;
20230826:0010;21.99;295.14;;;
20230826:0110;21.75;294.9;;;
20230826:0210;22.17;295.32;;;
20230826:0310;21.51;294.66;;;
20230826:0410;20.64;293.79;;;
20230826:0510;21.18;294.33;;;
20230826:0610;24.2;297.35;;;
20230826:0710;25.4;298.55;;;
20230826:0810;27.05;300.2;;;
20230826:0910;28.04;301.19;;;
20230826:1010;28.58;301.73;;;
20230826:1110;29.24;302.39;;;
20230826:1210;29.89;303.04;;;
20230826:1310;30.22;303.37;;;
20230826:1410;30.4;303.55;;;
20230826:1510;29.94;303.09;;;
20230826:1610;29.25;302.4;;;
20230826:1710;28.15;301.3;;;
20230826:1810;26.76;299.91;;;
20230826:1910;25.56;298.71;;;
20230826:2010;24.64;297.79;;;
20230826:2110;23.87;297.02;;;
20230826:2210;23.17;296.32;;;
20230826:2310;22.75;295.9;;;
20230827:0010;21.1;294.25;;;
20230827:0110;20.72;293.87;;;
20230827:0210;20.34;293.49;;;
20230827:0310;20.01;293.16;;;
20230827:0410;19.69;292.84;;;
20230827:0510;19.67;292.82;;;
20230827:0610;20.6;293.75;;;
20230827:0710;21.25;294.4;;;
20230827:0810;22.74;295.89;;;
20230827:0910;24.55;297.7;;;
20230827:1010;26.37;299.52;;;
20230827:1110;28.1;301.25;;;
20230827:1210;29.4;302.55;;;
20230827:1310;30.18;303.33;;;
20230827:1410;30.61;303.76;;;
20230827:1510;29.77;302.92;;;
20230827:1610;27.97;301.12;;;
20230827:1710;25.71;298.86;;;
20230827:1810;23.69;296.84;;;
20230827:1910;21.33;294.48;;;
20230827:2010;20.73;293.88;;;
20230827:2110;20.18;293.33;;;
20230827:2210;19.83;292.98;;;
20230827:2310;19.46;292.61;;;
20230828:0010;19.26;292.41;;;
20230828:0110;18.99;292.14;;;
20230828:0210;18.72;291.87;;;
20230828:0310;18.39;291.54;;;
20230828:0410;18.22;291.37;;;
20230828:0510;18.13;291.28;;;
20230828:0610;18.63;291.78;;;
20230828:0710;18.21;291.36;;;
20230828:0810;19.13;292.28;;;
20230828:0910;20.48;293.63;;;
20230828:1010;21.37;294.52;;;
20230828:1110;23;296.15;;;
20230828:1210;24.23;297.38;;;
20230828:1310;25.84;298.99;;;
20230828:1410;26.64;299.79;;;
20230828:1510;26.79;299.94;;;
20230828:1610;26.61;299.76;;;
20230828:1710;25.13;298.28;;;
20230828:1810;22.89;296.04;;;
20230828:1910;18.89;292.04;;;
20230828:2010;17.64;290.79;;;
20230828:2110;17.1;290.25;;;
20230828:2210;16.75;289.9;;;
20230828:2310;16.48;289.63;;;
20230829:0010;16.17;289.32;;;
20230829:0110;15.97;289.12;;;
20230829:0210;15.89;289.04;;;
20230829:0310;15.81;288.96;;;
20230829:0410;15.71;288.86;;;
20230829:0510;15.63;288.78;;;
20230829:0610;15.83;288.98;;;
20230829:0710;15.81;288.96;;;
20230829:0810;16.49;289.64;;;
20230829:0910;17.27;290.42;;;
20230829:1010;17.15;290.3;;;
20230829:1110;16.24;289.39;;;
20230829:1210;15.79;288.94;;;
20230829:1310;16.24;289.39;;;
20230829:1410;16.68;289.83;;;
20230829:1510;16.82;289.97;;;
20230829:1610;16.65;289.8;;;
20230829:1710;16.21;289.36;;;
20230829:1810;15.87;289.02;;;
20230829:1910;15.98;289.13;;;
20230829:2010;15.72;288.87;;;
20230829:2110;15.51;288.66;;;
20230829:2210;15.16;288.31;;;
20230829:2310;15.15;288.3;;;
20230830:0010;15.15;288.3;;;
20230830:0110;14.9;288.05;;;
20230830:0210;14.92;288.07;;;
20230830:0310;14.76;287.91;;;
20230830:0410;14.59;287.74;;;
20230830:0510;14.63;287.78;;;
20230830:0610;15.01;288.16;;;
20230830:0710;15.87;289.02;;;
20230830:0810;16.87;290.02;;;
20230830:0910;17.92;291.07;;;
20230830:1010;18.17;291.32;;;
20230830:1110;18.42;291.57;;;
20230830:1210;18.75;291.9;;;
20230830:1310;19.34;292.49;;;
20230830:1410;19.14;292.29;;;
20230830:1510;18.95;292.1;;;
20230830:1610;18.78;291.93;;;
20230830:1710;18.43;291.58;;;
20230830:1810;17.54;290.69;;;
20230830:1910;15.65;288.8;;;
20230830:2010;15.06;288.21;;;
20230830:2110;14.56;287.71;;;
20230830:2210;14.14;287.29;;;
20230830:2310;13.8;286.95;;;
20230831:0010;13.62;286.77;;;
20230831:0110;13.72;286.87;;;
20230831:0210;13.77;286.92;;;
20230831:0310;13.73;286.88;;;
20230831:0410;13.55;286.7;;;
20230831:0510;13.77;286.92;;;
20230831:0610;15.19;288.34;;;
20230831:0710;17.06;290.21;;;
20230831:0810;18.7;291.85;;;
20230831:0910;19.99;293.14;;;
20230831:1010;20.7;293.85;;;
20230831:1110;21.45;294.6;;;
20230831:1210;21.82;294.97;;;
20230831:1310;22.13;295.28;;;
20230831:1410;22.05;295.2;;;
20230831:1510;21.74;294.89;;;
20230831:1610;21.19;294.34;;;
20230831:1710;20.17;293.32;;;
20230831:1810;18.86;292.01;;;
20230831:1910;17.58;290.73;;;
20230831:2010;16.6;289.75;;;
20230831:2110;15.79;288.94;;;
20230831:2210;15.2;288.35;;;
20230831:2310;14.94;288.09;;;
20230901:0010;15.09;288.24;;;
20230901:0110;14.96;288.11;;;
20230901:0210;15.14;288.29;;;
20230901:0310;15.34;288.49;;;
20230901:0410;15.8;288.95;;;
20230901:0510;15.9;289.05;;;
20230901:0610;16.32;289.47;;;
20230901:0710;16.78;289.93;;;
20230901:0810;17.6;290.75;;;
20230901:0910;18.73;291.88;;;
20230901:1010;19.45;292.6;;;
20230901:1110;21.1;294.25;;;
20230901:1210;22.68;295.83;;;
20230901:1310;23.68;296.83;;;
20230901:1410;24.08;297.23;;;
20230901:1510;23.76;296.91;;;
20230901:1610;23.45;296.6;;;
20230901:1710;22.47;295.62;;;
20230901:1810;20.66;293.81;;;
20230901:1910;19.35;292.5;;;
20230901:2010;18.18;291.33;;;
20230901:2110;17.17;290.32;;;
20230901:2210;16.42;289.57;;;
20230901:2310;16.14;289.29;;;
20230902:0010;15.51;288.66;;;
20230902:0110;15.07;288.22;;;
20230902:0210;14.89;288.04;;;
20230902:0310;14.49;287.64;;;
20230902:0410;14.16;287.31;;;
20230902:0510;14.41;287.56;;;
20230902:0610;17.36;290.51;;;
20230902:0710;20.13;293.28;;;
20230902:0810;22.47;295.62;;;
20230902:0910;24.11;297.26;;;
20230902:1010;25.14;298.29;;;
20230902:1110;25.53;298.68;;;
20230902:1210;26.21;299.36;;;
20230902:1310;26.5;299.65;;;
20230902:1410;26.19;299.34;;;
20230902:1510;26.02;299.17;;;
20230902:1610;25.63;298.78;;;
20230902:1710;24.37;297.52;;;
20230902:1810;23.56;296.71;;;
20230902:1910;22.37;295.52;;;
20230902:2010;19.53;292.68;;;
20230902:2110;18.52;291.67;;;
20230902:2210;18.07;291.22;;;
20230902:2310;17.29;290.44;;;
20230903:0010;16.88;290.03;;;
20230903:0110;16.51;289.66;;;
20230903:0210;16.03;289.18;;;
20230903:0310;15.53;288.68;;;
20230903:0410;15.2;288.35;;;
20230903:0510;15.56;288.71;;;
20230903:0610;17.2;290.35;;;
20230903:0710;18.14;291.29;;;
20230903:0810;18.94;292.09;;;
20230903:0910;20.22;293.37;;;
20230903:1010;20.66;293.81;;;
20230903:1110;21.37;294.52;;;
20230903:1210;22.24;295.39;;;
20230903:1310;22.96;296.11;;;
20230903:1410;22.98;296.13;;;
20230903:1510;22.5;295.65;;;
20230903:1610;21.86;295.01;;;
20230903:1710;20.91;294.06;;;
20230903:1810;20.13;293.28;;;
20230903:1910;19.59;292.74;;;
20230903:2010;19.04;292.19;;;
20230903:2110;18.23;291.38;;;
20230903:2210;17.47;290.62;;;
20230903:2310;17.01;290.16;;;
20230904:0010;16.84;289.99;;;
20230904:0110;16.48;289.63;;;
20230904:0210;15.84;288.99;;;
20230904:0310;15.45;288.6;;;
20230904:0410;15.23;288.38;;;
20230904:0510;15.13;288.28;;;
20230904:0610;15.74;288.89;;;
20230904:0710;16.63;289.78;;;
20230904:0810;17.96;291.11;;;
20230904:0910;19.02;292.17;;;
20230904:1010;19.78;292.93;;;
20230904:1110;20.81;293.96;;;
20230904:1210;21.31;294.46;;;
20230904:1310;21.75;294.9;;;
20230904:1410;21.71;294.86;;;
20230904:1510;21.32;294.47;;;
20230904:1610;20.82;293.97;;;
20230904:1710;20.1;293.25;;;
20230904:1810;18.72;291.87;;;
20230904:1910;17.91;291.06;;;
20230904:2010;17.23;290.38;;;
20230904:2110;16.03;289.18;;;
20230904:2210;14.93;288.08;;;
20230904:2310;13.85;287;;;
20230905:0010;13.07;286.22;;;
20230905:0110;12.81;285.96;;;
20230905:0210;12.58;285.73;;;
20230905:0310;12.37;285.52;;;
20230905:0410;12.07;285.22;;;
20230905:0510;11.91;285.06;;;
20230905:0610;13.79;286.94;;;
20230905:0710;16.56;289.71;;;
20230905:0810;18.55;291.7;;;
20230905:0910;20.25;293.4;;;
20230905:1010;21.5;294.65;;;
20230905:1110;22.47;295.62;;;
20230905:1210;23.19;296.34;;;
20230905:1310;23.63;296.78;;;
20230905:1410;23.78;296.93;;;
20230905:1510;23.61;296.76;;;
20230905:1610;23.11;296.26;;;
20230905:1710;21.98;295.13;;;
20230905:1810;20.41;293.56;;;
20230905:1910;18.89;292.04;;;
20230905:2010;17.57;290.72;;;
20230905:2110;16.38;289.53;;;
20230905:2210;15.87;289.02;;;
20230905:2310;16.16;289.31;;;
20230906:0010;16;289.15;;;
20230906:0110;15.42;288.57;;;
20230906:0210;15.2;288.35;;;
20230906:0310;14.78;287.93;;;
20230906:0410;14.12;287.27;;;
20230906:0510;13.52;286.67;;;
20230906:0610;15.44;288.59;;;
20230906:0710;19.14;292.29;;;
20230906:0810;21.19;294.34;;;
20230906:0910;22.8;295.95;;;
20230906:1010;23.95;297.1;;;
20230906:1110;24.8;297.95;;;
20230906:1210;25.37;298.52;;;
20230906:1310;25.64;298.79;;;
20230906:1410;25.64;298.79;;;
20230906:1510;25.27;298.42;;;
20230906:1610;24.57;297.72;;;
20230906:1710;23.09;296.24;;;
20230906:1810;21.44;294.59;;;
20230906:1910;19.98;293.13;;;
20230906:2010;18.52;291.67;;;
20230906:2110;17.66;290.81;;;
20230906:2210;17.59;290.74;;;
20230906:2310;18.06;291.21;;;
20230907:0010;17.9;291.05;;;
20230907:0110;17.34;290.49;;;
20230907:0210;16.74;289.89;;;
20230907:0310;16.12;289.27;;;
20230907:0410;15.64;288.79;;;
20230907:0510;15.43;288.58;;;
20230907:0610;16.89;290.04;;;
20230907:0710;20.08;293.23;;;
20230907:0810;22.02;295.17;;;
20230907:0910;23.66;296.81;;;
20230907:1010;24.69;297.84;;;
20230907:1110;25.38;298.53;;;
20230907:1210;25.82;298.97;;;
20230907:1310;26.05;299.2;;;
20230907:1410;25.94;299.09;;;
20230907:1510;25.59;298.74;;;
20230907:1610;24.92;298.07;;;
20230907:1710;23.63;296.78;;;
20230907:1810;21.9;295.05;;;
20230907:1910;20.09;293.24;;;
20230907:2010;18.57;291.72;;;
20230907:2110;17.52;290.67;;;
20230907:2210;17.24;290.39;;;
20230907:2310;17.39;290.54;;;
20230908:0010;16.67;289.82;;;
20230908:0110;15.74;288.89;;;
20230908:0210;14.96;288.11;;;
20230908:0310;14.34;287.49;;;
20230908:0410;13.59;286.74;;;
20230908:0510;13.53;286.68;;;
20230908:0610;15.95;289.1;;;
20230908:0710;20.21;293.36;;;
20230908:0810;22.15;295.3;;;
20230908:0910;23.85;297;;;
20230908:1010;25;298.15;;;
20230908:1110;25.74;298.89;;;
20230908:1210;26.25;299.4;;;
20230908:1310;26.46;299.61;;;
20230908:1410;26.39;299.54;;;
20230908:1510;26.02;299.17;;;
20230908:1610;25.3;298.45;;;
20230908:1710;23.81;296.96;;;
20230908:1810;22.12;295.27;;;
20230908:1910;20.76;293.91;;;
20230908:2010;19.32;292.47;;;
20230908:2110;17.95;291.1;;;
20230908:2210;17.11;290.26;;;
20230908:2310;16.5;289.65;;;
20230909:0010;16.07;289.22;;;
20230909:0110;15.47;288.62;;;
20230909:0210;15.04;288.19;;;
20230909:0310;14.34;287.49;;;
20230909:0410;13.86;287.01;;;
20230909:0510;13.82;286.97;;;
20230909:0610;15.98;289.13;;;
20230909:0710;20.1;293.25;;;
20230909:0810;22.49;295.64;;;
20230909:0910;24.5;297.65;;;
20230909:1010;26.04;299.19;;;
20230909:1110;27.09;300.24;;;
20230909:1210;27.79;300.94;;;
20230909:1310;28.1;301.25;;;
20230909:1410;28.04;301.19;;;
20230909:1510;27.53;300.68;;;
20230909:1610;26.6;299.75;;;
20230909:1710;24.86;298.01;;;
20230909:1810;22.96;296.11;;;
20230909:1910;21.76;294.91;;;
20230909:2010;20.46;293.61;;;
20230909:2110;19.04;292.19;;;
20230909:2210;17.65;290.8;;;
20230909:2310;16.48;289.63;;;
20230910:0010;15.73;288.88;;;
20230910:0110;15.21;288.36;;;
20230910:0210;14.71;287.86;;;
20230910:0310;14.25;287.4;;;
20230910:0410;13.93;287.08;;;
20230910:0510;14.02;287.17;;;
20230910:0610;16.7;289.85;;;
20230910:0710;19.88;293.03;;;
20230910:0810;22.66;295.81;;;
20230910:0910;24.82;297.97;;;
20230910:1010;26.56;299.71;;;
20230910:1110;27.89;301.04;;;
20230910:1210;28.86;302.01;;;
20230910:1310;29.45;302.6;;;
20230910:1410;29.63;302.78;;;
20230910:1510;29.37;302.52;;;
20230910:1610;28.5;301.65;;;
20230910:1710;26.53;299.68;;;
20230910:1810;24.31;297.46;;;
20230910:1910;22.69;295.84;;;
20230910:2010;20.85;294;;;
20230910:2110;19.26;292.41;;;
20230910:2210;18.52;291.67;;;
20230910:2310;17.86;291.01;;;
20230911:0010;17.34;290.49;;;
20230911:0110;17.46;290.61;;;
20230911:0210;17.87;291.02;;;
20230911:0310;17.7;290.85;;;
20230911:0410;17.44;290.59;;;
20230911:0510;17.19;290.34;;;
20230911:0610;18.19;291.34;;;
20230911:0710;20.93;294.08;;;
20230911:0810;23.22;296.37;;;
20230911:0910;25.13;298.28;;;
20230911:1010;26.83;299.98;;;
20230911:1110;28.15;301.3;;;
20230911:1210;29.09;302.24;;;
20230911:1310;29.62;302.77;;;
20230911:1410;29.77;302.92;;;
20230911:1510;29.5;302.65;;;
20230911:1610;28.69;301.84;;;
20230911:1710;27.02;300.17;;;
20230911:1810;25.1;298.25;;;
20230911:1910;23.41;296.56;;;
20230911:2010;21.59;294.74;;;
20230911:2110;19.93;293.08;;;
20230911:2210;19.12;292.27;;;
20230911:2310;18.83;291.98;;;
20230912:0010;18.64;291.79;;;
20230912:0110;18.58;291.73;;;
20230912:0210;18.69;291.84;;;
20230912:0310;18.53;291.68;;;
20230912:0410;18.19;291.34;;;
20230912:0510;17.75;290.9;;;
20230912:0610;18.53;291.68;;;
20230912:0710;21.72;294.87;;;
20230912:0810;23.89;297.04;;;
20230912:0910;25.75;298.9;;;
20230912:1010;27.39;300.54;;;
20230912:1110;28.66;301.81;;;
20230912:1210;29.43;302.58;;;
20230912:1310;29.88;303.03;;;
20230912:1410;29.83;302.98;;;
20230912:1510;29.45;302.6;;;
20230912:1610;28.61;301.76;;;
20230912:1710;27.13;300.28;;;
20230912:1810;25.56;298.71;;;
20230912:1910;24.06;297.21;;;
20230912:2010;22.49;295.64;;;
20230912:2110;20.8;293.95;;;
20230912:2210;19.78;292.93;;;
20230912:2310;19.19;292.34;;;
20230913:0010;18.79;291.94;;;
20230913:0110;18.83;291.98;;;
20230913:0210;18.74;291.89;;;
20230913:0310;18.67;291.82;;;
20230913:0410;18.63;291.78;;;
20230913:0510;18.39;291.54;;;
20230913:0610;19.28;292.43;;;
20230913:0710;22.32;295.47;;;
20230913:0810;24.79;297.94;;;
20230913:0910;26.4;299.55;;;
20230913:1010;27.44;300.59;;;
20230913:1110;27.67;300.82;;;
20230913:1210;27.95;301.1;;;
20230913:1310;27.98;301.13;;;
20230913:1410;27.85;301;;;
20230913:1510;26.68;299.83;;;
20230913:1610;25.5;298.65;;;
20230913:1710;24.69;297.84;;;
20230913:1810;23.81;296.96;;;
20230913:1910;21.11;294.26;;;
20230913:2010;19.56;292.71;;;
20230913:2110;18.75;291.9;;;
20230913:2210;18.46;291.61;;;
20230913:2310;18.22;291.37;;;
20230914:0010;18.07;291.22;;;
20230914:0110;18.02;291.17;;;
20230914:0210;17.87;291.02;;;
20230914:0310;17.77;290.92;;;
20230914:0410;17.51;290.66;;;
20230914:0510;17.34;290.49;;;
20230914:0610;17.46;290.61;;;
20230914:0710;18.18;291.33;;;
20230914:0810;19.12;292.27;;;
20230914:0910;20.27;293.42;;;
20230914:1010;21.22;294.37;;;
20230914:1110;21.8;294.95;;;
20230914:1210;22.13;295.28;;;
20230914:1310;22.06;295.21;;;
20230914:1410;22.2;295.35;;;
20230914:1510;21.13;294.28;;;
20230914:1610;20.51;293.66;;;
20230914:1710;19.97;293.12;;;
20230914:1810;19.16;292.31;;;
20230914:1910;18.65;291.8;;;
20230914:2010;17.71;290.86;;;
20230914:2110;17;290.15;;;
20230914:2210;16.37;289.52;;;
20230914:2310;16.01;289.16;;;
20230915:0010;15.81;288.96;;;
20230915:0110;14.93;288.08;;;
20230915:0210;14.59;287.74;;;
20230915:0310;14.09;287.24;;;
20230915:0410;13.5;286.65;;;
20230915:0510;13.14;286.29;;;
20230915:0610;14.94;288.09;;;
20230915:0710;16.62;289.77;;;
20230915:0810;17.85;291;;;
20230915:0910;19.4;292.55;;;
20230915:1010;20.52;293.67;;;
20230915:1110;21.51;294.66;;;
20230915:1210;22.37;295.52;;;
20230915:1310;22.48;295.63;;;
20230915:1410;22.47;295.62;;;
20230915:1510;22.3;295.45;;;
20230915:1610;21.85;295;;;
20230915:1710;20.63;293.78;;;
20230915:1810;19.2;292.35;;;
20230915:1910;18.3;291.45;;;
20230915:2010;17.53;290.68;;;
20230915:2110;17.27;290.42;;;
20230915:2210;16.71;289.86;;;
20230915:2310;16.37;289.52;;;
20230916:0010;16.06;289.21;;;
20230916:0110;15.79;288.94;;;
20230916:0210;15.62;288.77;;;
20230916:0310;15.42;288.57;;;
20230916:0410;15.22;288.37;;;
20230916:0510;15.16;288.31;;;
20230916:0610;16.29;289.44;;;
20230916:0710;18.43;291.58;;;
20230916:0810;20.14;293.29;;;
20230916:0910;21.68;294.83;;;
20230916:1010;22.81;295.96;;;
20230916:1110;23.6;296.75;;;
20230916:1210;23.72;296.87;;;
20230916:1310;24.05;297.2;;;
20230916:1410;24.06;297.21;;;
20230916:1510;23.64;296.79;;;
20230916:1610;22.83;295.98;;;
20230916:1710;21.49;294.64;;;
20230916:1810;20.2;293.35;;;
20230916:1910;19.84;292.99;;;
20230916:2010;19.43;292.58;;;
20230916:2110;18.86;292.01;;;
20230916:2210;18.22;291.37;;;
20230916:2310;17.58;290.73;;;
20230917:0010;17.04;290.19;;;
20230917:0110;16.47;289.62;;;
20230917:0210;15.95;289.1;;;
20230917:0310;15.42;288.57;;;
20230917:0410;14.78;287.93;;;
20230917:0510;14.17;287.32;;;
20230917:0610;15.7;288.85;;;
20230917:0710;18.3;291.45;;;
20230917:0810;20.29;293.44;;;
20230917:0910;21.88;295.03;;;
20230917:1010;23.24;296.39;;;
20230917:1110;24.39;297.54;;;
20230917:1210;25.23;298.38;;;
20230917:1310;25.73;298.88;;;
20230917:1410;25.92;299.07;;;
20230917:1510;25.64;298.79;;;
20230917:1610;24.87;298.02;;;
20230917:1710;23.14;296.29;;;
20230917:1810;21.64;294.79;;;
20230917:1910;20.69;293.84;;;
20230917:2010;19.7;292.85;;;
20230917:2110;18.87;292.02;;;
20230917:2210;18.32;291.47;;;
20230917:2310;17.82;290.97;;;
20230918:0010;17.44;290.59;;;
20230918:0110;17.21;290.36;;;
20230918:0210;17.02;290.17;;;
20230918:0310;16.92;290.07;;;
20230918:0410;16.84;289.99;;;
20230918:0510;16.82;289.97;;;
20230918:0610;17.97;291.12;;;
20230918:0710;19.79;292.94;;;
20230918:0810;21.77;294.92;;;
20230918:0910;23.3;296.45;;;
20230918:1010;24.58;297.73;;;
20230918:1110;25.33;298.48;;;
20230918:1210;25.87;299.02;;;
20230918:1310;26.18;299.33;;;
20230918:1410;26.05;299.2;;;
20230918:1510;25.62;298.77;;;
20230918:1610;24.8;297.95;;;
20230918:1710;23.77;296.92;;;
20230918:1810;22.96;296.11;;;
20230918:1910;21.85;295;;;
20230918:2010;21.28;294.43;;;
20230918:2110;20.71;293.86;;;
20230918:2210;20.01;293.16;;;
20230918:2310;19.35;292.5;;;
20230919:0010;18.78;291.93;;;
20230919:0110;18.31;291.46;;;
20230919:0210;18;291.15;;;
20230919:0310;17.8;290.95;;;
20230919:0410;17.77;290.92;;;
20230919:0510;17.35;290.5;;;
20230919:0610;16.44;289.59;;;
20230919:0710;16.56;289.71;;;
20230919:0810;17.6;290.75;;;
20230919:0910;19.59;292.74;;;
20230919:1010;21.64;294.79;;;
20230919:1110;22.66;295.81;;;
20230919:1210;23.09;296.24;;;
20230919:1310;23.17;296.32;;;
20230919:1410;23.23;296.38;;;
20230919:1510;22.83;295.98;;;
20230919:1610;22.12;295.27;;;
20230919:1710;21.03;294.18;;;
20230919:1810;19.78;292.93;;;
20230919:1910;18.59;291.74;;;
20230919:2010;17.67;290.82;;;
20230919:2110;16.79;289.94;;;
20230919:2210;15.81;288.96;;;
20230919:2310;14.86;288.01;;;
20230920:0010;14.07;287.22;;;
20230920:0110;13.66;286.81;;;
20230920:0210;13.61;286.76;;;
20230920:0310;13.5;286.65;;;
20230920:0410;13.15;286.3;;;
20230920:0510;12.88;286.03;;;
20230920:0610;15.19;288.34;;;
20230920:0710;18.21;291.36;;;
20230920:0810;20.35;293.5;;;
20230920:0910;21.81;294.96;;;
20230920:1010;23.04;296.19;;;
20230920:1110;24;297.15;;;
20230920:1210;24.8;297.95;;;
20230920:1310;25.11;298.26;;;
20230920:1410;25.08;298.23;;;
20230920:1510;24.42;297.57;;;
20230920:1610;23.61;296.76;;;
20230920:1710;22.14;295.29;;;
20230920:1810;21.04;294.19;;;
20230920:1910;20.57;293.72;;;
20230920:2010;19.9;293.05;;;
20230920:2110;19.27;292.42;;;
20230920:2210;18.73;291.88;;;
20230920:2310;18.22;291.37;;;
20230921:0010;18.01;291.16;;;
20230921:0110;17.63;290.78;;;
20230921:0210;17.29;290.44;;;
20230921:0310;17.04;290.19;;;
20230921:0410;16.9;290.05;;;
20230921:0510;16.84;289.99;;;
20230921:0610;17.58;290.73;;;
20230921:0710;18.73;291.88;;;
20230921:0810;20.47;293.62;;;
20230921:0910;21.99;295.14;;;
20230921:1010;23.51;296.66;;;
20230921:1110;24.51;297.66;;;
20230921:1210;25.32;298.47;;;
20230921:1310;25.91;299.06;;;
20230921:1410;25.91;299.06;;;
20230921:1510;25.45;298.6;;;
20230921:1610;24.31;297.46;;;
20230921:1710;22.66;295.81;;;
20230921:1810;21.32;294.47;;;
20230921:1910;21.2;294.35;;;
20230921:2010;20.35;293.5;;;
20230921:2110;19.57;292.72;;;
20230921:2210;18.92;292.07;;;
20230921:2310;18.41;291.56;;;
20230922:0010;17.97;291.12;;;
20230922:0110;17.5;290.65;;;
20230922:0210;16.98;290.13;;;
20230922:0310;16.54;289.69;;;
20230922:0410;16.05;289.2;;;
20230922:0510;15.71;288.86;;;
20230922:0610;16.82;289.97;;;
20230922:0710;19.7;292.85;;;
20230922:0810;21.52;294.67;;;
20230922:0910;22.85;296;;;
20230922:1010;23.8;296.95;;;
20230922:1110;24.96;298.11;;;
20230922:1210;25.33;298.48;;;
20230922:1310;25.36;298.51;;;
20230922:1410;25.57;298.72;;;
20230922:1510;25.14;298.29;;;
20230922:1610;24.4;297.55;;;
20230922:1710;23.35;296.5;;;
20230922:1810;22.62;295.77;;;
20230922:1910;20.87;294.02;;;
20230922:2010;19.65;292.8;;;
20230922:2110;17.94;291.09;;;
20230922:2210;16.7;289.85;;;
20230922:2310;16.2;289.35;;;
20230923:0010;16.17;289.32;;;
20230923:0110;16.02;289.17;;;
20230923:0210;15.75;288.9;;;
20230923:0310;15.48;288.63;;;
20230923:0410;15.31;288.46;;;
20230923:0510;15.15;288.3;;;
20230923:0610;15.17;288.32;;;
20230923:0710;14.61;287.76;;;
20230923:0810;14.63;287.78;;;
20230923:0910;14.78;287.93;;;
20230923:1010;14.92;288.07;;;
20230923:1110;15.12;288.27;;;
20230923:1210;15.67;288.82;;;
20230923:1310;16.02;289.17;;;
20230923:1410;16.37;289.52;;;
20230923:1510;16.45;289.6;;;
20230923:1610;16.38;289.53;;;
20230923:1710;16;289.15;;;
20230923:1810;15.72;288.87;;;
20230923:1910;15.64;288.79;;;
20230923:2010;15.33;288.48;;;
20230923:2110;15.06;288.21;;;
20230923:2210;14.77;287.92;;;
20230923:2310;14.48;287.63;;;
20230924:0010;14.17;287.32;;;
20230924:0110;13.82;286.97;;;
20230924:0210;13.32;286.47;;;
20230924:0310;13.11;286.26;;;
20230924:0410;12.93;286.08;;;
20230924:0510;12.82;285.97;;;
20230924:0610;13.33;286.48;;;
20230924:0710;13.51;286.66;;;
20230924:0810;13.69;286.84;;;
20230924:0910;14.06;287.21;;;
20230924:1010;14.34;287.49;;;
20230924:1110;14.7;287.85;;;
20230924:1210;15.32;288.47;;;
20230924:1310;15.9;289.05;;;
20230924:1410;16.34;289.49;;;
20230924:1510;16.66;289.81;;;
20230924:1610;16.63;289.78;;;
20230924:1710;16.3;289.45;;;
20230924:1810;16.16;289.31;;;
20230924:1910;15.19;288.34;;;
20230924:2010;15.04;288.19;;;
20230924:2110;14.88;288.03;;;
20230924:2210;14.81;287.96;;;
20230924:2310;14.69;287.84;;;
20230925:0010;14.51;287.66;;;
20230925:0110;14.2;287.35;;;
20230925:0210;13.79;286.94;;;
20230925:0310;13.59;286.74;;;
20230925:0410;12.83;285.98;;;
20230925:0510;12.63;285.78;;;
20230925:0610;13.34;286.49;;;
20230925:0710;14.84;287.99;;;
20230925:0810;16.03;289.18;;;
20230925:0910;16.64;289.79;;;
20230925:1010;17.08;290.23;;;
20230925:1110;17.71;290.86;;;
20230925:1210;18.1;291.25;;;
20230925:1310;18.47;291.62;;;
20230925:1410;19.19;292.34;;;
20230925:1510;19.47;292.62;;;
20230925:1610;19.03;292.18;;;
20230925:1710;17.95;291.1;;;
20230925:1810;16.77;289.92;;;
20230925:1910;15.91;289.06;;;
20230925:2010;14.94;288.09;;;
20230925:2110;14.67;287.82;;;
20230925:2210;15.04;288.19;;;
20230925:2310;14.88;288.03;;;
20230926:0010;14.55;287.7;;;
20230926:0110;14.16;287.31;;;
20230926:0210;13.83;286.98;;;
20230926:0310;13.83;286.98;;;
20230926:0410;13.79;286.94;;;
20230926:0510;13.81;286.96;;;
20230926:0610;14.58;287.73;;;
20230926:0710;17.35;290.5;;;
20230926:0810;19.9;293.05;;;
20230926:0910;21.54;294.69;;;
20230926:1010;22.84;295.99;;;
20230926:1110;23.81;296.96;;;
20230926:1210;24.51;297.66;;;
20230926:1310;24.88;298.03;;;
20230926:1410;24.84;297.99;;;
20230926:1510;24.2;297.35;;;
20230926:1610;23.11;296.26;;;
20230926:1710;21.3;294.45;;;
20230926:1810;20.16;293.31;;;
20230926:1910;19.28;292.43;;;
20230926:2010;18.37;291.52;;;
20230926:2110;17.2;290.35;;;
20230926:2210;16.36;289.51;;;
20230926:2310;15.79;288.94;;;
20230927:0010;15.43;288.58;;;
20230927:0110;15.26;288.41;;;
20230927:0210;14.91;288.06;;;
20230927:0310;14.57;287.72;;;
20230927:0410;13.78;286.93;;;
20230927:0510;13.13;286.28;;;
20230927:0610;14.22;287.37;;;
20230927:0710;17.39;290.54;;;
20230927:0810;19.74;292.89;;;
20230927:0910;21.88;295.03;;;
20230927:1010;23.56;296.71;;;
20230927:1110;24.6;297.75;;;
20230927:1210;25.16;298.31;;;
20230927:1310;25.35;298.5;;;
20230927:1410;25.21;298.36;;;
20230927:1510;24.62;297.77;;;
20230927:1610;23.26;296.41;;;
20230927:1710;21.35;294.5;;;
20230927:1810;20.05;293.2;;;
20230927:1910;19.2;292.35;;;
20230927:2010;18.27;291.42;;;
20230927:2110;17.2;290.35;;;
20230927:2210;16.2;289.35;;;
20230927:2310;15.24;288.39;;;
20230928:0010;14.46;287.61;;;
20230928:0110;13.78;286.93;;;
20230928:0210;13.17;286.32;;;
20230928:0310;12.72;285.87;;;
20230928:0410;12.25;285.4;;;
20230928:0510;11.61;284.76;;;
20230928:0610;12.73;285.88;;;
20230928:0710;17.2;290.35;;;
20230928:0810;20.13;293.28;;;
20230928:0910;22.42;295.57;;;
20230928:1010;24.09;297.24;;;
20230928:1110;25.15;298.3;;;
20230928:1210;25.69;298.84;;;
20230928:1310;25.82;298.97;;;
20230928:1410;25.6;298.75;;;
20230928:1510;24.95;298.1;;;
20230928:1610;23.45;296.6;;;
20230928:1710;21.39;294.54;;;
20230928:1810;19.92;293.07;;;
20230928:1910;19.02;292.17;;;
20230928:2010;18.14;291.29;;;
20230928:2110;17.34;290.49;;;
20230928:2210;16.45;289.6;;;
20230928:2310;15.55;288.7;;;
20230929:0010;14.73;287.88;;;
20230929:0110;14;287.15;;;
20230929:0210;13.35;286.5;;;
20230929:0310;12.73;285.88;;;
20230929:0410;12.12;285.27;;;
20230929:0510;11.63;284.78;;;
20230929:0610;12.77;285.92;;;
20230929:0710;16.93;290.08;;;
20230929:0810;20.57;293.72;;;
20230929:0910;23.07;296.22;;;
20230929:1010;24.54;297.69;;;
20230929:1110;25.42;298.57;;;
20230929:1210;25.87;299.02;;;
20230929:1310;26;299.15;;;
20230929:1410;25.83;298.98;;;
20230929:1510;25.23;298.38;;;
20230929:1610;23.78;296.93;;;
20230929:1710;21.57;294.72;;;
20230929:1810;19.71;292.86;;;
20230929:1910;18.13;291.28;;;
20230929:2010;16.73;289.88;;;
20230929:2110;15.64;288.79;;;
20230929:2210;14.69;287.84;;;
20230929:2310;14.01;287.16;;;
20230930:0010;13.68;286.83;;;
20230930:0110;13.66;286.81;;;
20230930:0210;14.35;287.5;;;
20230930:0310;16.05;289.2;;;
20230930:0410;16.64;289.79;;;
20230930:0510;17.13;290.28;;;
20230930:0610;17.49;290.64;;;
20230930:0710;17.86;291.01;;;
20230930:0810;18.78;291.93;;;
20230930:0910;19.87;293.02;;;
20230930:1010;20.18;293.33;;;
20230930:1110;20.23;293.38;;;
20230930:1210;20.22;293.37;;;
20230930:1310;20.62;293.77;;;
20230930:1410;20.6;293.75;;;
20230930:1510;19.78;292.93;;;
20230930:1610;19.4;292.55;;;
20230930:1710;18.63;291.78;;;
20230930:1810;17.7;290.85;;;
20230930:1910;17.44;290.59;;;
20230930:2010;16.56;289.71;;;
20230930:2110;15.9;289.05;;;
20230930:2210;15.26;288.41;;;
20230930:2310;14.65;287.8;;;
20231001:0010;13.79;286.94;;;
20231001:0110;12.95;286.1;;;
20231001:0210;12.6;285.75;;;
20231001:0310;11.57;284.72;;;
20231001:0410;11.25;284.4;;;
20231001:0510;10.92;284.07;;;
20231001:0610;12.11;285.26;;;
20231001:0710;14.66;287.81;;;
20231001:0810;16.5;289.65;;;
20231001:0910;18.29;291.44;;;
20231001:1010;19.63;292.78;;;
20231001:1110;20.77;293.92;;;
20231001:1210;21.46;294.61;;;
20231001:1310;21.71;294.86;;;
20231001:1410;21.91;295.06;;;
20231001:1510;21.68;294.83;;;
20231001:1610;20.75;293.9;;;
20231001:1710;19.18;292.33;;;
20231001:1810;17.9;291.05;;;
20231001:1910;16.79;289.94;;;
20231001:2010;15.53;288.68;;;
20231001:2110;14.65;287.8;;;
20231001:2210;14.03;287.18;;;
20231001:2310;13.54;286.69;;;
20231002:0010;12.82;285.97;;;
20231002:0110;12.37;285.52;;;
20231002:0210;11.87;285.02;;;
20231002:0310;11.51;284.66;;;
20231002:0410;11.29;284.44;;;
20231002:0510;11.23;284.38;;;
20231002:0610;12.97;286.12;;;
20231002:0710;16.42;289.57;;;
20231002:0810;19.54;292.69;;;
20231002:0910;21.47;294.62;;;
20231002:1010;23;296.15;;;
20231002:1110;24.23;297.38;;;
20231002:1210;25.06;298.21;;;
20231002:1310;25.51;298.66;;;
20231002:1410;25.54;298.69;;;
20231002:1510;25.06;298.21;;;
20231002:1610;23.51;296.66;;;
20231002:1710;21.39;294.54;;;
20231002:1810;19.91;293.06;;;
20231002:1910;18.71;291.86;;;
20231002:2010;17.42;290.57;;;
20231002:2110;16.31;289.46;;;
20231002:2210;15.34;288.49;;;
20231002:2310;14.6;287.75;;;
20231003:0010;14.01;287.16;;;
20231003:0110;13.51;286.66;;;
20231003:0210;13.15;286.3;;;
20231003:0310;12.83;285.98;;;
20231003:0410;12.46;285.61;;;
20231003:0510;12.1;285.25;;;
20231003:0610;12.8;285.95;;;
20231003:0710;16.06;289.21;;;
20231003:0810;18.74;291.89;;;
20231003:0910;21.22;294.37;;;
20231003:1010;23.4;296.55;;;
20231003:1110;25.2;298.35;;;
20231003:1210;26.37;299.52;;;
20231003:1310;26.97;300.12;;;
20231003:1410;26.91;300.06;;;
20231003:1510;26.19;299.34;;;
20231003:1610;24.45;297.6;;;
20231003:1710;22.38;295.53;;;
20231003:1810;21.03;294.18;;;
20231003:1910;19.92;293.07;;;
20231003:2010;19.6;292.75;;;
20231003:2110;20.52;293.67;;;
20231003:2210;21.8;294.95;;;
20231003:2310;20.51;293.66;;;
20231004:0010;19.66;292.81;;;
20231004:0110;18.71;291.86;;;
20231004:0210;17.52;290.67;;;
20231004:0310;16.67;289.82;;;
20231004:0410;15.92;289.07;;;
20231004:0510;15.09;288.24;;;
20231004:0610;14.95;288.1;;;
20231004:0710;15.18;288.33;;;
20231004:0810;16.02;289.17;;;
20231004:0910;16.93;290.08;;;
20231004:1010;17.79;290.94;;;
20231004:1110;18.53;291.68;;;
20231004:1210;19.24;292.39;;;
20231004:1310;19.65;292.8;;;
20231004:1410;19.67;292.82;;;
20231004:1510;19.34;292.49;;;
20231004:1610;18.49;291.64;;;
20231004:1710;17.01;290.16;;;
20231004:1810;15.61;288.76;;;
20231004:1910;14.22;287.37;;;
20231004:2010;12.71;285.86;;;
20231004:2110;11.91;285.06;;;
20231004:2210;11.42;284.57;;;
20231004:2310;11.21;284.36;;;
20231005:0010;10.8;283.95;;;
20231005:0110;10.31;283.46;;;
20231005:0210;10.1;283.25;;;
20231005:0310;9.63;282.78;;;
20231005:0410;9.1;282.25;;;
20231005:0510;8.8;281.95;;;
20231005:0610;9.88;283.03;;;
20231005:0710;12.76;285.91;;;
20231005:0810;15.26;288.41;;;
20231005:0910;17.13;290.28;;;
20231005:1010;18.45;291.6;;;
20231005:1110;19.47;292.62;;;
20231005:1210;20.43;293.58;;;
20231005:1310;20.89;294.04;;;
20231005:1410;20.84;293.99;;;
20231005:1510;20.16;293.31;;;
20231005:1610;18.95;292.1;;;
20231005:1710;17.58;290.73;;;
20231005:1810;17.04;290.19;;;
20231005:1910;16.35;289.5;;;
20231005:2010;15.75;288.9;;;
20231005:2110;15.18;288.33;;;
20231005:2210;14.58;287.73;;;
20231005:2310;13.91;287.06;;;
20231006:0010;13.16;286.31;;;
20231006:0110;12.41;285.56;;;
20231006:0210;11.87;285.02;;;
20231006:0310;11.5;284.65;;;
20231006:0410;10.96;284.11;;;
20231006:0510;10.38;283.53;;;
20231006:0610;10.49;283.64;;;
20231006:0710;13.15;286.3;;;
20231006:0810;15.02;288.17;;;
20231006:0910;16.42;289.57;;;
20231006:1010;17.61;290.76;;;
20231006:1110;18.7;291.85;;;
20231006:1210;19.51;292.66;;;
20231006:1310;20.1;293.25;;;
20231006:1410;20.34;293.49;;;
20231006:1510;20.2;293.35;;;
20231006:1610;19.39;292.54;;;
20231006:1710;16.9;290.05;;;
20231006:1810;14.75;287.9;;;
20231006:1910;13.33;286.48;;;
20231006:2010;12.21;285.36;;;
20231006:2110;11.55;284.7;;;
20231006:2210;11;284.15;;;
20231006:2310;10.6;283.75;;;
20231007:0010;10.46;283.61;;;
20231007:0110;10.51;283.66;;;
20231007:0210;10.75;283.9;;;
20231007:0310;11.15;284.3;;;
20231007:0410;11.69;284.84;;;
20231007:0510;12.38;285.53;;;
20231007:0610;13.72;286.87;;;
20231007:0710;16.09;289.24;;;
20231007:0810;18.03;291.18;;;
20231007:0910;19.65;292.8;;;
20231007:1010;21.01;294.16;;;
20231007:1110;22.08;295.23;;;
20231007:1210;22.69;295.84;;;
20231007:1310;22.9;296.05;;;
20231007:1410;22.73;295.88;;;
20231007:1510;22;295.15;;;
20231007:1610;20.97;294.12;;;
20231007:1710;20.18;293.33;;;
20231007:1810;20.1;293.25;;;
20231007:1910;19.16;292.31;;;
20231007:2010;19.01;292.16;;;
20231007:2110;18.65;291.8;;;
20231007:2210;18.43;291.58;;;
20231007:2310;18.58;291.73;;;
20231008:0010;18.47;291.62;;;
20231008:0110;18.39;291.54;;;
20231008:0210;18.21;291.36;;;
20231008:0310;18.46;291.61;;;
20231008:0410;18.39;291.54;;;
20231008:0510;17.92;291.07;;;
20231008:0610;17.97;291.12;;;
20231008:0710;18.98;292.13;;;
20231008:0810;19.55;292.7;;;
20231008:0910;19.35;292.5;;;
20231008:1010;17;290.15;;;
20231008:1110;14.65;287.8;;;
20231008:1210;13.03;286.18;;;
20231008:1310;12.29;285.44;;;
20231008:1410;11.86;285.01;;;
20231008:1510;11.71;284.86;;;
20231008:1610;11.73;284.88;;;
20231008:1710;11.77;284.92;;;
20231008:1810;11.83;284.98;;;
20231008:1910;11.85;285;;;
20231008:2010;11.85;285;;;
20231008:2110;11.81;284.96;;;
20231008:2210;11.69;284.84;;;
20231008:2310;11.71;284.86;;;
20231009:0010;11.58;284.73;;;
20231009:0110;11.58;284.73;;;
20231009:0210;11.46;284.61;;;
20231009:0310;11.41;284.56;;;
20231009:0410;11.14;284.29;;;
20231009:0510;10.92;284.07;;;
20231009:0610;11.01;284.16;;;
20231009:0710;12.29;285.44;;;
20231009:0810;14.78;287.93;;;
20231009:0910;17.21;290.36;;;
20231009:1010;19.51;292.66;;;
20231009:1110;21.2;294.35;;;
20231009:1210;20.83;293.98;;;
20231009:1310;20.07;293.22;;;
20231009:1410;18.86;292.01;;;
20231009:1510;18.23;291.38;;;
20231009:1610;17.6;290.75;;;
20231009:1710;16.56;289.71;;;
20231009:1810;16.25;289.4;;;
20231009:1910;15.71;288.86;;;
20231009:2010;15.41;288.56;;;
20231009:2110;15.33;288.48;;;
20231009:2210;15.68;288.83;;;
20231009:2310;15.45;288.6;;;
20231010:0010;15.19;288.34;;;
20231010:0110;14.74;287.89;;;
20231010:0210;14.46;287.61;;;
20231010:0310;14.52;287.67;;;
20231010:0410;14.41;287.56;;;
20231010:0510;14.19;287.34;;;
20231010:0610;14.35;287.5;;;
20231010:0710;15.79;288.94;;;
20231010:0810;16.95;290.1;;;
20231010:0910;18.32;291.47;;;
20231010:1010;19.12;292.27;;;
20231010:1110;19.88;293.03;;;
20231010:1210;20.27;293.42;;;
20231010:1310;20.47;293.62;;;
20231010:1410;20.45;293.6;;;
20231010:1510;20.02;293.17;;;
20231010:1610;19.21;292.36;;;
20231010:1710;17.76;290.91;;;
20231010:1810;16.18;289.33;;;
20231010:1910;14.62;287.77;;;
20231010:2010;13.66;286.81;;;
20231010:2110;13.14;286.29;;;
20231010:2210;12.66;285.81;;;
20231010:2310;12.35;285.5;;;
20231011:0010;12.07;285.22;;;
20231011:0110;11.82;284.97;;;
20231011:0210;11.57;284.72;;;
20231011:0310;11.28;284.43;;;
20231011:0410;11.02;284.17;;;
20231011:0510;10.77;283.92;;;
20231011:0610;11.22;284.37;;;
20231011:0710;14.04;287.19;;;
20231011:0810;17.49;290.64;;;
20231011:0910;20.06;293.21;;;
20231011:1010;21.97;295.12;;;
20231011:1110;23.27;296.42;;;
20231011:1210;24.15;297.3;;;
20231011:1310;24.53;297.68;;;
20231011:1410;24.55;297.7;;;
20231011:1510;23.72;296.87;;;
20231011:1610;21.83;294.98;;;
20231011:1710;19.91;293.06;;;
20231011:1810;18.15;291.3;;;
20231011:1910;16.73;289.88;;;
20231011:2010;15.75;288.9;;;
20231011:2110;14.84;287.99;;;
20231011:2210;14.05;287.2;;;
20231011:2310;13.33;286.48;;;
20231012:0010;12.73;285.88;;;
20231012:0110;12.37;285.52;;;
20231012:0210;12.19;285.34;;;
20231012:0310;12.29;285.44;;;
20231012:0410;12.14;285.29;;;
20231012:0510;11.67;284.82;;;
20231012:0610;11.89;285.04;;;
20231012:0710;14.74;287.89;;;
20231012:0810;19.39;292.54;;;
20231012:0910;22.44;295.59;;;
20231012:1010;24.41;297.56;;;
20231012:1110;25.49;298.64;;;
20231012:1210;26;299.15;;;
20231012:1310;25.96;299.11;;;
20231012:1410;25.48;298.63;;;
20231012:1510;24.37;297.52;;;
20231012:1610;22.64;295.79;;;
20231012:1710;20.65;293.8;;;
20231012:1810;18.81;291.96;;;
20231012:1910;17.56;290.71;;;
20231012:2010;16.87;290.02;;;
20231012:2110;16.22;289.37;;;
20231012:2210;16.18;289.33;;;
20231012:2310;16.41;289.56;;;
20231013:0010;16.63;289.78;;;
20231013:0110;16.61;289.76;;;
20231013:0210;16.34;289.49;;;
20231013:0310;15.52;288.67;;;
20231013:0410;15.42;288.57;;;
20231013:0510;15.48;288.63;;;
20231013:0610;15.59;288.74;;;
20231013:0710;17.26;290.41;;;
20231013:0810;21.13;294.28;;;
20231013:0910;22.86;296.01;;;
20231013:1010;24.3;297.45;;;
20231013:1110;25.42;298.57;;;
20231013:1210;26.11;299.26;;;
20231013:1310;26.41;299.56;;;
20231013:1410;26.05;299.2;;;
20231013:1510;24.73;297.88;;;
20231013:1610;22.62;295.77;;;
20231013:1710;20.88;294.03;;;
20231013:1810;19.53;292.68;;;
20231013:1910;18.53;291.68;;;
20231013:2010;17.64;290.79;;;
20231013:2110;16.85;290;;;
20231013:2210;16.01;289.16;;;
20231013:2310;15.14;288.29;;;
20231014:0010;14.17;287.32;;;
20231014:0110;13.2;286.35;;;
20231014:0210;12.69;285.84;;;
20231014:0310;12.56;285.71;;;
20231014:0410;12.61;285.76;;;
20231014:0510;12.5;285.65;;;
20231014:0610;13.06;286.21;;;
20231014:0710;15.12;288.27;;;
20231014:0810;18.93;292.08;;;
20231014:0910;21.51;294.66;;;
20231014:1010;23.48;296.63;;;
20231014:1110;24.4;297.55;;;
20231014:1210;24.72;297.87;;;
20231014:1310;24.17;297.32;;;
20231014:1410;22.97;296.12;;;
20231014:1510;21.95;295.1;;;
20231014:1610;20.68;293.83;;;
20231014:1710;19.57;292.72;;;
20231014:1810;18.22;291.37;;;
20231014:1910;18.4;291.55;;;
20231014:2010;17.73;290.88;;;
20231014:2110;16.74;289.89;;;
20231014:2210;15.76;288.91;;;
20231014:2310;15.11;288.26;;;
20231015:0010;14.24;287.39;;;
20231015:0110;13.34;286.49;;;
20231015:0210;12.23;285.38;;;
20231015:0310;11.44;284.59;;;
20231015:0410;10.95;284.1;;;
20231015:0510;10.46;283.61;;;
20231015:0610;10.33;283.48;;;
20231015:0710;10.74;283.89;;;
20231015:0810;11.44;284.59;;;
20231015:0910;12.05;285.2;;;
20231015:1010;12.13;285.28;;;
20231015:1110;12.53;285.68;;;
20231015:1210;12.65;285.8;;;
20231015:1310;12.98;286.13;;;
20231015:1410;12.83;285.98;;;
20231015:1510;12.45;285.6;;;
20231015:1610;11.59;284.74;;;
20231015:1710;10.73;283.88;;;
20231015:1810;9.57;282.72;;;
20231015:1910;7.8;280.95;;;
20231015:2010;7.43;280.58;;;
20231015:2110;7.28;280.43;;;
20231015:2210;7.13;280.28;;;
20231015:2310;6.74;279.89;;;
20231016:0010;6.42;279.57;;;
20231016:0110;6.12;279.27;;;
20231016:0210;5.79;278.94;;;
20231016:0310;5.51;278.66;;;
20231016:0410;5.21;278.36;;;
20231016:0510;5.05;278.2;;;
20231016:0610;5.16;278.31;;;
20231016:0710;6.36;279.51;;;
20231016:0810;7.9;281.05;;;
20231016:0910;9.3;282.45;;;
20231016:1010;10.52;283.67;;;
20231016:1110;11.56;284.71;;;
20231016:1210;12.2;285.35;;;
20231016:1310;12.27;285.42;;;
20231016:1410;12.36;285.51;;;
20231016:1510;11.97;285.12;;;
20231016:1610;10.76;283.91;;;
20231016:1710;9.37;282.52;;;
20231016:1810;8.17;281.32;;;
20231016:1910;7.41;280.56;;;
20231016:2010;6.5;279.65;;;
20231016:2110;5.91;279.06;;;
20231016:2210;5.45;278.6;;;
20231016:2310;5.27;278.42;;;
20231017:0010;5.26;278.41;;;
20231017:0110;4.95;278.1;;;
20231017:0210;4.49;277.64;;;
20231017:0310;3.68;276.83;;;
20231017:0410;3.24;276.39;;;
20231017:0510;2.99;276.14;;;
20231017:0610;3.11;276.26;;;
20231017:0710;5.89;279.04;;;
20231017:0810;8;281.15;;;
20231017:0910;9.74;282.89;;;
20231017:1010;10.85;284;;;
20231017:1110;11.37;284.52;;;
20231017:1210;11.39;284.54;;;
20231017:1310;11.34;284.49;;;
20231017:1410;11.02;284.17;;;
20231017:1510;10.52;283.67;;;
20231017:1610;9.8;282.95;;;
20231017:1710;9.21;282.36;;;
20231017:1810;8.73;281.88;;;
20231017:1910;8.63;281.78;;;
20231017:2010;7.99;281.14;;;
20231017:2110;7.09;280.24;;;
20231017:2210;6.35;279.5;;;
20231017:2310;5.62;278.77;;;
20231018:0010;5.11;278.26;;;
20231018:0110;4.41;277.56;;;
20231018:0210;3.64;276.79;;;
20231018:0310;3.2;276.35;;;
20231018:0410;2.92;276.07;;;
20231018:0510;2.73;275.88;;;
20231018:0610;3.07;276.22;;;
20231018:0710;5.61;278.76;;;
20231018:0810;8.05;281.2;;;
20231018:0910;10.12;283.27;;;
20231018:1010;11.65;284.8;;;
20231018:1110;12.52;285.67;;;
20231018:1210;12.97;286.12;;;
20231018:1310;12.93;286.08;;;
20231018:1410;12.52;285.67;;;
20231018:1510;11.8;284.95;;;
20231018:1610;10.75;283.9;;;
20231018:1710;9.96;283.11;;;
20231018:1810;9.56;282.71;;;
20231018:1910;9.19;282.34;;;
20231018:2010;9;282.15;;;
20231018:2110;8.66;281.81;;;
20231018:2210;8.29;281.44;;;
20231018:2310;8.03;281.18;;;
20231019:0010;7.74;280.89;;;
20231019:0110;7.42;280.57;;;
20231019:0210;7.37;280.52;;;
20231019:0310;7.46;280.61;;;
20231019:0410;6.98;280.13;;;
20231019:0510;6.35;279.5;;;
20231019:0610;6.53;279.68;;;
20231019:0710;8.47;281.62;;;
20231019:0810;10.55;283.7;;;
20231019:0910;12.32;285.47;;;
20231019:1010;13.89;287.04;;;
20231019:1110;15.25;288.4;;;
20231019:1210;16.53;289.68;;;
20231019:1310;17.38;290.53;;;
20231019:1410;18.05;291.2;;;
20231019:1510;17.64;290.79;;;
20231019:1610;16.13;289.28;;;
20231019:1710;14.4;287.55;;;
20231019:1810;12.65;285.8;;;
20231019:1910;12.59;285.74;;;
20231019:2010;12.26;285.41;;;
20231019:2110;11.21;284.36;;;
20231019:2210;10.9;284.05;;;
20231019:2310;10.67;283.82;;;
20231020:0010;10.27;283.42;;;
20231020:0110;10.55;283.7;;;
20231020:0210;10.48;283.63;;;
20231020:0310;10.31;283.46;;;
20231020:0410;10.8;283.95;;;
20231020:0510;11.41;284.56;;;
20231020:0610;11.93;285.08;;;
20231020:0710;14.87;288.02;;;
20231020:0810;17.17;290.32;;;
20231020:0910;19.59;292.74;;;
20231020:1010;20.92;294.07;;;
20231020:1110;21.75;294.9;;;
20231020:1210;22.9;296.05;;;
20231020:1310;22.97;296.12;;;
20231020:1410;22.32;295.47;;;
20231020:1510;21.77;294.92;;;
20231020:1610;21.2;294.35;;;
20231020:1710;20.89;294.04;;;
20231020:1810;20.98;294.13;;;
20231020:1910;21.37;294.52;;;
20231020:2010;21.01;294.16;;;
20231020:2110;20.57;293.72;;;
20231020:2210;20.16;293.31;;;
20231020:2310;19.84;292.99;;;
20231021:0010;19.44;292.59;;;
20231021:0110;18.78;291.93;;;
20231021:0210;18.06;291.21;;;
20231021:0310;17.14;290.29;;;
20231021:0410;16.32;289.47;;;
20231021:0510;15.77;288.92;;;
20231021:0610;15.45;288.6;;;
20231021:0710;15.38;288.53;;;
20231021:0810;17.62;290.77;;;
20231021:0910;19.41;292.56;;;
20231021:1010;20.65;293.8;;;
20231021:1110;21.5;294.65;;;
20231021:1210;21.8;294.95;;;
20231021:1310;21.88;295.03;;;
20231021:1410;21.64;294.79;;;
20231021:1510;20.89;294.04;;;
20231021:1610;19.53;292.68;;;
20231021:1710;18.37;291.52;;;
20231021:1810;17.7;290.85;;;
20231021:1910;16.52;289.67;;;
20231021:2010;16.12;289.27;;;
20231021:2110;15.83;288.98;;;
20231021:2210;15.59;288.74;;;
20231021:2310;15.42;288.57;;;
20231022:0010;15.08;288.23;;;
20231022:0110;14.94;288.09;;;
20231022:0210;14.93;288.08;;;
20231022:0310;14.47;287.62;;;
20231022:0410;13.94;287.09;;;
20231022:0510;13.69;286.84;;;
20231022:0610;13.57;286.72;;;
20231022:0710;13.12;286.27;;;
20231022:0810;13.33;286.48;;;
20231022:0910;14.36;287.51;;;
20231022:1010;15.78;288.93;;;
20231022:1110;17.18;290.33;;;
20231022:1210;17.56;290.71;;;
20231022:1310;18.04;291.19;;;
20231022:1410;18.13;291.28;;;
20231022:1510;17.66;290.81;;;
20231022:1610;16.22;289.37;;;
20231022:1710;14.91;288.06;;;
20231022:1810;13.51;286.66;;;
20231022:1910;12.14;285.29;;;
20231022:2010;11.55;284.7;;;
20231022:2110;10.67;283.82;;;
20231022:2210;9.99;283.14;;;
20231022:2310;9.57;282.72;;;
20231023:0010;9.28;282.43;;;
20231023:0110;9.72;282.87;;;
20231023:0210;10.17;283.32;;;
20231023:0310;9.77;282.92;;;
20231023:0410;9.74;282.89;;;
20231023:0510;9.83;282.98;;;
20231023:0610;9.91;283.06;;;
20231023:0710;10.29;283.44;;;
20231023:0810;12.71;285.86;;;
20231023:0910;14.35;287.5;;;
20231023:1010;15.59;288.74;;;
20231023:1110;16.56;289.71;;;
20231023:1210;16.74;289.89;;;
20231023:1310;16.87;290.02;;;
20231023:1410;16.98;290.13;;;
20231023:1510;16.68;289.83;;;
20231023:1610;15.23;288.38;;;
20231023:1710;13.99;287.14;;;
20231023:1810;13.15;286.3;;;
20231023:1910;12.75;285.9;;;
20231023:2010;12.35;285.5;;;
20231023:2110;12.06;285.21;;;
20231023:2210;11.65;284.8;;;
20231023:2310;11.08;284.23;;;
20231024:0010;10.39;283.54;;;
20231024:0110;10.72;283.87;;;
20231024:0210;10.59;283.74;;;
20231024:0310;10.25;283.4;;;
20231024:0410;9.15;282.3;;;
20231024:0510;8.81;281.96;;;
20231024:0610;9.33;282.48;;;
20231024:0710;11.23;284.38;;;
20231024:0810;12.13;285.28;;;
20231024:0910;13.48;286.63;;;
20231024:1010;14.4;287.55;;;
20231024:1110;14.86;288.01;;;
20231024:1210;15.12;288.27;;;
20231024:1310;15.36;288.51;;;
20231024:1410;15.4;288.55;;;
20231024:1510;15.72;288.87;;;
20231024:1610;15.21;288.36;;;
20231024:1710;15.16;288.31;;;
20231024:1810;15.25;288.4;;;
20231024:1910;14.49;287.64;;;
20231024:2010;14.3;287.45;;;
20231024:2110;14;287.15;;;
20231024:2210;13.74;286.89;;;
20231024:2310;12.98;286.13;;;
20231025:0010;12.39;285.54;;;
20231025:0110;12.27;285.42;;;
20231025:0210;12.1;285.25;;;
20231025:0310;11.92;285.07;;;
20231025:0410;11.81;284.96;;;
20231025:0510;11.76;284.91;;;
20231025:0610;11.62;284.77;;;
20231025:0710;12.25;285.4;;;
20231025:0810;13.37;286.52;;;
20231025:0910;13.89;287.04;;;
20231025:1010;14.23;287.38;;;
20231025:1110;15.02;288.17;;;
20231025:1210;15.51;288.66;;;
20231025:1310;16.29;289.44;;;
20231025:1410;16.06;289.21;;;
20231025:1510;15.64;288.79;;;
20231025:1610;14.69;287.84;;;
20231025:1710;13.89;287.04;;;
20231025:1810;13.29;286.44;;;
20231025:1910;12.32;285.47;;;
20231025:2010;11.55;284.7;;;
20231025:2110;10.75;283.9;;;
20231025:2210;10.95;284.1;;;
20231025:2310;10.4;283.55;;;
20231026:0010;8.77;281.92;;;
20231026:0110;9.17;282.32;;;
20231026:0210;9.85;283;;;
20231026:0310;10.78;283.93;;;
20231026:0410;11.42;284.57;;;
20231026:0510;12.04;285.19;;;
20231026:0610;12.34;285.49;;;
20231026:0710;12.52;285.67;;;
20231026:0810;13.7;286.85;;;
20231026:0910;15.64;288.79;;;
20231026:1010;16.96;290.11;;;
20231026:1110;17.81;290.96;;;
20231026:1210;18.38;291.53;;;
20231026:1310;18.63;291.78;;;
20231026:1410;17.8;290.95;;;
20231026:1510;16.27;289.42;;;
20231026:1610;14.86;288.01;;;
20231026:1710;14.15;287.3;;;
20231026:1810;13.32;286.47;;;
20231026:1910;11.85;285;;;
20231026:2010;11.24;284.39;;;
20231026:2110;10.74;283.89;;;
20231026:2210;10.58;283.73;;;
20231026:2310;10.68;283.83;;;
20231027:0010;11.12;284.27;;;
20231027:0110;10.36;283.51;;;
20231027:0210;10.56;283.71;;;
20231027:0310;10.66;283.81;;;
20231027:0410;10.71;283.86;;;
20231027:0510;11.08;284.23;;;
20231027:0610;11.33;284.48;;;
20231027:0710;11.3;284.45;;;
20231027:0810;11.39;284.54;;;
20231027:0910;11.22;284.37;;;
20231027:1010;11.43;284.58;;;
20231027:1110;12.13;285.28;;;
20231027:1210;12.66;285.81;;;
20231027:1310;12.85;286;;;
20231027:1410;12.66;285.81;;;
20231027:1510;12.57;285.72;;;
20231027:1610;12.17;285.32;;;
20231027:1710;11.89;285.04;;;
20231027:1810;11.7;284.85;;;
20231027:1910;11.82;284.97;;;
20231027:2010;11.53;284.68;;;
20231027:2110;11.2;284.35;;;
20231027:2210;10.73;283.88;;;
20231027:2310;10.22;283.37;;;
20231028:0010;9.55;282.7;;;
20231028:0110;8.79;281.94;;;
20231028:0210;7.91;281.06;;;
20231028:0310;7.13;280.28;;;
20231028:0410;6.72;279.87;;;
20231028:0510;6.53;279.68;;;
20231028:0610;7.13;280.28;;;
20231028:0710;9.8;282.95;;;
20231028:0810;12.04;285.19;;;
20231028:0910;12.49;285.64;;;
20231028:1010;13.26;286.41;;;
20231028:1110;14.55;287.7;;;
20231028:1210;15.66;288.81;;;
20231028:1310;16.11;289.26;;;
20231028:1410;16.05;289.2;;;
20231028:1510;14.96;288.11;;;
20231028:1610;12.92;286.07;;;
20231028:1710;11.45;284.6;;;
20231028:1810;10.72;283.87;;;
20231028:1910;9.56;282.71;;;
20231028:2010;9.1;282.25;;;
20231028:2110;8.29;281.44;;;
20231028:2210;7.52;280.67;;;
20231028:2310;7.37;280.52;;;
20231029:0010;7;280.15;;;
20231029:0110;6.63;279.78;;;
20231029:0210;6.8;279.95;;;
20231029:0310;7.41;280.56;;;
20231029:0410;7.38;280.53;;;
20231029:0510;6.62;279.77;;;
20231029:0610;5.84;278.99;;;
20231029:0710;7.45;280.6;;;
20231029:0810;10.36;283.51;;;
20231029:0910;12.35;285.5;;;
20231029:1010;14.11;287.26;;;
20231029:1110;15.52;288.67;;;
20231029:1210;16.75;289.9;;;
20231029:1310;17.66;290.81;;;
20231029:1410;17.69;290.84;;;
20231029:1510;16.21;289.36;;;
20231029:1610;15.34;288.49;;;
20231029:1710;14.23;287.38;;;
20231029:1810;12.32;285.47;;;
20231029:1910;10.01;283.16;;;
20231029:2010;9.58;282.73;;;
20231029:2110;9.44;282.59;;;
20231029:2210;9.26;282.41;;;
20231029:2310;8.89;282.04;;;
20231030:0010;8.46;281.61;;;
20231030:0110;8.1;281.25;;;
20231030:0210;7.67;280.82;;;
20231030:0310;7.38;280.53;;;
20231030:0410;7.16;280.31;;;
20231030:0510;7.1;280.25;;;
20231030:0610;7.33;280.48;;;
20231030:0710;8.38;281.53;;;
20231030:0810;10.24;283.39;;;
20231030:0910;11.72;284.87;;;
20231030:1010;14.03;287.18;;;
20231030:1110;16.37;289.52;;;
20231030:1210;18.1;291.25;;;
20231030:1310;19.12;292.27;;;
20231030:1410;18.98;292.13;;;
20231030:1510;18.03;291.18;;;
20231030:1610;16.69;289.84;;;
20231030:1710;15.79;288.94;;;
20231030:1810;15.64;288.79;;;
20231030:1910;15.68;288.83;;;
20231030:2010;15.64;288.79;;;
20231030:2110;15.75;288.9;;;
20231030:2210;15.82;288.97;;;
20231030:2310;15.96;289.11;;;
20231031:0010;16.08;289.23;;;
20231031:0110;16.09;289.24;;;
20231031:0210;16.23;289.38;;;
20231031:0310;16.47;289.62;;;
20231031:0410;16.26;289.41;;;
20231031:0510;14.87;288.02;;;
20231031:0610;12.8;285.95;;;
20231031:0710;12.53;285.68;;;
20231031:0810;12.81;285.96;;;
20231031:0910;13.25;286.4;;;
20231031:1010;13.7;286.85;;;
20231031:1110;13;286.15;;;
20231031:1210;11.84;284.99;;;
20231031:1310;11.11;284.26;;;
20231031:1410;10.69;283.84;;;
20231031:1510;10.42;283.57;;;
20231031:1610;9.86;283.01;;;
20231031:1710;9.75;282.9;;;
20231031:1810;9.76;282.91;;;
20231031:1910;10.13;283.28;;;
20231031:2010;9.81;282.96;;;
20231031:2110;9.76;282.91;;;
20231031:2210;9.77;282.92;;;
20231031:2310;9.84;282.99;;;
20231101:0010;9.89;283.04;;;
20231101:0110;9.67;282.82;;;
20231101:0210;9.47;282.62;;;
20231101:0310;9.12;282.27;;;
20231101:0410;8.64;281.79;;;
20231101:0510;7.85;281;;;
20231101:0610;6.86;280.01;;;
20231101:0710;8.18;281.33;;;
20231101:0810;11.61;284.76;;;
20231101:0910;13.59;286.74;;;
20231101:1010;14.92;288.07;;;
20231101:1110;15.66;288.81;;;
20231101:1210;15.91;289.06;;;
20231101:1310;15.69;288.84;;;
20231101:1410;15.02;288.17;;;
20231101:1510;13.83;286.98;;;
20231101:1610;12.55;285.7;;;
20231101:1710;11.74;284.89;;;
20231101:1810;11.22;284.37;;;
20231101:1910;10.72;283.87;;;
20231101:2010;10.37;283.52;;;
20231101:2110;10.12;283.27;;;
20231101:2210;9.93;283.08;;;
20231101:2310;9.63;282.78;;;
20231102:0010;9.2;282.35;;;
20231102:0110;8.82;281.97;;;
20231102:0210;8.35;281.5;;;
20231102:0310;7.74;280.89;;;
20231102:0410;6.89;280.04;;;
20231102:0510;6.28;279.43;;;
20231102:0610;5.84;278.99;;;
20231102:0710;8.02;281.17;;;
20231102:0810;10.34;283.49;;;
20231102:0910;12.46;285.61;;;
20231102:1010;14.02;287.17;;;
20231102:1110;15.24;288.39;;;
20231102:1210;16.37;289.52;;;
20231102:1310;16.41;289.56;;;
20231102:1410;16.21;289.36;;;
20231102:1510;15.6;288.75;;;
20231102:1610;15.18;288.33;;;
20231102:1710;14.8;287.95;;;
20231102:1810;14.14;287.29;;;
20231102:1910;13.62;286.77;;;
20231102:2010;13.16;286.31;;;
20231102:2110;12.84;285.99;;;
20231102:2210;12.84;285.99;;;
20231102:2310;12.69;285.84;;;
20231103:0010;12.3;285.45;;;
20231103:0110;12.03;285.18;;;
20231103:0210;11.76;284.91;;;
20231103:0310;11.57;284.72;;;
20231103:0410;11.01;284.16;;;
20231103:0510;7.99;281.14;;;
20231103:0610;6.28;279.43;;;
20231103:0710;7.58;280.73;;;
20231103:0810;7.62;280.77;;;
20231103:0910;7.69;280.84;;;
20231103:1010;7.73;280.88;;;
20231103:1110;7.4;280.55;;;
20231103:1210;6.82;279.97;;;
20231103:1310;6.56;279.71;;;
20231103:1410;6.95;280.1;;;
20231103:1510;6.95;280.1;;;
20231103:1610;6.68;279.83;;;
20231103:1710;6.75;279.9;;;
20231103:1810;6.99;280.14;;;
20231103:1910;6.82;279.97;;;
20231103:2010;6.82;279.97;;;
20231103:2110;7.02;280.17;;;
20231103:2210;7.01;280.16;;;
20231103:2310;6.74;279.89;;;
20231104:0010;6.46;279.61;;;
20231104:0110;6.2;279.35;;;
20231104:0210;5.72;278.87;;;
20231104:0310;5.17;278.32;;;
20231104:0410;4.49;277.64;;;
20231104:0510;3.91;277.06;;;
20231104:0610;3.23;276.38;;;
20231104:0710;3.89;277.04;;;
20231104:0810;7.09;280.24;;;
20231104:0910;9.01;282.16;;;
20231104:1010;10.12;283.27;;;
20231104:1110;10.82;283.97;;;
20231104:1210;11.31;284.46;;;
20231104:1310;11.5;284.65;;;
20231104:1410;11.28;284.43;;;
20231104:1510;10.42;283.57;;;
20231104:1610;9.47;282.62;;;
20231104:1710;9.17;282.32;;;
20231104:1810;8.87;282.02;;;
20231104:1910;7.52;280.67;;;
20231104:2010;7.43;280.58;;;
20231104:2110;7.39;280.54;;;
20231104:2210;7.37;280.52;;;
20231104:2310;7.06;280.21;;;
20231105:0010;7.26;280.41;;;
20231105:0110;7.1;280.25;;;
20231105:0210;7.29;280.44;;;
20231105:0310;7.28;280.43;;;
20231105:0410;7.36;280.51;;;
20231105:0510;7.5;280.65;;;
20231105:0610;7.48;280.63;;;
20231105:0710;8.08;281.23;;;
20231105:0810;8.25;281.4;;;
20231105:0910;9.35;282.5;;;
20231105:1010;10.79;283.94;;;
20231105:1110;12.25;285.4;;;
20231105:1210;13.42;286.57;;;
20231105:1310;14.45;287.6;;;
20231105:1410;14.71;287.86;;;
20231105:1510;13.63;286.78;;;
20231105:1610;11.66;284.81;;;
20231105:1710;10.41;283.56;;;
20231105:1810;9.52;282.67;;;
20231105:1910;7.83;280.98;;;
20231105:2010;8.49;281.64;;;
20231105:2110;9.69;282.84;;;
20231105:2210;10.4;283.55;;;
20231105:2310;10.52;283.67;;;
20231106:0010;10.47;283.62;;;
20231106:0110;10.16;283.31;;;
20231106:0210;9.83;282.98;;;
20231106:0310;9.5;282.65;;;
20231106:0410;9.1;282.25;;;
20231106:0510;8.61;281.76;;;
20231106:0610;8.01;281.16;;;
20231106:0710;8.51;281.66;;;
20231106:0810;10.9;284.05;;;
20231106:0910;13.31;286.46;;;
20231106:1010;14.62;287.77;;;
20231106:1110;15.21;288.36;;;
20231106:1210;15.33;288.48;;;
20231106:1310;15.3;288.45;;;
20231106:1410;14.85;288;;;
20231106:1510;13.51;286.66;;;
20231106:1610;10.92;284.07;;;
20231106:1710;9.57;282.72;;;
20231106:1810;8.63;281.78;;;
20231106:1910;8.45;281.6;;;
20231106:2010;8.72;281.87;;;
20231106:2110;8.11;281.26;;;
20231106:2210;6.62;279.77;;;
20231106:2310;5.36;278.51;;;
20231107:0010;4.78;277.93;;;
20231107:0110;4.36;277.51;;;
20231107:0210;4.05;277.2;;;
20231107:0310;4.05;277.2;;;
20231107:0410;3.91;277.06;;;
20231107:0510;4.1;277.25;;;
20231107:0610;4.23;277.38;;;
20231107:0710;6.44;279.59;;;
20231107:0810;9.48;282.63;;;
20231107:0910;11.46;284.61;;;
20231107:1010;12.31;285.46;;;
20231107:1110;12.88;286.03;;;
20231107:1210;13.22;286.37;;;
20231107:1310;13.09;286.24;;;
20231107:1410;12.46;285.61;;;
20231107:1510;11.47;284.62;;;
20231107:1610;10.48;283.63;;;
20231107:1710;9.23;282.38;;;
20231107:1810;8.12;281.27;;;
20231107:1910;8.85;282;;;
20231107:2010;7.78;280.93;;;
20231107:2110;7.32;280.47;;;
20231107:2210;7.41;280.56;;;
20231107:2310;7.45;280.6;;;
20231108:0010;7.28;280.43;;;
20231108:0110;7.17;280.32;;;
20231108:0210;7.06;280.21;;;
20231108:0310;6.88;280.03;;;
20231108:0410;6.65;279.8;;;
20231108:0510;6.43;279.58;;;
20231108:0610;6.11;279.26;;;
20231108:0710;6.71;279.86;;;
20231108:0810;7.84;280.99;;;
20231108:0910;9.03;282.18;;;
20231108:1010;10.07;283.22;;;
20231108:1110;10.82;283.97;;;
20231108:1210;11.23;284.38;;;
20231108:1310;11.44;284.59;;;
20231108:1410;11.19;284.34;;;
20231108:1510;10.32;283.47;;;
20231108:1610;8.8;281.95;;;
20231108:1710;7.17;280.32;;;
20231108:1810;5.5;278.65;;;
20231108:1910;4.25;277.4;;;
20231108:2010;3.42;276.57;;;
20231108:2110;2.83;275.98;;;
20231108:2210;2.45;275.6;;;
20231108:2310;2.21;275.36;;;
20231109:0010;2.13;275.28;;;
20231109:0110;2.05;275.2;;;
20231109:0210;1.81;274.96;;;
20231109:0310;1.1;274.25;;;
20231109:0410;0.61;273.76;;;
20231109:0510;0.27;273.42;;;
20231109:0610;0.07;273.22;;;
20231109:0710;1.01;274.16;;;
20231109:0810;5.03;278.18;;;
20231109:0910;7.44;280.59;;;
20231109:1010;9.21;282.36;;;
20231109:1110;10.49;283.64;;;
20231109:1210;11.31;284.46;;;
20231109:1310;11.71;284.86;;;
20231109:1410;11.42;284.57;;;
20231109:1510;10.26;283.41;;;
20231109:1610;8.61;281.76;;;
20231109:1710;7.35;280.5;;;
20231109:1810;6.23;279.38;;;
20231109:1910;5.08;278.23;;;
20231109:2010;3.99;277.14;;;
20231109:2110;3.31;276.46;;;
20231109:2210;2.82;275.97;;;
20231109:2310;2.81;275.96;;;
20231110:0010;3.26;276.41;;;
20231110:0110;3.39;276.54;;;
20231110:0210;3.54;276.69;;;
20231110:0310;3.96;277.11;;;
20231110:0410;4.07;277.22;;;
20231110:0510;4.13;277.28;;;
20231110:0610;4.2;277.35;;;
20231110:0710;5.25;278.4;;;
20231110:0810;6.62;279.77;;;
20231110:0910;7.68;280.83;;;
20231110:1010;9.38;282.53;;;
20231110:1110;10.57;283.72;;;
20231110:1210;11.03;284.18;;;
20231110:1310;11.07;284.22;;;
20231110:1410;10.87;284.02;;;
20231110:1510;10.13;283.28;;;
20231110:1610;9.06;282.21;;;
20231110:1710;7.89;281.04;;;
20231110:1810;7.33;280.48;;;
20231110:1910;7.37;280.52;;;
20231110:2010;7.15;280.3;;;
20231110:2110;6.86;280.01;;;
20231110:2210;6.62;279.77;;;
20231110:2310;6.6;279.75;;;
20231111:0010;6.41;279.56;;;
20231111:0110;6.35;279.5;;;
20231111:0210;6.08;279.23;;;
20231111:0310;5.98;279.13;;;
20231111:0410;5.45;278.6;;;
20231111:0510;5.23;278.38;;;
20231111:0610;5.12;278.27;;;
20231111:0710;5.89;279.04;;;
20231111:0810;6.7;279.85;;;
20231111:0910;7.75;280.9;;;
20231111:1010;8.56;281.71;;;
20231111:1110;8.92;282.07;;;
20231111:1210;8.52;281.67;;;
20231111:1310;8.01;281.16;;;
20231111:1410;7.98;281.13;;;
20231111:1510;7.66;280.81;;;
20231111:1610;7.13;280.28;;;
20231111:1710;6.56;279.71;;;
20231111:1810;6.09;279.24;;;
20231111:1910;6.08;279.23;;;
20231111:2010;5.63;278.78;;;
20231111:2110;5.29;278.44;;;
20231111:2210;4.96;278.11;;;
20231111:2310;4.6;277.75;;;
20231112:0010;4.27;277.42;;;
20231112:0110;4.02;277.17;;;
20231112:0210;3.8;276.95;;;
20231112:0310;3.59;276.74;;;
20231112:0410;3.38;276.53;;;
20231112:0510;3.09;276.24;;;
20231112:0610;2.57;275.72;;;
20231112:0710;3.31;276.46;;;
20231112:0810;5.32;278.47;;;
20231112:0910;7.08;280.23;;;
20231112:1010;8.38;281.53;;;
20231112:1110;9.3;282.45;;;
20231112:1210;9.75;282.9;;;
20231112:1310;9.91;283.06;;;
20231112:1410;9.67;282.82;;;
20231112:1510;8.4;281.55;;;
20231112:1610;6.75;279.9;;;
20231112:1710;5.23;278.38;;;
20231112:1810;4.06;277.21;;;
20231112:1910;3.12;276.27;;;
20231112:2010;2.65;275.8;;;
20231112:2110;2.37;275.52;;;
20231112:2210;2.14;275.29;;;
20231112:2310;1.49;274.64;;;
20231113:0010;1.67;274.82;;;
20231113:0110;1.93;275.08;;;
20231113:0210;2.26;275.41;;;
20231113:0310;3.21;276.36;;;
20231113:0410;3.79;276.94;;;
20231113:0510;4.16;277.31;;;
20231113:0610;4.12;277.27;;;
20231113:0710;2.94;276.09;;;
20231113:0810;5.18;278.33;;;
20231113:0910;6.67;279.82;;;
20231113:1010;6.58;279.73;;;
20231113:1110;6.57;279.72;;;
20231113:1210;6.82;279.97;;;
20231113:1310;7.5;280.65;;;
20231113:1410;8.05;281.2;;;
20231113:1510;7.98;281.13;;;
20231113:1610;7.59;280.74;;;
20231113:1710;7.56;280.71;;;
20231113:1810;7.47;280.62;;;
20231113:1910;7.84;280.99;;;
20231113:2010;8.24;281.39;;;
20231113:2110;8.58;281.73;;;
20231113:2210;8.81;281.96;;;
20231113:2310;9.16;282.31;;;
20231114:0010;9.46;282.61;;;
20231114:0110;9.81;282.96;;;
20231114:0210;10.56;283.71;;;
20231114:0310;11.48;284.63;;;
20231114:0410;12;285.15;;;
20231114:0510;12.06;285.21;;;
20231114:0610;12.22;285.37;;;
20231114:0710;11.76;284.91;;;
20231114:0810;12.13;285.28;;;
20231114:0910;12.08;285.23;;;
20231114:1010;12.92;286.07;;;
20231114:1110;13.85;287;;;
20231114:1210;14.28;287.43;;;
20231114:1310;14.47;287.62;;;
20231114:1410;14.31;287.46;;;
20231114:1510;13.67;286.82;;;
20231114:1610;13.32;286.47;;;
20231114:1710;12.82;285.97;;;
20231114:1810;12.25;285.4;;;
20231114:1910;11.21;284.36;;;
20231114:2010;10.55;283.7;;;
20231114:2110;9.55;282.7;;;
20231114:2210;9.17;282.32;;;
20231114:2310;8.91;282.06;;;
20231115:0010;8.51;281.66;;;
20231115:0110;7.76;280.91;;;
20231115:0210;8.86;282.01;;;
20231115:0310;9.64;282.79;;;
20231115:0410;9.76;282.91;;;
20231115:0510;9.56;282.71;;;
20231115:0610;9.4;282.55;;;
20231115:0710;9.95;283.1;;;
20231115:0810;10.34;283.49;;;
20231115:0910;10.8;283.95;;;
20231115:1010;11.17;284.32;;;
20231115:1110;11.46;284.61;;;
20231115:1210;11.63;284.78;;;
20231115:1310;11.52;284.67;;;
20231115:1410;11.01;284.16;;;
20231115:1510;10.3;283.45;;;
20231115:1610;9.64;282.79;;;
20231115:1710;9.15;282.3;;;
20231115:1810;8.8;281.95;;;
20231115:1910;9.17;282.32;;;
20231115:2010;8.93;282.08;;;
20231115:2110;8.84;281.99;;;
20231115:2210;8.67;281.82;;;
20231115:2310;8.51;281.66;;;
20231116:0010;8.24;281.39;;;
20231116:0110;7.91;281.06;;;
20231116:0210;7.77;280.92;;;
20231116:0310;7.6;280.75;;;
20231116:0410;7.37;280.52;;;
20231116:0510;7.06;280.21;;;
20231116:0610;6.95;280.1;;;
20231116:0710;6.79;279.94;;;
20231116:0810;8.25;281.4;;;
20231116:0910;9.89;283.04;;;
20231116:1010;10.96;284.11;;;
20231116:1110;11.74;284.89;;;
20231116:1210;12.1;285.25;;;
20231116:1310;12.23;285.38;;;
20231116:1410;11.63;284.78;;;
20231116:1510;10.42;283.57;;;
20231116:1610;9.76;282.91;;;
20231116:1710;9.4;282.55;;;
20231116:1810;9.01;282.16;;;
20231116:1910;9.03;282.18;;;
20231116:2010;8.58;281.73;;;
20231116:2110;7.55;280.7;;;
20231116:2210;6.3;279.45;;;
20231116:2310;5.76;278.91;;;
20231117:0010;6.11;279.26;;;
20231117:0110;6.53;279.68;;;
20231117:0210;6.83;279.98;;;
20231117:0310;6.55;279.7;;;
20231117:0410;6.39;279.54;;;
20231117:0510;6.42;279.57;;;
20231117:0610;6.34;279.49;;;
20231117:0710;6.22;279.37;;;
20231117:0810;6.12;279.27;;;
20231117:0910;5.92;279.07;;;
20231117:1010;5.9;279.05;;;
20231117:1110;6.11;279.26;;;
20231117:1210;6.39;279.54;;;
20231117:1310;6.6;279.75;;;
20231117:1410;6.52;279.67;;;
20231117:1510;6.15;279.3;;;
20231117:1610;5.73;278.88;;;
20231117:1710;5.43;278.58;;;
20231117:1810;4.98;278.13;;;
20231117:1910;4.94;278.09;;;
20231117:2010;4.73;277.88;;;
20231117:2110;4.38;277.53;;;
20231117:2210;4.22;277.37;;;
20231117:2310;3.94;277.09;;;
20231118:0010;3.6;276.75;;;
20231118:0110;3.5;276.65;;;
20231118:0210;3.32;276.47;;;
20231118:0310;3.22;276.37;;;
20231118:0410;3.15;276.3;;;
20231118:0510;3.11;276.26;;;
20231118:0610;3.06;276.21;;;
20231118:0710;3.73;276.88;;;
20231118:0810;4.4;277.55;;;
20231118:0910;5.17;278.32;;;
20231118:1010;5.88;279.03;;;
20231118:1110;6.16;279.31;;;
20231118:1210;6.48;279.63;;;
20231118:1310;6.49;279.64;;;
20231118:1410;6.2;279.35;;;
20231118:1510;5.67;278.82;;;
20231118:1610;4.98;278.13;;;
20231118:1710;4.36;277.51;;;
20231118:1810;3.38;276.53;;;
20231118:1910;2.3;275.45;;;
20231118:2010;1.04;274.19;;;
20231118:2110;0.71;273.86;;;
20231118:2210;0.8;273.95;;;
20231118:2310;1.67;274.82;;;
20231119:0010;1.27;274.42;;;
20231119:0110;1.79;274.94;;;
20231119:0210;2.39;275.54;;;
20231119:0310;2.61;275.76;;;
20231119:0410;2.68;275.83;;;
20231119:0510;2.57;275.72;;;
20231119:0610;2.74;275.89;;;
20231119:0710;2.75;275.9;;;
20231119:0810;3.28;276.43;;;
20231119:0910;4.03;277.18;;;
20231119:1010;4.97;278.12;;;
20231119:1110;6.22;279.37;;;
20231119:1210;7.46;280.61;;;
20231119:1310;8.46;281.61;;;
20231119:1410;9.73;282.88;;;
20231119:1510;9.95;283.1;;;
20231119:1610;9.82;282.97;;;
20231119:1710;9.64;282.79;;;
20231119:1810;9.61;282.76;;;
20231119:1910;7.67;280.82;;;
20231119:2010;8.13;281.28;;;
20231119:2110;8.92;282.07;;;
20231119:2210;9.23;282.38;;;
20231119:2310;9.37;282.52;;;
20231120:0010;9.05;282.2;;;
20231120:0110;8.98;282.13;;;
20231120:0210;8.91;282.06;;;
20231120:0310;8.72;281.87;;;
20231120:0410;8.58;281.73;;;
20231120:0510;8.89;282.04;;;
20231120:0610;8.67;281.82;;;
20231120:0710;8.6;281.75;;;
20231120:0810;9.7;282.85;;;
20231120:0910;11.06;284.21;;;
20231120:1010;11.81;284.96;;;
20231120:1110;12.18;285.33;;;
20231120:1210;12.4;285.55;;;
20231120:1310;12.35;285.5;;;
20231120:1410;11.87;285.02;;;
20231120:1510;11.08;284.23;;;
20231120:1610;10.09;283.24;;;
20231120:1710;9.65;282.8;;;
20231120:1810;9.13;282.28;;;
20231120:1910;9.06;282.21;;;
20231120:2010;8.59;281.74;;;
20231120:2110;8.31;281.46;;;
20231120:2210;7.87;281.02;;;
20231120:2310;7.64;280.79;;;
20231121:0010;7.28;280.43;;;
20231121:0110;6.79;279.94;;;
20231121:0210;6.24;279.39;;;
20231121:0310;5.66;278.81;;;
20231121:0410;5.45;278.6;;;
20231121:0510;5.39;278.54;;;
20231121:0610;4.97;278.12;;;
20231121:0710;6.02;279.17;;;
20231121:0810;7.27;280.42;;;
20231121:0910;8.41;281.56;;;
20231121:1010;8.8;281.95;;;
20231121:1110;9.52;282.67;;;
20231121:1210;9.85;283;;;
20231121:1310;9.79;282.94;;;
20231121:1410;9.43;282.58;;;
20231121:1510;8.5;281.65;;;
20231121:1610;7.62;280.77;;;
20231121:1710;6.88;280.03;;;
20231121:1810;6.82;279.97;;;
20231121:1910;5.76;278.91;;;
20231121:2010;5.09;278.24;;;
20231121:2110;5.17;278.32;;;
20231121:2210;5.06;278.21;;;
20231121:2310;5.23;278.38;;;
20231122:0010;5.22;278.37;;;
20231122:0110;5.64;278.79;;;
20231122:0210;5.71;278.86;;;
20231122:0310;5.51;278.66;;;
20231122:0410;5.02;278.17;;;
20231122:0510;4.21;277.36;;;
20231122:0610;3.41;276.56;;;
20231122:0710;2.65;275.8;;;
20231122:0810;2.46;275.61;;;
20231122:0910;2.45;275.6;;;
20231122:1010;2.75;275.9;;;
20231122:1110;2.92;276.07;;;
20231122:1210;2.97;276.12;;;
20231122:1310;3.18;276.33;;;
20231122:1410;2.97;276.12;;;
20231122:1510;2.59;275.74;;;
20231122:1610;2.21;275.36;;;
20231122:1710;2.1;275.25;;;
20231122:1810;1.79;274.94;;;
20231122:1910;1.62;274.77;;;
20231122:2010;1.53;274.68;;;
20231122:2110;1.52;274.67;;;
20231122:2210;1.38;274.53;;;
20231122:2310;1.09;274.24;;;
20231123:0010;0.67;273.82;;;
20231123:0110;1.08;274.23;;;
20231123:0210;0.87;274.02;;;
20231123:0310;0.24;273.39;;;
20231123:0410;0.15;273.3;;;
20231123:0510;0.43;273.58;;;
20231123:0610;1.31;274.46;;;
20231123:0710;2.44;275.59;;;
20231123:0810;3.78;276.93;;;
20231123:0910;5.36;278.51;;;
20231123:1010;6.52;279.67;;;
20231123:1110;7.08;280.23;;;
20231123:1210;7.69;280.84;;;
20231123:1310;7.91;281.06;;;
20231123:1410;7.65;280.8;;;
20231123:1510;6.99;280.14;;;
20231123:1610;6.07;279.22;;;
20231123:1710;5.58;278.73;;;
20231123:1810;5.28;278.43;;;
20231123:1910;5.01;278.16;;;
20231123:2010;5.41;278.56;;;
20231123:2110;5.75;278.9;;;
20231123:2210;6.01;279.16;;;
20231123:2310;6.42;279.57;;;
20231124:0010;6.85;280;;;
20231124:0110;6.91;280.06;;;
20231124:0210;6.98;280.13;;;
20231124:0310;7.24;280.39;;;
20231124:0410;7.4;280.55;;;
20231124:0510;7.44;280.59;;;
20231124:0610;7.62;280.77;;;
20231124:0710;6.56;279.71;;;
20231124:0810;6.33;279.48;;;
20231124:0910;5.98;279.13;;;
20231124:1010;5.84;278.99;;;
20231124:1110;5.79;278.94;;;
20231124:1210;6.01;279.16;;;
20231124:1310;5.81;278.96;;;
20231124:1410;5.38;278.53;;;
20231124:1510;4.7;277.85;;;
20231124:1610;4.28;277.43;;;
20231124:1710;3.73;276.88;;;
20231124:1810;3.1;276.25;;;
20231124:1910;2.97;276.12;;;
20231124:2010;2.65;275.8;;;
20231124:2110;2.35;275.5;;;
20231124:2210;2.01;275.16;;;
20231124:2310;1.86;275.01;;;
20231125:0010;1.57;274.72;;;
20231125:0110;1.27;274.42;;;
20231125:0210;1.09;274.24;;;
20231125:0310;0.92;274.07;;;
20231125:0410;0.85;274;;;
20231125:0510;0.72;273.87;;;
20231125:0610;0.71;273.86;;;
20231125:0710;0.9;274.05;;;
20231125:0810;0.98;274.13;;;
20231125:0910;1.47;274.62;;;
20231125:1010;2.01;275.16;;;
20231125:1110;2.41;275.56;;;
20231125:1210;2.77;275.92;;;
20231125:1310;2.22;275.37;;;
20231125:1410;1.88;275.03;;;
20231125:1510;1.66;274.81;;;
20231125:1610;1.42;274.57;;;
20231125:1710;1;274.15;;;
20231125:1810;0.44;273.59;;;
20231125:1910;0.38;273.53;;;
20231125:2010;0.19;273.34;;;
20231125:2110;0.43;273.58;;;
20231125:2210;0.53;273.68;;;
20231125:2310;0.28;273.43;;;
20231126:0010;0.48;273.63;;;
20231126:0110;0.17;273.32;;;
20231126:0210;0.06;273.21;;;
20231126:0310;-0.12;273.03;;;
20231126:0410;-0.28;272.87;;;
20231126:0510;-0.37;272.78;;;
20231126:0610;-0.89;272.26;;;
20231126:0710;-0.66;272.49;;;
20231126:0810;-0.34;272.81;;;
20231126:0910;0.34;273.49;;;
20231126:1010;1.13;274.28;;;
20231126:1110;1.6;274.75;;;
20231126:1210;2.25;275.4;;;
20231126:1310;2.25;275.4;;;
20231126:1410;2.12;275.27;;;
20231126:1510;1.56;274.71;;;
20231126:1610;0.81;273.96;;;
20231126:1710;0.55;273.7;;;
20231126:1810;0.34;273.49;;;
20231126:1910;0.18;273.33;;;
20231126:2010;-0.01;273.14;;;
20231126:2110;-0.26;272.89;;;
20231126:2210;-0.12;273.03;;;
20231126:2310;0.86;274.01;;;
20231127:0010;1.12;274.27;;;
20231127:0110;1.35;274.5;;;
20231127:0210;1.38;274.53;;;
20231127:0310;1.49;274.64;;;
20231127:0410;1.7;274.85;;;
20231127:0510;1.99;275.14;;;
20231127:0610;1.99;275.14;;;
20231127:0710;2.35;275.5;;;
20231127:0810;2.86;276.01;;;
20231127:0910;3.84;276.99;;;
20231127:1010;4.85;278;;;
20231127:1110;5.5;278.65;;;
20231127:1210;6;279.15;;;
20231127:1310;5.99;279.14;;;
20231127:1410;5.76;278.91;;;
20231127:1510;4.3;277.45;;;
20231127:1610;2.72;275.87;;;
20231127:1710;2.32;275.47;;;
20231127:1810;2.04;275.19;;;
20231127:1910;2.04;275.19;;;
20231127:2010;2;275.15;;;
20231127:2110;1.82;274.97;;;
20231127:2210;1.65;274.8;;;
20231127:2310;1.58;274.73;;;
20231128:0010;1.52;274.67;;;
20231128:0110;1.55;274.7;;;
20231128:0210;1.38;274.53;;;
20231128:0310;1.44;274.59;;;
20231128:0410;1.31;274.46;;;
20231128:0510;1.25;274.4;;;
20231128:0610;1.29;274.44;;;
20231128:0710;1.72;274.87;;;
20231128:0810;2.66;275.81;;;
20231128:0910;3.55;276.7;;;
20231128:1010;4.3;277.45;;;
20231128:1110;5.16;278.31;;;
20231128:1210;5.44;278.59;;;
20231128:1310;5.22;278.37;;;
20231128:1410;4.97;278.12;;;
20231128:1510;4.15;277.3;;;
20231128:1610;3.6;276.75;;;
20231128:1710;3.22;276.37;;;
20231128:1810;2.65;275.8;;;
20231128:1910;1.68;274.83;;;
20231128:2010;0.97;274.12;;;
20231128:2110;0.2;273.35;;;
20231128:2210;-0.16;272.99;;;
20231128:2310;-0.57;272.58;;;
20231129:0010;-0.86;272.29;;;
20231129:0110;-1.08;272.07;;;
20231129:0210;-1.43;271.72;;;
20231129:0310;-1.92;271.23;;;
20231129:0410;-2.3;270.85;;;
20231129:0510;-2.58;270.57;;;
20231129:0610;-2.8;270.35;;;
20231129:0710;-2.66;270.49;;;
20231129:0810;-1.42;271.73;;;
20231129:0910;-0.55;272.6;;;
20231129:1010;0.64;273.79;;;
20231129:1110;1.69;274.84;;;
20231129:1210;2.51;275.66;;;
20231129:1310;2.72;275.87;;;
20231129:1410;2.67;275.82;;;
20231129:1510;1.79;274.94;;;
20231129:1610;-0.27;272.88;;;
20231129:1710;-1.67;271.48;;;
20231129:1810;-2.39;270.76;;;
20231129:1910;-2.41;270.74;;;
20231129:2010;-2.1;271.05;;;
20231129:2110;-1.67;271.48;;;
20231129:2210;-1.12;272.03;;;
20231129:2310;-1.28;271.87;;;
20231130:0010;-1.36;271.79;;;
20231130:0110;-1.85;271.3;;;
20231130:0210;-2.34;270.81;;;
20231130:0310;-2.84;270.31;;;
20231130:0410;-2.58;270.57;;;
20231130:0510;-2.58;270.57;;;
20231130:0610;-2.36;270.79;;;
20231130:0710;-2.02;271.13;;;
20231130:0810;-0.78;272.37;;;
20231130:0910;0.17;273.32;;;
20231130:1010;1.04;274.19;;;
20231130:1110;1.54;274.69;;;
20231130:1210;1.7;274.85;;;
20231130:1310;1.86;275.01;;;
20231130:1410;1.75;274.9;;;
20231130:1510;1.23;274.38;;;
20231130:1610;0.91;274.06;;;
20231130:1710;0.63;273.78;;;
20231130:1810;0.31;273.46;;;
20231130:1910;0.13;273.28;;;
20231130:2010;0.13;273.28;;;
20231130:2110;0.04;273.19;;;
20231130:2210;0.04;273.19;;;
20231130:2310;0.04;273.19;;;
20231201:0010;-0.27;272.88;;;
20231201:0110;-0.25;272.9;;;
20231201:0210;-0.2;272.95;;;
20231201:0310;-0.07;273.08;;;
20231201:0410;-0.02;273.13;;;
20231201:0510;0;273.15;;;
20231201:0610;0;273.15;;;
20231201:0710;-0.16;272.99;;;
20231201:0810;-0.02;273.13;;;
20231201:0910;0.56;273.71;;;
20231201:1010;0.73;273.88;;;
20231201:1110;0.94;274.09;;;
20231201:1210;0.66;273.81;;;
20231201:1310;1;274.15;;;
20231201:1410;0.76;273.91;;;
20231201:1510;0.54;273.69;;;
20231201:1610;0.27;273.42;;;
20231201:1710;0.21;273.36;;;
20231201:1810;0.19;273.34;;;
20231201:1910;0.07;273.22;;;
20231201:2010;0.03;273.18;;;
20231201:2110;0.02;273.17;;;
20231201:2210;0;273.15;;;
20231201:2310;-0.05;273.1;;;
20231202:0010;-0.11;273.04;;;
20231202:0110;-0.25;272.9;;;
20231202:0210;-0.4;272.75;;;
20231202:0310;-0.62;272.53;;;
20231202:0410;-0.73;272.42;;;
20231202:0510;-0.8;272.35;;;
20231202:0610;-0.87;272.28;;;
20231202:0710;-1.05;272.1;;;
20231202:0810;-1.08;272.07;;;
20231202:0910;-0.97;272.18;;;
20231202:1010;-0.98;272.17;;;
20231202:1110;-1.12;272.03;;;
20231202:1210;-1.23;271.92;;;
20231202:1310;-1.31;271.84;;;
20231202:1410;-1.36;271.79;;;
20231202:1510;-1.58;271.57;;;
20231202:1610;-1.75;271.4;;;
20231202:1710;-1.83;271.32;;;
20231202:1810;-1.91;271.24;;;
20231202:1910;-2.35;270.8;;;
20231202:2010;-2.32;270.83;;;
20231202:2110;-2.58;270.57;;;
20231202:2210;-2.78;270.37;;;
20231202:2310;-2.86;270.29;;;
20231203:0010;-3.07;270.08;;;
20231203:0110;-3.57;269.58;;;
20231203:0210;-4.06;269.09;;;
20231203:0310;-4.44;268.71;;;
20231203:0410;-4.79;268.36;;;
20231203:0510;-4.99;268.16;;;
20231203:0610;-5.12;268.03;;;
20231203:0710;-4.74;268.41;;;
20231203:0810;-4.47;268.68;;;
20231203:0910;-3.98;269.17;;;
20231203:1010;-3.42;269.73;;;
20231203:1110;-3.05;270.1;;;
20231203:1210;-2.93;270.22;;;
20231203:1310;-2.96;270.19;;;
20231203:1410;-3.35;269.8;;;
20231203:1510;-4.16;268.99;;;
20231203:1610;-5.02;268.13;;;
20231203:1710;-5.94;267.21;;;
20231203:1810;-7.02;266.13;;;
20231203:1910;-7.37;265.78;;;
20231203:2010;-7.37;265.78;;;
20231203:2110;-6.91;266.24;;;
20231203:2210;-6.08;267.07;;;
20231203:2310;-5.83;267.32;;;
20231204:0010;-6.03;267.12;;;
20231204:0110;-6.56;266.59;;;
20231204:0210;-7.13;266.02;;;
20231204:0310;-7.31;265.84;;;
20231204:0410;-7.44;265.71;;;
20231204:0510;-7.93;265.22;;;
20231204:0610;-8.82;264.33;;;
20231204:0710;-11.42;261.73;;;
20231204:0810;-11.44;261.71;;;
20231204:0910;-10.29;262.86;;;
20231204:1010;-6.21;266.94;;;
20231204:1110;-2.56;270.59;;;
20231204:1210;-1.08;272.07;;;
20231204:1310;-0.75;272.4;;;
20231204:1410;-0.89;272.26;;;
20231204:1510;-1.42;271.73;;;
20231204:1610;-1.67;271.48;;;
20231204:1710;-1.86;271.29;;;
20231204:1810;-2.03;271.12;;;
20231204:1910;-2.13;271.02;;;
20231204:2010;-2.45;270.7;;;
20231204:2110;-2.75;270.4;;;
20231204:2210;-3.06;270.09;;;
20231204:2310;-3.28;269.87;;;
20231205:0010;-3.6;269.55;;;
20231205:0110;-3.92;269.23;;;
20231205:0210;-4.18;268.97;;;
20231205:0310;-4.3;268.85;;;
20231205:0410;-4.43;268.72;;;
20231205:0510;-4.48;268.67;;;
20231205:0610;-4.58;268.57;;;
20231205:0710;-4.02;269.13;;;
20231205:0810;-3.45;269.7;;;
20231205:0910;-2.2;270.95;;;
20231205:1010;-1.21;271.94;;;
20231205:1110;-0.45;272.7;;;
20231205:1210;0.06;273.21;;;
20231205:1310;-0.01;273.14;;;
20231205:1410;-0.62;272.53;;;
20231205:1510;-1.65;271.5;;;
20231205:1610;-1.88;271.27;;;
20231205:1710;-2.31;270.84;;;
20231205:1810;-2.86;270.29;;;
20231205:1910;-2.19;270.96;;;
20231205:2010;-2.04;271.11;;;
20231205:2110;-1.62;271.53;;;
20231205:2210;-1.25;271.9;;;
20231205:2310;-1.2;271.95;;;
20231206:0010;-1.27;271.88;;;
20231206:0110;-1.24;271.91;;;
20231206:0210;-1.17;271.98;;;
20231206:0310;-1.11;272.04;;;
20231206:0410;-1.1;272.05;;;
20231206:0510;-1.15;272;;;
20231206:0610;-1.16;271.99;;;
20231206:0710;-1.48;271.67;;;
20231206:0810;-1.06;272.09;;;
20231206:0910;-0.22;272.93;;;
20231206:1010;0.3;273.45;;;
20231206:1110;0.66;273.81;;;
20231206:1210;0.59;273.74;;;
20231206:1310;0.55;273.7;;;
20231206:1410;0.52;273.67;;;
20231206:1510;-0.27;272.88;;;
20231206:1610;-0.94;272.21;;;
20231206:1710;-1.56;271.59;;;
20231206:1810;-2.15;271;;;
20231206:1910;-1.8;271.35;;;
20231206:2010;-0.65;272.5;;;
20231206:2110;0.18;273.33;;;
20231206:2210;0.94;274.09;;;
20231206:2310;1.09;274.24;;;
20231207:0010;1.11;274.26;;;
20231207:0110;1.08;274.23;;;
20231207:0210;0.86;274.01;;;
20231207:0310;0.55;273.7;;;
20231207:0410;0.43;273.58;;;
20231207:0510;0.54;273.69;;;
20231207:0610;0.76;273.91;;;
20231207:0710;0.8;273.95;;;
20231207:0810;1.04;274.19;;;
20231207:0910;1.39;274.54;;;
20231207:1010;1.74;274.89;;;
20231207:1110;2.02;275.17;;;
20231207:1210;2.19;275.34;;;
20231207:1310;2.15;275.3;;;
20231207:1410;1.83;274.98;;;
20231207:1510;0.99;274.14;;;
20231207:1610;-0.15;273;;;
20231207:1710;-0.87;272.28;;;
20231207:1810;-2.16;270.99;;;
20231207:1910;-3.26;269.89;;;
20231207:2010;-3.87;269.28;;;
20231207:2110;-4.39;268.76;;;
20231207:2210;-4.2;268.95;;;
20231207:2310;-3.99;269.16;;;
20231208:0010;-4.6;268.55;;;
20231208:0110;-4.85;268.3;;;
20231208:0210;-4.76;268.39;;;
20231208:0310;-6.06;267.09;;;
20231208:0410;-7.4;265.75;;;
20231208:0510;-8.56;264.59;;;
20231208:0610;-8.81;264.34;;;
20231208:0710;-7.56;265.59;;;
20231208:0810;-4.62;268.53;;;
20231208:0910;-2.04;271.11;;;
20231208:1010;-0.38;272.77;;;
20231208:1110;0.81;273.96;;;
20231208:1210;1.28;274.43;;;
20231208:1310;1.22;274.37;;;
20231208:1410;1.03;274.18;;;
20231208:1510;0.54;273.69;;;
20231208:1610;0.34;273.49;;;
20231208:1710;0.07;273.22;;;
20231208:1810;-0.05;273.1;;;
20231208:1910;-0.3;272.85;;;
20231208:2010;-0.24;272.91;;;
20231208:2110;-0.32;272.83;;;
20231208:2210;-0.27;272.88;;;
20231208:2310;-0.32;272.83;;;
20231209:0010;-0.21;272.94;;;
20231209:0110;-0.27;272.88;;;
20231209:0210;-0.33;272.82;;;
20231209:0310;-0.59;272.56;;;
20231209:0410;-0.69;272.46;;;
20231209:0510;-0.62;272.53;;;
20231209:0610;-0.43;272.72;;;
20231209:0710;-0.54;272.61;;;
20231209:0810;-0.27;272.88;;;
20231209:0910;0.04;273.19;;;
20231209:1010;0.5;273.65;;;
20231209:1110;0.82;273.97;;;
20231209:1210;1.15;274.3;;;
20231209:1310;1.38;274.53;;;
20231209:1410;1.09;274.24;;;
20231209:1510;0.36;273.51;;;
20231209:1610;-0.09;273.06;;;
20231209:1710;-0.74;272.41;;;
20231209:1810;-0.81;272.34;;;
20231209:1910;-1.38;271.77;;;
20231209:2010;-1.35;271.8;;;
20231209:2110;-1.15;272;;;
20231209:2210;-1.03;272.12;;;
20231209:2310;-1;272.15;;;
20231210:0010;-0.96;272.19;;;
20231210:0110;-0.9;272.25;;;
20231210:0210;-0.73;272.42;;;
20231210:0310;-0.57;272.58;;;
20231210:0410;-0.35;272.8;;;
20231210:0510;0.28;273.43;;;
20231210:0610;0.87;274.02;;;
20231210:0710;1.5;274.65;;;
20231210:0810;2.29;275.44;;;
20231210:0910;2.49;275.64;;;
20231210:1010;3.79;276.94;;;
20231210:1110;5.36;278.51;;;
20231210:1210;5.96;279.11;;;
20231210:1310;6;279.15;;;
20231210:1410;5.69;278.84;;;
20231210:1510;5.05;278.2;;;
20231210:1610;4.51;277.66;;;
20231210:1710;4.04;277.19;;;
20231210:1810;3.4;276.55;;;
20231210:1910;2.04;275.19;;;
20231210:2010;0.66;273.81;;;
20231210:2110;-0.24;272.91;;;
20231210:2210;-1;272.15;;;
20231210:2310;-1.14;272.01;;;
20231211:0010;-1.02;272.13;;;
20231211:0110;-0.99;272.16;;;
20231211:0210;-0.83;272.32;;;
20231211:0310;1.09;274.24;;;
20231211:0410;1.53;274.68;;;
20231211:0510;1.35;274.5;;;
20231211:0610;1;274.15;;;
20231211:0710;0.86;274.01;;;
20231211:0810;1.98;275.13;;;
20231211:0910;4.03;277.18;;;
20231211:1010;6.28;279.43;;;
20231211:1110;5.88;279.03;;;
20231211:1210;5.74;278.89;;;
20231211:1310;6.61;279.76;;;
20231211:1410;7.99;281.14;;;
20231211:1510;6.46;279.61;;;
20231211:1610;4.69;277.84;;;
20231211:1710;3.04;276.19;;;
20231211:1810;2.24;275.39;;;
20231211:1910;0.88;274.03;;;
20231211:2010;0.83;273.98;;;
20231211:2110;1.91;275.06;;;
20231211:2210;4.19;277.34;;;
20231211:2310;5.63;278.78;;;
20231212:0010;5.86;279.01;;;
20231212:0110;5.48;278.63;;;
20231212:0210;5.01;278.16;;;
20231212:0310;4.47;277.62;;;
20231212:0410;3.93;277.08;;;
20231212:0510;3.31;276.46;;;
20231212:0610;3.11;276.26;;;
20231212:0710;3.17;276.32;;;
20231212:0810;3.26;276.41;;;
20231212:0910;4.75;277.9;;;
20231212:1010;6.03;279.18;;;
20231212:1110;9.36;282.51;;;
20231212:1210;9.51;282.66;;;
20231212:1310;9.35;282.5;;;
20231212:1410;8.1;281.25;;;
20231212:1510;5.79;278.94;;;
20231212:1610;4.74;277.89;;;
20231212:1710;3.69;276.84;;;
20231212:1810;3.11;276.26;;;
20231212:1910;2.48;275.63;;;
20231212:2010;2.42;275.57;;;
20231212:2110;2.83;275.98;;;
20231212:2210;2.92;276.07;;;
20231212:2310;2.99;276.14;;;
20231213:0010;3.29;276.44;;;
20231213:0110;3.81;276.96;;;
20231213:0210;3.53;276.68;;;
20231213:0310;3.72;276.87;;;
20231213:0410;4.42;277.57;;;
20231213:0510;4.49;277.64;;;
20231213:0610;4.18;277.33;;;
20231213:0710;4.88;278.03;;;
20231213:0810;5.51;278.66;;;
20231213:0910;6.39;279.54;;;
20231213:1010;7.35;280.5;;;
20231213:1110;8.38;281.53;;;
20231213:1210;8.76;281.91;;;
20231213:1310;8.59;281.74;;;
20231213:1410;8.59;281.74;;;
20231213:1510;7.89;281.04;;;
20231213:1610;7.08;280.23;;;
20231213:1710;6.73;279.88;;;
20231213:1810;6.17;279.32;;;
20231213:1910;5.38;278.53;;;
20231213:2010;5.46;278.61;;;
20231213:2110;4.84;277.99;;;
20231213:2210;4.07;277.22;;;
20231213:2310;3.75;276.9;;;
20231214:0010;3.56;276.71;;;
20231214:0110;3.07;276.22;;;
20231214:0210;3.08;276.23;;;
20231214:0310;3.32;276.47;;;
20231214:0410;3.72;276.87;;;
20231214:0510;3.84;276.99;;;
20231214:0610;3.95;277.1;;;
20231214:0710;4.08;277.23;;;
20231214:0810;4.35;277.5;;;
20231214:0910;4.95;278.1;;;
20231214:1010;5.68;278.83;;;
20231214:1110;6.11;279.26;;;
20231214:1210;6.36;279.51;;;
20231214:1310;6.4;279.55;;;
20231214:1410;6.57;279.72;;;
20231214:1510;6.28;279.43;;;
20231214:1610;5.93;279.08;;;
20231214:1710;5.61;278.76;;;
20231214:1810;5.46;278.61;;;
20231214:1910;5.64;278.79;;;
20231214:2010;5.14;278.29;;;
20231214:2110;4.99;278.14;;;
20231214:2210;4.88;278.03;;;
20231214:2310;4.89;278.04;;;
20231215:0010;4.75;277.9;;;
20231215:0110;4.68;277.83;;;
20231215:0210;4.54;277.69;;;
20231215:0310;4.39;277.54;;;
20231215:0410;4.15;277.3;;;
20231215:0510;3.84;276.99;;;
20231215:0610;3.59;276.74;;;
20231215:0710;2.93;276.08;;;
20231215:0810;2.92;276.07;;;
20231215:0910;3.04;276.19;;;
20231215:1010;3.18;276.33;;;
20231215:1110;3.36;276.51;;;
20231215:1210;3.55;276.7;;;
20231215:1310;3.6;276.75;;;
20231215:1410;3.57;276.72;;;
20231215:1510;3.21;276.36;;;
20231215:1610;2.71;275.86;;;
20231215:1710;2.06;275.21;;;
20231215:1810;2.02;275.17;;;
20231215:1910;1.27;274.42;;;
20231215:2010;0.96;274.11;;;
20231215:2110;1.01;274.16;;;
20231215:2210;1.42;274.57;;;
20231215:2310;1.76;274.91;;;
20231216:0010;2.23;275.38;;;
20231216:0110;2.48;275.63;;;
20231216:0210;2.69;275.84;;;
20231216:0310;2.79;275.94;;;
20231216:0410;2.73;275.88;;;
20231216:0510;2.5;275.65;;;
20231216:0610;2.3;275.45;;;
20231216:0710;2.4;275.55;;;
20231216:0810;3.29;276.44;;;
20231216:0910;4.16;277.31;;;
20231216:1010;5.1;278.25;;;
20231216:1110;5.59;278.74;;;
20231216:1210;5.85;279;;;
20231216:1310;5.89;279.04;;;
20231216:1410;5.88;279.03;;;
20231216:1510;4.94;278.09;;;
20231216:1610;4.17;277.32;;;
20231216:1710;3.72;276.87;;;
20231216:1810;3.21;276.36;;;
20231216:1910;3.55;276.7;;;
20231216:2010;3.18;276.33;;;
20231216:2110;2.71;275.86;;;
20231216:2210;2.7;275.85;;;
20231216:2310;2.51;275.66;;;
20231217:0010;2.41;275.56;;;
20231217:0110;2.41;275.56;;;
20231217:0210;2.22;275.37;;;
20231217:0310;2.2;275.35;;;
20231217:0410;2.37;275.52;;;
20231217:0510;2.54;275.69;;;
20231217:0610;2.48;275.63;;;
20231217:0710;2.57;275.72;;;
20231217:0810;3.63;276.78;;;
20231217:0910;5.66;278.81;;;
20231217:1010;7.43;280.58;;;
20231217:1110;8.8;281.95;;;
20231217:1210;9.63;282.78;;;
20231217:1310;9.88;283.03;;;
20231217:1410;9.1;282.25;;;
20231217:1510;7.32;280.47;;;
20231217:1610;5.48;278.63;;;
20231217:1710;4.26;277.41;;;
20231217:1810;3.26;276.41;;;
20231217:1910;3.2;276.35;;;
20231217:2010;2.87;276.02;;;
20231217:2110;2.83;275.98;;;
20231217:2210;2.41;275.56;;;
20231217:2310;1.81;274.96;;;
20231218:0010;1.27;274.42;;;
20231218:0110;0.69;273.84;;;
20231218:0210;0.25;273.4;;;
20231218:0310;0.15;273.3;;;
20231218:0410;0.46;273.61;;;
20231218:0510;0.98;274.13;;;
20231218:0610;1.57;274.72;;;
20231218:0710;1.88;275.03;;;
20231218:0810;3.52;276.67;;;
20231218:0910;6.47;279.62;;;
20231218:1010;9.48;282.63;;;
20231218:1110;11.04;284.19;;;
20231218:1210;11.7;284.85;;;
20231218:1310;11.6;284.75;;;
20231218:1410;10.62;283.77;;;
20231218:1510;8.83;281.98;;;
20231218:1610;6.99;280.14;;;
20231218:1710;5.49;278.64;;;
20231218:1810;4.31;277.46;;;
20231218:1910;3.86;277.01;;;
20231218:2010;3.43;276.58;;;
20231218:2110;3.1;276.25;;;
20231218:2210;2.87;276.02;;;
20231218:2310;2.55;275.7;;;
20231219:0010;2.02;275.17;;;
20231219:0110;1.44;274.59;;;
20231219:0210;0.94;274.09;;;
20231219:0310;0.67;273.82;;;
20231219:0410;0.74;273.89;;;
20231219:0510;0.58;273.73;;;
20231219:0610;0.13;273.28;;;
20231219:0710;0.12;273.27;;;
20231219:0810;1.4;274.55;;;
20231219:0910;4.73;277.88;;;
20231219:1010;8.23;281.38;;;
20231219:1110;9.61;282.76;;;
20231219:1210;10.01;283.16;;;
20231219:1310;9.74;282.89;;;
20231219:1410;8.6;281.75;;;
20231219:1510;6.51;279.66;;;
20231219:1610;4.32;277.47;;;
20231219:1710;2.49;275.64;;;
20231219:1810;1.18;274.33;;;
20231219:1910;0.25;273.4;;;
20231219:2010;-0.34;272.81;;;
20231219:2110;-0.52;272.63;;;
20231219:2210;-0.36;272.79;;;
20231219:2310;-1.06;272.09;;;
20231220:0010;-1.03;272.12;;;
20231220:0110;-0.66;272.49;;;
20231220:0210;-0.5;272.65;;;
20231220:0310;-0.53;272.62;;;
20231220:0410;0.03;273.18;;;
20231220:0510;1.39;274.54;;;
20231220:0610;2.65;275.8;;;
20231220:0710;4.24;277.39;;;
20231220:0810;5.38;278.53;;;
20231220:0910;5.54;278.69;;;
20231220:1010;5.4;278.55;;;
20231220:1110;5.43;278.58;;;
20231220:1210;5.48;278.63;;;
20231220:1310;5.7;278.85;;;
20231220:1410;5.54;278.69;;;
20231220:1510;4.88;278.03;;;
20231220:1610;4.34;277.49;;;
20231220:1710;4.15;277.3;;;
20231220:1810;3.87;277.02;;;
20231220:1910;4.2;277.35;;;
20231220:2010;3.97;277.12;;;
20231220:2110;3.87;277.02;;;
20231220:2210;3.8;276.95;;;
20231220:2310;3.92;277.07;;;
20231221:0010;4.07;277.22;;;
20231221:0110;4.16;277.31;;;
20231221:0210;4.08;277.23;;;
20231221:0310;4.03;277.18;;;
20231221:0410;4.09;277.24;;;
20231221:0510;4.14;277.29;;;
20231221:0610;4.44;277.59;;;
20231221:0710;4.56;277.71;;;
20231221:0810;5.08;278.23;;;
20231221:0910;6.07;279.22;;;
20231221:1010;6.97;280.12;;;
20231221:1110;7.7;280.85;;;
20231221:1210;7.88;281.03;;;
20231221:1310;7.72;280.87;;;
20231221:1410;7.41;280.56;;;
20231221:1510;6.91;280.06;;;
20231221:1610;6.36;279.51;;;
20231221:1710;6.28;279.43;;;
20231221:1810;6.37;279.52;;;
20231221:1910;7.37;280.52;;;
20231221:2010;7.99;281.14;;;
20231221:2110;8.05;281.2;;;
20231221:2210;7.76;280.91;;;
20231221:2310;7.49;280.64;;;
20231222:0010;6.56;279.71;;;
20231222:0110;6.11;279.26;;;
20231222:0210;5.32;278.47;;;
20231222:0310;5.09;278.24;;;
20231222:0410;4.57;277.72;;;
20231222:0510;4.26;277.41;;;
20231222:0610;4;277.15;;;
20231222:0710;3.04;276.19;;;
20231222:0810;2.96;276.11;;;
20231222:0910;3.44;276.59;;;
20231222:1010;4.44;277.59;;;
20231222:1110;5.1;278.25;;;
20231222:1210;5.08;278.23;;;
20231222:1310;5.57;278.72;;;
20231222:1410;5.24;278.39;;;
20231222:1510;4.31;277.46;;;
20231222:1610;4;277.15;;;
20231222:1710;4.46;277.61;;;
20231222:1810;4.02;277.17;;;
20231222:1910;3.63;276.78;;;
20231222:2010;3.87;277.02;;;
20231222:2110;4.23;277.38;;;
20231222:2210;5.29;278.44;;;
20231222:2310;5.42;278.57;;;
20231223:0010;5.31;278.46;;;
20231223:0110;5.43;278.58;;;
20231223:0210;5.4;278.55;;;
20231223:0310;5.09;278.24;;;
20231223:0410;4.76;277.91;;;
20231223:0510;4.56;277.71;;;
20231223:0610;3.87;277.02;;;
20231223:0710;3.42;276.57;;;
20231223:0810;3.07;276.22;;;
20231223:0910;2.51;275.66;;;
20231223:1010;1.88;275.03;;;
20231223:1110;1.65;274.8;;;
20231223:1210;2.81;275.96;;;
20231223:1310;5.39;278.54;;;
20231223:1410;6.15;279.3;;;
20231223:1510;6.21;279.36;;;
20231223:1610;6.27;279.42;;;
20231223:1710;6.31;279.46;;;
20231223:1810;6.24;279.39;;;
20231223:1910;6.15;279.3;;;
20231223:2010;5.94;279.09;;;
20231223:2110;6.01;279.16;;;
20231223:2210;6.25;279.4;;;
20231223:2310;6.33;279.48;;;
20231224:0010;6.32;279.47;;;
20231224:0110;6.27;279.42;;;
20231224:0210;6.37;279.52;;;
20231224:0310;6.59;279.74;;;
20231224:0410;6.74;279.89;;;
20231224:0510;6.69;279.84;;;
20231224:0610;6.76;279.91;;;
20231224:0710;7.26;280.41;;;
20231224:0810;7.61;280.76;;;
20231224:0910;8.01;281.16;;;
20231224:1010;8.66;281.81;;;
20231224:1110;8.91;282.06;;;
20231224:1210;9;282.15;;;
20231224:1310;8.91;282.06;;;
20231224:1410;8.71;281.86;;;
20231224:1510;8.87;282.02;;;
20231224:1610;9.19;282.34;;;
20231224:1710;9.52;282.67;;;
20231224:1810;9.84;282.99;;;
20231224:1910;10.32;283.47;;;
20231224:2010;10.38;283.53;;;
20231224:2110;10.55;283.7;;;
20231224:2210;10.94;284.09;;;
20231224:2310;11.31;284.46;;;
20231225:0010;11.88;285.03;;;
20231225:0110;12.15;285.3;;;
20231225:0210;12.32;285.47;;;
20231225:0310;12.16;285.31;;;
20231225:0410;12.11;285.26;;;
20231225:0510;11.85;285;;;
20231225:0610;11.94;285.09;;;
20231225:0710;12.3;285.45;;;
20231225:0810;12.55;285.7;;;
20231225:0910;12.93;286.08;;;
20231225:1010;12.96;286.11;;;
20231225:1110;12.66;285.81;;;
20231225:1210;12.52;285.67;;;
20231225:1310;12.2;285.35;;;
20231225:1410;12;285.15;;;
20231225:1510;11.8;284.95;;;
20231225:1610;11.6;284.75;;;
20231225:1710;11.6;284.75;;;
20231225:1810;11.57;284.72;;;
20231225:1910;12.12;285.27;;;
20231225:2010;11.98;285.13;;;
20231225:2110;11.7;284.85;;;
20231225:2210;11.37;284.52;;;
20231225:2310;11.09;284.24;;;
20231226:0010;10.64;283.79;;;
20231226:0110;10.15;283.3;;;
20231226:0210;9.46;282.61;;;
20231226:0310;8.51;281.66;;;
20231226:0410;7.32;280.47;;;
20231226:0510;6;279.15;;;
20231226:0610;5.09;278.24;;;
20231226:0710;5.79;278.94;;;
20231226:0810;7.76;280.91;;;
20231226:0910;9.62;282.77;;;
20231226:1010;10.3;283.45;;;
20231226:1110;10.03;283.18;;;
20231226:1210;9.63;282.78;;;
20231226:1310;9.58;282.73;;;
20231226:1410;9.59;282.74;;;
20231226:1510;9.61;282.76;;;
20231226:1610;9.5;282.65;;;
20231226:1710;9.24;282.39;;;
20231226:1810;9.05;282.2;;;
20231226:1910;9.52;282.67;;;
20231226:2010;9.4;282.55;;;
20231226:2110;9.27;282.42;;;
20231226:2210;8.77;281.92;;;
20231226:2310;8.59;281.74;;;
20231227:0010;8.25;281.4;;;
20231227:0110;7.86;281.01;;;
20231227:0210;7.6;280.75;;;
20231227:0310;7.17;280.32;;;
20231227:0410;7.04;280.19;;;
20231227:0510;6.84;279.99;;;
20231227:0610;6.74;279.89;;;
20231227:0710;6.33;279.48;;;
20231227:0810;6.71;279.86;;;
20231227:0910;7.94;281.09;;;
20231227:1010;8.82;281.97;;;
20231227:1110;9.12;282.27;;;
20231227:1210;9.6;282.75;;;
20231227:1310;9.35;282.5;;;
20231227:1410;8.81;281.96;;;
20231227:1510;7.5;280.65;;;
20231227:1610;6.36;279.51;;;
20231227:1710;5.54;278.69;;;
20231227:1810;4.92;278.07;;;
20231227:1910;4.46;277.61;;;
20231227:2010;3.69;276.84;;;
20231227:2110;2.9;276.05;;;
20231227:2210;2.46;275.61;;;
20231227:2310;2.26;275.41;;;
20231228:0010;3.08;276.23;;;
20231228:0110;3.03;276.18;;;
20231228:0210;2.67;275.82;;;
20231228:0310;2.45;275.6;;;
20231228:0410;1.78;274.93;;;
20231228:0510;1.48;274.63;;;
20231228:0610;1.55;274.7;;;
20231228:0710;1.6;274.75;;;
20231228:0810;2.5;275.65;;;
20231228:0910;4.64;277.79;;;
20231228:1010;6.86;280.01;;;
20231228:1110;8.58;281.73;;;
20231228:1210;9.55;282.7;;;
20231228:1310;9.84;282.99;;;
20231228:1410;9.2;282.35;;;
20231228:1510;7.56;280.71;;;
20231228:1610;5.83;278.98;;;
20231228:1710;4.56;277.71;;;
20231228:1810;4.01;277.16;;;
20231228:1910;2.23;275.38;;;
20231228:2010;1.89;275.04;;;
20231228:2110;2.03;275.18;;;
20231228:2210;2.24;275.39;;;
20231228:2310;3.08;276.23;;;
20231229:0010;3.18;276.33;;;
20231229:0110;3.38;276.53;;;
20231229:0210;3.72;276.87;;;
20231229:0310;3.95;277.1;;;
20231229:0410;4.34;277.49;;;
20231229:0510;4.48;277.63;;;
20231229:0610;4.14;277.29;;;
20231229:0710;4.14;277.29;;;
20231229:0810;4.54;277.69;;;
20231229:0910;6.55;279.7;;;
20231229:1010;8.84;281.99;;;
20231229:1110;10.35;283.5;;;
20231229:1210;11.4;284.55;;;
20231229:1310;11.65;284.8;;;
20231229:1410;11.16;284.31;;;
20231229:1510;10.13;283.28;;;
20231229:1610;8.17;281.32;;;
20231229:1710;6.4;279.55;;;
20231229:1810;4.74;277.89;;;
20231229:1910;4.25;277.4;;;
20231229:2010;4.07;277.22;;;
20231229:2110;3.79;276.94;;;
20231229:2210;3.44;276.59;;;
20231229:2310;3.54;276.69;;;
20231230:0010;3.18;276.33;;;
20231230:0110;2.82;275.97;;;
20231230:0210;2.81;275.96;;;
20231230:0310;2.88;276.03;;;
20231230:0410;3.34;276.49;;;
20231230:0510;4.08;277.23;;;
20231230:0610;5.01;278.16;;;
20231230:0710;5.94;279.09;;;
20231230:0810;6.91;280.06;;;
20231230:0910;8.51;281.66;;;
20231230:1010;9.98;283.13;;;
20231230:1110;10.91;284.06;;;
20231230:1210;11.39;284.54;;;
20231230:1310;11.23;284.38;;;
20231230:1410;10.65;283.8;;;
20231230:1510;9.52;282.67;;;
20231230:1610;7.91;281.06;;;
20231230:1710;6.2;279.35;;;
20231230:1810;4.51;277.66;;;
20231230:1910;3.56;276.71;;;
20231230:2010;2.66;275.81;;;
20231230:2110;1.81;274.96;;;
20231230:2210;1.57;274.72;;;
20231230:2310;2.25;275.4;;;
20231231:0010;3.05;276.2;;;
20231231:0110;2.33;275.48;;;
20231231:0210;1.38;274.53;;;
20231231:0310;0.57;273.72;;;
20231231:0410;-0.48;272.67;;;
20231231:0510;-1.05;272.1;;;
20231231:0610;-1.31;271.84;;;
20231231:0710;-0.71;272.44;;;
20231231:0810;0.89;274.04;;;
20231231:0910;2.73;275.88;;;
20231231:1010;4.17;277.32;;;
20231231:1110;5.04;278.19;;;
20231231:1210;5.97;279.12;;;
20231231:1310;6.33;279.48;;;
20231231:1410;6.15;279.3;;;
20231231:1510;4.92;278.07;;;
20231231:1610;3.7;276.85;;;
20231231:1710;2.64;275.79;;;
20231231:1810;1.61;274.76;;;
20231231:1910;2.24;275.39;;;
20231231:2010;1.36;274.51;;;
20231231:2110;0.02;273.17;;;
20231231:2210;0.09;273.24;;;
20231231:2310;0.93;274.08;;;
