timestamp_local,outdoor_temperature_c,heat_truth_mw,heat_pred_mw,cool_truth_mw,cool_pred_mw
2023-01-01 00:00:00,2.2,2161.0113598256194,2227.0230606286677,2.8613972072701414e-13,0.0
2023-01-01 01:00:00,1.6,2258.9328781311624,2306.811180462811,2.0400491980264198e-13,0.0
2023-01-01 02:00:00,1.4,2264.98215534291,2336.71230579074,2.4191010019862784e-13,0.0
2023-01-01 03:00:00,0.7,2353.9614509267703,2425.238964779417,2.6186349918722473e-13,0.0
2023-01-01 04:00:00,1.9,2274.965846609392,2285.38017456149,6.896811123284592e-14,0.0
2023-01-01 05:00:00,3.5,2008.6211990257125,2095.0340888269793,6.729494815450804e-14,0.0
2023-01-01 06:00:00,1.1,2112.3462116632695,2276.004568183667,9.597311800540283e-14,0.0
2023-01-01 07:00:00,3.2,1938.928041554406,2010.5410369148074,2.0077956940054494e-14,0.0
2023-01-01 08:00:00,3.1,1953.3652833762874,2045.4796701699165,2.2538761480004132e-13,0.0
2023-01-01 09:00:00,2.8,1352.5753805040497,1754.8055382562611,4.788198631030531e-14,0.0
2023-01-01 10:00:00,3.9,726.8730845566346,1105.1298860665806,1.6357105568838024e-15,0.0
2023-01-01 11:00:00,4.2,349.01026409024144,860.9902099791262,2.2082092517931333e-14,0.0
2023-01-01 12:00:00,4.8,255.95478635041076,759.5732878892991,0.0,0.0
2023-01-01 13:00:00,6.0,25.996927158709127,573.7834995537164,0.0,0.0
2023-01-01 14:00:00,6.3,18.209126271165456,397.0445556278367,0.0,0.0
2023-01-01 15:00:00,6.0,66.15274876178331,461.3099699936414,0.0,0.0
2023-01-01 16:00:00,3.2,1092.1719832457936,1476.6186302993592,9.862439722396768e-14,0.0
2023-01-01 17:00:00,3.0,1635.1832523791095,1905.932250534959,5.275166545950264e-14,0.0
2023-01-01 18:00:00,3.0,1578.1640273578982,1879.7730194012286,1.4151683972149752e-13,0.0
2023-01-01 19:00:00,2.5,1638.1155392875153,1930.0766446544387,2.2837498548610856e-13,0.0
2023-01-01 20:00:00,2.9,1755.112567430403,1974.9861613167307,2.175900066837737e-13,0.0
2023-01-01 21:00:00,3.0,1778.565029765869,1984.2754496212522,8.274930077246528e-14,0.0
2023-01-01 22:00:00,3.4,1852.8146283231445,2067.848794234697,2.4635391654631663e-13,0.0
2023-01-01 23:00:00,3.0,1965.260142539582,2129.0097948600214,1.94115751418431e-13,0.0
2023-01-02 00:00:00,2.7,2044.786824449216,2181.2298484102553,1.9132174353318177e-14,0.0
2023-01-02 01:00:00,2.4,2118.923572748845,2214.5533183485404,2.821506015120715e-13,0.0
2023-01-02 02:00:00,2.7,2132.057279510198,2196.679690257776,4.015591388010901e-14,0.0
2023-01-02 03:00:00,3.0,2124.7137473893963,2183.59334009553,2.002901686249732e-13,0.0
2023-01-02 04:00:00,3.4,2099.0215451539607,2142.4318025496113,1.7459011274980302e-14,0.0
2023-01-02 05:00:00,3.5,2011.3345752475764,2095.0340888269793,1.3903539733512319e-14,0.0
2023-01-02 06:00:00,3.5,1892.041947008121,2003.0892434933767,4.0524338901102025e-14,0.0
2023-01-02 07:00:00,3.5,1849.1523086594182,1989.1243907720273,0.0,0.0
2023-01-02 08:00:00,3.7,1890.817231322389,1987.296120263311,4.747305867108436e-14,0.0
2023-01-02 09:00:00,4.0,1794.8867499007001,1829.9748471085304,6.562178507617016e-14,0.0
2023-01-02 10:00:00,4.3,1615.8289578472547,1710.226486343957,1.967346970835052e-13,0.0
2023-01-02 11:00:00,4.5,1257.2963759734046,1331.1880717967329,1.049101907692878e-13,0.0
2023-01-02 12:00:00,4.6,1137.6872437696616,1233.4446467848375,1.353737748428617e-13,0.0
2023-01-02 13:00:00,4.7,791.2735483351253,875.8517910456421,8.365815391689374e-16,0.0
2023-01-02 14:00:00,4.9,699.1716977994187,983.0979937081654,2.47229209605274e-15,0.0
2023-01-02 15:00:00,4.8,707.3355701959847,918.147053081906,8.527763862567289e-16,0.0
2023-01-02 16:00:00,4.4,1386.0351107357483,1549.4846293425985,0.0,0.0
2023-01-02 17:00:00,4.2,1671.762935651213,1782.742939811204,1.673163078337875e-15,0.0
2023-01-02 18:00:00,4.2,1595.6502591507501,1755.3038419693391,6.951769866756161e-15,0.0
2023-01-02 19:00:00,5.0,1587.6190169305391,1683.8277788727307,6.54284222753521e-15,0.0
2023-01-02 20:00:00,4.8,1686.0383861158814,1751.918122496646,1.0425434596375758e-13,0.0
2023-01-02 21:00:00,4.0,1818.9990988084714,1857.0518301938125,2.2360987902930735e-13,0.0
2023-01-02 22:00:00,3.6,1972.4231995135174,2046.9061084507503,2.1591379350866198e-13,0.0
2023-01-02 23:00:00,3.8,2041.9541997937263,2019.144830158548,3.555471541467983e-15,0.0
2023-01-03 00:00:00,4.2,2048.1849422896435,2045.1723609398973,9.859206367047703e-14,0.0
2023-01-03 01:00:00,3.1,2147.0639277379714,2172.6775986838484,2.1063823681701752e-13,0.0
2023-01-03 02:00:00,2.4,2290.227363215036,2219.1259700570017,2.7807079467024645e-14,0.0
2023-01-03 03:00:00,2.8,2240.1881096343454,2194.2076989628586,2.0077956940054494e-14,0.0
2023-01-03 04:00:00,3.1,2206.916860469188,2172.340373923609,1.8654590852766167e-13,0.0
2023-01-03 05:00:00,4.4,2026.125206354739,2006.4399086782803,1.673163078337875e-15,0.0
2023-01-03 06:00:00,5.7,1789.9572449261966,1720.7775439525346,0.0,0.0
2023-01-03 07:00:00,6.3,1676.3839140530345,1638.9043918210637,0.0,0.0
2023-01-03 08:00:00,5.9,1747.187986855601,1699.7923156521706,4.3711385421576993e-14,0.0
2023-01-03 09:00:00,6.2,1404.7831111334378,1517.5643052932496,1.673163078337875e-15,0.0
2023-01-03 10:00:00,6.9,1306.5993462324031,1273.3672478629337,4.7097691117334434e-14,0.0
2023-01-03 11:00:00,7.5,1171.95563505456,1162.29415131472,8.832837007172533e-14,0.0
2023-01-03 12:00:00,9.2,374.4046893891117,403.5460299728188,1.2216278749618674e-14,0.0
2023-01-03 13:00:00,8.2,428.8417284399351,527.6021271476478,4.4164185035862666e-14,0.0
2023-01-03 14:00:00,8.5,812.3398962334637,1153.8483995791876,9.333773365218198e-14,0.0
2023-01-03 15:00:00,8.3,792.814768838686,1201.401124304305,1.3310399583794853e-14,0.0
2023-01-03 16:00:00,7.7,1180.4880860046455,1458.2353028680463,5.2963754521047735e-14,0.0
2023-01-03 17:00:00,7.2,1369.6407420181927,1504.122452719217,1.0038978470027247e-14,0.0
2023-01-03 18:00:00,7.0,1327.5680508650485,1528.0143358461478,9.44588088831818e-14,0.0
2023-01-03 19:00:00,7.0,1367.6135345298967,1541.2033536687723,4.6653257174650935e-14,0.0
2023-01-03 20:00:00,6.5,1493.2531979053979,1556.1300224754896,3.7437130297830947e-14,0.0
2023-01-03 21:00:00,6.3,1574.5111231651147,1630.7787125122982,2.5720253974273556e-14,0.0
2023-01-03 22:00:00,5.5,1824.9545712356166,1794.8964317521932,4.5799895592746485e-14,0.0
2023-01-03 23:00:00,4.7,2024.4549852019736,1938.0709215767483,1.7540775518820302e-13,0.0
2023-01-04 00:00:00,4.2,2131.532390035557,2045.1723609398973,2.9967125324265457e-14,0.0
2023-01-04 01:00:00,4.3,2165.7158415969943,2058.9537428185945,1.0098313769003194e-14,0.0
2023-01-04 02:00:00,3.6,2249.065840666809,2130.5531057822486,9.88916838421096e-15,0.0
2023-01-04 03:00:00,3.5,2287.8926149426047,2137.3635642905065,2.2547830242692368e-13,0.0
2023-01-04 04:00:00,3.2,2317.219214896162,2146.853639982086,2.0077956940054494e-14,0.0
2023-01-04 05:00:00,3.0,2274.1838998415205,2138.9445856491448,1.7242038450213578e-13,0.0
2023-01-04 06:00:00,1.9,2269.0829024414807,2201.7267426282096,6.54284222753521e-15,0.0
2023-01-04 07:00:00,3.4,2145.383525330454,2001.2967514876711,5.339140842099572e-14,0.0
2023-01-04 08:00:00,0.1,2436.6035417929274,2375.1430570656244,6.54284222753521e-15,0.0
2023-01-04 09:00:00,1.6,1023.6872005920678,1132.795883631282,1.3350377318684796e-13,0.0
2023-01-04 10:00:00,3.8,275.96234669879607,536.5673468828891,5.428416874234575e-15,0.0
2023-01-04 11:00:00,5.7,21.78696750999256,206.87174598747262,0.0,0.0
2023-01-04 12:00:00,6.7,0.0,56.55070217239326,0.0,0.0
2023-01-04 13:00:00,6.0,0.0,182.0353450496874,0.0,0.0
2023-01-04 14:00:00,6.6,0.0,254.94897342133052,0.0,0.0
2023-01-04 15:00:00,6.4,0.0,296.7850120585939,0.0,0.0
2023-01-04 16:00:00,4.8,575.6051846274368,1168.3664481302178,7.190999272582605e-14,0.0
2023-01-04 17:00:00,5.5,1180.9767513164652,1635.0310907360674,4.7089974185062745e-14,0.0
2023-01-04 18:00:00,6.5,970.8224000699499,1519.8828119934722,1.6317127833948084e-13,0.0
2023-01-04 19:00:00,7.7,970.6546877343642,1462.374730035811,5.521438158514988e-14,0.0
2023-01-04 20:00:00,6.5,1143.6818130551364,1556.1300224754896,1.5022527831566973e-13,0.0
2023-01-04 21:00:00,7.2,1188.3161448174628,1546.26254010728,4.5799895592746485e-14,0.0
2023-01-04 22:00:00,8.6,1186.948026708276,1498.4803474671278,8.365815391689374e-16,0.0
2023-01-04 23:00:00,10.5,1107.757189056851,1288.6221010749011,8.365815391689374e-16,0.0
2023-01-05 00:00:00,11.2,1072.365587387859,1099.5959005054087,0.0,0.0
2023-01-05 01:00:00,10.2,1157.7668133784991,1364.4463901436268,7.54765510357009e-14,0.0
2023-01-05 02:00:00,10.6,1161.5104635525645,1308.7796712748357,1.8687993112397448e-13,0.0
2023-01-05 03:00:00,11.1,1133.8266539896754,1155.1733395025176,4.5799895592746485e-14,0.0
2023-01-05 04:00:00,11.0,1137.042277283393,1168.2062360696189,1.3677519430061557e-13,0.0
2023-01-05 05:00:00,11.0,1070.8247545296663,1144.6444079815933,8.630245813634764e-14,0.0
2023-01-05 06:00:00,10.7,993.972719907465,1178.1313649112944,4.2732938298589355e-14,0.0
2023-01-05 07:00:00,11.6,894.7655560173584,945.306770819978,0.0,0.0
2023-01-05 08:00:00,12.1,888.5157229836009,934.8787594333147,3.271421113767605e-15,0.0
2023-01-05 09:00:00,12.3,710.0944440339024,810.6103490441151,8.689712333445199e-16,0.0
2023-01-05 10:00:00,12.1,632.9654400024222,768.8089261667265,2.2587701557561317e-14,0.0
2023-01-05 11:00:00,12.1,301.617150248808,230.38313681410153,2.2491020157152285e-14,0.0
2023-01-05 12:00:00,12.1,438.2446150031579,701.9696616996141,2.509744617506812e-15,0.0
2023-01-05 13:00:00,12.2,12.203919529890486,44.00431274256043,0.0,0.0
2023-01-05 14:00:00,12.2,0.0,12.814291735659305,0.0,0.0
2023-01-05 15:00:00,11.8,0.0,0.0,0.0,19.340655245956405
2023-01-05 16:00:00,10.9,409.47389804906254,302.1609400437302,1.9219599043384682e-14,0.0
2023-01-05 17:00:00,10.2,907.6365051512997,1187.2348071781544,1.0959260731121477e-13,0.0
2023-01-05 18:00:00,9.6,829.5953225401369,1141.8522701232464,2.4432557499237355e-14,0.0
2023-01-05 19:00:00,9.4,904.0478030779504,1227.3234208556487,1.0795689675433097e-13,0.0
2023-01-05 20:00:00,9.2,1009.9836580428002,1287.9331696043448,1.242264712130815e-13,0.0
2023-01-05 21:00:00,8.9,1117.3335247924242,1323.6411426279371,5.605096312431882e-14,0.0
2023-01-05 22:00:00,8.3,1270.097546037804,1526.2947623300543,9.327295426383081e-14,0.0
2023-01-05 23:00:00,8.0,1411.2882488831006,1541.1197405412609,5.64320142124912e-14,0.0
2023-01-06 00:00:00,7.5,1494.5933053629446,1639.3154306156384,1.0446991080216049e-13,0.0
2023-01-06 01:00:00,8.3,1487.8491098318782,1555.6710402756116,7.851410673042253e-14,0.0
2023-01-06 02:00:00,8.0,1543.1875263151555,1567.0581045577321,1.1253000582866957e-13,0.0
2023-01-06 03:00:00,6.9,1668.9489886304843,1687.7330129196305,2.7524880381392773e-13,0.0
2023-01-06 04:00:00,6.2,1771.879918955185,1774.2104829892191,9.498967005717048e-14,0.0
2023-01-06 05:00:00,5.6,1792.678342022335,1833.81307064241,7.179620228271233e-14,0.0
2023-01-06 06:00:00,5.3,1713.3143996642093,1928.6140703790866,3.9257053365211274e-14,0.0
2023-01-06 07:00:00,5.2,1634.2598074372202,1826.9744890290226,2.0077956940054494e-14,0.0
2023-01-06 08:00:00,6.2,1560.1589678369414,1660.092563877181,1.0038978470027247e-14,0.0
2023-01-06 09:00:00,7.2,1428.505970845887,1541.9202464687014,2.16802661394029e-13,0.0
2023-01-06 10:00:00,8.7,653.2698018927771,853.5897669493186,0.0,0.0
2023-01-06 11:00:00,9.6,393.117032158386,512.166837772473,9.814263341302817e-15,0.0
2023-01-06 12:00:00,10.8,0.0,5.247097702566755,0.0,0.0
2023-01-06 13:00:00,10.8,0.0,238.95288426743608,0.0,0.0
2023-01-06 14:00:00,11.1,20.64182436042235,199.77952132971717,2.823462694695164e-15,0.0
2023-01-06 15:00:00,10.5,0.0,6.6055672157927035,0.0,0.0
2023-01-06 16:00:00,7.4,620.0924594445682,706.5483399692989,1.6487426869733818e-14,0.0
2023-01-06 17:00:00,6.6,1113.3914570707816,1544.1025110047965,2.0077956940054494e-14,0.0
2023-01-06 18:00:00,5.8,1112.5554800445968,1568.9943491558447,1.3169342608987314e-13,0.0
2023-01-06 19:00:00,6.7,1211.094211221781,1528.7441805577855,9.487121229926054e-14,0.0
2023-01-06 20:00:00,7.7,1220.515431939039,1481.2960226081132,0.0,0.0
2023-01-06 21:00:00,7.9,1292.4959322001046,1437.523513545942,7.851410673042253e-14,0.0
2023-01-06 22:00:00,7.3,1440.6554169203914,1549.694361244495,6.91179213186622e-14,0.0
2023-01-06 23:00:00,7.4,1524.367137669979,1614.5823238227817,5.688754466348776e-14,0.0
2023-01-07 00:00:00,7.2,1550.298704613666,1633.3609342995128,1.673163078337875e-15,0.0
2023-01-07 01:00:00,7.6,1557.1209698323796,1631.9600721689308,4.5175403115122635e-14,0.0
2023-01-07 02:00:00,7.8,1560.0924281178245,1575.1044197830165,1.848727454493238e-13,0.0
2023-01-07 03:00:00,7.3,1628.1513066601356,1645.7162198329725,3.9257053365211274e-14,0.0
2023-01-07 04:00:00,6.8,1671.0675818002492,1688.2486828635301,1.0098313769003194e-14,0.0
2023-01-07 05:00:00,6.8,1666.701524129127,1688.2486828635301,3.4508988490718664e-15,0.0
2023-01-07 06:00:00,6.8,1652.5181600769195,1673.1225492472977,4.093021644354915e-14,0.0
2023-01-07 07:00:00,4.7,1879.4388953154778,1961.192454659209,1.967346970835052e-13,0.0
2023-01-07 08:00:00,6.8,1776.5306914926307,1655.1670563974553,3.138561125671565e-13,0.0
2023-01-07 09:00:00,6.2,363.8394225977985,769.0791662098113,4.498204031430457e-14,0.0
2023-01-07 10:00:00,7.5,0.0,225.6218219627533,0.0,0.0
2023-01-07 11:00:00,8.3,0.0,77.8427456189023,0.0,0.0
2023-01-07 12:00:00,9.3,0.0,0.0,0.0,0.0
2023-01-07 13:00:00,10.4,0.0,0.0,0.0,0.0
2023-01-07 14:00:00,10.8,0.0,0.0,10.671020982721494,10.949357638059993
2023-01-07 15:00:00,10.2,0.0,73.95757155422413,0.0,0.0
2023-01-07 16:00:00,8.4,312.7238006669618,584.9516787322872,3.6154126029978587e-14,0.0
2023-01-07 17:00:00,6.9,903.9916252946027,1573.8389827763872,6.999073534057569e-14,0.0
2023-01-07 18:00:00,6.2,926.6645010842894,1583.451313863285,3.5851391909559565e-15,0.0
2023-01-07 19:00:00,5.8,992.2773059453846,1585.9770388412796,7.484290826775552e-14,0.0
2023-01-07 20:00:00,5.3,1180.0766303713795,1703.4854448066012,9.20180819550774e-14,0.0
2023-01-07 21:00:00,4.5,1358.2475611370246,1808.0712943393523,1.8076474279638727e-13,0.0
2023-01-07 22:00:00,3.7,1565.8924947398555,1968.8347841199204,4.684856619346051e-14,0.0
2023-01-07 23:00:00,2.8,1666.3349163361609,2138.1098201688637,0.0,0.0
2023-01-08 00:00:00,3.3,1695.7719907072278,2134.883224252889,9.305738942542795e-14,0.0
2023-01-08 01:00:00,4.2,1669.9956657216353,2060.443657949887,6.951769866756161e-15,0.0
2023-01-08 02:00:00,4.2,1696.601572679132,2068.6616220677115,1.9840786016184307e-13,0.0
2023-01-08 03:00:00,4.2,1738.9049408013586,2068.10281258262,2.2881941942879206e-13,0.0
2023-01-08 04:00:00,4.1,1767.6572340988023,2066.2616628550495,2.044638196104753e-14,0.0
2023-01-08 05:00:00,4.1,1717.2274748409222,2027.0767936320551,8.54658765971787e-14,0.0
2023-01-08 06:00:00,4.1,1631.442288543383,1900.4986538806138,2.0077956940054494e-14,0.0
2023-01-08 07:00:00,4.0,1615.7265098734015,1884.1152793338133,6.951769866756161e-15,0.0
2023-01-08 08:00:00,3.9,1692.582457707054,1939.978370222504,6.951769866756161e-15,0.0
2023-01-08 09:00:00,3.9,1691.781589272846,1884.1608672457878,3.984888834020239e-13,0.0
2023-01-08 10:00:00,4.2,1551.9376297081913,1710.9268747451563,7.173986838097909e-15,0.0
2023-01-08 11:00:00,4.3,1432.1491568698361,1676.4627763286544,6.402352704074043e-14,0.0
2023-01-08 12:00:00,4.8,1186.3317276654398,1214.7373581860195,0.0,0.0
2023-01-08 13:00:00,4.6,1091.1448413802445,1256.5002227658688,5.521438158514988e-14,0.0
2023-01-08 14:00:00,4.7,1308.9745562894886,1572.7502999511098,5.264235799191427e-14,0.0
2023-01-08 15:00:00,4.3,1469.658946857917,1700.6065359044833,1.401021696572186e-13,0.0
2023-01-08 16:00:00,4.4,1640.0901629581585,1707.9027597597951,4.093021644354915e-14,0.0
2023-01-08 17:00:00,4.5,1662.6180358048691,1739.7996020136786,2.0522390882737993e-14,0.0
2023-01-08 18:00:00,4.0,1643.7773704682195,1759.953906051478,5.1718245342657846e-14,0.0
2023-01-08 19:00:00,3.8,1699.6386662495454,1783.430572875894,8.888678853669958e-16,0.0
2023-01-08 20:00:00,2.8,1893.5384383563492,1975.1481892043475,6.703109582591112e-14,0.0
2023-01-08 21:00:00,2.9,1961.8100625179127,2005.285232402194,2.2837498548610856e-13,0.0
2023-01-08 22:00:00,0.1,2277.6605722183717,2382.2974656571305,2.0596192046863818e-14,0.0
2023-01-08 23:00:00,-0.1,2410.461030384756,2481.290923899679,0.0,0.0
2023-01-09 00:00:00,0.2,2439.7765358960914,2307.455582381062,2.0077956940054494e-14,0.0
2023-01-09 01:00:00,0.5,2452.7822897622373,2294.045346961814,4.350224003678476e-14,0.0
2023-01-09 02:00:00,0.9,2438.8960097307645,2244.9493883955856,2.0077956940054494e-14,0.0
2023-01-09 03:00:00,1.7,2373.961970539812,2153.1522597892454,1.2357105208763526e-13,0.0
2023-01-09 04:00:00,2.2,2323.205829679022,2091.8044675145957,1.7665674014345072e-13,0.0
2023-01-09 05:00:00,3.5,2140.1391828624737,1986.4443439274664,4.5175403115122635e-14,0.0
2023-01-09 06:00:00,6.2,1799.4261973471976,1501.9826351398754,9.097529870786912e-14,0.0
2023-01-09 07:00:00,7.5,1608.1377986933599,1321.7748965281532,0.0,0.0
2023-01-09 08:00:00,7.4,1630.525138424314,1345.9157897316743,3.296888828356375e-13,0.0
2023-01-09 09:00:00,6.8,1620.3366999166815,1402.4338164857445,2.0008102324018095e-13,0.0
2023-01-09 10:00:00,5.8,1569.7895871975247,1366.6034681385304,9.664894806999454e-14,0.0
2023-01-09 11:00:00,7.2,1426.4604606960606,1155.5140145754594,1.0182298216601671e-13,0.0
2023-01-09 12:00:00,6.8,1442.930359798224,1271.0787444339535,4.5175403115122635e-14,0.0
2023-01-09 13:00:00,6.8,1496.3358581423324,1298.0479875199248,5.21271729818788e-14,0.0
2023-01-09 14:00:00,7.0,1510.0689156870335,1129.5696226579298,0.0,0.0
2023-01-09 15:00:00,7.0,1544.8902487448538,1070.7761753414184,8.19650055794944e-14,0.0
2023-01-09 16:00:00,6.7,1617.2834916290662,1167.1390369118158,2.5156845326056667e-13,0.0
2023-01-09 17:00:00,6.3,1637.7749637985871,1263.784305765213,2.0077956940054494e-14,0.0
2023-01-09 18:00:00,6.0,1593.4735070537854,1262.5658275795838,1.7665674014345072e-13,0.0
2023-01-09 19:00:00,5.7,1645.75161088221,1314.5280183447544,6.525336005517712e-14,0.0
2023-01-09 20:00:00,5.5,1745.1982654057988,1379.7749403024318,1.673163078337875e-15,0.0
2023-01-09 21:00:00,5.3,1812.4739886003654,1504.8820923876665,7.179620228271233e-14,0.0
2023-01-09 22:00:00,5.1,1931.3521509926145,1636.2628370591906,5.671606464019158e-14,0.0
2023-01-09 23:00:00,5.0,2011.070995155208,1748.8684300524194,3.003462499889959e-13,0.0
2023-01-10 00:00:00,5.0,2050.0082586469466,1764.5997539731347,0.0,0.0
2023-01-10 01:00:00,5.5,2027.5731974852565,1728.0175290217185,8.216005305873084e-15,0.0
2023-01-10 02:00:00,5.5,2028.8660936214983,1734.525566346704,1.848727454493238e-13,0.0
2023-01-10 03:00:00,5.5,2035.5825905490199,1735.3545835010414,0.0,0.0
2023-01-10 04:00:00,5.3,2047.633048334234,1782.2572324482276,1.9223344295530092e-13,0.0
2023-01-10 05:00:00,5.1,1985.815543181347,1723.194370358689,8.206957827189051e-14,0.0
2023-01-10 06:00:00,5.0,1884.0836576481245,1666.561457771037,3.555471541467983e-15,0.0
2023-01-10 07:00:00,4.8,1853.0793343282658,1683.4413524693814,5.040403773492849e-14,0.0
2023-01-10 08:00:00,4.9,1892.7141092705951,1667.4051293663315,2.380333385480474e-13,0.0
2023-01-10 09:00:00,5.3,1842.3214316420294,1549.7666915726934,2.6171368910140845e-13,0.0
2023-01-10 10:00:00,5.7,1659.46485693378,1380.5406720845665,1.4732293832706765e-13,0.0
2023-01-10 11:00:00,6.2,1340.3534055903338,999.9197668383574,1.0223190980523765e-14,0.0
2023-01-10 12:00:00,6.8,1125.6009844895884,815.2818239236162,3.271421113767605e-15,0.0
2023-01-10 13:00:00,7.5,886.1782189419055,583.3436826796469,8.365815391689374e-16,0.0
2023-01-10 14:00:00,8.0,503.1594861210128,288.85947586383645,4.43733304206549e-14,0.0
2023-01-10 15:00:00,7.8,357.6528701488781,325.9930290550119,1.483375257631644e-14,0.0
2023-01-10 16:00:00,7.0,1082.447852916716,537.4050408982043,1.0038978470027247e-14,0.0
2023-01-10 17:00:00,6.1,1586.763578240535,1268.1975097120653,1.8015121094768763e-13,0.0
2023-01-10 18:00:00,5.6,1560.431561059302,1300.515699526216,3.2158523509412653e-14,0.0
2023-01-10 19:00:00,5.1,1656.4763963685668,1406.2690964722835,1.3494612094291371e-14,0.0
2023-01-10 20:00:00,4.3,1819.4850539873355,1598.941736594622,2.175112001839237e-14,0.0
2023-01-10 21:00:00,3.8,1944.9826728802968,1729.4273901319825,7.048199467498299e-14,0.0
2023-01-10 22:00:00,3.0,2147.143810278104,1883.2982069780187,3.9210131293372675e-14,0.0
2023-01-10 23:00:00,2.3,2305.173490085651,2019.4346728846808,2.0077956940054494e-14,0.0
2023-01-11 00:00:00,1.7,2418.1491362856164,2112.538671833796,1.3903539733512319e-14,0.0
2023-01-11 01:00:00,2.2,2421.7158465155962,2066.910247955278,3.3981496673566814e-14,0.0
2023-01-11 02:00:00,1.8,2414.0089452656566,2148.690152839784,9.035080623024527e-14,0.0
2023-01-11 03:00:00,1.1,2472.612436243147,2203.4763847525155,9.369713238692102e-14,0.0
2023-01-11 04:00:00,0.6,2572.852176240879,2287.6725061876527,1.8711400938306243e-13,0.0
2023-01-11 05:00:00,-0.1,2555.2083664612055,2398.880115185066,8.505694895795775e-14,0.0
2023-01-11 06:00:00,-0.3,2461.1800984109004,2356.451944495223,1.3903539733512319e-14,0.0
2023-01-11 07:00:00,-0.7,2480.747534694551,2359.0000381452055,1.0193838982715278e-13,0.0
2023-01-11 08:00:00,-1.1,2530.6394483520608,2386.694639352487,3.34632615667575e-15,0.0
2023-01-11 09:00:00,1.1,875.056754811233,1141.8009007387445,2.46055005688867e-14,0.0
2023-01-11 10:00:00,3.0,18.168511535143807,565.892513210983,2.823462694695164e-15,0.0
2023-01-11 11:00:00,4.2,2.339903843760625,192.61584842143708,0.0,0.0
2023-01-11 12:00:00,4.7,58.86630673199359,349.95435861923943,0.0,0.0
2023-01-11 13:00:00,6.5,845.0874507571868,1270.1564053426303,1.312958853587833e-13,0.0
2023-01-11 14:00:00,6.5,591.3588940412044,449.2879377184911,4.960196504046076e-14,0.0
2023-01-11 15:00:00,6.1,691.1544754731935,810.3407015112743,2.6283726474503063e-14,0.0
2023-01-11 16:00:00,5.5,1289.9897047633442,1243.3541037710347,2.849842606553806e-14,0.0
2023-01-11 17:00:00,5.7,1441.1413010689205,1312.352400292737,9.159979118549293e-14,0.0
2023-01-11 18:00:00,5.3,1409.1785323260192,1386.8970511178732,6.951769866756161e-15,0.0
2023-01-11 19:00:00,4.9,1488.830028648237,1483.1073467364313,1.658182069756246e-14,0.0
2023-01-11 20:00:00,4.7,1594.8026920904967,1573.8060566389622,1.673163078337875e-15,0.0
2023-01-11 21:00:00,5.0,1634.2897195954013,1543.1076039182074,6.951769866756161e-15,0.0
2023-01-11 22:00:00,6.0,1656.7125579591216,1523.9300984339002,1.673163078337875e-15,0.0
2023-01-11 23:00:00,7.5,1610.996259711639,1482.0972565800103,2.0077956940054494e-14,0.0
2023-01-12 00:00:00,7.4,1638.2863462233179,1533.7711331307828,2.0077956940054494e-14,0.0
2023-01-12 01:00:00,7.2,1670.4336168793047,1591.103910766557,3.1153405623700396e-14,0.0
2023-01-12 02:00:00,7.1,1698.130960625867,1606.8203416598876,1.8319958237098591e-13,0.0
2023-01-12 03:00:00,7.0,1722.0436020763761,1607.4060561293363,2.1758695658699986e-13,0.0
2023-01-12 04:00:00,7.2,1712.2294365267026,1552.2684451274758,0.0,0.0
2023-01-12 05:00:00,7.2,1634.8881337624528,1531.1447361253747,1.673163078337875e-15,0.0
2023-01-12 06:00:00,6.7,1605.5929062588507,1460.0840502374153,2.1855692710788487e-14,0.0
2023-01-12 07:00:00,6.3,1639.8438372271257,1485.3211690535315,2.1936469235773385e-13,0.0
2023-01-12 08:00:00,5.7,1769.1979322720767,1552.6741964220719,8.505694895795775e-14,0.0
2023-01-12 09:00:00,6.5,642.2164680902845,621.5386660382616,5.0194892350136244e-15,0.0
2023-01-12 10:00:00,7.5,58.47222477896388,27.100661720328716,0.0,0.0
2023-01-12 11:00:00,8.6,0.0,0.0,0.0,0.0
2023-01-12 12:00:00,9.4,0.0,0.0,0.0,0.0
2023-01-12 13:00:00,10.6,0.0,0.0,0.0,0.0
2023-01-12 14:00:00,10.8,5.793141555630135e-16,0.0,10.25670635904834,13.539904248464044
2023-01-12 15:00:00,10.4,0.0,0.0,0.0,0.0
2023-01-12 16:00:00,7.3,240.47616921051065,711.993761691288,6.510625834312685e-15,0.0
2023-01-12 17:00:00,6.8,782.5152913357447,1200.6474337739533,9.846977552440491e-14,0.0
2023-01-12 18:00:00,5.2,931.0545620147648,1386.3288402388414,2.1403667496017595e-14,0.0
2023-01-12 19:00:00,5.2,1021.2986426089587,1400.6473904103646,5.521438158514988e-14,0.0
2023-01-12 20:00:00,4.8,1217.6395747071456,1557.981931628107,2.1591379350866198e-13,0.0
2023-01-12 21:00:00,5.5,1243.1985509490773,1423.0806597111498,9.920393008092151e-14,0.0
2023-01-12 22:00:00,7.4,1208.6699968009807,1397.1135093011794,7.379423766704147e-15,0.0
2023-01-12 23:00:00,7.3,1278.4931258653762,1495.7475130952862,1.783299032217886e-13,0.0
2023-01-13 00:00:00,7.8,1287.896722140018,1450.6253873989021,1.699074833678341e-14,0.0
2023-01-13 01:00:00,5.2,1516.6867371377375,1806.1348581148666,1.8528167308854474e-13,0.0
2023-01-13 02:00:00,5.1,1601.57804985336,1817.2751357977936,1.9840786016184307e-13,0.0
2023-01-13 03:00:00,3.7,1752.6696467074657,2046.6543055073394,3.3664065270239365e-13,0.0
2023-01-13 04:00:00,3.9,1793.8706062564265,2030.3495456094363,8.53213243657009e-14,0.0
2023-01-13 05:00:00,4.0,1790.7000537771592,2011.383517321042,2.422785252196209e-13,0.0
2023-01-13 06:00:00,3.0,1836.0538236412922,2095.2251550381684,8.505694895795775e-14,0.0
2023-01-13 07:00:00,3.0,1786.7124575807325,1995.101956208237,7.179620228271233e-14,0.0
2023-01-13 08:00:00,2.1,1874.6138704690457,2057.1791278829787,1.7665674014345072e-13,0.0
2023-01-13 09:00:00,4.1,1594.1849779750464,1787.0966673242194,7.431710112902206e-15,0.0
2023-01-13 10:00:00,4.9,1163.695031331209,1204.3079619288014,1.0942712106144529e-13,0.0
2023-01-13 11:00:00,6.2,390.4185173682114,564.8054754415297,2.110811412008347e-14,0.0
2023-01-13 12:00:00,7.2,462.4303819259093,661.905536828667,5.941917205851643e-15,0.0
2023-01-13 13:00:00,6.7,637.1321399070463,974.3671766241247,2.2587701557561317e-14,0.0
2023-01-13 14:00:00,7.3,336.88421219105226,388.6636125186172,5.551421459682444e-14,0.0
2023-01-13 15:00:00,7.2,176.7676855510706,406.11523012655425,1.104104625896567e-14,0.0
2023-01-13 16:00:00,6.1,841.7301717337592,1027.1274556611468,1.0457269239611716e-14,0.0
2023-01-13 17:00:00,5.5,1341.968936750579,1325.7964023706384,0.0009773848762340259,0.0
2023-01-13 18:00:00,3.9,1401.5087697374988,1656.1528128615982,7.610104351332475e-14,0.0
2023-01-13 19:00:00,4.4,1458.2014388513553,1549.4355025332065,8.630245813634764e-14,0.0
2023-01-13 20:00:00,4.2,1588.200379594838,1643.176164648356,8.610866965544562e-14,0.0
2023-01-13 21:00:00,7.3,1413.6505349503216,1230.2153295918715,6.951769866756161e-15,0.0
2023-01-13 22:00:00,7.0,1478.8459577866051,1324.6293888684231,4.929603183523852e-14,0.0
2023-01-13 23:00:00,6.3,1647.2529238759132,1602.2602783589293,1.0000915929218411e-13,0.0
2023-01-14 00:00:00,5.9,1684.560242950874,1656.2965645101726,4.8521729271798386e-14,0.0
2023-01-14 01:00:00,5.0,1802.686484722014,1829.0614084839503,8.216005305873084e-15,0.0
2023-01-14 02:00:00,3.3,2052.1191361598467,2121.649309770299,8.43855344084953e-14,0.0
2023-01-14 03:00:00,3.3,2140.4778334282564,2122.7281183613686,1.8000306630012647e-13,0.0
2023-01-14 04:00:00,4.3,2118.683256478001,1932.5008782072555,3.2042420692905037e-13,0.0
2023-01-14 05:00:00,4.4,2122.087201623453,1929.4225764066482,1.0418912331127591e-13,0.0
2023-01-14 06:00:00,4.2,2136.3338758083537,1968.5622693589426,2.891523435474401e-13,0.0
2023-01-14 07:00:00,4.1,2118.4445040638584,1959.1695330587509,5.1718245342657846e-14,0.0
2023-01-14 08:00:00,4.0,2108.8564669970006,1983.7752542841672,2.5684400995221115e-13,0.0
2023-01-14 09:00:00,4.8,827.8752739273642,820.6702671547007,3.271421113767605e-15,0.0
2023-01-14 10:00:00,6.4,116.90020324202014,177.21471097730694,1.1293850778780655e-14,0.0
2023-01-14 11:00:00,7.3,0.0,25.889750312969273,0.0,0.0
2023-01-14 12:00:00,8.2,0.0,0.0,0.0,0.0
2023-01-14 13:00:00,9.8,0.0,0.0,0.0,0.0
2023-01-14 14:00:00,10.1,0.0,0.0,11.90237507112148,0.0
2023-01-14 15:00:00,9.4,1.7777357707339916e-15,12.666563589451671,8.336293064576116,0.0
2023-01-14 16:00:00,6.5,272.4590449863805,512.2396094590763,1.721627689823027e-14,0.0
2023-01-14 17:00:00,5.5,897.7350457043642,1282.2575869915386,6.428342488553344e-14,0.0
2023-01-14 18:00:00,5.1,1008.2727241167222,1407.5713049290493,3.498358574650944e-13,0.0
2023-01-14 19:00:00,5.7,1017.2457667001603,1304.815066938862,1.6348352457829277e-13,0.0
2023-01-14 20:00:00,6.2,1077.4222930020323,1302.2146503166828,7.851410673042253e-14,0.0
2023-01-14 21:00:00,5.8,1166.7214213225016,1381.1261846353113,1.0038978470027247e-14,0.0
2023-01-14 22:00:00,4.9,1357.0063862211873,1624.1955963726455,6.364747677781279e-14,0.0
2023-01-14 23:00:00,4.6,1519.8513560796148,1843.9561640782565,9.097529870786912e-14,0.0
2023-01-15 00:00:00,4.7,1584.370331072239,1876.6664017387943,4.6208823231967436e-14,0.0
2023-01-15 01:00:00,4.0,1665.4862273615504,1992.2552634317208,1.673163078337875e-15,0.0
2023-01-15 02:00:00,4.5,1675.2023239500527,1913.3058997845192,1.7665674014345072e-13,0.0
2023-01-15 03:00:00,5.0,1663.847733531346,1850.0501078256138,5.952337679131845e-14,0.0
2023-01-15 04:00:00,3.8,1775.454312879177,2039.0933702551188,5.339140842099572e-14,0.0
2023-01-15 05:00:00,2.8,1818.455434702868,2099.7593039247486,2.366245508774527e-13,0.0
2023-01-15 06:00:00,3.8,1681.2332109399617,1899.3551666839824,5.555424283543724e-17,0.0
2023-01-15 07:00:00,4.0,1631.0211337798803,1858.0179345391582,8.216005305873084e-15,0.0
2023-01-15 08:00:00,4.0,1688.9259761152164,1872.5163828235786,2.1758695658699986e-13,0.0
2023-01-15 09:00:00,4.5,1654.8667187743492,1701.2022666854425,2.87529937256434e-13,0.0
2023-01-15 10:00:00,4.7,1578.3148267853874,1672.023286228642,1.7665674014345072e-13,0.0
2023-01-15 11:00:00,5.8,1222.9473500017007,1307.1251141086123,0.0,0.0
2023-01-15 12:00:00,7.1,416.4070585404613,500.0848494406634,9.224279708380186e-16,0.0
2023-01-15 13:00:00,4.2,866.187637195572,1259.1061380679366,1.0163876965552019e-13,0.0
2023-01-15 14:00:00,4.8,1393.7228259877181,1484.4103079571569,0.0,0.0
2023-01-15 15:00:00,5.2,1531.4179216752923,1394.4590811672824,1.699074833678341e-14,0.0
2023-01-15 16:00:00,5.3,1569.5151371229858,1414.8849981192877,1.673163078337875e-15,0.0
2023-01-15 17:00:00,5.4,1544.4461366370847,1384.4742899393636,9.149533483276095e-14,0.0
2023-01-15 18:00:00,6.7,1400.8445278901377,1196.3212863761314,6.216615145190604e-14,0.0
2023-01-15 19:00:00,6.3,1449.3672557058037,1257.3736998748086,0.0,0.0
2023-01-15 20:00:00,6.0,1561.7759770453895,1335.9697725546398,1.8360851001020687e-13,0.0
2023-01-15 21:00:00,5.7,1645.8180838028263,1414.9352301681945,1.7459011274980302e-14,0.0
2023-01-15 22:00:00,5.4,1776.8510589433185,1633.4538512001304,3.3981496673566814e-14,0.0
2023-01-15 23:00:00,5.1,1880.249239953518,1744.7999598896283,1.673163078337875e-15,0.0
2023-01-16 00:00:00,4.8,1949.5939515025198,1791.1312939914114,2.866238726692062e-14,0.0
2023-01-16 01:00:00,4.2,2021.1509494676638,1853.214202824499,9.390627777171325e-14,0.0
2023-01-16 02:00:00,4.5,2024.7327276395963,1833.4273914431596,2.8534711758293095e-13,0.0
2023-01-16 03:00:00,4.0,2071.6647562559256,1903.3913454767471,5.228634619805858e-15,0.0
2023-01-16 04:00:00,3.9,2091.772618078634,1927.7272822941532,3.602308477289773e-14,0.0
2023-01-16 05:00:00,3.4,2056.549566241531,1981.4749276170912,1.9056027987696304e-13,0.0
2023-01-16 06:00:00,2.9,1993.1426870961645,1953.7263052216774,2.2350530633691123e-13,0.0
2023-01-16 07:00:00,2.8,1964.244556281803,1939.640335602212,1.673163078337875e-15,0.0
2023-01-16 08:00:00,2.6,2033.2064961409728,1974.569937082992,3.490771246455865e-13,0.0
2023-01-16 09:00:00,3.1,1898.121216176246,1831.295665903122,1.3903539733512319e-14,0.0
2023-01-16 10:00:00,3.6,1547.9290362840968,1358.489382745904,1.0840632701177983e-13,0.0
2023-01-16 11:00:00,4.3,760.1893903192827,866.3039845349583,2.5046817902283224e-15,0.0
2023-01-16 12:00:00,4.7,334.59464861463175,312.455260342348,5.3160593098723575e-15,0.0
2023-01-16 13:00:00,4.6,44.928348367925025,31.252799879521124,0.0,0.0
2023-01-16 14:00:00,4.3,439.77914998062636,731.9349955238795,6.675188659342398e-14,0.0
2023-01-16 15:00:00,4.0,672.2343225274824,671.0292714293903,2.464801591761926e-14,0.0
2023-01-16 16:00:00,3.5,1330.3777730894512,1556.7480848918053,2.5517084687387323e-13,0.0
2023-01-16 17:00:00,3.1,1695.1190091175592,1706.3901307944368,1.0064890225367718e-13,0.0
2023-01-16 18:00:00,2.9,1703.2647158005432,1742.1908513814806,2.5075059798212476e-13,0.0
2023-01-16 19:00:00,2.4,1782.0861392330564,1792.4040580404069,5.253294103854353e-13,0.0
2023-01-16 20:00:00,1.4,1948.9775285076612,1942.7598971860994,3.142497897225082e-13,0.0
2023-01-16 21:00:00,1.0,2055.3448827576167,2049.7075431230865,8.673011203629562e-14,0.0
2023-01-16 22:00:00,0.6,2198.953655330836,2212.743410225868,3.846760312953939e-13,0.0
2023-01-16 23:00:00,-1.4,2507.3759737952023,2469.6737713473694,3.744649342819446e-14,0.0
2023-01-17 00:00:00,-1.6,2576.4496306767446,2586.4879872570805,2.948146258407206e-13,0.0
2023-01-17 01:00:00,0.6,2362.691506993716,2390.428665638554,1.3444639925678942e-14,0.0
2023-01-17 02:00:00,0.2,2444.629046933884,2417.6079218138125,1.0080807546985699e-13,0.0
2023-01-17 03:00:00,0.3,2473.71340583671,2426.1180699832557,4.788503640707914e-14,0.0
2023-01-17 04:00:00,0.5,2454.8084026354954,2419.3128148634223,9.952858954687082e-14,0.0
2023-01-17 05:00:00,2.1,2252.6634397150174,2188.7408524490847,5.123136256375489e-14,0.0
2023-01-17 06:00:00,0.8,2241.0327256620967,2280.203598551373,3.634117940559045e-13,0.0
2023-01-17 07:00:00,1.6,2160.188532355843,2162.0778627705995,3.184943378739556e-14,0.0
2023-01-17 08:00:00,3.3,2064.95835604645,1952.3510035379281,6.54284222753521e-15,0.0
2023-01-17 09:00:00,4.0,1882.6345518483847,1745.5158193636037,2.4191010019862784e-13,0.0
2023-01-17 10:00:00,4.8,1148.4652038274685,966.1139660272315,8.010568377266847e-15,0.0
2023-01-17 11:00:00,6.0,46.38861173717811,180.21954917216294,0.0,0.0
2023-01-17 12:00:00,6.6,58.477723973617366,270.0356567166167,6.2743615437670305e-16,0.0
2023-01-17 13:00:00,5.7,0.0,61.6450346191069,0.0,0.0
2023-01-17 14:00:00,6.2,362.05260738603846,719.4858337472244,4.6058164955821956e-05,0.0
2023-01-17 15:00:00,6.0,697.705942507805,787.4307958226084,2.4221042952220255e-05,0.0
2023-01-17 16:00:00,5.1,1169.0207040634891,1373.2280322374918,1.8395843333321253e-13,0.0
2023-01-17 17:00:00,4.2,1523.4423978958225,1600.8198643417545,2.5156845326056667e-13,0.0
2023-01-17 18:00:00,4.5,1467.3773794451395,1598.3167967125628,4.663647713191542e-14,0.0
2023-01-17 19:00:00,4.2,1536.4337988267919,1663.677686530563,2.0019033070776934e-13,0.0
2023-01-17 20:00:00,3.8,1667.6331254695126,1763.1077204311619,8.777878263700966e-14,0.0
2023-01-17 21:00:00,3.5,1754.3585239772087,1859.7681901024403,7.309399780730028e-14,0.0
2023-01-17 22:00:00,3.0,1916.3755328980212,2035.132601110363,0.0,0.0
2023-01-17 23:00:00,3.0,2005.8570684120114,2079.9695698426976,4.2568725297539886e-13,0.0
2023-01-18 00:00:00,2.9,2061.1213612984766,2108.1166366608454,9.202396930858314e-14,0.0
2023-01-18 01:00:00,2.6,2102.1417409026308,2137.8873402222744,1.002652267488149e-13,0.0
2023-01-18 02:00:00,1.9,2190.143211528131,2258.6115225296935,2.9008886942383386e-13,0.0
2023-01-18 03:00:00,1.5,2258.091327343842,2306.3203665404826,0.0,0.0
2023-01-18 04:00:00,1.5,2266.8068968129382,2307.58401382999,0.0,0.0
2023-01-18 05:00:00,1.6,2199.2114014846557,2280.941835104824,3.053522617966621e-14,0.0
2023-01-18 06:00:00,1.6,2087.853557780181,2180.0848875535485,0.0,0.0
2023-01-18 07:00:00,2.0,2027.668031985721,2135.6041453995513,5.862004304080157e-14,0.0
2023-01-18 08:00:00,2.2,2055.4879101483607,2076.1913540945443,2.023317567243041e-13,0.0
2023-01-18 09:00:00,2.7,1971.5552755682952,1935.4085038801547,1.1042876317029976e-13,0.0
2023-01-18 10:00:00,3.8,1281.1612003142882,1235.8935298477577,1.2758542343693661e-13,0.0
2023-01-18 11:00:00,5.3,207.32146416196508,224.13205236419734,2.2587701557561317e-14,0.0
2023-01-18 12:00:00,5.9,54.04737088969357,182.28592816260914,3.1371807718835152e-16,0.0
2023-01-18 13:00:00,6.3,358.9175820261029,532.9704180706601,4.457311267508362e-14,0.0
2023-01-18 14:00:00,6.5,672.4101306946116,852.7203300095123,2.5859122671328923e-14,0.0
2023-01-18 15:00:00,6.5,223.32162722163343,370.5005041952284,4.907131670651407e-14,0.0
2023-01-18 16:00:00,4.5,1082.9106202710636,780.8017734300347,8.365815391689374e-16,0.0
2023-01-18 17:00:00,4.5,1545.1367467716834,1556.517143856866,2.171061740016446e-14,0.0
2023-01-18 18:00:00,3.5,1532.2583640915268,1742.1178275130546,2.870288988514853e-14,0.0
2023-01-18 19:00:00,4.0,1547.3310377955695,1672.5575448318018,1.2536267292388305e-13,0.0
2023-01-18 20:00:00,3.4,1678.7277456161892,1826.0391113537844,2.102293091777966e-13,0.0
2023-01-18 21:00:00,1.4,1933.8132970158072,2105.3342800411483,1.9223344295530092e-13,0.0
2023-01-18 22:00:00,0.5,2156.6745819966745,2319.0155235603434,1.0632118619744719e-13,0.0
2023-01-18 23:00:00,1.0,2245.5425361922507,2306.6951995921163,3.598563225144365e-13,0.0
2023-01-19 00:00:00,1.9,2243.4224521736724,2240.434656150907,3.0640220943762813e-13,0.0
2023-01-19 01:00:00,2.1,2245.924055207157,2157.538278456963,8.16853706669233e-14,0.0
2023-01-19 02:00:00,2.2,2264.2106723187335,2161.8873249604276,2.019662753800639e-14,0.0
2023-01-19 03:00:00,1.8,2321.3061378266984,2252.2277983572094,2.8179164604146296e-13,0.0
2023-01-19 04:00:00,1.4,2365.720802182908,2296.124815801307,1.903105254539219e-13,0.0
2023-01-19 05:00:00,0.7,2357.672399127567,2389.089129991743,2.6207264457201697e-13,0.0
2023-01-19 06:00:00,0.4,2295.607707734538,2332.183296457745,2.0781014576715112e-13,0.0
2023-01-19 07:00:00,0.6,2252.472412766554,2315.0585072880376,4.684856619346051e-14,0.0
2023-01-19 08:00:00,0.8,2288.701385416904,2292.345042290005,2.0077956940054494e-14,0.0
2023-01-19 09:00:00,1.5,2114.697714457873,2063.513794509121,1.1210192624863764e-13,0.0
2023-01-19 10:00:00,2.3,1683.5486422287909,1362.7622201288834,2.0077956940054494e-14,0.0
2023-01-19 11:00:00,2.9,1407.2987557749666,1124.8949260021109,1.7435182279466906e-14,0.0
2023-01-19 12:00:00,3.6,916.4523286623307,629.3453498581364,1.0038978470027247e-14,0.0
2023-01-19 13:00:00,3.0,1121.385893133026,1056.4988513086355,1.4312272299886187e-13,0.0
2023-01-19 14:00:00,3.2,1007.7995665160123,741.0484124707414,4.5175403115122635e-14,0.0
2023-01-19 15:00:00,3.0,1307.00295151967,1249.784866700939,6.100817338360365e-14,0.0
2023-01-19 16:00:00,2.5,1830.5399990500275,1649.1948444902196,0.0,0.0
2023-01-19 17:00:00,1.9,1986.2000882967254,1896.2257426266972,2.3193045702757655e-13,0.0
2023-01-19 18:00:00,1.2,1998.5775814293227,1997.6392534369245,2.5517084687387323e-13,0.0
2023-01-19 19:00:00,0.6,2103.2250980094886,2050.905700503749,8.19650055794944e-14,0.0
2023-01-19 20:00:00,-0.3,2283.2373784150213,2267.1068387684636,2.7524880381392773e-13,0.0
2023-01-19 21:00:00,-0.9,2504.2251268798354,2375.585375190456,8.541590442856627e-14,0.0
2023-01-19 22:00:00,-1.6,2628.7282921085407,2532.303043635214,3.373174225052567e-14,0.0
2023-01-19 23:00:00,-1.6,2717.046666029106,2577.962819693983,2.7188900022990463e-14,0.0
2023-01-20 00:00:00,-2.1,2813.79366795836,2659.6644694072893,0.0,0.0
2023-01-20 01:00:00,-1.8,2837.5526485142836,2614.8283519142597,2.1681265402355973e-13,0.0
2023-01-20 02:00:00,-2.4,2979.5034803100334,2740.484199748636,3.491802254996061e-14,0.0
2023-01-20 03:00:00,-2.7,3055.1137992424547,2796.9190048349938,2.5517084687387323e-13,0.0
2023-01-20 04:00:00,-3.0,3026.1827920663427,2833.233748096036,2.1681265402355973e-13,0.0
2023-01-20 05:00:00,-3.2,3017.395655291656,2832.6103695354996,1.6432010611746174e-14,0.0
2023-01-20 06:00:00,-3.3,2971.0127997348145,2833.7992199395303,9.159979118549296e-14,0.0
2023-01-20 07:00:00,-3.2,2886.524697260387,2795.0665526461653,1.6886491296066782e-13,0.0
2023-01-20 08:00:00,-2.8,2851.989430525717,2758.2237389448446,5.713124146098959e-13,0.0
2023-01-20 09:00:00,-2.0,2613.936109800977,2504.9683786337437,2.0077956940054494e-14,0.0
2023-01-20 10:00:00,-0.8,2164.5673146796244,1520.549478329478,3.555471541467983e-15,0.0
2023-01-20 11:00:00,0.5,1594.5636653228535,1016.7518617174945,9.097529870786912e-14,0.0
2023-01-20 12:00:00,1.3,1224.6320986532346,900.4668108237953,8.365815391689374e-16,0.0
2023-01-20 13:00:00,1.4,1127.6393451456745,867.8851245626059,0.0,0.0
2023-01-20 14:00:00,1.8,1421.497957649321,1206.0869093880874,9.836734854175257e-14,0.0
2023-01-20 15:00:00,1.7,1656.9753143361083,1604.0931289656437,1.8360851001020687e-13,0.0
2023-01-20 16:00:00,1.6,2036.8376042330342,1695.2345431722715,4.1417015890627024e-13,0.0
2023-01-20 17:00:00,1.2,2150.178003520713,1949.97083335048,9.952858954687082e-14,0.0
2023-01-20 18:00:00,1.0,2119.0745735701453,1930.7030118611024,8.029184250115653e-14,0.0
2023-01-20 19:00:00,0.5,2227.1464938963722,2042.323659544435,0.0,0.0
2023-01-20 20:00:00,0.4,2349.8150344990436,2124.270470122714,6.54284222753521e-15,0.0
2023-01-20 21:00:00,0.2,2406.7335866099775,2184.153804036879,1.939066060336388e-13,0.0
2023-01-20 22:00:00,0.1,2506.772618284499,2268.4751077884275,2.6620799167589706e-14,0.0
2023-01-20 23:00:00,0.1,2594.09408408525,2347.680888769781,3.5206449533165373e-13,0.0
2023-01-21 00:00:00,0.1,2599.7687731479245,2378.803967264593,0.0,0.0
2023-01-21 01:00:00,0.0,2658.496860682587,2451.2723010663003,1.1286402842498238e-13,0.0
2023-01-21 02:00:00,0.1,2686.8889615827393,2434.5857508039953,2.0077956940054494e-14,0.0
2023-01-21 03:00:00,0.1,2707.6203561964385,2433.0058303452715,3.014201727240686e-13,0.0
2023-01-21 04:00:00,0.0,2732.5045384949635,2467.683085164646,1.889428699007223e-13,0.0
2023-01-21 05:00:00,-0.1,2754.5829082993523,2486.5203805333394,7.851410673042253e-14,0.0
2023-01-21 06:00:00,-0.1,2742.572690038663,2481.2976731393805,7.851410673042253e-14,0.0
2023-01-21 07:00:00,-0.3,2718.0438205285745,2497.7657666082496,2.0077956940054494e-14,0.0
2023-01-21 08:00:00,-0.3,2695.6953242789004,2494.458698686799,2.8297792634089793e-13,0.0
2023-01-21 09:00:00,-0.3,2572.8343417375672,2320.1607951231613,0.0,0.0
2023-01-21 10:00:00,-0.3,2452.9391245458232,2288.9379490916917,0.0,0.0
2023-01-21 11:00:00,-0.2,2317.8187477620477,2146.1146974518633,2.587263184153412e-13,0.0
2023-01-21 12:00:00,0.9,1193.748615278239,639.8201864547688,8.832837007172533e-14,0.0
2023-01-21 13:00:00,-0.1,1382.2874710567212,1081.5869612405786,1.4457617177372002e-13,0.0
2023-01-21 14:00:00,0.3,1277.8782160501241,911.2794386292769,5.6247801701994684e-14,0.0
2023-01-21 15:00:00,0.3,1824.3301952547079,1865.0252285219121,4.1034789135945263e-14,0.0
2023-01-21 16:00:00,0.1,2364.4338740353555,1973.4994826074703,3.3981496673566814e-14,0.0
2023-01-21 17:00:00,0.1,2422.7409920901964,2104.9956455785555,0.0,0.0
2023-01-21 18:00:00,-0.1,2339.497426794901,2083.645427249863,1.0987665773891515e-13,0.0
2023-01-21 19:00:00,-0.2,2325.6577490263194,2101.851074718467,2.175112001839237e-14,0.0
2023-01-21 20:00:00,-0.9,2509.8899045692756,2210.348645722207,1.0760067212043333e-13,0.0
2023-01-21 21:00:00,-1.7,2651.011787343671,2372.308891555114,3.34632615667575e-15,0.0
2023-01-21 22:00:00,-2.3,2805.2988537122183,2529.1321908786904,1.0632118619744719e-13,0.0
2023-01-21 23:00:00,-2.6,2905.9698311317447,2634.1147336734057,2.507253458477661e-13,0.0
2023-01-22 00:00:00,-2.1,2904.3727374306823,2680.836900626754,9.035080623024527e-14,0.0
2023-01-22 01:00:00,-1.2,2857.3762143342065,2624.0246286756956,8.104867780220407e-14,0.0
2023-01-22 02:00:00,-0.7,2820.337253822707,2605.610305948714,2.6700754637369597e-13,0.0
2023-01-22 03:00:00,-0.6,2813.0524041072713,2597.7295849330762,1.889428699007223e-13,0.0
2023-01-22 04:00:00,-0.5,2802.4115930843623,2583.549262953664,2.019662753800639e-14,0.0
2023-01-22 05:00:00,-0.3,2705.0398937327436,2549.375951756999,1.3085684455070422e-14,0.0
2023-01-22 06:00:00,-0.1,2568.986563466245,2417.9977624396206,2.851379721981387e-13,0.0
2023-01-22 07:00:00,-0.1,2517.3167281077667,2409.7776946349195,2.3792708117723278e-14,0.0
2023-01-22 08:00:00,0.0,2556.006465569546,2404.5414192443204,0.0,0.0
2023-01-22 09:00:00,0.3,2470.263573150979,2276.552739547651,1.3085684455070422e-14,0.0
2023-01-22 10:00:00,0.3,2413.583423107285,2265.3917364912177,2.3424283096730246e-14,0.0
2023-01-22 11:00:00,0.3,2383.1495324568773,2245.5609514568678,2.6989224188582742e-14,0.0
2023-01-22 12:00:00,0.5,2289.1471173557775,2023.7101160738266,2.3908200914876143e-13,0.0
2023-01-22 13:00:00,1.1,2197.4835659769296,1791.9926180666653,2.4191010019862784e-13,0.0
2023-01-22 14:00:00,1.0,1801.8737270191823,1455.9627187979418,4.5799895592746485e-14,0.0
2023-01-22 15:00:00,0.9,1719.6970354933028,1585.5326290047365,6.54284222753521e-15,0.0
2023-01-22 16:00:00,0.8,1282.7757989129518,1659.87387853219,1.0038978470027247e-14,0.0
2023-01-22 17:00:00,0.3,1986.8685880168432,2027.6344953662183,0.0,0.0
2023-01-22 18:00:00,0.4,2245.919176797292,2025.3356133956427,2.870855033137505e-13,0.0
2023-01-22 19:00:00,0.4,2255.845572318132,2046.5636605103741,2.123113998953554e-13,0.0
2023-01-22 20:00:00,0.4,2353.139325466548,2122.8758173057968,9.369713238692102e-14,0.0
2023-01-22 21:00:00,0.3,2414.86335637531,2184.11901972338,0.0,0.0
2023-01-22 22:00:00,0.3,2522.8545286151475,2292.3619808039825,4.423909007877082e-14,0.0
2023-01-22 23:00:00,0.3,2597.730353478762,2355.024126299507,3.4349921694559856e-14,0.0
2023-01-23 00:00:00,0.3,2643.2812140816663,2530.6157011553305,1.8000306630012647e-13,0.0
2023-01-23 01:00:00,0.5,2649.073660218549,2516.335790530979,2.1811760492094655e-13,0.0
2023-01-23 02:00:00,0.6,2647.155205262672,2498.3420423675334,1.8974242459852114e-13,0.0
2023-01-23 03:00:00,0.5,2668.420271547042,2530.391018294472,2.019662753800639e-14,0.0
2023-01-23 04:00:00,0.6,2651.911635749147,2500.025468535331,1.967346970835052e-13,0.0
2023-01-23 05:00:00,0.8,2550.694881425842,2441.8153631829546,9.859206367047703e-14,0.0
2023-01-23 06:00:00,0.6,2456.755753626661,2342.9647350802243,2.735503886012312e-13,0.0
2023-01-23 07:00:00,-0.1,2472.5532640906404,2493.544465294298,1.0425434596375758e-13,0.0
2023-01-23 08:00:00,0.1,2503.027959602091,2455.244585464019,1.9710312210449824e-13,0.0
2023-01-23 09:00:00,0.7,2343.964760266935,2245.6620903983794,5.50645714993336e-14,0.0
2023-01-23 10:00:00,1.4,1933.5604022519974,1812.3299651209736,2.0077956940054494e-14,0.0
2023-01-23 11:00:00,1.7,1768.942040582533,1736.9705621384048,1.802122116849187e-13,0.0
2023-01-23 12:00:00,1.9,1822.5778622816633,1624.7802880242784,1.802122116849187e-13,0.0
2023-01-23 13:00:00,2.0,1596.367919906541,1531.7013674765362,2.0077956940054494e-14,0.0
2023-01-23 14:00:00,2.4,1134.063820755211,1046.1310730955463,0.0,0.0
2023-01-23 15:00:00,2.3,839.7831247797466,880.8625419309087,2.3424283096730255e-14,0.0
2023-01-23 16:00:00,2.0,961.2009389558527,871.731737843598,2.2899947796373242e-14,0.0
2023-01-23 17:00:00,1.6,1764.9376751027517,1906.3255426810504,2.4191010019862784e-13,0.0
2023-01-23 18:00:00,1.2,2034.1387950522585,2023.349030756275,1.848727454493238e-13,0.0
2023-01-23 19:00:00,1.0,2075.5319899420065,2075.5341311272746,2.2716535057077532e-13,0.0
2023-01-23 20:00:00,1.1,2165.7842954123225,2156.013704401017,9.035080623024527e-14,0.0
2023-01-23 21:00:00,0.8,2246.830680133763,2216.665929050586,2.0446381961047537e-13,0.0
2023-01-23 22:00:00,0.9,2351.8930930636707,2341.417822098664,7.851410673042253e-14,0.0
2023-01-23 23:00:00,0.7,2438.6272270213894,2416.6213333182177,0.0,0.0
2023-01-24 00:00:00,0.8,2480.3126502717228,2441.045169871937,1.967346970835052e-13,0.0
2023-01-24 01:00:00,1.2,2477.121021704272,2398.1939466239055,2.6620799167589706e-14,0.0
2023-01-24 02:00:00,1.5,2466.998267408545,2380.489720671595,1.8974242459852114e-13,0.0
2023-01-24 03:00:00,1.5,2480.7097144756726,2382.1214440555777,1.8319958237098591e-13,0.0
2023-01-24 04:00:00,1.4,2488.8676845214222,2403.7031865759263,4.089276392209507e-14,0.0
2023-01-24 05:00:00,1.4,2412.771420315429,2369.3240936058282,4.669875610764422e-14,0.0
2023-01-24 06:00:00,1.4,2302.2652569904494,2229.128508689592,4.387066505777777e-14,0.0
2023-01-24 07:00:00,1.4,2255.3246243120657,2212.6189485095438,6.54284222753521e-15,0.0
2023-01-24 08:00:00,1.4,2295.5008098611534,2219.626454849785,1.1115614366190133e-13,0.0
2023-01-24 09:00:00,1.7,2154.458557750202,2114.7259269645547,1.0513490589801224e-13,0.0
2023-01-24 10:00:00,2.1,1825.6980923670667,1713.066643167674,2.3633428481522477e-14,0.0
2023-01-24 11:00:00,2.8,1169.3979077940994,995.0861170157693,4.6208823231967436e-14,0.0
2023-01-24 12:00:00,3.4,846.672460145003,864.7893796157236,3.271421113767605e-15,0.0
2023-01-24 13:00:00,2.9,1125.2459898690456,1457.7149324803431,3.271421113767605e-15,0.0
2023-01-24 14:00:00,3.1,1416.1690761175628,1333.1214515291604,9.167469622840108e-14,0.0
2023-01-24 15:00:00,3.4,1261.637818396256,1026.590584208761,5.565881552783338e-14,0.0
2023-01-24 16:00:00,3.1,1260.854377774256,1682.1213431140984,1.3085684455070422e-13,0.0
2023-01-24 17:00:00,2.9,1732.408379130864,1816.7725857080356,2.0077956940054494e-14,0.0
2023-01-24 18:00:00,2.6,1859.3648491800873,1862.3117852541482,5.516914419172971e-14,0.0
2023-01-24 19:00:00,2.4,1910.5763574905754,1881.7028956264246,4.5175403115122635e-14,0.0
2023-01-24 20:00:00,2.2,2024.331035990822,1963.9712573041481,4.5175403115122635e-14,0.0
2023-01-24 21:00:00,2.2,2086.8092487197423,2012.8155412432925,6.54284222753521e-15,0.0
2023-01-24 22:00:00,2.1,2199.77514527109,2167.112518498371,2.0077956940054494e-14,0.0
2023-01-24 23:00:00,2.1,2276.404873984661,2238.5975880119368,2.2538761480004132e-13,0.0
2023-01-25 00:00:00,2.1,2317.1223142304652,2257.607513668805,4.146086477749582e-14,0.0
2023-01-25 01:00:00,2.4,2313.5029729094504,2260.9998343436837,0.0,0.0
2023-01-25 02:00:00,2.5,2323.8737470167625,2271.819481550003,1.2703583600222093e-13,0.0
2023-01-25 03:00:00,2.3,2350.455658876863,2279.9387982894223,0.0,0.0
2023-01-25 04:00:00,2.3,2354.400241793185,2279.9698198466717,1.9056027987696304e-13,0.0
2023-01-25 05:00:00,2.2,2286.6995174524027,2289.7078211495473,6.24252690053107e-14,0.0
2023-01-25 06:00:00,2.0,2191.455120545788,2144.3515637436412,1.783299032217886e-13,0.0
2023-01-25 07:00:00,1.9,2156.713375872896,2174.002073106174,2.948024254536252e-14,0.0
2023-01-25 08:00:00,1.6,2218.594994021616,2196.200469008998,1.5576702811850195e-14,0.0
2023-01-25 09:00:00,1.6,2104.673495259042,2011.5354028259085,0.0,0.0
2023-01-25 10:00:00,1.9,1859.9123581059807,1735.9484097998293,1.2536267292388305e-13,0.0
2023-01-25 11:00:00,2.2,1597.0588278552368,1644.9093866901505,1.568127550424631e-14,0.0
2023-01-25 12:00:00,2.6,1383.7321774995285,1206.5123242979112,1.504945215236314e-13,0.0
2023-01-25 13:00:00,2.5,1389.4553788220132,1121.7844175900455,6.040809070112928e-14,0.0
2023-01-25 14:00:00,2.6,1538.2263757895112,1164.7080447981184,9.487121229926054e-14,0.0
2023-01-25 15:00:00,2.9,1316.0449014876792,1066.1311273943816,4.929603183523852e-14,0.0
2023-01-25 16:00:00,2.6,1342.9253971793946,1747.7395443665434,8.770387759410151e-14,0.0
2023-01-25 17:00:00,2.3,1815.3912037978096,1868.8742068627096,7.501628580951208e-14,0.0
2023-01-25 18:00:00,2.1,1907.9024447611873,1898.1682370756125,2.7702653958466175e-13,0.0
2023-01-25 19:00:00,1.9,1943.9049086997875,1964.0786576248547,1.673163078337875e-15,0.0
2023-01-25 20:00:00,1.8,2046.2700843348675,2048.908277426054,3.003462499889959e-13,0.0
2023-01-25 21:00:00,1.6,2120.654999870514,2091.562591972119,2.2119545039385406e-14,0.0
2023-01-25 22:00:00,1.6,2230.349096371699,2234.730212672852,1.3903539733512319e-14,0.0
2023-01-25 23:00:00,1.6,2306.316685806785,2306.2560251622613,2.5236736943823957e-13,0.0
2023-01-26 00:00:00,1.6,2342.4182991427515,2330.9969241522963,0.0,0.0
2023-01-26 01:00:00,0.9,2451.4818160771097,2466.922306142863,4.3517391317399957e-13,0.0
2023-01-26 02:00:00,0.8,2490.058145689917,2480.962398986235,0.0,0.0
2023-01-26 03:00:00,0.7,2509.0650808810997,2490.189541284471,0.0,0.0
2023-01-26 04:00:00,0.7,2515.993727301342,2490.241244068288,6.54284222753521e-15,0.0
2023-01-26 05:00:00,0.6,2450.1286482715877,2467.253729238004,4.089276392209507e-14,0.0
2023-01-26 06:00:00,0.5,2346.508460961156,2370.888581282483,4.5175403115122635e-14,0.0
2023-01-26 07:00:00,0.5,2307.6512923074956,2354.3527327511038,8.897137597003426e-14,0.0
2023-01-26 08:00:00,0.5,2343.776518051839,2366.5841646325107,2.6171368910140845e-13,0.0
2023-01-26 09:00:00,0.7,2277.7354331433025,2274.9728150553033,2.00449448261174e-13,0.0
2023-01-26 10:00:00,0.9,2155.7828651742984,2224.387986109832,9.88916838421096e-15,0.0
2023-01-26 11:00:00,1.4,1961.172454006798,2026.3420391328923,7.535167382418031e-14,0.0
2023-01-26 12:00:00,1.9,1818.0682422579027,1620.399560786037,0.0,0.0
2023-01-26 13:00:00,1.4,1740.9900844495892,1636.3184369739497,2.0077956940054494e-14,0.0
2023-01-26 14:00:00,1.8,1676.4852725874443,1517.121107010847,8.443245648033391e-14,0.0
2023-01-26 15:00:00,1.8,1687.4810438472323,1137.710613729057,1.673163078337875e-15,0.0
2023-01-26 16:00:00,1.6,1785.5803971815114,1849.564423068075,2.1946926505012998e-13,0.0
2023-01-26 17:00:00,1.1,2101.126701214311,2050.128430401188,1.0799434927578506e-13,0.0
2023-01-26 18:00:00,0.9,2136.7685050558875,2064.6336662571603,7.215515775332087e-14,0.0
2023-01-26 19:00:00,0.8,2177.646191869563,2084.815857654351,1.0098313769003194e-14,0.0
2023-01-26 20:00:00,0.6,2287.190146712424,2186.8639897829066,1.0193838982715278e-13,0.0
2023-01-26 21:00:00,0.3,2364.3905297350184,2298.220124455441,2.6620799167589706e-14,0.0
2023-01-26 22:00:00,0.0,2485.393556110415,2498.868642949794,3.34632615667575e-15,0.0
2023-01-26 23:00:00,-0.2,2582.2909250113016,2578.544236441679,4.788503640707914e-14,0.0
2023-01-27 00:00:00,-0.3,2626.9052808643164,2606.229786112121,1.0632118619744719e-13,0.0
2023-01-27 01:00:00,0.0,2642.8486137367263,2632.941391249064,1.7665674014345072e-13,0.0
2023-01-27 02:00:00,0.1,2653.61929264415,2595.331670459559,1.8711400938306243e-13,0.0
2023-01-27 03:00:00,-0.1,2686.255969179493,2654.0920746899346,2.019662753800639e-14,0.0
2023-01-27 04:00:00,-0.3,2715.730269333632,2665.934148932009,1.8376768322638667e-13,0.0
2023-01-27 05:00:00,-0.7,2745.2083931786146,2666.6024833589136,1.1042876317029976e-13,0.0
2023-01-27 06:00:00,-0.7,2699.4084552146437,2654.867240049407,2.7188900022990463e-14,0.0
2023-01-27 07:00:00,-1.1,2655.7331609434195,2611.711877125679,3.316364139512492e-14,0.0
2023-01-27 08:00:00,-1.2,2703.664066750387,2594.90274287128,2.3424283096730246e-14,0.0
2023-01-27 09:00:00,-0.9,1616.6997499140502,1100.8233103182513,5.316059309872359e-14,0.0
2023-01-27 10:00:00,0.2,717.8531979528611,615.7701979709763,2.5059993653614058e-14,0.0
2023-01-27 11:00:00,0.8,1082.5487378033315,1328.6232436999774,1.4374721547648572e-13,0.0
2023-01-27 12:00:00,1.3,1113.4046423641357,1317.4911523259093,1.0038978470027247e-14,0.0
2023-01-27 13:00:00,0.3,1071.8676572376949,1298.1169305506423,1.0038978470027247e-14,0.0
2023-01-27 14:00:00,0.6,1752.241360361777,2210.7967840007377,6.252984169770681e-14,0.0
2023-01-27 15:00:00,0.8,2012.2466797506759,2117.831844984668,2.4001853502515513e-14,0.0
2023-01-27 16:00:00,0.6,2006.0857695087861,2104.605426175801,2.1241597258775152e-13,0.0
2023-01-27 17:00:00,0.1,2168.097458060375,2163.963611795633,2.2183214325857336e-13,0.0
2023-01-27 18:00:00,-0.2,2186.650583253709,2195.8356165542573,1.784344759141847e-13,0.0
2023-01-27 19:00:00,-0.4,2272.7277691848517,2229.8567835465155,1.673163078337875e-15,0.0
2023-01-27 20:00:00,-0.9,2429.826438472751,2390.7942678837376,2.836487023702344e-13,0.0
2023-01-27 21:00:00,-0.5,2448.8471616892634,2407.061237918595,6.54284222753521e-15,0.0
2023-01-27 22:00:00,-0.5,2534.9512979198294,2461.217440082444,1.1559217513762395e-13,0.0
2023-01-27 23:00:00,-0.7,2640.7131787083176,2612.471163216445,0.0,0.0
2023-01-28 00:00:00,-0.6,2645.014990292084,2599.7184713269,2.285866488675696e-13,0.0
2023-01-28 01:00:00,-0.9,2726.2710737134885,2646.1161907164037,2.0077956940054494e-14,0.0
2023-01-28 02:00:00,-0.8,2757.7303266018753,2690.7800154786173,9.159979118549296e-14,0.0
2023-01-28 03:00:00,-0.6,2765.0526645286236,2668.2100138243277,1.220163467672073e-13,0.0
2023-01-28 04:00:00,-0.7,2792.869234204551,2687.8201937549793,2.785951299706035e-13,0.0
2023-01-28 05:00:00,-0.8,2817.981272440836,2693.5330955491686,9.494611734216871e-14,0.0
2023-01-28 06:00:00,-0.8,2805.949463229185,2670.8800344678903,1.1389375992492741e-13,0.0
2023-01-28 07:00:00,-0.8,2767.0951702926986,2662.731379562692,0.0,0.0
2023-01-28 08:00:00,-0.8,2739.2345739114503,2659.898734262126,1.8000306630012647e-13,0.0
2023-01-28 09:00:00,-0.7,2635.4851013602315,2515.324052928593,9.216789204089372e-14,0.0
2023-01-28 10:00:00,-0.5,2452.365469454228,2401.912193576551,1.3653785310471178e-14,0.0
2023-01-28 11:00:00,-0.3,2263.831186593102,1872.1704309969687,4.8521729271798386e-14,0.0
2023-01-28 12:00:00,-0.1,2212.9540967714142,1885.4948522890159,8.505694895795775e-14,0.0
2023-01-28 13:00:00,-0.1,2140.319701012656,1784.1353277687517,6.525336005517712e-14,0.0
2023-01-28 14:00:00,0.5,2143.3110983537604,1722.5125208663835,1.2368950984554518e-13,0.0
2023-01-28 15:00:00,0.5,2300.541343042266,2191.3458879393766,1.7459011274980302e-14,0.0
2023-01-28 16:00:00,0.3,2462.466479628697,2231.645812483185,1.8319958237098591e-13,0.0
2023-01-28 17:00:00,0.4,2497.680716155428,2195.116940377716,0.0,0.0
2023-01-28 18:00:00,0.5,2390.724615489238,2092.496875352933,9.597311800540283e-14,0.0
2023-01-28 19:00:00,0.3,2371.1616944941907,2132.4792051215145,8.186043288709829e-14,0.0
2023-01-28 20:00:00,0.3,2429.43564195436,2200.011170787201,6.54284222753521e-15,0.0
2023-01-28 21:00:00,0.2,2480.0120538550277,2304.854766225483,9.369713238692102e-14,0.0
2023-01-28 22:00:00,0.1,2579.006688701197,2399.392523904022,0.0,0.0
2023-01-28 23:00:00,-0.1,2713.7590208012125,2574.5139056992734,3.1050978641048074e-13,0.0
2023-01-29 00:00:00,-0.5,2796.6004757321216,2623.936132888575,3.316364139512492e-14,0.0
2023-01-29 01:00:00,-0.1,2784.8257164975394,2638.731891964063,1.3803595396287467e-14,0.0
2023-01-29 02:00:00,-0.3,2808.574264191222,2664.302425548023,3.34632615667575e-15,0.0
2023-01-29 03:00:00,-0.8,2905.386450359295,2693.720954822453,0.0,0.0
2023-01-29 04:00:00,-1.8,3012.054658097245,2813.653321378644,1.6877106881699063e-13,0.0
2023-01-29 05:00:00,-3.2,3066.9921384938534,2974.473528258065,1.1765837685118762e-13,0.0
2023-01-29 06:00:00,-4.0,3041.8025446035417,2873.5591106583033,0.0,0.0
2023-01-29 07:00:00,-4.1,3018.283422337093,2918.659558201189,2.0077956940054494e-14,0.0
2023-01-29 08:00:00,-4.0,2860.9742538951095,2780.1142300398583,9.035080623024527e-14,0.0
2023-01-29 09:00:00,-3.0,1429.9504772238888,1077.2433678778325,0.0,0.0
2023-01-29 10:00:00,-2.4,581.055168769943,503.04085140382904,2.422341211444512e-14,0.0
2023-01-29 11:00:00,-1.4,300.11888120997673,386.4254236333973,0.0,0.0
2023-01-29 12:00:00,-0.7,174.72833454854307,131.81291364287648,0.0,0.0
2023-01-29 13:00:00,-0.7,66.35464921525191,131.93049662065164,1.1293850778780655e-14,0.0
2023-01-29 14:00:00,-0.2,847.6168897732475,1286.3960155469035,1.8550537151834446e-14,0.0
2023-01-29 15:00:00,0.3,1148.8967813087834,1222.5566540579894,4.108002652936542e-15,0.0
2023-01-29 16:00:00,0.2,1246.5021320939923,1922.8823039049307,1.2758542343693661e-13,0.0
2023-01-29 17:00:00,-0.3,1858.681402778486,2179.644521009108,2.0368646695026137e-13,0.0
2023-01-29 18:00:00,-1.1,2053.951882212111,2284.619311973288,1.7665674014345072e-13,0.0
2023-01-29 19:00:00,-2.4,2249.8758123075304,2451.8004717938256,2.2837498548610856e-13,0.0
2023-01-29 20:00:00,-2.9,2486.6118505964832,2597.988214488614,3.533134802869013e-13,0.0
2023-01-29 21:00:00,-3.4,2638.14687285091,2695.182921269078,5.834230564669086e-14,0.0
2023-01-29 22:00:00,-3.1,2754.1837538178515,2837.7482727314673,2.0077956940054494e-14,0.0
2023-01-29 23:00:00,-2.8,2829.915125643108,2884.725204757574,4.4366428651714656e-13,0.0
2023-01-30 00:00:00,-2.1,2834.508798789436,2803.513452407399,4.4366428651714656e-13,0.0
2023-01-30 01:00:00,-2.4,2895.966019504425,2929.471374999755,3.7351010782490766e-13,0.0
2023-01-30 02:00:00,-2.0,2903.481190770153,2835.416234915462,8.186043288709829e-14,0.0
2023-01-30 03:00:00,-1.7,2895.3784464651517,2809.231999978298,1.3458989630901608e-13,0.0
2023-01-30 04:00:00,-1.6,2895.63362778906,2767.857075224401,1.2150421185394566e-13,0.0
2023-01-30 05:00:00,-1.8,2830.120164846801,2766.1821780359355,9.859206367047703e-14,0.0
2023-01-30 06:00:00,-1.6,2662.6464926849503,2610.8379901512144,2.4001853502515513e-14,0.0
2023-01-30 07:00:00,-0.9,2553.2718634085277,2517.9078304020154,9.035080623024527e-14,0.0
2023-01-30 08:00:00,-0.4,2536.4895837456093,2471.5135024222163,1.1398423471176773e-13,0.0
2023-01-30 09:00:00,0.8,2281.140155088552,2056.15669781943,1.7665674014345072e-13,0.0
2023-01-30 10:00:00,2.0,737.3479359503464,523.347474039293,0.0,0.0
2023-01-30 11:00:00,3.1,369.48724615074957,295.3348535177287,2.2082092517931333e-14,0.0
2023-01-30 12:00:00,2.7,1481.3408315169875,1677.448334000611,2.317256622252054e-15,0.0
2023-01-30 13:00:00,2.8,848.3492119620901,597.3036803985055,8.918114645798206e-14,0.0
2023-01-30 14:00:00,2.7,1488.5553280283466,1568.9878131268451,1.5911945446872542e-13,0.0
2023-01-30 15:00:00,2.5,1857.6097165337758,1788.5885046440894,7.037742198258687e-14,0.0
2023-01-30 16:00:00,2.5,1904.1682721322575,1747.2013478891406,0.0,0.0
2023-01-30 17:00:00,2.8,1948.2906465507974,1655.386375177909,1.8209746382480163e-14,0.0
2023-01-30 18:00:00,2.9,1899.7709736770025,1827.8082706180676,2.3424283096730246e-14,0.0
2023-01-30 19:00:00,2.6,1955.387089111644,1866.6485010206718,2.1855692710788487e-14,0.0
2023-01-30 20:00:00,2.6,2048.7386590739607,1953.4253778193336,1.673163078337875e-15,0.0
2023-01-30 21:00:00,3.2,2116.3600863045795,1943.8559594010565,1.2368950984554518e-13,0.0
2023-01-30 22:00:00,3.1,2201.511412192891,2070.6701473217227,9.241764646393486e-14,0.0
2023-01-30 23:00:00,3.2,2236.618721754211,2073.8469415162695,5.1718245342657846e-14,0.0
2023-01-31 00:00:00,3.4,2292.800535807577,2115.8726692203827,2.6620799167589706e-14,0.0
2023-01-31 01:00:00,3.0,2353.565699168605,2176.556364527565,1.0098313769003194e-14,0.0
2023-01-31 02:00:00,3.0,2379.3545002836177,2185.013775065383,3.34632615667575e-15,0.0
2023-01-31 03:00:00,2.9,2377.8717540158787,2202.108921395273,7.110943082935968e-15,0.0
2023-01-31 04:00:00,2.5,2378.0359981973616,2244.3569690380596,3.3981496673566814e-14,0.0
2023-01-31 05:00:00,2.1,2362.9358414559124,2295.8706475824893,3.555471541467983e-15,0.0
2023-01-31 06:00:00,2.9,2197.4281192554026,2063.425220960784,2.2837498548610856e-13,0.0
2023-01-31 07:00:00,2.9,2164.456690416453,2048.058928022394,1.7665674014345072e-13,0.0
2023-01-31 08:00:00,2.8,2080.6970960608132,1947.2610503291612,2.044638196104753e-14,0.0
2023-01-31 09:00:00,3.4,926.4638172697398,853.3145255974061,2.966750515263289e-14,0.0
2023-01-31 10:00:00,4.2,495.62660393960425,408.64134088451874,4.918367427087629e-14,0.0
2023-01-31 11:00:00,4.9,325.7029464745312,214.90013138314882,3.200871342359636e-14,0.0
2023-01-31 12:00:00,5.6,70.54621517781025,40.366540214358814,0.0,0.0
2023-01-31 13:00:00,5.5,138.4813907621375,256.95916223545447,1.681437390826349e-14,0.0
2023-01-31 14:00:00,6.0,32.52793859261164,46.14503038733647,0.0,0.0
2023-01-31 15:00:00,5.5,407.0229657407032,585.5630402207032,4.3560969224448715e-05,0.0
2023-01-31 16:00:00,4.7,548.9088085280091,782.7224064167092,6.461056699691021e-14,0.0
2023-01-31 17:00:00,4.0,1116.3800538355345,1505.3136874657507,6.017159184443471e-14,0.0
2023-01-31 18:00:00,3.8,1453.9842373714303,1735.2193438986897,1.1251432966471638e-13,0.0
2023-01-31 19:00:00,3.7,1524.7118033190957,1749.707416795618,1.0875560009196185e-14,0.0
2023-01-31 20:00:00,3.8,1617.8272401657937,1837.5832829466267,7.346936536105021e-14,0.0
2023-01-31 21:00:00,4.2,1659.1617925276544,1859.0332370021451,2.5517084687387323e-13,0.0
2023-01-31 22:00:00,4.5,1742.205211575392,1857.7205686350408,8.443245648033391e-14,0.0
2023-01-31 23:00:00,4.7,1810.5828071288747,1891.0796084585018,3.984888834020239e-13,0.0
2023-02-01 00:00:00,4.3,1895.6348443648114,2015.8342114146349,2.1859038979429373e-13,0.0
2023-02-01 01:00:00,3.4,2008.967614106234,2109.075887959407,8.186043288709829e-14,0.0
2023-02-01 02:00:00,4.0,2023.0278140871023,2051.0018342152316,9.035080623024527e-14,0.0
2023-02-01 03:00:00,3.9,2042.1372838522293,2046.2991906822174,5.339140842099572e-14,0.0
2023-02-01 04:00:00,3.7,2091.065872598353,2061.464407853963,1.2536267292388305e-13,0.0
2023-02-01 05:00:00,4.0,1972.6463435366304,2027.9859054587005,3.021239857597299e-13,0.0
2023-02-01 06:00:00,4.0,1857.7895964174527,1927.1606757284248,1.1249560340398934e-13,0.0
2023-02-01 07:00:00,3.9,1829.7008690190883,1918.0228548498126,6.075210592697283e-14,0.0
2023-02-01 08:00:00,3.6,1835.8496013985905,1886.1148703132353,1.783299032217886e-13,0.0
2023-02-01 09:00:00,4.7,1190.9876943962918,891.5829498634146,1.0882287989293542e-13,0.0
2023-02-01 10:00:00,4.7,1252.287722600302,1224.827248370973,6.54284222753521e-15,0.0
2023-02-01 11:00:00,5.5,1041.335943426298,958.9777936648195,4.601198465429157e-14,0.0
2023-02-01 12:00:00,5.3,771.4725812575122,649.2851271574312,5.431070208403251e-17,0.0
2023-02-01 13:00:00,3.5,1202.51544556568,1391.2082325901783,9.159979118549293e-14,0.0
2023-02-01 14:00:00,3.6,1390.7161189464605,1111.0470956397935,5.521438158514988e-14,0.0
2023-02-01 15:00:00,5.8,370.71505627094785,246.79095924229702,3.000457784571954e-14,0.0
2023-02-01 16:00:00,6.0,522.7589897764394,255.08320326912389,6.675188659342398e-14,0.0
2023-02-01 17:00:00,4.9,1266.7841774605276,1171.327061561717,4.093021644354915e-14,0.0
2023-02-01 18:00:00,4.2,1569.6911209367845,1697.6451131746408,2.0019033070776934e-13,0.0
2023-02-01 19:00:00,4.5,1583.560320299539,1596.3722963980708,1.95320651558572e-13,0.0
2023-02-01 20:00:00,4.2,1704.0130840245602,1793.2850256121856,6.951769866756161e-15,0.0
2023-02-01 21:00:00,4.4,1779.6852916263063,1808.6617074610674,2.3855378141242133e-13,0.0
2023-02-01 22:00:00,4.5,1877.2201929695743,1857.7205686350408,1.673163078337875e-15,0.0
2023-02-01 23:00:00,4.2,1966.8846426362893,2003.4502256054673,1.0073822446220405e-13,0.0
2023-02-02 00:00:00,4.1,2025.3243077119505,2033.6394148808022,2.2183214325857336e-13,0.0
2023-02-02 01:00:00,2.5,2168.470722562243,2208.3236700749726,2.4191010019862784e-13,0.0
2023-02-02 02:00:00,1.9,2264.9903273219725,2337.708983247565,4.873087465659062e-14,0.0
2023-02-02 03:00:00,2.5,2251.586687876425,2216.728438117927,4.3057860206207627e-13,0.0
2023-02-02 04:00:00,2.5,2304.9361022352846,2216.4193854638893,9.216789204089372e-14,0.0
2023-02-02 05:00:00,2.0,2298.092972654743,2294.208578344126,3.34632615667575e-15,0.0
2023-02-02 06:00:00,2.2,2212.463717005555,2129.7731078435054,0.0,0.0
2023-02-02 07:00:00,1.9,2205.8293755896693,2169.93119653772,3.136255100849263e-14,0.0
2023-02-02 08:00:00,2.0,1965.8998440849768,1948.4770173217255,5.907894284863495e-14,0.0
2023-02-02 09:00:00,3.4,629.4355204993002,657.0477201575659,7.546740074537935e-14,0.0
2023-02-02 10:00:00,5.2,78.22244982604761,172.62574107001228,1.254872308753406e-15,0.0
2023-02-02 11:00:00,6.4,30.719503532310245,32.03809020930609,5.646925389390329e-15,0.0
2023-02-02 12:00:00,6.8,55.662031508254785,156.31488086438512,1.1293850778780655e-14,0.0
2023-02-02 13:00:00,5.5,218.0821283523557,405.0354184848262,8.030267746989646e-15,0.0
2023-02-02 14:00:00,5.2,395.7038117420423,486.46678429110864,1.0018727160913293e-14,0.0
2023-02-02 15:00:00,4.8,485.6509676058037,628.1368167087619,9.01574434294272e-14,0.0
2023-02-02 16:00:00,3.6,577.6951784976106,974.9906452211064,4.4164185035862666e-14,0.0
2023-02-02 17:00:00,3.1,1248.5439004620766,1559.8492498100427,9.836734854175257e-14,0.0
2023-02-02 18:00:00,2.9,1570.4562231252658,1818.0390221740886,2.224566357361972e-13,0.0
2023-02-02 19:00:00,2.5,1668.0838393074391,1863.0952821408641,6.755101561113885e-14,0.0
2023-02-02 20:00:00,2.5,1730.3270356153384,1942.4234076766224,6.951769866756161e-15,0.0
2023-02-02 21:00:00,2.6,1786.1092648803194,2003.6263206286912,4.335007500956617e-13,0.0
2023-02-02 22:00:00,2.6,1899.92623983357,2104.5595016318157,4.1152433414890896e-14,0.0
2023-02-02 23:00:00,2.9,1987.118351178292,2109.1457681634156,6.085667861936894e-14,0.0
2023-02-03 00:00:00,2.6,2037.5718044108871,2164.158943086912,1.9233801564769704e-13,0.0
2023-02-03 01:00:00,2.0,2143.6357679725197,2318.6681853145546,2.0077956940054494e-14,0.0
2023-02-03 02:00:00,2.2,2170.91235834486,2272.7157987803257,1.6570248005442557e-13,0.0
2023-02-03 03:00:00,1.8,2227.3041030942686,2349.8373886859044,3.733914372269558e-13,0.0
2023-02-03 04:00:00,1.7,2263.0244983910598,2363.0115705321596,2.044638196104753e-14,0.0
2023-02-03 05:00:00,1.6,2272.170762460557,2358.9240856801966,6.181655911166104e-14,0.0
2023-02-03 06:00:00,2.1,2186.202453912849,2278.2723512204584,1.94115751418431e-13,0.0
2023-02-03 07:00:00,2.4,2091.676768700432,2112.0583524750027,2.6878528214443e-13,0.0
2023-02-03 08:00:00,3.7,1984.200599364534,1953.942463191731,1.568127550424631e-14,0.0
2023-02-03 09:00:00,4.8,1783.5237490074096,1733.7545010920899,1.3903539733512319e-14,0.0
2023-02-03 10:00:00,5.8,1547.6981155645599,1322.0617756328552,8.832837007172533e-14,0.0
2023-02-03 11:00:00,6.7,1314.842518523836,1034.8218719897277,8.443245648033391e-14,0.0
2023-02-03 12:00:00,6.7,1310.8813635146912,1101.436667763166,4.5175403115122635e-14,0.0
2023-02-03 13:00:00,6.5,1273.7950886547867,976.4864399414898,1.0066755591444966e-14,0.0
2023-02-03 14:00:00,6.8,1325.0935372106248,1018.5174583447535,0.0,0.0
2023-02-03 15:00:00,6.7,1357.5468646958923,1098.3904058496964,3.9257053365211274e-14,0.0
2023-02-03 16:00:00,6.0,1463.2741179896311,1378.306946888717,1.673163078337875e-15,0.0
2023-02-03 17:00:00,5.7,1573.319392530329,1423.3644928709996,8.610561955867178e-14,0.0
2023-02-03 18:00:00,5.2,1584.8232717854644,1520.756879214786,2.2286556337541816e-13,0.0
2023-02-03 19:00:00,5.5,1620.0521175511788,1476.4555871391512,2.7201704297917884e-13,0.0
2023-02-03 20:00:00,5.4,1724.8808677402894,1623.456999743707,0.0,0.0
2023-02-03 21:00:00,5.3,1768.0127140305563,1653.3695000496925,4.684856619346051e-14,0.0
2023-02-03 22:00:00,5.3,1866.8633224197565,1735.552671960084,4.684856619346051e-14,0.0
2023-02-03 23:00:00,5.3,1938.1582591501901,1837.1944764035425,2.0805337431656053e-14,0.0
2023-02-04 00:00:00,5.8,1898.5640258059957,1722.221541475686,1.1771476847341068e-14,0.0
2023-02-04 01:00:00,6.2,1896.0591123866054,1691.8849148041743,0.0,0.0
2023-02-04 02:00:00,6.1,1927.9286858239398,1731.5638940896506,5.2286346198058606e-14,0.0
2023-02-04 03:00:00,6.3,1930.4672356174556,1722.342182001421,1.066641462440395e-14,0.0
2023-02-04 04:00:00,5.7,1989.2473307346809,1817.0196878848424,1.0869037743948022e-13,0.0
2023-02-04 05:00:00,5.2,2082.4795481233195,1893.1092868776893,1.7540775518820302e-13,0.0
2023-02-04 06:00:00,3.9,2200.00436938811,2045.3617549065075,2.1063823681701752e-13,0.0
2023-02-04 07:00:00,2.5,2293.7998181348003,2189.8674611214656,1.05703006753413e-13,0.0
2023-02-04 08:00:00,1.8,2193.529479210945,2207.488221463058,1.7665674014345072e-13,0.0
2023-02-04 09:00:00,1.8,1121.1293636777466,1069.2471470418204,2.0077956940054494e-14,0.0
2023-02-04 10:00:00,2.1,331.29941943837485,380.0070746993698,5.2648458185461964e-14,0.0
2023-02-04 11:00:00,2.8,58.66585223115038,58.50356771510206,0.0,0.0
2023-02-04 12:00:00,3.2,41.42749836639394,30.00903218330854,0.0,0.0
2023-02-04 13:00:00,2.9,72.21589058492175,184.45676540430804,0.0,0.0
2023-02-04 14:00:00,3.2,22.242392131927897,30.00903218330854,0.0,8.208157744100266
2023-02-04 15:00:00,2.7,51.674293157172656,167.07068158561427,0.0,0.0
2023-02-04 16:00:00,1.9,537.3397354539959,889.7312956528474,4.1710619200536964e-14,0.0
2023-02-04 17:00:00,1.6,1483.7793278172135,1916.635272045121,1.3868120609907477e-14,0.0
2023-02-04 18:00:00,0.7,1743.8774116868985,2088.2577359161714,2.0512442556726755e-14,0.0
2023-02-04 19:00:00,0.2,1837.2565237319563,2151.8715214067242,9.833599621384623e-14,0.0
2023-02-04 20:00:00,0.1,1898.2947395465562,2234.2848484777105,2.425345926762517e-13,0.0
2023-02-04 21:00:00,0.2,1957.28151747797,2304.1296670704583,3.803432070937119e-13,0.0
2023-02-04 22:00:00,-0.2,2152.7507773253737,2431.7254582634137,2.8297434386104794e-14,0.0
2023-02-04 23:00:00,-0.9,2396.1239820131104,2586.6382839759017,9.576397262061061e-14,0.0
2023-02-05 00:00:00,-1.4,2540.5857571071206,2650.02473152465,3.69155081585641e-13,0.0
2023-02-05 01:00:00,-0.9,2546.0201681774124,2667.9027781102745,2.788042753553957e-13,0.0
2023-02-05 02:00:00,-1.2,2620.77828783528,2687.207588625157,1.8974242459852114e-13,0.0
2023-02-05 03:00:00,-2.2,2756.5866402813335,2756.1513178198384,7.851410673042253e-14,0.0
2023-02-05 04:00:00,-2.7,2841.997992174645,2856.3314120325213,3.533134802869013e-13,0.0
2023-02-05 05:00:00,-3.2,2841.1316290087107,2855.7449229089207,1.0632118619744719e-13,0.0
2023-02-05 06:00:00,-3.6,2799.895298649337,2885.457745686022,1.7665674014345072e-13,0.0
2023-02-05 07:00:00,-4.0,2820.634236664735,2881.346343903626,1.0214753521194501e-13,0.0
2023-02-05 08:00:00,-3.7,2481.882935505044,2537.948568990827,6.901797698143733e-15,0.0
2023-02-05 09:00:00,-2.2,1085.5796362979122,999.8766153427434,1.2842200497610555e-13,0.0
2023-02-05 10:00:00,-1.0,336.0906867885444,453.0205985934647,0.0,0.0
2023-02-05 11:00:00,0.0,81.8127214367659,251.07373663350563,1.254872308753406e-15,0.0
2023-02-05 12:00:00,0.6,59.155571066137924,111.78062120084859,1.1293850778780655e-14,0.0
2023-02-05 13:00:00,0.2,87.87677401897375,131.89328036813384,1.1293850778780655e-14,0.0
2023-02-05 14:00:00,0.2,275.0475349899792,553.5463393825985,2.810822468704415e-14,0.0
2023-02-05 15:00:00,0.1,453.88044003916116,575.403108590253,1.3350377318684796e-13,0.0
2023-02-05 16:00:00,-0.3,725.8563594094342,860.6914673504748,6.490850249012438e-14,0.0
2023-02-05 17:00:00,-1.2,1657.3183062507405,1836.9765656577013,4.1432165367050496e-13,0.0
2023-02-05 18:00:00,-1.7,2004.888311970326,2288.166189391248,1.16271108509e-14,0.0
2023-02-05 19:00:00,-2.5,2121.452111783793,2358.758939102155,2.769219668922656e-13,0.0
2023-02-05 20:00:00,-3.8,2330.1010263054673,2566.623948085773,5.442787863461435e-14,0.0
2023-02-05 21:00:00,-4.0,2517.962983616634,2689.7797971487234,4.609141524073346e-13,0.0
2023-02-05 22:00:00,-4.5,2764.0868796820014,2824.939278194152,3.7516917299768976e-13,0.0
2023-02-05 23:00:00,-4.8,2884.051628787499,2909.657053167476,6.901797698143733e-15,0.0
2023-02-06 00:00:00,-5.1,2990.6521342116685,2914.325516616122,4.914588481373853e-13,0.0
2023-02-06 01:00:00,-5.0,3017.7622136407076,2941.4970068263683,1.0987665773891515e-13,0.0
2023-02-06 02:00:00,-5.1,3044.107365522508,2965.9572147552076,3.555471541467983e-15,0.0
2023-02-06 03:00:00,-5.5,3076.7250726314987,2985.099993606824,3.6639916474197173e-13,0.0
2023-02-06 04:00:00,-5.2,3081.21189310761,2989.9000429739917,8.56250498133585e-14,0.0
2023-02-06 05:00:00,-4.9,2997.5470745567754,2972.274274951679,7.110943082935968e-15,0.0
2023-02-06 06:00:00,-4.8,2892.6468436326063,2927.8976796818233,1.1398423471176773e-13,0.0
2023-02-06 07:00:00,-4.8,2855.3364241335175,2897.410710847425,1.243323029038121e-13,0.0
2023-02-06 08:00:00,-4.5,2831.6919949719213,2788.2404113857538,2.0008102324018095e-13,0.0
2023-02-06 09:00:00,-3.5,2256.731310834047,1768.9628184965013,2.3424283096730246e-14,0.0
2023-02-06 10:00:00,-2.4,1503.2201374098504,1178.7894321107296,1.673163078337875e-15,0.0
2023-02-06 11:00:00,-1.6,1133.858750477717,974.3790496376831,1.026798150142996e-13,0.0
2023-02-06 12:00:00,-0.9,634.6610725743246,490.9934013357122,2.2587701557561317e-14,0.0
2023-02-06 13:00:00,-0.8,93.30673400901452,448.89851651926404,0.0,0.0
2023-02-06 14:00:00,-0.6,308.1071845860802,741.5142281784035,2.7494833228212726e-14,0.0
2023-02-06 15:00:00,-0.6,287.36164475047383,482.63632402974474,5.0194892350136244e-15,0.0
2023-02-06 16:00:00,-1.1,763.748193990599,714.3551857450932,6.184475492277259e-14,0.0
2023-02-06 17:00:00,-4.2,2055.3153989183056,1966.625793585451,2.3532675535286473e-13,0.0
2023-02-06 18:00:00,-4.6,2527.630745962516,2377.3251660683227,2.6171368910140845e-13,0.0
2023-02-06 19:00:00,-5.0,2593.8929697140657,2437.7257236802743,4.519055439573783e-13,0.0
2023-02-06 20:00:00,-4.7,2707.7436094411223,2468.249237079057,3.555471541467983e-15,0.0
2023-02-06 21:00:00,-5.2,2852.201378680329,2633.09867858966,2.844665576486763e-13,0.0
2023-02-06 22:00:00,-5.6,3033.881606897804,2741.7512222222595,0.0,0.0
2023-02-06 23:00:00,-5.8,3157.873393317039,2893.978755516072,3.533134802869013e-13,0.0
2023-02-07 00:00:00,-5.8,3231.077283030634,2938.382874490747,2.2499120680797873e-13,0.0
2023-02-07 01:00:00,-5.4,3247.051167690831,2953.6883995791272,4.389385301002598e-13,0.0
2023-02-07 02:00:00,-6.0,3332.4863927544184,3002.6637634982753,9.369713238692102e-14,0.0
2023-02-07 03:00:00,-6.3,3403.7676425067893,3029.487328814779,1.045726923961172e-13,0.0
2023-02-07 04:00:00,-6.3,3433.57234314778,3036.0857460692246,7.507393643006962e-14,0.0
2023-02-07 05:00:00,-6.5,3389.061687272142,3032.0403965730957,6.692652313351499e-15,0.0
2023-02-07 06:00:00,-6.7,3316.5000348832664,2987.400233999806,1.3761766319329023e-13,0.0
2023-02-07 07:00:00,-6.8,3299.430314876804,2957.334968840104,8.520675904377404e-14,0.0
2023-02-07 08:00:00,-6.1,2773.6580989543054,2599.3417217932983,0.0,0.0
2023-02-07 09:00:00,-4.4,1110.2350838933403,1059.4317918107945,8.876285568839759e-14,0.0
2023-02-07 10:00:00,-2.9,290.83253248209473,631.6760070774615,2.2082092517931333e-14,0.0
2023-02-07 11:00:00,-1.2,77.04813988613706,460.43225818399395,0.0,0.0
2023-02-07 12:00:00,0.1,29.969396932833526,304.9031239507411,5.646925389390329e-15,0.0
2023-02-07 13:00:00,-0.1,0.0,306.4569699988598,0.0,0.0
2023-02-07 14:00:00,0.7,1.9582540612469201,145.66714941282137,0.0,0.0
2023-02-07 15:00:00,0.7,17.663878237007363,317.1056286381982,0.0,0.0
2023-02-07 16:00:00,-0.1,288.79148509401233,628.5920796417574,1.7446086305431688e-14,0.0
2023-02-07 17:00:00,-2.9,1570.950533851104,1832.4976935950272,2.044155380121549e-13,0.0
2023-02-07 18:00:00,-4.2,2201.57333545853,2329.2023873918206,1.8006784568847762e-13,0.0
2023-02-07 19:00:00,-4.5,2317.9608183902083,2379.9031043097466,3.5414658604921256e-13,0.0
2023-02-07 20:00:00,-4.8,2495.036940353163,2510.4158017601985,9.856681153611836e-14,0.0
2023-02-07 21:00:00,-4.8,2595.5141003167755,2610.6109798108246,9.035080623024527e-14,0.0
2023-02-07 22:00:00,-5.1,2757.9105003446184,2716.4902715351395,3.672170200204136e-13,0.0
2023-02-07 23:00:00,-5.2,2877.463164389481,2879.922953806169,1.967346970835052e-13,0.0
2023-02-08 00:00:00,-5.4,2983.8397807727965,2926.876549176166,4.644696239488026e-13,0.0
2023-02-08 01:00:00,-4.5,2986.169385558575,2881.424881983513,1.9056027987696304e-13,0.0
2023-02-08 02:00:00,-4.6,3018.0891022771034,2911.20379839117,3.336849536042958e-13,0.0
2023-02-08 03:00:00,-5.3,3138.2249689751907,2985.099993606824,2.6381103030283655e-13,0.0
2023-02-08 04:00:00,-5.9,3234.069354126815,3011.785752044085,1.8070161246049046e-13,0.0
2023-02-08 05:00:00,-6.3,3227.612454516527,3029.420473935576,1.1724008608160317e-13,0.0
2023-02-08 06:00:00,-6.4,3155.1849566358032,2983.701965029111,3.7351010782490766e-13,0.0
2023-02-08 07:00:00,-6.8,3173.63570871947,2957.334968840104,6.901797698143733e-15,0.0
2023-02-08 08:00:00,-5.5,2534.9074572595296,2562.508746451529,1.3903539733512319e-14,0.0
2023-02-08 09:00:00,-3.6,615.8577972573579,1034.255095550137,1.6357105568838024e-15,0.0
2023-02-08 10:00:00,-1.8,59.37173017530356,558.2757811727795,1.1293850778780655e-14,0.0
2023-02-08 11:00:00,-0.1,0.0,310.05284928599684,0.0,0.0
2023-02-08 12:00:00,1.3,0.0,116.27207281722997,0.0,0.0
2023-02-08 13:00:00,0.6,0.0,117.48268602965491,0.0,0.0
2023-02-08 14:00:00,0.8,4.44433942683498e-16,124.17028095313563,3.126665586036371,0.0
2023-02-08 15:00:00,0.8,7.298628176519226,364.4266670014859,4.331445134693862,0.0
2023-02-08 16:00:00,0.3,171.93502801028103,644.2941335273281,9.463753936256283e-15,0.0
2023-02-08 17:00:00,-3.5,1413.2485106299725,1891.1820892226706,8.379657091105299e-14,0.0
2023-02-08 18:00:00,-4.0,2002.0644295359402,2323.3927453984998,7.346936536105021e-14,0.0
2023-02-08 19:00:00,-5.0,2103.136108192801,2437.7257236802743,1.1210192624863764e-13,0.0
2023-02-08 20:00:00,-4.6,2219.7634370145333,2468.249237079057,6.555667587732811e-13,0.0
2023-02-08 21:00:00,-3.9,2311.489598907975,2476.591284441007,4.584483861849135e-13,0.0
2023-02-08 22:00:00,-4.0,2504.339303646051,2577.9160416640316,3.9994953173873284e-13,0.0
2023-02-08 23:00:00,-4.6,2709.4207743397537,2809.4547042401473,7.299885390147203e-13,0.0
2023-02-09 00:00:00,-5.8,2913.7617433855653,2938.382874490747,7.748373671035156e-14,0.0
2023-02-09 01:00:00,-4.5,2887.0147693914696,2881.424881983513,2.002901686249732e-13,0.0
2023-02-09 02:00:00,-4.8,2951.2467931811852,2962.64511130345,1.709317531943574e-13,0.0
2023-02-09 03:00:00,-4.9,3017.2918059816975,2973.257479435708,8.206957827189051e-14,0.0
2023-02-09 04:00:00,-5.0,3061.233190699319,2979.887265695282,3.1153405623700396e-14,0.0
2023-02-09 05:00:00,-5.2,3035.724323770977,2982.191513887392,5.658792449185518e-14,0.0
2023-02-09 06:00:00,-5.3,2965.186270101717,2942.897855446954,2.0077956940054494e-14,0.0
2023-02-09 07:00:00,-5.5,2968.656003782961,2911.5504144178653,2.8653339788236587e-13,0.0
2023-02-09 08:00:00,-4.8,2425.0538583150874,2443.6531577478945,1.2351444762537019e-13,0.0
2023-02-09 09:00:00,-2.8,903.8932947002917,982.9613852085305,9.836734854175257e-14,0.0
2023-02-09 10:00:00,-0.1,171.42563152497615,365.64889102784184,5.520523129482833e-15,0.0
2023-02-09 11:00:00,1.9,60.64409371035798,248.78201627997976,0.0,0.0
2023-02-09 12:00:00,2.9,29.43891590311492,78.45013310761891,0.0,0.0
2023-02-09 13:00:00,3.1,0.0,78.45013310761891,0.0,0.0
2023-02-09 14:00:00,3.5,0.0,70.85764072099077,16.898861292198603,0.0
2023-02-09 15:00:00,3.3,1.7379424666890403e-15,72.15954475540192,28.96875168709707,0.0
2023-02-09 16:00:00,2.2,126.78768843404731,596.8558318904119,1.2871143101490036e-14,0.0
2023-02-09 17:00:00,0.1,1213.8155740521088,1334.4065924914896,6.153727641612591e-14,0.0
2023-02-09 18:00:00,-1.4,1816.5690366968242,2056.199426014935,1.7707503091303517e-13,0.0
2023-02-09 19:00:00,-2.0,1920.9046387832273,2140.2920541283625,2.010511229109651e-14,0.0
2023-02-09 20:00:00,-2.5,2147.8724387277134,2278.5493516950683,9.897573917533931e-14,0.0
2023-02-09 21:00:00,-3.1,2306.9887267641016,2413.6478260720964,2.5517084687387323e-13,0.0
2023-02-09 22:00:00,-3.7,2508.848667030071,2574.7073148210893,4.809921093473891e-13,0.0
2023-02-09 23:00:00,-4.2,2675.1156360212326,2724.187451579745,2.0619273579091037e-13,0.0
2023-02-10 00:00:00,-4.7,2775.189414813953,2833.572877854471,2.9043182947042623e-13,0.0
2023-02-10 01:00:00,-4.5,2856.9432756062424,2871.9121754102084,2.2292436657428913e-13,0.0
2023-02-10 02:00:00,-5.2,2978.1645227412373,2967.0673561931408,1.7555756527401932e-13,0.0
2023-02-10 03:00:00,-5.3,2942.126353332861,2975.8995604437223,5.143648961273063e-13,0.0
2023-02-10 04:00:00,-4.2,2849.762154870511,2826.886528358952,4.788503640707914e-14,0.0
2023-02-10 05:00:00,-4.0,2921.15336229472,2820.4022141987452,2.1419370835848551e-13,0.0
2023-02-10 06:00:00,-4.2,2977.9950274223265,2814.762647269763,1.3385304626703005e-13,0.0
2023-02-10 07:00:00,-3.2,2844.7001816798784,2715.174372373328,3.3981496673566814e-14,0.0
2023-02-10 08:00:00,-1.8,2110.1606503136336,2135.835017342261,0.0,0.0
2023-02-10 09:00:00,0.5,594.1302409248999,775.8406358056234,1.6357105568838024e-15,0.0
2023-02-10 10:00:00,2.4,64.27707143430592,304.49316086026306,0.0,0.0
2023-02-10 11:00:00,3.9,0.0,73.86488941631539,0.0,0.0
2023-02-10 12:00:00,4.3,0.0,16.467851263615003,0.0,0.0
2023-02-10 13:00:00,4.8,0.0,68.83545016080046,7.293815815137615,0.0
2023-02-10 14:00:00,5.4,5.293414008157023e-15,68.78382219337476,54.641291754205035,0.0
2023-02-10 15:00:00,5.5,7.031356474846064e-15,51.39780778238116,45.44554770238977,0.0
2023-02-10 16:00:00,3.8,0.0,675.0438861419105,4.369666257810072,0.0
2023-02-10 17:00:00,0.6,629.9964477085953,1555.458009896433,2.9067738886977e-14,0.0
2023-02-10 18:00:00,0.0,1428.0209105652546,1950.0375032023617,2.4214016012189927e-13,0.0
2023-02-10 19:00:00,-0.3,1507.312843146803,1995.792362937661,4.5799895592746485e-14,0.0
2023-02-10 20:00:00,-0.8,1746.951308648354,2096.4021673650423,4.5175403115122635e-14,0.0
2023-02-10 21:00:00,-1.1,1872.1031532447982,2168.195606111658,1.020679486038551e-13,0.0
2023-02-10 22:00:00,-1.4,2034.3977031244833,2288.2867511125582,7.179620228271233e-14,0.0
2023-02-10 23:00:00,-1.7,2244.2140067273644,2518.751731876299,3.7950314977768536e-13,0.0
2023-02-11 00:00:00,-1.9,2227.5423061475412,2576.435302971284,9.896048869147006e-14,0.0
2023-02-11 01:00:00,0.1,2193.6496465996242,2378.536216402147,1.8276845269418012e-13,0.0
2023-02-11 02:00:00,-0.2,2274.956331413896,2472.218820369745,1.1210192624863764e-13,0.0
2023-02-11 03:00:00,-0.9,2407.264317196433,2561.8259116407216,7.851410673042253e-14,0.0
2023-02-11 04:00:00,-0.9,2411.6455755897605,2562.437607240742,1.0425434596375758e-13,0.0
2023-02-11 05:00:00,-0.4,2388.4730358373154,2520.8716276280584,8.320577998269201e-15,0.0
2023-02-11 06:00:00,0.1,2357.6180494259943,2408.0098481536193,1.1257492396202679e-13,0.0
2023-02-11 07:00:00,0.4,2315.093287767773,2381.231212054268,3.555471541467983e-15,0.0
2023-02-11 08:00:00,1.8,2096.679205164283,2159.879485843702,5.3495981113391835e-14,0.0
2023-02-11 09:00:00,3.2,1587.5222684386945,1427.3653052619647,4.5175403115122635e-14,0.0
2023-02-11 10:00:00,4.2,360.0682199745851,240.6275617278996,2.044638196104753e-16,0.0
2023-02-11 11:00:00,5.7,92.56333840676389,163.86536998387177,0.0,0.0
2023-02-11 12:00:00,5.0,755.1976393987637,993.689836476012,9.349954130893693e-05,0.0
2023-02-11 13:00:00,7.8,677.4740273630691,488.40609540806213,6.748242360182037e-14,0.0
2023-02-11 14:00:00,7.8,48.2258867764993,22.683604403965788,1.960737982427197e-17,0.0
2023-02-11 15:00:00,6.6,210.58412836331937,376.6255005468249,1.104104625896567e-14,0.0
2023-02-11 16:00:00,5.2,1096.3073844659161,1439.6361417026344,9.84719212341487e-14,0.0
2023-02-11 17:00:00,4.9,1495.7719492715719,1384.3612461010962,1.5699283567192937e-13,0.0
2023-02-11 18:00:00,4.6,1483.2097287606139,1428.554626419976,1.4088319695355212e-13,0.0
2023-02-11 19:00:00,4.4,1488.4857154244492,1438.6592726079525,2.752361777467484e-13,0.0
2023-02-11 20:00:00,4.7,1545.1789273132747,1464.8221291315717,0.0,0.0
2023-02-11 21:00:00,4.3,1636.1143832488453,1571.7492608115367,4.747305867108436e-14,0.0
2023-02-11 22:00:00,4.2,1745.241823856933,1687.3749071449677,0.0,0.0
2023-02-11 23:00:00,4.0,1881.7908768358748,1899.4146061791375,6.54284222753521e-15,0.0
2023-02-12 00:00:00,4.2,1929.610590375038,1913.0389983811485,3.9257053365211274e-14,0.0
2023-02-12 01:00:00,4.9,1932.8912275383725,1844.3026404659963,2.1936469235773385e-13,0.0
2023-02-12 02:00:00,5.3,1887.9125133200032,1860.653251542066,2.435832632769657e-13,0.0
2023-02-12 03:00:00,5.2,1899.0944027985247,1861.3978825661115,3.9210131293372675e-14,0.0
2023-02-12 04:00:00,5.3,1913.8557051108216,1837.7524932052563,2.085061739308463e-13,0.0
2023-02-12 05:00:00,5.2,1851.8280362861476,1814.8989952252673,9.27530344786031e-14,0.0
2023-02-12 06:00:00,5.2,1734.3067704591972,1646.4072514629945,0.0,0.0
2023-02-12 07:00:00,4.8,1772.6586926127188,1709.83978250032,5.21271729818788e-14,0.0
2023-02-12 08:00:00,4.7,1764.184411413218,1708.1186729450214,7.431710112902206e-15,0.0
2023-02-12 09:00:00,5.3,1509.0749202370926,1236.3974136808638,1.699074833678341e-14,0.0
2023-02-12 10:00:00,6.7,412.6614852590439,221.05604877937657,0.0,0.0
2023-02-12 11:00:00,7.5,184.7138992280026,205.32670100053434,2.4788462873072028e-14,0.0
2023-02-12 12:00:00,7.8,362.30403703465254,377.584429323996,0.0,0.0
2023-02-12 13:00:00,8.5,539.3082526218357,645.1633939026533,5.019489235013626e-14,0.0
2023-02-12 14:00:00,8.9,130.46786430539998,151.0663677610013,1.104104625896567e-14,0.0
2023-02-12 15:00:00,8.7,440.75726638327285,609.2680151218946,8.178552784419014e-16,0.0
2023-02-12 16:00:00,8.1,444.26792711889254,458.50861933357544,6.6551997918974264e-15,0.0
2023-02-12 17:00:00,6.3,1028.178275932911,838.4190357251196,0.0,0.0
2023-02-12 18:00:00,3.9,1488.9400010114048,1530.4540771981226,0.0006367108718432833,0.0
2023-02-12 19:00:00,3.8,1540.406703472268,1537.0248285587318,9.447143495036116e-14,0.0
2023-02-12 20:00:00,3.5,1626.277160590978,1636.3337305446994,6.951769866756161e-15,0.0
2023-02-12 21:00:00,3.7,1731.3522516385099,1688.2126980478636,2.0982038153857565e-13,0.0
2023-02-12 22:00:00,3.4,1882.2224151612295,1862.8665192547767,1.2068635657550376e-13,0.0
2023-02-12 23:00:00,3.3,2000.3497525877065,1987.5211956033222,9.88916838421096e-15,0.0
2023-02-13 00:00:00,2.8,2132.668722337049,1994.32552647573,2.7807079467024645e-14,0.0
2023-02-13 01:00:00,3.2,2167.930169211245,1966.0640543940317,4.8521729271798386e-14,0.0
2023-02-13 02:00:00,3.6,2087.96645408658,1971.3140711395076,8.271237133015743e-14,0.0
2023-02-13 03:00:00,2.9,2178.8784581062228,2058.3298356401347,4.873087465659062e-14,0.0
2023-02-13 04:00:00,2.4,2192.5622426824734,2094.3419242708815,2.734817965919126e-14,0.0
2023-02-13 05:00:00,2.6,2124.4641037324955,2068.687432221858,2.4191010019862784e-13,0.0
2023-02-13 06:00:00,2.6,1998.878050121141,1980.3795286123461,1.9056027987696304e-13,0.0
2023-02-13 07:00:00,3.5,1887.3104767648174,1867.500608117908,3.007169801666157e-14,0.0
2023-02-13 08:00:00,4.3,1770.9125994516196,1745.9838292485504,9.2648461786207e-14,0.0
2023-02-13 09:00:00,5.0,1620.244345304589,1333.5452463910951,1.673163078337875e-15,0.0
2023-02-13 10:00:00,6.3,286.92668696476926,286.37109446928673,0.0,0.0
2023-02-13 11:00:00,7.7,0.0,23.87825507996215,0.0,0.0
2023-02-13 12:00:00,8.4,0.0,18.525796274228895,0.0,0.0
2023-02-13 13:00:00,7.8,0.0,110.3373046220348,0.0,0.0
2023-02-13 14:00:00,8.1,86.03049566982884,479.1834074817565,2.0014755810100758e-14,0.0
2023-02-13 15:00:00,8.1,390.168981492051,466.0063836642137,2.3557542213030054e-14,0.0
2023-02-13 16:00:00,7.8,382.7671127106705,591.5655714230188,2.422341211444512e-14,0.0
2023-02-13 17:00:00,6.3,918.1497992417005,1061.8824640623907,0.0,0.0
2023-02-13 18:00:00,6.2,1202.5524369510274,1131.328267529815,4.0126024598555796e-14,0.0
2023-02-13 19:00:00,5.8,1264.7580426294714,1206.9538368585047,9.614459802869904e-14,0.0
2023-02-13 20:00:00,5.1,1445.6771735260672,1432.7081693297287,9.85515610522491e-14,0.0
2023-02-13 21:00:00,4.5,1611.561672386068,1519.343443455376,1.3023235207308037e-13,0.0
2023-02-13 22:00:00,3.5,1845.3419107010945,1814.4725323821322,3.34632615667575e-15,0.0
2023-02-13 23:00:00,2.6,2026.1963521117234,1934.484978071379,9.409080954227274e-14,0.0
2023-02-14 00:00:00,2.3,2125.03265287642,2031.7373390827324,1.3903539733512319e-14,0.0
2023-02-14 01:00:00,2.0,2211.670514383938,2104.1454752683467,3.555471541467983e-15,0.0
2023-02-14 02:00:00,2.0,2167.969028480207,2144.783060373404,6.880883159664511e-14,0.0
2023-02-14 03:00:00,2.7,2120.338472931165,2059.2745286459003,6.54284222753521e-15,0.0
2023-02-14 04:00:00,2.8,2118.441611838305,2074.454117391138,2.169313246215116e-13,0.0
2023-02-14 05:00:00,2.2,2191.902153390647,2098.5481882998884,3.555471541467983e-15,0.0
2023-02-14 06:00:00,1.3,2202.7527630007658,2109.1326000839244,6.525336005517712e-14,0.0
2023-02-14 07:00:00,0.7,2230.252720592295,2179.4923960140363,6.003882334092705e-14,0.0
2023-02-14 08:00:00,1.1,1608.8531238765288,1754.32181494108,7.062878352427036e-15,0.0
2023-02-14 09:00:00,3.6,324.50758561854417,474.54126358657857,2.044638196104753e-16,0.0
2023-02-14 10:00:00,5.6,9.860565305829823,47.49113495011467,0.0,0.0
2023-02-14 11:00:00,7.0,0.0,30.16537708714981,0.0,0.0
2023-02-14 12:00:00,7.5,0.0,50.539919153555914,0.0,0.0
2023-02-14 13:00:00,6.0,0.0,252.1838454538575,0.0,0.0
2023-02-14 14:00:00,6.0,28.362455302315368,296.46294394129495,0.0,0.0
2023-02-14 15:00:00,6.1,90.86511472772267,407.10746994071064,1.1293850778780655e-14,0.0
2023-02-14 16:00:00,5.8,104.61185869414155,637.7351828100407,5.520523129482833e-15,0.0
2023-02-14 17:00:00,4.6,884.8949442584458,771.1861557884115,4.399136905357891e-14,0.0
2023-02-14 18:00:00,1.8,1447.196427865278,1706.783870145603,1.8279980502208648e-13,0.0
2023-02-14 19:00:00,0.6,1645.192004395154,1741.6732181497614,1.2568471969584013e-13,0.0
2023-02-14 20:00:00,-0.5,1916.2963318844736,1917.2608999861745,1.8319958237098591e-13,0.0
2023-02-14 21:00:00,-0.7,2048.289502654105,2009.733776226741,4.15329821652991e-13,0.0
2023-02-14 22:00:00,-1.6,2262.885027523008,2235.8553826933994,1.9056027987696304e-13,0.0
2023-02-14 23:00:00,-2.2,2445.207858581162,2385.648179518133,6.54284222753521e-15,0.0
2023-02-15 00:00:00,-2.4,2559.728507724735,2462.6773466237405,2.1419370835848551e-13,0.0
2023-02-15 01:00:00,-2.0,2586.6676998752505,2505.701458109462,9.88916838421096e-15,0.0
2023-02-15 02:00:00,-1.7,2612.0683899248643,2485.39932294731,1.802122116849187e-13,0.0
2023-02-15 03:00:00,-1.9,2674.2949214825258,2514.9988990613138,9.7252603928389e-14,0.0
2023-02-15 04:00:00,-2.5,2764.5439013148252,2599.9815740681756,3.7327822830242565e-14,0.0
2023-02-15 05:00:00,-3.0,2765.1385325600677,2677.5410102496307,4.015591388010901e-14,0.0
2023-02-15 06:00:00,-1.4,2576.0449799539647,2391.249201639718,3.555471541467983e-15,0.0
2023-02-15 07:00:00,-1.9,2543.8219109810566,2451.28490989559,2.0805337431656053e-14,0.0
2023-02-15 08:00:00,-2.0,1639.885194720697,2071.815890546662,2.0077956940054494e-14,0.0
2023-02-15 09:00:00,-0.2,206.21722269450117,678.788692640592,1.1245510078576145e-14,0.0
2023-02-15 10:00:00,1.8,0.0,233.40320220497782,0.0,0.0
2023-02-15 11:00:00,3.5,0.0,35.97375160185955,0.0,0.0
2023-02-15 12:00:00,5.7,0.0,45.343055687001026,0.0,0.0
2023-02-15 13:00:00,4.1,0.0,15.087432493460204,4.125418972368412,0.0
2023-02-15 14:00:00,4.7,0.0,281.26216785623393,0.0,0.0
2023-02-15 15:00:00,5.0,0.0,203.57827844877443,0.0,0.0
2023-02-15 16:00:00,4.8,0.0,360.5778255734411,1.5683038596306638,0.0
2023-02-15 17:00:00,2.7,606.6016924117012,856.2803105534069,0.0032924365972498027,0.0
2023-02-15 18:00:00,3.5,1219.021491024771,1500.7284249257646,4.694182953750158e-14,0.0
2023-02-15 19:00:00,2.6,1269.8858384397718,1624.2328210112576,9.159979118549293e-14,0.0
2023-02-15 20:00:00,1.5,1515.0319720864454,1786.1048338782675,1.3128102267379442e-13,0.0
2023-02-15 21:00:00,0.5,1726.3678526373799,1930.8876301578248,5.275166545950264e-14,0.0
2023-02-15 22:00:00,0.8,1867.8044710569468,2076.8142637903684,7.617594855623289e-14,0.0
2023-02-15 23:00:00,0.7,1988.291892522882,2132.2163998816495,1.0000915929218411e-13,0.0
2023-02-16 00:00:00,0.7,2077.022602049755,2071.1119774694303,2.2183214325857336e-13,0.0
2023-02-16 01:00:00,-0.5,2250.8739589671713,2207.9431216787834,3.486458159488051e-14,0.0
2023-02-16 02:00:00,-0.7,2330.259745890524,2299.0876234922875,4.1710619200536976e-14,0.0
2023-02-16 03:00:00,-1.3,2419.55830214621,2402.7789884394933,1.1257492396202679e-13,0.0
2023-02-16 04:00:00,-3.2,2590.99536573664,2600.5707106978516,3.3981496673566814e-14,0.0
2023-02-16 05:00:00,-1.6,2424.794558767224,2427.021235465567,3.0176270709057685e-14,0.0
2023-02-16 06:00:00,-2.1,2422.574667251408,2443.2904122650234,1.7665674014345072e-13,0.0
2023-02-16 07:00:00,-1.8,2350.843207978534,2357.2783605072154,1.5576702811850195e-14,0.0
2023-02-16 08:00:00,-0.8,1479.579198614213,1838.166415545461,1.3350377318684796e-13,0.0
2023-02-16 09:00:00,1.0,392.81444100351445,668.631582583791,5.2286346198058594e-17,0.0
2023-02-16 10:00:00,3.2,5.301880750732268,272.4910832870138,0.0,0.0
2023-02-16 11:00:00,5.5,0.0,51.60671236455427,0.0,0.0
2023-02-16 12:00:00,7.4,0.0,0.0,0.35203886971921416,0.0
2023-02-16 13:00:00,6.5,5.76478025313826e-15,40.56563790547832,82.75666106225017,0.0
2023-02-16 14:00:00,7.0,1.3494612094291374e-14,34.97337847241667,110.86678921761464,0.0
2023-02-16 15:00:00,7.2,2.9346383465575164e-14,34.97337847241667,77.03559737656686,28.977620369619046
2023-02-16 16:00:00,6.4,0.0,146.94861880975785,39.36149752557762,5.673821358099565
2023-02-16 17:00:00,2.9,213.6562422193304,770.68335304056,9.681844051799438e-15,0.0
2023-02-16 18:00:00,2.4,864.2098388242182,1505.3399403761405,8.04075060334982e-15,0.0
2023-02-16 19:00:00,4.8,901.7517963938272,1257.3024376631363,0.0,0.0
2023-02-16 20:00:00,4.5,986.8245483107323,1352.3700446900334,1.8195059741573821e-13,0.0
2023-02-16 21:00:00,4.3,1131.6157421309895,1439.250472203597,1.2800371420652107e-13,0.0
2023-02-16 22:00:00,3.9,1282.2696410993733,1645.5910091263372,1.7665674014345072e-13,0.0
2023-02-16 23:00:00,3.4,1414.1934640408008,1741.3392169549738,3.1252294827461156e-13,0.0
2023-02-17 00:00:00,3.5,1484.633834975908,1756.0210736214308,1.376117758397845e-13,0.0
2023-02-17 01:00:00,4.2,1491.261617542495,1712.3832608691582,1.049101907692878e-13,0.0
2023-02-17 02:00:00,3.9,1580.1776868125196,1754.6969760910865,3.733914372269558e-13,0.0
2023-02-17 03:00:00,3.0,1681.0891906895517,1881.6215236238022,1.3903539733512319e-14,0.0
2023-02-17 04:00:00,3.2,1758.3777633334323,1853.6088861682638,7.915689978868945e-14,0.0
2023-02-17 05:00:00,5.5,1572.2698523616482,1503.5566697510621,6.951769866756161e-15,0.0
2023-02-17 06:00:00,7.7,1339.2690004541482,1281.5739704157895,3.089711829340899e-13,0.0
2023-02-17 07:00:00,8.3,1205.627476475454,1113.7060823890324,0.0,0.0
2023-02-17 08:00:00,8.5,1060.375146524649,1015.5804451540432,8.832837007172533e-14,0.0
2023-02-17 09:00:00,9.9,809.7906499301362,697.7727429384265,2.3005992327145786e-14,0.0
2023-02-17 10:00:00,10.6,500.0286369563954,418.51183700793297,3.752602682627388e-14,0.0
2023-02-17 11:00:00,9.9,589.6543929906093,679.0971291447233,5.0194892350136244e-15,0.0
2023-02-17 12:00:00,9.4,721.9839251110018,703.3732083605686,4.4582475805447135e-14,0.0
2023-02-17 13:00:00,10.9,417.83108152084594,272.41274239563376,3.240196489886413e-14,0.0
2023-02-17 14:00:00,12.2,0.0,23.26010151091131,0.0,0.0
2023-02-17 15:00:00,12.4,32.77021420225458,103.1883115907074,5.646925389390329e-15,0.0
2023-02-17 16:00:00,12.7,119.73660477080315,244.4479007131992,0.0,0.0
2023-02-17 17:00:00,11.8,448.2387415405385,312.3221599840796,1.4348832248582067e-14,0.0
2023-02-17 18:00:00,11.7,608.1007882070702,341.39779809815127,6.6551997918974264e-15,0.0
2023-02-17 19:00:00,11.4,677.7546833750062,355.7473595046455,2.7620262379124456e-14,0.0
2023-02-17 20:00:00,11.9,741.8742580376963,396.3677662242327,9.159979118549293e-14,0.0
2023-02-17 21:00:00,12.1,755.3791115304336,441.01385189484927,1.9628526682605637e-14,0.0
2023-02-17 22:00:00,11.6,858.2038613546279,498.16850018613604,3.271421113767605e-15,0.0
2023-02-17 23:00:00,11.7,940.5828255125391,684.3304215632788,5.888558004781689e-14,0.0
2023-02-18 00:00:00,12.2,910.2981985704432,727.2214669779243,1.0010529100844162e-13,0.0
2023-02-18 01:00:00,12.9,891.4872844151258,791.0069224767432,9.159979118549293e-14,0.0
2023-02-18 02:00:00,13.1,896.4817393880228,806.7258489801609,2.60635864909394e-14,0.0
2023-02-18 03:00:00,12.9,923.9841879607734,823.3138810705227,8.832837007172533e-14,0.0
2023-02-18 04:00:00,12.8,949.5348067989114,824.9280775990605,3.9257053365211274e-14,0.0
2023-02-18 05:00:00,12.6,978.6952021900818,832.0065984666351,9.920393008092151e-14,0.0
2023-02-18 06:00:00,11.9,1021.3768374117117,837.0271006810246,4.2732938298589355e-14,0.0
2023-02-18 07:00:00,11.8,1007.7968588856625,838.3396457060867,1.0924290855094876e-13,0.0
2023-02-18 08:00:00,11.6,980.4856318611962,777.8038703713005,0.0,0.0
2023-02-18 09:00:00,11.7,852.4186575687102,612.3996470116413,4.395417070685599e-14,0.0
2023-02-18 10:00:00,12.4,599.1506073178923,538.9122483533749,4.3851938797050754e-14,0.0
2023-02-18 11:00:00,13.2,250.07767499825695,313.29648767874767,2.228655633754181e-14,0.0
2023-02-18 12:00:00,14.3,0.0,0.0,0.0,0.0
2023-02-18 13:00:00,13.9,0.0,0.0,0.0,27.08717643374816
2023-02-18 14:00:00,15.2,2.2221697134174905e-16,0.0,2.430511503678958,97.300684333664
2023-02-18 15:00:00,15.4,3.555471541467983e-15,0.0,23.255930503822622,130.71526226539072
2023-02-18 16:00:00,15.1,0.0,0.0,10.632975425403883,46.71574172894277
2023-02-18 17:00:00,13.9,2.426936581143335,98.37861142238064,0.0,0.0
2023-02-18 18:00:00,12.5,173.4016530602449,329.6701969118951,1.850863063492453e-14,0.0
2023-02-18 19:00:00,13.2,292.2639270301359,286.0477612726676,0.0,0.0
2023-02-18 20:00:00,13.1,331.8977194842478,360.60661295357727,5.3978448377165483e-14,0.0
2023-02-18 21:00:00,12.3,458.6401409183746,432.4134146686767,5.796778043215013e-14,0.0
2023-02-18 22:00:00,12.4,550.4125354498333,466.383758410118,6.379271171846831e-14,0.0
2023-02-18 23:00:00,11.8,693.0279445292392,700.8329721939856,5.308303622412898e-06,0.0
2023-02-19 00:00:00,11.2,795.7728598972462,763.2500504149818,2.6702017244087532e-14,0.0
2023-02-19 01:00:00,9.7,932.3680536808042,1068.6270122076498,2.3008569200541307e-14,0.0
2023-02-19 02:00:00,10.6,928.6290315137271,1032.939745655817,2.5745240058579777e-15,0.0
2023-02-19 03:00:00,10.4,958.4603545567206,1045.0673822045376,1.1439195656266473e-13,0.0
2023-02-19 04:00:00,10.2,1033.2986680797285,1081.8719875623633,8.365815391689374e-16,0.0
2023-02-19 05:00:00,10.1,968.3285854604867,1089.6303485302421,4.600435941235696e-14,0.0
2023-02-19 06:00:00,9.8,898.3357169314927,937.3577321373568,3.3061165644260825e-14,0.0
2023-02-19 07:00:00,9.6,896.060349681817,950.7887216373337,0.0,0.0
2023-02-19 08:00:00,10.1,903.4405010362673,910.9251238605493,1.209550500993139e-13,0.0
2023-02-19 09:00:00,10.7,585.6760008349445,411.7318440088816,6.849216984270391e-14,0.0
2023-02-19 10:00:00,10.8,606.2116244470494,643.9505122983267,2.760719079257494e-14,0.0
2023-02-19 11:00:00,12.1,10.186847891706018,26.54818149635323,0.0,0.0
2023-02-19 12:00:00,13.1,4.44433942683498e-16,0.0,3.246002377262114,43.39391900743721
2023-02-19 13:00:00,12.3,5.333207312201975e-15,0.0,16.88282527392891,26.439052094005635
2023-02-19 14:00:00,11.5,0.0,23.46690026763978,5.882666426927087,0.0
2023-02-19 15:00:00,11.8,0.0,23.464338231738125,0.0,0.0
2023-02-19 16:00:00,10.6,11.93941158758198,363.40632047604413,0.0,0.0
2023-02-19 17:00:00,9.1,393.15466519909796,590.463389142213,2.330543519312616e-14,0.0
2023-02-19 18:00:00,8.7,655.5242819536734,691.9403927977988,1.2961896061424895e-13,0.0
2023-02-19 19:00:00,8.2,712.691794100248,755.6449117139763,2.9555147588270666e-14,0.0
2023-02-19 20:00:00,7.5,876.8264577945833,907.5893904820791,5.0716283973740415e-14,0.0
2023-02-19 21:00:00,6.9,1003.3578941312728,993.4302284150923,8.770387759410151e-14,0.0
2023-02-19 22:00:00,6.0,1184.801312686304,1200.612461498451,9.202396930858314e-14,0.0
2023-02-19 23:00:00,5.1,1376.2621675240675,1489.573036123196,9.431399962261022e-14,0.0
2023-02-20 00:00:00,4.7,1488.2335320826073,1622.0439916882933,1.8360851001020687e-13,0.0
2023-02-20 01:00:00,5.0,1520.97849208737,1634.1481322968007,6.54284222753521e-15,0.0
2023-02-20 02:00:00,4.9,1571.1329064520555,1659.281611408352,2.82840316642177e-13,0.0
2023-02-20 03:00:00,4.8,1605.8987963719476,1663.1257162950874,3.9257053365211274e-14,0.0
2023-02-20 04:00:00,4.5,1636.0476782574115,1713.2190770627499,2.1591379350866198e-13,0.0
2023-02-20 05:00:00,4.8,1588.0686902464179,1660.53304645635,2.6198805713868235e-13,0.0
2023-02-20 06:00:00,4.2,1556.26487935954,1663.517691382148,8.624932945094035e-15,0.0
2023-02-20 07:00:00,4.2,1533.373177538881,1657.4624957362307,1.396468380654838e-13,0.0
2023-02-20 08:00:00,6.3,1178.6171468649727,1094.473984933154,5.848580269891748e-14,0.0
2023-02-20 09:00:00,8.3,499.3617365513305,291.9041172733466,2.0914538479223437e-16,0.0
2023-02-20 10:00:00,9.6,7.475170876123927,0.6895986573526951,1.411731347347582e-15,0.0
2023-02-20 11:00:00,10.5,9.641695579780436,66.27754685951041,0.0,0.0
2023-02-20 12:00:00,11.4,0.09357805680016491,13.732986733879647,0.0,0.0
2023-02-20 13:00:00,11.9,0.0,0.0,7.7480324243537035,23.803608916272385
2023-02-20 14:00:00,12.6,0.0,0.0,28.272604590555492,19.342956338443066
2023-02-20 15:00:00,12.7,1.406271294969213e-14,0.0,78.70532233418606,25.911671217850806
2023-02-20 16:00:00,12.3,0.0,0.0,44.63001414817847,19.402185659186213
2023-02-20 17:00:00,11.7,7.649631794561733,161.1463432209733,3.529328368368956e-17,0.0
2023-02-20 18:00:00,11.2,190.73069185210556,415.9559998268745,3.3123138776897e-14,0.0
2023-02-20 19:00:00,11.1,395.8304100261081,484.8524240954839,1.1293850778780655e-14,0.0
2023-02-20 20:00:00,10.8,531.0273323155841,531.4501911160423,1.0223190980523767e-14,0.0
2023-02-20 21:00:00,11.0,615.4599264571715,581.5053781500518,4.918367427087629e-14,0.0
2023-02-20 22:00:00,10.7,739.5389495145575,849.9196584514166,1.2758542343693661e-13,0.0
2023-02-20 23:00:00,9.8,923.4436038742633,1004.7084031432249,1.1460578351263873e-13,0.0
2023-02-21 00:00:00,8.6,1095.8632554993906,1103.8321946134442,1.3350377318684796e-13,0.0
2023-02-21 01:00:00,8.1,1202.3413027445065,1170.7520087526782,8.770387759410151e-14,0.0
2023-02-21 02:00:00,8.4,1214.2563117040118,1154.5831726019876,1.7603224766582684e-13,0.0
2023-02-21 03:00:00,7.8,1306.3501847500424,1181.6160248523597,6.54284222753521e-15,0.0
2023-02-21 04:00:00,7.2,1398.5746884706446,1334.8175524200196,1.8076474279638727e-13,0.0
2023-02-21 05:00:00,7.2,1357.9643869194629,1304.3207670833617,1.0511465458889827e-13,0.0
2023-02-21 06:00:00,7.2,1268.5844045140677,1162.9901382815194,1.0875560009196185e-14,0.0
2023-02-21 07:00:00,7.2,1236.8607157460165,1154.72602313317,1.4681417277064283e-13,0.0
2023-02-21 08:00:00,8.0,430.1210586984396,447.21535689686397,9.814263341302817e-15,0.0
2023-02-21 09:00:00,9.7,0.0,7.4452197022106725,0.0,0.0
2023-02-21 10:00:00,10.7,1.1851571804893279e-15,0.0,19.284905671288165,0.0
2023-02-21 11:00:00,11.9,0.0,0.0,58.082805101720595,25.371807375934466
2023-02-21 12:00:00,12.6,1.8043932080624444e-14,0.0,127.12372083998763,37.95052081224677
2023-02-21 13:00:00,14.1,8.398933925647469e-14,0.0,486.7759104742105,448.0287324811692
2023-02-21 14:00:00,14.8,1.88481239256178e-14,0.0,753.1049266286699,427.22739977510287
2023-02-21 15:00:00,14.6,5.92039264801765e-14,0.0,448.34677253471085,33.07472479824195
2023-02-21 16:00:00,13.2,2.300217970617847e-14,0.0,175.69511594583875,26.845584378672235
2023-02-21 17:00:00,12.4,0.0,44.68873249607298,6.418357777190997,0.0
2023-02-21 18:00:00,9.5,79.39221655883927,494.80315921873915,1.0448946158173569,0.0
2023-02-21 19:00:00,8.0,475.24028810777384,740.3670766295536,8.93395881509853e-14,0.0
2023-02-21 20:00:00,7.2,614.1664556819752,893.7462796317909,6.751563196087434e-14,0.0
2023-02-21 21:00:00,7.0,738.2187221785334,977.9064435193723,1.2758542343693661e-13,0.0
2023-02-21 22:00:00,7.2,850.0400254632053,1175.251939092117,8.606816703721771e-14,0.0
2023-02-21 23:00:00,7.2,940.5635078571036,1231.5231236450531,1.9628526682605637e-14,0.0
2023-02-22 00:00:00,7.0,1033.876089490917,1315.2764578200517,1.531322998694536e-13,0.0
2023-02-22 01:00:00,6.6,1132.3991659389262,1386.3558476156825,5.890409346850195e-14,0.0
2023-02-22 02:00:00,6.9,1162.7114279178015,1380.8832887318322,8.365815391689374e-16,0.0
2023-02-22 03:00:00,6.4,1219.949916744787,1400.251737626721,9.000153315006321e-14,0.0
2023-02-22 04:00:00,6.1,1307.4955404581974,1504.1592285055594,9.159979118549293e-14,0.0
2023-02-22 05:00:00,5.6,1348.7096148816588,1528.4431206425013,2.5745240058579777e-15,0.0
2023-02-22 06:00:00,5.1,1341.5120720312407,1544.3818117635333,1.7752571137679523e-13,0.0
2023-02-22 07:00:00,4.5,1384.0222319643926,1630.9436323687678,9.090289407758331e-14,0.0
2023-02-22 08:00:00,6.2,408.3152554000212,560.813896897236,0.0,0.0
2023-02-22 09:00:00,8.1,0.0,14.957553391997388,0.0,0.0
2023-02-22 10:00:00,9.9,2.370314360978656e-15,0.0,24.87865290082721,0.0
2023-02-22 11:00:00,11.3,5.562339201584808e-14,0.0,308.5695503530456,26.41829556704294
2023-02-22 12:00:00,12.3,5.893786639401495e-14,0.0,699.0394897310332,38.26679996883442
2023-02-22 13:00:00,13.1,3.9257053365211274e-14,0.0,921.2480898950422,44.786260573284416
2023-02-22 14:00:00,13.4,6.147022970823185e-14,0.0,956.6296164283655,33.9047050163618
2023-02-22 15:00:00,13.4,3.9214759648543935e-15,0.0,923.7105136999053,316.7663656919498
2023-02-22 16:00:00,12.8,2.979858897772213e-14,0.0,473.14787558386155,26.626132382721092
2023-02-22 17:00:00,10.6,0.0,89.01570346347508,9.222387079971934,0.0
2023-02-22 18:00:00,8.4,23.883997000016862,548.9893250156351,3.639449590607891,0.0
2023-02-22 19:00:00,7.4,231.95108761419647,792.2324277388354,5.646925389390329e-15,0.0
2023-02-22 20:00:00,6.7,433.9347831458241,978.5395657909112,2.110811412008347e-14,0.0
2023-02-22 21:00:00,6.2,559.5014445930634,1086.3387953279566,2.098563090116428e-14,0.0
2023-02-22 22:00:00,6.0,710.3560373051496,1348.4192120272096,2.464801591761926e-14,0.0
2023-02-22 23:00:00,5.6,843.9591870588381,1439.6231712262943,2.126423723948944e-14,0.0
2023-02-23 00:00:00,5.4,941.9478651618028,1544.8682100156325,3.26528232006876e-14,0.0
2023-02-23 01:00:00,5.5,999.1061035937025,1538.9710926900584,7.546740074537935e-14,0.0
2023-02-23 02:00:00,5.2,1078.2234315675123,1612.134803292116,8.832837007172533e-14,0.0
2023-02-23 03:00:00,4.8,1167.9958457523594,1663.1257162950874,8.832837007172533e-14,0.0
2023-02-23 04:00:00,4.2,1259.7420705508844,1733.235309170186,1.4681417277064283e-13,0.0
2023-02-23 05:00:00,3.8,1272.9371802799346,1779.819527140868,8.832837007172533e-14,0.0
2023-02-23 06:00:00,3.5,1245.381364709415,1741.159414445155,4.929603183523852e-14,0.0
2023-02-23 07:00:00,3.6,1243.4425184410516,1736.5822615211557,2.610891966237846e-13,0.0
2023-02-23 08:00:00,4.9,929.508879309632,1302.3098547264153,6.226304569235707e-14,0.0
2023-02-23 09:00:00,6.5,15.512371090211378,235.1742200345394,0.0,0.0
2023-02-23 10:00:00,8.2,1.7777357707339923e-16,5.97667870228253,6.615004161939196,0.0
2023-02-23 11:00:00,10.0,0.0,0.0,29.792428122736926,0.0
2023-02-23 12:00:00,10.8,1.533478647078565e-14,0.0,109.19701465106418,23.609659667874705
2023-02-23 13:00:00,11.6,2.2899947796373242e-14,0.0,631.0031835132473,272.1691538093087
2023-02-23 14:00:00,12.4,7.587937848137416e-14,0.0,661.5899187565451,30.50649090315048
2023-02-23 15:00:00,12.6,9.9037162623824e-16,0.0,115.07773624834118,0.0
2023-02-23 16:00:00,12.3,7.110943082935968e-15,0.0,82.15578260551911,0.0
2023-02-23 17:00:00,10.8,0.0,100.6838897611792,5.063631267777388,0.0
2023-02-23 18:00:00,9.6,34.03387019647055,486.4173958777974,2.9728319653388877,0.0
2023-02-23 19:00:00,9.3,225.9728688894515,612.3173021851914,1.1347741988381383e-14,0.0
2023-02-23 20:00:00,8.8,371.0701314873099,719.9002683581584,4.4164185035862666e-14,0.0
2023-02-23 21:00:00,8.3,488.97591648179656,795.5391193065107,1.3054459831189229e-13,0.0
2023-02-23 22:00:00,7.8,648.2951051861673,1015.2980939846428,1.3350377318684796e-13,0.0
2023-02-23 23:00:00,6.5,857.8352680327985,1298.3363187796099,2.2256899330055942e-13,0.0
2023-02-24 00:00:00,5.6,1023.7122275666242,1450.4824432455132,3.9257053365211274e-14,0.0
2023-02-24 01:00:00,7.7,1004.1657695568468,1268.1908727975651,1.0840632701177983e-13,0.0
2023-02-24 02:00:00,7.2,1066.9911508470623,1319.8744520434,5.848580269891748e-14,0.0
2023-02-24 03:00:00,7.8,1100.3843806197076,1179.360452733592,4.294676524856335e-14,0.0
2023-02-24 04:00:00,6.3,1247.155602779848,1484.632018690257,1.0101427717789636e-13,0.0
2023-02-24 05:00:00,6.0,1323.6320143217167,1500.3416566391272,1.4681417277064283e-13,0.0
2023-02-24 06:00:00,6.0,1309.7049268383776,1489.0567000496635,1.2581112781709642e-14,0.0
2023-02-24 07:00:00,6.5,1224.9557533751845,1209.420313400768,9.836734854175257e-14,0.0
2023-02-24 08:00:00,7.6,254.90746307293585,436.5230911760331,1.254872308753406e-15,0.0
2023-02-24 09:00:00,9.2,0.0,11.949889302388577,3.971622294599,0.0
2023-02-24 10:00:00,10.9,9.931099809651657e-16,0.0,53.86948894053526,0.0
2023-02-24 11:00:00,12.7,2.020102537751496e-14,0.0,346.45051721900995,27.28255722164564
2023-02-24 12:00:00,14.2,1.3653785310471178e-14,0.0,629.1168918054748,37.768250978023566
2023-02-24 13:00:00,13.2,3.385041284847757e-14,0.0,759.2281397393594,122.74538946254907
2023-02-24 14:00:00,13.7,2.509744617506812e-15,0.0,803.8571176212536,0.0
2023-02-24 15:00:00,13.0,2.7807079467024645e-14,0.0,555.7076505807404,25.499711972644675
2023-02-24 16:00:00,12.8,1.4640176935456402e-14,0.0,198.48526498235276,0.0
2023-02-24 17:00:00,10.8,0.0,69.07656858638332,11.997964541859416,0.0
2023-02-24 18:00:00,8.9,0.0,612.7276602292538,7.055306369934041,0.0
2023-02-24 19:00:00,9.3,136.10990222496974,589.9843248191138,2.3787666273465615,0.0
2023-02-24 20:00:00,8.8,292.73648774640435,705.4161441098106,1.6357105568838026e-15,0.0
2023-02-24 21:00:00,8.9,371.6222995430749,758.0538602992463,1.0795689675433097e-13,0.0
2023-02-24 22:00:00,8.6,497.99100040363305,820.8204025790063,1.9628526682605637e-14,0.0
2023-02-24 23:00:00,8.7,601.6159642337149,1064.805983776182,1.6060535493979292e-13,0.0
2023-02-25 00:00:00,8.2,676.1795232755572,1079.090924465368,4.5175403115122635e-14,0.0
2023-02-25 01:00:00,8.8,712.275405475752,1092.8262302370483,4.2216228240166954e-14,0.0
2023-02-25 02:00:00,8.3,793.039917845648,1136.7992751348102,5.431552107025215e-14,0.0
2023-02-25 03:00:00,7.1,946.0934678762706,1360.497903487283,1.0038978470027252e-13,0.0
2023-02-25 04:00:00,4.5,1208.2843670852567,1701.5562373518412,4.929603183523852e-14,0.0
2023-02-25 05:00:00,3.7,1366.310670725939,1802.4694202286873,1.673163078337875e-15,0.0
2023-02-25 06:00:00,3.9,1399.8428893389787,1759.7460622843919,4.336505601814782e-14,0.0
2023-02-25 07:00:00,3.8,1457.4723726051323,1772.6495616625439,4.5799895592746485e-14,0.0
2023-02-25 08:00:00,4.2,960.6448467511158,1003.3982560889119,1.3310399583794853e-14,0.0
2023-02-25 09:00:00,5.3,92.27151116361368,218.30020986763864,1.104104625896567e-14,0.0
2023-02-25 10:00:00,6.6,1.7777357707339923e-16,22.439345564520153,12.618934994867088,0.0
2023-02-25 11:00:00,7.5,4.8662389067293134e-15,0.0,62.757861544054805,0.0
2023-02-25 12:00:00,7.8,1.4221886165871933e-14,0.0,105.83077256520224,16.225699192787832
2023-02-25 13:00:00,8.1,0.0,0.0,123.39884643785302,28.59593253822014
2023-02-25 14:00:00,8.5,3.491802254996061e-14,0.0,176.65868311368155,26.8412939334818
2023-02-25 15:00:00,7.8,1.3903539733512319e-14,0.0,142.1470172904456,14.790188064539382
2023-02-25 16:00:00,6.8,1.058682801631405e-14,123.85004132379512,70.60046635113893,0.0
2023-02-25 17:00:00,5.8,196.1704774696098,422.566578235929,2.138345190585659e-14,0.0
2023-02-25 18:00:00,4.5,703.8985927087358,1036.6591966765002,9.591988289997458e-14,0.0
2023-02-25 19:00:00,3.6,871.1972439357976,1356.0091376831242,1.2267829176628521e-15,0.0
2023-02-25 20:00:00,3.5,1005.2158106741513,1414.0027500468411,4.9071316706514084e-15,0.0
2023-02-25 21:00:00,2.6,1153.0361901886154,1562.0078548918564,0.0,0.0
2023-02-25 22:00:00,1.5,1317.0208087997034,1758.877458683883,1.8544673365823027e-13,0.0
2023-02-25 23:00:00,1.9,1449.9957955638858,1878.4838574251494,5.667545560194267e-14,0.0
2023-02-26 00:00:00,1.8,1548.6187557214873,1995.912244555255,1.9757127862267416e-13,0.0
2023-02-26 01:00:00,1.5,1652.7696560950362,2040.9058920836537,5.339140842099572e-14,0.0
2023-02-26 02:00:00,1.1,1748.4749020916122,2112.267641008373,7.851410673042253e-14,0.0
2023-02-26 03:00:00,0.7,1841.615781586555,2158.781701192599,8.624932945094035e-15,0.0
2023-02-26 04:00:00,0.5,1917.9436051746952,2231.12438871774,8.443245648033391e-14,0.0
2023-02-26 05:00:00,0.3,1909.3654501298493,2227.3826595139553,0.0,0.0
2023-02-26 06:00:00,0.1,1868.5290981581902,2204.9752644742966,5.380033606021667e-14,0.0
2023-02-26 07:00:00,0.0,1876.7686709576622,2254.493556113766,9.730257609700143e-14,0.0
2023-02-26 08:00:00,0.5,1812.4932693513624,2085.604700614663,2.8293962245927578e-14,0.0
2023-02-26 09:00:00,0.9,1312.6492023880733,929.0798697872619,9.035080623024527e-14,0.0
2023-02-26 10:00:00,1.9,553.9575881379845,482.87281390218425,3.3219820177306034e-14,0.0
2023-02-26 11:00:00,2.8,162.07238016446942,330.2494824200571,0.0,0.0
2023-02-26 12:00:00,3.5,41.741015509998185,63.99759373082875,0.0,0.0
2023-02-26 13:00:00,2.9,8.612329134603755,75.32957304038925,5.0752596912007855,0.0
2023-02-26 14:00:00,3.4,3.6427841603424715,65.44989275787272,16.18192811297489,0.0
2023-02-26 15:00:00,3.3,58.278841564966584,342.2797347350378,6.103335963972428,0.0
2023-02-26 16:00:00,2.8,45.49771680236302,80.34320129894782,15.641895827134158,0.0
2023-02-26 17:00:00,2.2,913.0195933397175,623.9304152065902,5.2479921838918625e-14,0.0
2023-02-26 18:00:00,1.4,1400.8817515068713,1594.4233327557406,3.9257053365211274e-14,0.0
2023-02-26 19:00:00,0.7,1490.5052045700406,1665.349821714039,4.007865389579856e-13,0.0
2023-02-26 20:00:00,0.1,1683.7107061107495,1751.1144846595985,1.967346970835052e-13,0.0
2023-02-26 21:00:00,-0.2,1882.1111437807415,1888.676730952676,2.9403727318050665e-13,0.0
2023-02-26 22:00:00,-0.8,2072.0719822474834,2127.3955780196593,1.2521286283806675e-13,0.0
2023-02-26 23:00:00,-0.8,2160.529581089577,2214.344478683849,8.505694895795775e-14,0.0
2023-02-27 00:00:00,-1.4,2261.725611498767,2099.982681140921,1.1867002061053155e-13,0.0
2023-02-27 01:00:00,-0.5,2243.633750458405,2113.5643658793297,2.769219668922656e-13,0.0
2023-02-27 02:00:00,-0.7,2355.318169503639,2192.915520175029,1.7665674014345072e-13,0.0
2023-02-27 03:00:00,-1.1,2460.216082759737,2210.566176153304,2.0077956940054494e-14,0.0
2023-02-27 04:00:00,-1.7,2531.6582336655974,2335.1052953197445,1.1042876317029976e-13,0.0
2023-02-27 05:00:00,-2.1,2518.680849798102,2340.7347954546403,9.057302320158702e-14,0.0
2023-02-27 06:00:00,-2.5,2454.9690628297058,2310.7905880735093,9.241764646393486e-14,0.0
2023-02-27 07:00:00,-2.7,2512.7834795651697,2299.441498415592,6.54284222753521e-15,0.0
2023-02-27 08:00:00,-1.4,1198.6518345336522,988.340394533245,8.832837007172533e-14,0.0
2023-02-27 09:00:00,0.3,457.56425128018554,500.3453966233884,2.2792165377171793e-14,0.0
2023-02-27 10:00:00,1.2,219.83522297257053,393.375142388319,2.509744617506812e-15,0.0
2023-02-27 11:00:00,1.9,293.25803102592545,452.2582582602697,2.2082092517931333e-14,0.0
2023-02-27 12:00:00,2.5,337.76335224086245,450.38818052847876,4.907131670651407e-15,0.0
2023-02-27 13:00:00,2.4,484.5721868086475,596.0954055143363,3.742145413387776e-14,0.0
2023-02-27 14:00:00,2.5,858.9489648680346,1032.4034520929242,4.5175403115122635e-14,0.0
2023-02-27 15:00:00,2.7,989.3757377574387,767.8737515397494,0.0,0.0
2023-02-27 16:00:00,2.5,1160.4607231762252,1292.5869253551464,9.000153315006321e-14,0.0
2023-02-27 17:00:00,2.4,1548.3935065134533,1190.8376494655959,5.032445112683859e-14,0.0
2023-02-27 18:00:00,1.9,1663.6255479335618,1434.880068042501,5.149048011715955e-15,0.0
2023-02-27 19:00:00,1.6,1743.783380854998,1457.2790739774573,0.0,0.0
2023-02-27 20:00:00,1.0,1938.8882444360293,1572.7169100698034,2.2412979881453508e-13,0.0
2023-02-27 21:00:00,0.8,2047.5103343896562,1602.5960574562996,2.369999184312026e-13,0.0
2023-02-27 22:00:00,-0.2,2233.0970788959003,1943.065021360406,6.54284222753521e-15,0.0
2023-02-27 23:00:00,-0.2,2339.8323106438497,2012.1507535861278,1.9056027987696304e-13,0.0
2023-02-28 00:00:00,-1.6,2568.219054923966,2206.224739295888,4.3711385421576993e-14,0.0
2023-02-28 01:00:00,-1.1,2592.5938509797325,2241.290535153769,1.0809892196818118e-13,0.0
2023-02-28 02:00:00,-1.1,2544.5788161288515,2296.9774739916866,1.9568434180437276e-13,0.0
2023-02-28 03:00:00,-0.8,2531.253487336373,2296.0098895899373,2.734817965919126e-14,0.0
2023-02-28 04:00:00,-1.1,2564.479341331409,2313.7185149326633,1.6886491296066782e-13,0.0
2023-02-28 05:00:00,-3.0,2720.704015594178,2474.147337164378,2.0068909461370463e-13,0.0
2023-02-28 06:00:00,-3.6,2717.1362547837625,2446.552846571091,5.658792449185518e-14,0.0
2023-02-28 07:00:00,-3.1,2714.2325235267726,2368.0723026312735,1.6047384543461973e-13,0.0
2023-02-28 08:00:00,-1.4,1137.1526274086686,990.3092288592932,8.700698048619189e-14,0.0
2023-02-28 09:00:00,0.3,95.33893782837282,465.3312154509896,1.2548723087534062e-14,0.0
2023-02-28 10:00:00,1.9,0.0,84.69632016163449,0.0,0.0
2023-02-28 11:00:00,3.6,0.0,0.0,0.0,14.721737523023492
2023-02-28 12:00:00,4.4,0.0,0.0,0.0,13.83727962937772
2023-02-28 13:00:00,4.8,0.0,48.45380124500752,0.0,0.0
2023-02-28 14:00:00,5.2,0.0,44.240050195623496,0.0,15.268590101853537
2023-02-28 15:00:00,5.2,0.0,188.21277676893007,0.0,0.0
2023-02-28 16:00:00,5.0,25.49116685374624,257.0796327166732,0.0,0.0
2023-02-28 17:00:00,3.9,622.1438958570488,537.3582805200471,3.159303534800409e-14,0.0
2023-02-28 18:00:00,3.6,1241.4757052960708,981.7876264707036,1.4096553814899554e-13,0.0
2023-02-28 19:00:00,1.6,1415.387015472717,1462.5861750390034,1.343403547260169e-13,0.0
2023-02-28 20:00:00,-0.6,1756.8774307507324,1773.941077232831,1.8435821068211196e-13,0.0
2023-02-28 21:00:00,-1.5,1948.0859073505676,1848.1068822070624,0.0,0.0
2023-02-28 22:00:00,-1.8,2175.1012266231583,2085.5250905080716,9.856681153611836e-14,0.0
2023-02-28 23:00:00,-2.8,2391.907743087679,2259.985033815424,2.633868521797463e-13,0.0
2023-03-01 00:00:00,-2.8,2472.2260934307087,2344.258064359943,2.9362834554128565e-13,0.0
2023-03-01 01:00:00,-2.6,2541.7382426385593,2414.603648117042,2.9362834554128565e-13,0.0
2023-03-01 02:00:00,-3.3,2627.0951247080257,2521.0556412745727,1.6886491296066782e-13,0.0
2023-03-01 03:00:00,-3.0,2629.929306698845,2500.075812516107,1.0023997461445623e-13,0.0
2023-03-01 04:00:00,-2.1,2503.377235764655,2411.8332412376835,8.505694895795775e-14,0.0
2023-03-01 05:00:00,-1.9,2418.4434041348386,2361.012382392653,1.0513490589801224e-13,0.0
2023-03-01 06:00:00,-1.4,2325.2356892620296,2196.3965910192755,5.5837189384355317e-14,0.0
2023-03-01 07:00:00,-1.0,2225.7485261361344,2152.875101461177,1.4792407618879317e-14,0.0
2023-03-01 08:00:00,-0.1,1933.1682137119165,1805.545944714726,2.627623597021225e-13,0.0
2023-03-01 09:00:00,0.8,1584.021273945913,1684.878039319362,6.951769866756161e-15,0.0
2023-03-01 10:00:00,2.2,764.1099548106736,990.7647956831024,4.5000766575031604e-14,0.0
2023-03-01 11:00:00,3.6,167.71694900408392,513.0437156684645,2.484464165525314e-14,0.0
2023-03-01 12:00:00,4.3,359.5025986992579,777.6145751631948,1.2216278749618674e-14,0.0
2023-03-01 13:00:00,6.0,391.9319435665957,428.85325361773084,3.261111028365637e-14,0.0
2023-03-01 14:00:00,6.7,0.0,0.0,0.0,64.81323824269484
2023-03-01 15:00:00,6.8,0.0,34.80020748912565,0.0,0.0
2023-03-01 16:00:00,6.8,91.72820113298769,359.52831543748323,1.5726512897666486e-14,0.0
2023-03-01 17:00:00,6.3,695.4738284237582,709.0928172802132,0.00017545485519152894,0.0
2023-03-01 18:00:00,5.9,1066.7346014779737,839.2782579337479,0.0,0.0
2023-03-01 19:00:00,6.2,1114.358810530743,708.273329214011,1.0101427717789636e-13,0.0
2023-03-01 20:00:00,5.4,1294.1184905438413,1072.9053798671596,4.5175403115122635e-14,0.0
2023-03-01 21:00:00,5.2,1408.0410355160416,1112.403923000711,1.0225978635628625e-13,0.0
2023-03-01 22:00:00,3.5,1730.1443744045494,1584.44859960581,8.216005305873084e-15,0.0
2023-03-01 23:00:00,1.4,1951.3335280671852,1877.6342363488423,3.5206449533165373e-13,0.0
2023-03-02 00:00:00,1.3,2030.290500054874,1956.8925240996582,2.357356829920857e-13,0.0
2023-03-02 01:00:00,3.0,1954.991184845175,1821.9126254181815,2.1241597258775152e-13,0.0
2023-03-02 02:00:00,1.7,2175.098260230894,2008.491875272533,8.505694895795775e-14,0.0
2023-03-02 03:00:00,-0.3,2459.8623697998846,2241.234332881702,9.390627777171325e-14,0.0
2023-03-02 04:00:00,-1.3,2587.4372613215282,2316.483711762658,1.7459011274980302e-14,0.0
2023-03-02 05:00:00,-1.3,2532.700935820236,2282.6563244263916,1.3903539733512319e-14,0.0
2023-03-02 06:00:00,-1.6,2483.9978868996495,2212.9211231305626,3.34632615667575e-15,0.0
2023-03-02 07:00:00,-1.7,2364.4465669506303,2174.5967448766532,3.3981496673566814e-14,0.0
2023-03-02 08:00:00,0.1,922.5678028787373,842.2294270586249,0.0,0.0
2023-03-02 09:00:00,2.2,15.490870577461061,281.5562214579444,0.0,0.0
2023-03-02 10:00:00,4.3,0.0,0.0,0.0,0.0
2023-03-02 11:00:00,6.3,0.0,0.0,0.0,50.351220453747075
2023-03-02 12:00:00,7.8,2.094837934443086e-15,0.0,80.82524285411375,72.11963492925968
2023-03-02 13:00:00,9.0,2.8375180322425408e-14,0.0,629.1135439067483,456.8056823835064
2023-03-02 14:00:00,9.8,1.4507873071657614e-13,0.0,844.82825019318,536.0790736681945
2023-03-02 15:00:00,9.9,8.455744011187545e-14,0.0,781.550853486005,309.9964065332853
2023-03-02 16:00:00,9.5,3.4805664985598393e-15,0.0,404.86619280193145,90.67866870101432
2023-03-02 17:00:00,7.0,0.0,117.32219919702534,5.927932674867912,0.0
2023-03-02 18:00:00,7.6,114.69259202630886,402.1670675966389,5.8281498509338495e-15,0.0
2023-03-02 19:00:00,7.1,507.326610320226,580.5136383785218,8.540277476205313e-14,0.0
2023-03-02 20:00:00,6.4,742.6628745472096,653.2969046591481,1.3601351780435477e-13,0.0
2023-03-02 21:00:00,5.5,961.8683557428867,927.062939004123,4.929603183523852e-14,0.0
2023-03-02 22:00:00,5.1,1160.077787863996,1401.0504018108854,1.0457269239611719e-16,0.0
2023-03-02 23:00:00,3.1,1352.8739587759765,1685.689797709924,1.7771803681134407e-13,0.0
2023-03-03 00:00:00,0.1,1677.674547935213,1943.9721376649136,2.224566357361972e-13,0.0
2023-03-03 01:00:00,-0.5,1864.3701163061592,2197.5617383382387,2.3424283096730246e-14,0.0
2023-03-03 02:00:00,-1.0,1975.8396211926631,2276.5119078124962,5.21271729818788e-14,0.0
2023-03-03 03:00:00,-0.8,2032.1097751861885,2286.340682126123,5.1718245342657846e-14,0.0
2023-03-03 04:00:00,-1.3,2144.5656242044583,2306.7521061986854,1.375930495790575e-13,0.0
2023-03-03 05:00:00,-1.5,2227.676251426061,2282.2796290087726,2.0077956940054494e-14,0.0
2023-03-03 06:00:00,-1.4,2192.3122123043613,2251.2987503878703,4.539762008646438e-14,0.0
2023-03-03 07:00:00,-1.1,2019.730481654377,2118.72543368434,8.216005305873084e-15,0.0
2023-03-03 08:00:00,0.9,724.5742098890905,769.9912327346156,5.228634619805859e-15,0.0
2023-03-03 09:00:00,3.2,21.35983606312176,192.4232639922463,2.823462694695164e-15,0.0
2023-03-03 10:00:00,5.4,0.0,0.0,0.0,0.0
2023-03-03 11:00:00,7.0,1.1851571804893279e-15,0.0,2.7592719329249946,0.0
2023-03-03 12:00:00,8.3,5.793141555630135e-16,0.0,21.04283162465848,26.828279957620662
2023-03-03 13:00:00,9.7,0.001586675311408727,0.0,431.9542298409044,105.0875263232158
2023-03-03 14:00:00,10.3,0.0,0.0,798.6178726888143,394.8254415667834
2023-03-03 15:00:00,10.6,1.390353973351232e-13,0.0,756.571668163124,318.0688415803211
2023-03-03 16:00:00,10.4,3.353206641611796e-14,0.0,490.42133071333916,179.56918714902017
2023-03-03 17:00:00,7.9,5.213827400067122e-15,17.77741074795686,30.577104699620694,9.899044064908596
2023-03-03 18:00:00,3.8,159.55007701501816,973.2724804118725,1.1573893512666638e-14,0.0
2023-03-03 19:00:00,4.4,613.0608829002613,1178.2162135733954,3.7936532723892246e-14,0.0
2023-03-03 20:00:00,3.6,801.4819999575416,1364.8579348174837,9.362047773288626e-14,0.0
2023-03-03 21:00:00,1.7,1004.160165062135,1554.8832071358424,7.484290826775552e-14,0.0
2023-03-03 22:00:00,0.4,1255.7710944375099,1676.2501173171545,5.2567452949006127e-14,0.0
2023-03-03 23:00:00,0.1,1519.3483025185928,1896.0334395510881,1.8996713972724556e-13,0.0
2023-03-04 00:00:00,-0.4,1647.427972054341,2048.966020461258,8.549143457463e-14,0.0
2023-03-04 01:00:00,0.5,1721.535425323891,2002.3521456191497,9.792706857462528e-14,0.0
2023-03-04 02:00:00,0.1,1813.051887854118,2099.6134704355104,2.5684400995221115e-13,0.0
2023-03-04 03:00:00,-0.3,1921.6399468161721,2240.664571827355,4.5799895592746485e-14,0.0
2023-03-04 04:00:00,-0.6,1996.441116976369,2271.9033048569017,1.967346970835052e-13,0.0
2023-03-04 05:00:00,-0.6,2080.325956851804,2271.9033048569017,2.175112001839237e-14,0.0
2023-03-04 06:00:00,-0.2,2094.8469341404953,2193.8426982190385,1.673163078337875e-15,0.0
2023-03-04 07:00:00,0.6,1917.925488207231,2025.2180764523578,2.287839131253295e-13,0.0
2023-03-04 08:00:00,2.9,551.4467914956954,912.9596660653197,5.3978448377165483e-14,0.0
2023-03-04 09:00:00,5.0,0.0,30.195536631302993,0.0,0.0
2023-03-04 10:00:00,6.8,0.0,0.0,6.971187199686874,22.798744410973907
2023-03-04 11:00:00,8.4,4.967549795652828e-15,0.0,45.28294893273147,63.81542750494202
2023-03-04 12:00:00,9.3,8.178552784419013e-16,0.0,94.64640822896146,75.52968431971267
2023-03-04 13:00:00,10.8,4.252847447897888e-14,0.0,482.78029250818554,386.80292911553363
2023-03-04 14:00:00,10.7,8.832837007172533e-14,0.0,656.6436650844946,527.2886259407574
2023-03-04 15:00:00,10.3,5.238019034173576e-14,0.0,602.6990839008854,293.84989935479854
2023-03-04 16:00:00,9.7,2.7966252683204453e-14,0.0,299.83229657834784,62.57133032432728
2023-03-04 17:00:00,7.8,0.0,87.46233693705975,18.1247490768076,0.0
2023-03-04 18:00:00,5.5,174.46573323478233,685.7722544818553,1.7013872437019016e-14,0.0
2023-03-04 19:00:00,4.7,621.4851313466158,1113.326651591202,2.453565835325704e-14,0.0
2023-03-04 20:00:00,3.0,881.4749990282929,1316.6538160854757,1.9628526682605637e-14,0.0
2023-03-04 21:00:00,1.6,1104.6061879144763,1554.8832071358424,9.159979118549293e-14,0.0
2023-03-04 22:00:00,2.5,1176.8795620472997,1456.6777145244769,6.54284222753521e-15,0.0
2023-03-04 23:00:00,3.2,1247.9661305368443,1657.4255979902828,4.5593693884707103e-14,0.0
2023-03-05 00:00:00,2.9,1352.6058983904722,1781.8387554462497,1.7665674014345072e-13,0.0
2023-03-05 01:00:00,2.4,1450.4591531499696,1877.621780425794,9.774285606412876e-14,0.0
2023-03-05 02:00:00,2.9,1484.5781932882296,1868.8869217125775,1.7665674014345072e-13,0.0
2023-03-05 03:00:00,2.5,1574.908923211191,1904.545865960441,3.598563225144365e-13,0.0
2023-03-05 04:00:00,2.3,1643.714223604613,1945.9557971632469,4.093021644354915e-14,0.0
2023-03-05 05:00:00,2.5,1619.7893227397494,1866.54656758377,3.4758849333780806e-15,0.0
2023-03-05 06:00:00,2.1,1581.5192658749731,1854.93058206345,6.523310874606317e-14,0.0
2023-03-05 07:00:00,2.4,1549.4217660407405,1746.167379224302,2.2183214325857336e-13,0.0
2023-03-05 08:00:00,3.2,1345.11944914251,1232.6452501217168,1.4354275165687521e-13,0.0
2023-03-05 09:00:00,3.9,995.3805021879086,996.7083709118356,3.967534413479574e-14,0.0
2023-03-05 10:00:00,4.2,1023.3072671928,1167.120806116795,4.108002652936542e-15,0.0
2023-03-05 11:00:00,5.8,11.442462757750647,0.0,1.411731347347582e-15,0.0
2023-03-05 12:00:00,5.5,167.3522673519301,344.4937942757904,1.1668482413342373e-14,0.0
2023-03-05 13:00:00,5.8,287.66007695904364,209.55562650345502,1.6200982449432062e-14,0.0
2023-03-05 14:00:00,5.7,399.7286988572515,351.7575406240853,2.5056943556840212e-14,0.0
2023-03-05 15:00:00,5.3,571.5277353903382,453.82326286427895,5.3978448377165483e-14,0.0
2023-03-05 16:00:00,5.2,558.2142164759314,426.24126599557565,3.823930941231966e-14,0.0
2023-03-05 17:00:00,5.0,415.0647529778039,960.595705510578,0.0,0.0
2023-03-05 18:00:00,3.1,1002.6603546687395,1093.8838011451267,1.0837518752391544e-13,0.0
2023-03-05 19:00:00,3.0,1383.1153657856098,1297.9677085907842,7.935068826959147e-14,0.0
2023-03-05 20:00:00,1.8,1564.823636752696,1537.0573137878437,3.79934279454491e-13,0.0
2023-03-05 21:00:00,2.3,1648.5546192124282,1484.1884950253584,0.0,0.0
2023-03-05 22:00:00,2.9,1717.8836850851326,1641.744307776958,1.9840786016184307e-13,0.0
2023-03-05 23:00:00,1.2,1940.2334849427364,1876.0752835257358,1.8528167308854474e-13,0.0
2023-03-06 00:00:00,1.1,2039.4052696696535,1797.3966382079684,1.3903539733512319e-14,0.0
2023-03-06 01:00:00,3.1,1939.774533135044,1585.4882107777985,6.525336005517712e-14,0.0
2023-03-06 02:00:00,3.2,1961.4638058761732,1584.1223358469067,3.565465975190469e-14,0.0
2023-03-06 03:00:00,2.0,2088.6822260858316,1674.3148452914181,2.0327753931104042e-13,0.0
2023-03-06 04:00:00,0.8,2214.882589776116,1892.5276463622013,1.9877628518283612e-13,0.0
2023-03-06 05:00:00,-0.1,2228.7911017822553,2024.6923905112562,7.940297461578953e-14,0.0
2023-03-06 06:00:00,-0.3,2163.530765444273,2037.1344237442518,1.673163078337875e-15,0.0
2023-03-06 07:00:00,-0.1,2089.037812841902,1988.021438301082,2.123113998953554e-13,0.0
2023-03-06 08:00:00,1.8,1557.4104514745675,1275.2438572886003,1.783299032217886e-13,0.0
2023-03-06 09:00:00,3.4,852.1640470464681,801.0537699470165,2.5859122671328923e-14,0.0
2023-03-06 10:00:00,4.6,552.1000280004632,464.5667825683383,4.1829076958446875e-16,0.0
2023-03-06 11:00:00,5.8,254.44293554610874,266.33345723939567,0.0,0.0
2023-03-06 12:00:00,7.0,117.36162161333239,182.08874148298156,9.228961273561943e-15,0.0
2023-03-06 13:00:00,7.2,22.649042112856886,185.28149070931727,2.823462694695164e-15,0.0
2023-03-06 14:00:00,7.3,0.0,0.0,0.0,11.482682559346932
2023-03-06 15:00:00,7.7,0.0,129.006331884678,0.0,0.0
2023-03-06 16:00:00,7.3,32.084283128925726,251.84473290244298,0.0,0.0
2023-03-06 17:00:00,6.0,24.642367201086664,322.5815691667724,0.0,0.0
2023-03-06 18:00:00,3.4,760.2429353466739,1131.4257135518728,3.364617659859301e-14,0.0
2023-03-06 19:00:00,2.9,1406.764381735602,1266.0227851576644,6.9611329971196785e-15,0.0
2023-03-06 20:00:00,2.6,1448.49348114135,1340.0011745842098,1.423117187154634e-13,0.0
2023-03-06 21:00:00,1.6,1624.2717862684583,1525.8074086749598,1.7665674014345072e-13,0.0
2023-03-06 22:00:00,1.2,1826.606163848041,1729.8820236194704,2.851379721981387e-13,0.0
2023-03-06 23:00:00,0.8,2005.9408090044697,1776.281575632354,5.826108757019306e-14,0.0
2023-03-07 00:00:00,0.1,2087.9508874611415,1819.8389163176703,3.34302494528204e-13,0.0
2023-03-07 01:00:00,0.6,2103.997891325574,1844.8772979925955,3.336849536042958e-13,0.0
2023-03-07 02:00:00,0.8,2198.44370856374,1870.4753400635723,2.6620799167589706e-14,0.0
2023-03-07 03:00:00,0.7,2189.476577338906,1889.641462500449,3.8082314733985797e-13,0.0
2023-03-07 04:00:00,1.3,2149.289462028405,1865.148486450158,1.1257492396202679e-13,0.0
2023-03-07 05:00:00,0.6,2143.11755838939,1901.1019427436486,1.3903539733512319e-14,0.0
2023-03-07 06:00:00,-0.1,2123.4250950425157,2024.2709524152756,2.908255066257779e-13,0.0
2023-03-07 07:00:00,1.8,1928.9676443196693,1751.086510254042,6.6539507132060844e-15,0.0
2023-03-07 08:00:00,3.5,1580.8974765632056,1410.3699438679782,0.0,0.0
2023-03-07 09:00:00,5.0,1006.6168268419681,716.7286888121225,3.9257053365211274e-14,0.0
2023-03-07 10:00:00,6.2,440.1656891435134,272.4398899105121,2.464801591761926e-14,0.0
2023-03-07 11:00:00,7.4,117.4775049897284,205.2532029947529,0.0,0.0
2023-03-07 12:00:00,8.8,4.42307012454387,17.447145044123427,1.411731347347582e-15,0.0
2023-03-07 13:00:00,9.8,11.681663510493559,52.00667773591651,0.0,0.0
2023-03-07 14:00:00,9.1,73.53767209448702,160.2221564283487,0.0,0.0
2023-03-07 15:00:00,8.8,270.0180429647895,210.08189964371547,0.0,0.0
2023-03-07 16:00:00,8.0,428.5637447157768,443.99925808163357,5.0194892350136244e-15,0.0
2023-03-07 17:00:00,6.5,195.12869578528193,284.66608799265407,2.2082092517931333e-14,0.0
2023-03-07 18:00:00,4.5,844.5706668331652,849.4928844500564,2.4953949122841514e-14,0.0
2023-03-07 19:00:00,3.3,1365.9173117392568,1245.3218742413496,1.4859595725314875e-13,0.0
2023-03-07 20:00:00,2.7,1518.4164789902188,1338.1384373706003,2.1675037504783092e-13,0.0
2023-03-07 21:00:00,1.4,1710.3080787803199,1565.644641227189,4.5799895592746485e-14,0.0
2023-03-07 22:00:00,2.3,1783.156832788506,1589.5392527630386,4.1432165367050496e-13,0.0
2023-03-07 23:00:00,4.7,1696.696799996656,1357.5171433132302,2.1591379350866198e-13,0.0
2023-03-08 00:00:00,6.8,1575.6720470421683,980.8982895111347,1.8319958237098591e-13,0.0
2023-03-08 01:00:00,5.5,1673.7561273818174,1215.0306328170254,6.54284222753521e-15,0.0
2023-03-08 02:00:00,5.4,1736.3320273792165,1298.8618664932874,5.555424283543724e-17,0.0
2023-03-08 03:00:00,5.4,1771.418585544381,1324.764818380599,3.34632615667575e-15,0.0
2023-03-08 04:00:00,4.9,1828.0867497786935,1377.9071384406875,1.784344759141847e-13,0.0
2023-03-08 05:00:00,4.8,1830.6286195086332,1406.6631697015837,1.673163078337875e-15,0.0
2023-03-08 06:00:00,4.5,1795.5941436127177,1418.1561585461732,1.7687895711479247e-13,0.0
2023-03-08 07:00:00,4.8,1551.2077726033979,1138.7097113717045,1.967346970835052e-13,0.0
2023-03-08 08:00:00,6.2,238.1565619781377,205.60415473569077,4.963310452832516e-15,0.0
2023-03-08 09:00:00,7.7,0.0,0.0,0.0,9.920533594886905
2023-03-08 10:00:00,8.5,0.0,18.95275575436166,0.0,0.0
2023-03-08 11:00:00,9.3,0.0,57.20611036504474,0.0,0.0
2023-03-08 12:00:00,9.8,0.0,93.26992008550066,0.0,0.0
2023-03-08 13:00:00,10.1,0.0,18.585487620613605,0.0,0.0
2023-03-08 14:00:00,10.8,6.406160207852263,11.187815384957556,0.0,0.0
2023-03-08 15:00:00,10.8,145.46531211084516,272.2180403366888,1.1315733556302527e-15,0.0
2023-03-08 16:00:00,10.9,233.67577757302521,271.32239875702027,2.2082092517931333e-14,0.0
2023-03-08 17:00:00,10.7,0.0,122.43643236810712,0.0,5.417570929436026
2023-03-08 18:00:00,9.4,334.23050363769767,332.03827719077265,0.006712737767580384,3.3358916754833094
2023-03-08 19:00:00,7.2,839.8342772658534,584.207574867173,0.0005620719968177153,0.0
2023-03-08 20:00:00,4.8,1112.8871729736761,1098.2252188866173,5.848580269891748e-14,0.0
2023-03-08 21:00:00,3.5,1291.7520935458579,1313.260441875862,1.0513490589801224e-13,0.0
2023-03-08 22:00:00,3.5,1427.6583475906968,1510.2017364775866,8.919734130506985e-14,0.0
2023-03-08 23:00:00,3.3,1562.6617927661641,1539.1723410056188,8.610561955867178e-14,0.0
2023-03-09 00:00:00,3.6,1616.468506573372,1525.5575533363085,4.8521729271798386e-14,0.0
2023-03-09 01:00:00,8.8,1281.0031700585414,882.1125914838717,7.34617401191156e-14,0.0
2023-03-09 02:00:00,7.7,1322.011115410828,1027.0657423028258,9.774285606412876e-14,0.0
2023-03-09 03:00:00,6.8,1439.8272158348022,1142.319535400912,4.747305867108436e-14,0.0
2023-03-09 04:00:00,5.7,1543.988765849939,1234.0328612764858,1.3494612094291371e-14,0.0
2023-03-09 05:00:00,6.8,1410.8656269578737,1055.8864289103417,9.836734854175257e-14,0.0
2023-03-09 06:00:00,4.6,1479.8900858653944,1418.9345100653468,5.521438158514988e-14,0.0
2023-03-09 07:00:00,4.2,1532.9735201865028,1414.3369670009602,1.8319958237098591e-13,0.0
2023-03-09 08:00:00,8.2,28.80734622188487,26.03573233340669,0.0,0.0
2023-03-09 09:00:00,11.6,0.0,0.0,0.0,14.422763890383521
2023-03-09 10:00:00,13.4,0.0,0.0,0.0,36.08192330867651
2023-03-09 11:00:00,13.6,5.925785902446641e-16,0.0,4.411000395238608,87.36590024424225
2023-03-09 12:00:00,13.8,3.555471541467983e-15,0.0,24.4197851150541,366.3875904856479
2023-03-09 13:00:00,14.3,1.2395619063885064e-15,0.0,127.82898885338753,671.1901220564371
2023-03-09 14:00:00,14.9,8.096767256574823e-14,0.0,509.80268090488937,881.1618969321031
2023-03-09 15:00:00,14.6,0.0,0.0,577.6611533325112,796.9694181451955
2023-03-09 16:00:00,14.4,1.7420317430812498e-13,0.0,477.21033599266815,673.8271963459197
2023-03-09 17:00:00,13.2,1.066641462440395e-14,0.0,48.06566443348953,120.66684480962444
2023-03-09 18:00:00,11.4,1.1110848567087453e-16,13.832724360740531,0.3828461127945382,7.221833247342432
2023-03-09 19:00:00,10.0,118.80182373851333,358.3781013310388,5.737537620162088e-15,0.0
2023-03-09 20:00:00,8.8,382.6457379256326,516.2399887770433,3.2714211137676052e-15,0.0
2023-03-09 21:00:00,7.5,528.7199265050781,622.157408036622,6.480392979772827e-14,0.0
2023-03-09 22:00:00,6.8,723.1313548457396,945.7761387712123,3.9257053365211274e-14,0.0
2023-03-09 23:00:00,7.0,824.4846118705927,882.0128086760689,5.22552067101942e-14,0.0
2023-03-10 00:00:00,6.7,970.929202128819,952.4538239892308,2.2587701557561317e-14,0.0
2023-03-10 01:00:00,6.2,1077.3714393620492,1052.3194974117262,1.6684247680214785e-13,0.0
2023-03-10 02:00:00,4.0,1317.442190116189,1498.7439652678472,3.271421113767605e-15,0.0
2023-03-10 03:00:00,2.9,1532.5351686956883,1611.7095489490875,5.933501030526577e-14,0.0
2023-03-10 04:00:00,3.3,1584.358874768637,1595.8829432646837,2.184235381261688e-13,0.0
2023-03-10 05:00:00,2.8,1673.55774608113,1622.7040642737425,1.6886491296066782e-13,0.0
2023-03-10 06:00:00,2.6,1656.2743046121109,1626.9392077635925,4.5175403115122635e-14,0.0
2023-03-10 07:00:00,3.2,1130.5996279606957,1171.2022889081575,9.920393008092151e-14,0.0
2023-03-10 08:00:00,6.0,22.6006664702899,169.11333725808046,0.0,0.0
2023-03-10 09:00:00,8.3,2.5396225296199883e-16,0.0,5.868015038830543,13.276480635382544
2023-03-10 10:00:00,11.2,6.246856507718142e-14,0.0,377.62856779131073,83.82593419472272
2023-03-10 11:00:00,13.6,1.5748395675188356e-14,0.0,911.1637443516343,446.8227296577775
2023-03-10 12:00:00,15.1,9.472750240699197e-14,0.0,788.4466638244262,510.5391492759379
2023-03-10 13:00:00,15.2,5.583887406277373e-14,0.0,1214.7542241725153,767.1362940493607
2023-03-10 14:00:00,15.6,1.4338368486071637e-13,0.0,963.947350517636,665.3779591582132
2023-03-10 15:00:00,15.5,1.2681112087349646e-13,0.0,1416.3557633686553,870.1557620350686
2023-03-10 16:00:00,14.9,0.0,0.0,712.3647595527141,361.4450627473006
2023-03-10 17:00:00,13.1,2.658029654936179e-14,0.0,270.5799087250324,108.3721170198049
2023-03-10 18:00:00,11.8,3.555471541467983e-15,109.5076462318344,19.584545563847545,15.758772193651641
2023-03-10 19:00:00,11.4,1.7777357707339916e-15,200.934261918346,9.415498836454598,5.6750906440469535
2023-03-10 20:00:00,10.9,0.0,357.9225694816514,2.167169597922027,0.0
2023-03-10 21:00:00,10.6,61.907774502755046,394.77146069133437,1.6561569388448498e-14,0.0
2023-03-10 22:00:00,9.7,221.10594885482996,500.2647195275639,0.0,0.0
2023-03-10 23:00:00,8.9,390.15463980862296,742.3744475357049,2.110811412008347e-14,0.0
2023-03-11 00:00:00,8.4,483.9467664789442,794.5611899592229,0.0,0.0
2023-03-11 01:00:00,8.3,623.3771190185862,822.5768542282701,8.914622535016724e-14,0.0
2023-03-11 02:00:00,7.4,718.3283176128987,929.185207595787,9.334785930673896e-14,0.0
2023-03-11 03:00:00,6.7,865.8483690335022,1030.479422873132,1.1091607162928665e-13,0.0
2023-03-11 04:00:00,5.2,1035.09978391462,1291.982658428916,1.1091607162928665e-13,0.0
2023-03-11 05:00:00,4.2,1218.6526717464683,1477.4553644196874,1.4354275165687521e-13,0.0
2023-03-11 06:00:00,3.0,1362.8812867681518,1582.491359358492,4.5175403115122635e-14,0.0
2023-03-11 07:00:00,2.5,1158.9876720980471,1471.2850158373926,2.0077956940054494e-14,0.0
2023-03-11 08:00:00,3.3,271.41306211221894,889.182654831713,1.1293850778780655e-14,0.0
2023-03-11 09:00:00,4.2,0.0,46.45204931014278,5.961985027056799,0.0
2023-03-11 10:00:00,5.5,5.333207312201975e-15,37.731945771499696,23.431197874495762,0.0
2023-03-11 11:00:00,5.9,3.555471541467983e-15,38.41856578443599,24.97663112731635,0.0
2023-03-11 12:00:00,6.3,1.7379424666890403e-15,38.46632688854932,42.48203122280224,0.0
2023-03-11 13:00:00,6.6,0.0,0.0,76.06690047775261,0.0
2023-03-11 14:00:00,5.5,61.198163521948736,808.2306926032581,2.162071481503767,0.0
2023-03-11 15:00:00,5.5,149.474649634782,319.064626589952,2.370123099121744,0.0
2023-03-11 16:00:00,5.0,522.3801885815344,1003.7875182543398,4.661775087118837e-14,0.0
2023-03-11 17:00:00,4.3,548.8089189206479,705.8872691244803,1.483375257631644e-14,0.0
2023-03-11 18:00:00,3.8,849.7976754363242,1192.8480063923528,1.6357105568838024e-15,0.0
2023-03-11 19:00:00,3.6,1035.9216559060387,1212.5570243901175,2.388137413050352e-13,0.0
2023-03-11 20:00:00,3.3,1152.0888923890675,1282.918535152733,1.3360834587924408e-13,0.0
2023-03-11 21:00:00,3.0,1266.3898768119311,1365.5376831530546,4.1829076958446875e-16,0.0
2023-03-11 22:00:00,2.1,1462.7887574292868,1444.938318208317,1.8669571861347797e-13,0.0
2023-03-11 23:00:00,1.2,1693.6560909937268,1761.3048775432494,7.179620228271233e-14,0.0
2023-03-12 00:00:00,0.5,1854.0962653629806,1827.1703504668794,1.1042876317029976e-13,0.0
2023-03-12 01:00:00,-0.5,2062.4314412605854,1970.7620670776469,6.54284222753521e-15,0.0
2023-03-12 02:00:00,-1.3,2161.0322983401647,2147.9222440257317,6.54284222753521e-15,0.0
2023-03-12 03:00:00,-1.4,2212.9379168770433,2168.3234566012407,0.0,0.0
2023-03-12 04:00:00,-1.4,2274.477183686256,2188.0554702550544,2.8293962245927578e-14,0.0
2023-03-12 05:00:00,-1.9,2326.97064564421,2226.9448087045675,2.58517173030549e-13,0.0
2023-03-12 06:00:00,-2.5,2295.5998918907944,2333.271971189889,6.951769866756161e-15,0.0
2023-03-12 07:00:00,-1.9,1807.0152351335464,1832.144796463664,9.2648461786207e-14,0.0
2023-03-12 08:00:00,0.4,355.80252181981587,608.3421060418427,2.2587701557561317e-14,0.0
2023-03-12 09:00:00,2.5,0.0,77.755527301045,0.0,0.0
2023-03-12 10:00:00,4.1,0.0,0.0,12.711301313268319,0.0
2023-03-12 11:00:00,5.5,0.0,0.0,51.83312882616025,0.0
2023-03-12 12:00:00,6.8,1.447164058891308e-14,0.0,131.82455344458754,20.078301493222213
2023-03-12 13:00:00,8.4,1.4925858831564698e-14,0.0,120.84333350527137,30.56299373043973
2023-03-12 14:00:00,8.8,9.977834396991195e-14,0.0,416.7350694065874,127.72810474068301
2023-03-12 15:00:00,8.6,0.0,0.0,253.38500938240858,26.082967863210204
2023-03-12 16:00:00,8.0,1.498280013793927e-14,0.0,141.52140406710907,22.87832691946493
2023-03-12 17:00:00,7.3,0.0,355.5076703252246,39.41183491890159,0.0
2023-03-12 18:00:00,6.7,22.69306313028992,632.26785001586,0.48489035677203646,0.0
2023-03-12 19:00:00,6.3,336.02063455106384,745.3157456065317,6.590267898707571e-15,0.0
2023-03-12 20:00:00,5.9,625.570095464607,889.3358448038878,7.177137582843761e-14,0.0
2023-03-12 21:00:00,5.7,697.5425592268459,942.5282615463152,9.221775778948514e-14,0.0
2023-03-12 22:00:00,5.7,849.9392714053195,1104.8478902405282,1.1297638598934459e-13,0.0
2023-03-12 23:00:00,4.2,1050.6991344516828,1430.070096923189,2.8595530827660777e-06,0.0
2023-03-13 00:00:00,5.2,1084.6461488488396,1246.9884127103946,5.563267235473435e-14,0.0
2023-03-13 01:00:00,6.2,1054.9029684743575,1038.578941895954,4.1829076958446875e-16,0.0
2023-03-13 02:00:00,6.4,1081.951497674559,930.8617426666742,8.87466608413098e-14,0.0
2023-03-13 03:00:00,5.0,1225.0628823348038,1377.0037903271382,3.9257053365211274e-14,0.0
2023-03-13 04:00:00,3.5,1423.7641279253467,1631.3494438092098,9.836734854175257e-14,0.0
2023-03-13 05:00:00,3.0,1446.0322211175749,1689.7507424685791,2.5745240058579777e-15,0.0
2023-03-13 06:00:00,4.4,1303.0659554415217,1427.5788202513331,4.601198465429157e-14,0.0
2023-03-13 07:00:00,5.6,995.963225597337,974.0144109533702,2.0046817452190106e-14,0.0
2023-03-13 08:00:00,8.1,36.661851288314715,113.01561944738623,0.0,0.0
2023-03-13 09:00:00,10.2,2.1110612277466163e-15,0.0,10.752924951103754,18.22903572904662
2023-03-13 10:00:00,11.4,3.555471541467983e-15,0.0,20.426920060856165,15.711505099098625
2023-03-13 11:00:00,14.3,6.951769866756161e-15,0.0,55.467661407455765,309.1096734894139
2023-03-13 12:00:00,14.3,0.0,0.0,12.786756283141129,32.889410128964364
2023-03-13 13:00:00,13.4,0.0,0.0,5.74546135540296,31.26813099565436
2023-03-13 14:00:00,13.4,8.888678853669958e-16,0.0,3.9198388811871276,34.763418886286345
2023-03-13 15:00:00,13.7,0.0,0.0,5.130297572600646,47.21710719256336
2023-03-13 16:00:00,13.3,3.555471541467983e-15,0.0,9.234947748606585,39.2941860850069
2023-03-13 17:00:00,12.2,0.0,0.0,38.37499627491431,31.15717336714199
2023-03-13 18:00:00,10.8,1.7777357707339916e-15,0.0,4.5398364404405225,6.505655290009414
2023-03-13 19:00:00,9.9,232.95122555079766,120.43230282805538,0.0017436860276978728,3.987216034900368
2023-03-13 20:00:00,9.7,478.0689041019908,195.87435026859043,2.874970553696613e-14,0.0
2023-03-13 21:00:00,9.1,562.4039299293786,296.24335547161064,1.252340895114161e-15,0.0
2023-03-13 22:00:00,8.2,751.3109591168869,574.6837297580779,1.0959260731121477e-13,0.0
2023-03-13 23:00:00,8.1,869.4880908292196,610.4856625508678,1.336268592999291e-14,0.0
2023-03-14 00:00:00,8.4,947.0211542636455,692.0692403686608,1.0457269239611716e-14,0.0
2023-03-14 01:00:00,8.2,983.9614524873152,782.1183477047846,1.0038978470027247e-14,0.0
2023-03-14 02:00:00,7.7,1132.1322371309861,885.5424192582698,1.658182069756246e-14,0.0
2023-03-14 03:00:00,6.0,1273.9491229943524,1123.0471712712233,4.336505601814782e-14,0.0
2023-03-14 04:00:00,4.4,1396.2038270341095,1498.2929090791215,1.0927529824512434e-13,0.0
2023-03-14 05:00:00,5.4,1312.6977005346544,1311.1588526175885,0.0,0.0
2023-03-14 06:00:00,8.8,996.5303317312071,637.2317400397758,1.5017312499449793e-13,0.0
2023-03-14 07:00:00,7.3,936.6694307873038,741.0361976949429,3.3357217035984955e-14,0.0
2023-03-14 08:00:00,8.2,852.998113124543,619.6532241529859,1.9628526682605637e-14,0.0
2023-03-14 09:00:00,10.2,385.03087672436993,193.52708831317847,4.498204031430457e-14,0.0
2023-03-14 10:00:00,12.5,0.0,0.0,0.0,13.547033743337206
2023-03-14 11:00:00,13.2,0.0,40.69666632117841,0.0,13.942301485036019
2023-03-14 12:00:00,13.3,47.08466353568231,0.0,1.1167448518873163e-14,12.359975958144643
2023-03-14 13:00:00,12.2,226.2831281950796,36.787084823139075,2.2587701557561317e-14,10.619434212185144
2023-03-14 14:00:00,9.4,544.5960035237172,279.3823367751552,2.2587701557561317e-14,0.0
2023-03-14 15:00:00,9.1,766.2594089985292,313.3778189308151,1.4884571093079262e-05,0.0
2023-03-14 16:00:00,9.7,683.6823484852865,209.1254884970499,6.675188659342398e-14,0.0
2023-03-14 17:00:00,9.6,698.7333410818496,178.34389900207046,4.2216228240166954e-14,3.987216034900368
2023-03-14 18:00:00,8.8,824.2998781241392,265.6976048909902,2.0914538479223437e-16,3.0021677684873986
2023-03-14 19:00:00,9.7,845.5126787115421,157.66737914200013,2.1473382624281674e-14,3.987216034900368
2023-03-14 20:00:00,9.7,919.4809947493868,197.5279152092795,9.878563931133706e-14,0.0
2023-03-14 21:00:00,9.0,1026.5556392384149,297.89692041229955,9.487121229926054e-14,0.0
2023-03-14 22:00:00,8.6,1166.9648626759463,568.2715621909801,4.140392347112124e-15,0.0
2023-03-14 23:00:00,8.4,1276.5365407504892,605.3266110556215,1.018508587170653e-13,0.0
2023-03-15 00:00:00,7.8,1390.7062871602184,718.7058055605546,1.0101427717789636e-13,0.0
2023-03-15 01:00:00,7.0,1487.8449077147402,925.4475324127502,6.951769866756161e-15,0.0
2023-03-15 02:00:00,6.9,1533.645190144391,947.1608507643849,6.54284222753521e-15,0.0
2023-03-15 03:00:00,5.8,1642.5149939853268,1172.9224035064017,1.3926621265739538e-13,0.0
2023-03-15 04:00:00,4.7,1765.6207656156623,1470.5373428626167,4.5175403115122635e-14,0.0
2023-03-15 05:00:00,4.0,1782.7487951233195,1595.0850172065427,8.443245648033391e-14,0.0
2023-03-15 06:00:00,3.5,1748.075411089549,1562.2673920436187,5.1718245342657846e-14,0.0
2023-03-15 07:00:00,3.4,1718.2544420229608,1536.7223597419234,4.5799895592746485e-14,0.0
2023-03-15 08:00:00,3.6,1507.5494387465876,1119.676580522937,1.9566992463875403e-13,0.0
2023-03-15 09:00:00,4.5,1053.7808840909242,701.4849398069516,8.526903801950285e-14,0.0
2023-03-15 10:00:00,5.8,303.02769737793443,182.01596476383617,2.4591837135438143e-14,0.0
2023-03-15 11:00:00,6.8,20.98194358057812,34.70906070580669,0.0,16.075796491383336
2023-03-15 12:00:00,8.2,0.0,0.0,0.0,78.71080949319773
2023-03-15 13:00:00,7.8,0.0,0.0,8.70481388550476,153.43958663165807
2023-03-15 14:00:00,8.3,0.0,0.0,3.0306669589364734,15.97572550362277
2023-03-15 15:00:00,8.7,0.0,0.0,5.57346745898613,50.83887418709856
2023-03-15 16:00:00,8.7,3.555471541467983e-15,0.0,20.154785005630643,239.66390128811645
2023-03-15 17:00:00,7.8,0.0,0.0,12.536972813430868,62.17637208657772
2023-03-15 18:00:00,6.1,501.2666442994434,538.7311536429686,8.910180720776034e-14,0.0
2023-03-15 19:00:00,4.7,1073.4013228626286,993.5350984146853,5.6216449374088306e-14,0.0
2023-03-15 20:00:00,4.0,1202.2894644511448,1194.450252281872,1.0457269239611719e-16,0.0
2023-03-15 21:00:00,3.2,1375.1026825482058,1304.4734643817549,8.365815391689374e-16,0.0
2023-03-15 22:00:00,2.5,1566.4881482325934,1541.560334700143,1.0861079083139032e-13,0.0
2023-03-15 23:00:00,2.1,1745.4465684624072,1615.4291433757007,1.9061603297906017e-13,0.0
2023-03-16 00:00:00,1.8,1883.305246314067,1789.4886791606978,1.711625685166295e-13,0.0
2023-03-16 01:00:00,1.4,1970.2947584296562,1893.2136140148473,8.624932945094035e-15,0.0
2023-03-16 02:00:00,1.2,2039.5603155394792,1967.3643061236198,2.621226167406294e-13,0.0
2023-03-16 03:00:00,0.9,2111.253550426435,1997.2074939031331,1.3903539733512319e-14,0.0
2023-03-16 04:00:00,0.5,2190.4701785625016,2031.8997683195116,1.6886491296066782e-13,0.0
2023-03-16 05:00:00,0.0,2219.4745990662077,2081.9599073940244,2.0077956940054494e-14,0.0
2023-03-16 06:00:00,-0.9,2234.037279839737,2118.883300212028,2.175112001839237e-14,0.0
2023-03-16 07:00:00,-0.4,1644.0194793805033,1655.1507075809736,0.0,0.0
2023-03-16 08:00:00,1.4,361.296137584912,562.1930031788652,0.0,0.0
2023-03-16 09:00:00,3.2,0.0,51.484830785618506,0.0,0.0
2023-03-16 10:00:00,4.8,7.110943082935973e-16,0.0,9.690328480250509,21.529179543445085
2023-03-16 11:00:00,6.3,3.555471541467983e-15,0.0,43.28170717729379,56.663128871055164
2023-03-16 12:00:00,7.0,0.0,0.0,30.36427232567715,18.295724580499964
2023-03-16 13:00:00,7.8,2.351333925520466e-14,0.0,297.68157492073766,174.2472972952694
2023-03-16 14:00:00,8.2,3.064837954737201e-13,0.0,874.1676082214972,316.3677264786894
2023-03-16 15:00:00,8.2,5.561415893404929e-14,0.0,852.3139721478542,309.62680826043476
2023-03-16 16:00:00,8.0,1.650256038315414e-13,0.0,530.0382371945827,154.36686917829076
2023-03-16 17:00:00,7.1,7.110943082935968e-15,0.0,57.16164063715803,26.74928395204353
2023-03-16 18:00:00,4.3,155.57108619521068,675.2575737037484,4.3499189940010896e-15,0.0
2023-03-16 19:00:00,2.0,746.9606207653108,1490.973808732728,4.678300910421978e-14,0.0
2023-03-16 20:00:00,1.1,1084.0509001004002,1683.8121945585558,1.3844225718540577e-13,0.0
2023-03-16 21:00:00,0.4,1254.2733665096878,1694.3547818465568,2.6185311935793663e-13,0.0
2023-03-16 22:00:00,0.4,1401.9627052527621,1798.4708241133867,4.336505601814782e-14,0.0
2023-03-16 23:00:00,0.1,1495.8794226370396,1846.6648483388021,1.7418402236731396e-14,0.0
2023-03-17 00:00:00,0.1,1556.5361295999214,1880.3914388484664,2.6850101008466436e-13,0.0
2023-03-17 01:00:00,0.9,1594.7561420844318,1940.636499947951,7.379423766704147e-15,0.0
2023-03-17 02:00:00,0.1,1794.5585057914595,1999.4890055617402,4.5175403115122635e-14,0.0
2023-03-17 03:00:00,0.1,1828.342935531778,2019.4075309898265,5.933501030526577e-14,0.0
2023-03-17 04:00:00,0.2,1875.950664668055,2009.232761652217,0.0,0.0
2023-03-17 05:00:00,0.5,1905.3226377367248,1992.7099561500504,1.2368950984554518e-13,0.0
2023-03-17 06:00:00,0.8,1875.7459840383017,1983.0788168938166,3.984888834020239e-13,0.0
2023-03-17 07:00:00,1.5,1313.8659411587134,1490.0880021042142,0.0,0.0
2023-03-17 08:00:00,3.0,350.13663330499764,472.45358850339926,0.0,0.0
2023-03-17 09:00:00,5.0,0.0,33.14510808624084,0.0,13.008727849108071
2023-03-17 10:00:00,7.0,1.1851571804893279e-15,0.0,13.073669905915255,21.452913733068172
2023-03-17 11:00:00,8.4,0.0,0.0,23.54918555453677,39.35449840911428
2023-03-17 12:00:00,9.8,0.0,0.0,70.36818302072228,293.39957588414075
2023-03-17 13:00:00,10.7,0.0,0.0,283.73838249437387,522.6763635659715
2023-03-17 14:00:00,11.1,2.0046817452190106e-14,0.0,624.4946750295996,657.4479004338776
2023-03-17 15:00:00,11.2,2.948024254536252e-14,0.0,642.8835816914591,637.3716638838508
2023-03-17 16:00:00,10.7,1.6357105568838024e-15,0.0,459.6484619286537,363.0679263729761
2023-03-17 17:00:00,9.7,2.8125425899384252e-14,0.0,82.10897790907939,77.35285515906672
2023-03-17 18:00:00,8.2,13.016718084968932,226.85465388753184,6.564364238240887,8.316294771125294
2023-03-17 19:00:00,7.0,299.12317173101667,498.37652465464396,3.764616926260219e-15,0.0
2023-03-17 20:00:00,6.4,637.8780133462324,533.4760142865132,4.601198465429157e-14,0.0
2023-03-17 21:00:00,5.7,751.6456050326811,823.744342847285,1.9628526682605637e-14,0.0
2023-03-17 22:00:00,5.1,931.3196937562923,1087.5967998649294,4.887142803206438e-14,0.0
2023-03-17 23:00:00,4.5,1061.9159055916518,1331.1029967438435,0.0,0.0
2023-03-18 00:00:00,4.0,1153.8158108600496,1456.2141361898966,4.1829076958446875e-16,0.0
2023-03-18 01:00:00,4.8,1198.5598366463855,1347.007678073141,1.0457269239611716e-14,0.0
2023-03-18 02:00:00,4.5,1306.7147825422371,1451.0872119494375,1.0875560009196185e-14,0.0
2023-03-18 03:00:00,3.9,1426.9684372730553,1561.1390758110813,5.3404034488175064e-14,0.0
2023-03-18 04:00:00,3.5,1481.8688709340017,1594.704697601997,0.0,0.0
2023-03-18 05:00:00,3.0,1585.180241382302,1659.81967190345,0.0,0.0
2023-03-18 06:00:00,2.5,1661.020970455118,1683.3224384357563,4.5799895592746485e-14,0.0
2023-03-18 07:00:00,2.9,1259.926212095189,1339.8646060265582,2.7155351042016254e-17,0.0
2023-03-18 08:00:00,4.0,463.0650654316773,739.4831680414152,1.483375257631644e-14,0.0
2023-03-18 09:00:00,5.7,7.481824133482125,39.49006729803267,0.0,0.0
2023-03-18 10:00:00,7.5,3.555471541467983e-15,0.0,17.070339810406583,23.41901659353422
2023-03-18 11:00:00,9.1,1.4221886165871933e-14,0.0,67.84324141064027,57.98451735523624
2023-03-18 12:00:00,10.7,1.094463970063238e-14,0.0,173.6344905978031,238.09756991932971
2023-03-18 13:00:00,11.7,9.173922144202111e-14,0.0,595.8420681980296,598.8282101409513
2023-03-18 14:00:00,12.4,1.4721395011954223e-13,0.0,757.1195375131973,693.9977390537985
2023-03-18 15:00:00,12.7,4.009363490438021e-14,0.0,855.8229541418984,716.6147420150041
2023-03-18 16:00:00,12.4,3.9257053365211274e-14,0.0,621.9070289855329,517.2620042801475
2023-03-18 17:00:00,11.4,0.0,0.0,93.50629396160133,90.86443876733912
2023-03-18 18:00:00,9.9,5.333207312201975e-15,84.84010738368747,10.324719752044032,5.592305438609415
2023-03-18 19:00:00,8.7,75.60479713795571,361.1112368333047,4.3170550881223075,3.280601987318324
2023-03-18 20:00:00,7.7,415.1241318403271,477.5740550712551,6.133914588314259e-16,0.0
2023-03-18 21:00:00,6.9,573.4649725251746,554.1744151642448,6.379271171846831e-14,0.0
2023-03-18 22:00:00,6.2,755.8689753484458,706.8672603924228,8.843060198153057e-14,0.0
2023-03-18 23:00:00,5.5,933.7574461934905,1091.2337296443657,1.1091607162928665e-13,0.0
2023-03-19 00:00:00,5.0,1080.1316017878698,1279.026322231196,4.2535010272253635e-14,0.0
2023-03-19 01:00:00,5.2,1133.198041167797,1243.3282328240598,8.832837007172533e-14,0.0
2023-03-19 02:00:00,5.0,1201.4695704195842,1318.9335276502154,1.3728690353379322e-14,0.0
2023-03-19 03:00:00,4.5,1320.6773718950012,1425.0826263158278,9.836734854175257e-14,0.0
2023-03-19 04:00:00,3.7,1413.4821498087204,1606.7487228416185,9.920393008092151e-14,0.0
2023-03-19 05:00:00,3.1,1367.079052247917,1661.0455853818162,3.050787451195562e-13,0.0
2023-03-19 06:00:00,2.9,1349.2753296041433,1630.0146562480568,1.7665674014345072e-13,0.0
2023-03-19 07:00:00,3.7,910.6579371037449,1133.361706941454,7.484290826775552e-14,0.0
2023-03-19 08:00:00,5.2,6.718410803387076,237.4978617473231,0.0,0.0
2023-03-19 09:00:00,7.0,4.740628721957313e-15,0.0,19.709094216693412,15.198039249439894
2023-03-19 10:00:00,8.2,0.0,0.0,28.736913835374576,0.0
2023-03-19 11:00:00,9.9,0.0,0.0,74.27430523651633,73.93992621570453
2023-03-19 12:00:00,11.6,0.00011855532562230355,0.0,475.1859070896358,409.0013869083184
2023-03-19 13:00:00,12.3,2.784453198847872e-13,0.0,1008.6099459975158,724.7543944872606
2023-03-19 14:00:00,13.1,9.487121229926054e-14,0.0,1163.710593776886,617.7857535648648
2023-03-19 15:00:00,13.4,3.2826568702038265e-14,0.0,1344.9318489303669,703.9480506371663
2023-03-19 16:00:00,13.2,2.076472839340714e-14,0.0,874.8775812060087,606.993916702442
2023-03-19 17:00:00,12.2,6.741993178604958e-14,0.0,399.12377830251546,53.49050775775104
2023-03-19 18:00:00,11.8,3.582626892509999e-15,0.0,25.140318370240955,12.81754858243656
2023-03-19 19:00:00,10.2,0.0,123.76163813465521,12.336322183753234,4.774685522028681
2023-03-19 20:00:00,7.8,54.553600935742075,409.23419778998937,2.2363673151718513,0.0
2023-03-19 21:00:00,6.1,348.9056148962928,773.8344489058902,6.133914588314259e-16,0.0
2023-03-19 22:00:00,7.0,458.0827299733322,664.9497290106499,2.110811412008347e-14,0.0
2023-03-19 23:00:00,7.2,554.4032346011967,700.5984121979136,9.814263341302817e-15,0.0
2023-03-20 00:00:00,7.7,611.4555222505787,889.0766073429708,4.5175403115122635e-14,0.0
2023-03-20 01:00:00,6.4,746.2039414469027,1170.7670676420998,2.422341211444512e-14,0.0
2023-03-20 02:00:00,6.4,827.7593138638788,1198.0733696503835,8.832837007172533e-14,0.0
2023-03-20 03:00:00,6.8,856.2005808773645,1143.645765293858,2.924290134945874e-14,0.0
2023-03-20 04:00:00,6.9,907.697480446303,1033.2988099243712,2.2587701557561317e-14,0.0
2023-03-20 05:00:00,6.2,943.2803969386676,1233.7556420829924,3.61072465261484e-14,0.0
2023-03-20 06:00:00,5.8,934.6011715008035,1197.1167158986875,5.0194892350136244e-15,0.0
2023-03-20 07:00:00,7.2,355.9776575694232,426.9829116852585,4.4164185035862666e-14,0.0
2023-03-20 08:00:00,9.7,4.44433942683498e-16,51.748616014567006,2.9005642965556846,0.0
2023-03-20 09:00:00,12.1,3.555471541467983e-15,0.0,46.40244020534308,27.733773979431607
2023-03-20 10:00:00,13.6,9.36639021263225e-15,0.0,172.13331072463367,28.690489047690125
2023-03-20 11:00:00,14.9,3.726126421877332e-14,0.0,586.1946374346157,391.33805690700495
2023-03-20 12:00:00,15.6,3.9257053365211274e-14,0.0,584.9213148101642,481.54055427608114
2023-03-20 13:00:00,15.4,0.00017233103641101183,0.0,732.4249986588713,800.4533958253987
2023-03-20 14:00:00,15.7,7.851410673042253e-14,0.0,947.9389339437089,1035.5697868313302
2023-03-20 15:00:00,15.9,8.154818664828635e-14,0.0,1217.1548022928494,1170.5831591736546
2023-03-20 16:00:00,15.6,4.014665716976648e-14,0.0,1010.9893205635644,799.1357013548934
2023-03-20 17:00:00,14.2,2.4535658353257042e-15,0.0,180.8507260606816,144.05143417736355
2023-03-20 18:00:00,12.8,3.4758849333780806e-15,0.0,36.73932916134034,17.536464302493286
2023-03-20 19:00:00,11.8,3.555471541467983e-15,85.2575470932855,16.290533154913582,7.534479751991733
2023-03-20 20:00:00,10.8,1.7777357707339916e-15,230.94484339646453,8.0777119076517,0.0
2023-03-20 21:00:00,10.4,38.78655495065818,286.87947395657835,3.3874039464992354,0.0
2023-03-20 22:00:00,10.4,186.77759619077753,590.9729667970432,4.4164185035862666e-14,0.0
2023-03-20 23:00:00,9.4,347.0741699865732,669.8767950263302,0.0008479409934418047,0.0
2023-03-21 00:00:00,9.2,445.0860446361048,691.8226121998371,2.110811412008347e-14,0.0
2023-03-21 01:00:00,9.3,502.7108599505749,749.7914769926074,9.814263341302817e-15,0.0
2023-03-21 02:00:00,9.0,573.9467403442773,812.2850910161601,2.9186722567277625e-15,0.0
2023-03-21 03:00:00,9.0,653.5821685298929,794.3936104735594,4.4164185035862666e-14,0.0
2023-03-21 04:00:00,8.5,744.5068055320255,787.4781189405928,2.966750515263289e-14,0.0
2023-03-21 05:00:00,8.1,749.6305774776179,760.3885270987637,6.643964035461207e-14,0.0
2023-03-21 06:00:00,7.8,758.6877439322191,721.778554063776,1.1255178218617045e-13,0.0
2023-03-21 07:00:00,8.3,243.45218347802276,317.5213384800476,0.0,0.0
2023-03-21 08:00:00,10.3,1.1851571804893279e-15,10.256364613848486,16.782904824084103,10.946581452876694
2023-03-21 09:00:00,12.2,1.2503272362846644e-14,0.0,197.5122461266243,61.08300325579249
2023-03-21 10:00:00,13.5,4.827218768879922e-14,0.0,714.4014945493385,455.48294446614574
2023-03-21 11:00:00,14.5,2.3571695673135857e-13,0.0,816.5971695339459,465.5951883014469
2023-03-21 12:00:00,15.6,3.8258035673046696e-14,0.0,1083.9846039373733,777.0616075453031
2023-03-21 13:00:00,15.4,5.646925389390329e-15,0.0,974.2947721758485,643.4599876698377
2023-03-21 14:00:00,15.9,2.399943290490889e-14,0.0,824.0970903674558,599.1986258061754
2023-03-21 15:00:00,16.0,3.3463261566757492e-15,0.0,651.360643438099,431.15063135786625
2023-03-21 16:00:00,16.1,4.2080516059906436e-14,0.0,882.3207274458194,777.601042588736
2023-03-21 17:00:00,14.9,2.8748233698589696e-14,0.0,306.0017123068796,100.66287227111404
2023-03-21 18:00:00,14.7,1.4221886165871933e-14,0.0,55.66855361258298,24.16392376229542
2023-03-21 19:00:00,10.9,0.0,202.31040932664456,16.13422506253003,0.0
2023-03-21 20:00:00,9.7,1.7777357707339916e-15,325.5063274516114,8.675237175407473,0.0
2023-03-21 21:00:00,11.2,11.259953184961487,205.50581712786337,6.410660427368564,0.0
2023-03-21 22:00:00,8.1,268.55440780121984,586.9865482807636,8.178552784419013e-16,0.0
2023-03-21 23:00:00,6.2,599.4015300876097,1145.5632542417625,0.0,0.0
2023-03-22 00:00:00,6.9,667.1155389902469,935.3693549446707,5.223953054624099e-15,0.0
2023-03-22 01:00:00,6.0,700.1046029644635,1226.9393179660296,2.2587701557561317e-14,0.0
2023-03-22 02:00:00,7.8,636.0442445039203,859.0338841850592,6.675188659342398e-14,0.0
2023-03-22 03:00:00,9.5,562.789554190753,796.4287222948197,1.3638194282534782e-13,0.0
2023-03-22 04:00:00,9.5,583.7723282705973,777.8044420323465,1.509909802729398e-13,0.0
2023-03-22 05:00:00,9.8,548.1842686422248,709.7864980134582,6.838759715030779e-14,0.0
2023-03-22 06:00:00,9.3,529.6455435450994,663.5066841931646,3.0922377461386294e-14,0.0
2023-03-22 07:00:00,9.9,268.9934989083623,462.4132651526561,2.2082092517931333e-14,0.0
2023-03-22 08:00:00,11.8,0.0,33.62536861983837,0.0,0.0
2023-03-22 09:00:00,13.6,3.903060034805791e-15,0.0,17.12401929618907,21.83683025726235
2023-03-22 10:00:00,15.6,3.883850474883483e-14,0.0,556.3033954303204,545.0730868741565
2023-03-22 11:00:00,16.9,1.0076717567231627e-13,0.0,1375.364802257968,623.7431042716579
2023-03-22 12:00:00,18.3,3.9651610015205344e-13,0.0,1639.793477806066,1146.9479943104539
2023-03-22 13:00:00,18.8,5.688754466348774e-14,0.0,1443.9127615744353,1080.07955802587
2023-03-22 14:00:00,18.5,3.8852480997490486e-13,0.0,1228.7516358631606,731.7759972391062
2023-03-22 15:00:00,18.1,1.292585865152745e-13,0.0,1464.5856873840405,1092.7790197164416
2023-03-22 16:00:00,18.1,3.744964994498929e-13,0.0,1276.2363755790664,823.5124872297765
2023-03-22 17:00:00,17.1,1.5539250290396126e-13,0.0,713.6412628615943,452.62724505369783
2023-03-22 18:00:00,14.6,7.110943082935968e-15,0.0,61.702273396795604,53.203153266158765
2023-03-22 19:00:00,13.4,0.0,0.0,30.96909843357161,15.042776810194566
2023-03-22 20:00:00,12.1,0.0,77.57921185083103,13.491363896451038,0.0
2023-03-22 21:00:00,10.4,8.888678853669958e-16,252.54409506482713,6.904086434212833,0.0
2023-03-22 22:00:00,8.7,84.62790309060142,528.0185812651298,1.4721395011954222e-14,0.0
2023-03-22 23:00:00,7.0,342.89398870685517,867.3285266122209,1.6357105568838026e-15,0.0
2023-03-23 00:00:00,6.2,489.9861540260138,1122.7644524579885,7.65661499347268e-14,0.0
2023-03-23 01:00:00,6.7,546.8601032957956,988.96831905102,5.579510850772998e-14,0.0
2023-03-23 02:00:00,6.2,700.1830861931762,1210.2224894649507,5.0194892350136244e-15,0.0
2023-03-23 03:00:00,5.5,810.6203564009784,1371.700081564727,1.7665674014345072e-13,0.0
2023-03-23 04:00:00,5.7,843.1892630087057,1344.0443145924605,2.7919437031386866e-14,0.0
2023-03-23 05:00:00,6.2,765.945562296692,1146.0186194207336,1.9628526682605637e-14,0.0
2023-03-23 06:00:00,6.8,677.2122059569242,902.2411556456418,9.498356986362275e-14,0.0
2023-03-23 07:00:00,7.2,442.33155435277104,701.4747386235663,2.110811412008347e-14,0.0
2023-03-23 08:00:00,9.2,0.0,125.60890453113905,0.0,0.0
2023-03-23 09:00:00,11.3,2.6666036561009876e-15,0.0,16.145104462581656,0.0
2023-03-23 10:00:00,13.1,6.951769866756161e-15,0.0,66.994482329896,15.374282074368253
2023-03-23 11:00:00,15.9,9.35815170405765e-14,0.0,677.3356416738636,632.1755394298947
2023-03-23 12:00:00,18.2,6.274361543767031e-15,0.0,1457.4432467181587,1301.7819065280619
2023-03-23 13:00:00,18.9,7.005082964693578e-13,0.0,1815.5821914496464,2166.1268614202636
2023-03-23 14:00:00,20.1,0.0,0.0,2040.9648112953914,2529.895024213888
2023-03-23 15:00:00,20.1,7.298248258214728e-14,0.0,1633.0530891137814,2031.5106666048341
2023-03-23 16:00:00,19.6,1.0468547564056338e-13,0.0,998.8932489466201,616.3822621852279
2023-03-23 17:00:00,18.5,2.8929584059966665e-13,0.0,694.786189989875,312.16064877079583
2023-03-23 18:00:00,14.8,3.4758849333780806e-15,0.0,56.573058872615405,47.901470331789994
2023-03-23 19:00:00,13.4,7.110943082935968e-15,0.0,29.009191391122073,15.042776810194566
2023-03-23 20:00:00,13.6,0.0,0.0,14.797201971090413,11.009776122628203
2023-03-23 21:00:00,13.3,0.0,67.05250536770396,10.589261030449368,9.885573432424518
2023-03-23 22:00:00,11.8,2.2221697134174905e-16,245.26818549799606,1.5198234842551932,0.0
2023-03-23 23:00:00,11.6,26.35031545092129,369.8773189570041,0.0,0.0
2023-03-24 00:00:00,12.8,68.79103479170827,335.0419038672751,2.2082092517931333e-14,0.0
2023-03-24 01:00:00,12.3,106.52455522905697,401.4151979481769,1.411731347347582e-15,0.0
2023-03-24 02:00:00,10.2,276.95957706523245,689.9403060763464,2.2587701557561317e-14,0.0
2023-03-24 03:00:00,10.7,337.3675769210638,655.9174343677469,3.0922377461386294e-14,0.0
2023-03-24 04:00:00,10.7,366.1164857642565,638.1468020627682,0.0,0.0
2023-03-24 05:00:00,11.4,330.864728688735,525.6437205541738,5.3978448377165483e-14,0.0
2023-03-24 06:00:00,9.7,398.9306441979254,665.8575586199263,9.962222085050599e-14,0.0
2023-03-24 07:00:00,10.5,266.5185659210067,382.9807214064915,4.907131670651407e-14,0.0
2023-03-24 08:00:00,11.9,1.259229504269911e-15,8.045453398828078,6.429242486033915,0.0
2023-03-24 09:00:00,12.8,7.545428699608227e-15,0.0,33.01089836373287,0.0
2023-03-24 10:00:00,13.8,6.951769866756161e-15,0.0,72.63212581527091,16.29998475221935
2023-03-24 11:00:00,14.9,2.5819382577294458e-14,0.0,165.92700389638708,26.13796914801782
2023-03-24 12:00:00,16.2,1.3903539733512319e-14,0.0,531.6675710755844,95.88728727137533
2023-03-24 13:00:00,17.6,1.3368030724539937e-13,0.0,872.7504350530594,160.53640711971053
2023-03-24 14:00:00,18.9,2.3340710078830146e-13,0.0,1403.669199639228,1763.0295859401895
2023-03-24 15:00:00,19.0,3.449973178037614e-14,0.0,1268.5733947128392,608.1618082834339
2023-03-24 16:00:00,17.9,1.5576702811850195e-14,0.0,164.72984264481465,79.30373252603107
2023-03-24 17:00:00,15.7,7.00405621295422e-15,0.0,61.06665697616127,15.747403112152988
2023-03-24 18:00:00,14.6,1.5959828632560974e-14,0.0,35.041282122244546,17.688903854010935
2023-03-24 19:00:00,13.6,7.110943082935968e-15,58.78620978407688,17.41805758338153,15.4576110268061
2023-03-24 20:00:00,13.0,5.333207312201975e-15,107.8121725891034,10.498067965280315,0.0
2023-03-24 21:00:00,12.6,2.6666036561009876e-15,132.74341495495992,6.6085236143503465,0.0
2023-03-24 22:00:00,12.9,0.0,228.0055784791281,0.0,0.0
2023-03-24 23:00:00,12.6,70.49123443045164,336.06066710376615,0.0,0.0
2023-03-25 00:00:00,11.7,159.64986167169405,402.8879640752701,0.0,0.0
2023-03-25 01:00:00,11.6,252.495919733234,446.0041353233031,8.096767256574822e-14,0.0
2023-03-25 02:00:00,11.2,325.6798044427252,536.7975769380979,5.3978448377165483e-14,0.0
2023-03-25 03:00:00,10.9,393.28668124435643,656.7502393992602,0.0,0.0
2023-03-25 04:00:00,10.8,439.2222651975962,637.5070948550353,1.1046664137183778e-13,0.0
2023-03-25 05:00:00,10.6,448.767311496406,714.0708990955281,9.104257850884262e-14,0.0
2023-03-25 06:00:00,10.4,443.96435780614945,535.7117494395561,0.0,0.0
2023-03-25 07:00:00,10.8,324.86958833271717,356.5886063749193,3.0922377461386294e-14,0.0
2023-03-25 08:00:00,11.3,169.53460538523996,224.7645559645032,1.1293850778780655e-14,0.0
2023-03-25 09:00:00,12.2,0.0,9.896285453839821,0.0,0.0
2023-03-25 10:00:00,12.7,1.7777357707339916e-15,0.0,10.81225004428444,0.0
2023-03-25 11:00:00,13.9,0.0,0.0,55.549131351547345,19.964811708741905
2023-03-25 12:00:00,14.1,0.0,0.0,109.69118609482197,19.259167116135853
2023-03-25 13:00:00,13.6,1.406271294969213e-14,0.0,104.15655479469449,24.89445881663428
2023-03-25 14:00:00,14.2,2.9275778725752044e-14,0.0,310.49117234105654,399.6337738854257
2023-03-25 15:00:00,14.3,4.202896563289658e-14,0.0,327.74923125268936,291.8070244562542
2023-03-25 16:00:00,14.4,1.167721424034692e-13,0.0,503.6501194129735,623.5963777809902
2023-03-25 17:00:00,13.5,0.0,0.0,143.4159776805538,129.56448601261664
2023-03-25 18:00:00,12.2,0.0,0.0,19.24445321565988,20.599595140925285
2023-03-25 19:00:00,10.6,0.0,206.69556471758358,9.320704558453015,0.0
2023-03-25 20:00:00,9.8,115.1465634557865,289.5841441235289,3.07104590785115,0.0
2023-03-25 21:00:00,9.3,303.350330243553,356.5292568702807,1.374741661410636e-14,0.0
2023-03-25 22:00:00,8.9,452.1702968979103,512.3812907565487,2.110811412008347e-14,0.0
2023-03-25 23:00:00,8.8,582.977685831344,667.7245648159374,1.9628526682605637e-14,0.0
2023-03-26 00:00:00,8.5,669.4877581869489,702.7158352087743,1.1297638598934459e-13,0.0
2023-03-26 01:00:00,8.3,749.6738390036576,774.2482791967936,1.1091607162928665e-13,0.0
2023-03-26 02:00:00,8.2,814.9556651969586,811.3819541662488,1.146120965462284e-13,0.0
2023-03-26 03:00:00,8.3,851.1395743636793,847.4318879720495,5.183060290702006e-14,0.0
2023-03-26 04:00:00,8.2,901.6337025692469,857.6934833814174,3.7958415501414113e-14,0.0
2023-03-26 05:00:00,7.7,959.2576977972496,917.1595748279428,6.807535091149587e-14,0.0
2023-03-26 06:00:00,7.5,956.4425082816097,852.2797024661166,2.464801591761926e-14,0.0
2023-03-26 07:00:00,8.0,202.53326198420524,358.9034392276109,0.0,0.0
2023-03-26 08:00:00,9.6,8.888678853669958e-16,8.645038252075599,16.35236826822284,10.342595492636935
2023-03-26 09:00:00,11.2,7.400600160717475e-15,0.0,96.25174276107657,16.5068506296796
2023-03-26 10:00:00,12.8,1.7088777479927165e-14,0.0,239.56215958792822,72.48265370875512
2023-03-26 11:00:00,13.6,1.676603320805898e-14,0.0,255.41476024320372,19.68322440560283
2023-03-26 12:00:00,14.8,1.5539250290396122e-14,0.0,315.5734962726437,25.8646916597077
2023-03-26 13:00:00,15.1,1.9628526682605637e-14,0.0,391.53931509197537,29.658121602473162
2023-03-26 14:00:00,15.6,5.161851384547496e-14,0.0,732.6101726504887,520.0279575806171
2023-03-26 15:00:00,15.9,7.883245316278214e-14,0.0,307.8639178314684,103.94448599646161
2023-03-26 16:00:00,14.5,1.406271294969213e-14,0.0,88.41046163622396,22.516529203818404
2023-03-26 17:00:00,14.1,2.1851064355617225e-14,0.0,120.42098219898611,24.91265855717144
2023-03-26 18:00:00,12.6,8.689712333445199e-16,125.22121492435026,30.117871992259268,16.310535164942543
2023-03-26 19:00:00,11.9,0.0,92.50265885732375,14.02887321759127,8.506088698063113
2023-03-26 20:00:00,10.4,3.4826338025599606,228.56504007101952,5.288997734451218,0.0
2023-03-26 21:00:00,9.7,135.02785612782088,330.3295159442497,1.626868941085038,0.0
2023-03-26 22:00:00,9.4,278.8962201882297,410.0002369175345,1.374741661410636e-14,0.0
2023-03-26 23:00:00,9.2,407.20593724734294,650.8790606198421,0.0,0.0
2023-03-27 00:00:00,8.3,515.1870734861682,687.0917761206625,4.347110054892036e-14,0.0
2023-03-27 01:00:00,8.2,599.2651210669128,719.844692693119,2.2587701557561317e-14,0.0
2023-03-27 02:00:00,8.0,691.3849983890052,768.1842337797749,2.8425046071016844e-14,0.0
2023-03-27 03:00:00,7.7,776.1874105150423,863.6811067946916,4.6811113672006434e-14,0.0
2023-03-27 04:00:00,7.3,859.6354257052978,935.3512445788681,2.9555147588270666e-14,0.0
2023-03-27 05:00:00,7.5,883.6041205741246,910.451315471833,2.966750515263289e-14,0.0
2023-03-27 06:00:00,7.3,893.9577527997267,925.274566457168,3.9257053365211274e-14,0.0
2023-03-27 07:00:00,7.5,809.7505882583955,812.2809106404789,8.29091034878123e-15,0.0
2023-03-27 08:00:00,8.0,552.1890853804391,519.131945493596,5.837344513455526e-15,0.0
2023-03-27 09:00:00,8.4,279.84273159388965,342.84056731922476,4.907131670651407e-15,0.0
2023-03-27 10:00:00,8.9,82.77521344623352,280.37189251382455,1.6687971648355998e-14,0.0
2023-03-27 11:00:00,6.2,322.54231061591616,550.0408699093751,1.4721395011954222e-14,0.0
2023-03-27 12:00:00,5.7,154.22207189338832,236.36191412736042,2.181076728729632,0.0
2023-03-27 13:00:00,3.5,511.4327541513711,767.8689678473497,5.0194892350136244e-15,0.0
2023-03-27 14:00:00,4.7,827.9438671986163,1013.3712762895791,1.9628526682605637e-14,0.0
2023-03-27 15:00:00,6.0,747.6033921915612,507.99181613387333,2.464801591761926e-14,0.0
2023-03-27 16:00:00,6.7,32.58791832958062,0.0,4.171836094416257,68.69047196320341
2023-03-27 17:00:00,6.1,444.8180332122441,449.2718123732368,6.675188659342398e-14,0.0
2023-03-27 18:00:00,5.5,981.7444707449608,358.02979548134897,4.0074908643653177e-14,0.0
2023-03-27 19:00:00,4.7,1201.0331751906274,1152.010704351017,4.5175403115122635e-14,0.0
2023-03-27 20:00:00,4.1,1348.5149645062024,1311.900640832828,8.443245648033391e-14,0.0
2023-03-27 21:00:00,3.5,1475.6272693925382,1375.1194464900666,2.0077956940054494e-14,0.0
2023-03-27 22:00:00,3.0,1622.1181175608494,1391.6012994261218,8.610561955867178e-14,0.0
2023-03-27 23:00:00,2.6,1802.8088181063122,1594.912166223662,2.4114079846043243e-13,0.0
2023-03-28 00:00:00,2.2,1935.4414920426716,1631.108931848284,4.669875610764422e-14,0.0
2023-03-28 01:00:00,1.6,2036.5619564200683,1818.6819158254955,4.839547599992026e-13,0.0
2023-03-28 02:00:00,1.4,2111.5434079344295,1883.4588368367863,4.5175403115122635e-14,0.0
2023-03-28 03:00:00,1.2,2176.3408525412756,1905.9802417670621,1.9182451531607997e-13,0.0
2023-03-28 04:00:00,1.1,2217.5834872520472,1920.9139384033942,1.783299032217886e-13,0.0
2023-03-28 05:00:00,1.1,2178.859550507933,1949.676605569342,1.7665674014345072e-13,0.0
2023-03-28 06:00:00,1.1,2098.182994752411,1886.1972527504054,1.673163078337875e-15,0.0
2023-03-28 07:00:00,1.9,1060.8715746332998,883.5041841521655,1.0457269239611716e-14,0.0
2023-03-28 08:00:00,3.1,217.84926962313511,298.4846004257217,0.0,0.0
2023-03-28 09:00:00,3.2,812.0069109916678,861.2343248903373,1.0000305909863638e-13,0.0
2023-03-28 10:00:00,4.3,408.56609396209114,238.22698077674318,5.0194892350136244e-15,0.0
2023-03-28 11:00:00,5.5,46.77778076926312,0.0,0.0,14.899962544691695
2023-03-28 12:00:00,6.4,0.0,0.0,8.070636945524676,50.87265908775204
2023-03-28 13:00:00,6.3,0.0,0.0,34.469166270701216,86.32693250743338
2023-03-28 14:00:00,7.2,8.848885549625009e-15,0.0,61.19047959436415,80.30176881117566
2023-03-28 15:00:00,6.8,1.3903539733512319e-14,0.0,86.99643787174381,393.1245582114714
2023-03-28 16:00:00,6.7,3.555471541467983e-15,0.0,45.201281446955775,74.4754970692168
2023-03-28 17:00:00,6.5,17.135452759583025,38.858030082236596,20.64831631300777,9.900661232302461
2023-03-28 18:00:00,5.7,496.2235388552989,374.87232971047257,1.5650366532044608e-14,0.0
2023-03-28 19:00:00,4.8,998.471343874073,1129.0268408052634,1.2267829176628521e-15,0.0
2023-03-28 20:00:00,3.6,1147.2400512148006,1350.7762413133146,4.531483337165079e-14,0.0
2023-03-28 21:00:00,2.9,1328.4364984788833,1400.5712254110845,1.3350377318684796e-13,0.0
2023-03-28 22:00:00,2.5,1500.358554156879,1508.7423610814312,2.49289523965332e-13,0.0
2023-03-28 23:00:00,1.4,1682.9019164930955,1717.43271371517,9.097529870786912e-14,0.0
2023-03-29 00:00:00,0.7,1859.1839557000044,1790.0566250678949,2.870855033137505e-13,0.0
2023-03-29 01:00:00,1.9,1856.4096090255168,1801.5561618354202,6.54284222753521e-15,0.0
2023-03-29 02:00:00,0.9,1923.879508441733,1904.9436390736253,2.870288988514853e-14,0.0
2023-03-29 03:00:00,0.3,2019.6156292965566,1965.849425840158,8.018726980876041e-14,0.0
2023-03-29 04:00:00,-0.2,2064.9623355917165,2124.093796751413,3.650996755180067e-14,0.0
2023-03-29 05:00:00,-1.1,2118.9128716307196,2214.4360717621266,6.951769866756161e-15,0.0
2023-03-29 06:00:00,-0.8,2029.3571334234198,2130.7345476458104,8.018726980876041e-14,0.0
2023-03-29 07:00:00,1.4,1662.9523496215706,1818.8627173913737,1.8360851001020687e-13,0.0
2023-03-29 08:00:00,3.0,779.3676397893153,780.0364822307972,0.0,0.0
2023-03-29 09:00:00,4.8,108.08685332630198,390.8569963161101,2.4816552264162576e-15,0.0
2023-03-29 10:00:00,6.8,0.0,31.754657398847197,0.0,14.988896926332604
2023-03-29 11:00:00,8.2,0.0,0.0,6.8110322986467295,27.89126992231449
2023-03-29 12:00:00,8.3,1.7777357707339916e-15,0.0,7.080601070473201,0.0
2023-03-29 13:00:00,7.0,0.0,428.1966209135858,0.0,0.0
2023-03-29 14:00:00,7.3,0.0,272.7062464648376,0.0,4.469932540427108
2023-03-29 15:00:00,7.8,8.813553124658165,135.5387774133921,0.0,3.7516014011961967
2023-03-29 16:00:00,8.3,39.32528906497641,234.57500590536483,3.450326955926772e-16,4.256279148225999
2023-03-29 17:00:00,7.7,253.9451820934056,323.64586293535245,1.254872308753406e-15,3.0044356599609667
2023-03-29 18:00:00,6.5,668.4023084034638,559.6824659935008,0.00021469924941800516,0.0
2023-03-29 19:00:00,6.0,917.8182963370275,751.9068190991711,8.448474282653197e-14,0.0
2023-03-29 20:00:00,5.5,1033.143082907396,858.6056232668943,3.967534413479574e-14,0.0
2023-03-29 21:00:00,4.7,1172.847079156531,1166.1979862137318,9.243637272466187e-14,0.0
2023-03-29 22:00:00,4.8,1293.3691767421863,1241.9441489948244,1.3846098344613278e-13,0.0
2023-03-29 23:00:00,5.3,1357.2895069016724,1283.6719563051563,1.2255330813474363e-13,0.0
2023-03-30 00:00:00,4.8,1466.071533548802,1368.5528728652278,5.68672933543738e-14,0.0
2023-03-30 01:00:00,4.2,1569.6450459263738,1602.2266335699096,0.0,0.0
2023-03-30 02:00:00,4.7,1584.769136469281,1468.8581263522847,1.1313534636548244e-13,0.0
2023-03-30 03:00:00,5.0,1584.9319055012045,1438.0474182185972,2.7029726806810657e-14,0.0
2023-03-30 04:00:00,5.2,1593.6990626193194,1421.4051034996721,5.339140842099572e-14,0.0
2023-03-30 05:00:00,5.0,1559.333851476385,1467.2978369973944,2.4845294242616306e-13,0.0
2023-03-30 06:00:00,5.0,1484.3386999711042,1393.025075746028,5.339140842099572e-14,0.0
2023-03-30 07:00:00,5.6,1207.6509270154138,1042.2420140386785,5.1718245342657846e-14,0.0
2023-03-30 08:00:00,7.2,289.60900425610413,292.9802348235007,1.0335548544885982e-14,0.0
2023-03-30 09:00:00,9.0,4.535757667792224,11.809300660827276,0.0,4.251913410275627
2023-03-30 10:00:00,12.0,8.888678853669958e-16,0.0,7.105306423029929,110.16191201601512
2023-03-30 11:00:00,13.6,0.0,0.0,20.234145755854804,99.60705915312413
2023-03-30 12:00:00,14.9,0.0,0.0,22.172263603981776,234.64241246265573
2023-03-30 13:00:00,12.3,0.0,0.0,1.8572892308499238,11.522749587319439
2023-03-30 14:00:00,13.6,3.555471541467983e-15,0.0,14.196685989650968,75.52123179826344
2023-03-30 15:00:00,13.2,0.0,0.0,11.759643532457595,33.88257500139689
2023-03-30 16:00:00,13.0,2.6666036561009876e-15,0.0,6.790448421380871,16.367509202827367
2023-03-30 17:00:00,12.3,0.0,0.0,1.967750010683795,9.039021034963346
2023-03-30 18:00:00,11.5,56.86109855094819,10.259054172501177,2.9049378918609195e-15,7.715150849180963
2023-03-30 19:00:00,12.8,198.621767631759,0.0,5.646925389390329e-15,13.757039595902071
2023-03-30 20:00:00,12.6,241.34810441880387,0.0,3.8283074967363395e-14,11.085256657215881
2023-03-30 21:00:00,11.9,341.77069196602486,12.470149995726684,5.671290812339673e-14,5.8038068968454555
2023-03-30 22:00:00,11.3,502.3354604407547,181.51072284421983,2.509744617506812e-15,0.0
2023-03-30 23:00:00,11.1,611.8562265417506,378.42711186426163,1.0795689675433097e-13,0.0
2023-03-31 00:00:00,10.7,732.1222108210752,473.1977936610791,2.464801591761926e-14,0.0
2023-03-31 01:00:00,9.5,928.3626111785617,673.0571507501733,3.2938926266400487e-14,0.0
2023-03-31 02:00:00,9.2,1021.1652538966941,757.6380371496425,9.159979118549293e-14,0.0
2023-03-31 03:00:00,9.1,1069.1080572206683,749.0768433349626,1.7749332168261965e-13,0.0
2023-03-31 04:00:00,8.4,1091.065103044596,775.835469999601,0.0,0.0
2023-03-31 05:00:00,7.8,1134.42679058963,840.8555974993379,0.0,0.0
2023-03-31 06:00:00,8.0,1072.2069492000157,759.0595643014536,4.601198465429157e-14,0.0
2023-03-31 07:00:00,10.2,186.40089239338357,116.99829137310716,0.0,0.0
2023-03-31 08:00:00,12.6,8.888678853669962e-17,0.0,0.7988305664050601,53.87129820786576
2023-03-31 09:00:00,14.5,1.7777357707339916e-15,0.0,27.12121503099435,148.41030711081362
2023-03-31 10:00:00,14.7,0.0,0.0,15.01680638953084,50.365153933884486
2023-03-31 11:00:00,15.3,0.0,0.0,9.868512732518663,58.29066794004743
2023-03-31 12:00:00,15.7,1.7777357707339916e-15,0.0,8.048635219440929,51.28275171776487
2023-03-31 13:00:00,15.6,0.0,0.0,15.052884548300359,119.917184032537
2023-03-31 14:00:00,17.0,9.819374936793077e-15,0.0,98.91702093994915,825.5331872121069
2023-03-31 15:00:00,17.6,1.5539250290396124e-13,0.0,854.545113401296,1545.0030289697308
2023-03-31 16:00:00,16.9,3.385041284847757e-14,0.0,517.6862313536553,873.4634329504022
2023-03-31 17:00:00,15.4,1.066641462440395e-14,0.0,37.20758548867016,44.85024969991033
2023-03-31 18:00:00,14.1,1.7777357707339916e-15,0.0,12.79182876469793,37.57839001173967
2023-03-31 19:00:00,12.9,8.888678853669958e-16,0.0,7.579886296710856,13.757039595902071
2023-03-31 20:00:00,12.4,5.184006330433248,0.0,2.947137692516954,11.169388305288564
2023-03-31 21:00:00,11.7,123.94177027172104,3.162275154975446,4.9811110425252996e-14,5.619382560251668
2023-03-31 22:00:00,11.2,274.55737927755035,192.54518670983805,6.920545242874969e-14,0.0
2023-03-31 23:00:00,11.1,380.5542692773687,401.0373554349405,1.1293850778780655e-14,0.0
2023-04-01 00:00:00,10.4,495.0155310145673,496.76715845132594,1.9628526682605637e-14,0.0
2023-04-01 01:00:00,10.1,572.0683887848796,586.133120007781,2.4535658353257042e-15,0.0
2023-04-01 02:00:00,9.6,652.7512384802465,711.8326002225899,4.4164185035862666e-14,0.0
2023-04-01 03:00:00,9.5,709.0998326933825,716.9122222789834,3.262668002758856e-14,0.0
2023-04-01 04:00:00,9.5,745.5481596558202,695.1944782600799,0.0,0.0
2023-04-01 05:00:00,8.9,781.6122156627657,772.3880211452872,1.7402832492799196e-15,0.0
2023-04-01 06:00:00,8.7,769.7126111250585,712.056633035704,2.2587701557561317e-14,0.0
2023-04-01 07:00:00,9.4,167.24830169984966,155.26830337342426,3.460272621437484e-14,0.0
2023-04-01 08:00:00,10.7,0.0,0.0,7.645664607897354,15.64308128313396
2023-04-01 09:00:00,12.0,3.4758849333780806e-15,0.0,62.946658330552964,96.93999659778368
2023-04-01 10:00:00,13.3,1.5948177929617077e-14,0.0,274.87483717186035,700.6470742065712
2023-04-01 11:00:00,14.2,1.7174960847279925e-14,0.0,395.73714699360266,596.8336056459871
2023-04-01 12:00:00,14.7,1.4740121272681257e-14,0.0,393.4222228052366,587.2034858175898
2023-04-01 13:00:00,13.9,1.9628526682605637e-14,0.0,633.5883686421429,650.5169326064674
2023-04-01 14:00:00,14.4,4.479162119023937e-14,0.0,730.9484371476964,449.6323039238243
2023-04-01 15:00:00,14.4,1.8180078732992192e-14,0.0,914.2282791421073,730.7620286171696
2023-04-01 16:00:00,14.2,1.2872162514773813e-13,0.0,728.6038300010056,576.0096415316309
2023-04-01 17:00:00,13.2,3.205906685430553e-14,0.0,189.20578656420005,83.85467988850152
2023-04-01 18:00:00,12.1,0.0,0.0,23.319708227159364,21.593892227016227
2023-04-01 19:00:00,10.6,0.0,86.15016789999349,13.113352134673349,4.456399180055816
2023-04-01 20:00:00,9.8,3.8480523289270807,288.40367626730915,6.989373186117141,3.258454514504711
2023-04-01 21:00:00,9.8,102.70149750438073,296.60151525483343,3.4205414777868763,2.3600188009615346
2023-04-01 22:00:00,9.3,286.53748372999627,391.58292984556056,6.675188659342398e-14,0.0
2023-04-01 23:00:00,8.7,453.773766740767,678.2417345604476,5.545803581464332e-14,0.0
2023-04-02 00:00:00,8.9,490.57331374994544,651.6984774694063,7.907589455223362e-14,0.0
2023-04-02 01:00:00,8.9,543.242515471373,729.3915319104661,1.0018727160913293e-14,0.0
2023-04-02 02:00:00,8.8,640.4390511232546,773.1245911293711,1.9628526682605637e-14,0.0
2023-04-02 03:00:00,8.8,727.8576018623266,781.0826735015667,9.498356986362275e-14,0.0
2023-04-02 04:00:00,8.7,740.0351405286789,811.8617931342799,0.0,0.0
2023-04-02 05:00:00,8.7,727.6816936677552,820.7205172369434,0.0,0.0
2023-04-02 06:00:00,8.6,662.1852129672689,600.6762680912875,2.464801591761926e-14,0.0
2023-04-02 07:00:00,9.4,270.89416145785833,223.65996443034268,4.907131670651407e-15,0.0
2023-04-02 08:00:00,9.8,228.99352673869095,302.1091045421457,0.0,0.0
2023-04-02 09:00:00,10.0,12.06501524850039,191.1967539481797,1.411731347347582e-15,0.0
2023-04-02 10:00:00,9.8,26.88294027313524,166.75575140476843,2.982449910766061,0.0
2023-04-02 11:00:00,10.2,67.74656875447498,157.30718212638982,3.9172008270913343,0.0
2023-04-02 12:00:00,10.5,0.0,53.002417906860735,6.923686061044315,5.299139651093962
2023-04-02 13:00:00,9.2,0.0,227.3097608433138,9.383500673321072,3.205024271806059
2023-04-02 14:00:00,8.8,137.17884731658145,337.6747733354508,0.3396551673856428,3.858817848707106
2023-04-02 15:00:00,8.8,297.37627634425,336.33064322082004,0.0,3.8850282333186206
2023-04-02 16:00:00,8.9,300.77089687823633,329.5353902102944,2.949896880608955e-14,3.9314752061363527
2023-04-02 17:00:00,8.5,492.66115980543844,405.1128158178807,2.2587701557561317e-14,0.0
2023-04-02 18:00:00,7.8,720.8651688837136,435.34851047480004,7.647861882463932e-14,0.0
2023-04-02 19:00:00,6.1,945.2501948994634,686.2284247421334,6.807535091149587e-14,0.0
2023-04-02 20:00:00,5.4,1123.6861188882408,1039.7780991207323,1.3372848831557243e-13,0.0
2023-04-02 21:00:00,4.8,1209.8537470742672,1164.6240318277535,1.396468380654838e-13,0.0
2023-04-02 22:00:00,4.8,1312.5412050505217,1179.6982446269462,2.132727522260239e-13,0.0
2023-04-02 23:00:00,4.6,1484.2340992089757,1386.9333381405474,4.5175403115122635e-14,0.0
2023-04-03 00:00:00,4.2,1556.0297487106623,1497.5550068866928,4.5175403115122635e-14,0.0
2023-04-03 01:00:00,4.5,1570.7735610645568,1453.2410046949426,6.190953431112374e-14,0.0
2023-04-03 02:00:00,4.2,1691.9037207598171,1572.5178258724327,1.8360851001020687e-13,0.0
2023-04-03 03:00:00,4.2,1710.0943059609442,1596.9801503380609,5.933501030526577e-14,0.0
2023-04-03 04:00:00,4.0,1755.0796906680016,1658.2100594791625,7.220512992193329e-14,0.0
2023-04-03 05:00:00,3.9,1782.670148328467,1675.3916951069018,3.524573211268374e-14,0.0
2023-04-03 06:00:00,3.7,1775.497684032229,1671.0381718096191,5.933501030526577e-14,0.0
2023-04-03 07:00:00,3.4,1668.4260864892647,1635.2396566936573,5.581862275365978e-14,0.0
2023-04-03 08:00:00,3.9,857.610928692445,575.3821998483099,1.6357105568838024e-15,0.0
2023-04-03 09:00:00,4.8,35.12967915896398,126.19171381962005,5.646925389390329e-15,0.0
2023-04-03 10:00:00,5.8,0.0,48.46049479107764,6.315941558699369,0.0
2023-04-03 11:00:00,6.2,0.0,40.33717331011543,22.193533903488323,0.0
2023-04-03 12:00:00,6.5,7.110943082935968e-15,0.0,20.827593770404913,3.455136391621458
2023-04-03 13:00:00,5.2,0.0,49.93793520557473,26.49525002982322,0.0
2023-04-03 14:00:00,5.5,1.7777357707339916e-15,78.57867763609501,14.14315768784577,0.0
2023-04-03 15:00:00,5.2,53.58849124058242,278.60565857521317,4.639764387062831,0.0
2023-04-03 16:00:00,5.0,211.45863764429436,306.01339059287585,0.7902556080098356,0.0
2023-04-03 17:00:00,4.6,588.3205148858675,1096.3717507758474,2.464801591761926e-14,0.0
2023-04-03 18:00:00,4.3,966.7472655873435,1251.8608309918275,0.0,0.0
2023-04-03 19:00:00,3.7,1194.9199259001234,1351.8160521775533,1.1167774812554744e-13,0.0
2023-04-03 20:00:00,3.0,1354.0131357612709,1445.6619340028492,4.928340576805918e-14,0.0
2023-04-03 21:00:00,2.9,1428.1824526182945,1468.140196743574,1.8279980502208648e-13,0.0
2023-04-03 22:00:00,2.6,1561.32488167722,1498.7333932233632,7.179620228271233e-14,0.0
2023-04-03 23:00:00,2.0,1754.0473136022163,1697.455068003499,2.2106284152037795e-13,0.0
2023-04-04 00:00:00,1.5,1904.2121892990622,1857.7599682975995,2.7029726806810657e-14,0.0
2023-04-04 01:00:00,0.8,2054.5924207465937,1933.5747847046632,6.54284222753521e-15,0.0
2023-04-04 02:00:00,-0.1,2199.935593987583,2051.83920189513,0.0,0.0
2023-04-04 03:00:00,-0.5,2287.6678340560047,2104.1672043234803,7.851410673042253e-14,0.0
2023-04-04 04:00:00,-0.7,2363.9671846851606,2142.289670244251,6.54284222753521e-15,0.0
2023-04-04 05:00:00,-1.1,2369.8231832495753,2175.553198087793,3.316364139512492e-14,0.0
2023-04-04 06:00:00,-1.1,2187.1014519938485,2012.2568556950011,1.7665674014345072e-13,0.0
2023-04-04 07:00:00,0.0,1004.4218017020513,1000.5941215030207,0.0,0.0
2023-04-04 08:00:00,1.1,125.8753373149048,401.9871231679442,1.1293850778780655e-14,0.0
2023-04-04 09:00:00,2.2,0.0,266.73520448602636,2.649746272785927,0.0
2023-04-04 10:00:00,3.0,3.555471541467983e-15,224.51257915840125,17.33242485957514,0.0
2023-04-04 11:00:00,4.1,0.0,69.00449509438093,16.42666697705313,0.0
2023-04-04 12:00:00,4.8,3.555471541467983e-15,0.0,26.24129595417947,0.0
2023-04-04 13:00:00,4.8,0.0,47.24337169159507,63.94664619916212,17.66867079500939
2023-04-04 14:00:00,5.8,0.0,40.08261612531221,86.15766225721072,13.971484405833081
2023-04-04 15:00:00,6.1,6.951769866756161e-15,40.008669439748104,104.925760869652,25.172515192455087
2023-04-04 16:00:00,5.8,2.8125425899384252e-14,48.46049479107764,100.01890707771787,21.92189744194384
2023-04-04 17:00:00,5.3,1.4221886165871933e-14,129.14275802082147,51.48758772936139,16.19035937932934
2023-04-04 18:00:00,4.2,306.1176377047799,474.46957157119857,1.9312620327665087e-14,0.0
2023-04-04 19:00:00,2.6,881.7668421897108,1377.2567801918149,6.723354398434253e-14,0.0
2023-04-04 20:00:00,1.6,1102.0079958315866,1590.3244895177909,6.54284222753521e-15,0.0
2023-04-04 21:00:00,1.0,1291.674981511199,1668.0199222262381,2.246882172795093e-13,0.0
2023-04-04 22:00:00,-0.5,1633.3500382023894,1901.9982250367998,2.33493780538221e-14,0.0
2023-04-04 23:00:00,-1.2,1859.5501100236584,2088.2302274181857,3.001711877688209e-13,0.0
2023-04-05 00:00:00,-1.8,2021.1605748797792,2210.8508974855104,5.287212354751043e-13,0.0
2023-04-05 01:00:00,-1.8,2114.3379363005624,2263.2458314399364,2.0037454321826585e-14,0.0
2023-04-05 02:00:00,-1.6,2157.9105209471873,2281.177223059012,8.54658765971787e-14,0.0
2023-04-05 03:00:00,-2.3,2220.3219230686423,2354.062081449103,1.673163078337875e-15,0.0
2023-04-05 04:00:00,-2.7,2330.7661978626656,2375.384326856738,1.3085684455070422e-14,0.0
2023-04-05 05:00:00,-3.1,2383.0547852258724,2388.6028537082007,4.2197501979439894e-14,0.0
2023-04-05 06:00:00,-2.9,2150.10369086861,2223.3706485770317,4.502071287446818e-13,0.0
2023-04-05 07:00:00,-1.1,921.2868655552837,1077.156076060517,5.521438158514988e-14,0.0
2023-04-05 08:00:00,1.0,68.64256596515399,425.4712271735441,0.0,0.0
2023-04-05 09:00:00,2.9,0.0,171.79036162569773,8.601482520248176,0.0
2023-04-05 10:00:00,4.5,7.806120069611584e-15,142.89713873200128,44.23578135072312,0.0
2023-04-05 11:00:00,4.9,0.0,150.73292898789316,14.560504115765195,0.0
2023-04-05 12:00:00,5.3,3.555471541467983e-15,248.83885730589998,12.758207167383818,0.0
2023-04-05 13:00:00,5.8,0.0,242.4877106898113,15.66855782497458,0.0
2023-04-05 14:00:00,6.7,3.555471541467983e-15,0.0,24.33035564130338,0.0
2023-04-05 15:00:00,7.0,3.555471541467983e-15,0.0,36.85774309350161,0.0
2023-04-05 16:00:00,6.5,2.860895454597744,290.4414095145803,14.373015654846288,0.0
2023-04-05 17:00:00,5.7,124.99743540293892,814.4097885043939,2.2956746716408687,0.0
2023-04-05 18:00:00,5.0,707.4069790715524,584.6070582265434,9.658870838398854e-14,0.0
2023-04-05 19:00:00,4.7,934.9273004137355,1246.607344475803,4.929603183523852e-14,0.0
2023-04-05 20:00:00,4.0,1073.6302975408385,1394.2270187945674,2.2899947796373242e-14,0.0
2023-04-05 21:00:00,2.0,1317.0155971376812,1521.6526019815,3.689711883352074e-15,0.0
2023-04-05 22:00:00,0.2,1632.0951901351705,1757.17552425466,8.443245648033391e-14,0.0
2023-04-05 23:00:00,-1.0,1915.1530930094723,2011.481898086405,3.0909639112837116e-13,0.0
2023-04-06 00:00:00,-1.5,2097.972725881698,2167.188311396608,1.9715887520659537e-13,0.0
2023-04-06 01:00:00,-0.5,2097.2472672931035,2055.9871938771057,2.953015086196236e-13,0.0
2023-04-06 02:00:00,-0.9,2178.246538987146,2130.7750107292018,2.9168081442567393e-13,0.0
2023-04-06 03:00:00,-1.4,2270.2762700868757,2263.6680367586277,3.7381561535004606e-13,0.0
2023-04-06 04:00:00,-1.4,2311.238044014847,2248.686551992172,0.0,0.0
2023-04-06 05:00:00,-1.5,2313.4108053953414,2210.7343989720875,1.3085684455070422e-14,0.0
2023-04-06 06:00:00,-1.4,2060.15941192773,2016.15793213882,1.7665674014345072e-13,0.0
2023-04-06 07:00:00,0.3,787.2939435100516,949.7641919546029,1.983767206739787e-14,0.0
2023-04-06 08:00:00,2.5,41.36487694108494,356.7569449471677,1.1293850778780655e-14,0.0
2023-04-06 09:00:00,4.7,3.555471541467985e-16,43.83098528108347,6.857605196337131,0.0
2023-04-06 10:00:00,6.5,7.19784020627042e-15,0.0,40.14580140415382,17.345179552792672
2023-04-06 11:00:00,7.5,3.555471541467983e-15,0.0,22.797927784347394,0.0
2023-04-06 12:00:00,8.1,0.0,0.0,13.894134354706331,0.0
2023-04-06 13:00:00,9.1,0.0,0.0,23.362237397657733,0.0
2023-04-06 14:00:00,9.8,1.406271294969213e-14,0.0,68.15679647223348,25.232023544626728
2023-04-06 15:00:00,10.2,2.1014482816448287e-14,0.0,97.17061862393652,36.074841911776986
2023-04-06 16:00:00,9.9,6.951769866756161e-15,0.0,96.96050657369815,25.343011746997778
2023-04-06 17:00:00,8.9,1.7697771099250014e-14,12.38916094945688,62.80967986850763,10.903308026133166
2023-04-06 18:00:00,7.5,69.61275668350468,244.00604870388543,1.6670552840554793,0.0
2023-04-06 19:00:00,6.5,444.68900296300234,671.8967151013187,3.894480712639934e-14,0.0
2023-04-06 20:00:00,5.9,703.7423654054941,931.5961624620173,2.787980921872224e-14,0.0
2023-04-06 21:00:00,5.4,804.5295895571385,1125.4013383387878,1.1091607162928665e-13,0.0
2023-04-06 22:00:00,3.4,1082.3967207806134,1541.9243659642939,3.304349895879661e-14,0.0
2023-04-06 23:00:00,3.2,1232.57219792891,1609.5590102183655,6.54284222753521e-15,0.0
2023-04-07 00:00:00,3.2,1322.7285143852894,1637.6978650884412,4.928340576805918e-14,0.0
2023-04-07 01:00:00,3.4,1389.822474094241,1673.0422438323717,1.4146981122963789e-14,0.0
2023-04-07 02:00:00,3.5,1444.3551861869773,1670.3109085746642,9.654437537759842e-14,0.0
2023-04-07 03:00:00,3.6,1490.5665446160137,1686.688070734809,1.8076474279638727e-13,0.0
2023-04-07 04:00:00,3.8,1543.488515366702,1677.367326629056,8.700698048619189e-14,0.0
2023-04-07 05:00:00,3.2,1583.7668449921216,1725.6825127672967,1.7379424666890403e-15,0.0
2023-04-07 06:00:00,3.0,1497.827317183061,1628.6205888269528,0.0,0.0
2023-04-07 07:00:00,3.5,1187.3001545806737,1182.3442644926308,9.836734854175257e-14,0.0
2023-04-07 08:00:00,4.2,1179.8835022348885,1426.6129311537084,4.929603183523852e-14,0.0
2023-04-07 09:00:00,4.4,1045.1246434271707,1206.8258558394293,4.336505601814782e-14,0.0
2023-04-07 10:00:00,4.7,753.9983438973711,1066.3001515767398,1.6357105568838024e-15,0.0
2023-04-07 11:00:00,5.0,623.2488867877175,890.5922688919936,7.044791151036573e-14,0.0
2023-04-07 12:00:00,6.0,327.8223335987392,418.9543808569574,0.0,0.0
2023-04-07 13:00:00,8.2,147.3863207227928,352.819823479761,0.0,0.0
2023-04-07 14:00:00,8.2,0.0,34.41341796264886,0.0,0.0
2023-04-07 15:00:00,7.2,280.3467407929257,621.7972450938053,0.0026997901174045285,0.0
2023-04-07 16:00:00,6.8,661.1320550026716,673.3346938425443,1.3054459831189229e-13,0.0
2023-04-07 17:00:00,6.3,722.9256386181537,557.1998540213712,2.464801591761926e-14,0.0
2023-04-07 18:00:00,6.1,972.665179335355,738.0940650391544,3.271421113767605e-15,0.0
2023-04-07 19:00:00,5.5,1134.704641796066,1020.87145898687,3.689711883352074e-15,0.0
2023-04-07 20:00:00,5.0,1248.0122056562504,1242.4804705329007,1.4437933319604415e-13,0.0
2023-04-07 21:00:00,5.2,1307.9197714251382,1181.7690564602628,6.10729527719548e-14,0.0
2023-04-07 22:00:00,5.1,1450.2326220736927,1249.628553758645,6.427959449737125e-14,0.0
2023-04-07 23:00:00,4.8,1572.8785742280925,1421.5375961323662,3.3981496673566814e-14,0.0
2023-04-08 00:00:00,4.7,1649.8286420829568,1462.0092934938007,9.138422634709007e-14,0.0
2023-04-08 01:00:00,3.5,1792.3196200665157,1685.1388560369,8.042113522780637e-14,0.0
2023-04-08 02:00:00,2.3,1925.011465498953,1803.7333685313451,2.0077956940054494e-14,0.0
2023-04-08 03:00:00,1.7,2004.648170112732,1974.3070574980848,2.2119545039385406e-14,0.0
2023-04-08 04:00:00,1.5,2042.5176028039814,1993.0351291749453,2.735503886012312e-13,0.0
2023-04-08 05:00:00,1.2,2051.2828141284817,2027.5928801095251,7.851410673042253e-14,0.0
2023-04-08 06:00:00,1.3,1993.9191952020992,1934.8494989352112,2.6620799167589706e-14,0.0
2023-04-08 07:00:00,1.6,1827.6297255164195,1857.7053918203744,1.673163078337875e-15,0.0
2023-04-08 08:00:00,2.0,1762.632446572156,1720.6417446723397,2.0077956940054494e-14,0.0
2023-04-08 09:00:00,2.9,1482.670272578692,1393.6732584430486,1.476633803769911e-13,0.0
2023-04-08 10:00:00,3.7,1206.3958496592788,1223.514257591567,1.4089582302073145e-13,0.0
2023-04-08 11:00:00,4.3,1045.1576170135813,1064.4083624220486,1.3514863403405329e-14,0.0
2023-04-08 12:00:00,4.7,952.8809587402255,1037.8069884500333,9.591225765803996e-14,0.0
2023-04-08 13:00:00,5.0,967.1881671729602,1065.4758876631797,4.252847447897888e-14,0.0
2023-04-08 14:00:00,5.3,581.0816714073103,856.0578292423994,4.3448561667226007e-16,0.0
2023-04-08 15:00:00,5.6,603.3327446841979,872.1986668394688,5.4539748516858846e-15,0.0
2023-04-08 16:00:00,5.9,598.4515881880707,485.34521901177754,0.0,0.0
2023-04-08 17:00:00,5.6,997.2828769496389,994.7823432097355,2.0077956940054494e-14,0.0
2023-04-08 18:00:00,5.4,1329.1525968514402,1063.4980790548702,1.0840632701177983e-13,0.0
2023-04-08 19:00:00,4.8,1449.9037370225165,1220.1736653069006,5.521438158514988e-14,0.0
2023-04-08 20:00:00,4.2,1573.0258601174678,1341.828262497575,1.967346970835052e-13,0.0
2023-04-08 21:00:00,3.5,1693.532067502324,1420.0601753590147,2.6620799167589706e-14,0.0
2023-04-08 22:00:00,3.9,1793.423852203075,1519.1233521910926,1.3903539733512319e-14,0.0
2023-04-08 23:00:00,3.9,1887.8236785471017,1570.5899285182904,2.1152710470238453e-13,0.0
2023-04-09 00:00:00,4.2,1915.9918837280595,1485.257128091462,1.2044775638126552e-13,0.0
2023-04-09 01:00:00,4.4,1922.828856925383,1495.4006497761357,1.1759441319704043e-13,0.0
2023-04-09 02:00:00,4.5,1934.91528217225,1479.650046266123,1.9233801564769704e-13,0.0
2023-04-09 03:00:00,4.0,2044.7510319507674,1643.505731617479,4.5175403115122635e-14,0.0
2023-04-09 04:00:00,3.2,2159.071341555845,1715.0632354034708,1.3653785310471178e-14,0.0
2023-04-09 05:00:00,2.5,2206.4919615905897,1773.9247153714655,6.880883159664511e-14,0.0
2023-04-09 06:00:00,2.1,2035.7948612951402,1594.9046967978084,2.8293962245927578e-14,0.0
2023-04-09 07:00:00,3.2,989.1842349130898,819.2255305450177,4.9487869587669654e-14,0.0
2023-04-09 08:00:00,5.0,22.85730519985394,162.87741185289676,0.0,0.0
2023-04-09 09:00:00,6.8,0.0,0.0,0.0,9.976975865000814
2023-04-09 10:00:00,7.8,0.0,0.0,0.0,0.0
2023-04-09 11:00:00,8.7,0.0,0.0,0.0,0.0
2023-04-09 12:00:00,9.6,0.0,0.0,0.0,16.348090814170142
2023-04-09 13:00:00,9.5,0.0,0.0,0.0,20.008294277344287
2023-04-09 14:00:00,10.3,4.9071316706514084e-15,0.0,124.88112440085928,91.03034931061592
2023-04-09 15:00:00,9.9,0.0,17.009152045216908,7.980534460815933,10.591903569946997
2023-04-09 16:00:00,9.2,0.0,15.576789511552025,6.278308527252829,8.206458234712978
2023-04-09 17:00:00,8.9,0.0,10.426938997459757,15.696035784609496,21.154685367124323
2023-04-09 18:00:00,7.6,61.97375084540124,246.3237094109768,1.0755417572867867e-14,9.927988520185776
2023-04-09 19:00:00,4.8,585.6609794235674,985.6087808077087,2.896331261327953e-14,0.0
2023-04-09 20:00:00,4.8,912.2247316986029,1266.3148093180698,1.3762440190696387e-13,0.0
2023-04-09 21:00:00,4.5,993.6910831188932,1303.8628479264662,1.0248123854819482e-14,0.0
2023-04-09 22:00:00,3.9,1179.9978266960713,1460.4432610072122,9.920393008092151e-14,0.0
2023-04-09 23:00:00,3.6,1349.1497272452834,1567.2081561059033,1.8836888169181584e-13,0.0
2023-04-10 00:00:00,3.3,1433.7315096658044,1616.0671159884469,1.8773676397225736e-13,0.0
2023-04-10 01:00:00,3.5,1498.7342778694701,1663.2024705144163,6.647861792445306e-14,0.0
2023-04-10 02:00:00,3.6,1559.219637216664,1649.9020843001515,1.7665674014345072e-13,0.0
2023-04-10 03:00:00,3.3,1672.7584032217142,1684.4990489868546,2.0535963002859925e-13,0.0
2023-04-10 04:00:00,2.9,1771.7968150935849,1793.9720973315461,4.684856619346051e-14,0.0
2023-04-10 05:00:00,2.5,1840.4142225484568,1826.7284018694568,7.851410673042253e-14,0.0
2023-04-10 06:00:00,2.7,1578.5864441409703,1569.6763307171047,6.951769866756161e-15,0.0
2023-04-10 07:00:00,4.5,573.2734160934174,661.2513781313494,5.0194892350136244e-15,0.0
2023-04-10 08:00:00,6.4,345.57414718508994,296.79947742517334,3.481502811596191e-14,0.0
2023-04-10 09:00:00,8.3,0.0,0.0,0.0,0.0
2023-04-10 10:00:00,10.0,0.0,0.0,3.976845817701275,31.226298742162104
2023-04-10 11:00:00,10.9,0.0,0.0,11.84268296985468,32.200346279035585
2023-04-10 12:00:00,11.8,0.0,0.0,22.408486276697776,34.193164452650905
2023-04-10 13:00:00,12.7,6.951769866756161e-15,0.0,60.71930063632029,36.8435564090959
2023-04-10 14:00:00,13.3,7.156233686366635e-15,0.0,211.2301677983782,211.22382238588426
2023-04-10 15:00:00,13.6,2.0480677965706767e-14,0.0,158.31524891694977,249.4983340791402
2023-04-10 16:00:00,13.5,7.110943082935968e-15,0.0,22.209806204309423,66.28902366711785
2023-04-10 17:00:00,13.0,1.7777357707339916e-15,0.0,10.750209938370704,53.502685983233434
2023-04-10 18:00:00,11.8,0.0,0.0,0.0,12.49313813199986
2023-04-10 19:00:00,8.3,256.02203400638354,281.5522754673473,5.588014429461853e-15,0.0
2023-04-10 20:00:00,7.2,630.3335472480207,584.8201202553242,3.313163296304607e-14,0.0
2023-04-10 21:00:00,5.8,777.2868367010217,879.446512181006,4.2216228240166954e-14,0.0
2023-04-10 22:00:00,5.5,943.6421079949766,981.3346662164524,2.924290134945874e-14,0.0
2023-04-10 23:00:00,4.5,1117.3184565738206,1438.0051441757614,2.2879327625569304e-13,0.0
2023-04-11 00:00:00,4.2,1165.1933910677753,1593.5698625413258,1.7951575784113954e-13,0.0
2023-04-11 01:00:00,3.9,1226.0446711925308,1647.250428367844,5.2554826881826784e-14,0.0
2023-04-11 02:00:00,2.4,1451.97475517493,1774.716024104759,4.768514773262945e-14,0.0
2023-04-11 03:00:00,4.9,1305.9043103617537,1483.8305092667601,1.7379424666890403e-15,0.0
2023-04-11 04:00:00,2.0,1541.235438775876,1938.4810776514005,4.093021644354915e-14,0.0
2023-04-11 05:00:00,2.0,1565.7009313175863,1890.2399530148386,4.8651288048500716e-14,0.0
2023-04-11 06:00:00,2.9,1302.2996019354566,1538.4549751905395,0.0,0.0
2023-04-11 07:00:00,5.0,90.29819630291453,427.7624632454699,0.0,0.0
2023-04-11 08:00:00,6.2,171.28816807997714,478.7850826456047,1.1293850778780655e-14,0.0
2023-04-11 09:00:00,8.3,0.0,114.80669759630395,0.0,0.0
2023-04-11 10:00:00,11.1,4.44433942683498e-16,0.0,4.048964972036689,18.283986508008198
2023-04-11 11:00:00,11.3,0.0,41.41953679175542,8.056723436124877,11.113391088681032
2023-04-11 12:00:00,11.2,0.0,47.690639228957494,1.1953211623615037,0.0
2023-04-11 13:00:00,11.5,0.0,0.0,9.062207763061167,15.202903441470061
2023-04-11 14:00:00,12.1,0.0,0.0,0.10771095588194801,16.247428156411967
2023-04-11 15:00:00,11.8,0.0,0.0,4.919410793894326,23.036372518332307
2023-04-11 16:00:00,10.7,1.3119967597660975,136.67229959449207,0.0,0.0
2023-04-11 17:00:00,10.4,22.654465087077337,18.612369584845894,2.823462694695164e-15,10.713933588608432
2023-04-11 18:00:00,9.7,83.24482339108971,16.32259018160104,3.9402950127140355,12.78833230892905
2023-04-11 19:00:00,8.7,431.0008691661135,282.57693559474467,8.958324238047874e-14,0.0
2023-04-11 20:00:00,8.1,723.93331438487,472.77737250419506,2.381448447522417e-14,0.0
2023-04-11 21:00:00,7.3,863.7256404903808,596.9114413381908,5.22552067101942e-14,0.0
2023-04-11 22:00:00,7.0,1028.9977633729175,689.1114954759194,1.3310399583794853e-14,0.0
2023-04-11 23:00:00,6.4,1184.0070465846907,852.0255404062011,8.855308520044979e-14,0.0
2023-04-12 00:00:00,5.8,1313.0723628536616,1104.2064793168101,1.3615070182299175e-13,0.0
2023-04-12 01:00:00,5.3,1426.0447485845966,1354.8174469359917,1.0177845408677949e-13,0.0
2023-04-12 02:00:00,4.5,1554.7887496726853,1516.0384450967847,8.042113522780637e-14,0.0
2023-04-12 03:00:00,4.0,1638.2077840969528,1615.9198841571572,1.3494612094291371e-14,0.0
2023-04-12 04:00:00,3.8,1666.694878982115,1669.1758707734848,1.7665674014345072e-13,0.0
2023-04-12 05:00:00,3.5,1685.3854045293788,1655.8456484801418,2.4191010019862784e-13,0.0
2023-04-12 06:00:00,3.8,1263.1456380679774,1166.2480510710366,5.1870555841096496e-14,0.0
2023-04-12 07:00:00,5.8,118.9111830592951,185.5467930916558,0.0,0.0
2023-04-12 08:00:00,8.2,7.407232378058301e-16,0.0,5.192980359565527,19.156410586621437
2023-04-12 09:00:00,10.1,3.353545767449929e-14,0.0,131.0508947933839,88.37329399404177
2023-04-12 10:00:00,11.3,5.4796303655607386e-14,0.0,713.9566307229493,345.2120583643663
2023-04-12 11:00:00,12.2,1.8013730664201054e-13,0.0,723.2252710356908,524.64990816889
2023-04-12 12:00:00,13.1,3.4349921694559856e-14,0.0,994.9314251559114,538.0756590066917
2023-04-12 13:00:00,13.5,1.8836888169181584e-13,0.0,1338.5253510821872,582.3777544486048
2023-04-12 14:00:00,14.2,2.2587701557561317e-14,0.0,1590.5399213027658,689.1244770528358
2023-04-12 15:00:00,14.7,9.63507997367384e-14,0.0,1303.7986456964445,520.8763639292447
2023-04-12 16:00:00,14.1,8.388652880227303e-14,0.0,667.4325688666075,490.9089754082045
2023-04-12 17:00:00,13.8,8.177290177701077e-14,0.0,320.0663570547873,171.86611311990015
2023-04-12 18:00:00,12.4,1.2854656292756313e-14,0.0,132.3455546480265,26.422017429857476
2023-04-12 19:00:00,11.4,0.0,48.685442329189804,18.718800612625305,10.675172287199103
2023-04-12 20:00:00,8.8,0.0,383.29334433916506,5.5544554673342965,0.0
2023-04-12 21:00:00,9.7,0.0,276.81712568983727,2.6922953172874093,0.0
2023-04-12 22:00:00,8.8,130.56456718182085,503.3915312540223,2.823462694695164e-15,0.0
2023-04-12 23:00:00,7.8,350.3628572501785,688.8519820077049,1.6200982449432062e-14,0.0
2023-04-13 00:00:00,8.1,434.158627325717,733.7258580599673,4.25299463173553e-14,0.0
2023-04-13 01:00:00,8.8,465.8120861933374,717.2101430589041,0.0,0.0
2023-04-13 02:00:00,7.8,578.769888969374,814.7934619797563,4.4164185035862666e-14,0.0
2023-04-13 03:00:00,8.0,633.4174676202681,828.6357803929166,4.498204031430457e-14,0.0
2023-04-13 04:00:00,8.0,669.3331380710204,838.5059655949766,4.723571747518058e-14,0.0
2023-04-13 05:00:00,8.4,632.8929074055717,766.2279112647057,1.6357105568838024e-15,0.0
2023-04-13 06:00:00,8.6,564.5929871775284,693.6450987930565,2.509744617506812e-15,0.0
2023-04-13 07:00:00,8.6,532.9869292650939,654.3978143162886,1.9628526682605637e-14,0.0
2023-04-13 08:00:00,8.6,519.3863024886198,628.2830728480777,0.0,0.0
2023-04-13 09:00:00,8.8,448.9880415507349,494.52217019453667,4.4164185035862666e-14,0.0
2023-04-13 10:00:00,8.8,427.63096144913266,447.93446365819136,4.4164185035862666e-14,0.0
2023-04-13 11:00:00,9.3,231.8604761698096,209.252737844313,6.2743615437670305e-16,0.0
2023-04-13 12:00:00,9.2,282.3140241864987,342.13011035947216,0.0,0.0
2023-04-13 13:00:00,9.8,244.58329969214867,240.92352133125223,1.1293850778780655e-14,0.0
2023-04-13 14:00:00,8.7,471.7006608802714,475.3961426348083,9.814263341302817e-15,0.0
2023-04-13 15:00:00,8.8,473.3452526041186,374.3645583778904,4.4164185035862666e-14,0.0
2023-04-13 16:00:00,8.4,525.1978005149241,458.91353755479565,2.760719079257494e-14,0.0
2023-04-13 17:00:00,8.8,271.83610486899016,221.9707709030447,0.0,0.0
2023-04-13 18:00:00,8.2,4.44433942683498e-16,218.68915805638085,11.46083831587509,5.150516141737095
2023-04-13 19:00:00,7.2,340.37831479917844,547.4980135839586,4.564377247334051e-14,0.0
2023-04-13 20:00:00,7.3,884.4070865696267,564.247519259816,2.5465871196061163e-14,0.0
2023-04-13 21:00:00,5.8,996.4316073762841,871.104696900632,4.933088939937056e-14,0.0
2023-04-13 22:00:00,6.5,1106.2850023930328,687.985651276006,9.362222734401287e-14,0.0
2023-04-13 23:00:00,6.3,1216.9317980859294,979.2485846203156,9.097529870786912e-14,0.0
2023-04-14 00:00:00,6.2,1294.7558219323632,1020.6071529138937,1.0038978470027247e-14,0.0
2023-04-14 01:00:00,6.3,1338.5150059474427,1069.6556186147084,1.8428064266587552e-13,0.0
2023-04-14 02:00:00,6.3,1387.9486649738506,1068.5187985222908,9.382669116362334e-14,0.0
2023-04-14 03:00:00,6.0,1452.0080474404517,1112.8859585782086,6.54284222753521e-15,0.0
2023-04-14 04:00:00,5.8,1496.6281735936388,1153.5587402235533,1.5167775172629246e-14,0.0
2023-04-14 05:00:00,5.5,1501.134011136557,1243.3880567618462,8.832837007172533e-14,0.0
2023-04-14 06:00:00,5.0,1497.0844848463557,1362.308959661122,7.756974277205215e-14,0.0
2023-04-14 07:00:00,5.3,1418.4693196881394,1256.262807949633,2.1310095294266475e-13,0.0
2023-04-14 08:00:00,5.7,1386.2094778929088,1033.3147990931707,1.8279980502208648e-13,0.0
2023-04-14 09:00:00,5.7,1305.0054832218752,763.4011539260781,3.9257053365211274e-14,0.0
2023-04-14 10:00:00,5.0,1366.4783142657977,892.375100673406,1.7276082655205925e-13,0.0
2023-04-14 11:00:00,4.5,1429.3446193690702,982.6283886285396,0.0,0.0
2023-04-14 12:00:00,5.0,1348.3919354491509,873.1279694229027,2.2962049466449847e-13,0.0
2023-04-14 13:00:00,4.2,1461.608856952903,1114.713111915462,1.0038978470027247e-14,0.0
2023-04-14 14:00:00,4.4,1505.1939058311655,919.5920261392923,2.0368646695026137e-13,0.0
2023-04-14 15:00:00,3.9,1642.5104570334224,1316.8366843769631,8.624932945094035e-15,0.0
2023-04-14 16:00:00,4.6,1536.3668174149666,835.9841806299052,6.79599432503598e-14,0.0
2023-04-14 17:00:00,5.0,1490.4093039116206,1021.9865497410971,4.5799895592746485e-14,0.0
2023-04-14 18:00:00,5.0,1491.0506831938633,1041.7166175648815,2.7847972230946736e-13,0.0
2023-04-14 19:00:00,5.0,1558.3228235374413,1060.3507472712154,9.097529870786912e-14,0.0
2023-04-14 20:00:00,5.2,1614.1419604361215,1070.2236175061478,9.035080623024527e-14,0.0
2023-04-14 21:00:00,5.1,1666.293415951454,1134.1780923117071,4.788198631030531e-14,0.0
2023-04-14 22:00:00,4.8,1799.217633099218,1213.0275206447018,2.175112001839237e-14,0.0
2023-04-14 23:00:00,4.4,1917.33236679763,1430.7569878167917,5.826108757019306e-14,0.0
2023-04-15 00:00:00,4.3,1974.282078717283,1535.7545052355258,3.4508988490718664e-15,0.0
2023-04-15 01:00:00,4.2,2018.1976144203027,1615.9528061601222,2.2360987902930735e-13,0.0
2023-04-15 02:00:00,3.8,2072.3261819828112,1595.7433090318486,9.390627777171325e-14,0.0
2023-04-15 03:00:00,3.7,2099.385639094175,1643.0900337187134,4.9558199485417015e-14,0.0
2023-04-15 04:00:00,3.7,2102.6417480748682,1642.8272083810784,2.6620799167589706e-14,0.0
2023-04-15 05:00:00,3.8,2048.543685010857,1600.0954294678131,1.6009153534811292e-13,0.0
2023-04-15 06:00:00,4.0,1937.610215378525,1541.4580031377502,9.035080623024527e-14,0.0
2023-04-15 07:00:00,4.5,1763.1233287931846,1270.2220634854848,5.404946098409059e-14,0.0
2023-04-15 08:00:00,5.0,1650.2375095720536,1181.0981175884992,8.505694895795775e-14,0.0
2023-04-15 09:00:00,5.5,1375.149631251167,748.245332819941,4.929603183523852e-14,0.0
2023-04-15 10:00:00,5.8,1056.7023334064302,601.1773209818568,1.0004051162009045e-13,0.0
2023-04-15 11:00:00,7.0,644.7333605509407,525.4588574059123,2.376891902971776e-14,0.0
2023-04-15 12:00:00,7.7,313.329106237145,308.8316070801229,5.0194892350136244e-15,0.0
2023-04-15 13:00:00,8.2,490.5860197574596,414.8235819464654,2.126423723948944e-14,0.0
2023-04-15 14:00:00,8.3,260.37474095696905,289.3265602885218,4.907131670651407e-15,0.0
2023-04-15 15:00:00,8.4,167.49043161244708,249.34331354974864,2.228655633754181e-14,0.0
2023-04-15 16:00:00,8.8,52.56758589903264,24.862652055197774,8.407186954131746e-15,0.0
2023-04-15 17:00:00,9.1,14.470979382865941,15.627638687950315,2.823462694695164e-15,14.49036526442571
2023-04-15 18:00:00,8.5,0.0,255.48231113687677,0.0,5.074081501052483
2023-04-15 19:00:00,7.5,570.2847831859442,526.7549360865122,0.00261020086593386,0.0
2023-04-15 20:00:00,5.8,1275.004305224511,843.7372729018521,5.5841817739526585e-14,0.0
2023-04-15 21:00:00,5.5,1343.4949896936682,958.4616251852511,9.180425500510341e-14,0.0
2023-04-15 22:00:00,5.0,1557.4462264917588,1197.1455273413676,2.7029726806810657e-14,0.0
2023-04-15 23:00:00,5.3,1637.5275649043,1288.704311876838,2.2350530633691123e-13,0.0
2023-04-16 00:00:00,5.2,1664.165227444437,1327.36321123588,1.0618357649872628e-13,0.0
2023-04-16 01:00:00,4.3,1820.461419667702,1575.8698224454715,8.773354524358948e-14,0.0
2023-04-16 02:00:00,3.4,1970.5270419067328,1653.4365622421935,1.851706809425379e-13,0.0
2023-04-16 03:00:00,5.0,1912.837323278724,1432.3003427797207,4.89464182109893e-13,0.0
2023-04-16 04:00:00,4.0,1906.2539095021511,1669.4737358899247,5.228634619805858e-15,0.0
2023-04-16 05:00:00,2.0,2024.9055048098658,1915.056840961288,4.5175403115122635e-14,0.0
2023-04-16 06:00:00,3.3,1603.251540514393,1430.557845792176,3.609909369458819e-14,0.0
2023-04-16 07:00:00,5.2,979.5055941936924,753.8957544179989,4.356951983775829e-14,0.0
2023-04-16 08:00:00,6.9,221.42067409377404,283.66852509624107,1.1702778418001605e-14,0.0
2023-04-16 09:00:00,8.5,0.0,24.827272430231456,0.0,0.0
2023-04-16 10:00:00,10.2,0.0,0.0,0.0,32.898540532883985
2023-04-16 11:00:00,11.1,3.6803487529885555e-15,0.0,25.94839593247133,37.66120486020916
2023-04-16 12:00:00,11.4,0.0,0.0,0.0,31.578477659795915
2023-04-16 13:00:00,11.5,0.0,0.0,0.0,18.29169610962379
2023-04-16 14:00:00,11.9,0.0,0.0,0.0,41.742145177622206
2023-04-16 15:00:00,12.2,0.0,0.0,9.573037089094832,128.08630480460556
2023-04-16 16:00:00,11.9,0.0,0.0,1.552062447159047,31.687960898336968
2023-04-16 17:00:00,11.8,8.888678853669958e-16,0.0,4.043979788755233,25.312986922423725
2023-04-16 18:00:00,10.7,3.555471541467983e-15,66.6488891403939,8.049611058371871,14.417184360708154
2023-04-16 19:00:00,9.6,21.096785811615536,221.55737719795002,0.0,6.550429348629031
2023-04-16 20:00:00,8.7,312.44621374383945,453.1125619913098,9.814263341302816e-16,0.0
2023-04-16 21:00:00,8.3,524.997798119595,486.4486877614662,2.4572241930496665e-14,0.0
2023-04-16 22:00:00,8.4,596.0488245421011,511.99016431557925,4.2216228240166954e-14,0.0
2023-04-16 23:00:00,8.3,726.3954452962648,674.3307321581185,0.0,0.0
2023-04-17 00:00:00,7.8,805.510220812534,697.3746890705652,1.1091607162928665e-13,0.0
2023-04-17 01:00:00,8.0,924.9531478914528,698.0658832777066,0.0,0.0
2023-04-17 02:00:00,7.2,1068.6188873684641,820.7941924467052,2.0077956940054494e-14,0.0
2023-04-17 03:00:00,7.0,1146.8106234154793,920.7156134535427,9.773022999694942e-14,0.0
2023-04-17 04:00:00,6.5,1215.5233079626246,965.7506165673641,4.948024434573504e-14,0.0
2023-04-17 05:00:00,6.3,1225.7349416508532,1040.7218285016174,0.0,0.0
2023-04-17 06:00:00,6.9,894.6425555165488,713.8531859915347,4.1829076958446875e-16,0.0
2023-04-17 07:00:00,8.2,211.670882876332,487.97548200887894,2.509744617506812e-15,0.0
2023-04-17 08:00:00,9.8,0.0,0.0,0.0,6.778102960575094
2023-04-17 09:00:00,11.6,3.999905484151482e-16,0.0,11.368071294842442,77.29169846845937
2023-04-17 10:00:00,13.6,2.5219118749206786e-14,0.0,129.64232052057483,444.85385689518426
2023-04-17 11:00:00,15.2,6.379271171846831e-14,0.0,493.43707403127974,531.7110592849749
2023-04-17 12:00:00,16.1,0.0,0.0,449.4345960170232,539.4455130302051
2023-04-17 13:00:00,16.5,1.131917379877055e-13,0.0,348.0940982560562,663.8896364783045
2023-04-17 14:00:00,15.6,2.3468048651773993e-14,0.0,106.89768481163566,454.71195598602503
2023-04-17 15:00:00,15.8,1.3903539733512319e-14,0.0,390.6288506180308,1099.1872476382398
2023-04-17 16:00:00,15.7,9.6843995549231e-14,0.0,424.8485840856929,813.3776590198588
2023-04-17 17:00:00,14.0,1.1045727824147425e-14,0.0,143.03378910636738,232.24640763334205
2023-04-17 18:00:00,12.9,2.1014482816448287e-14,0.0,74.3913001881083,52.0923935951433
2023-04-17 19:00:00,12.0,1.7777357707339916e-15,0.0,10.84910575904348,12.956955918323208
2023-04-17 20:00:00,11.3,4.44433942683498e-16,76.12555633977574,3.5647244104746663,9.365408655795807
2023-04-17 21:00:00,10.6,12.736393071162635,226.31175108220697,2.070196173556062e-15,0.0
2023-04-17 22:00:00,10.4,154.31190534339362,247.81697304194756,0.0,0.0
2023-04-17 23:00:00,9.8,314.2908560491687,598.7744872925941,4.907131670651407e-15,0.0
2023-04-18 00:00:00,9.4,435.3508615196666,657.7312215871547,2.2569125569690012e-05,0.0
2023-04-18 01:00:00,9.9,471.8160896255498,649.2351092479221,1.1293850778780655e-14,0.0
2023-04-18 02:00:00,10.0,510.0281472852152,692.1026786508324,6.191660986890687e-14,0.0
2023-04-18 03:00:00,9.8,564.5410536806361,692.6759536502642,5.0194892350136244e-15,0.0
2023-04-18 04:00:00,9.7,611.4223527358262,684.3764962499476,4.723571747518058e-14,0.0
2023-04-18 05:00:00,9.4,609.0135133553861,599.2824685208277,7.177137582843761e-14,0.0
2023-04-18 06:00:00,9.4,434.82523075018355,444.1812163959032,4.457311267508362e-14,0.0
2023-04-18 07:00:00,10.3,57.89047471592313,89.03714002503263,8.343985824177998e-15,0.0
2023-04-18 08:00:00,11.0,28.29441379785206,120.7632594171824,2.823462694695164e-15,0.0
2023-04-18 09:00:00,11.7,0.0,0.0,1.3567307709152416,11.595303427664813
2023-04-18 10:00:00,12.2,0.0,0.0,8.65965755561517,13.4891817935349
2023-04-18 11:00:00,13.1,0.0,0.0,15.136962718870421,17.41989236845627
2023-04-18 12:00:00,13.5,0.0,0.0,18.943214201125752,20.666469174920998
2023-04-18 13:00:00,12.8,0.0,0.0,12.909992561312412,16.961731097073237
2023-04-18 14:00:00,12.7,0.0,0.0,14.089188937764916,20.093131913339587
2023-04-18 15:00:00,12.7,3.555471541467983e-15,0.0,13.084315009573038,20.439080638022517
2023-04-18 16:00:00,11.3,26.865595020451416,116.57168563713819,2.7602615647414174e-15,0.0
2023-04-18 17:00:00,11.3,93.89679219860383,0.0,1.6929892342365056,0.0
2023-04-18 18:00:00,10.9,129.62803792457368,0.0,4.841711501925263,8.74302698853912
2023-04-18 19:00:00,10.5,298.38518328510014,151.94403961991196,1.6200982449432062e-14,6.955497929960683
2023-04-18 20:00:00,10.4,430.105853608136,206.31449617125497,1.3031988318316784e-13,0.0
2023-04-18 21:00:00,10.6,479.82264923688626,231.49082447366266,1.3803595396287467e-14,0.0
2023-04-18 22:00:00,10.3,612.4242797294434,385.5011972131684,4.2216228240166954e-14,0.0
2023-04-18 23:00:00,9.6,772.6423371004071,619.8018900546998,1.0502254833365e-13,0.0
2023-04-19 00:00:00,8.6,965.4089535716535,699.9345035749052,2.4900297538024893e-13,0.0
2023-04-19 01:00:00,9.3,977.4243843446624,686.5347746922785,1.5685315124067008e-13,0.0
2023-04-19 02:00:00,8.9,977.943295469223,748.0733536821315,1.1418749274305425e-13,0.0
2023-04-19 03:00:00,8.4,1061.3950135458433,767.4321409016513,1.860712261358541e-13,0.0
2023-04-19 04:00:00,8.6,1095.859036793389,754.4924664332239,4.009363490438021e-14,0.0
2023-04-19 05:00:00,8.7,1021.08281956019,649.7076153574603,2.0077956940054494e-14,0.0
2023-04-19 06:00:00,8.8,911.9528125140193,542.0657544913931,9.836734854175257e-14,0.0
2023-04-19 07:00:00,9.1,731.4247678092753,442.39248009300127,1.167468902691105e-14,0.0
2023-04-19 08:00:00,9.7,497.33885476270893,337.94686677287484,9.814263341302817e-15,0.0
2023-04-19 09:00:00,9.9,454.964585441123,300.8843274611431,7.804573737220465e-14,0.0
2023-04-19 10:00:00,10.0,429.97293357733975,309.5200051805769,1.6357105568838024e-15,0.0
2023-04-19 11:00:00,10.2,142.5511655416482,106.44035968966551,1.1293850778780655e-14,0.0
2023-04-19 12:00:00,9.9,132.75280288100612,258.0519181058091,1.104104625896567e-14,0.0
2023-04-19 13:00:00,10.4,0.0,0.0,0.025119586024437618,15.365027356409714
2023-04-19 14:00:00,10.3,6.666509140252469e-16,171.3999705928672,1.068671080852433,0.0
2023-04-19 15:00:00,9.9,137.87107697837976,306.3989550308584,1.2652184686086631e-14,0.0
2023-04-19 16:00:00,9.4,354.8385799178758,236.40858467583632,5.0194892350136244e-15,0.0
2023-04-19 17:00:00,9.2,2.2221697134174905e-16,17.745151930479718,1.6794232327590664,17.411160728627593
2023-04-19 18:00:00,9.0,7.110943082935968e-15,0.0,18.98753811353406,5.842066474883638
2023-04-19 19:00:00,8.2,360.0472796883797,241.74191878062706,1.0033697527492821e-13,0.0
2023-04-19 20:00:00,7.7,885.3392899760826,481.63279902027114,2.2922419309245685e-13,0.0
2023-04-19 21:00:00,7.2,908.2151756514596,512.7073969301534,1.7279568411619129e-13,0.0
2023-04-19 22:00:00,6.2,1127.3727640963443,880.3786753525363,0.0,0.0
2023-04-19 23:00:00,6.5,1217.8440066033236,869.8889356198329,1.7749332168261965e-13,0.0
2023-04-20 00:00:00,6.5,1274.6535775299571,926.1057248062621,2.2656463838913373e-13,0.0
2023-04-20 01:00:00,6.2,1347.7581867244612,1137.437337755061,5.103147388930519e-14,0.0
2023-04-20 02:00:00,5.3,1464.8250619689543,1394.8035407301663,2.732011155210491e-13,0.0
2023-04-20 03:00:00,4.9,1541.6656797089336,1498.7399828182238,5.339140842099572e-14,0.0
2023-04-20 04:00:00,4.5,1609.683298386235,1568.3283306560456,2.1591379350866198e-13,0.0
2023-04-20 05:00:00,4.5,1571.4752922626449,1467.5106637041415,2.3553841873432576e-14,0.0
2023-04-20 06:00:00,5.0,1376.643135294286,1328.143253198054,1.8927024261933594e-13,0.0
2023-04-20 07:00:00,6.1,371.35835559820305,308.9082591663364,2.509744617506812e-15,0.0
2023-04-20 08:00:00,7.8,0.0,0.0,0.0,0.0
2023-04-20 09:00:00,9.6,2.9628929512233203e-15,0.0,11.572516730444544,0.0
2023-04-20 10:00:00,11.4,0.0,0.0,34.29337486295365,40.08297677348306
2023-04-20 11:00:00,12.8,0.0,0.0,74.92076742546107,96.13902529134097
2023-04-20 12:00:00,13.4,1.6107351145796882e-14,0.0,73.97080942590264,97.88635198647938
2023-04-20 13:00:00,13.7,4.375525739664172e-14,0.0,156.9518712715019,102.42652232251092
2023-04-20 14:00:00,14.6,3.0669572941571305e-14,0.0,416.71207969999676,701.41740220373
2023-04-20 15:00:00,15.2,7.310746621368882e-14,0.0,337.70729232414067,537.7108728457176
2023-04-20 16:00:00,15.7,3.353206641611795e-14,0.0,276.24187598123564,473.46205471120453
2023-04-20 17:00:00,15.4,4.0892763922095055e-16,0.0,116.08793040471748,122.28180638459031
2023-04-20 18:00:00,13.6,5.6250851798768523e-14,0.0,128.60298906058105,84.67174753742839
2023-04-20 19:00:00,10.1,1.7777357707339916e-15,32.08351887647577,11.710396945411548,9.79221241752296
2023-04-20 20:00:00,9.2,0.0,341.831164252847,2.3735220608035834,0.0
2023-04-20 21:00:00,9.9,151.6464954453481,367.9007433900944,2.5846709444191553e-14,0.0
2023-04-20 22:00:00,8.8,349.28116330054456,554.7051423726307,2.3561679955409173e-14,0.0
2023-04-20 23:00:00,8.3,600.095516724962,717.2647352443954,9.111073311537944e-14,0.0
2023-04-21 00:00:00,7.9,726.7548753610679,764.2817655497339,9.334785930673896e-14,0.0
2023-04-21 01:00:00,9.0,732.9063550356245,763.9794391787874,2.422341211444512e-14,0.0
2023-04-21 02:00:00,9.2,769.3221626482045,782.2153270238664,1.3556408754690591e-13,0.0
2023-04-21 03:00:00,8.8,852.1883709532191,791.1589408731552,3.271421113767605e-15,0.0
2023-04-21 04:00:00,8.3,906.0116691030521,787.9159475397576,8.213185724761932e-14,0.0
2023-04-21 05:00:00,7.7,969.7559832015552,826.8736962752837,5.22552067101942e-14,0.0
2023-04-21 06:00:00,7.0,455.107064015462,432.54510750030516,4.4164185035862666e-14,0.0
2023-04-21 07:00:00,9.8,0.0,17.224731332835805,2.0520064334713806,0.0
2023-04-21 08:00:00,12.0,7.110943082935968e-15,0.0,55.9854724949315,28.000832179008274
2023-04-21 09:00:00,14.1,8.734090853780502e-14,0.0,637.0242306802667,376.90539558783763
2023-04-21 10:00:00,15.7,4.8908880553518456e-14,0.0,800.4706642931125,584.695689026862
2023-04-21 11:00:00,16.6,1.411731347347582e-15,0.0,788.3651923413134,783.5981538464736
2023-04-21 12:00:00,17.2,7.710311130226317e-14,0.0,1061.8846183419996,1005.6398183796844
2023-04-21 13:00:00,17.5,3.1428114205041456e-13,0.0,1512.0329924425102,1218.7814345752408
2023-04-21 14:00:00,17.9,4.4718567489399725e-13,0.0,1734.5651565621488,1517.8343993464878
2023-04-21 15:00:00,18.1,2.0077956940054494e-14,0.0,1877.3200339612702,1596.7311648321615
2023-04-21 16:00:00,17.8,5.896048509072504e-14,0.0,1765.2055778077788,1575.749554019953
2023-04-21 17:00:00,17.1,8.345869092252801e-14,0.0,981.3000093555315,386.9901226544684
2023-04-21 18:00:00,15.1,2.626500021377602e-14,0.0,439.23346385647574,81.88757368480432
2023-04-21 19:00:00,12.3,1.7379424666890403e-15,0.0,42.748674803501295,22.056556327639196
2023-04-21 20:00:00,13.2,0.0,0.0,18.10461745763648,14.637501714130897
2023-04-21 21:00:00,12.3,0.0,96.82800509840504,11.229977093232861,11.659056554300825
2023-04-21 22:00:00,11.5,4.44433942683498e-16,288.5172308664333,2.4386496401168336,0.0
2023-04-21 23:00:00,10.9,116.91189984615048,534.1499120465958,4.557591638321025e-14,0.0
2023-04-22 00:00:00,8.9,326.4422760830445,737.0382541958811,1.2929561335664458e-14,0.0
2023-04-22 01:00:00,8.7,448.8533563587854,776.1082094685894,9.767426405481029e-14,0.0
2023-04-22 02:00:00,9.8,465.54834766757386,742.8005340114591,1.0896811483359093e-13,0.0
2023-04-22 03:00:00,10.3,533.6476293131655,664.0506948481548,9.814263341302817e-15,0.0
2023-04-22 04:00:00,9.2,629.6157845553523,756.2013423052874,2.295612657855435e-14,0.0
2023-04-22 05:00:00,7.2,741.2486804434412,859.9352237084513,4.723571747518058e-14,0.0
2023-04-22 06:00:00,7.0,199.07805856176896,430.8765414639439,2.2082092517931333e-14,0.0
2023-04-22 07:00:00,9.2,0.0,20.70085606359556,13.205522541255174,0.0
2023-04-22 08:00:00,11.7,2.5513367163394395e-14,0.0,249.35335072912108,24.04471033327175
2023-04-22 09:00:00,14.1,1.0515215946122392e-13,0.0,994.2740732424958,388.638016778135
2023-04-22 10:00:00,16.6,2.6919915739888513e-13,0.0,1283.3916294863934,604.3150677440126
2023-04-22 11:00:00,18.1,1.5059772879767205e-13,0.0,1276.862399320897,1277.3955559862527
2023-04-22 12:00:00,18.8,5.583887406277373e-14,0.0,1399.6228455602811,1283.5321634370393
2023-04-22 13:00:00,19.4,2.9456508425772147e-13,0.0,1820.9022033058907,2590.5339340051187
2023-04-22 14:00:00,19.8,5.512344576698414e-13,0.0,2113.5588067077583,2671.0170779654595
2023-04-22 15:00:00,19.7,1.284093789089262e-13,0.0,2087.8886133217597,2628.5683788590804
2023-04-22 16:00:00,19.0,7.110943082935969e-14,0.0,1821.65961345179,2380.2556361194656
2023-04-22 17:00:00,18.1,4.9208500725151026e-14,0.0,1465.0138875253401,878.6078272435902
2023-04-22 18:00:00,16.4,2.7807079467024645e-14,0.0,648.1116054358733,466.54259375848443
2023-04-22 19:00:00,14.6,0.0,0.0,81.07384479965606,59.23913312494034
2023-04-22 20:00:00,13.6,6.951769866756161e-15,0.0,41.26691677065381,15.648530665786675
2023-04-22 21:00:00,12.6,4.3448561667226007e-16,131.7011651011582,19.304331880491848,11.581718449872769
2023-04-22 22:00:00,11.4,0.0,295.96564773607724,6.898022907781118,0.0
2023-04-22 23:00:00,10.7,0.0,542.3038798828036,0.0,0.0
2023-04-23 00:00:00,10.3,80.93292329869098,536.4432406720518,0.0,0.0
2023-04-23 01:00:00,10.2,150.49795981030883,572.1324113981956,6.6246277553794e-14,0.0
2023-04-23 02:00:00,10.1,196.3960118569861,642.1306368620196,5.646925389390329e-15,0.0
2023-04-23 03:00:00,9.8,268.7565078297918,665.0069944260147,1.6200982449432062e-14,0.0
2023-04-23 04:00:00,9.2,354.80029629956687,706.439273286968,7.508656249724895e-14,0.0
2023-04-23 05:00:00,8.3,550.4206809938275,686.1755448614756,8.700784943040632e-14,0.0
2023-04-23 06:00:00,9.9,6.677290285261309,211.71685374614438,0.0,0.0
2023-04-23 07:00:00,11.8,0.0006675844252378564,0.0,61.92742845740116,18.96647818015396
2023-04-23 08:00:00,13.6,4.642265018194141e-14,0.0,473.91346061416755,86.40319496629576
2023-04-23 09:00:00,15.2,2.9602472539576274e-13,0.0,1322.0866256437685,424.3840789568994
2023-04-23 10:00:00,16.5,7.780208314271121e-14,0.0,1520.7294152238367,412.5891967246193
2023-04-23 11:00:00,17.4,1.1613544953874997e-13,0.0,1588.327773039461,577.9707819987661
2023-04-23 12:00:00,18.6,2.3424283096730246e-14,0.0,2111.883707422031,1104.6354003783595
2023-04-23 13:00:00,20.2,1.967346970835052e-13,0.0,2083.9700398346845,2354.115341152487
2023-04-23 14:00:00,21.1,4.160570957245716e-13,0.0,1823.4699622187882,1577.2722269009937
2023-04-23 15:00:00,20.6,2.1932239864106654e-13,0.0,1610.7611667843887,2143.439095656464
2023-04-23 16:00:00,20.2,5.0194892350136255e-14,0.0,1554.4658203282268,1226.4629238851
2023-04-23 17:00:00,19.4,3.1537989123976196e-13,0.0,1037.476122058814,471.7640205803936
2023-04-23 18:00:00,17.9,3.011693541008175e-14,0.0,992.347159416674,178.24212814602558
2023-04-23 19:00:00,17.1,6.503495796004236e-14,0.0,130.85472416563312,81.74248251473232
2023-04-23 20:00:00,15.1,1.4221886165871933e-14,0.0,64.61538055340847,38.28786987412735
2023-04-23 21:00:00,13.8,3.4758849333780806e-15,0.0,42.30056247447169,15.211099339837753
2023-04-23 22:00:00,13.2,1.7777357707339916e-15,37.66288101072725,17.524409764283245,13.479381643795003
2023-04-23 23:00:00,12.9,8.888678853669958e-16,257.5435371283216,6.391939257720473,12.109616156185329
2023-04-24 00:00:00,12.5,0.0,98.99886762646963,3.9838504191385398,10.960460152883805
2023-04-24 01:00:00,10.8,0.0,272.22002191738216,0.0,0.0
2023-04-24 02:00:00,10.9,9.425862744425926,329.9998850910655,1.3801307823707087e-15,0.0
2023-04-24 03:00:00,10.2,138.6019843842635,409.931460882622,4.4164185035862666e-14,0.0
2023-04-24 04:00:00,11.3,154.6132223371697,291.9853670019457,4.4164185035862666e-14,0.0
2023-04-24 05:00:00,9.5,266.2758156548988,533.6272929514992,4.4164185035862666e-14,0.0
2023-04-24 06:00:00,11.6,9.259539493470275,177.00126093184696,4.140392347112125e-15,0.0
2023-04-24 07:00:00,13.3,3.555471541467983e-15,0.0,12.547849260124485,0.0
2023-04-24 08:00:00,14.2,7.110943082935968e-15,0.0,73.61846674761736,71.70326036977258
2023-04-24 09:00:00,13.9,0.0,0.0,100.81587288511449,53.025845698457005
2023-04-24 10:00:00,13.6,0.0,0.0,65.84860544243978,35.23628892452979
2023-04-24 11:00:00,13.9,0.0,0.0,89.33562951363547,56.34095281382666
2023-04-24 12:00:00,13.2,0.0,0.0,72.45123379898772,33.39144413523469
2023-04-24 13:00:00,12.9,3.4758849333780806e-15,0.0,55.172273271914136,36.56600424488086
2023-04-24 14:00:00,13.2,1.0559527754422202e-14,0.0,68.10609381739508,50.050087289041954
2023-04-24 15:00:00,13.3,0.0,0.0,59.10352643568537,41.6335642436316
2023-04-24 16:00:00,12.9,6.951769866756161e-15,0.0,32.005260492248325,29.5109946024553
2023-04-24 17:00:00,12.6,3.555471541467983e-15,0.0,11.955627712968184,14.768136179388737
2023-04-24 18:00:00,11.8,0.0,0.0,24.80684333368309,30.720041263006273
2023-04-24 19:00:00,11.3,3.555471541467983e-15,0.0,8.55106885035768,9.871544191138883
2023-04-24 20:00:00,10.6,81.6012535325206,0.0,2.672933096737792,6.585693362896484
2023-04-24 21:00:00,10.5,197.4967550862737,120.48306332071812,1.1293850778780655e-14,5.781282230601362
2023-04-24 22:00:00,10.6,264.7788499334888,106.07987555696978,0.0,5.687257649353308
2023-04-24 23:00:00,10.6,392.518674033538,313.9951378028248,8.832837007172533e-14,0.0
2023-04-25 00:00:00,10.1,480.73335100845264,400.8605779709121,3.957077144239962e-14,0.0
2023-04-25 01:00:00,9.7,572.0965111616684,462.9522889014016,2.509744617506812e-15,0.0
2023-04-25 02:00:00,9.4,645.4021272432371,518.8843783733844,8.996408062860914e-14,0.0
2023-04-25 03:00:00,9.1,712.4401295879593,556.3576484909737,6.776310467268396e-14,0.0
2023-04-25 04:00:00,8.6,788.0850791573665,616.4130748900958,2.6700754637369597e-13,0.0
2023-04-25 05:00:00,7.8,872.1212180068817,618.866664744773,2.2587701557561317e-14,0.0
2023-04-25 06:00:00,8.0,469.4187833293227,332.9607196880931,9.767426405481029e-14,0.0
2023-04-25 07:00:00,9.2,0.0,0.0,6.6233597428588125,13.193973864552756
2023-04-25 08:00:00,10.7,3.00225415822531e-14,0.0,89.20345993094921,191.0216439104716
2023-04-25 09:00:00,12.2,1.1742065069058723e-14,0.0,383.88948801519336,850.3806726748484
2023-04-25 10:00:00,13.2,2.1612588257020702e-13,0.0,736.4935161947858,1062.309741739639
2023-04-25 11:00:00,13.8,7.015439153228086e-14,0.0,540.2512561888955,1012.643745209005
2023-04-25 12:00:00,14.9,4.2254416680809235e-14,0.0,838.3234967565081,1167.029814532692
2023-04-25 13:00:00,10.9,2.8756018570555804e-14,0.0,710.0355965489503,582.5327396466286
2023-04-25 14:00:00,13.4,7.611671967727793e-14,0.0,395.8210180455263,272.5846977387308
2023-04-25 15:00:00,11.4,1.5079206696272559e-15,0.0,167.7552783918687,45.79855110740188
2023-04-25 16:00:00,11.4,2.216941078797684e-14,0.0,156.8449195847454,54.53188167332131
2023-04-25 17:00:00,12.3,4.745433241035732e-14,0.0,425.6512705501863,408.58699078205797
2023-04-25 18:00:00,10.7,2.7909311376829882e-14,0.0,131.62132154462904,50.630165049097556
2023-04-25 19:00:00,9.6,3.555471541467983e-15,124.46706777998853,17.949098951951623,9.131299042887688
2023-04-25 20:00:00,8.8,2.4720468273667726,354.2393893440425,7.27717430794674,5.411741617224258
2023-04-25 21:00:00,8.3,186.63141544401125,377.2542911994614,1.9538302201603932,0.0
2023-04-25 22:00:00,7.8,374.0862203829776,515.9222639859106,4.907131670651407e-15,0.0
2023-04-25 23:00:00,7.5,510.6759297112327,743.5283600031718,1.9628526682605637e-14,0.0
2023-04-26 00:00:00,7.1,636.7955245834421,822.7837576333754,1.3054459831189229e-13,0.0
2023-04-26 01:00:00,6.5,740.5935845835021,986.480707175378,4.723571747518058e-14,0.0
2023-04-26 02:00:00,6.2,855.8284384426083,1071.5760432175534,1.3085684455070422e-13,0.0
2023-04-26 03:00:00,5.6,982.007657623554,1223.9036755378506,1.831120512608984e-13,0.0
2023-04-26 04:00:00,5.0,1088.4409892603117,1445.644981033447,1.3762440190696387e-13,0.0
2023-04-26 05:00:00,4.4,1131.4223779490624,1441.19781557697,8.832837007172533e-14,0.0
2023-04-26 06:00:00,5.2,406.4652147172329,515.0113277951641,6.675188659342398e-14,0.0
2023-04-26 07:00:00,6.7,7.110943082935973e-16,31.869677175504762,8.088179701185995,11.057035969533676
2023-04-26 08:00:00,8.1,1.0427654800134244e-15,0.0,77.9038635284333,68.49758084184481
2023-04-26 09:00:00,8.9,3.523636898232022e-14,0.0,130.7996105968457,135.9397075277314
2023-04-26 10:00:00,9.4,1.7902234918860487e-14,0.0,140.91735017637694,139.32013265180456
2023-04-26 11:00:00,10.0,4.9239853053057416e-14,0.0,166.04257530150954,139.71386864559707
2023-04-26 12:00:00,10.8,3.5576704612222704e-14,0.0,286.8762239986895,522.403696116276
2023-04-26 13:00:00,11.4,4.2547200739705914e-14,0.0,249.2289502938389,392.9497610354605
2023-04-26 14:00:00,11.1,6.951769866756161e-15,0.0,92.76928648951869,17.497521874004466
2023-04-26 15:00:00,11.5,1.3955826079710378e-14,0.0,100.75177233886517,45.12217109620315
2023-04-26 16:00:00,11.2,7.110943082935968e-15,0.0,63.25675994737992,12.82168435580079
2023-04-26 17:00:00,11.0,1.066641462440395e-14,0.0,39.17093532234557,14.26566887689858
2023-04-26 18:00:00,10.3,3.555471541467983e-15,47.01661040165498,45.952428638540795,13.9735411651751
2023-04-26 19:00:00,8.9,1.7777357707339916e-15,224.83476768759988,10.003500073245183,7.521026881111311
2023-04-26 20:00:00,8.1,182.0227833015606,346.72823128430025,2.101847811718094,4.804688102419746
2023-04-26 21:00:00,7.5,384.78900481839696,460.08317443113856,6.159195040295758e-14,0.0
2023-04-26 22:00:00,6.5,560.3122285516199,722.0472953707953,5.523332068591889e-14,0.0
2023-04-26 23:00:00,4.3,892.8360050177805,1586.6115760308262,1.6317127833948084e-13,0.0
2023-04-27 00:00:00,6.2,840.3622146533578,1059.4170450306735,1.0000305909863638e-13,0.0
2023-04-27 01:00:00,3.8,1030.5587955990577,1712.2791301172765,1.2922113399382042e-13,0.0
2023-04-27 02:00:00,5.8,980.6800303361264,1226.8588764517283,8.832837007172533e-14,0.0
2023-04-27 03:00:00,5.7,1045.9051007527726,1236.464507645765,1.3350377318684796e-13,0.0
2023-04-27 04:00:00,4.9,1209.7982570071572,1452.5112387402469,3.9257053365211274e-14,0.0
2023-04-27 05:00:00,2.6,1323.547608203221,1639.027053905926,0.0,0.0
2023-04-27 06:00:00,4.5,561.5306116594454,687.3697399628861,2.2587701557561317e-14,0.0
2023-04-27 07:00:00,6.6,0.0,256.92805136896504,0.0,0.0
2023-04-27 08:00:00,8.4,8.888678853669958e-16,0.0,15.433658183086422,24.242021908355024
2023-04-27 09:00:00,9.8,1.4244312766196446e-14,0.0,165.5119818611699,142.5557178433317
2023-04-27 10:00:00,10.9,1.5622908444313018e-13,0.0,817.3117125820585,736.7398125040936
2023-04-27 11:00:00,11.8,1.2682963429418153e-14,0.0,1046.9277662277327,888.9343942424005
2023-04-27 12:00:00,12.7,1.1712141548365123e-14,0.0,1387.9930292015333,1108.4070177932886
2023-04-27 13:00:00,13.6,1.3587633378571785e-13,0.0,1000.0865328361676,725.9199619295596
2023-04-27 14:00:00,14.2,1.8105173690084046e-14,0.0,1380.7801621541512,1351.5870186290208
2023-04-27 15:00:00,14.3,3.4349921694559856e-14,0.0,1242.1795379840485,987.2914840091015
2023-04-27 16:00:00,14.2,3.2561875838423894e-13,0.0,1149.056728145267,1037.9529376218186
2023-04-27 17:00:00,13.8,1.25076414738618e-13,0.0,830.6697222795192,679.0679650934642
2023-04-27 18:00:00,12.1,3.6332068074893825e-14,0.0,308.259667780699,105.84942228223066
2023-04-27 19:00:00,8.6,0.0,213.03060108823672,20.97284692384192,6.658491953275498
2023-04-27 20:00:00,7.5,0.0,437.8750753748166,8.812713475155842,0.0
2023-04-27 21:00:00,6.5,64.48366734573591,525.8133398278812,2.3084877714061727,0.0
2023-04-27 22:00:00,6.2,277.22724735706754,800.6233248023755,4.698764773055783e-14,0.0
2023-04-27 23:00:00,6.5,405.3440642707131,951.8215756284085,4.4164185035862666e-14,0.0
2023-04-28 00:00:00,5.7,550.89799264975,1225.6154619422086,9.939750572178155e-14,0.0
2023-04-28 01:00:00,5.3,684.206448625707,1430.3595250251897,2.5465871196061163e-14,0.0
2023-04-28 02:00:00,4.5,875.6354191786556,1519.379559697214,2.2587701557561317e-14,0.0
2023-04-28 03:00:00,4.4,896.8317977832155,1627.8093459065956,6.643964035461207e-14,0.0
2023-04-28 04:00:00,5.2,908.0280761917832,1436.2292202003762,9.241112059030322e-14,0.0
2023-04-28 05:00:00,5.2,914.7096333120217,1408.1050004465937,0.0,0.0
2023-04-28 06:00:00,6.4,265.89796792735683,340.6986056295358,2.6989224188582742e-14,0.0
2023-04-28 07:00:00,8.5,6.034307402920351,200.52814237342798,0.0,0.0
2023-04-28 08:00:00,10.4,0.0,15.807108369739598,12.287917863525154,7.8634505444525855
2023-04-28 09:00:00,12.1,0.0,0.0,79.68546294284694,154.09513057881514
2023-04-28 10:00:00,13.7,1.3661928402125162e-14,0.0,337.7802100092405,820.0498109652168
2023-04-28 11:00:00,15.2,0.0,0.0,703.6367875674981,1189.818036815429
2023-04-28 12:00:00,16.4,3.0159965045937284e-14,0.0,887.6676685708755,1148.4243998105235
2023-04-28 13:00:00,17.2,2.1591379350866198e-13,0.0,1334.2486395690346,1612.3586314439474
2023-04-28 14:00:00,16.6,4.973620538234485e-14,0.0,594.2671269215737,533.2209956106391
2023-04-28 15:00:00,15.6,6.561568488262246e-15,0.0,149.8074704984939,194.47098841251687
2023-04-28 16:00:00,15.0,0.0,0.0,73.05903147146847,54.572092076801894
2023-04-28 17:00:00,14.4,0.0,0.0,51.89117300026659,46.18817498100182
2023-04-28 18:00:00,13.3,6.951769866756161e-15,0.0,47.23914714188755,51.58209563461284
2023-04-28 19:00:00,12.2,0.0,0.0,15.917667617847528,31.189582207712554
2023-04-28 20:00:00,11.5,3.555471541467983e-15,0.0,8.83071742021149,10.53195394121582
2023-04-28 21:00:00,11.1,2.6666036561009876e-15,86.1698188095809,4.878280568770597,7.010473797788338
2023-04-28 22:00:00,10.7,77.66167184067515,212.3735921190987,1.411731347347582e-15,0.0
2023-04-28 23:00:00,10.8,195.4721710269842,269.1713536900665,4.4164185035862666e-14,0.0
2023-04-29 00:00:00,10.7,272.0183037647021,317.4518700314154,3.337594329671199e-14,0.0
2023-04-29 01:00:00,10.6,340.1679927317375,357.6930594101783,4.907131670651407e-15,0.0
2023-04-29 02:00:00,10.6,455.56163703023856,363.46073011518706,2.110811412008347e-14,0.0
2023-04-29 03:00:00,9.9,575.3738366648387,448.79755554579043,1.5463082640770046e-13,0.0
2023-04-29 04:00:00,10.0,618.410988184587,456.95281200123003,2.191852146224296e-13,0.0
2023-04-29 05:00:00,9.4,663.6819169693615,529.8818432180426,6.939881522956777e-14,0.0
2023-04-29 06:00:00,9.9,101.90238681330754,163.18567213666853,6.133914588314259e-16,0.0
2023-04-29 07:00:00,10.9,0.0,62.86175906644657,0.0,8.428530699580607
2023-04-29 08:00:00,12.7,6.222075197568974e-15,0.0,24.886776979330204,42.87889622580332
2023-04-29 09:00:00,15.1,6.677142858835497e-14,0.0,307.5101798913928,585.539690035069
2023-04-29 10:00:00,16.3,7.377551140631444e-14,0.0,509.11081617102326,828.9472865463607
2023-04-29 11:00:00,17.5,6.54284222753521e-15,0.0,651.9134708400209,1455.095297480903
2023-04-29 12:00:00,18.6,9.359740088973813e-14,0.0,1187.2818161994805,1688.1268131775116
2023-04-29 13:00:00,15.3,1.0038978470027247e-14,0.0,992.116854923575,735.8827568424035
2023-04-29 14:00:00,16.1,3.784605793705189e-14,0.0,1499.0694803558595,1381.039472008807
2023-04-29 15:00:00,14.6,1.3123136976524495e-14,0.0,439.1562271519589,138.85296747212655
2023-04-29 16:00:00,15.0,1.3592083525994979e-13,0.0,371.4167820995474,166.56220007606376
2023-04-29 17:00:00,15.6,8.962216674030924e-14,0.0,767.2410637399788,671.4284050000583
2023-04-29 18:00:00,15.3,3.246445671463491e-14,0.0,431.0145632626726,362.42036923725385
2023-04-29 19:00:00,13.5,3.555471541467983e-15,0.0,46.87796702855675,52.014369647737084
2023-04-29 20:00:00,12.7,5.333207312201975e-15,0.0,15.051417680247356,26.70270150106259
2023-04-29 21:00:00,11.7,1.7777357707339916e-15,0.0,9.04386114359875,8.833311190740787
2023-04-29 22:00:00,11.7,2.2221697134174905e-16,0.0,1.657527821336989,8.057847060451383
2023-04-29 23:00:00,11.3,37.71918402474912,239.0939021556795,5.520523129482833e-15,0.0
2023-04-30 00:00:00,11.3,95.13733494471249,246.64681178259593,0.0,0.0
2023-04-30 01:00:00,11.4,144.6419751946746,238.73904226469153,1.1293850778780655e-14,0.0
2023-04-30 02:00:00,11.1,223.8795674915707,323.32721027366756,0.0,0.0
2023-04-30 03:00:00,10.2,365.9017256796285,414.8493779678847,2.110811412008347e-14,0.0
2023-04-30 04:00:00,9.8,445.018772171601,465.649726902892,5.3978448377165483e-14,0.0
2023-04-30 05:00:00,9.9,462.30130631528044,478.35457688343274,4.7928801962122886e-14,0.0
2023-04-30 06:00:00,10.3,300.8547399382695,213.20217198588654,0.0,0.0
2023-04-30 07:00:00,11.2,0.0,18.73060282533658,0.0,8.57515602353012
2023-04-30 08:00:00,12.3,2.4729127574096077e-15,0.0,39.663143323845404,56.560157433633364
2023-04-30 09:00:00,13.7,3.986790036237197e-14,0.0,368.8831898128782,921.1539965500376
2023-04-30 10:00:00,14.8,7.338299585023491e-14,0.0,927.3825926232499,1171.8919664648593
2023-04-30 11:00:00,15.4,4.388939131850482e-14,0.0,911.9025423712596,1115.4916322571248
2023-04-30 12:00:00,15.1,2.1014482816448287e-14,0.0,374.7354782855779,324.9209195510464
2023-04-30 13:00:00,15.2,1.0156386461261207e-13,0.0,630.0333417012355,773.50753027904
2023-04-30 14:00:00,15.6,4.5799895592746485e-14,0.0,775.0121199388179,752.1621421029454
2023-04-30 15:00:00,15.7,2.213827130011245e-14,0.0,683.6664901142698,597.684166836787
2023-04-30 16:00:00,15.8,2.382916137622428e-13,0.0,585.1832353014613,472.13880599921566
2023-04-30 17:00:00,15.7,5.888558004781689e-14,0.0,517.6105747330055,388.31380683747784
2023-04-30 18:00:00,14.6,9.572652009915652e-14,0.0,478.5986779579646,421.63943332406103
2023-04-30 19:00:00,12.2,1.0507241408224145e-14,0.0,47.930195594735224,42.221839261634024
2023-04-30 20:00:00,10.4,1.7777357707339916e-15,100.60209930366486,11.813014705277523,6.585693362896484
2023-04-30 21:00:00,10.2,0.0,174.71713983602382,7.33667815220768,5.781282230601362
2023-04-30 22:00:00,8.8,139.74033460081793,370.46621673823176,0.0,0.0
2023-04-30 23:00:00,8.0,365.77910597389575,609.7326524314526,1.1255178218617045e-13,0.0
2023-05-01 00:00:00,7.2,368.6404049999534,304.3368612294267,1.1293850778780655e-14,4.334947363763557
2023-05-01 01:00:00,7.3,473.57038833752165,331.0450175356729,8.638041327602963e-14,2.989726769207592
2023-05-01 02:00:00,6.3,521.3218632730499,428.99957398276865,3.0922377461386294e-14,0.0
2023-05-01 03:00:00,5.5,632.0263307185969,842.4077548878711,8.403462985990537e-14,0.0
2023-05-01 04:00:00,4.9,822.8341806142241,1070.668073888326,9.159979118549293e-14,0.0
2023-05-01 05:00:00,4.3,933.6660328964003,1218.054181139319,2.979240364815765e-13,0.0
2023-05-01 06:00:00,6.8,0.0,291.75591572362316,0.0,5.383591493621606
2023-05-01 07:00:00,8.3,1.166586971935017e-14,0.0,80.6162164507063,113.85177460931251
2023-05-01 08:00:00,10.2,6.842722496297241e-14,0.0,516.5033398242847,528.4518675261036
2023-05-01 09:00:00,12.2,1.6522485398586515e-14,0.0,1274.9924275888654,1548.9229441827674
2023-05-01 10:00:00,14.5,2.663956799632515e-13,0.0,1335.7615418061544,1719.691027364305
2023-05-01 11:00:00,15.9,1.0810670684014727e-13,0.0,1391.9944587607952,2003.6207422727693
2023-05-01 12:00:00,17.0,1.312187436980656e-13,0.0,1607.005987062389,2106.203681641834
2023-05-01 13:00:00,17.8,2.183360070160813e-13,0.0,1841.2270018942286,2282.9276364804773
2023-05-01 14:00:00,17.9,1.7665674014345072e-13,0.0,1862.2184302765743,2411.1615822806825
2023-05-01 15:00:00,17.8,5.2136536112242296e-14,0.0,1101.3109587131416,1298.6033830286713
2023-05-01 16:00:00,18.1,3.498661455927909e-14,0.0,1186.2278096240584,1445.6447193928113
2023-05-01 17:00:00,17.6,8.736680490101486e-14,0.0,910.1399726219797,1053.6070805699824
2023-05-01 18:00:00,16.4,1.831995823709859e-13,0.0,1232.6716507111769,1125.1266270805813
2023-05-01 19:00:00,15.1,1.3903539733512319e-14,0.0,224.25974080229042,251.46126721867748
2023-05-01 20:00:00,14.0,0.0,0.0,130.60337910175002,153.02153949119003
2023-05-01 21:00:00,13.4,1.4899294488861065e-14,0.0,106.6648330007735,122.30730848077101
2023-05-01 22:00:00,12.7,1.406271294969213e-14,0.0,70.59708416347229,74.2030655384367
2023-05-01 23:00:00,11.2,0.0,48.01075265381524,19.152425944339292,9.038518223541985
2023-05-02 00:00:00,10.2,0.0,127.61535639773624,9.025482795828067,5.029313887578247
2023-05-02 01:00:00,10.2,0.0,159.80041436271623,5.269522031162695,0.0
2023-05-02 02:00:00,10.7,24.568129376271155,153.8356988789957,3.624193095910158,0.0
2023-05-02 03:00:00,10.8,68.03843693112188,122.91908500574527,1.921722348969757,0.0
2023-05-02 04:00:00,11.8,54.29574758446886,0.0,2.8352321184895484,7.034074217341804
2023-05-02 05:00:00,11.6,27.83517787860103,10.374240107028273,9.898944059829342,13.740448570307958
2023-05-02 06:00:00,12.2,1.6539142788123987e-14,0.0,56.389603559397685,87.30130788031781
2023-05-02 07:00:00,13.1,0.0,0.0,123.67196907263978,150.92018376062555
2023-05-02 08:00:00,13.9,3.609995226697444e-14,0.0,156.5103421745153,203.6142687077833
2023-05-02 09:00:00,14.6,1.0077275098252599e-13,0.0,433.7079719268301,476.8330466085847
2023-05-02 10:00:00,15.2,7.723882348252367e-14,0.0,771.6871318847468,867.055722189085
2023-05-02 11:00:00,16.0,5.724986949093308e-14,0.0,863.9483887626457,1104.1795260071349
2023-05-02 12:00:00,16.1,1.673163078337875e-15,0.0,839.6850871645454,1065.595886688042
2023-05-02 13:00:00,16.4,1.691148802237509e-13,0.0,1137.6689871848876,1425.898196116943
2023-05-02 14:00:00,16.1,5.4003274831440216e-14,0.0,846.8055658252545,810.0642496210946
2023-05-02 15:00:00,15.8,6.13234697191894e-14,0.0,426.60477320313873,253.19306868065598
2023-05-02 16:00:00,15.2,3.60605372943518e-14,0.0,210.1781527839029,184.37170917046188
2023-05-02 17:00:00,14.4,1.6544368176108388e-15,0.0,159.78976882613728,186.4147227782948
2023-05-02 18:00:00,13.8,4.890256751992876e-14,0.0,208.37144266738125,173.40181563259884
2023-05-02 19:00:00,13.2,2.938029820813766e-14,0.0,131.824255353707,149.02542832259059
2023-05-02 20:00:00,12.8,4.1829076958446875e-16,0.0,92.92781908163965,119.49224781518085
2023-05-02 21:00:00,12.4,1.494926665747349e-14,0.0,71.47217459680903,90.38481546519719
2023-05-02 22:00:00,12.0,7.110943082935968e-15,0.0,30.684493493368564,39.023026655333325
2023-05-02 23:00:00,11.8,3.555471541467983e-15,0.0,10.400072201736709,11.840508969642299
2023-05-03 00:00:00,11.5,0.0,0.0,4.797601381050369,7.570958814370439
2023-05-03 01:00:00,11.4,66.84540652142012,6.699163061461715,1.9477707946017657,5.9561205582595935
2023-05-03 02:00:00,11.2,108.07228716526367,61.82462050561277,2.2082092517931333e-14,5.81539953928972
2023-05-03 03:00:00,11.0,143.99775136081726,133.40348795466053,0.0,0.0
2023-05-03 04:00:00,10.7,180.77528139542406,161.19631715742128,6.791846752313612e-14,0.0
2023-05-03 05:00:00,10.3,155.55336870211897,221.65430454301645,1.304231016506465,0.0
2023-05-03 06:00:00,10.9,0.0,109.27910255150289,22.94229384639898,25.085386326787454
2023-05-03 07:00:00,11.9,1.3929682906611348e-14,0.0,84.01478716365753,99.85890472427909
2023-05-03 08:00:00,12.9,1.6357105568838024e-16,0.0,152.9792937685363,189.1190393448209
2023-05-03 09:00:00,13.7,1.9628526682605627e-14,0.0,204.35081744753256,163.36560396471987
2023-05-03 10:00:00,14.4,5.665672934121562e-14,0.0,353.28012775688995,578.3737278621569
2023-05-03 11:00:00,15.9,2.3215137711938014e-14,0.0,871.9748105368121,1817.4195823903049
2023-05-03 12:00:00,16.3,1.0161351752116151e-13,0.0,1153.9844122797947,1853.259945398009
2023-05-03 13:00:00,16.4,2.114682924825548e-13,0.0,1385.2085056000456,1973.647526194009
2023-05-03 14:00:00,16.4,1.3435298079319623e-13,0.0,1238.0832979907877,1500.8680484353258
2023-05-03 15:00:00,16.7,2.076472839340714e-14,0.0,1091.6522348295953,1223.8471478573142
2023-05-03 16:00:00,15.3,4.57935825591568e-14,0.0,749.1628008386339,872.3595754031113
2023-05-03 17:00:00,15.4,1.5881373410354515e-13,0.0,869.9233998274638,1168.388337073218
2023-05-03 18:00:00,14.4,1.2056789881759384e-13,0.0,887.2985354356761,762.0486018501504
2023-05-03 19:00:00,12.6,1.5348831166330925e-14,0.0,159.39427562857304,177.10795361734512
2023-05-03 20:00:00,11.3,8.365815391689374e-16,0.0,95.32433096298014,77.09857746546233
2023-05-03 21:00:00,10.2,1.753859788307021e-14,99.29719574270408,63.707848712049085,55.63998919708973
2023-05-03 22:00:00,9.2,3.555471541467983e-15,185.64497402833877,17.65492069807891,11.25948018200419
2023-05-03 23:00:00,8.5,128.31264955746968,272.4730285218791,6.448323041697533,5.866987920873361
2023-05-04 00:00:00,8.0,246.18550727572458,290.2975726577651,4.534062782531898e-14,0.0
2023-05-04 01:00:00,8.6,326.45772654077183,291.29246804018055,4.9811110425252996e-14,0.0
2023-05-04 02:00:00,7.9,419.12702398310967,304.41644719184507,1.3054459831189229e-13,0.0
2023-05-04 03:00:00,7.4,532.096985022035,359.2085505528686,0.0,0.0
2023-05-04 04:00:00,7.0,601.4969376360661,368.6822758844904,1.1293850778780655e-14,0.0
2023-05-04 05:00:00,6.5,513.2114941142868,523.2176724075288,1.32492555107588e-13,0.0
2023-05-04 06:00:00,7.8,3.555471541467983e-15,224.9723557452339,25.471695931017436,27.024128371806146
2023-05-04 07:00:00,9.6,2.1173656032628093e-14,0.0,170.79457188039618,182.27144812498955
2023-05-04 08:00:00,11.6,6.199935299379161e-14,0.0,554.2180040935446,862.4599711212627
2023-05-04 09:00:00,13.2,1.1323076876755699e-13,0.0,1253.0946585119275,1522.527283749724
2023-05-04 10:00:00,14.8,3.055530018312798e-13,0.0,1502.7329678958044,1909.4458761547576
2023-05-04 11:00:00,15.9,4.579863298602853e-13,0.0,1648.3189724795593,1906.0850891783914
2023-05-04 12:00:00,16.6,1.7665674014345072e-13,0.0,1933.221227511423,1951.0285797448992
2023-05-04 13:00:00,17.4,5.688754466348776e-14,0.0,2415.6788932198515,2122.3295228822863
2023-05-04 14:00:00,17.8,6.186478635822595e-13,0.0,2771.8636184065194,2446.8221511520433
2023-05-04 15:00:00,17.9,4.851937433039608e-13,0.0,2865.225567672209,2509.16173766127
2023-05-04 16:00:00,17.7,4.2730718094830865e-13,0.0,2649.2819467505133,2122.437943912293
2023-05-04 17:00:00,17.2,2.4897727772652004e-13,0.0,2293.89859965266,1673.3816221530399
2023-05-04 18:00:00,15.8,2.0937095128112676e-13,0.0,1918.6932465853235,1074.2768261559831
2023-05-04 19:00:00,12.5,9.16494440940424e-15,0.0,231.55310139827026,174.23091504840832
2023-05-04 20:00:00,10.9,8.9374540259817e-15,0.0,128.394094699748,79.26965656253647
2023-05-04 21:00:00,10.4,1.254872308753406e-15,76.86198213537895,102.13358407117877,58.04751123495702
2023-05-04 22:00:00,9.6,1.0692557797502979e-14,126.18789474900835,51.785613924692804,11.62239768872108
2023-05-04 23:00:00,12.1,3.555471541467983e-15,0.0,31.513181308762277,23.891709248162414
2023-05-05 00:00:00,11.7,3.555471541467983e-15,0.0,12.745366256177318,8.340838442107646
2023-05-05 01:00:00,13.1,0.0,0.0,10.425371826715127,10.624018420215906
2023-05-05 02:00:00,11.8,1.7777357707339916e-15,0.0,7.465685677985517,7.258329243199632
2023-05-05 03:00:00,7.3,113.69956203521858,338.4748649532418,2.2082092517931333e-14,0.0
2023-05-05 04:00:00,8.2,184.49208487847685,321.131742097643,0.0,0.0
2023-05-05 05:00:00,6.5,251.8132599471832,556.0890047124967,0.2501001495070438,0.0
2023-05-05 06:00:00,8.4,5.213827400067122e-15,238.3573792476119,45.280501733354896,22.6757517540482
2023-05-05 07:00:00,10.5,8.996408062860914e-16,0.0,216.68989410921327,102.16497349050871
2023-05-05 08:00:00,12.7,8.439826689569565e-14,0.0,1033.0792720246359,449.6375679701731
2023-05-05 09:00:00,14.8,1.5724030252239016e-13,0.0,1880.5747864143127,1203.7654818629767
2023-05-05 10:00:00,16.8,9.88916838421096e-15,0.0,2221.021041506501,1753.858082883452
2023-05-05 11:00:00,18.4,2.5517084687387323e-13,0.0,2307.774929697064,2016.079870217647
2023-05-05 12:00:00,19.4,8.405793126579316e-14,0.0,2539.3044518519305,2360.293829001239
2023-05-05 13:00:00,20.5,4.349988509538246e-13,0.0,3049.313334260654,2547.2449307915144
2023-05-05 14:00:00,21.1,2.919299303285891e-13,0.0,3266.6779511236628,2397.1755988592286
2023-05-05 15:00:00,21.2,2.18186196930265e-13,0.0,3231.0790705766985,2354.3885200381965
2023-05-05 16:00:00,21.1,1.0373611085694827e-13,0.0,2969.274652705019,2537.6046867419122
2023-05-05 17:00:00,20.6,3.8520288459241997e-13,0.0,2866.347961600548,2575.395662557245
2023-05-05 18:00:00,19.1,2.2575245762415556e-13,0.0,2338.1714727431413,2289.697092223505
2023-05-05 19:00:00,15.4,1.0400175428398457e-13,0.0,548.3730338749559,589.5002697857446
2023-05-05 20:00:00,14.5,1.5401853431717197e-14,0.0,239.24390765890598,193.9652188400239
2023-05-05 21:00:00,14.7,8.328362870235302e-15,0.0,172.56003081668234,152.82904915825299
2023-05-05 22:00:00,13.8,3.063517051689107e-14,0.0,95.47019647767118,53.00892668348649
2023-05-05 23:00:00,12.8,3.6600442338641005e-15,0.0,54.54698724859652,27.034499008965795
2023-05-06 00:00:00,11.8,0.0,0.0,28.14015833101714,10.372949560470754
2023-05-06 01:00:00,11.6,5.333207312201975e-15,0.0,12.015281970631117,6.4449171680722595
2023-05-06 02:00:00,10.9,3.555471541467983e-15,92.94737403082303,8.515230781444552,5.292576794789848
2023-05-06 03:00:00,11.4,1.7777357707339916e-15,13.826633534929558,6.93535593607036,5.59114451343111
2023-05-06 04:00:00,11.3,0.0,15.793738970549338,6.017028055809449,5.59114451343111
2023-05-06 05:00:00,12.0,1.7777357707339916e-15,0.0,13.247761154150195,11.976918398521896
2023-05-06 06:00:00,13.4,0.0,0.0,48.72749227536073,80.32006107055335
2023-05-06 07:00:00,14.4,2.0914538479223437e-16,0.0,63.69874402704653,92.68717995741201
2023-05-06 08:00:00,17.0,6.907893491101085e-14,0.0,616.2343119805479,965.7423373480485
2023-05-06 09:00:00,18.9,5.3322816411677235e-14,0.0,1684.7195267008037,1973.41347110162
2023-05-06 10:00:00,20.1,2.275009514254855e-13,0.0,2110.5825100821294,2251.147435061614
2023-05-06 11:00:00,20.1,2.760853853530967e-13,0.0,2166.5904992338374,2433.2888815960955
2023-05-06 12:00:00,19.5,1.100668640229384e-13,0.0,1679.5708370769885,1958.3950386170643
2023-05-06 13:00:00,17.1,2.468546843907333e-13,0.0,2255.054941114451,1886.8504052206715
2023-05-06 14:00:00,17.7,9.764312456694587e-14,0.0,1542.6617826462543,692.7620900702889
2023-05-06 15:00:00,19.1,4.981792705817646e-13,0.0,2796.2198813298332,2185.6199513217775
2023-05-06 16:00:00,19.6,5.543674177247202e-13,0.0,2649.8508563882115,2224.731965025425
2023-05-06 17:00:00,19.4,2.1801113471009003e-13,0.0,2256.565592905546,2396.5424180386954
2023-05-06 18:00:00,15.7,1.5702821346084504e-13,0.0,1364.0649150093618,728.4765518126392
2023-05-06 19:00:00,14.2,5.964551865564878e-14,0.0,393.0642024277365,287.13109452057853
2023-05-06 20:00:00,14.1,7.475558999771001e-14,0.0,178.59057242420891,161.41180302757505
2023-05-06 21:00:00,13.8,2.3524227433955097e-14,0.0,133.6969659712886,129.43709686458806
2023-05-06 22:00:00,13.6,2.201023757179703e-14,0.0,73.93598181576357,51.84811915365387
2023-05-06 23:00:00,13.2,3.4758849333780806e-15,0.0,37.48104710906172,28.725518806653806
2023-05-07 00:00:00,12.3,3.515678237423032e-15,0.0,18.150238868476638,12.713043678488875
2023-05-07 01:00:00,13.2,0.0,0.0,11.56954698651857,10.624018420215906
2023-05-07 02:00:00,12.8,1.7777357707339916e-15,0.0,8.640976121507387,9.099976906210092
2023-05-07 03:00:00,12.3,8.888678853669958e-16,0.0,5.7996829255638405,8.875721880352263
2023-05-07 04:00:00,11.5,0.0,0.0,3.1995687656762195,5.59114451343111
2023-05-07 05:00:00,11.4,2.6666036561009876e-15,83.69746201101066,5.936545319971285,7.637258355622067
2023-05-07 06:00:00,12.0,6.971512826407813e-17,0.0,56.65990209807413,69.25990358913558
2023-05-07 07:00:00,12.8,2.9126883668967904e-14,0.0,171.8252511186595,147.48291099314076
2023-05-07 08:00:00,14.3,7.992493188654832e-14,0.0,938.760823742507,819.0953764151259
2023-05-07 09:00:00,15.5,5.978444056271465e-14,0.0,1596.5356820574011,1643.9232197849342
2023-05-07 10:00:00,16.4,1.6102343286933541e-13,0.0,1764.4329451208446,1649.2427287802404
2023-05-07 11:00:00,17.2,2.610891966237846e-13,0.0,1923.2140341773597,1578.8731912813673
2023-05-07 12:00:00,17.2,1.245260913847141e-13,0.0,1779.853934092889,1512.6725686257569
2023-05-07 13:00:00,17.8,2.362661184859903e-13,0.0,1940.511176672517,1737.0601195615704
2023-05-07 14:00:00,18.1,9.841700145030206e-14,0.0,2166.0143698702036,1970.1229078521067
2023-05-07 15:00:00,17.6,1.7665674014345072e-13,0.0,2089.579589203226,1751.4147784767542
2023-05-07 16:00:00,17.1,4.646789821736368e-13,0.0,1937.21089496323,1318.8478102160325
2023-05-07 17:00:00,15.1,7.863866468188013e-14,0.0,1673.429673972119,1073.4945224696748
2023-05-07 18:00:00,13.0,2.736252936441393e-13,0.0,1428.8364405196585,632.034683383884
2023-05-07 19:00:00,11.1,4.350224003678475e-14,0.0,232.224756235512,116.5269666123952
2023-05-07 20:00:00,9.8,0.0,97.61305654004941,116.99854500541512,56.93163882095672
2023-05-07 21:00:00,8.8,2.8543716668968724e-14,199.77176099051383,86.88214065111323,46.08012517947711
2023-05-07 22:00:00,8.1,7.031356474846064e-15,265.78618523554377,45.951326968009134,22.539700419347696
2023-05-07 23:00:00,7.5,0.0,298.01896068979715,13.054845819201837,5.89307995053551
2023-05-08 00:00:00,7.0,4.070126392181591,492.8343829692225,10.367349323715615,0.0
2023-05-08 01:00:00,7.3,112.47729256734152,497.55091304570624,4.35065570610719,0.0
2023-05-08 02:00:00,6.5,235.18542286667233,506.27957861264844,8.832837007172533e-14,0.0
2023-05-08 03:00:00,6.1,406.7170448790879,729.6842559258623,3.0922377461386294e-14,0.0
2023-05-08 04:00:00,5.5,453.03613195815626,888.3460863518997,3.0922377461386294e-14,0.0
2023-05-08 05:00:00,5.3,456.26267346276086,1078.230180065219,9.814263341302817e-15,0.0
2023-05-08 06:00:00,6.2,0.0,294.34269621059263,10.289070349032231,0.0
2023-05-08 07:00:00,7.3,0.0,0.0,124.72817577536681,106.07341629015019
2023-05-08 08:00:00,8.9,7.072619105260796e-14,0.0,493.1997442626639,203.5687034474831
2023-05-08 09:00:00,11.0,1.138095981716767e-13,0.0,1253.0760260918828,971.5882489842752
2023-05-08 10:00:00,12.9,3.9756477075276754e-13,0.0,1865.1581573709725,1250.0972867343608
2023-05-08 11:00:00,13.7,1.5735266008675237e-13,0.0,1791.9324416337017,806.578303029453
2023-05-08 12:00:00,14.8,5.561415893404929e-14,0.0,2001.1086918288072,1005.9952994285603
2023-05-08 13:00:00,14.8,2.0077956940054494e-14,0.0,2488.3769216096593,1230.5463428912667
2023-05-08 14:00:00,15.4,2.8863410844063074e-13,0.0,2941.006786857179,1614.3214784723373
2023-05-08 15:00:00,15.8,2.2290606599364604e-13,0.0,2930.1271223419344,1294.5443097364748
2023-05-08 16:00:00,16.0,3.000466298173633e-13,0.0,2347.4462013679904,1400.1066257853663
2023-05-08 17:00:00,16.2,1.6382017159129548e-13,0.0,2001.6177890792683,1319.751985631349
2023-05-08 18:00:00,15.6,3.274913844569426e-13,0.0,1645.0004465671107,1036.5517774411737
2023-05-08 19:00:00,12.7,9.478662486592591e-15,0.0,263.4810872922286,184.41117397645283
2023-05-08 20:00:00,10.8,1.4630813805092885e-14,0.0,137.24812600087904,86.87153785927802
2023-05-08 21:00:00,9.8,8.206642175509566e-15,0.0,105.88502974524158,56.511857134468855
2023-05-08 22:00:00,8.8,7.110943082935968e-15,0.0,62.63506015013529,42.799340576691485
2023-05-08 23:00:00,7.9,0.0,275.7716561831804,14.51459783138472,7.025708851171934
2023-05-09 00:00:00,8.3,0.0,417.04349324441154,8.511062394283654,0.0
2023-05-09 01:00:00,7.1,73.9740730356188,510.7665929365004,2.8806812057418987,0.0
2023-05-09 02:00:00,6.8,167.2224989601722,506.13602173702367,0.0,0.0
2023-05-09 03:00:00,7.2,190.83445040345836,491.06768835246106,2.2082092517931333e-14,0.0
2023-05-09 04:00:00,7.8,267.5551970485818,447.06958516256714,4.907131670651407e-15,0.0
2023-05-09 05:00:00,7.8,191.01860785076883,461.8843229309638,2.430216558219774,0.0
2023-05-09 06:00:00,8.2,8.689712333445199e-16,35.68494483192724,52.30028613580728,44.02073190145403
2023-05-09 07:00:00,9.4,1.8119445955355225e-15,0.0,206.35554428387985,169.230349740927
2023-05-09 08:00:00,10.8,6.327752670843283e-14,0.0,607.3915995984108,619.7566625706879
2023-05-09 09:00:00,12.4,2.6979754638198238e-14,0.0,1234.4940638278854,1152.2726379436504
2023-05-09 10:00:00,13.7,2.8574983860858315e-13,0.0,1486.2588660977783,1402.2767481658889
2023-05-09 11:00:00,14.9,4.350224003678475e-14,0.0,1581.549505407098,1421.1936048932014
2023-05-09 12:00:00,15.9,6.869984338911971e-14,0.0,1711.4078745369577,1057.1091984644818
2023-05-09 13:00:00,16.2,1.9757127862267416e-13,0.0,1916.18965880231,1156.00638620688
2023-05-09 14:00:00,16.4,1.3733698212242667e-13,0.0,1546.5380976552935,1142.788426527647
2023-05-09 15:00:00,16.2,1.2262821317765174e-13,0.0,1043.7393979719122,802.3837614460472
2023-05-09 16:00:00,15.9,5.085683734921416e-14,0.0,951.2850825273697,918.3457374133435
2023-05-09 17:00:00,16.0,1.658182069756246e-14,0.0,1232.7396507462568,1109.17715194488
2023-05-09 18:00:00,15.2,1.3967209019984246e-13,0.0,1092.7324749414718,1075.1981087023862
2023-05-09 19:00:00,13.6,4.9820367135595524e-15,0.0,209.87789839765367,220.7299523534174
2023-05-09 20:00:00,12.4,2.2004412220325082e-14,0.0,123.45602368433238,102.92606924157013
2023-05-09 21:00:00,11.7,1.4640176935456402e-14,0.0,96.12227661395079,81.06525431666506
2023-05-09 22:00:00,11.7,7.110943082935968e-15,0.0,50.10949969488544,32.483462629751166
2023-05-09 23:00:00,11.6,3.555471541467983e-15,0.0,18.816080018037006,19.34571179497413
2023-05-10 00:00:00,10.8,1.7777357707339916e-15,117.34595456074369,8.763592611081325,7.37967446110311
2023-05-10 01:00:00,10.3,51.51467212613193,165.7072703704025,4.406232493545354,0.0
2023-05-10 02:00:00,9.4,154.84501977554908,327.2381414523695,0.5407619650575545,0.0
2023-05-10 03:00:00,9.2,198.54916121534353,347.3566195965499,7.825396060277192e-16,0.0
2023-05-10 04:00:00,8.7,310.3959963700888,443.7423143173542,1.6200982449432062e-14,0.0
2023-05-10 05:00:00,8.5,182.19728659836062,456.6769731746932,2.9366376687241558,0.0
2023-05-10 06:00:00,9.8,1.8407569116414728e-14,0.0,67.45616708951185,72.35089682838446
2023-05-10 07:00:00,11.5,9.798793231493704e-16,0.0,214.54497638865212,207.99223461573666
2023-05-10 08:00:00,13.4,1.937487982358144e-14,0.0,751.9921853573613,973.3307002793348
2023-05-10 09:00:00,15.1,1.2505379604190793e-13,0.0,1288.0068789971306,1523.5061906881228
2023-05-10 10:00:00,16.1,1.5871357692627833e-13,0.0,1451.0497672309452,1591.6570960150848
2023-05-10 11:00:00,17.0,4.5175403115122635e-14,0.0,1589.3168974800187,1925.3853457228452
2023-05-10 12:00:00,17.6,3.7246732457769946e-13,0.0,1706.58378749879,1932.9569220509252
2023-05-10 13:00:00,18.2,1.7410911732440586e-13,0.0,2064.5871479308703,2293.076305782214
2023-05-10 14:00:00,18.4,2.4927689789815264e-13,0.0,2184.1424507384895,2314.4126995429483
2023-05-10 15:00:00,17.8,1.9323856084101317e-13,0.0,1673.9162744532164,1857.636286154396
2023-05-10 16:00:00,17.6,3.8343041569698304e-13,0.0,1455.2700999074077,1152.028701321446
2023-05-10 17:00:00,17.2,7.606664108864453e-14,0.0,1239.831000280081,1096.7093560265182
2023-05-10 18:00:00,16.4,5.933501030526577e-14,0.0,1015.1364033677119,1214.851402392234
2023-05-10 19:00:00,15.4,6.308721400438862e-14,0.0,295.02695267350447,339.0265691116397
2023-05-10 20:00:00,13.4,3.687207953920402e-14,0.0,150.41762795440985,141.6506439518408
2023-05-10 21:00:00,11.8,2.0855309600268488e-14,0.0,105.99247709701851,81.06487706890921
2023-05-10 22:00:00,11.6,7.110943082935968e-15,0.0,58.79237414281566,31.294750432581168
2023-05-10 23:00:00,10.8,4.424442774812503e-15,0.0,20.750737848348095,9.163967168134166
2023-05-11 00:00:00,10.3,0.0,129.18126390651167,10.201043820279128,0.0
2023-05-11 01:00:00,12.6,1.7777357707339916e-15,0.0,9.2957308947957,11.108714099844962
2023-05-11 02:00:00,12.4,3.555471541467983e-15,0.0,7.213989253400306,10.229017645681484
2023-05-11 03:00:00,11.6,0.0,0.0,4.34718461541082,6.2252474858971745
2023-05-11 04:00:00,11.8,34.79739264514908,33.09727323135067,3.954610873810315,7.233778800967386
2023-05-11 05:00:00,11.5,9.01204237160392,42.86825821065578,10.969408829718004,14.828087951445701
2023-05-11 06:00:00,11.8,7.128371865001987e-15,0.0,63.075819761650564,70.94406955703738
2023-05-11 07:00:00,12.8,2.4356803623849178e-14,0.0,178.79900657486178,144.00044848196046
2023-05-11 08:00:00,14.3,9.110343885620549e-14,0.0,628.5334146995765,549.730983977877
2023-05-11 09:00:00,15.7,8.855308520044979e-14,0.0,1102.5125201674475,893.8665574703443
2023-05-11 10:00:00,16.9,1.3054459831189229e-13,0.0,1242.172306680725,1381.9258147789405
2023-05-11 11:00:00,17.9,1.3130627480815306e-13,0.0,1521.063632057805,2074.689481490066
2023-05-11 12:00:00,17.9,6.351791800111046e-14,0.0,1359.67918939969,2002.5891253519094
2023-05-11 13:00:00,18.5,9.814263341302817e-14,0.0,1516.8649103611333,2118.048669914978
2023-05-11 14:00:00,18.4,1.1509897932513133e-13,0.0,1562.7384793128133,1864.1623818398305
2023-05-11 15:00:00,17.9,1.8966120652202328e-13,0.0,857.464585221069,697.2375767291342
2023-05-11 16:00:00,18.4,1.2681112087349646e-13,0.0,1040.6568793918714,1342.368484083953
2023-05-11 17:00:00,17.7,7.967513489549877e-14,0.0,663.0101782403368,629.3801424183513
2023-05-11 18:00:00,16.9,1.5249245048793952e-13,0.0,512.5196922087212,511.32093356164086
2023-05-11 19:00:00,15.8,1.167468902691105e-14,0.0,221.80656291952076,298.25935040349106
2023-05-11 20:00:00,13.5,8.178552784419014e-16,0.0,127.28824914354222,137.92393143073383
2023-05-11 21:00:00,13.2,2.7807079467024645e-14,0.0,98.43770663232628,107.07189755357199
2023-05-11 22:00:00,12.6,1.0741372877322593e-14,0.0,53.60803576420972,40.12015530723867
2023-05-11 23:00:00,12.5,7.110943082935968e-15,0.0,22.71696781599597,26.849919185434445
2023-05-12 00:00:00,12.2,0.0,0.0,9.828969531077624,13.716411155798086
2023-05-12 01:00:00,11.1,8.888678853669958e-16,66.21678845052685,5.105113729385812,0.0
2023-05-12 02:00:00,11.0,6.128886267519627,105.97430732575785,2.6606090805487104,0.0
2023-05-12 03:00:00,10.8,71.24664383600062,121.64016402307975,0.6508962695766204,0.0
2023-05-12 04:00:00,10.7,95.30219385011347,176.91586063112715,0.031627509926206186,0.0
2023-05-12 05:00:00,10.6,91.8980626530883,223.56902835092663,4.633878114593857,6.469887227544085
2023-05-12 06:00:00,10.6,48.68411414372762,244.42764358459533,12.552404749973244,22.527663579325818
2023-05-12 07:00:00,10.8,18.838820651656818,183.85058843389032,13.680420654133028,23.069791273418517
2023-05-12 08:00:00,11.1,0.0,86.27734363210637,15.294535938425533,27.89398245894175
2023-05-12 09:00:00,11.2,1.6293210625209754e-16,0.0,16.768776222939955,27.93041785618835
2023-05-12 10:00:00,11.6,2.109406942453819e-14,0.0,43.53757328809586,63.9792650675807
2023-05-12 11:00:00,11.6,1.7618184491160113e-14,0.0,55.58537386295697,72.14016723046316
2023-05-12 12:00:00,11.4,0.0,0.0,56.69790894581644,66.09049469570235
2023-05-12 13:00:00,12.1,7.137086256034997e-15,0.0,58.327010201397016,75.30404115038289
2023-05-12 14:00:00,11.8,7.031356474846064e-15,0.0,58.63719736380221,49.07228071869697
2023-05-12 15:00:00,11.2,0.0,0.0,40.02497730952715,40.77198247477737
2023-05-12 16:00:00,11.3,3.555471541467983e-15,0.0,34.35530863061663,43.115365821291384
2023-05-12 17:00:00,11.2,3.555471541467983e-15,0.0,45.711038117175484,75.91708268476512
2023-05-12 18:00:00,10.8,1.406271294969213e-14,0.0,77.36753568871325,99.42599095291557
2023-05-12 19:00:00,10.8,1.406271294969213e-14,0.0,56.22546715809876,89.11676485041795
2023-05-12 20:00:00,10.5,100.87452453630958,0.0,30.51045384638657,86.87153785927802
2023-05-12 21:00:00,10.2,154.14841586494015,0.0,17.19277032139808,65.42583877192973
2023-05-12 22:00:00,10.1,278.76677721861296,0.0,6.2127923700151335,13.049443054194839
2023-05-12 23:00:00,10.0,442.5470882938153,88.38775771010773,6.675188659342398e-14,8.07165980956583
2023-05-13 00:00:00,9.9,506.1822933713453,225.35754933124318,0.0,0.0
2023-05-13 01:00:00,9.8,561.4885357742234,234.80844507224043,4.2216228240166954e-14,0.0
2023-05-13 02:00:00,9.8,601.6443383889628,242.30845575394676,8.863506580114105e-14,0.0
2023-05-13 03:00:00,9.8,642.2312890749344,242.72258985690638,2.4660429144756624e-14,0.0
2023-05-13 04:00:00,9.8,658.2689744998371,242.02324108101988,1.3054459831189229e-13,0.0
2023-05-13 05:00:00,9.8,591.3168588668548,307.0012306150066,1.5142799730325133e-13,0.0
2023-05-13 06:00:00,10.1,425.86858727193624,278.81810072443034,4.4164185035862666e-14,16.854399109657436
2023-05-13 07:00:00,10.4,282.68498273506594,189.42066973145415,4.00600661165407,21.970025395536986
2023-05-13 08:00:00,11.2,31.553978705557242,0.0,15.481542567881702,62.759015989569384
2023-05-13 09:00:00,12.0,1.066641462440395e-14,0.0,25.903168083982074,77.52359776617908
2023-05-13 10:00:00,12.6,1.7379424666890404e-14,0.0,63.465513956392016,104.6431455229492
2023-05-13 11:00:00,13.3,7.110943082935968e-15,0.0,93.75713969336424,154.6898894329032
2023-05-13 12:00:00,13.8,6.951769866756161e-15,0.0,107.34202832442334,163.6548443451739
2023-05-13 13:00:00,13.6,8.365815391689374e-16,0.0,119.62675367100577,324.1884217753614
2023-05-13 14:00:00,13.3,2.175112001839237e-14,0.0,129.7659129526529,381.05818280080376
2023-05-13 15:00:00,13.1,6.9779130398551904e-15,0.0,74.2905963831808,76.43991407111466
2023-05-13 16:00:00,13.4,2.1014482816448287e-14,0.0,85.8522479889696,108.38826595320351
2023-05-13 17:00:00,13.2,0.0,0.0,73.59216579385924,116.87900276896723
2023-05-13 18:00:00,13.0,1.4221886165871933e-14,0.0,122.12955927493589,254.15460185892687
2023-05-13 19:00:00,12.6,2.8125425899384252e-14,0.0,78.98452395128919,129.71424243750954
2023-05-13 20:00:00,12.0,1.7697771099250014e-14,0.0,47.92171233899463,101.05142109138251
2023-05-13 21:00:00,11.6,43.80067886603633,0.0,30.806178021349254,80.85748891169328
2023-05-13 22:00:00,10.9,210.59675013505807,0.0,10.160657114020003,17.289486860282782
2023-05-13 23:00:00,10.4,360.04109610168985,66.2216431418212,1.6267317688561695,8.133396932048068
2023-05-14 00:00:00,10.9,396.6324609769504,291.5811335263507,3.240196489886413e-14,0.0
2023-05-14 01:00:00,10.2,562.9117414399954,364.8878461204038,1.3054459831189229e-13,0.0
2023-05-14 02:00:00,9.2,620.4188988419439,507.30834447919926,0.0,0.0
2023-05-14 03:00:00,9.8,616.2527871107106,397.6622481345061,0.0,0.0
2023-05-14 04:00:00,10.0,630.0592270865094,393.2958207532241,0.0,0.0
2023-05-14 05:00:00,10.0,586.5188059435884,423.07038951389916,6.716081423264493e-14,0.0
2023-05-14 06:00:00,10.1,378.5865507563965,361.2799414515373,9.814263341302817e-15,16.891927076226565
2023-05-14 07:00:00,10.4,212.09491800965648,276.5300079090024,13.074379637442453,23.59300727705426
2023-05-14 08:00:00,10.6,60.13410072103905,217.67829665370306,17.93164376686282,30.04936858626678
2023-05-14 09:00:00,11.0,1.066641462440395e-14,109.25745700558272,24.554080519550126,36.043893256481034
2023-05-14 10:00:00,11.4,1.753859788307021e-14,31.19082628686474,54.53394351258687,38.07707653770054
2023-05-14 11:00:00,11.6,1.4221886165871933e-14,26.765168866929578,65.33989387111603,75.36793270642255
2023-05-14 12:00:00,11.7,1.0427654800134241e-14,0.0,65.20018173290583,75.3903053700414
2023-05-14 13:00:00,11.4,7.110943082935968e-15,0.0,57.5929813483465,81.60182886636363
2023-05-14 14:00:00,11.7,6.951769866756161e-15,0.0,54.0751581829373,76.1460405758576
2023-05-14 15:00:00,12.1,2.1173656032628093e-14,0.0,55.68718718834624,80.72218460801919
2023-05-14 16:00:00,11.9,0.0,0.0,51.168946733109834,86.23335842827244
2023-05-14 17:00:00,12.1,3.555471541467983e-15,0.0,50.48563106859973,91.86131236686319
2023-05-14 18:00:00,11.8,2.1014482816448287e-14,53.35662686703133,66.35768141999839,78.80800459884946
2023-05-14 19:00:00,11.8,71.8759475743945,0.0,48.77793950549634,78.90914666354668
2023-05-14 20:00:00,11.4,176.70286375918835,0.0,20.574784446783546,76.04538010037153
2023-05-14 21:00:00,11.2,249.05923216031363,122.3464562791432,17.69539403826214,64.06409197588292
2023-05-14 22:00:00,11.2,382.68906676344534,122.73808279488313,9.304131961605831,57.59000088090801
2023-05-14 23:00:00,11.2,507.55711480004953,165.4533259767639,0.12821858816839551,13.780848735125195
2023-05-15 00:00:00,11.2,587.9019918849322,154.69559271267468,2.2895726885816095e-05,10.100452680926688
2023-05-15 01:00:00,11.1,643.6731174862623,201.07318880871728,5.888558004781689e-14,7.518401446770656
2023-05-15 02:00:00,11.0,677.4001781983717,201.98862024451984,1.330543429293991e-13,5.708789625407208
2023-05-15 03:00:00,10.9,708.4879812842225,198.085292898338,9.026980099378944e-14,5.0335328853602075
2023-05-15 04:00:00,10.9,708.4934603177701,189.65746796494548,4.42765426002249e-14,0.0
2023-05-15 05:00:00,10.8,584.4245068927438,176.09187313311773,0.0,7.979843026315524
2023-05-15 06:00:00,11.3,164.76741101667355,34.08028888881122,13.452059050864348,32.251383489788616
2023-05-15 07:00:00,11.8,62.4083273128134,25.528638769884658,21.97115089801797,69.4477753308122
2023-05-15 08:00:00,12.4,0.0,0.0,47.41137731323318,119.92775817675376
2023-05-15 09:00:00,13.7,1.5685903859417576e-16,0.0,137.71897744702233,703.3342818206143
2023-05-15 10:00:00,14.9,1.556550555188363e-14,0.0,215.80188462049153,1451.7828900536965
2023-05-15 11:00:00,15.9,9.06196061740764e-14,0.0,562.6823360633969,1735.18135701644
2023-05-15 12:00:00,16.6,8.832837007172533e-14,0.0,885.1262654921968,1765.4663714946503
2023-05-15 13:00:00,16.2,1.700886457815568e-13,0.0,1078.3844321291115,2069.0007948390394
2023-05-15 14:00:00,16.6,2.0250323674760027e-13,0.0,1194.507828072568,2289.8065103922777
2023-05-15 15:00:00,16.9,6.823147403090184e-14,0.0,1112.731138137344,1611.9549039045692
2023-05-15 16:00:00,17.2,6.692652313351499e-15,0.0,1257.2398291888317,1877.5736473656434
2023-05-15 17:00:00,16.8,2.4599327639728967e-13,0.0,1198.1738131957484,1660.3238992368429
2023-05-15 18:00:00,15.5,1.0943648419180883e-13,0.0,809.3174204424045,1322.9107140517924
2023-05-15 19:00:00,14.4,2.29123610235106e-15,0.0,166.66959378944594,316.2149951285342
2023-05-15 20:00:00,12.9,2.844377233174388e-14,0.0,106.4466242751663,96.34598901374544
2023-05-15 21:00:00,12.5,2.1014482816448287e-14,46.89483689346907,86.38423934850596,89.13232056547353
2023-05-15 22:00:00,12.2,1.777735770733992e-14,40.80762990723969,45.63361788719071,52.12188600442383
2023-05-15 23:00:00,11.9,0.0,68.38656754275877,16.66973002966328,26.555707808278214
2023-05-16 00:00:00,11.8,11.363698899283536,67.8833751333238,10.40028035025866,11.155132148350491
2023-05-16 01:00:00,12.7,47.40102241504173,0.0,8.334304287930117,11.5651066359984
2023-05-16 02:00:00,12.2,83.29564648453689,39.76386627750527,5.325671478456837,9.712817829093803
2023-05-16 03:00:00,11.7,129.8742324429178,81.84011603597504,3.1137108664712128,6.739666311435539
2023-05-16 04:00:00,11.3,176.11041071135858,140.75120827847508,2.5030083928452673,6.120947712270166
2023-05-16 05:00:00,11.2,119.36573703147492,135.67037865686163,9.79071641771953,9.863061606810012
2023-05-16 06:00:00,11.8,0.0,0.0,57.369184991385765,78.61491393078308
2023-05-16 07:00:00,12.6,4.1829076958446875e-16,47.7053783750673,98.39082597768135,85.84786665312703
2023-05-16 08:00:00,13.4,0.0,0.0,118.9499433833085,111.68524299188144
2023-05-16 09:00:00,13.9,2.948024254536252e-14,0.0,132.58726165950623,107.19466577340259
2023-05-16 10:00:00,14.6,1.7925695954779782e-15,0.0,166.06887496502068,160.86578767460492
2023-05-16 11:00:00,14.4,2.3087210403643594e-14,0.0,171.28444644627476,175.33188944683835
2023-05-16 12:00:00,14.9,2.6239960919459306e-14,0.0,198.94204023726348,264.78116924245694
2023-05-16 13:00:00,13.2,6.692652313351499e-15,0.0,342.46487123637627,158.1026748460575
2023-05-16 14:00:00,13.3,0.0,0.0,112.87761636010131,98.82683549571107
2023-05-16 15:00:00,13.8,0.0,0.0,96.66316504388482,122.98493818754832
2023-05-16 16:00:00,13.5,8.365815391689374e-16,0.0,82.85409890027455,107.97011752126781
2023-05-16 17:00:00,13.6,1.4221886165871933e-14,0.0,83.44906780142819,124.00158672788457
2023-05-16 18:00:00,13.2,2.1851064355617225e-14,0.0,105.65631075427405,109.2709858468086
2023-05-16 19:00:00,13.1,8.206642175509566e-15,0.0,90.2839973812815,107.16471546084091
2023-05-16 20:00:00,13.0,7.579206021132864e-15,0.0,65.9638379671085,97.65583831141237
2023-05-16 21:00:00,12.9,3.555471541467983e-15,43.9122179099736,53.682634820234554,94.85279585581185
2023-05-16 22:00:00,12.9,4.3448561667226007e-16,43.9122179099736,20.201588310976803,56.82328723372567
2023-05-16 23:00:00,12.8,73.50055458533564,43.371646689674165,7.938791853087893,36.15874202398085
2023-05-17 00:00:00,12.2,150.71606810668052,0.0,2.531392680155267,13.802156486438912
2023-05-17 01:00:00,11.2,249.2169278537587,154.69559271267468,4.4164185035862666e-14,7.518401446770656
2023-05-17 02:00:00,10.8,343.2858997346541,200.16107285530504,6.527229915594614e-14,5.460768901855238
2023-05-17 03:00:00,10.4,400.0472326768175,268.1215587472402,2.110811412008347e-14,0.0
2023-05-17 04:00:00,10.2,436.17545528569036,283.6827524216544,0.0,0.0
2023-05-17 05:00:00,10.2,361.2694506262899,275.3308968137756,5.646925389390329e-15,0.0
2023-05-17 06:00:00,9.8,248.81224230515198,416.2196195653778,10.600320467287911,22.281108365069002
2023-05-17 07:00:00,9.8,190.30832689086466,399.4490506691924,14.585746148097455,22.281108365069002
2023-05-17 08:00:00,10.0,109.15676139213501,377.1481366799579,16.662008406910026,22.74868403324243
2023-05-17 09:00:00,9.6,124.33545081420465,300.328917186952,16.88840332711528,23.07662933935778
2023-05-17 10:00:00,9.5,123.16003593554164,327.1769524260014,18.04670092177282,23.7991702675644
2023-05-17 11:00:00,9.6,62.40804044294784,308.7112777888225,23.53051100477911,29.328011844375112
2023-05-17 12:00:00,9.6,75.50720897359844,322.91984107649046,32.127480787979835,29.798204248170016
2023-05-17 13:00:00,9.7,62.40905037713218,294.418758637399,27.737704429205913,31.201403517761612
2023-05-17 14:00:00,10.6,1.0427654800134241e-14,92.95817766126392,45.54100632019266,33.006359577453416
2023-05-17 15:00:00,10.7,5.213827400067122e-15,63.99246561941952,37.89243812396713,80.26253873237764
2023-05-17 16:00:00,10.5,87.38683081705501,212.36910832016227,24.64729697303032,53.07038900034813
2023-05-17 17:00:00,10.2,160.75122475352416,234.30143872142952,18.149986960320206,35.012626209600086
2023-05-17 18:00:00,10.1,143.7237117101552,362.6656323572561,31.700569948659695,36.55133989648702
2023-05-17 19:00:00,9.7,253.0334636217492,338.05975117766246,24.461128638518186,36.89338432738888
2023-05-17 20:00:00,9.4,394.5256965835806,341.5248554000905,16.82265856838336,33.51664765399589
2023-05-17 21:00:00,9.3,455.91773710490605,339.961137246617,13.843288677582283,31.655894924635483
2023-05-17 22:00:00,9.3,605.19717593212,339.961137246617,3.991747641304079,16.520792245542385
2023-05-17 23:00:00,9.3,744.2586949617364,350.12149103686386,2.363601754697095e-13,9.421739958843235
2023-05-18 00:00:00,9.3,834.8573831070838,376.7903584089596,1.3513948374373177e-13,0.0
2023-05-18 01:00:00,8.9,900.2277539412075,371.39467181067687,7.943779369959502e-14,0.0
2023-05-18 02:00:00,8.9,942.5549202398133,382.25921635370156,8.832837007172533e-14,0.0
2023-05-18 03:00:00,8.8,973.3611442319816,353.61605821716205,2.1591379350866198e-13,0.0
2023-05-18 04:00:00,8.8,976.5564981425265,351.7914417852228,2.0088015225789584e-13,0.0
2023-05-18 05:00:00,8.8,857.3471156266091,367.8153288694095,8.443245648033391e-14,0.0
2023-05-18 06:00:00,8.9,636.771808926928,403.503701793196,1.9628526682605637e-14,0.0
2023-05-18 07:00:00,9.2,506.73939221055923,402.0468654095803,5.636285572130072,21.727104489535293
2023-05-18 08:00:00,9.7,315.88221065443616,348.7957627629302,14.007407399830795,23.52582115392577
2023-05-18 09:00:00,9.8,208.34159571769248,295.1120122968239,13.064144654666098,24.67700443408118
2023-05-18 10:00:00,10.3,7.110943082935968e-15,104.26134883431749,22.65854530670959,33.36397171668168
2023-05-18 11:00:00,11.2,1.0427654800134241e-14,0.0,81.24341738639,219.19061190422906
2023-05-18 12:00:00,11.2,2.8284599115564064e-14,0.0,89.7995436831065,115.74659893275073
2023-05-18 13:00:00,11.4,3.4758849333780806e-15,0.0,69.71354223864058,98.25182366446724
2023-05-18 14:00:00,12.3,0.0,0.0,71.1016790736345,117.10668554345614
2023-05-18 15:00:00,12.6,7.110943082935968e-15,0.0,66.34673455088493,112.96906444297278
2023-05-18 16:00:00,12.8,7.110943082935968e-15,0.0,62.884060857866494,101.59197932075682
2023-05-18 17:00:00,12.6,3.4758849333780806e-15,0.0,52.2744352502129,97.03703644329833
2023-05-18 18:00:00,12.2,6.951769866756161e-15,0.0,73.9402739961022,97.58015186946432
2023-05-18 19:00:00,11.8,26.461252499707918,52.480209985621194,54.19808642114744,75.7006529408527
2023-05-18 20:00:00,11.2,164.62298693234214,145.60663031604085,23.52754462562725,33.881438562064396
2023-05-18 21:00:00,10.6,265.92093769263977,241.34039038423688,19.23977284825249,32.209898800169185
2023-05-18 22:00:00,10.2,450.17740030677953,272.4713684961518,8.125695571970487,17.07479612107687
2023-05-18 23:00:00,9.7,613.8081215358537,352.0028110467189,8.230986314454715e-14,9.421739958843235
2023-05-19 00:00:00,9.5,731.5916975977304,388.1294335224701,1.3336658916821101e-13,0.0
2023-05-19 01:00:00,8.8,820.6754148149294,350.3880281299229,2.2587701557561317e-14,0.0
2023-05-19 02:00:00,8.8,890.6875790783592,361.36401131736574,1.9628526682605637e-14,0.0
2023-05-19 03:00:00,8.3,934.8186578829382,373.03359553411315,5.0194892350136244e-15,0.0
2023-05-19 04:00:00,7.0,1032.095107799952,493.09313545183767,2.33493780538221e-14,0.0
2023-05-19 05:00:00,7.2,770.4651107984563,382.076874736588,1.577271853012931e-13,0.0
2023-05-19 06:00:00,8.4,234.70770105391213,203.78984995237113,5.5793469736171755,25.596968078910393
2023-05-19 07:00:00,9.5,56.67351384445311,267.4729291184997,16.538971765856314,26.87568351665439
2023-05-19 08:00:00,11.2,9.066128357961138e-15,0.0,55.057914199738185,102.83891741214268
2023-05-19 09:00:00,13.0,5.520523129482834e-16,0.0,183.08961011065506,812.7504566269315
2023-05-19 10:00:00,14.2,0.0,0.0,368.9360359707863,478.53343588235737
2023-05-19 11:00:00,15.3,5.5849447491940554e-14,0.0,596.1987573218192,1303.7903748304868
2023-05-19 12:00:00,15.7,1.254872308753406e-14,0.0,525.2199749695664,1189.8519248907328
2023-05-19 13:00:00,15.9,6.37930796780624e-14,0.0,503.69809869077864,1092.945920994719
2023-05-19 14:00:00,16.2,7.938814079104553e-14,0.0,527.783348504684,860.6229857679302
2023-05-19 15:00:00,17.0,8.682984353347849e-14,0.0,688.0327897827231,872.8729525385646
2023-05-19 16:00:00,17.6,1.4019642550019946e-13,0.0,797.7429432506175,1168.1999673981302
2023-05-19 17:00:00,17.6,9.447143495036115e-14,0.0,876.6083465517006,1432.1997520551413
2023-05-19 18:00:00,16.6,1.7120590839158928e-13,0.0,892.3377253220232,1423.4678856537184
2023-05-19 19:00:00,14.6,2.216941078797684e-14,0.0,142.85117514522676,395.31363227756486
2023-05-19 20:00:00,12.7,8.206642175509566e-15,0.0,87.23766000652523,100.24661818495741
2023-05-19 21:00:00,11.9,0.0,65.55822004037296,65.07931330461395,68.61119135013242
2023-05-19 22:00:00,11.5,3.555471541467983e-15,120.6299485105344,26.242962023546838,36.36640298959663
2023-05-19 23:00:00,10.2,60.02298687358429,280.39377234730125,9.972656410990437,10.01248366527758
2023-05-20 00:00:00,9.9,181.83053805044176,405.81083657619473,5.293638512706981,0.0
2023-05-20 01:00:00,10.6,219.23709532974246,255.97850204157658,2.1313653059359194,5.3457973240245495
2023-05-20 02:00:00,10.0,343.67610171284355,425.86538940179406,0.0,0.0
2023-05-20 03:00:00,9.7,420.03968599721816,392.04330287561805,1.5212108179019365e-13,0.0
2023-05-20 04:00:00,8.8,539.1596595655783,351.7914417852228,1.9628526682605637e-14,0.0
2023-05-20 05:00:00,9.7,301.31083645136755,251.02966633187998,0.0,0.0
2023-05-20 06:00:00,11.6,7.110943082935968e-15,0.0,30.096003888948573,35.20693020547745
2023-05-20 07:00:00,13.3,1.8562891927607524e-14,0.0,207.40414724165208,403.0016730757484
2023-05-20 08:00:00,14.7,4.583734811420054e-14,0.0,604.1721659365127,634.6006090950079
2023-05-20 09:00:00,15.7,1.2672695912024578e-13,0.0,1013.1196377138674,936.6583670378018
2023-05-20 10:00:00,17.6,4.227497480379231e-13,0.0,1496.9604981518132,1865.1396820509926
2023-05-20 11:00:00,19.5,1.1174002710127626e-13,0.0,1797.9224688212196,2099.9146217833595
2023-05-20 12:00:00,20.5,1.9020405524306538e-13,0.0,1928.4241297478268,1918.6600275867722
2023-05-20 13:00:00,21.9,1.6826567261740265e-13,0.0,2462.425151945301,2975.8428594446214
2023-05-20 14:00:00,22.8,7.275036208514882e-13,0.0,2936.456751911909,3243.960290047134
2023-05-20 15:00:00,22.6,1.1682179531201868e-13,0.0,2860.5902338054457,3142.422751054343
2023-05-20 16:00:00,22.4,7.093487942528546e-13,0.0,2652.405761468067,3077.969198836137
2023-05-20 17:00:00,22.4,4.801742540689473e-13,0.0,2696.488475267948,3065.9163558168666
2023-05-20 18:00:00,20.9,2.671573564595123e-13,0.0,2046.344288119693,2144.9932127019138
2023-05-20 19:00:00,18.8,6.444813084391456e-14,0.0,548.4694834509488,974.2835127581025
2023-05-20 20:00:00,16.3,5.6381935623857773e-14,0.0,211.97605639529294,264.804752315488
2023-05-20 21:00:00,17.9,6.18462799711595e-14,0.0,183.5127422366346,472.9545830288911
2023-05-20 22:00:00,14.6,2.7807079467024645e-14,0.0,103.71237077494825,131.06926926071378
2023-05-20 23:00:00,13.9,2.4490367749826372e-14,0.0,59.43628811943135,44.656903785206396
2023-05-21 00:00:00,16.9,6.951769866756161e-15,0.0,63.78733101233383,80.5429343228597
2023-05-21 01:00:00,13.4,8.848885549625009e-15,0.0,28.35149772288733,27.12440804931353
2023-05-21 02:00:00,12.8,0.0,42.86845428023918,12.327183636861811,10.842909641544912
2023-05-21 03:00:00,12.7,7.110943082935968e-15,48.76260880900256,9.075423535389831,10.051074862177575
2023-05-21 04:00:00,12.0,2.6666036561009876e-15,54.776041665306735,5.356569314324453,7.901658467646455
2023-05-21 05:00:00,13.4,3.555471541467983e-15,6.041641995324144,13.550962345179496,15.225165695167787
2023-05-21 06:00:00,15.8,1.258739836205683e-15,0.0,134.5709224304941,153.00600625178257
2023-05-21 07:00:00,17.1,9.667230268589284e-14,0.0,1030.6663363731357,1094.2454227493404
2023-05-21 08:00:00,18.4,1.2331498463100443e-13,0.0,1898.4585935002676,2029.2648053112976
2023-05-21 09:00:00,19.6,2.5562027713132206e-13,0.0,2347.473223512209,2551.9519894165787
2023-05-21 10:00:00,21.1,3.6529998987254046e-13,0.0,2645.0935367705424,3003.2644606491617
2023-05-21 11:00:00,22.1,7.242069476033617e-14,0.0,2711.2954745376405,3114.7472304388702
2023-05-21 12:00:00,22.9,8.663012513106234e-13,0.0,2892.9056488957594,3202.4647752361243
2023-05-21 13:00:00,23.8,4.737812219272283e-13,0.0,3149.5412655061855,3351.7572392637167
2023-05-21 14:00:00,23.7,5.375617332586012e-13,0.0,3293.5032909239044,3370.016348617045
2023-05-21 15:00:00,24.1,2.1663759180338472e-13,0.0,3443.26706539549,3542.7369335695043
2023-05-21 16:00:00,23.9,1.0972735125243261e-12,0.0,3296.444737987291,3483.4764891275286
2023-05-21 17:00:00,23.5,9.714361572086358e-14,0.0,3147.915395814489,3196.960568469661
2023-05-21 18:00:00,22.3,2.2180689112421465e-13,0.0,2821.25694293649,2869.201745360656
2023-05-21 19:00:00,19.6,1.856217958784052e-13,0.0,876.5937817999746,1333.3931122570834
2023-05-21 20:00:00,17.4,1.0054612065972043e-13,0.0,451.40205067549306,455.0623836090893
2023-05-21 21:00:00,16.8,9.802543465345268e-14,0.0,270.9864646900055,256.87093995056216
2023-05-21 22:00:00,17.6,6.436081257386907e-14,0.0,191.961991747896,358.7376083089151
2023-05-21 23:00:00,17.8,1.6784759468786008e-14,0.0,99.42698861266351,102.80511600207828
2023-05-22 00:00:00,17.4,1.4740121272681257e-14,0.0,65.25355207597185,57.775043678232976
2023-05-22 01:00:00,15.9,1.4219571988286305e-14,0.0,43.49076037951407,33.68680329367984
2023-05-22 02:00:00,13.4,3.555471541467983e-15,47.79972906995658,22.67931396764244,11.473416081350889
2023-05-22 03:00:00,13.8,0.0,0.0,15.27152160380257,11.791609966908347
2023-05-22 04:00:00,13.2,0.0,53.09530384612838,10.639525577302825,9.763157860060314
2023-05-22 05:00:00,13.6,0.0,0.0,54.39095966654949,36.68824624666037
2023-05-22 06:00:00,15.7,5.246891814459515e-14,0.0,337.21102305123077,273.36438124856454
2023-05-22 07:00:00,17.5,1.312810226737944e-13,0.0,1480.3723586175167,1246.064252560669
2023-05-22 08:00:00,18.8,1.7568212322547684e-14,0.0,2293.3288472612076,1752.8081326586496
2023-05-22 09:00:00,20.1,2.5766711406403284e-13,0.0,2785.871349315012,2369.177852708793
2023-05-22 10:00:00,21.3,9.388978596513028e-13,0.0,2961.072945741218,2632.2962091201543
2023-05-22 11:00:00,22.4,1.8819381947164083e-13,0.0,3003.756203105064,2929.435813202596
2023-05-22 12:00:00,23.5,6.645218128577461e-13,0.0,3252.3221704111215,3306.619572798013
2023-05-22 13:00:00,24.1,6.740625595219427e-13,0.0,3574.390966537612,3652.713112148095
2023-05-22 14:00:00,24.9,6.444699594122181e-13,0.0,3926.843260566588,3988.8516214042884
2023-05-22 15:00:00,25.1,1.0252281943386988e-12,0.0,3938.9969447448016,4000.6185728462847
2023-05-22 16:00:00,24.8,3.3852938061913445e-13,0.0,3667.8311817936437,3717.598150173714
2023-05-22 17:00:00,23.6,7.820194562762738e-13,0.0,3189.229463751451,3108.9370656358446
2023-05-22 18:00:00,22.2,1.3228004036595897e-13,0.0,2844.3762667715205,2407.4370753846765
2023-05-22 19:00:00,20.2,1.7665674014345072e-13,0.0,1144.4248000916107,1181.7965978223583
2023-05-22 20:00:00,17.8,0.0,0.0,635.2397032990658,459.36606021212236
2023-05-22 21:00:00,16.8,0.0,0.0,408.1024296724463,255.7157710046733
2023-05-22 22:00:00,16.1,0.0,0.0,155.0485060834476,121.80288041907335
2023-05-22 23:00:00,15.2,0.0,0.0,81.83278830776436,53.74957845312076
2023-05-23 00:00:00,14.2,0.0,0.0,52.60016685293493,31.4287315615454
2023-05-23 01:00:00,14.2,0.0,0.0,36.28075677597435,22.672287929996326
2023-05-23 02:00:00,13.5,0.0,47.79972906995658,22.96742568300273,11.473416081350889
2023-05-23 03:00:00,12.6,0.0,52.97242666938371,11.875632249057048,7.9490868112563255
2023-05-23 04:00:00,14.6,0.0,0.0,23.31544007295283,14.04606718888074
2023-05-23 05:00:00,13.6,0.0,0.0,61.00148396251934,36.68824624666037
2023-05-23 06:00:00,15.6,0.0,0.0,510.18748978916017,262.2213314596318
2023-05-23 07:00:00,17.8,0.0,0.0,1723.7191618463703,1363.682606460212
2023-05-23 08:00:00,19.7,0.0,0.0,2345.26608727489,2047.475227584972
2023-05-23 09:00:00,21.4,0.0,0.0,2503.8005250648644,2437.992256275176
2023-05-23 10:00:00,22.5,0.0,0.0,2535.4455416045084,2830.917812312987
2023-05-23 11:00:00,23.4,0.0,0.0,2645.7334311376985,3278.7639331612672
2023-05-23 12:00:00,23.9,0.0,0.0,2934.073885518148,3397.4967361350955
2023-05-23 13:00:00,22.7,0.0,0.0,2857.9087170124067,2839.6020392102
2023-05-23 14:00:00,22.8,0.0,0.0,2735.854073833307,2425.7265291262447
2023-05-23 15:00:00,22.7,0.0,0.0,2784.694654067877,2538.224609552461
2023-05-23 16:00:00,21.8,0.0,0.0,2542.8601952442273,2121.6947111983213
2023-05-23 17:00:00,20.8,0.0,0.0,1961.053784031319,1414.0124005517446
2023-05-23 18:00:00,19.9,0.0,0.0,1865.8249038102701,1409.871846436367
2023-05-23 19:00:00,18.3,0.0,0.0,851.8620966271046,657.6242646401845
2023-05-23 20:00:00,17.4,0.0,0.0,522.4036896026902,354.4624961398592
2023-05-23 21:00:00,17.2,0.0,0.0,368.36935605382325,278.67676598811215
2023-05-23 22:00:00,16.8,0.0,0.0,168.88212733359148,141.93745691729612
2023-05-23 23:00:00,16.2,0.0,0.0,91.10135902779237,70.66715643206692
2023-05-24 00:00:00,15.9,0.0,0.0,59.226191569179065,44.5676266399865
2023-05-24 01:00:00,15.6,0.0,0.0,43.76094357859944,30.402587054262447
2023-05-24 02:00:00,15.2,0.0,0.0,33.717084615087316,25.953354356928003
2023-05-24 03:00:00,14.5,0.0,0.0,20.28067935940044,14.04606718888074
2023-05-24 04:00:00,13.8,0.0,49.186671403937474,12.79884345651677,11.791609966908347
2023-05-24 05:00:00,13.2,0.0,24.806899064869928,54.14473348890289,35.06128878929911
2023-05-24 06:00:00,13.8,0.0,0.0,206.4562487211374,147.31069904247832
2023-05-24 07:00:00,14.3,1.4221886165871933e-14,0.0,849.3551881603131,516.0388083954737
2023-05-24 08:00:00,14.8,5.688754466348776e-14,0.0,1303.4953401292846,704.8974120497624
2023-05-24 09:00:00,15.4,3.2230988474901726e-13,0.0,1048.8663219880718,638.5085925620258
2023-05-24 10:00:00,16.9,1.045726923961172e-13,0.0,1375.2847068644387,713.9253293061116
2023-05-24 11:00:00,18.2,5.484368675877134e-13,0.0,1999.049631788387,1801.2807105590796
2023-05-24 12:00:00,18.4,4.579989559274647e-13,0.0,1959.3274066483882,1666.0028298651437
2023-05-24 13:00:00,18.6,2.5782997589711237e-13,0.0,2056.3228487428632,2015.8598447460813
2023-05-24 14:00:00,19.1,8.031182776021802e-14,0.0,2432.3310760512886,2537.38638492112
2023-05-24 15:00:00,18.9,1.3385304626703003e-14,0.0,1768.8882330328186,1189.6252721336696
2023-05-24 16:00:00,19.1,2.1681265402355973e-13,0.0,1821.368024474168,1554.4935386379445
2023-05-24 17:00:00,17.6,1.0727622549452602e-13,0.0,698.1259199201266,396.17461258588037
2023-05-24 18:00:00,17.1,1.9493655037362573e-13,0.0,1065.5628097172967,879.8680664061791
2023-05-24 19:00:00,15.7,8.162309169119451e-14,0.0,795.5218506317749,476.5032551219845
2023-05-24 20:00:00,14.1,6.117039669655727e-14,0.0,218.18116035772408,161.75346253309635
2023-05-24 21:00:00,13.6,3.277038991985716e-14,0.0,141.77091956755132,107.34755046515855
2023-05-24 22:00:00,12.9,8.365815391689374e-16,0.0,73.96472443306405,56.14121346644298
2023-05-24 23:00:00,12.6,0.0,0.0,35.22156869165807,29.1586494539872
2023-05-25 00:00:00,11.9,3.555471541467983e-15,47.918051943073465,13.587000266057522,8.80218959752755
2023-05-25 01:00:00,12.3,0.0,34.598058090119274,9.093365682349786,8.2592439122983
2023-05-25 02:00:00,11.6,0.0,57.80858788576727,5.208207444744229,5.338838616199518
2023-05-25 03:00:00,11.2,0.0,205.5343242857436,2.590408911011554,3.6497183328969993
2023-05-25 04:00:00,10.8,54.55280038502992,244.83462453681176,1.6674005384853587,0.0
2023-05-25 05:00:00,11.2,3.555471541467983e-15,131.92861192391177,16.016829250741193,10.41316194822767
2023-05-25 06:00:00,12.4,1.245509178389888e-15,0.0,132.53680384629803,125.81414315679814
2023-05-25 07:00:00,13.6,7.769462601336337e-14,0.0,539.3179264282815,498.5527186177185
2023-05-25 08:00:00,14.9,7.415613681440287e-14,0.0,1306.827067021955,1137.3288545201904
2023-05-25 09:00:00,16.4,2.271887051866736e-13,0.0,1824.2649094443304,1385.730373659342
2023-05-25 10:00:00,17.8,6.783203722606959e-13,0.0,2026.4001147780004,1833.1318931506673
2023-05-25 11:00:00,18.8,2.1871053223062202e-13,0.0,2149.0561231356405,1824.7439769661983
2023-05-25 12:00:00,19.4,2.0925816803668058e-13,0.0,2237.7456547830784,2030.0151486010643
2023-05-25 13:00:00,19.6,5.335909146243018e-13,0.0,1973.2037750878094,1869.6894282699639
2023-05-25 14:00:00,19.8,2.301979586502627e-13,0.0,2004.384516968067,1990.8261601793824
2023-05-25 15:00:00,20.6,4.5410304233607317e-13,0.0,2599.6060800349974,2686.2036107473286
2023-05-25 16:00:00,20.1,2.2407929454581766e-13,0.0,2417.2143550522133,2353.3980527782232
2023-05-25 17:00:00,20.1,2.482282272974386e-13,0.0,2227.700985230123,2057.6701234274906
2023-05-25 18:00:00,19.2,4.269326557337678e-13,0.0,2086.5913502981703,1713.6080316248685
2023-05-25 19:00:00,17.6,1.1778336048272919e-13,0.0,1090.18704087096,817.1772661938602
2023-05-25 20:00:00,15.1,3.1471752056060006e-14,0.0,248.32966977988872,207.397521212269
2023-05-25 21:00:00,14.6,5.8186182527284894e-15,0.0,161.2902317024361,148.6067546240003
2023-05-25 22:00:00,13.9,1.5317585258445534e-14,0.0,92.20248140859384,74.30881052646941
2023-05-25 23:00:00,13.3,1.0875560009196185e-14,0.0,58.2527009342781,39.29673809045137
2023-05-26 00:00:00,12.9,0.0,0.0,33.30054917387321,21.486439100828942
2023-05-26 01:00:00,12.8,4.424442774812503e-15,54.72768402202104,18.745024118479552,9.848187506410493
2023-05-26 02:00:00,12.4,0.0,40.854186276742006,10.573240494832028,7.842946790546727
2023-05-26 03:00:00,12.0,1.7777357707339916e-15,47.81524173912989,7.731873728437919,5.591134664857519
2023-05-26 04:00:00,11.8,0.0,37.51436989727972,6.5920420193035465,5.591134664857519
2023-05-26 05:00:00,12.2,0.0,21.518092466255624,29.743092214723085,26.17835133210461
2023-05-26 06:00:00,13.6,3.596364305390079e-14,0.0,147.2898651473161,136.5463822236632
2023-05-26 07:00:00,15.2,1.0520914974732447e-13,0.0,613.8943873296115,848.3506329538724
2023-05-26 08:00:00,16.9,1.9628526682605637e-14,0.0,1425.2112505979785,1270.905960921913
2023-05-26 09:00:00,18.5,4.0204729862024486e-13,0.0,1813.751617833559,1913.5823315713242
2023-05-26 10:00:00,19.8,0.0,0.0,2005.3815447943762,2309.8607802422785
2023-05-26 11:00:00,20.4,1.695891369354745e-13,0.0,1887.5571434464082,2280.8728426601674
2023-05-26 12:00:00,20.8,1.3427807575028811e-13,0.0,1875.490719648853,2208.61100651362
2023-05-26 13:00:00,21.4,2.9836084067184605e-13,0.0,2099.1885842792517,2614.580740916279
2023-05-26 14:00:00,21.2,2.3240808309613694e-13,0.0,2114.1169861728795,2536.8807276545613
2023-05-26 15:00:00,21.7,2.490016785007108e-13,0.0,2422.9380244074923,2821.580327062248
2023-05-26 16:00:00,21.1,2.844377233174388e-14,0.0,2071.5916761010626,2269.1282921221905
2023-05-26 17:00:00,20.6,3.9257053365211274e-14,0.0,1902.4390681248285,1966.936671057958
2023-05-26 18:00:00,19.6,1.753825030538443e-13,0.0,2165.899608565547,2146.1780998302047
2023-05-26 19:00:00,18.3,5.103147388930519e-14,0.0,1462.9714828517617,937.1027000498666
2023-05-26 20:00:00,17.2,9.594187209751745e-14,0.0,432.43915508711626,382.2750432525169
2023-05-26 21:00:00,16.4,1.9110291575796307e-14,0.0,219.46450023870153,237.28431597780857
2023-05-26 22:00:00,14.9,2.1741756888028853e-14,0.0,105.29692780161372,89.83071107946185
2023-05-26 23:00:00,14.2,2.4779099742708504e-14,0.0,60.64072558286995,47.47506562099555
2023-05-27 00:00:00,12.9,3.555471541467983e-15,0.0,35.63401857987066,23.28505488482822
2023-05-27 01:00:00,13.2,0.0,51.70836151214748,21.763658994057984,16.497378605809676
2023-05-27 02:00:00,12.5,1.7777357707339916e-15,40.854186276742006,10.666320420848248,8.122058002953272
2023-05-27 03:00:00,11.8,1.7777357707339916e-15,41.352219078265406,7.146629063636068,5.591134664857519
2023-05-27 04:00:00,11.4,0.0,105.20075835201932,4.536398746015732,4.578610692495241
2023-05-27 05:00:00,11.6,0.0,9.247856976053527,12.520728522441324,9.158763624224408
2023-05-27 06:00:00,12.8,1.4070815540072173e-16,0.0,119.76314126823472,75.44976238381156
2023-05-27 07:00:00,14.1,5.340306423298607e-14,0.0,597.5573496301996,523.7936801343102
2023-05-27 08:00:00,15.3,7.005444719505597e-14,0.0,1427.6948305710373,1257.2045963518713
2023-05-27 09:00:00,16.8,2.4066154092346406e-13,0.0,1851.7181935124422,1495.1109824447349
2023-05-27 10:00:00,18.2,0.0,0.0,2021.9072151197938,2184.5133475081375
2023-05-27 11:00:00,19.1,4.8796608125173e-13,0.0,2078.4990543902495,2483.303929113967
2023-05-27 12:00:00,19.8,3.3166166608560796e-13,0.0,2258.808005236687,2516.224361404623
2023-05-27 13:00:00,20.1,5.705755645679099e-13,0.0,2577.8124285882104,2824.1546147402673
2023-05-27 14:00:00,20.1,4.266330355621352e-13,0.0,2908.5290472649426,2937.58132679732
2023-05-27 15:00:00,20.1,2.998715675971883e-13,0.0,2988.237313294177,2848.305031248574
2023-05-27 16:00:00,19.8,5.055713204156479e-13,0.0,2854.2238808825905,2758.321466931752
2023-05-27 17:00:00,19.1,2.403867472061063e-13,0.0,2785.542890688108,2453.4366984461203
2023-05-27 18:00:00,18.1,3.1405642692169014e-13,0.0,2531.776723271055,1825.543462544993
2023-05-27 19:00:00,16.2,8.252195220609225e-14,0.0,1194.2999023149464,760.6229264520598
2023-05-27 20:00:00,14.7,4.963816848322349e-14,0.0,270.0646570711241,194.54014294207013
2023-05-27 21:00:00,13.6,6.555319306685169e-14,0.0,169.1007914401522,110.71675058653447
2023-05-27 22:00:00,12.7,7.947524622104906e-15,0.0,99.34078164967923,69.60161338963711
2023-05-27 23:00:00,11.9,1.408769903399834e-14,0.0,54.96598382012735,19.54669183629081
2023-05-28 00:00:00,11.2,1.0427654800134241e-14,180.45138440788094,40.40172232808273,8.504400391391968
2023-05-28 01:00:00,11.3,0.0,170.29739192850727,20.31378359497132,5.8683608547834805
2023-05-28 02:00:00,10.7,0.0,307.70277782939934,9.516264257269576,3.130821771422598
2023-05-28 03:00:00,10.0,1.7777357707339916e-15,425.17608861219185,5.093289133025629,0.0
2023-05-28 04:00:00,9.4,100.19394615222416,482.1441624503049,1.6486102954272834,0.0
2023-05-28 05:00:00,9.9,5.333207312201975e-15,242.9225450988245,11.373332296463232,0.0
2023-05-28 06:00:00,11.5,2.84937445003563e-14,0.0,110.0046169129495,41.46250556029739
2023-05-28 07:00:00,13.2,8.952075056470796e-14,0.0,477.28705210256624,306.68310814615836
2023-05-28 08:00:00,14.9,2.1851695658976198e-13,0.0,1501.7889434374204,1206.3304344591572
2023-05-28 09:00:00,16.5,1.5235799730601348e-13,0.0,2433.432208023102,1546.0515971270954
2023-05-28 10:00:00,17.9,4.2236259675620317e-13,0.0,2799.2193551943737,2145.415206701241
2023-05-28 11:00:00,19.1,2.355423201912676e-13,0.0,2853.627082787617,2473.836178015011
2023-05-28 12:00:00,20.1,6.379010136901564e-13,0.0,3118.1252883111047,2503.292277487378
2023-05-28 13:00:00,21.0,1.3967209019984246e-13,0.0,3401.399528600885,2925.8013967815223
2023-05-28 14:00:00,21.7,4.15294567868143e-14,0.0,3657.583480998438,3102.457810055192
2023-05-28 15:00:00,22.0,3.2709160710804316e-13,0.0,3702.323030025716,3059.4230782607056
2023-05-28 16:00:00,22.0,4.3272644753222154e-13,0.0,3417.316885014322,2957.994708206391
2023-05-28 17:00:00,21.9,3.1960025145706074e-13,0.0,3172.9484812533474,2865.3819544694925
2023-05-28 18:00:00,21.3,3.3728039566388675e-13,0.0,2908.926391279835,2678.296793639578
2023-05-28 19:00:00,20.9,7.318237125659697e-14,0.0,1643.6860399683014,1549.8497496155667
2023-05-28 20:00:00,17.6,4.6973549825002056e-14,0.0,634.961170740889,414.9662986559387
2023-05-28 21:00:00,15.8,4.90399643786077e-14,0.0,344.29579480246605,199.80992957927248
2023-05-28 22:00:00,15.0,1.9241375400885557e-14,0.0,171.30465799253795,139.7814903302711
2023-05-28 23:00:00,14.2,7.529233852520437e-15,0.0,77.79453049018068,47.47506562099555
2023-05-29 00:00:00,13.1,2.122478529003334e-14,0.0,45.52603031967145,30.532649869452783
2023-05-29 01:00:00,12.2,5.293414008157023e-15,0.0,24.89861899678376,10.798330381892432
2023-05-29 02:00:00,11.8,0.0,0.0,14.238403185059452,7.591675730753815
2023-05-29 03:00:00,11.4,0.0,0.0,9.601086170815579,5.924491000985295
2023-05-29 04:00:00,11.0,5.333207312201975e-15,138.88370973889877,8.701483839912452,5.401668256485423
2023-05-29 05:00:00,11.6,0.0,19.812867378677318,45.04029931718071,27.494729663287895
2023-05-29 06:00:00,13.2,3.3443400403337715e-14,0.0,159.95254645023942,139.929537736771
2023-05-29 07:00:00,14.9,1.0184475852351759e-13,0.0,713.0198862016854,593.8473064388328
2023-05-29 08:00:00,16.6,4.2665658497615815e-14,0.0,1640.8901816456041,1273.7351070794914
2023-05-29 09:00:00,18.2,2.948773304965334e-13,0.0,2086.070255648732,1828.3265229169492
2023-05-29 10:00:00,19.9,2.844377233174388e-14,0.0,2491.087675170521,2310.13317289322
2023-05-29 11:00:00,21.1,1.288335570320164e-13,0.0,2634.1941035186665,2400.7637437832095
2023-05-29 12:00:00,22.0,6.136283743472459e-13,0.0,2950.2375031428774,2658.8633817780014
2023-05-29 13:00:00,22.5,9.72385521992251e-13,0.0,3320.6445443648317,2918.8871377619857
2023-05-29 14:00:00,22.8,4.691615100411141e-13,0.0,3448.360026864818,2911.9830558036238
2023-05-29 15:00:00,22.7,5.809638161181192e-13,0.0,3293.0298118595006,2878.6860928208785
2023-05-29 16:00:00,22.8,3.403776059176473e-13,0.0,3265.2732032684225,3017.9245820344986
2023-05-29 17:00:00,22.2,7.682343743006713e-13,0.0,3193.0037422028327,3028.526644363931
2023-05-29 18:00:00,21.1,2.2989833847863015e-13,0.0,3063.373508855334,2928.1548249111916
2023-05-29 19:00:00,18.5,2.0560002132127684e-13,0.0,1590.9499335663213,1624.9014401017635
2023-05-29 20:00:00,17.1,1.3449647784542287e-13,0.0,552.7384408692352,433.75336387813206
2023-05-29 21:00:00,16.3,2.3237020489459885e-14,0.0,287.7286984480605,266.27043454716113
2023-05-29 22:00:00,15.2,1.4221886165871933e-14,0.0,139.07013860715512,89.50787265770211
2023-05-29 23:00:00,14.3,1.254872308753406e-15,0.0,76.65837982625891,51.398552051245204
2023-05-30 00:00:00,13.4,1.759088422926827e-14,0.0,47.900027267829,34.3184498924295
2023-05-30 01:00:00,13.9,3.4758849333780806e-15,0.0,37.07697712246731,25.070202511949994
2023-05-30 02:00:00,13.3,1.7379424666890403e-15,0.0,27.412992089069707,19.47143699073992
2023-05-30 03:00:00,12.7,0.0,0.0,18.530862063737814,9.209068367906447
2023-05-30 04:00:00,12.3,0.0,0.0,13.15086450067436,9.209068367906447
2023-05-30 05:00:00,13.1,1.7459011274980302e-14,12.607058176004815,51.39123320540568,30.680606124701146
2023-05-30 06:00:00,14.7,4.126728913663578e-15,0.0,207.62822338098368,213.9529978715631
2023-05-30 07:00:00,16.6,1.3563714828136417e-13,0.0,1138.5045907305187,942.7556798998655
2023-05-30 08:00:00,17.9,5.3478939531083204e-14,0.0,1768.9531269582058,1555.1997570347069
2023-05-30 09:00:00,18.2,1.5694068235075752e-13,0.0,1307.8758621366992,900.6927530247045
2023-05-30 10:00:00,19.1,4.580233567016555e-13,0.0,1540.4736354729746,1555.1844436338483
2023-05-30 11:00:00,20.1,1.5441831166607138e-13,0.0,1931.356265573268,1872.428824275034
2023-05-30 12:00:00,21.2,2.17486799409733e-13,0.0,2453.3892195598073,2416.2673103418865
2023-05-30 13:00:00,21.9,1.0803180179723913e-13,0.0,2631.86774631458,2616.20369449408
2023-05-30 14:00:00,22.1,2.5442094508462384e-13,0.0,2786.3572361934002,2670.224760652252
2023-05-30 15:00:00,22.1,5.01450691695532e-13,0.0,2775.446869793056,2952.138943843928
2023-05-30 16:00:00,21.9,1.6446991620327801e-13,0.0,2914.563856255636,3100.1018118749616
2023-05-30 17:00:00,20.6,2.9043182947042623e-13,0.0,2461.472718554836,2686.34983034074
2023-05-30 18:00:00,19.9,4.926354460463939e-13,0.0,2181.0336884465446,2050.585552502995
2023-05-30 19:00:00,18.4,1.1844530548180708e-13,0.0,1289.442987370394,1338.0669384689427
2023-05-30 20:00:00,16.2,3.5637458539564587e-14,0.0,366.2440376401127,389.47400233859406
2023-05-30 21:00:00,15.8,1.673163078337875e-15,0.0,212.66171013881134,235.63726704999027
2023-05-30 22:00:00,15.5,2.8905828656372083e-15,0.0,120.36472893503426,109.19682768044962
2023-05-30 23:00:00,14.9,7.947524622104906e-15,0.0,69.76085197136669,55.89954410086996
2023-05-31 00:00:00,14.3,7.108628905350337e-15,0.0,44.22048624056461,36.3364300038388
2023-05-31 01:00:00,14.4,1.753859788307021e-14,0.0,30.996749224582793,28.804684960351878
2023-05-31 02:00:00,13.8,6.162385241501544e-15,0.0,17.61602016840592,20.601504718720424
2023-05-31 03:00:00,13.2,1.7777357707339916e-15,0.0,9.807327954199806,10.374566310662884
2023-05-31 04:00:00,12.4,0.0,0.0,8.199549993460558,9.209068367906447
2023-05-31 05:00:00,12.7,1.3983126341602223e-14,0.0,47.71781455518648,37.737084350574136
2023-05-31 06:00:00,14.1,8.623975348053485e-15,0.0,177.00461123063576,163.1636133340242
2023-05-31 07:00:00,15.5,3.7894703646933786e-14,0.0,688.6617157018935,796.0934902245007
2023-05-31 08:00:00,17.1,1.7568212322547684e-14,0.0,1487.1278082307786,1297.8468477855026
2023-05-31 09:00:00,18.8,2.281376442902048e-13,0.0,2104.2282864018234,1984.7511191602234
2023-05-31 10:00:00,20.4,5.561415893404929e-14,0.0,2640.132616315548,2536.435711473148
2023-05-31 11:00:00,21.6,2.3039742164462847e-13,0.0,2786.0019418308057,2734.0322764432526
2023-05-31 12:00:00,22.4,2.510502181537573e-13,0.0,2906.445651561471,2842.3433519261484
2023-05-31 13:00:00,23.1,4.755545421828329e-13,0.0,3348.2346311056535,3155.463449730364
2023-05-31 14:00:00,23.2,2.844377233174388e-14,0.0,3468.8001522143563,3164.204773639616
2023-05-31 15:00:00,23.4,1.4526556764376257e-13,0.0,3376.931462129819,3153.724928181233
2023-05-31 16:00:00,23.4,1.3844835737895345e-13,0.0,3189.4593904028497,3123.7165960762904
2023-05-31 17:00:00,23.1,2.0125425179235254e-13,0.0,3028.4529564449595,2914.2230714016796
2023-05-31 18:00:00,21.9,1.332538059237648e-13,0.0,2785.44656324524,2693.8102822319133
2023-05-31 19:00:00,19.6,3.525888306320107e-13,0.0,1523.7042433689742,1574.2422305405553
2023-05-31 20:00:00,17.7,1.262680593124124e-13,0.0,557.7090613217796,546.7084632393328
2023-05-31 21:00:00,16.2,3.6172894858714016e-14,0.0,261.12563491071603,262.6767377233799
2023-05-31 22:00:00,14.2,1.759945823043308e-14,0.0,116.93022059844927,83.44025446997667
2023-05-31 23:00:00,13.4,1.4481003719276597e-14,0.0,63.8876210271392,44.1308206115679
2023-06-01 00:00:00,13.2,0.0,0.0,38.845756036335985,31.18949536762902
2023-06-01 01:00:00,13.6,3.4758849333780806e-15,0.0,27.586980723457124,24.743652248614843
2023-06-01 02:00:00,12.6,2.1724280833613004e-16,0.0,12.426410384853112,9.433323393764274
2023-06-01 03:00:00,11.9,0.0,0.0,8.255477313973854,7.367420704895988
2023-06-01 04:00:00,11.6,8.888678853669958e-16,0.0,7.291962454286229,6.195465058519238
2023-06-01 05:00:00,12.2,1.066641462440395e-14,0.0,50.34281959993827,38.43494651233978
2023-06-01 06:00:00,14.3,6.30546416377727e-14,0.0,265.24528121417814,215.29669865967554
2023-06-01 07:00:00,16.6,2.1665168970894047e-13,0.0,1418.4040010108824,1187.4643806342792
2023-06-01 08:00:00,18.7,5.561415893404929e-14,0.0,2314.0839639834303,1987.98762576933
2023-06-01 09:00:00,20.6,2.844377233174388e-14,0.0,3011.0883398909027,2822.8920094979376
2023-06-01 10:00:00,22.2,2.3656573865762294e-13,0.0,3304.2347207767198,3090.125979068175
2023-06-01 11:00:00,23.2,5.065947388820034e-13,0.0,3358.5867848048256,3085.507010099739
2023-06-01 12:00:00,23.9,4.277566112057575e-13,0.0,3689.1433862588797,3144.75489441826
2023-06-01 13:00:00,24.6,6.225673265876738e-13,0.0,4070.681507984677,3547.989163752212
2023-06-01 14:00:00,25.1,3.696705858557393e-13,0.0,4442.4679918409365,3764.5200118879384
2023-06-01 15:00:00,25.3,8.533131699523163e-14,0.0,4358.444079676592,3777.79512585296
2023-06-01 16:00:00,25.2,9.210914547726832e-13,0.0,4138.166477741666,3704.7971129385814
2023-06-01 17:00:00,24.9,5.664044315790765e-13,0.0,3919.0098433480416,3497.712701146056
2023-06-01 18:00:00,24.2,5.532185899467394e-13,0.0,3496.84065172268,3159.6556827015156
2023-06-01 19:00:00,21.6,9.005118605861269e-14,0.0,1997.9436152102876,1726.4944737767873
2023-06-01 20:00:00,19.8,5.186805542847414e-14,0.0,905.0394481076296,894.5519855285243
2023-06-01 21:00:00,17.8,0.0,0.0,631.2701372465255,451.4548127236721
2023-06-01 22:00:00,17.0,8.955799024612007e-15,0.0,313.75553167496344,159.81718276105937
2023-06-01 23:00:00,16.3,5.0194892350136244e-15,0.0,128.08127932516317,73.73034251847909
2023-06-02 00:00:00,15.5,7.110943082935968e-15,0.0,71.81176933610466,45.176396038526796
2023-06-02 01:00:00,17.7,6.951769866756161e-15,0.0,63.90886042522399,63.0766651416718
2023-06-02 02:00:00,15.0,7.345074552034416e-15,0.0,42.40302856650851,25.92442777044038
2023-06-02 03:00:00,14.0,1.066641462440395e-14,0.0,28.827069044838293,12.395727725666614
2023-06-02 04:00:00,13.6,1.7777357707339916e-15,0.0,23.315720750567486,12.229117709144155
2023-06-02 05:00:00,14.6,1.7618184491160113e-14,0.0,78.80225712402724,51.17929911053248
2023-06-02 06:00:00,16.2,0.0006880640434401893,0.0,420.253013320651,468.147770560892
2023-06-02 07:00:00,17.6,1.164287566767929e-13,0.0,1353.6070368475487,1234.4606938726783
2023-06-02 08:00:00,19.3,1.6800350496722411e-13,0.0,2009.7104989176746,2270.2498286178807
2023-06-02 09:00:00,21.0,6.646228213951809e-13,0.0,2609.9435616298097,2740.020141190168
2023-06-02 10:00:00,22.4,1.3257966053759153e-13,0.0,2887.0226264533894,2895.8442697038845
2023-06-02 11:00:00,23.6,1.6432010611746174e-14,0.0,2950.2884851139097,2979.4482456998435
2023-06-02 12:00:00,24.6,4.001620464803618e-13,0.0,3138.5949855523536,3113.6732100964737
2023-06-02 13:00:00,24.5,4.772773581697205e-13,0.0,3331.993013726258,3253.174634552184
2023-06-02 14:00:00,25.0,2.967003036606875e-13,0.0,3585.33630339716,3331.000648936303
2023-06-02 15:00:00,24.9,1.933134658839213e-13,0.0,3467.74874507033,3331.4460854795534
2023-06-02 16:00:00,23.6,5.299702204303521e-13,0.0,3258.9628181146345,3087.233876922978
2023-06-02 17:00:00,23.1,2.860864856215859e-13,0.0,2676.6022086243584,2513.087651517223
2023-06-02 18:00:00,21.9,1.7735528630381476e-13,0.0,2737.138155083627,2687.8731150189246
2023-06-02 19:00:00,20.6,5.201307049546904e-13,0.0,1913.4373741007532,1573.18013202775
2023-06-02 20:00:00,18.4,1.628342056463942e-13,0.0,786.2537749499663,608.0471581766217
2023-06-02 21:00:00,17.6,7.219597963161175e-14,0.0,457.664115495893,407.6279723313711
2023-06-02 22:00:00,16.6,9.88916838421096e-15,0.0,179.7725644081989,134.76662581433118
2023-06-02 23:00:00,15.4,2.1173656032628093e-14,0.0,87.34600556721081,59.87930983638286
2023-06-03 00:00:00,14.3,1.0925532177808614e-14,0.0,59.53509479353464,38.51405839949712
2023-06-03 01:00:00,13.6,1.0532227492530358e-14,0.0,39.322155047267,24.743652248614843
2023-06-03 02:00:00,13.2,7.031356474846064e-15,0.0,28.42058125379497,17.97339364740926
2023-06-03 03:00:00,13.3,3.555471541467983e-15,0.0,22.313178839571947,12.055948002447668
2023-06-03 04:00:00,13.2,1.7777357707339916e-15,0.0,14.829488668906222,10.374566310662884
2023-06-03 05:00:00,12.7,4.344856166722601e-15,38.159110376842385,19.552209807891103,9.36313089901223
2023-06-03 06:00:00,12.8,2.1223628201240522e-14,0.0,68.62272609630583,48.28162487034601
2023-06-03 07:00:00,13.4,7.133288695974968e-14,0.0,484.72604072752875,535.3242732775856
2023-06-03 08:00:00,14.9,2.334441276296716e-13,0.0,1504.4254831328465,1244.6076230086264
2023-06-03 09:00:00,16.3,1.571031185037532e-13,0.0,2078.8434146955506,1821.5872448583953
2023-06-03 10:00:00,17.6,5.922770316777529e-13,0.0,2322.662653626208,1894.8591529646528
2023-06-03 11:00:00,18.6,6.632728279024986e-14,0.0,2419.959446279101,2185.797906173114
2023-06-03 12:00:00,19.5,7.193625205885231e-13,0.0,2686.4992826954904,2504.8670017143036
2023-06-03 13:00:00,19.4,2.719773827001601e-13,0.0,3059.319712859376,2663.393407401506
2023-06-03 14:00:00,20.2,1.8120154698665677e-13,0.0,3539.972900629705,3026.5622197199787
2023-06-03 15:00:00,20.4,6.358019697683926e-14,0.0,3067.4686989640772,2493.072896672221
2023-06-03 16:00:00,20.5,4.088518828178746e-13,0.0,2852.0234156692613,2496.8232723779365
2023-06-03 17:00:00,20.6,1.3175570506560197e-13,0.0,3055.878064546757,2817.3932762383956
2023-06-03 18:00:00,20.3,4.311769910451734e-13,0.0,3040.825484662272,2817.862258499672
2023-06-03 19:00:00,18.2,1.375494968640557e-13,0.0,1612.9570097137955,1628.5027907648368
2023-06-03 20:00:00,15.4,2.844377233174388e-14,0.0,415.03368665815617,271.89739540906544
2023-06-03 21:00:00,15.8,3.6277467551110137e-14,0.0,272.61004084607225,235.92686945419973
2023-06-03 22:00:00,14.4,4.9976490255001483e-14,0.0,136.22713157290897,117.16325258862322
2023-06-03 23:00:00,13.3,8.365815391689374e-16,0.0,71.19487004118336,45.266630232346685
2023-06-04 00:00:00,12.3,1.3983126341602223e-14,0.0,53.11337586268222,30.734828824817463
2023-06-04 01:00:00,13.3,0.0,0.0,36.303498018892114,25.6187131109814
2023-06-04 02:00:00,12.2,4.424442774812503e-15,0.0,17.981696818613596,9.433323393764274
2023-06-04 03:00:00,11.5,0.0,0.0,9.066147942242214,5.924491000985295
2023-06-04 04:00:00,11.8,3.555471541467983e-15,0.0,6.956123988765371,7.367420704895988
2023-06-04 05:00:00,12.9,3.555471541467983e-15,29.762147562244873,13.170177778734416,9.993969093977148
2023-06-04 06:00:00,14.3,2.1153913072976442e-14,0.0,87.21182700984926,65.98343429636603
2023-06-04 07:00:00,15.9,1.3515739935967823e-14,0.0,235.9899111821636,358.0185256609127
2023-06-04 08:00:00,17.4,6.100817338360365e-14,0.0,949.116513570906,971.4322056980177
2023-06-04 09:00:00,18.2,2.812294325395679e-13,0.0,1432.4437829468952,1382.5596120126497
2023-06-04 10:00:00,18.9,1.4125772216809284e-13,0.0,1818.1865760285118,1827.2185607562476
2023-06-04 11:00:00,18.3,8.439500395887983e-14,0.0,1667.5891025912101,1510.6910785440418
2023-06-04 12:00:00,18.3,4.15294567868143e-14,0.0,1929.4441387199522,1760.1769805847093
2023-06-04 13:00:00,18.9,6.210692257295108e-14,0.0,1549.975353843213,1184.4786281945755
2023-06-04 14:00:00,20.2,1.1066610436620356e-13,0.0,2161.6106014514585,2125.1489878766506
2023-06-04 15:00:00,20.1,8.520675904377404e-14,0.0,1684.541087614725,1715.9711936445556
2023-06-04 16:00:00,19.9,2.2153252308694077e-13,0.0,1165.886016479654,1038.666199931548
2023-06-04 17:00:00,19.8,7.214590104297833e-14,0.0,1172.9945092888347,1473.8564109964684
2023-06-04 18:00:00,19.1,1.6384542372565416e-13,0.0,1116.6543352881881,1261.2894201889576
2023-06-04 19:00:00,17.9,1.531322998694536e-13,0.0,972.376864611998,733.2793032052882
2023-06-04 20:00:00,16.5,6.812847959690313e-14,0.0,369.02324140728246,303.92296772041686
2023-06-04 21:00:00,15.4,2.169494123621126e-14,0.0,183.8271751899652,206.73857411102844
2023-06-04 22:00:00,14.4,1.4376431026880482e-14,0.0,104.45647439749064,125.45325461024957
2023-06-04 23:00:00,14.1,1.7379424666890404e-14,0.0,53.25875535298605,48.78524312653461
2023-06-05 00:00:00,14.3,0.0,0.0,33.36593530319848,37.454183799107945
2023-06-05 01:00:00,14.2,0.0,0.0,23.0632699352985,28.44858901228868
2023-06-05 02:00:00,13.7,2.1724280833613004e-16,0.0,11.918809611478673,24.830716469277977
2023-06-05 03:00:00,13.8,0.0,0.0,9.134864664970674,22.582724689535873
2023-06-05 04:00:00,13.7,1.7777357707339916e-15,0.0,8.867646505124323,23.317986850184095
2023-06-05 05:00:00,14.2,1.5880242024471073e-14,0.0,33.55579112191039,45.75115331041238
2023-06-05 06:00:00,14.7,1.2778988725654706e-17,0.0,109.89149412157934,170.81268171064107
2023-06-05 07:00:00,15.8,1.2782233895275642e-14,0.0,213.2256972349513,359.41981659751355
2023-06-05 08:00:00,16.0,1.926167992001002e-14,0.0,385.664642168327,538.3867508694461
2023-06-05 09:00:00,18.0,2.2378010005426902e-13,0.0,1024.0145452316315,1776.5210463568978
2023-06-05 10:00:00,19.2,1.845352470761532e-13,0.0,1519.54632370429,2039.4039756032876
2023-06-05 11:00:00,20.1,1.9032903887460692e-13,0.0,1497.2525778970592,1895.9878847486161
2023-06-05 12:00:00,21.2,9.949092418537479e-14,0.0,1961.1971131716916,2356.172437321305
2023-06-05 13:00:00,19.5,4.175804487170932e-13,0.0,2052.552487573754,2035.7766872869088
2023-06-05 14:00:00,20.9,1.9418707426446034e-13,0.0,2201.8106378295806,2283.1094438508508
2023-06-05 15:00:00,18.4,2.0578728392854723e-13,0.0,1239.5628904073806,955.3873536306967
2023-06-05 16:00:00,16.8,3.833294071595484e-14,0.0,571.344898457777,446.8580099305923
2023-06-05 17:00:00,16.4,3.383168658775053e-14,0.0,233.51196914486036,299.87569522033823
2023-06-05 18:00:00,16.1,5.351639205253727e-14,0.0,272.8173917436427,323.3494088832946
2023-06-05 19:00:00,15.8,3.76962478512356e-14,0.0,242.7754939405546,319.2586324377697
2023-06-05 20:00:00,15.7,3.173391970623852e-14,0.0,155.71958775793166,277.1710050548611
2023-06-05 21:00:00,15.4,3.491802254996061e-14,0.0,126.85442203329802,222.13182439778615
2023-06-05 22:00:00,15.2,7.110943082935968e-15,0.0,72.86486887947648,106.1181197618312
2023-06-05 23:00:00,15.1,0.0,0.0,40.42651046741022,60.44992617813578
2023-06-06 00:00:00,15.2,0.0,0.0,24.140980245488493,46.27573187721805
2023-06-06 01:00:00,15.2,0.0,0.0,14.96783786274013,35.87600050391284
2023-06-06 02:00:00,15.2,0.0,0.0,9.595058501491577,34.31491012396101
2023-06-06 03:00:00,15.1,0.0,0.0,8.204852090895521,28.221628314301785
2023-06-06 04:00:00,15.0,0.0,0.0,8.355896594127781,28.81367538704301
2023-06-06 05:00:00,15.3,0.0,0.0,24.64107625757063,51.51433885514521
2023-06-06 06:00:00,15.8,0.0,0.0,81.83965933157631,157.33499706856063
2023-06-06 07:00:00,16.1,0.0,0.0,118.71069229381473,248.6734520709792
2023-06-06 08:00:00,16.6,0.0,0.0,148.46463629610435,226.70916408897608
2023-06-06 09:00:00,18.1,0.0,0.0,1199.9144583268517,1302.392523553002
2023-06-06 10:00:00,19.5,0.0,0.0,2417.5161273724134,2226.7617415104005
2023-06-06 11:00:00,20.2,0.0,0.0,2588.005922638171,2338.4998585860103
2023-06-06 12:00:00,20.7,0.0,0.0,2567.009277495529,2339.236384945991
2023-06-06 13:00:00,19.2,0.0,0.0,2884.403700131678,2389.289659224093
2023-06-06 14:00:00,20.6,0.0,0.0,2933.7312240216597,2401.1255454099414
2023-06-06 15:00:00,19.8,0.0,0.0,2768.072617785102,2568.900597901952
2023-06-06 16:00:00,19.4,0.0,0.0,2483.728602453421,1776.6546877851608
2023-06-06 17:00:00,18.9,0.0,0.0,1318.5951127469214,1063.104859055003
2023-06-06 18:00:00,18.6,0.0,0.0,1785.8192485270438,1636.7950979123266
2023-06-06 19:00:00,18.1,0.0,0.0,1883.1889961355223,1114.4017858765574
2023-06-06 20:00:00,16.7,0.0,0.0,513.5545907208942,413.1395613965654
2023-06-06 21:00:00,16.3,0.0,0.0,277.25814006286316,280.0205521806618
2023-06-06 22:00:00,15.7,0.0,0.0,134.80491019366121,134.54219965030973
2023-06-06 23:00:00,15.5,0.0,0.0,70.875450185944,68.61552198813703
2023-06-07 00:00:00,15.5,0.0,0.0,51.759566448144156,48.59383707849861
2023-06-07 01:00:00,16.3,0.0,0.0,46.69760229294157,46.14241770770404
2023-06-07 02:00:00,16.1,0.0,0.0,37.19508840744285,42.56224670740473
2023-06-07 03:00:00,15.9,0.0,0.0,30.02169832221807,37.92956640070389
2023-06-07 04:00:00,16.0,0.0,0.0,29.510129364965284,39.08873029608279
2023-06-07 05:00:00,16.2,0.0,0.0,58.28441693028978,63.671944404100095
2023-06-07 06:00:00,16.6,0.0,0.0,124.65010792040744,216.94184825830774
2023-06-07 07:00:00,17.1,0.0,0.0,268.4179402453009,413.9150245446129
2023-06-07 08:00:00,17.1,0.0,0.0,345.3321272394317,364.50730804501404
2023-06-07 09:00:00,18.4,0.0,0.0,982.0120224627071,1156.903738062402
2023-06-07 10:00:00,18.8,0.0,0.0,1101.1139009585363,1005.1944387955023
2023-06-07 11:00:00,20.1,0.0,0.0,1986.1870271023604,1958.4226173880436
2023-06-07 12:00:00,20.4,0.0,0.0,1932.3753105245878,1878.3151618965085
2023-06-07 13:00:00,21.1,0.0,0.0,1780.6625137115707,1966.6579528961884
2023-06-07 14:00:00,19.4,0.0,0.0,1873.9351059199012,1987.8783280420084
2023-06-07 15:00:00,19.4,0.0,0.0,1594.5417460369554,1382.3056330708691
2023-06-07 16:00:00,19.4,0.0,0.0,1518.7749178827069,1299.886524740817
2023-06-07 17:00:00,19.8,0.0,0.0,1969.706369754747,1797.944786371692
2023-06-07 18:00:00,19.6,0.0,0.0,1850.6808997958053,1611.366134873359
2023-06-07 19:00:00,18.7,0.0,0.0,1660.3385403119878,1175.6908465483762
2023-06-07 20:00:00,17.1,0.0,0.0,483.5977013765532,441.7928038665283
2023-06-07 21:00:00,15.9,0.0,0.0,238.17875252944827,263.9306339010862
2023-06-07 22:00:00,15.4,0.0,0.0,103.5194638146483,110.92682559344995
2023-06-07 23:00:00,15.4,0.0,0.0,60.74069787280041,64.31422040657095
2023-06-08 00:00:00,15.2,0.0,0.0,39.46414576535625,46.27573187721805
2023-06-08 01:00:00,15.8,0.0,0.0,34.98923066725297,41.820305371158106
2023-06-08 02:00:00,15.5,0.0,0.0,24.90114917055144,36.722184495204914
2023-06-08 03:00:00,15.1,0.0,0.0,17.90927799510532,28.221628314301785
2023-06-08 04:00:00,14.4,0.0,0.0,13.371628441043809,26.60620191692699
2023-06-08 05:00:00,15.2,0.0,0.0,57.90245312917,56.69862792856441
2023-06-08 06:00:00,16.1,0.0,0.0,231.84029860051146,403.2842800973939
2023-06-08 07:00:00,17.2,0.0,0.0,1199.058758727865,1019.0589210454589
2023-06-08 08:00:00,18.4,0.0,0.0,1592.133938272714,1222.215755408673
2023-06-08 09:00:00,19.1,0.0,0.0,1455.6296431311152,1205.3682488060265
2023-06-08 10:00:00,20.6,0.0,0.0,2366.1948683186693,2216.197548063299
2023-06-08 11:00:00,21.3,0.0,0.0,2742.912838843342,2258.7080383945286
2023-06-08 12:00:00,21.8,0.0,0.0,2884.0996080729547,2442.604513228961
2023-06-08 13:00:00,21.2,0.0,0.0,2144.36405870641,1791.2102303465742
2023-06-08 14:00:00,19.1,0.0,0.0,2175.4311421352186,1547.3453131886301
2023-06-08 15:00:00,19.6,0.0,0.0,1716.2061463880364,1467.3142364174969
2023-06-08 16:00:00,20.4,0.0,0.0,1853.9373692016406,1581.8487798481635
2023-06-08 17:00:00,18.6,0.0,0.0,1363.460966598559,885.848411721888
2023-06-08 18:00:00,17.9,0.0,0.0,1352.0365918223263,1088.1544861744026
2023-06-08 19:00:00,17.4,0.0,0.0,1004.9045598541979,511.9106387561454
2023-06-08 20:00:00,16.1,0.0,0.0,398.60081587250784,292.735581866933
2023-06-08 21:00:00,16.0,0.0,0.0,226.26475997223633,264.95177828075396
2023-06-08 22:00:00,15.8,0.0,0.0,117.5814483514419,135.08563280838274
2023-06-08 23:00:00,15.2,0.0,0.0,64.25702752882091,63.233532387075435
2023-06-09 00:00:00,15.0,0.0,0.0,42.58866746384216,44.13392019851955
2023-06-09 01:00:00,14.3,0.0,0.0,27.319398029981652,29.16253931970349
2023-06-09 02:00:00,16.4,0.0,0.0,28.98430719046872,46.247417798471744
2023-06-09 03:00:00,15.9,0.0,0.0,23.115409231731107,38.455060153118986
2023-06-09 04:00:00,15.2,0.0,0.0,18.517672603858106,32.19327172430104
2023-06-09 05:00:00,15.4,0.0,0.0,41.07870657642404,49.318914399696325
2023-06-09 06:00:00,16.1,0.0,0.0,91.38533577974249,176.76818118561886
2023-06-09 07:00:00,16.5,0.0,0.0,191.95523069664756,379.2438606061964
2023-06-09 08:00:00,16.9,0.0,0.0,297.3958747097527,266.7904784262813
2023-06-09 09:00:00,17.9,0.0,0.0,597.6145395389573,790.4418634428068
2023-06-09 10:00:00,18.8,0.0,0.0,978.914238955557,1081.6194641455756
2023-06-09 11:00:00,19.7,0.0,0.0,1527.986206219546,1787.4993708384673
2023-06-09 12:00:00,20.4,0.0,0.0,1673.4615689292846,1930.5678234046002
2023-06-09 13:00:00,21.6,0.0,0.0,2087.317502723536,2409.594762951337
2023-06-09 14:00:00,21.9,0.0,0.0,2965.5168383388577,3084.547747823324
2023-06-09 15:00:00,22.3,0.0,0.0,3322.2951056407373,3166.036518763636
2023-06-09 16:00:00,20.0,0.0,0.0,2416.4876277262797,2622.331283599175
2023-06-09 17:00:00,18.6,0.0,0.0,1283.6004593917255,910.7578898805782
2023-06-09 18:00:00,18.6,0.0,0.0,1560.195612070735,1425.1409039675243
2023-06-09 19:00:00,18.4,0.0,0.0,1642.922526730203,1468.731770376827
2023-06-09 20:00:00,17.2,0.0,0.0,439.2286802337303,482.25464028779305
2023-06-09 21:00:00,16.8,0.0,0.0,242.79072553593434,358.33599498979913
2023-06-09 22:00:00,16.7,0.0,0.0,127.45317765560544,167.2293183146196
2023-06-09 23:00:00,16.3,0.0,0.0,69.02643123065238,86.85757267987957
2023-06-10 00:00:00,15.9,0.0,0.0,49.748333498613064,56.74599647803993
2023-06-10 01:00:00,16.1,0.0,0.0,36.895918156858144,47.47097405046805
2023-06-10 02:00:00,15.9,0.0,0.0,30.91080222883079,41.870003795892195
2023-06-10 03:00:00,15.7,0.0,0.0,25.40507716427054,37.05063005610213
2023-06-10 04:00:00,15.8,0.0,0.0,20.795923496630046,35.94212894429995
2023-06-10 05:00:00,16.2,0.0,0.0,28.89718132546637,44.82420781258466
2023-06-10 06:00:00,17.1,0.0,0.0,96.9676863400004,119.58350513461399
2023-06-10 07:00:00,17.6,0.0,0.0,288.4416878966776,561.5839414798488
2023-06-10 08:00:00,18.1,0.0,0.0,430.25298625816873,591.6289863001131
2023-06-10 09:00:00,19.6,0.0,0.0,898.9282871353623,1260.1697221413801
2023-06-10 10:00:00,20.6,0.0,0.0,1557.1519631959331,1867.6287037075795
2023-06-10 11:00:00,21.9,0.0,0.0,2317.644397170322,2700.828164887609
2023-06-10 12:00:00,22.6,0.0,0.0,2545.809592704374,2705.2602629579246
2023-06-10 13:00:00,22.6,0.0,0.0,2868.418877697395,3027.156062105356
2023-06-10 14:00:00,23.0,0.0,0.0,3198.175301709096,3130.3437107516243
2023-06-10 15:00:00,19.4,0.0,0.0,1569.5353501493114,1355.3008984135613
2023-06-10 16:00:00,19.6,0.0,0.0,1681.7442067743,1493.2106405982518
2023-06-10 17:00:00,19.9,0.0,0.0,1437.167310928697,1302.077974825438
2023-06-10 18:00:00,19.4,0.0,0.0,1523.7860740247781,1528.55512048747
2023-06-10 19:00:00,18.8,0.0,0.0,1197.3565996393154,888.7922559397509
2023-06-10 20:00:00,18.1,0.0,0.0,525.0566282399199,537.3508921163957
2023-06-10 21:00:00,18.2,0.0,0.0,349.2486427033639,547.750842126633
2023-06-10 22:00:00,17.2,0.0,0.0,154.98902735364004,320.64296461644074
2023-06-10 23:00:00,16.6,0.0,0.0,80.28785786727259,89.22648458430984
2023-06-11 00:00:00,16.5,0.0,0.0,69.1436118050461,85.71405194076527
2023-06-11 01:00:00,16.6,0.0,0.0,53.74159915515963,60.55043361932607
2023-06-11 02:00:00,16.1,0.0,0.0,34.0803391736191,44.48655545355997
2023-06-11 03:00:00,15.8,0.0,0.0,22.957255352446094,37.05063005610213
2023-06-11 04:00:00,15.3,0.0,0.0,11.194590051593439,32.31427227090513
2023-06-11 05:00:00,15.6,0.0,0.0,43.82525945632227,54.49170864805423
2023-06-11 06:00:00,16.4,0.0,0.0,148.52129231490835,168.52933909065746
2023-06-11 07:00:00,17.2,0.0,0.0,580.9664241364021,699.3007421046947
2023-06-11 08:00:00,18.4,0.0,0.0,1133.0272431343628,1256.130504358784
2023-06-11 09:00:00,19.1,0.0,0.0,1460.0646066080542,1431.155274207188
2023-06-11 10:00:00,19.3,0.0,0.0,1259.3398744961826,1209.5239246225158
2023-06-11 11:00:00,20.6,0.0,0.0,1749.6827628361243,2026.6848731658215
2023-06-11 12:00:00,22.0,0.0,0.0,2465.8513640831943,2882.576742324528
2023-06-11 13:00:00,20.9,0.0,0.0,2381.6239208424986,2208.4710053306517
2023-06-11 14:00:00,22.2,0.0,0.0,2883.2523269327494,3158.452287358324
2023-06-11 15:00:00,19.8,0.0,0.0,1720.6095057286861,1598.8223723745396
2023-06-11 16:00:00,20.6,0.0,0.0,1704.1902519753803,1638.666207365738
2023-06-11 17:00:00,21.3,0.0,0.0,2191.6700176014347,2460.390150636986
2023-06-11 18:00:00,21.1,0.0,0.0,2296.352062600392,2560.53062179951
2023-06-11 19:00:00,19.8,0.0,0.0,1464.6181091434346,1704.2565187621178
2023-06-11 20:00:00,18.6,0.0,0.0,532.6945801425064,718.5759042528368
2023-06-11 21:00:00,17.6,0.0,0.0,279.08478546784403,477.6113540317142
2023-06-11 22:00:00,16.9,1.3310399583794853e-14,0.0,158.42250858824997,309.47795824182623
2023-06-11 23:00:00,15.2,6.951769866756161e-15,0.0,64.89901019178662,64.12998613079102
2023-06-12 00:00:00,14.1,3.4758849333780806e-15,0.0,37.18741560838855,30.08321311837313
2023-06-12 01:00:00,15.4,7.031356474846064e-15,0.0,31.89624683130763,27.447554017334465
2023-06-12 02:00:00,14.8,3.555471541467983e-15,0.0,21.155410793680687,23.594614805238038
2023-06-12 03:00:00,14.1,0.0,0.0,10.537178713680152,12.435564197146196
2023-06-12 04:00:00,13.4,5.333207312201975e-15,0.0,9.716996907264557,11.845776701422512
2023-06-12 05:00:00,14.3,1.4535604243060285e-14,0.0,54.82404407418433,45.587563022875386
2023-06-12 06:00:00,15.1,2.1432773586032756e-14,0.0,209.01513772305935,210.78379119067068
2023-06-12 07:00:00,16.2,1.54368339497459e-13,0.0,1026.5072880670073,1058.52161691949
2023-06-12 08:00:00,17.3,7.361917544686651e-14,0.0,1829.9043482896395,1578.1701593383295
2023-06-12 09:00:00,18.4,4.467109925021897e-13,0.0,2297.6170599270126,1903.7469671262215
2023-06-12 10:00:00,19.4,2.8753493357119937e-13,0.0,2456.822492679077,2159.4219861950232
2023-06-12 11:00:00,19.8,5.441921065962241e-13,0.0,2207.1353601737683,2111.8412192801266
2023-06-12 12:00:00,20.6,3.3447103087474735e-13,0.0,2380.827215420956,2252.7936511727276
2023-06-12 13:00:00,21.0,6.579798219903788e-13,0.0,2768.4286173528185,2715.3381435533965
2023-06-12 14:00:00,21.2,4.1289760649508237e-13,0.0,3185.6955643592687,2737.6123734549737
2023-06-12 15:00:00,21.4,2.5981495953417816e-13,0.0,3284.1198268019925,2691.479435329013
2023-06-12 16:00:00,20.5,8.072414604027998e-13,0.0,2738.22966472346,2435.0844460389108
2023-06-12 17:00:00,19.4,4.4516238737530955e-13,0.0,2209.1631432297945,1735.372655533576
2023-06-12 18:00:00,18.7,2.1958414061116106e-13,0.0,2302.1500272284507,1529.5177339592612
2023-06-12 19:00:00,17.2,6.958380803145261e-13,0.0,1963.5135897457587,1174.9663873098589
2023-06-12 20:00:00,16.1,7.714056382371723e-14,0.0,601.3795822785803,302.8038362455643
2023-06-12 21:00:00,15.4,8.328362870235302e-15,0.0,268.07651201201827,160.92927279915267
2023-06-12 22:00:00,14.0,1.5039741444313833e-14,0.0,128.49465657330623,73.53244271116503
2023-06-12 23:00:00,13.1,6.951769866756161e-15,0.0,65.01920430757676,38.016455737231894
2023-06-13 00:00:00,12.2,3.4758849333780806e-15,0.0,35.57683840129771,11.877941230993216
2023-06-13 01:00:00,11.7,8.689712333445199e-16,0.0,18.36935016006422,6.583990329134049
2023-06-13 02:00:00,10.3,0.0,292.5037823719675,8.60745659721797,0.0
2023-06-13 03:00:00,10.2,1.7777357707339916e-15,320.50734714963374,5.979899348253536,0.0
2023-06-13 04:00:00,10.5,0.0,275.7560963479269,5.497072734463177,3.8190203052969687
2023-06-13 05:00:00,11.8,0.0,0.0,31.904009556423762,19.104358135312815
2023-06-13 06:00:00,12.8,2.7807079467024645e-14,0.0,116.90029679029035,99.57242524464021
2023-06-13 07:00:00,14.2,3.6781184227113266e-14,0.0,464.74353828294545,248.78815295503705
2023-06-13 08:00:00,15.8,1.245883703604429e-13,0.0,1476.1538002225454,1194.5944778427245
2023-06-13 09:00:00,17.1,7.539249570247121e-14,0.0,2214.0250779773523,1762.7516510086234
2023-06-13 10:00:00,18.1,5.430180266838844e-13,0.0,2494.9681950033473,2233.3102024217087
2023-06-13 11:00:00,19.1,2.318711217286006e-13,0.0,2594.2317523876263,2452.027573536274
2023-06-13 12:00:00,19.7,3.7171742278845007e-13,0.0,2749.4780396938304,2473.1711513950418
2023-06-13 13:00:00,20.6,9.035080623024527e-14,0.0,3047.732662110889,2887.2830278802858
2023-06-13 14:00:00,21.0,1.7555756527401932e-13,0.0,3117.86763298779,2594.9262913261455
2023-06-13 15:00:00,21.2,2.312962821595262e-13,0.0,3256.554565104754,2679.0441314566033
2023-06-13 16:00:00,21.2,6.93565676892923e-13,0.0,3159.1308713287917,2662.1760582179377
2023-06-13 17:00:00,21.3,4.972055050239586e-13,0.0,3282.301739899473,2745.8571490760096
2023-06-13 18:00:00,19.6,5.426056232678058e-13,0.0,2782.437294127284,2272.6740192415373
2023-06-13 19:00:00,17.4,5.108660290481035e-13,0.0,1840.1600448851204,1182.409303857268
2023-06-13 20:00:00,15.3,5.6250851798768523e-14,0.0,435.1512937045727,320.7102878116673
2023-06-13 21:00:00,14.6,4.025585821733384e-14,0.0,213.5302863385298,145.146327484477
2023-06-13 22:00:00,13.6,8.178552784419014e-16,0.0,109.37188878152767,67.18835015134627
2023-06-13 23:00:00,12.5,1.4640176935456402e-14,0.0,61.10667634246167,30.877239846993586
2023-06-14 00:00:00,11.6,0.0,0.0,32.44595151543343,8.680793856987664
2023-06-14 01:00:00,11.8,3.555471541467983e-15,0.0,19.30893656897998,7.009257569488996
2023-06-14 02:00:00,11.4,1.7777357707339916e-15,0.0,11.007855180389747,5.580436475375145
2023-06-14 03:00:00,10.8,8.888678853669958e-16,177.13057903543142,7.611505646159467,4.306167940280502
2023-06-14 04:00:00,10.6,2.6666036561009876e-15,259.0168322541097,6.196112016543359,3.8190203052969687
2023-06-14 05:00:00,11.7,7.82074110010068e-15,0.0,54.19318400921778,19.813613114918184
2023-06-14 06:00:00,13.1,3.145172062060665e-14,0.0,197.47971060788618,131.62361327586817
2023-06-14 07:00:00,14.2,1.4625802411105405e-13,0.0,654.7150050001594,279.54862934982464
2023-06-14 08:00:00,15.8,2.137158694498831e-13,0.0,1375.5962497215464,1145.2760359538202
2023-06-14 09:00:00,17.0,4.420412020274421e-13,0.0,1595.3105393299038,1030.47157765184
2023-06-14 10:00:00,18.1,2.844377233174388e-14,0.0,1664.6017118486252,1366.2376453550523
2023-06-14 11:00:00,19.5,2.218695957800274e-13,0.0,2154.184468663314,2114.3351710834686
2023-06-14 12:00:00,20.4,1.4221886165871933e-14,0.0,2510.768296797176,2269.447711416624
2023-06-14 13:00:00,20.6,2.9400287075582635e-13,0.0,3226.0213126594354,2879.4373580110514
2023-06-14 14:00:00,21.1,2.8803486809736557e-13,0.0,3218.744825569917,2809.2229451006106
2023-06-14 15:00:00,21.2,3.545860146561719e-13,0.0,3058.4981242677923,2646.956033544835
2023-06-14 16:00:00,20.2,3.8819993766891364e-13,0.0,2960.2023114658186,2616.36619928117
2023-06-14 17:00:00,19.7,2.2025828599733436e-13,0.0,2874.8617106638753,2383.179774710596
2023-06-14 18:00:00,19.1,1.2291520728210505e-13,0.0,2386.7547163641034,1764.8188657675462
2023-06-14 19:00:00,17.9,7.263278382188128e-14,0.0,1524.9044211062217,1218.714926983634
2023-06-14 20:00:00,17.9,8.506304915150544e-14,0.0,498.6198845401343,619.2977537615058
2023-06-14 21:00:00,15.9,4.9820367135595524e-15,0.0,221.6996152707261,213.7430664899401
2023-06-14 22:00:00,14.2,1.4221886165871933e-14,0.0,106.01050575713343,78.09224047965833
2023-06-14 23:00:00,12.5,1.4456017634970384e-14,0.0,55.54238003155621,30.877239846993586
2023-06-15 00:00:00,12.4,0.0,0.0,31.023357940841045,20.61786515876181
2023-06-15 01:00:00,12.3,3.9899571581402434e-15,0.0,17.403821165376527,9.088098503481259
2023-06-15 02:00:00,11.3,0.0,0.0,8.747332366723525,4.651544115776903
2023-06-15 03:00:00,11.1,8.888678853669958e-16,175.8082353500691,6.023077878229381,4.306167940280502
2023-06-15 04:00:00,10.6,8.888678853669958e-16,259.0168322541097,4.653763683053696,3.8190203052969687
2023-06-15 05:00:00,11.4,1.066641462440395e-14,0.0,46.20117352829102,18.547022666744088
2023-06-15 06:00:00,13.2,0.00011431100182030039,0.0,225.80490802872436,183.18332055370794
2023-06-15 07:00:00,15.2,1.2228735266441134e-13,0.0,1074.3115517793967,879.552612630273
2023-06-15 08:00:00,17.1,7.947524622104907e-14,0.0,2028.0397864712322,1542.2766795105788
2023-06-15 09:00:00,18.9,2.922051497260309e-13,0.0,2622.239495592562,2089.837149240048
2023-06-15 10:00:00,19.9,1.5835125209883302e-13,0.0,2792.1012417605107,2467.221202160641
2023-06-15 11:00:00,20.6,1.3199304626150574e-13,0.0,2645.4339952116425,2238.5579214595637
2023-06-15 12:00:00,21.1,9.841700145030205e-14,0.0,2808.756725058342,2465.4345431958627
2023-06-15 13:00:00,21.7,6.692652313351499e-15,0.0,3045.9543935898478,2765.054398838788
2023-06-15 14:00:00,21.9,2.6987919013856413e-13,0.0,3158.391720995601,2879.485311547587
2023-06-15 15:00:00,22.1,3.8660082827331596e-13,0.0,3379.2282073622146,2933.7628910863373
2023-06-15 16:00:00,22.1,5.4914761413517306e-14,0.0,3292.1708942020305,2895.1558642508817
2023-06-15 17:00:00,21.6,3.692455563724813e-13,0.0,3123.51424018806,2717.3527380534074
2023-06-15 18:00:00,21.0,2.4762898695417343e-13,0.0,2930.944940262504,2656.0179763910182
2023-06-15 19:00:00,19.1,1.2368950984554518e-13,0.0,1804.964925305182,1568.081199288764
2023-06-15 20:00:00,17.6,5.659423752544484e-14,0.0,596.7334015170097,576.3791528316732
2023-06-15 21:00:00,15.8,3.38691391092046e-14,0.0,271.81711813106585,211.04714138549627
2023-06-15 22:00:00,15.3,1.0875560009196187e-14,0.0,135.62506905842307,96.90558580814142
2023-06-15 23:00:00,14.0,6.951769866756161e-15,0.0,71.26214175022753,42.86620525560048
2023-06-16 00:00:00,13.9,2.4858686350798408e-14,0.0,48.229763695558646,29.974719758034
2023-06-16 01:00:00,14.6,3.555471541467983e-15,0.0,38.5305304903308,24.30839852031596
2023-06-16 02:00:00,13.9,5.213827400067122e-15,0.0,26.127461717778345,20.331250501323645
2023-06-16 03:00:00,13.5,3.555471541467983e-15,0.0,15.948066498116724,11.845776701422512
2023-06-16 04:00:00,13.2,1.7913134462549997e-15,0.0,11.16886363101479,10.592012451243273
2023-06-16 05:00:00,13.7,1.4221886165871933e-14,0.0,69.04362141152694,37.191719351212996
2023-06-16 06:00:00,15.0,7.187230139124676e-14,0.0,254.99856697590272,333.4800424970677
2023-06-16 07:00:00,16.5,7.262266290247473e-14,0.0,1014.913257426947,1064.602699110381
2023-06-16 08:00:00,18.1,1.378861438770584e-13,0.0,1731.942264048987,1735.2372359885933
2023-06-16 09:00:00,19.9,5.34515027273558e-13,0.0,2272.9511682007214,2362.6238169500475
2023-06-16 10:00:00,21.2,6.485022056620787e-13,0.0,2526.7625190221106,2606.6818706520603
2023-06-16 11:00:00,21.9,2.389635513908515e-13,0.0,2363.278378019906,2674.0910474892844
2023-06-16 12:00:00,22.5,2.9307875810656997e-13,0.0,2484.5631617885706,2832.1182654939694
2023-06-16 13:00:00,22.6,7.390659523140368e-13,0.0,2712.588866326877,2973.870228596255
2023-06-16 14:00:00,23.1,5.85184602015502e-13,0.0,3054.738887354856,3140.802789895404
2023-06-16 15:00:00,23.2,6.210195728209614e-13,0.0,3138.09809459029,3175.7407144944987
2023-06-16 16:00:00,23.4,2.4970107602124277e-13,0.0,3115.0958997427733,3131.4831121598504
2023-06-16 17:00:00,22.9,2.884842983548144e-13,0.0,2945.630674414721,2931.7103347628195
2023-06-16 18:00:00,22.0,6.546831487422525e-13,0.0,2857.4596359210473,2825.230756286942
2023-06-16 19:00:00,20.0,2.5517084687387323e-13,0.0,1874.3221306091457,1629.8613596149598
2023-06-16 20:00:00,17.7,1.419070410999914e-13,0.0,598.6381945941083,606.8503139105637
2023-06-16 21:00:00,16.6,3.290925861691252e-14,0.0,294.5788742318175,244.97587029182188
2023-06-16 22:00:00,16.1,3.3463261566757505e-14,0.0,144.3936496611111,119.32311692540961
2023-06-16 23:00:00,15.7,1.406271294969213e-14,0.0,83.94558954370356,58.44966662077529
2023-06-17 00:00:00,15.2,8.15667000689714e-15,0.0,63.25606741814989,38.93098179850091
2023-06-17 01:00:00,14.9,1.0427654800134241e-14,0.0,44.819691913657906,25.978347298097546
2023-06-17 02:00:00,14.2,0.0,0.0,29.446938553440795,21.369757768538015
2023-06-17 03:00:00,13.7,8.689712333445199e-16,0.0,18.303027357691477,11.845776701422512
2023-06-17 04:00:00,13.4,1.7777357707339916e-15,0.0,10.372225465251338,11.845776701422512
2023-06-17 05:00:00,13.9,1.3903539733512319e-14,0.0,47.04728861252173,28.842322160953852
2023-06-17 06:00:00,15.1,3.67909678827272e-14,0.0,159.19577068987832,112.37289880399078
2023-06-17 07:00:00,16.6,1.3353369263600284e-13,0.0,827.4501836773005,953.9968448897646
2023-06-17 08:00:00,18.4,1.808518482263908e-13,0.0,1741.8083972140018,1841.1419537748525
2023-06-17 09:00:00,19.9,2.844377233174388e-14,0.0,2217.223193333531,2395.2028552878787
2023-06-17 10:00:00,20.8,7.720553828491549e-13,0.0,2214.114962012979,2353.4684972499294
2023-06-17 11:00:00,21.9,7.29213810771196e-13,0.0,2244.733254332582,2562.9958986613415
2023-06-17 12:00:00,22.9,2.693927330397452e-13,0.0,2324.5118920231835,2875.4593816705765
2023-06-17 13:00:00,21.9,3.1425503855588795e-13,0.0,2642.0472421819995,2916.8470126686343
2023-06-17 14:00:00,22.9,1.3085684455070422e-14,0.0,2974.2839509626224,3107.812132765518
2023-06-17 15:00:00,20.6,7.331955527523392e-14,0.0,2528.6181844418634,2612.270830572542
2023-06-17 16:00:00,21.3,1.9114036827941717e-13,0.0,2533.0957109269602,2561.736255968406
2023-06-17 17:00:00,21.8,2.0952076136694304e-13,0.0,2968.2689366907484,2776.564692050682
2023-06-17 18:00:00,21.4,8.044194695464808e-13,0.0,2897.8379254640695,2686.658132639146
2023-06-17 19:00:00,20.1,4.619318963602263e-13,0.0,1879.1956354192698,1629.2875395656674
2023-06-17 20:00:00,17.8,1.0943648419180883e-13,0.0,588.4001487590583,649.881856203279
2023-06-17 21:00:00,16.6,2.9517695066816596e-14,0.0,291.16730385578535,244.97587029182188
2023-06-17 22:00:00,15.6,4.2690697791932515e-14,0.0,145.29550090744135,134.67755824196522
2023-06-17 23:00:00,14.8,7.788351405925099e-15,0.0,79.41489932356498,49.68576814759862
2023-06-18 00:00:00,14.3,1.108470539398842e-14,0.0,66.74242113717878,43.4434845551737
2023-06-18 01:00:00,14.8,7.110943082935968e-15,0.0,47.68721332688793,32.541411386923805
2023-06-18 02:00:00,13.1,7.110943082935968e-15,0.0,23.695053578546364,17.950093436268205
2023-06-18 03:00:00,12.7,0.0,0.0,10.856774451396632,8.777941402440067
2023-06-18 04:00:00,12.4,8.888678853669958e-16,0.0,7.7960946031134,8.498830190033521
2023-06-18 05:00:00,14.1,1.066641462440395e-14,0.0,43.442495988388,30.7616511945658
2023-06-18 06:00:00,16.1,2.7711766538625107e-14,0.0,280.696646843382,267.91415438800465
2023-06-18 07:00:00,17.9,3.1399372226587736e-13,0.0,1223.765101048308,917.8183423838781
2023-06-18 08:00:00,19.8,6.24328872136267e-13,0.0,2443.414579097347,2161.430815071269
2023-06-18 09:00:00,21.6,3.1158370914555345e-13,0.0,3196.1524607958067,2580.497114575694
2023-06-18 10:00:00,22.9,1.409454759292809e-13,0.0,3508.6396806496214,3030.1183639813594
2023-06-18 11:00:00,24.1,1.520660379107053e-12,0.0,3573.100734809114,3271.915076781579
2023-06-18 12:00:00,24.9,9.797523196917755e-13,0.0,3633.153793495634,3421.637121169713
2023-06-18 13:00:00,25.4,4.2950467932700335e-13,0.0,3895.5175617091536,3668.587959443226
2023-06-18 14:00:00,25.6,7.819192990990069e-13,0.0,3744.2854863017556,3630.440081224496
2023-06-18 15:00:00,25.8,6.39174399419595e-13,0.0,3945.6585890656215,3811.2859703150916
2023-06-18 16:00:00,25.9,7.851410673042253e-14,0.0,3839.4984149723905,3699.6619068686496
2023-06-18 17:00:00,25.6,2.3758915712397823e-13,0.0,3619.4952537654435,3520.831579516672
2023-06-18 18:00:00,25.1,4.975303773299499e-13,0.0,3334.7833604858606,3365.868591036652
2023-06-18 19:00:00,22.6,1.967346970835052e-13,0.0,2244.577981297208,2246.3343644930005
2023-06-18 20:00:00,19.6,1.4344302015969234e-13,0.0,878.9183829297842,898.7278425643178
2023-06-18 21:00:00,20.2,1.005273943989934e-13,0.0,667.8846258218459,778.0244452843963
2023-06-18 22:00:00,20.0,9.535178204457382e-14,0.0,455.41915836338706,665.1699931346877
2023-06-18 23:00:00,20.8,2.1264973158677645e-14,0.0,204.54184275706808,359.5237073200867
2023-06-19 00:00:00,16.6,4.9967127124637966e-14,0.0,84.2439762153568,51.01006590016907
2023-06-19 01:00:00,17.5,8.206642175509566e-15,0.0,69.98992449766861,49.34911318329988
2023-06-19 02:00:00,17.0,7.031356474846064e-15,0.0,54.632810606390166,42.330157632029824
2023-06-19 03:00:00,14.6,1.3986394238239603e-14,0.0,33.93730620179295,22.800375958014634
2023-06-19 04:00:00,15.3,5.2286346198058594e-17,0.0,35.37928322895242,26.526707127277724
2023-06-19 05:00:00,15.9,5.527273565854152e-15,0.0,115.90016754557348,72.06635489059909
2023-06-19 06:00:00,17.9,0.002569226128124895,0.0,921.7284410470386,612.7859625968758
2023-06-19 07:00:00,20.0,1.5046011909895116e-13,0.0,2078.424472496511,1771.8566220509258
2023-06-19 08:00:00,22.1,3.2087363718649916e-13,0.0,2741.651263827798,2644.36502315216
2023-06-19 09:00:00,23.8,2.0737291589679762e-13,0.0,3330.243204418388,3145.6689235387475
2023-06-19 10:00:00,25.1,0.0,0.0,3474.081899912201,3503.008637541829
2023-06-19 11:00:00,26.4,0.0,0.0,3527.129950404591,3575.9630058258062
2023-06-19 12:00:00,27.4,0.0,0.0,3753.3861080333527,3821.6836917629967
2023-06-19 13:00:00,27.9,0.0,0.0,4087.488795057162,4057.319223346762
2023-06-19 14:00:00,28.1,0.0,0.0,4130.939378857942,4123.363843508947
2023-06-19 15:00:00,28.4,0.0,0.0,4498.494579824801,4233.283697696533
2023-06-19 16:00:00,28.4,3.077879527314288e-13,0.0,4434.636264193819,4143.997660428021
2023-06-19 17:00:00,28.0,4.4259036378207375e-13,0.0,4222.1129383711705,3911.139569328401
2023-06-19 18:00:00,26.6,9.183443689592725e-13,0.0,3739.6036834501,3569.938716907408
2023-06-19 19:00:00,24.4,0.0,0.0,2540.54167233924,2530.9757260922443
2023-06-19 20:00:00,22.0,0.0,0.0,1165.527553791484,1220.2431068910703
2023-06-19 21:00:00,21.3,0.0,0.0,877.2561029132168,868.637622830874
2023-06-19 22:00:00,20.6,0.0,0.0,542.6642362701213,537.2675106790725
2023-06-19 23:00:00,19.9,0.0,0.0,257.04044937180356,298.3488766457169
2023-06-20 00:00:00,18.9,0.0,0.0,131.6824251709349,114.72090063577139
2023-06-20 01:00:00,17.9,0.0,0.0,88.45557050408156,65.14934785530176
2023-06-20 02:00:00,17.2,0.0,0.0,70.96165705008244,45.9449334116651
2023-06-20 03:00:00,17.2,0.0,0.0,64.24025053523476,45.409612599102005
2023-06-20 04:00:00,17.2,0.0,0.0,61.891459806753254,45.75918427376244
2023-06-20 05:00:00,18.6,0.0,0.0,184.47160668924988,158.56194794706437
2023-06-20 06:00:00,20.3,0.0,0.0,1299.7629181832926,1158.444264835438
2023-06-20 07:00:00,22.3,0.0,0.0,2349.9984291647515,2358.054298254752
2023-06-20 08:00:00,24.6,0.0,0.0,2991.569820231631,3108.5757976106606
2023-06-20 09:00:00,26.6,0.0,0.0,3297.2768432064818,3531.5575437968782
2023-06-20 10:00:00,28.1,0.0,0.0,3527.9278525867117,3860.90359506021
2023-06-20 11:00:00,28.9,0.0,0.0,3580.5720920949607,4011.934177726673
2023-06-20 12:00:00,29.3,0.0,0.0,3706.8319078871987,3941.745283298257
2023-06-20 13:00:00,29.6,0.0,0.0,3936.5839139897225,4195.737985237431
2023-06-20 14:00:00,29.7,0.0,0.0,3975.2411358481013,4246.605781986995
2023-06-20 15:00:00,29.6,0.0,0.0,4150.99648758367,4422.705873646196
2023-06-20 16:00:00,28.9,0.0,0.0,3943.7295426798364,3945.5460181887966
2023-06-20 17:00:00,28.6,0.0,0.0,3444.295340092278,3494.3027098431435
2023-06-20 18:00:00,27.9,0.0,0.0,3292.677002519383,3221.2096134483268
2023-06-20 19:00:00,26.6,0.0,0.0,2995.6439395268876,2865.376579602874
2023-06-20 20:00:00,25.2,0.0,0.0,1611.7888449862287,1440.6848804991146
2023-06-20 21:00:00,24.2,0.0,0.0,1276.515798591511,1180.335256013872
2023-06-20 22:00:00,23.1,0.0,0.0,895.2757972241219,799.7379499062254
2023-06-20 23:00:00,22.2,0.0,0.0,663.6750582187562,500.96386283323557
2023-06-21 00:00:00,21.4,0.0,0.0,486.8194392770687,326.8533467316154
2023-06-21 01:00:00,21.9,0.0,0.0,427.03566406271585,405.89666359424666
2023-06-21 02:00:00,21.2,0.0,0.0,322.52923251308846,226.26423997127273
2023-06-21 03:00:00,19.8,0.0,0.0,169.6917625144705,110.54765094763292
2023-06-21 04:00:00,21.5,0.0,0.0,242.01917527995772,305.9385835841286
2023-06-21 05:00:00,20.6,0.0,0.0,409.03544430610845,392.76048071031073
2023-06-21 06:00:00,21.6,0.0,0.0,981.1820777540495,857.6186795027301
2023-06-21 07:00:00,23.3,0.0,0.0,2113.2990150419832,1945.2044522401538
2023-06-21 08:00:00,24.9,0.0,0.0,3224.701263342191,2834.34735222881
2023-06-21 09:00:00,26.4,0.0,0.0,4124.088521505671,3500.2249661987335
2023-06-21 10:00:00,27.9,0.0,0.0,4124.3222137416,3789.1451643181335
2023-06-21 11:00:00,29.6,0.0,0.0,4137.431028702562,4214.812240330761
2023-06-21 12:00:00,31.3,0.0,0.0,4514.272527892953,4394.408500342209
2023-06-21 13:00:00,31.1,0.0,0.0,4842.368586819093,4585.630071577083
2023-06-21 14:00:00,31.6,0.0,0.0,5011.955021037693,4644.766272389697
2023-06-21 15:00:00,31.5,0.0,0.0,5157.468195829214,4590.03461062591
2023-06-21 16:00:00,31.1,0.0,0.0,4490.0328320806875,4089.789300582919
2023-06-21 17:00:00,31.2,0.0,0.0,4285.340080351708,3934.3057054211436
2023-06-21 18:00:00,29.8,0.0,0.0,4131.314778035028,3498.17937417137
2023-06-21 19:00:00,27.6,0.0,0.0,3147.2172171742704,2777.7065158655178
2023-06-21 20:00:00,25.2,0.0,0.0,1767.8597527945853,1449.5207073787142
2023-06-21 21:00:00,25.1,0.0,0.0,1383.0956526015414,1246.0488433357516
2023-06-21 22:00:00,24.4,0.0,0.0,1099.1591969491865,962.1882295692745
2023-06-21 23:00:00,23.5,0.0,0.0,777.8796780262534,672.8844043942071
2023-06-22 00:00:00,22.6,0.0,0.0,545.8038774873885,472.6456726807005
2023-06-22 01:00:00,20.4,0.0,0.0,275.63099508122417,163.24242560520977
2023-06-22 02:00:00,20.2,0.0,0.0,282.96743331935744,148.21646889798504
2023-06-22 03:00:00,19.5,0.0,0.0,165.7834654374131,109.53760789395787
2023-06-22 04:00:00,18.4,0.0,0.0,99.1216735839862,69.90953164347746
2023-06-22 05:00:00,19.8,0.0,0.0,626.3376370004197,363.88576574526513
2023-06-22 06:00:00,21.3,0.0,0.0,1756.756573176105,1317.1358833686793
2023-06-22 07:00:00,22.9,0.0,0.0,2712.2258233745256,2660.402749483281
2023-06-22 08:00:00,24.6,0.0,0.0,3267.6941783713814,3101.9204732980725
2023-06-22 09:00:00,26.2,0.0,0.0,3742.113552046742,3527.5075920538407
2023-06-22 10:00:00,27.7,0.0,0.0,3884.7576118960737,3819.7698710638847
2023-06-22 11:00:00,28.9,0.0,0.0,3985.0292871280626,4087.8387936630825
2023-06-22 12:00:00,29.8,0.0,0.0,4115.171003984815,4284.093713476167
2023-06-22 13:00:00,29.6,0.0,0.0,4389.898414845715,4502.506542671162
2023-06-22 14:00:00,30.4,0.0,0.0,4614.708840815092,4535.185141069898
2023-06-22 15:00:00,30.9,0.0,0.0,4457.154156745328,4296.650523444492
2023-06-22 16:00:00,30.9,0.0,0.0,4233.696091190468,4097.697882817815
2023-06-22 17:00:00,30.8,0.0,0.0,4090.2051397953387,3868.8559165972288
2023-06-22 18:00:00,29.7,0.0,0.0,3652.6804814212655,3426.136927073004
2023-06-22 19:00:00,28.4,0.0,0.0,3250.8587462483006,3145.0776240743216
2023-06-22 20:00:00,27.2,0.0,0.0,1948.9506127842494,1686.6966588453815
2023-06-22 21:00:00,26.6,0.0,0.0,1592.9057831092819,1437.9882588837124
2023-06-22 22:00:00,26.2,0.0,0.0,1302.9558527929764,1092.9366564325217
2023-06-22 23:00:00,25.8,0.0,0.0,1010.3192092458821,900.1581232644296
2023-06-23 00:00:00,25.4,0.0,0.0,802.0789256177377,741.315241989498
2023-06-23 01:00:00,25.4,0.0,0.0,750.6931026840825,725.015439230362
2023-06-23 02:00:00,24.1,0.0,0.0,662.8188772334198,631.4506139100007
2023-06-23 03:00:00,24.6,0.0,0.0,641.1477489336172,658.2251310720179
2023-06-23 04:00:00,23.7,0.0,0.0,570.182613972442,600.766781587937
2023-06-23 05:00:00,22.9,0.0,0.0,633.0143561834741,610.9119602517246
2023-06-23 06:00:00,22.8,0.0,0.0,989.7123805742078,1509.7168448332102
2023-06-23 07:00:00,23.4,0.0,0.0,1601.8288743002192,1814.462306340298
2023-06-23 08:00:00,24.2,0.0,0.0,2063.9506195101444,2435.0842229895425
2023-06-23 09:00:00,25.4,0.0,0.0,2766.037787453987,3201.8035979660253
2023-06-23 10:00:00,26.5,0.0,0.0,3189.1746808845846,3613.1716651741663
2023-06-23 11:00:00,27.2,0.0,0.0,3282.3336637002085,3794.123144722618
2023-06-23 12:00:00,27.8,0.0,0.0,3286.976643237591,3847.1066379678923
2023-06-23 13:00:00,24.8,0.0,0.0,3237.033562546697,3592.378613570382
2023-06-23 14:00:00,24.8,0.0,0.0,2711.3877705258983,2769.4237043591647
2023-06-23 15:00:00,23.4,0.0,0.0,1979.3009680610703,2087.545564162516
2023-06-23 16:00:00,23.9,0.0,0.0,2519.123553759752,2782.4656148131608
2023-06-23 17:00:00,24.3,0.0,0.0,3075.3641572786246,3333.641470628825
2023-06-23 18:00:00,23.1,0.0,0.0,2327.01498818441,2212.60014356575
2023-06-23 19:00:00,22.2,0.0,0.0,1939.6183169019864,1859.2723210066424
2023-06-23 20:00:00,21.4,0.0,0.0,1097.6515365842838,1047.0238978120033
2023-06-23 21:00:00,21.4,0.0,0.0,879.7345276961963,893.8644711063989
2023-06-23 22:00:00,21.0,0.0,0.0,600.3352488009602,551.5677922746106
2023-06-23 23:00:00,19.9,1.0382364196703574e-14,0.0,319.73056401626945,308.8165939155152
2023-06-24 00:00:00,19.1,2.781560025817896e-14,0.0,164.65091775478788,163.64957892413693
2023-06-24 01:00:00,18.7,0.0,0.0,103.06631429852678,84.60449397237863
2023-06-24 02:00:00,18.2,1.0038978470027249e-14,0.0,74.89118291589364,68.69901281771664
2023-06-24 03:00:00,18.1,4.800980719857872e-15,0.0,60.78844007992732,64.59928078642527
2023-06-24 04:00:00,18.3,0.0,0.0,54.14831072491464,69.12124557765314
2023-06-24 05:00:00,17.6,1.084594556971871e-14,0.0,53.389698859546016,54.90933666180403
2023-06-24 06:00:00,17.4,3.057899173470996e-14,0.0,96.68711273029207,92.3135957119049
2023-06-24 07:00:00,17.2,3.257681427899712e-14,0.0,165.05890551332715,194.78053951807343
2023-06-24 08:00:00,17.8,0.0006740310182506706,0.0,452.0290263065525,463.02736297581373
2023-06-24 09:00:00,18.4,9.381601582491487e-14,0.0,669.3586014817243,543.8118118442267
2023-06-24 10:00:00,18.9,8.466348464264799e-14,0.0,749.751770146416,725.1711839738726
2023-06-24 11:00:00,19.1,5.6250851798768523e-14,0.0,786.66956491879,775.3468210829728
2023-06-24 12:00:00,20.1,2.4210998887307757e-13,0.0,1053.9440243118554,1331.3950156862306
2023-06-24 13:00:00,18.9,2.2555299462978978e-13,0.0,999.407824280549,1165.9286289349861
2023-06-24 14:00:00,19.2,0.0,0.0,752.1636677400485,981.6824031619815
2023-06-24 15:00:00,20.1,0.0,0.0,664.6556913795018,940.5602415723554
2023-06-24 16:00:00,21.4,0.0,0.0,851.5175745446556,1249.3412387865583
2023-06-24 17:00:00,22.4,0.0,0.0,1596.095456415816,2308.445708552601
2023-06-24 18:00:00,22.1,1.0038978470027252e-13,0.0,1819.6956002231666,2327.3640906634173
2023-06-24 19:00:00,21.4,3.776740764199835e-13,0.0,1399.050951118085,1798.9310367305507
2023-06-24 20:00:00,19.4,6.599652313075286e-14,0.0,406.84895566072987,855.4353711115984
2023-06-24 21:00:00,17.9,1.3653785310471178e-14,0.0,188.45775239203635,397.32986094987683
2023-06-24 22:00:00,17.6,1.254872308753406e-15,0.0,109.43102439644953,209.0406317468367
2023-06-24 23:00:00,16.9,0.0,0.0,59.89286152981709,81.0606884019339
2023-06-25 00:00:00,16.1,1.071638679301638e-14,0.0,48.832074854394655,68.19960471702498
2023-06-25 01:00:00,16.6,6.951769866756161e-15,0.0,33.1517229418913,54.60999947543316
2023-06-25 02:00:00,15.9,2.606913700033561e-15,0.0,17.613832690191526,35.32916391224621
2023-06-25 03:00:00,15.5,1.7777357707339916e-15,0.0,9.222713616713587,30.77273013941017
2023-06-25 04:00:00,15.2,0.0,0.0,7.20365849049524,28.719118658245243
2023-06-25 05:00:00,15.8,7.110943082935968e-15,0.0,31.48261674534477,51.664650080191734
2023-06-25 06:00:00,17.1,3.5859123571515165e-14,0.0,145.1768657075765,289.49525176979165
2023-06-25 07:00:00,18.6,0.0,0.0,760.5856927244137,925.997907061287
2023-06-25 08:00:00,20.4,0.0,0.0,1744.24616547488,2345.0972158849563
2023-06-25 09:00:00,22.1,0.0,0.0,2487.0854947490634,2819.5934030441094
2023-06-25 10:00:00,23.5,0.0,0.0,2848.4930751082175,3149.502960683812
2023-06-25 11:00:00,24.4,0.0,0.0,2884.0311373007344,3224.871266435208
2023-06-25 12:00:00,25.1,0.0,0.0,3039.679492797761,3388.9696557606267
2023-06-25 13:00:00,25.2,3.9257053365211274e-14,0.0,3102.1822688898155,3419.7203086485956
2023-06-25 14:00:00,26.1,4.187419025622535e-13,0.0,3342.870848825679,3778.1652185937983
2023-06-25 15:00:00,25.9,1.9241375400885567e-13,0.0,2931.918614949437,2977.8582998294323
2023-06-25 16:00:00,26.2,4.2281202701365185e-13,0.0,2885.1280791279105,3212.3670586977078
2023-06-25 17:00:00,25.9,2.1661233966902603e-13,0.0,2687.3337750858,2932.1416396228365
2023-06-25 18:00:00,25.1,2.071726015422639e-13,0.0,2764.89550549124,3124.80307362646
2023-06-25 19:00:00,23.1,3.640888831188307e-13,0.0,1993.5439921360035,2344.998272787141
2023-06-25 20:00:00,20.3,1.3304171686221974e-13,0.0,771.0560888918837,1009.7348817592385
2023-06-25 21:00:00,20.5,1.3026980459453447e-13,0.0,603.173692045215,836.0853535265117
2023-06-25 22:00:00,19.4,7.584660752510183e-14,0.0,341.60422643776866,612.5083505395396
2023-06-25 23:00:00,18.2,1.1078498780419741e-14,0.0,117.38434070403953,142.36785730965096
2023-06-26 00:00:00,17.1,3.9571480756582586e-14,0.0,71.33329451079888,63.784137149221024
2023-06-26 01:00:00,16.9,1.3903539733512319e-14,0.0,54.46472109961853,53.90594395523718
2023-06-26 02:00:00,16.2,3.4758849333780806e-15,0.0,39.46244851324242,43.272366730834435
2023-06-26 03:00:00,16.1,3.555471541467983e-15,0.0,31.0387366715093,40.696787137111954
2023-06-26 04:00:00,15.7,3.4758849333780806e-15,0.0,26.4848797332683,35.92533494230864
2023-06-26 05:00:00,16.5,2.9639415761542335e-14,0.0,94.03263201679201,94.81993077687052
2023-06-26 06:00:00,18.4,0.0025448338209555655,0.0,647.1415609262833,738.8746974899772
2023-06-26 07:00:00,20.2,0.0,0.0,1736.4795966211732,1753.6110462871193
2023-06-26 08:00:00,21.9,0.0,0.0,2542.497680538535,2618.763864623635
2023-06-26 09:00:00,23.4,0.0,0.0,3187.917641372775,2975.1379435843055
2023-06-26 10:00:00,24.6,0.0,0.0,3441.9903487967085,3246.5050099199007
2023-06-26 11:00:00,25.7,0.0,0.0,3475.140212185346,3379.5788882211746
2023-06-26 12:00:00,26.5,0.0,0.0,3572.980853891864,3517.4052367443883
2023-06-26 13:00:00,27.1,0.0,0.0,3669.462119590192,3850.0098307795047
2023-06-26 14:00:00,27.9,0.0,0.0,3990.7276548238397,4217.3027383251765
2023-06-26 15:00:00,28.4,4.710846403825351e-13,0.0,3965.2821974600697,4076.0601064076895
2023-06-26 16:00:00,28.1,1.912532366598801e-12,0.0,3807.6772785612984,4016.9358151867063
2023-06-26 17:00:00,27.6,4.089276392209506e-13,0.0,3919.589188258649,3899.504588057438
2023-06-26 18:00:00,27.1,6.663456373820682e-13,0.0,3836.628160522358,3548.0339517266666
2023-06-26 19:00:00,25.6,4.037069842712355e-13,0.0,2680.7427716762186,2542.8632832563258
2023-06-26 20:00:00,23.1,0.0,0.0,1219.6894898418664,1212.3938005588543
2023-06-26 21:00:00,22.3,0.0,0.0,918.0706093107829,949.9162822171384
2023-06-26 22:00:00,21.8,0.0,0.0,621.0384680085026,714.2185793560972
2023-06-26 23:00:00,21.4,0.0,0.0,388.0701689591303,420.4489851126108
2023-06-27 00:00:00,21.4,0.0,0.0,247.32863852469967,381.77528383899715
2023-06-27 01:00:00,21.4,0.0,0.0,213.06725422416258,358.0343750467088
2023-06-27 02:00:00,20.9,0.0,0.0,142.45307038270562,237.26476223464468
2023-06-27 03:00:00,20.4,0.0,0.0,106.66375237619972,147.3356362988014
2023-06-27 04:00:00,19.9,0.0,0.0,99.95923317723602,101.14965068178572
2023-06-27 05:00:00,19.9,0.0,0.0,238.9203627112153,311.9995710240005
2023-06-27 06:00:00,20.4,0.0,0.0,647.2971246420523,691.398154170756
2023-06-27 07:00:00,20.6,0.0,0.0,710.3168953162324,751.9807776151488
2023-06-27 08:00:00,20.7,0.0,0.0,988.0827722961639,909.2633972893541
2023-06-27 09:00:00,20.6,0.0,0.0,1083.4269081322086,923.1919507453374
2023-06-27 10:00:00,20.4,0.0,0.0,1361.7981124538487,1132.6645766058361
2023-06-27 11:00:00,20.7,0.0,0.0,1382.3763641266964,1049.0616768142334
2023-06-27 12:00:00,21.0,0.0,0.0,1616.893904598904,1712.9414377437652
2023-06-27 13:00:00,20.4,1.4221886165871933e-14,0.0,1696.6992230291992,1886.158416962698
2023-06-27 14:00:00,21.9,2.312466292509767e-14,0.0,2189.0008299763062,2331.5257404192344
2023-06-27 15:00:00,21.7,3.308002580921643e-13,0.0,2195.9951604135986,2342.5736437651876
2023-06-27 16:00:00,21.6,2.2567797826133134e-13,0.0,1934.8596136858105,1876.769077543912
2023-06-27 17:00:00,22.1,2.723514822346169e-13,0.0,1786.4013849375508,1651.2008266899702
2023-06-27 18:00:00,22.0,4.474722433183667e-13,0.0,1692.8222899210857,1881.4918456720052
2023-06-27 19:00:00,21.1,3.1243291675190174e-13,0.0,1639.8031563977358,1786.96630146468
2023-06-27 20:00:00,19.2,1.890179877836724e-13,0.0,670.0663525251127,686.6687443141157
2023-06-27 21:00:00,17.6,1.0691411350712265e-13,0.0,381.32656624425306,276.53108030333055
2023-06-27 22:00:00,17.2,3.864518695476676e-14,0.0,157.38986317936727,141.81080952991073
2023-06-27 23:00:00,17.0,8.272184088054193e-16,0.0,85.32808938990544,84.1153264024009
2023-06-28 00:00:00,16.9,7.110943082935968e-15,0.0,58.479927582755884,61.972303921639785
2023-06-28 01:00:00,17.0,6.2743615437670305e-16,0.0,47.95225975273083,54.703957499714626
2023-06-28 02:00:00,16.1,1.066641462440395e-14,0.0,34.145758586051485,43.88153253535904
2023-06-28 03:00:00,15.9,1.7777357707339916e-15,0.0,26.575177310664323,39.264251284340574
2023-06-28 04:00:00,15.3,3.515678237423032e-15,0.0,22.484432402815415,33.495217655670594
2023-06-28 05:00:00,14.9,2.456995435791627e-14,0.0,45.16752888073751,51.372241846366094
2023-06-28 06:00:00,15.3,4.644290149105537e-14,0.0,114.13389518351389,155.97432206345215
2023-06-28 07:00:00,16.2,4.726859485147388e-14,0.0,339.17978052385337,498.4675314232235
2023-06-28 08:00:00,18.1,1.1628483394448233e-13,0.0,1479.4897266657358,1896.428157919486
2023-06-28 09:00:00,19.4,2.244790718947171e-13,0.0,2171.701491090439,2269.6133941872185
2023-06-28 10:00:00,20.5,6.298600706044584e-13,0.0,2273.6443376609486,2357.454211013821
2023-06-28 11:00:00,21.3,2.2796258207002977e-13,0.0,2166.1206523104197,2529.2020623972253
2023-06-28 12:00:00,22.4,2.1945958265970344e-13,0.0,2338.412771833837,2664.0480632213976
2023-06-28 13:00:00,21.3,5.607857020007978e-13,0.0,2524.3695917851683,2692.887430146608
2023-06-28 14:00:00,23.0,2.7287624321505784e-13,0.0,2719.737312819654,3164.6645082824
2023-06-28 15:00:00,23.2,5.326171490664958e-13,0.0,2728.6041334108295,3197.050085081213
2023-06-28 16:00:00,22.9,4.945712024549942e-13,0.0,2195.4302670778766,2371.040632266612
2023-06-28 17:00:00,22.4,4.97256009292676e-13,0.0,1925.0449099629536,2041.2899955228968
2023-06-28 18:00:00,22.4,2.860115805786777e-13,0.0,2177.3366817259607,2421.964069466784
2023-06-28 19:00:00,21.4,5.5946266336281e-13,0.0,1793.5821323114305,1916.7270363631762
2023-06-28 20:00:00,19.4,2.844377233174388e-14,0.0,616.2563244930318,712.2363813757723
2023-06-28 21:00:00,17.4,5.308253153902061e-14,0.0,286.74975233972486,250.4598380402117
2023-06-28 22:00:00,16.2,2.896200743855319e-14,0.0,129.16221221697361,124.35852729109803
2023-06-28 23:00:00,15.4,4.1829076958446875e-16,0.0,68.37666922980819,61.90269669450785
2023-06-29 00:00:00,14.9,1.406271294969213e-14,0.0,43.21043526472708,43.62285022664473
2023-06-29 01:00:00,14.8,3.4758849333780806e-15,0.0,29.658110449638194,34.93907460635653
2023-06-29 02:00:00,14.3,0.0,0.0,17.809911127266922,28.31975776170378
2023-06-29 03:00:00,14.1,0.0,0.0,10.427992765538288,25.088133260290668
2023-06-29 04:00:00,13.9,1.7777357707339916e-15,0.0,9.700507582473609,25.823395420938894
2023-06-29 05:00:00,14.7,2.1064454985060723e-14,0.0,70.83781407653086,70.4107761726416
2023-06-29 06:00:00,16.4,0.00019437556382553283,12.6322301999588,373.1764611814795,519.9394915300646
2023-06-29 07:00:00,18.4,1.8927405524030323e-13,0.0,1383.3640347280582,1387.9156100752366
2023-06-29 08:00:00,20.2,6.077083218769985e-14,0.0,2128.4351661353485,2219.4153024493144
2023-06-29 09:00:00,21.6,1.0343649068531569e-13,0.0,2749.9422874836955,2760.7964122571893
2023-06-29 10:00:00,22.8,5.832118187655314e-13,0.0,3075.834272867404,3029.705145543643
2023-06-29 11:00:00,24.1,3.463447572159401e-13,0.0,3118.8313555669174,3088.283265654988
2023-06-29 12:00:00,24.9,0.0,0.0,3364.0482775042165,3239.2266857885925
2023-06-29 13:00:00,24.8,1.3085684455070422e-14,0.0,3842.1122834725807,3350.4114735121357
2023-06-29 14:00:00,26.1,1.0875560009196189e-13,0.0,4236.380189227766,3736.419394628756
2023-06-29 15:00:00,25.9,7.367682967580753e-13,0.0,3687.360877524361,3446.31618718562
2023-06-29 16:00:00,25.8,3.609049931151505e-13,0.0,3748.6789011934015,3853.0164785112024
2023-06-29 17:00:00,25.1,7.350707329055464e-13,0.0,3703.1721477065903,3591.2444344061305
2023-06-29 18:00:00,24.8,5.267232000907752e-13,0.0,3590.2382102088573,3262.585665952932
2023-06-29 19:00:00,23.0,3.8288082826226735e-13,0.0,2429.3587973570293,2372.2785291624464
2023-06-29 20:00:00,20.4,9.067567853623652e-14,0.0,915.2803537181118,876.842759623042
2023-06-29 21:00:00,18.9,4.381448627559667e-14,0.0,589.6398430351056,537.1203048971172
2023-06-29 22:00:00,18.4,2.42126458562241e-14,0.0,268.4473345141508,233.97053242908942
2023-06-29 23:00:00,17.6,1.7549486061820646e-14,0.0,131.90851598170667,105.47461757199235
2023-06-30 00:00:00,17.1,4.0892763922095055e-16,0.0,84.15087377132129,65.43309724979983
2023-06-30 01:00:00,16.5,2.441078114173647e-14,0.0,64.97927118419165,50.44703010032904
2023-06-30 02:00:00,15.2,7.135929167242181e-15,0.0,46.2943113959449,35.91928011416359
2023-06-30 03:00:00,14.2,6.9648414533056754e-15,0.0,34.198049739940345,26.0322181203814
2023-06-30 04:00:00,15.8,0.0,0.0,41.476125588173815,37.355857825851714
2023-06-30 05:00:00,15.6,1.657245756719894e-14,0.0,93.22612616181212,67.46058733868668
2023-06-30 06:00:00,17.2,0.007146388086063149,1.1570516630854626,873.9649662844438,554.0291651126752
2023-06-30 07:00:00,19.1,2.556202771313221e-13,0.0,1882.9913975079376,1480.1318713534536
2023-06-30 08:00:00,20.9,4.03308058282504e-13,0.0,2542.1047082273035,2196.5725420080453
2023-06-30 09:00:00,22.6,6.324076934235032e-13,0.0,3189.7850255740855,2721.610834669873
2023-06-30 10:00:00,24.4,1.574776437182939e-13,0.0,3408.3824747753656,3185.864910216211
2023-06-30 11:00:00,25.9,4.560505734516851e-13,0.0,3438.2203832492096,3233.660316544046
2023-06-30 12:00:00,27.1,1.582266941473754e-13,0.0,3609.034156563139,3472.8885303153193
2023-06-30 13:00:00,27.6,4.929855704867437e-13,0.0,3803.8657377731975,3903.108244999167
2023-06-30 14:00:00,28.2,3.510907297738478e-13,0.0,4082.0065109034076,4206.013977226767
2023-06-30 15:00:00,28.3,7.772734837183662e-13,0.0,4226.2963489661515,4238.0053855233655
2023-06-30 16:00:00,28.6,3.1405642692169e-13,0.0,4122.48315505184,4139.298000428625
2023-06-30 17:00:00,27.9,1.2077283791891526e-12,0.0,3848.075117026706,3847.31879963366
2023-06-30 18:00:00,25.6,7.289024158925521e-13,0.0,2859.1306712249366,2714.8427965193205
2023-06-30 19:00:00,20.6,2.2887406865210687e-13,0.0,1979.561813184004,1088.620851812131
2023-06-30 20:00:00,20.6,1.2196626817857387e-13,0.0,1129.956045907049,786.0697375203981
2023-06-30 21:00:00,20.1,8.314644468371607e-14,0.0,854.6495119514784,691.0882638019405
2023-06-30 22:00:00,19.6,5.561415893404929e-14,0.0,484.4954286972693,398.8325214556319
2023-06-30 23:00:00,19.6,0.0,0.0,284.55697455540184,231.0974248048394
2023-07-01 00:00:00,19.0,0.0,0.0,199.77769195345277,120.36608529962963
2023-07-01 01:00:00,18.8,0.0,0.0,115.19444429893682,89.61771697159051
2023-07-01 02:00:00,18.4,0.0,0.0,94.76071892171399,71.89708595700489
2023-07-01 03:00:00,18.4,0.0,0.0,82.32403346216977,68.72867282185294
2023-07-01 04:00:00,18.1,0.0,0.0,66.71319488134812,63.35022872670881
2023-07-01 05:00:00,18.2,0.0,0.0,105.20522212349339,79.84044073189668
2023-07-01 06:00:00,18.9,0.0,0.0,420.2036810554148,167.8973959636963
2023-07-01 07:00:00,19.9,0.0,0.0,886.5709448519501,809.6730636172902
2023-07-01 08:00:00,21.0,0.0,0.0,1598.8027390541333,1592.637576729099
2023-07-01 09:00:00,22.0,0.0,0.0,1911.5525342717988,1759.65404745466
2023-07-01 10:00:00,22.9,0.0,0.0,1968.1426451203565,2052.319505317722
2023-07-01 11:00:00,24.6,0.0,0.0,2901.5447764542405,3074.542490522582
2023-07-01 12:00:00,25.6,0.0,0.0,3285.760317664379,3136.768886643001
2023-07-01 13:00:00,24.6,0.0,0.0,2580.7272415175858,2444.4091789841277
2023-07-01 14:00:00,24.8,0.0,0.0,2493.542416280673,2703.5897310385553
2023-07-01 15:00:00,23.4,0.0,0.0,2419.5772921087428,2553.174233551839
2023-07-01 16:00:00,23.2,0.0,0.0,2555.3060312712796,2569.2696469631746
2023-07-01 17:00:00,23.4,0.0,0.0,2832.8558684790387,2945.3038711461295
2023-07-01 18:00:00,22.6,0.0,0.0,2543.6802096884285,2315.1570535915007
2023-07-01 19:00:00,21.4,0.0,0.0,2233.4185708497866,1793.4166095820997
2023-07-01 20:00:00,20.8,2.2082092517931338e-13,0.0,1011.5538928579911,801.7498126079597
2023-07-01 21:00:00,20.9,2.9503934096944504e-13,0.0,791.1742554184677,799.3936488202103
2023-07-01 22:00:00,20.8,1.2844683143038026e-13,0.0,558.854035764807,597.9497740668216
2023-07-01 23:00:00,20.4,3.3962770412839785e-14,0.0,291.8849722954491,319.71936360543555
2023-07-02 00:00:00,19.6,4.887847698484225e-14,0.0,178.05821428418926,222.457837700891
2023-07-02 01:00:00,19.9,3.730604647274169e-14,0.0,117.8839382713293,149.91242397472365
2023-07-02 02:00:00,19.1,1.0925532177808614e-14,0.0,76.83476676290326,91.19781741568745
2023-07-02 03:00:00,18.6,4.1829076958446875e-16,0.0,55.961681280682676,70.59963315932401
2023-07-02 04:00:00,18.8,3.973762311052452e-15,0.0,49.0651713918859,71.96488547358256
2023-07-02 05:00:00,18.9,1.6166686444772825e-14,0.0,93.58891647548293,122.12318183222804
2023-07-02 06:00:00,19.4,1.656000177205318e-13,0.0,532.3826691821746,517.441591679576
2023-07-02 07:00:00,20.1,2.451566948581207e-13,0.0,1093.1946773349532,1133.9459239753312
2023-07-02 08:00:00,21.3,1.0702015803789523e-13,0.0,1539.922315119479,1895.6741537510952
2023-07-02 09:00:00,23.1,0.0,0.0,2405.123236571478,2922.7421867483017
2023-07-02 10:00:00,23.9,0.0,0.0,2685.6738205923493,3152.059354094183
2023-07-02 11:00:00,24.1,0.0,0.0,2640.1226962001183,3064.5489853070767
2023-07-02 12:00:00,24.2,0.0,0.0,2741.5846617689963,3131.9992216806713
2023-07-02 13:00:00,24.3,0.0,0.0,3010.3824259115804,3459.741093418471
2023-07-02 14:00:00,22.4,0.0,0.0,2687.8773371079183,2810.4920773993845
2023-07-02 15:00:00,22.4,0.0,0.0,2492.8024402519286,2659.4249931353197
2023-07-02 16:00:00,22.8,0.0,0.0,2885.5109099455667,3197.094917716283
2023-07-02 17:00:00,23.6,0.0,0.0,3023.8329462506,3225.6913555782885
2023-07-02 18:00:00,23.3,9.433921622257914e-13,0.0,2862.1401132611495,2884.2463447272526
2023-07-02 19:00:00,22.1,5.618596247358707e-13,0.0,2038.092887640005,2083.439040288872
2023-07-02 20:00:00,20.6,2.2064586295913836e-13,0.0,873.9890277962976,890.389177034564
2023-07-02 21:00:00,20.4,1.766565273034087e-13,0.0,650.5076020268365,703.2385562192532
2023-07-02 22:00:00,19.6,6.804421142363147e-14,0.0,393.5704840725346,553.7052253971736
2023-07-02 23:00:00,18.9,1.503037831395032e-14,0.0,142.47533022313473,161.8199669411103
2023-07-03 00:00:00,18.2,3.469015090444134e-14,0.0,86.94756789279685,81.68424737527664
2023-07-03 01:00:00,18.3,3.2089825080073186e-14,0.0,68.50625234554778,72.22461920493399
2023-07-03 02:00:00,17.4,3.555471541467983e-15,0.0,51.21824778204532,50.94114259727421
2023-07-03 03:00:00,16.3,1.058682801631405e-14,0.0,38.47067317159372,38.27913801995267
2023-07-03 04:00:00,16.1,7.110943082935968e-15,0.0,39.627404265238326,37.531319924653
2023-07-03 05:00:00,17.8,2.7966252683204456e-14,0.0,82.62926818629572,109.99809858700432
2023-07-03 06:00:00,19.1,8.042744826139605e-14,0.0,532.5058062409179,720.9095796540446
2023-07-03 07:00:00,21.2,2.1818619693026502e-13,0.0,1739.8908184635038,2118.8031473401443
2023-07-03 08:00:00,23.1,3.9832644724902836e-13,0.0,2727.4315223846443,2873.9928291316082
2023-07-03 09:00:00,24.4,1.250581725974123e-12,0.0,3229.1831532342485,3323.586275940577
2023-07-03 10:00:00,25.2,7.708063978939072e-13,0.0,3360.8756563717757,3516.1353519847407
2023-07-03 11:00:00,26.4,3.2262170530774527e-13,0.0,3262.1345480708833,3545.8910023076132
2023-07-03 12:00:00,26.8,3.5408693149017354e-13,0.0,3330.040384931758,3552.1668032381767
2023-07-03 13:00:00,26.8,8.700448007356952e-14,0.0,3154.6953837806996,3128.2159506900543
2023-07-03 14:00:00,26.8,7.551486898456009e-13,0.0,3258.565913976334,3387.8400348183777
2023-07-03 15:00:00,26.8,7.847909428638754e-13,0.0,2993.767910471878,3243.78473468855
2023-07-03 16:00:00,26.1,2.117931647885461e-13,0.0,2616.0287579454243,2872.39043653154
2023-07-03 17:00:00,25.4,1.3426544968310878e-13,0.0,2350.213415169548,2654.182590778846
2023-07-03 18:00:00,24.9,3.099105460672155e-13,0.0,2560.614305294873,2645.3533652162973
2023-07-03 19:00:00,23.7,8.208514801582272e-14,0.0,2149.625075103483,1854.6631577273736
2023-07-03 20:00:00,21.8,2.7383780838576834e-13,0.0,1019.8122612232917,1055.785981652861
2023-07-03 21:00:00,20.4,9.130605836736608e-14,0.0,701.8795742738796,718.417480150612
2023-07-03 22:00:00,19.3,6.874339610412147e-14,0.0,373.9576499503323,318.95466892993915
2023-07-03 23:00:00,18.6,0.0,0.0,183.2301250852122,140.39711869997413
2023-07-04 00:00:00,18.8,0.0,0.0,124.25759410924185,114.12167218309222
2023-07-04 01:00:00,19.6,0.0,0.0,108.2583527120901,100.80682745143966
2023-07-04 02:00:00,19.1,0.0,0.0,81.87518540044805,90.69455032892226
2023-07-04 03:00:00,18.9,0.0,0.0,67.05085653788882,74.86976426634283
2023-07-04 04:00:00,18.0,0.0,0.0,57.10361665471176,59.724419976404484
2023-07-04 05:00:00,17.7,0.0,0.0,112.19599284502078,118.98058774065056
2023-07-04 06:00:00,19.3,0.0,0.0,708.1507890953351,731.9500212317419
2023-07-04 07:00:00,21.4,0.0,0.0,1961.134643246527,2112.6476170446376
2023-07-04 08:00:00,23.0,0.0,0.0,3023.1624054385993,2549.483821889019
2023-07-04 09:00:00,24.2,0.0,0.0,3405.227219088643,2832.086257173907
2023-07-04 10:00:00,25.1,1.439425290057746e-12,0.0,3539.456107925649,3289.5687955638214
2023-07-04 11:00:00,25.9,1.4663911055046784e-13,0.0,3439.0049329295534,3486.4720843725972
2023-07-04 12:00:00,26.8,6.737124350815929e-13,0.0,3653.183063954001,3590.698338451496
2023-07-04 13:00:00,27.1,1.2211389359502147e-12,0.0,3907.735460015854,3946.6862564000194
2023-07-04 14:00:00,27.2,5.833860296255386e-13,0.0,4013.7951797126852,4011.3167388593674
2023-07-04 15:00:00,27.6,2.1798588257573132e-13,0.0,4423.086932803247,4130.343534829635
2023-07-04 16:00:00,27.1,1.3085684455070422e-14,0.0,4152.728059846642,3831.3847715557386
2023-07-04 17:00:00,26.0,1.9885729041929196e-13,0.0,3628.6335743013237,3142.058408849657
2023-07-04 18:00:00,25.6,3.2861496010056476e-13,0.0,3299.445714022079,2933.6029067211093
2023-07-04 19:00:00,24.0,6.992845636484686e-13,0.0,2736.460944457095,2089.5772265362407
2023-07-04 20:00:00,22.6,3.202491447088754e-13,0.0,1381.1697741328903,1176.0562917837583
2023-07-04 21:00:00,21.2,1.8369866553698423e-13,0.0,960.8495146065454,848.6481674239263
2023-07-04 22:00:00,19.5,0.0,0.0,531.8133368562812,349.57624033050246
2023-07-04 23:00:00,18.2,0.0,0.0,186.29757806866797,119.41586874860924
2023-07-05 00:00:00,17.2,0.0,0.0,105.1780965901196,68.71821470371154
2023-07-05 01:00:00,18.6,0.0,0.0,93.84000653629806,85.86040365361285
2023-07-05 02:00:00,17.4,0.0,0.0,66.86225296721324,50.94114259727421
2023-07-05 03:00:00,17.3,0.0,0.0,52.89700987863611,50.00217053612664
2023-07-05 04:00:00,16.8,0.0,0.0,46.270697138496885,47.550934983754644
2023-07-05 05:00:00,17.6,0.0,0.0,161.58084785513614,125.57760193471515
2023-07-05 06:00:00,19.2,0.0,0.0,1186.9000519661015,843.2534828980201
2023-07-05 07:00:00,20.8,0.0,0.0,1799.3919481973162,1364.1308496458541
2023-07-05 08:00:00,22.4,0.0,0.0,1848.0259341982935,1769.8594499925305
2023-07-05 09:00:00,25.1,0.0,0.0,2699.815234519875,3455.8010261334744
2023-07-05 10:00:00,26.6,0.0,0.0,3125.539531019479,3668.0203445786224
2023-07-05 11:00:00,27.9,0.0,0.0,3231.598302755559,3819.876219755443
2023-07-05 12:00:00,28.5,0.0,0.0,3398.688146779345,3914.8416736959434
2023-07-05 13:00:00,22.8,0.0,0.0,3400.484309378111,2853.2119294087775
2023-07-05 14:00:00,24.8,0.0,0.0,3700.612063666581,3739.3429624639066
2023-07-05 15:00:00,24.4,0.0,0.0,2947.347212992373,2648.9539116267683
2023-07-05 16:00:00,24.9,0.0,0.0,3280.0079691808833,3095.226191154164
2023-07-05 17:00:00,24.0,0.0,0.0,2736.4789461174105,2504.987583441216
2023-07-05 18:00:00,22.1,0.0,0.0,1958.5802521272667,1785.5067176301152
2023-07-05 19:00:00,20.9,0.0,0.0,1971.122806891598,1756.8315356793005
2023-07-05 20:00:00,20.3,0.0,0.0,1025.8987255321076,831.4176749852862
2023-07-05 21:00:00,20.2,0.0,0.0,700.4325070415563,699.5671208783768
2023-07-05 22:00:00,20.2,0.0,0.0,457.405196666621,425.1664143822278
2023-07-05 23:00:00,19.9,0.0,0.0,256.8731599236745,199.625337966101
2023-07-06 00:00:00,19.4,0.0,0.0,139.8384311738725,129.9273233261818
2023-07-06 01:00:00,18.2,0.0,0.0,84.60967217570158,70.69533695308873
2023-07-06 02:00:00,18.0,0.0,0.0,67.93266453186266,62.33038705942242
2023-07-06 03:00:00,18.6,0.0,0.0,64.16397769915434,70.47621402849103
2023-07-06 04:00:00,18.1,0.0,0.0,58.96438693788955,63.25442311515305
2023-07-06 05:00:00,17.1,0.0,0.0,78.61586307525528,81.93622888751905
2023-07-06 06:00:00,17.2,0.0,0.0,174.87407468191867,203.22961818770963
2023-07-06 07:00:00,17.4,0.0,0.0,353.82127818202423,384.78955812188644
2023-07-06 08:00:00,19.9,0.0,0.0,1490.370988564483,1980.763825275359
2023-07-06 09:00:00,21.9,0.0,0.0,2828.470051788673,2782.3018837182967
2023-07-06 10:00:00,23.5,0.0,0.0,3226.910446799955,3100.9569323993373
2023-07-06 11:00:00,24.4,1.9428723144172717e-13,0.0,3327.780745366116,3091.269137259549
2023-07-06 12:00:00,25.1,3.3937858822548264e-13,0.0,3374.9785627178217,3274.92811633585
2023-07-06 13:00:00,23.9,6.146273920394104e-13,0.0,3544.4457438548097,3022.9648165218664
2023-07-06 14:00:00,24.4,3.547863290107056e-13,0.0,3795.119948939211,3478.1479182972666
2023-07-06 15:00:00,24.4,6.443698022349513e-13,0.0,3880.915367399278,3443.5835167041496
2023-07-06 16:00:00,24.4,1.8692043374220239e-13,0.0,3550.6141929238593,3146.3300320906656
2023-07-06 17:00:00,24.5,3.7349074304405485e-13,0.0,3379.741478979977,3155.005801799902
2023-07-06 18:00:00,24.1,4.4598634284729913e-13,0.0,3063.196616072846,2760.930612790221
2023-07-06 19:00:00,23.4,7.41962848213264e-13,0.0,2606.0633190100607,2350.946970714329
2023-07-06 20:00:00,23.2,2.3564205168845043e-13,0.0,1275.546375240464,1263.9521316897367
2023-07-06 21:00:00,21.9,1.659558166743455e-13,0.0,945.8087545188428,903.0443591031009
2023-07-06 22:00:00,19.8,7.792096658070507e-14,0.0,532.0185929517777,376.9588010702434
2023-07-06 23:00:00,19.2,2.3961244464266607e-14,0.0,202.0528206433686,162.535570003438
2023-07-07 00:00:00,17.6,3.493979890746149e-14,0.0,97.05762363941218,74.04733172502587
2023-07-07 01:00:00,17.1,1.432411807567717e-14,0.0,65.5570240790381,53.911679420581116
2023-07-07 02:00:00,16.2,3.8941757029625495e-15,0.0,48.49658354728463,40.70872361696163
2023-07-07 03:00:00,14.9,3.555471541467983e-15,0.0,32.66441252503831,16.867742756077742
2023-07-07 04:00:00,14.9,0.0,0.0,29.393683938532163,16.867742756077742
2023-07-07 05:00:00,16.0,3.548029805388942e-14,0.0,88.07530589395171,67.31346442816931
2023-07-07 06:00:00,18.1,0.00032433544045503294,0.0,738.9998183583534,609.2913479448819
2023-07-07 07:00:00,20.0,5.696767040530121e-13,0.0,1825.7866054068834,1801.168147529931
2023-07-07 08:00:00,21.6,3.2680461300358994e-13,0.0,2422.6534425764667,2418.0208327523196
2023-07-07 09:00:00,23.1,4.22013323676021e-13,0.0,3075.4573462908993,2810.0548869778627
2023-07-07 10:00:00,24.2,2.1199262778291184e-13,0.0,3295.84029885132,3037.0350238504006
2023-07-07 11:00:00,25.4,4.874417459513732e-13,0.0,3285.5682367750055,3499.5287768165126
2023-07-07 12:00:00,26.2,3.4240004207616717e-13,0.0,3381.102473322011,3561.9339079878787
2023-07-07 13:00:00,26.9,1.435924045654247e-13,0.0,3653.72224384668,3703.002347671608
2023-07-07 14:00:00,27.2,1.00332726423449e-12,0.0,3783.4532442902514,3777.632085757005
2023-07-07 15:00:00,27.3,1.0691049595900242e-12,0.0,3788.5307396244143,3713.415921756743
2023-07-07 16:00:00,27.7,7.253061224727932e-13,0.0,3894.755098409451,3937.365763801883
2023-07-07 17:00:00,27.4,1.746887519123016e-12,0.0,3769.4341963541724,3835.0235397102942
2023-07-07 18:00:00,26.3,7.116455984486484e-13,0.0,3606.0304277440373,3484.3803901977635
2023-07-07 19:00:00,24.2,5.7414660585331e-13,0.0,2499.999966787076,2399.9125582638826
2023-07-07 20:00:00,21.2,3.067767346521689e-13,0.0,1032.112750185465,1017.4545080871137
2023-07-07 21:00:00,20.5,1.1395015154715045e-13,0.0,741.5390661764029,720.5109920158502
2023-07-07 22:00:00,21.8,1.1127187058310034e-13,0.0,486.1463574184403,629.9028612927743
2023-07-07 23:00:00,21.1,5.002178085843216e-14,0.0,233.51293612432366,428.39520741613194
2023-07-08 00:00:00,20.2,6.692652313351499e-15,0.0,142.54214793824272,172.85800450757768
2023-07-08 01:00:00,18.0,5.637562259026809e-15,0.0,76.66602559352198,66.18991719252425
2023-07-08 02:00:00,18.5,7.408397602517594e-15,0.0,62.507452970705764,69.79687987665761
2023-07-08 03:00:00,18.4,1.058682801631405e-14,0.0,51.80317048711015,67.60213452326236
2023-07-08 04:00:00,15.4,5.213827400067122e-15,0.0,31.094953182821207,31.4846033846439
2023-07-08 05:00:00,15.1,2.1851064355617225e-14,0.0,66.64367031310067,37.95013390363054
2023-07-08 06:00:00,17.1,3.1005883110464484e-14,2.4339689543551994,668.018898139406,272.01985250840187
2023-07-08 07:00:00,19.5,9.159979118549296e-14,0.0,1989.7912045107648,1761.8385250061347
2023-07-08 08:00:00,21.7,3.3851675455195507e-13,0.0,2718.753394676304,2589.1767113315573
2023-07-08 09:00:00,23.7,2.8915844374098776e-13,0.0,3238.121789338712,3164.057362376675
2023-07-08 10:00:00,25.5,4.785507438991588e-13,0.0,3455.818464927639,3592.452141907227
2023-07-08 11:00:00,26.8,3.6092939388934137e-13,0.0,3496.824350614963,3622.6812519805026
2023-07-08 12:00:00,27.6,6.719147140517975e-13,0.0,3647.439012664834,3785.86482786127
2023-07-08 13:00:00,28.0,4.15294567868143e-14,0.0,4007.321772402591,4036.8525477146986
2023-07-08 14:00:00,28.4,8.877283503831925e-13,0.0,4390.853141561494,4190.519635125583
2023-07-08 15:00:00,28.5,7.529233852520439e-14,0.0,4481.828648889262,4204.543465752798
2023-07-08 16:00:00,28.2,2.0157912409834383e-13,0.0,4054.404976607927,3782.8997255686586
2023-07-08 17:00:00,27.8,2.1998391796006047e-13,0.0,3607.9739461901827,3448.0725576397526
2023-07-08 18:00:00,27.2,6.038637639144923e-13,0.0,3601.334256181931,3325.7615963602393
2023-07-08 19:00:00,25.0,9.151731050227721e-13,0.0,2503.0681724649003,2618.552391974371
2023-07-08 20:00:00,22.0,1.0506000085510408e-13,0.0,1132.342333644095,1041.1630959181907
2023-07-08 21:00:00,20.7,1.905537540033314e-13,0.0,825.5876549370091,758.434923615735
2023-07-08 22:00:00,19.8,4.338378227887485e-14,0.0,504.40842398480123,520.7372132500263
2023-07-08 23:00:00,21.2,4.09270599267543e-14,0.0,353.12648275949607,427.94418462223075
2023-07-09 00:00:00,21.6,3.73933647427872e-14,0.0,319.544197399321,458.83554433587364
2023-07-09 01:00:00,17.9,1.1256398257326583e-14,0.0,106.23203693067512,69.97566092045523
2023-07-09 02:00:00,18.4,8.365815391689374e-16,0.0,74.32067482508339,68.65735800052403
2023-07-09 03:00:00,18.9,2.1691891139437426e-14,0.0,60.284195910111556,75.38022709089864
2023-07-09 04:00:00,15.8,0.0,0.0,37.66141354376898,33.421540323037895
2023-07-09 05:00:00,16.9,2.7807079467024645e-14,0.0,78.10708980347886,64.73775438346573
2023-07-09 06:00:00,19.2,0.009430541798464406,0.0,725.1536740267254,673.9457255795495
2023-07-09 07:00:00,21.7,5.114778954585478e-13,0.0,1974.909277084576,1534.4127775110608
2023-07-09 08:00:00,24.1,5.159351711916665e-13,0.0,2969.6015975510913,3030.8473040479184
2023-07-09 09:00:00,26.4,6.220194418732938e-13,0.0,3864.0367565128954,3666.5010989163125
2023-07-09 10:00:00,28.1,6.583290950705607e-13,0.0,4281.530211548099,3906.7935429345953
2023-07-09 11:00:00,29.6,1.1141305526193306e-12,0.0,4426.8913360132365,4238.6131987816325
2023-07-09 12:00:00,30.3,2.545211022618907e-13,0.0,4423.182229156568,4325.601992097521
2023-07-09 13:00:00,30.6,9.19269332968697e-13,0.0,4817.374781983515,4576.900692210027
2023-07-09 14:00:00,31.4,3.454964009697598e-13,0.0,5153.783570871569,4676.455388602924
2023-07-09 15:00:00,31.8,4.408666964350187e-13,0.0,5247.823881389965,4700.631932638247
2023-07-09 16:00:00,31.6,2.77495955101172e-13,0.0,4929.028793554822,4545.254553073197
2023-07-09 17:00:00,31.4,5.493731806240651e-13,0.0,4258.131401309171,4209.52692585947
2023-07-09 18:00:00,30.4,2.1031946470457396e-13,0.0,3906.2533996157836,4061.356951210187
2023-07-09 19:00:00,28.2,7.481564173606171e-13,0.0,2957.328198392811,2942.1321555670347
2023-07-09 20:00:00,25.6,4.352105143352858e-13,0.0,1529.8846574724391,1512.9815396127383
2023-07-09 21:00:00,24.4,2.0592446794718416e-13,0.0,1183.8366412406886,1201.202419446108
2023-07-09 22:00:00,23.6,9.724334721804646e-14,0.0,935.3735097582007,951.1185904614049
2023-07-09 23:00:00,23.9,6.305586167648225e-14,0.0,651.9438001753016,764.4453003143137
2023-07-10 00:00:00,22.8,4.583734811420054e-14,0.0,438.95488627850597,523.8580836286553
2023-07-10 01:00:00,21.4,5.528318643451033e-14,0.0,262.39867535929216,225.82146447633568
2023-07-10 02:00:00,19.9,3.130005919272185e-14,0.0,124.5505028943355,117.59042716810731
2023-07-10 03:00:00,18.5,1.1343822947393083e-14,0.0,76.49940844003365,69.54854652057423
2023-07-10 04:00:00,18.1,2.246445581444865e-14,0.0,65.53888804559574,65.31831841085037
2023-07-10 05:00:00,19.2,3.1153405623700396e-14,0.0,360.6599955050575,267.3939246632653
2023-07-10 06:00:00,21.7,0.0,0.0,1312.2112567717022,1211.2279324974556
2023-07-10 07:00:00,24.2,0.0,0.0,2370.2173642043895,2807.98268024861
2023-07-10 08:00:00,26.5,0.0,0.0,3458.055302540317,3429.303525655908
2023-07-10 09:00:00,28.4,0.0,0.0,3901.825221899139,3775.241746247351
2023-07-10 10:00:00,30.5,0.0,0.0,4369.782492480761,4215.9909876876545
2023-07-10 11:00:00,32.5,0.0,0.0,4622.424494560837,4455.879590842185
2023-07-10 12:00:00,34.0,0.0,0.0,4852.638864376367,4538.39865241316
2023-07-10 13:00:00,32.8,5.213788385497703e-13,0.0,5108.789985211548,4885.7558185746275
2023-07-10 14:00:00,33.9,1.3741205743736837e-12,0.0,4938.250017987733,4708.168623282069
2023-07-10 15:00:00,29.2,0.0,0.0,3731.5681206314875,3755.9712314482967
2023-07-10 16:00:00,30.9,0.0,0.0,3876.8934495476287,3942.837935612006
2023-07-10 17:00:00,31.4,0.0,0.0,4136.0655703143875,4037.228886686443
2023-07-10 18:00:00,30.1,0.0,0.0,3128.881207469111,3404.28263862135
2023-07-10 19:00:00,28.5,0.0,0.0,3122.7952667964346,3123.3246472605874
2023-07-10 20:00:00,26.0,0.0,0.0,1626.3054237160313,1584.4771357296395
2023-07-10 21:00:00,25.8,0.0,0.0,1317.355039874522,1276.0972483504313
2023-07-10 22:00:00,25.8,0.0,0.0,1080.197970986933,1028.0130165798446
2023-07-10 23:00:00,25.2,0.0,0.0,859.3876744836152,802.4384886510879
2023-07-11 00:00:00,23.9,0.0,0.0,641.8499527414417,603.5164788082662
2023-07-11 01:00:00,23.1,0.0,0.0,493.4329575411752,485.39555837099874
2023-07-11 02:00:00,21.6,0.0,0.0,294.6545738302452,348.2868726319898
2023-07-11 03:00:00,21.1,0.0,0.0,169.36420944839233,181.279053074461
2023-07-11 04:00:00,20.5,0.0,0.0,132.25566462869804,132.75143484342846
2023-07-11 05:00:00,20.6,0.0,0.0,502.5738947243926,412.8038573694344
2023-07-11 06:00:00,22.2,0.0,0.0,1435.8158813110972,1174.293032307782
2023-07-11 07:00:00,23.9,0.0,0.0,2809.380715308573,2859.5807574155315
2023-07-11 08:00:00,25.3,0.0,0.0,3343.983946771192,3101.9369896529743
2023-07-11 09:00:00,26.4,0.0,0.0,3696.5182056078957,3560.9511272244977
2023-07-11 10:00:00,27.4,0.0,0.0,3956.259971900717,3739.9129837941496
2023-07-11 11:00:00,28.4,0.0,0.0,4077.203649161635,3778.6115600920602
2023-07-11 12:00:00,29.1,0.0,0.0,4247.351377155905,4076.1858165512954
2023-07-11 13:00:00,29.6,0.0,0.0,4573.0239970204075,4503.975331161479
2023-07-11 14:00:00,30.4,0.0,0.0,4650.908205741673,4653.470701131002
2023-07-11 15:00:00,30.6,0.0,0.0,4734.201004997305,4731.325251854252
2023-07-11 16:00:00,30.3,0.0,0.0,4553.243626407792,4554.88558804247
2023-07-11 17:00:00,30.1,0.0,0.0,4150.79590529553,4186.804943996628
2023-07-11 18:00:00,29.8,0.0,0.0,4164.786765812449,4055.0825263625475
2023-07-11 19:00:00,28.1,0.0,0.0,3150.4822891001686,3110.3596238176597
2023-07-11 20:00:00,26.3,0.0,0.0,1685.5599296208532,1628.3826644306114
2023-07-11 21:00:00,25.2,0.0,0.0,1282.310934565565,1226.3772284944364
2023-07-11 22:00:00,24.7,0.0,0.0,1012.4883934347786,974.99933948868
2023-07-11 23:00:00,24.3,0.0,0.0,793.6938378780144,761.406175549397
2023-07-12 00:00:00,23.9,0.0,0.0,620.6528442659658,603.5164788082662
2023-07-12 01:00:00,23.6,0.0,0.0,554.8179504038382,530.0341894560888
2023-07-12 02:00:00,22.8,0.0,0.0,487.00251802485053,463.84410930501144
2023-07-12 03:00:00,22.1,0.0,0.0,377.00171470478165,342.6142025632243
2023-07-12 04:00:00,22.2,0.0,0.0,371.92411423209126,364.6956548576758
2023-07-12 05:00:00,23.5,0.0,0.0,597.7700219529571,676.986264465639
2023-07-12 06:00:00,22.5,0.0,0.0,1026.0556197929582,1069.5722271668776
2023-07-12 07:00:00,24.0,0.0,0.0,2309.127999269523,2570.3070593904304
2023-07-12 08:00:00,25.4,0.0,0.0,3235.9492103901775,3020.676180709648
2023-07-12 09:00:00,26.6,0.0,0.0,3638.8180135041166,3257.413542295544
2023-07-12 10:00:00,27.8,0.0,0.0,3907.481644248377,3751.670301816637
2023-07-12 11:00:00,29.1,0.0,0.0,4329.683258937566,4002.8349744110665
2023-07-12 12:00:00,30.4,0.0,0.0,4631.2677398752185,4178.881249772375
2023-07-12 13:00:00,31.4,0.0,0.0,4600.461407070937,4743.742008856014
2023-07-12 14:00:00,31.8,0.0,0.0,4144.743411529088,4501.664605610263
2023-07-12 15:00:00,33.0,0.0,0.0,4715.321302489854,4903.183051125647
2023-07-12 16:00:00,32.5,0.0,0.0,4810.338438313297,4820.1322438810075
2023-07-12 17:00:00,31.8,0.0,0.0,3861.9300925968155,3939.2467058879647
2023-07-12 18:00:00,30.0,0.0,0.0,3378.8465943518777,3507.9508274172913
2023-07-12 19:00:00,28.3,0.0,0.0,2939.5012342737377,3049.605890873699
2023-07-12 20:00:00,25.9,0.0,0.0,1631.0022759727008,1503.7318168520098
2023-07-12 21:00:00,25.9,0.0,0.0,1439.564459171424,1285.1643863027184
2023-07-12 22:00:00,25.1,0.0,0.0,1148.332435529252,988.4327564484761
2023-07-12 23:00:00,25.1,0.0,0.0,915.9872113740427,798.9595617073654
2023-07-13 00:00:00,24.4,0.0,0.0,744.3286658207649,638.7632248899139
2023-07-13 01:00:00,22.1,0.0,0.0,523.422998108241,352.441788326827
2023-07-13 02:00:00,20.2,0.0,0.0,315.9332904711836,121.91979108061125
2023-07-13 03:00:00,21.8,0.0,0.0,325.16647928484633,340.98555962278954
2023-07-13 04:00:00,21.8,0.0,0.0,318.6214018508963,361.5902893736588
2023-07-13 05:00:00,21.2,0.0,0.0,401.3088429586187,355.8825008158042
2023-07-13 06:00:00,20.1,0.0,0.0,507.18712070763183,596.4979074265927
2023-07-13 07:00:00,21.0,0.0,0.0,832.156458159481,873.2428798233749
2023-07-13 08:00:00,22.0,0.0,0.0,1234.2486293927157,1154.7233779382193
2023-07-13 09:00:00,23.7,0.0,0.0,2140.152785830957,2345.323307438037
2023-07-13 10:00:00,23.6,0.0,0.0,2189.5957228330153,2145.8651506556453
2023-07-13 11:00:00,24.7,0.0,0.0,2587.0771038089683,2940.3648399923622
2023-07-13 12:00:00,25.4,0.0,0.0,2921.757406123798,2855.1332383283197
2023-07-13 13:00:00,25.4,0.0,0.0,2914.1882194719233,2978.8030578684356
2023-07-13 14:00:00,25.9,0.0,0.0,3125.2099744057045,3244.272282267105
2023-07-13 15:00:00,26.2,0.0,0.0,3337.4477026565946,3296.486465105956
2023-07-13 16:00:00,26.2,0.0,0.0,3149.576088443731,3201.462175972656
2023-07-13 17:00:00,24.9,0.0,0.0,2912.452314891678,2981.8351443102756
2023-07-13 18:00:00,23.5,0.0,0.0,2706.4729587913694,2676.192709124345
2023-07-13 19:00:00,23.2,0.0,0.0,2445.3944901761865,2041.1980936047266
2023-07-13 20:00:00,23.1,0.0,0.0,1291.1346099794443,1220.2993728940746
2023-07-13 21:00:00,22.6,0.0,0.0,920.7815442621337,1008.5463109295322
2023-07-13 22:00:00,21.8,0.0,0.0,598.176579376945,614.9536431534574
2023-07-13 23:00:00,21.2,0.0,0.0,335.220539100397,349.0896307685086
2023-07-14 00:00:00,20.6,5.253305052432589e-14,0.0,169.09833674737263,204.49497894086898
2023-07-14 01:00:00,20.4,2.076472839340714e-14,0.0,119.98056313980591,137.03327846969052
2023-07-14 02:00:00,19.7,2.509744617506812e-15,0.0,84.36350101016164,115.22327421180105
2023-07-14 03:00:00,19.1,0.0,0.0,63.2186223937538,90.03539631737223
2023-07-14 04:00:00,18.7,2.1717449116888735e-14,0.0,56.48325787345388,80.50795009107405
2023-07-14 05:00:00,18.6,1.1581057723275871e-14,0.0,120.28195575137713,142.53927630086014
2023-07-14 06:00:00,19.4,8.761971584085082e-14,0.0,845.6494829422098,1021.8212574262569
2023-07-14 07:00:00,20.9,2.6838108928040124e-13,0.0,1834.6478723599364,1960.9562922012615
2023-07-14 08:00:00,22.5,4.966803183634339e-13,0.0,2619.281629069304,2662.1968251902745
2023-07-14 09:00:00,24.0,1.8974242459852111e-13,0.0,3335.446948316833,3114.362542687246
2023-07-14 10:00:00,25.4,2.9912251716810683e-13,0.0,3828.5322066012423,3263.307400285886
2023-07-14 11:00:00,26.4,2.672575136367791e-13,0.0,3824.7898520142485,3371.305187595135
2023-07-14 12:00:00,26.9,8.54789424116792e-13,0.0,3928.0992074292108,3453.044870874731
2023-07-14 13:00:00,28.1,7.469309818193921e-14,0.0,4216.116872244178,3977.060902954235
2023-07-14 14:00:00,28.5,1.7732844545220486e-12,0.0,4440.84251707884,4145.248716319471
2023-07-14 15:00:00,28.1,1.6669502165773384e-12,0.0,4210.719455070914,3949.5390241084647
2023-07-14 16:00:00,27.9,1.7892914356505373e-13,0.0,4033.387327123661,3825.735571909674
2023-07-14 17:00:00,27.8,1.5759757692296376e-12,0.0,4012.765859571119,3708.8111232809047
2023-07-14 18:00:00,26.9,1.0565688625696697e-12,0.0,3328.8210064065106,3148.7472279801336
2023-07-14 19:00:00,25.3,3.3008866018453693e-13,0.0,2432.5667071183925,2025.072191667727
2023-07-14 20:00:00,24.4,5.164969590134777e-13,0.0,1480.3197976111062,1257.6412036139818
2023-07-14 21:00:00,23.9,1.839982857086168e-13,0.0,1112.207284328318,1114.3841269573998
2023-07-14 22:00:00,22.7,1.6770388479559153e-13,0.0,765.6927102571822,811.2614354707374
2023-07-14 23:00:00,21.6,1.0274993207200503e-13,0.0,461.72722169673136,474.5103160940857
2023-07-15 00:00:00,20.8,2.6600547858475745e-14,0.0,280.0641586561388,213.29562776871336
2023-07-15 01:00:00,19.2,1.1506152680367726e-14,0.0,123.61621683592253,108.43246762000962
2023-07-15 02:00:00,18.0,1.1921286933157357e-14,0.0,74.8008072363574,65.2082030722627
2023-07-15 03:00:00,16.6,0.0,0.0,52.70468608347096,40.29610594141781
2023-07-15 04:00:00,17.9,0.0,0.0,50.08465861573225,61.364444566792486
2023-07-15 05:00:00,17.2,0.0,0.0,81.55967431340568,71.90778999904029
2023-07-15 06:00:00,19.3,0.0,0.0,859.3320796416754,703.9138660661747
2023-07-15 07:00:00,21.1,0.0,0.0,2172.143961751204,1982.2549039689
2023-07-15 08:00:00,22.9,0.0,0.0,2991.3818416259164,2789.6262131969115
2023-07-15 09:00:00,24.7,0.0,0.0,3515.498367415309,3228.662631827274
2023-07-15 10:00:00,26.5,0.0,0.0,3678.3624120722134,3444.3616506169274
2023-07-15 11:00:00,28.3,0.0,0.0,3701.344839350042,3634.034575482384
2023-07-15 12:00:00,29.9,0.0,0.0,3854.557565636158,3915.5809508753473
2023-07-15 13:00:00,30.8,0.0,0.0,4114.998231161214,4443.683398340999
2023-07-15 14:00:00,31.5,0.0,0.0,4415.155096199178,4616.578197859457
2023-07-15 15:00:00,31.7,0.0,0.0,4476.438295697283,4678.069244041087
2023-07-15 16:00:00,31.5,0.0,0.0,4278.080447357444,4492.111604750768
2023-07-15 17:00:00,31.0,0.0,0.0,4161.895415740015,4288.9043807529915
2023-07-15 18:00:00,30.1,0.0,0.0,4170.850451516001,4063.297386613677
2023-07-15 19:00:00,28.8,0.0,0.0,3056.873393953873,2949.5893606296463
2023-07-15 20:00:00,27.6,0.0,0.0,1736.5579034316097,1882.1157590009839
2023-07-15 21:00:00,26.9,0.0,0.0,1433.698215358965,1506.6072217980904
2023-07-15 22:00:00,26.2,0.0,0.0,1142.7679257617017,1075.3569321422501
2023-07-15 23:00:00,25.4,0.0,0.0,860.4510038624086,814.8078075683785
2023-07-16 00:00:00,24.8,0.0,0.0,766.5483008347057,724.1434807758179
2023-07-16 01:00:00,24.1,0.0,0.0,598.8685149701455,656.4566188531173
2023-07-16 02:00:00,23.4,0.0,0.0,450.39328580138334,536.9344306089423
2023-07-16 03:00:00,22.9,0.0,0.0,338.00287910812824,469.72827803588996
2023-07-16 04:00:00,22.2,0.0,0.0,213.2364570499289,344.09092510680546
2023-07-16 05:00:00,21.9,0.0,0.0,456.8340102586869,451.5380762446441
2023-07-16 06:00:00,22.9,0.0,0.0,1426.7846330289053,1362.9414617981952
2023-07-16 07:00:00,24.6,0.0,0.0,2632.7130618758147,2640.274190604547
2023-07-16 08:00:00,26.6,0.0,0.0,3161.028240879367,3392.739909445807
2023-07-16 09:00:00,28.8,0.0,0.0,3680.536357801022,3982.5929410459303
2023-07-16 10:00:00,30.8,0.0,0.0,4017.1315102255294,4226.169564256979
2023-07-16 11:00:00,31.4,0.0,0.0,4019.8498487573556,4157.288104558824
2023-07-16 12:00:00,32.4,0.0,0.0,4339.801184296004,4244.366921616639
2023-07-16 13:00:00,32.0,0.0,0.0,4611.729577967224,4679.377901695732
2023-07-16 14:00:00,32.7,0.0,0.0,4776.272966283799,4646.0357167136945
2023-07-16 15:00:00,32.8,0.0,0.0,4547.158526131281,4310.066413396777
2023-07-16 16:00:00,32.8,0.0,0.0,4334.11941760455,4300.3475388578645
2023-07-16 17:00:00,32.6,0.0,0.0,4551.674098153613,4397.710455551358
2023-07-16 18:00:00,31.8,0.0,0.0,4274.348133858417,4032.869967087755
2023-07-16 19:00:00,29.6,0.0,0.0,3028.0824493121786,3177.4950012973477
2023-07-16 20:00:00,28.6,0.0,0.0,1790.7731280275548,2058.4014892850078
2023-07-16 21:00:00,25.5,0.0,0.0,1359.1700323100258,1265.79157381371
2023-07-16 22:00:00,24.2,0.0,0.0,1041.24123402647,993.2093177562864
2023-07-16 23:00:00,23.9,0.0,0.0,715.2452533576511,716.8018144846726
2023-07-17 00:00:00,23.6,0.0,0.0,545.7860153761784,606.182601373841
2023-07-17 01:00:00,23.2,0.0,0.0,416.6960215593163,542.5194049709046
2023-07-17 02:00:00,23.0,0.0,0.0,389.49554044452987,504.474553680977
2023-07-17 03:00:00,22.9,0.0,0.0,336.03599330253473,486.7528903689863
2023-07-17 04:00:00,22.6,0.0,0.0,265.223267618966,473.72003517494556
2023-07-17 05:00:00,22.6,0.0,0.0,611.7103837221725,594.6993017024483
2023-07-17 06:00:00,23.7,0.0,0.0,1569.8082040673685,1824.731455965691
2023-07-17 07:00:00,24.9,0.0,0.0,2599.001130605158,2855.6237292610194
2023-07-17 08:00:00,26.7,0.0,0.0,3235.9379003499726,3447.929818343941
2023-07-17 09:00:00,28.1,0.0,0.0,3626.2251552901434,3688.0693985465396
2023-07-17 10:00:00,29.6,0.0,0.0,3815.226457696661,3954.236970756439
2023-07-17 11:00:00,31.4,0.0,0.0,3941.9955344910763,4070.847387422513
2023-07-17 12:00:00,32.0,0.0,0.0,4026.1474400669404,4197.641231192791
2023-07-17 13:00:00,24.8,0.0,0.0,3622.855472724631,3048.438331892952
2023-07-17 14:00:00,28.8,0.0,0.0,4264.354480938378,4249.184188688696
2023-07-17 15:00:00,29.9,0.0,0.0,4343.468238314994,4305.88409728698
2023-07-17 16:00:00,30.7,0.0,0.0,4418.8001376686425,4370.780574870577
2023-07-17 17:00:00,30.4,0.0,0.0,4261.483120926156,4244.895040923087
2023-07-17 18:00:00,29.3,0.0,0.0,3982.141004275401,3942.5025291068505
2023-07-17 19:00:00,27.9,0.0,0.0,2856.88925349973,2942.2845852371747
2023-07-17 20:00:00,26.5,0.0,0.0,1627.9698059247416,1594.6502318314404
2023-07-17 21:00:00,25.9,0.0,0.0,1308.4902132505504,1346.8805372062702
2023-07-17 22:00:00,24.8,0.0,0.0,946.3992023990478,1023.2161413905524
2023-07-17 23:00:00,24.8,0.0,0.0,772.3697303991908,814.0213261890827
2023-07-18 00:00:00,24.6,0.0,0.0,662.3339747743303,682.095647395762
2023-07-18 01:00:00,23.4,0.0,0.0,493.15010431546943,544.5325713754282
2023-07-18 02:00:00,22.9,0.0,0.0,383.71245949543027,490.8618561787756
2023-07-18 03:00:00,22.4,0.0,0.0,272.5731107235022,415.323085866841
2023-07-18 04:00:00,21.3,0.0,0.0,160.2579944633486,320.4981083019146
2023-07-18 05:00:00,21.2,0.0,0.0,448.60765676280073,428.9052746174696
2023-07-18 06:00:00,22.4,0.0,0.0,1392.778610046395,1678.8373923074264
2023-07-18 07:00:00,23.6,0.0,0.0,2510.7666303622514,2652.1698162458974
2023-07-18 08:00:00,24.9,0.0,0.0,3037.0444380421854,3112.2345890499955
2023-07-18 09:00:00,26.4,1.4621493242737769e-13,0.0,3552.2842506542956,3449.390501714087
2023-07-18 10:00:00,27.6,5.886302339892766e-13,0.0,3913.8166266268963,3702.900647906911
2023-07-18 11:00:00,28.3,5.542184589990718e-13,0.0,3932.9144114169753,3709.1411792781346
2023-07-18 12:00:00,29.4,4.228616799222015e-13,0.0,4292.627831607594,3960.165686502124
2023-07-18 13:00:00,29.6,8.094128552869678e-13,0.0,4659.210373564638,4318.503429150262
2023-07-18 14:00:00,30.2,1.846029170228209e-12,0.0,4572.26427023326,4413.632574261346
2023-07-18 15:00:00,29.9,5.495482428442403e-13,0.0,4423.806676167728,4403.378729342516
2023-07-18 16:00:00,30.1,2.360161512229072e-13,0.0,4391.586522829959,4327.936972099332
2023-07-18 17:00:00,29.6,3.893487654468944e-13,0.0,4157.970441467912,4046.7577432933776
2023-07-18 18:00:00,28.6,5.64981235763822e-13,0.0,3212.1356890039674,3064.4074595800876
2023-07-18 19:00:00,28.2,3.1927452779090163e-13,0.0,3082.215583296556,2722.9162288480156
2023-07-18 20:00:00,26.1,3.335847964270289e-13,0.0,1792.1312934282053,1563.9269189319552
2023-07-18 21:00:00,24.7,9.55079051639798e-14,0.0,1226.306403124478,1203.969853418115
2023-07-18 22:00:00,22.8,0.0,0.0,861.1416525470494,824.0367252695265
2023-07-18 23:00:00,23.2,0.0,0.0,755.6391800787226,660.9073020881299
2023-07-19 00:00:00,21.9,0.0,0.0,579.1636156543702,456.41992116745814
2023-07-19 01:00:00,25.1,0.0,0.0,666.0304895215907,709.2849274505055
2023-07-19 02:00:00,24.4,0.0,0.0,590.5199979634657,655.4497700618556
2023-07-19 03:00:00,23.4,0.0,0.0,475.2322303230733,538.5846950233879
2023-07-19 04:00:00,22.1,0.0,0.0,362.99523988854287,403.34590919482105
2023-07-19 05:00:00,22.0,0.0,0.0,517.7968132035718,509.2704927557245
2023-07-19 06:00:00,23.2,0.0,0.0,1134.614266724204,1316.6892702640807
2023-07-19 07:00:00,24.9,0.0,0.0,1846.2937507643683,2184.2473960108227
2023-07-19 08:00:00,26.8,0.0,0.0,2816.273408182199,3152.919061396888
2023-07-19 09:00:00,28.6,0.0,0.0,3410.5848690614525,3639.255701442186
2023-07-19 10:00:00,30.4,1.2235114965490842e-12,0.0,3813.0698734376047,3997.31213710912
2023-07-19 11:00:00,31.2,7.550712307221893e-13,0.0,3884.065489922001,4027.051037103236
2023-07-19 12:00:00,31.8,3.221966758244871e-13,0.0,3954.4126059795367,4193.831144028286
2023-07-19 13:00:00,29.9,7.610670395955123e-13,0.0,4213.73312166495,4325.838053774625
2023-07-19 14:00:00,31.8,1.0887578870468206e-12,0.0,4402.714303256418,4561.178772198404
2023-07-19 15:00:00,32.2,4.1774203350992095e-13,0.0,4341.675469800266,4596.976195200503
2023-07-19 16:00:00,31.6,3.039164399142282e-13,0.0,4278.703430409565,4498.101592873429
2023-07-19 17:00:00,31.2,9.489864910298793e-13,0.0,4074.78847043526,4062.798046810428
2023-07-19 18:00:00,30.6,1.4755346289004794e-12,0.0,3922.0837647153567,3985.978803274432
2023-07-19 19:00:00,29.4,5.374851254953572e-13,0.0,2814.1161990497026,2233.2159983262018
2023-07-19 20:00:00,27.2,5.455403973685705e-13,0.0,1645.8966593846153,1742.0172952542093
2023-07-19 21:00:00,25.9,1.804024179689419e-13,0.0,1269.3556272654605,1343.778612925551
2023-07-19 22:00:00,24.4,1.42032024731533e-13,0.0,884.709248276185,1009.458268296617
2023-07-19 23:00:00,23.2,6.858117279116782e-14,0.0,626.5800976062968,660.9073020881299
2023-07-20 00:00:00,22.6,7.876364831342168e-14,0.0,416.24041981358414,508.84101240613745
2023-07-20 01:00:00,21.5,3.997180778963347e-14,0.0,266.6473794937561,336.32780236874777
2023-07-20 02:00:00,21.9,4.7782041973080454e-14,0.0,285.84630958927033,407.1038297329484
2023-07-20 03:00:00,21.8,2.6628637249566303e-14,0.0,217.36050032688854,379.4041914610485
2023-07-20 04:00:00,20.8,4.524494388367128e-14,0.0,154.37952420245313,159.71759909988873
2023-07-20 05:00:00,20.8,5.085368083241933e-14,0.0,314.446679757796,331.34752902848095
2023-07-20 06:00:00,21.5,2.4461973349058436e-13,0.0,945.0372027716846,956.5905084508363
2023-07-20 07:00:00,22.6,4.200152882916919e-13,0.0,1690.2619641773417,2164.667329623807
2023-07-20 08:00:00,23.9,2.5777989730847897e-13,0.0,2730.9030872548287,2969.7068828700926
2023-07-20 09:00:00,25.5,1.3327914319414033e-12,0.0,3219.534516933213,3266.337059288105
2023-07-20 10:00:00,26.6,3.076633947799712e-13,0.0,3214.515402464018,3428.314310630545
2023-07-20 11:00:00,27.8,8.626309042081247e-13,0.0,3319.700271607574,3608.4226857314266
2023-07-20 12:00:00,28.6,1.6224733596225803e-12,0.0,3413.453217243421,3710.3119390153765
2023-07-20 13:00:00,24.7,1.5135182965362525e-12,0.0,3794.328496294756,3428.7466798024525
2023-07-20 14:00:00,29.1,5.53418904301273e-13,0.0,4354.302087428064,4336.436554776597
2023-07-20 15:00:00,29.1,4.032323018794278e-13,0.0,3919.5036232157954,3974.378050434716
2023-07-20 16:00:00,28.9,4.1894051419645133e-13,0.0,3767.549418190314,3920.8110085639414
2023-07-20 17:00:00,28.4,3.6307638799931895e-13,0.0,3545.5303009357017,3671.7052582650267
2023-07-20 18:00:00,27.5,4.361476787318056e-13,0.0,3261.154036811267,3265.528746799611
2023-07-20 19:00:00,25.9,2.2035844317460121e-13,0.0,1819.9487309903948,1868.5004596693825
2023-07-20 20:00:00,23.6,1.967346970835052e-13,0.0,1130.1118027137104,1143.9646139100998
2023-07-20 21:00:00,22.4,2.643231652160981e-13,0.0,876.3265364335546,956.5822962468003
2023-07-20 22:00:00,22.0,2.2492871499220794e-13,0.0,615.4607421891006,732.2249884410558
2023-07-20 23:00:00,20.5,3.89026730397635e-14,0.0,288.6366301169345,221.32774445314712
2023-07-21 00:00:00,19.0,2.7557325043983495e-14,0.0,127.35066621122012,98.22640822094598
2023-07-21 01:00:00,18.3,2.164191897082499e-14,0.0,78.95603892659615,70.50686408416487
2023-07-21 02:00:00,17.6,0.0,0.0,59.12755985714621,58.07494078012304
2023-07-21 03:00:00,17.8,1.2850737251768014e-14,0.0,58.085800291958826,57.2650494263004
2023-07-21 04:00:00,17.9,1.7618184491160113e-14,0.0,58.05900479756296,57.5288251892483
2023-07-21 05:00:00,17.9,2.2899947796373242e-14,0.0,77.55291762815122,75.33068131018379
2023-07-21 06:00:00,18.5,5.926789013432372e-14,0.0,226.7580788305795,307.26844864992916
2023-07-21 07:00:00,19.7,1.6483181535063938e-13,0.0,688.2674459367904,709.0835752134277
2023-07-21 08:00:00,20.9,2.535351363169894e-13,0.0,1049.8108631248665,908.7328040429943
2023-07-21 09:00:00,21.6,9.344759080392185e-14,0.0,1405.528679356346,1438.4397524823266
2023-07-21 10:00:00,22.9,2.2369256894418156e-13,0.0,2012.172845729886,2171.452114620405
2023-07-21 11:00:00,23.4,5.354765924442687e-13,0.0,2089.575545571926,2036.1000481586332
2023-07-21 12:00:00,24.6,3.407268789978293e-13,0.0,2476.9533381774627,2610.009636613023
2023-07-21 13:00:00,24.1,2.0962006718404194e-13,0.0,3310.685307430903,2818.162931736897
2023-07-21 14:00:00,26.1,2.473916457582697e-13,0.0,2787.36764539839,2666.844489208595
2023-07-21 15:00:00,25.9,3.3184935437296217e-13,0.0,2841.2421625446964,2804.147544055864
2023-07-21 16:00:00,24.6,9.159979118549296e-14,0.0,2165.017268259718,2218.901892014617
2023-07-21 17:00:00,24.6,3.2744130586830917e-13,0.0,1849.5499768135749,2000.3486978059373
2023-07-21 18:00:00,20.9,2.2356715963255604e-13,0.0,1485.7121489525198,1208.161617725369
2023-07-21 19:00:00,20.5,4.0155913880109e-14,0.0,970.2818940845468,1143.2149732468122
2023-07-21 20:00:00,19.6,1.0575265966196247e-13,0.0,585.7278590999335,751.0751342752167
2023-07-21 21:00:00,19.4,0.0,0.0,384.6997788070789,558.4691262405549
2023-07-21 22:00:00,18.0,0.0,0.0,150.93718475601733,167.585435571378
2023-07-21 23:00:00,17.4,0.0,0.0,80.0369723376466,80.01426918948046
2023-07-22 00:00:00,17.4,0.0,0.0,62.86316883865549,69.3061278574107
2023-07-22 01:00:00,19.4,0.0,0.0,61.22904351752206,106.94867528093789
2023-07-22 02:00:00,18.9,0.0,0.0,51.8712881343363,83.44510925051839
2023-07-22 03:00:00,18.4,0.0,0.0,41.16046017437077,65.49254338193191
2023-07-22 04:00:00,17.9,0.0,0.0,31.182533360210506,57.01857133066641
2023-07-22 05:00:00,17.6,0.0,0.0,48.700370171310894,71.04454016742977
2023-07-22 06:00:00,18.6,0.0,0.0,312.42646025571173,393.6691078788077
2023-07-22 07:00:00,19.9,0.0,0.0,1350.219987254453,1505.756526348677
2023-07-22 08:00:00,21.4,0.0,0.0,2192.9879771372853,2535.222118997748
2023-07-22 09:00:00,23.1,0.0,0.0,2790.9118146292394,3003.784279641246
2023-07-22 10:00:00,24.6,1.9778336768421922e-14,0.0,3049.3024986347664,3223.7035942593657
2023-07-22 11:00:00,25.8,2.5639372833459427e-13,0.0,3265.243264582072,3189.967267714065
2023-07-22 12:00:00,26.6,2.48628004646338e-13,0.0,3573.7583305140142,3335.7363770639263
2023-07-22 13:00:00,26.8,3.341343838617445e-13,0.0,3838.7846162734077,3597.9461402682064
2023-07-22 14:00:00,26.1,1.6062365552043596e-13,0.0,3147.959613845601,2829.5935276931746
2023-07-22 15:00:00,25.7,4.582985760990974e-13,0.0,2572.4813015519558,2658.057387530518
2023-07-22 16:00:00,26.3,5.104157474304866e-13,0.0,2970.677891513379,2916.032378440631
2023-07-22 17:00:00,25.6,2.4428180943732973e-13,0.0,3043.8396841441418,2913.7340600838616
2023-07-22 18:00:00,25.1,2.4535658353257044e-13,0.0,2856.4644349293085,2874.034701443461
2023-07-22 19:00:00,23.6,3.4525948545393997e-13,0.0,1548.2711811984323,2234.1192086464753
2023-07-22 20:00:00,20.9,9.775548213130809e-14,0.0,889.6545147896614,850.5564020886286
2023-07-22 21:00:00,20.1,1.7420317430812498e-13,0.0,626.4257564841947,670.4197390393535
2023-07-22 22:00:00,19.4,5.1858798718131606e-14,0.0,307.80158020245244,453.55773422845743
2023-07-22 23:00:00,18.5,1.666608887083412e-14,0.0,135.9578999306945,111.15648947317132
2023-07-23 00:00:00,17.6,3.1730869609464673e-14,0.0,107.4286191007415,89.98040874266823
2023-07-23 01:00:00,19.6,8.365815391689375e-15,0.0,94.61172101078708,126.06275706372304
2023-07-23 02:00:00,17.9,3.555471541467983e-15,0.0,56.879412286058496,58.88753353440143
2023-07-23 03:00:00,16.4,2.6143173099029296e-16,0.0,36.867948452202185,40.48331579771443
2023-07-23 04:00:00,15.9,0.0,0.0,25.203184807365382,34.41994424163809
2023-07-23 05:00:00,15.8,3.712330580062159e-15,0.0,43.3506077239831,45.779653766420786
2023-07-23 06:00:00,18.2,3.0268300711886606e-14,0.0,361.8392262245957,319.46773610281355
2023-07-23 07:00:00,21.4,1.7174960847279927e-13,0.0,1620.2534123585742,2087.9914348735506
2023-07-23 08:00:00,24.4,4.59646015511276e-13,0.0,2775.6862241703698,2998.9080528264435
2023-07-23 09:00:00,26.9,4.318275870173238e-13,0.0,3452.8981174500764,3673.6168730961463
2023-07-23 10:00:00,28.4,1.3982190028565877e-13,0.0,3818.13700333571,3940.5683194366165
2023-07-23 11:00:00,29.4,1.6372086577419657e-13,0.0,3873.1158070628762,4034.886335660219
2023-07-23 12:00:00,30.6,4.907131670651407e-13,0.0,4056.274143970553,4067.0974966394597
2023-07-23 13:00:00,30.5,2.116433547027298e-13,0.0,4388.553338961588,4426.4553427710725
2023-07-23 14:00:00,30.9,3.8175725261864517e-13,0.0,4511.309428254102,4485.775447449098
2023-07-23 15:00:00,31.4,2.0767253606843017e-13,0.0,4315.860056275468,4394.059662313331
2023-07-23 16:00:00,31.2,3.728662505664309e-13,0.0,3906.2051897066613,4187.188066990508
2023-07-23 17:00:00,29.2,6.943626775102181e-14,0.0,2607.8601437049547,3387.008871304126
2023-07-23 18:00:00,27.8,4.385202393306753e-13,0.0,3087.60563264966,3576.426992562703
2023-07-23 19:00:00,26.6,2.1769931415136204e-13,0.0,1875.970206455409,2068.042537856033
2023-07-23 20:00:00,25.2,2.2781319766429746e-13,0.0,1290.497203071726,1423.5445707475747
2023-07-23 21:00:00,24.1,2.0712294863371449e-13,0.0,1115.548129501999,1154.5849397806282
2023-07-23 22:00:00,23.0,2.350802638666394e-13,0.0,871.4675839170945,854.755733511022
2023-07-23 23:00:00,22.1,1.1409996163296678e-13,0.0,501.69527746315873,505.96322218572703
2023-07-24 00:00:00,21.4,3.317921113905711e-14,0.0,275.19531375384094,289.9713566723522
2023-07-24 01:00:00,20.9,0.0,0.0,145.99270454824781,201.29528828365463
2023-07-24 02:00:00,19.6,0.0,0.0,90.14748954179986,96.06350789534773
2023-07-24 03:00:00,18.6,0.0,0.0,65.9248222617984,63.50931104050401
2023-07-24 04:00:00,19.4,0.0,0.0,67.48954038292408,95.34091451275948
2023-07-24 05:00:00,18.3,0.0,0.0,118.90408355958618,113.84056207789338
2023-07-24 06:00:00,20.4,0.0,0.0,1042.9683177586476,892.3597383679637
2023-07-24 07:00:00,22.8,0.0,0.0,2473.459786003079,2449.5037721400267
2023-07-24 08:00:00,25.7,0.0,0.0,3201.6746408086656,3184.6061486982207
2023-07-24 09:00:00,28.9,0.0,0.0,3801.3927354449056,3693.4174176921374
2023-07-24 10:00:00,32.0,0.0,0.0,4075.6604384568727,3985.571092870224
2023-07-24 11:00:00,34.5,0.0,0.0,4116.489352386694,4029.7516355375114
2023-07-24 12:00:00,34.7,7.720553828491547e-13,0.0,4201.8424268140425,3978.295985913531
2023-07-24 13:00:00,33.0,2.6016508397452814e-13,0.0,4336.715193849961,4361.84878390787
2023-07-24 14:00:00,34.4,1.2468608746029066e-12,0.0,4714.753557971956,4468.779449284106
2023-07-24 15:00:00,31.0,1.3522658917373532e-13,0.0,3621.2349287752704,3831.6598624156504
2023-07-24 16:00:00,32.8,6.094328405842217e-13,0.0,3649.4999598033723,3924.3559983907135
2023-07-24 17:00:00,32.6,4.939845881789083e-13,0.0,3872.9252249521114,3815.1461042874994
2023-07-24 18:00:00,31.7,8.001490307405489e-13,0.0,3648.083681915812,3425.396098993083
2023-07-24 19:00:00,29.7,4.1492089401377007e-13,0.0,2269.0235054204422,2294.4765670611823
2023-07-24 20:00:00,27.3,4.788503640707914e-14,0.0,1608.8658559022701,1520.5723609946012
2023-07-24 21:00:00,24.9,2.2399218911581414e-13,0.0,1280.7206284115127,1179.7081821174945
2023-07-24 22:00:00,23.6,2.507505979821247e-13,0.0,908.1987790266948,814.2295596443346
2023-07-24 23:00:00,23.2,0.0,0.0,689.5359862007571,597.6829043905079
2023-07-25 00:00:00,22.7,0.0,0.0,542.345895754275,491.83904694650477
2023-07-25 01:00:00,24.4,0.0,0.0,536.5533797302402,601.2123045186767
2023-07-25 02:00:00,24.1,0.0,0.0,489.2989544677556,569.279322691063
2023-07-25 03:00:00,21.8,0.0,0.0,329.8742057737932,356.610219275859
2023-07-25 04:00:00,22.4,0.0,0.0,296.78824673273505,392.3700296457058
2023-07-25 05:00:00,21.0,0.0,0.0,360.99479053191567,366.10112088744245
2023-07-25 06:00:00,21.5,0.0,0.0,869.6531650956726,775.2396271808504
2023-07-25 07:00:00,22.8,0.0,0.0,1603.1404017231453,1752.7768849241693
2023-07-25 08:00:00,23.4,0.0,0.0,2254.940131091279,2044.6938088780948
2023-07-25 09:00:00,22.2,0.0,0.0,1470.965435586259,1193.4508534320764
2023-07-25 10:00:00,20.5,0.0,0.0,1258.0250850859816,888.7256335722304
2023-07-25 11:00:00,18.9,0.0,0.0,846.9307220005651,537.9738671637382
2023-07-25 12:00:00,18.8,0.0,0.0,840.6351348983873,567.8416957332279
2023-07-25 13:00:00,19.7,0.0,0.0,840.0367260198387,656.9805326538778
2023-07-25 14:00:00,20.3,0.0,0.0,1252.6553623834534,1123.774091066056
2023-07-25 15:00:00,21.8,0.0,0.0,2116.8754475173523,1761.9571196069144
2023-07-25 16:00:00,23.4,0.0,0.0,3278.8247232381386,3102.0080978502024
2023-07-25 17:00:00,23.4,0.0,0.0,2684.0387135549236,2471.647080961242
2023-07-25 18:00:00,23.2,1.4721395011954223e-13,0.0,2550.046973985637,2800.9596206809492
2023-07-25 19:00:00,22.5,1.695765108682952e-13,0.0,1274.2132982911785,1702.3266604449561
2023-07-25 20:00:00,20.5,1.0394252540502962e-13,0.0,683.2381944308913,808.171513911823
2023-07-25 21:00:00,19.5,1.222534751230691e-13,0.0,482.18651957013765,503.07317282287886
2023-07-25 22:00:00,19.2,3.4936748810687644e-14,0.0,252.46871236947655,347.38599248431785
2023-07-25 23:00:00,19.1,0.0,0.0,120.64911388797842,159.0774988256863
2023-07-26 00:00:00,19.0,0.0,0.0,81.05021629557777,91.98481309144232
2023-07-26 01:00:00,18.2,0.0,0.0,56.728637754229496,65.82104342588048
2023-07-26 02:00:00,17.8,0.0,0.0,44.757111933911666,54.99529612249164
2023-07-26 03:00:00,17.3,0.0,0.0,36.2447105299172,40.02876665281544
2023-07-26 04:00:00,16.6,0.0,0.0,31.42340732410638,35.09397086505025
2023-07-26 05:00:00,16.1,0.0,0.0,50.51778523076806,51.19943042523062
2023-07-26 06:00:00,16.1,0.0,0.0,95.41496943435138,102.90306817696577
2023-07-26 07:00:00,16.6,0.0,0.0,176.91599785065074,179.5780403019718
2023-07-26 08:00:00,17.0,1.3801307823707087e-15,0.0,392.7162529771708,455.5481659237492
2023-07-26 09:00:00,17.7,3.107850058079225e-14,0.0,474.6135071125475,418.53159583169383
2023-07-26 10:00:00,19.0,1.3547655643681842e-13,0.0,734.74239602992,893.2983954461613
2023-07-26 11:00:00,19.9,1.9064128511341883e-13,0.0,1113.801027120832,1529.3534360726815
2023-07-26 12:00:00,21.4,6.315458597499756e-13,0.0,1804.8997080980791,2451.2297480328507
2023-07-26 13:00:00,19.3,1.478253908499028e-13,0.0,1826.5147253334649,2544.2138699002053
2023-07-26 14:00:00,21.5,2.0117934674944443e-13,0.0,2252.989186749778,2643.9613532222243
2023-07-26 15:00:00,21.3,1.2799697549284746e-13,0.0,2068.994996795564,2410.729004182424
2023-07-26 16:00:00,21.0,5.0045082264319964e-14,0.0,1973.5443152019852,2193.513796256999
2023-07-26 17:00:00,18.3,2.7885687194069805e-13,0.0,1662.3253313148475,1309.3293045162516
2023-07-26 18:00:00,17.8,5.933501030526577e-14,0.0,1427.0832015790247,1198.8229696840494
2023-07-26 19:00:00,17.5,4.284682091133848e-14,0.0,617.6298972626015,928.3451619426122
2023-07-26 20:00:00,16.6,5.4159397950846166e-14,0.0,257.5423609011777,293.9073124134065
2023-07-26 21:00:00,15.9,2.8125425899384252e-14,0.0,161.16412491887257,144.84499883418727
2023-07-26 22:00:00,15.6,1.4842353182486495e-14,0.0,89.35629028055465,74.8949758241282
2023-07-26 23:00:00,15.2,7.240501859638298e-15,0.0,52.64029245468902,44.60308390608152
2023-07-27 00:00:00,14.8,0.0,0.0,29.425778449059507,30.543107272616083
2023-07-27 01:00:00,14.1,8.689712333445199e-16,0.0,15.169658116341898,19.88455648456996
2023-07-27 02:00:00,13.7,3.555471541467983e-15,0.0,8.792322121998058,17.927675916519565
2023-07-27 03:00:00,13.3,0.0,0.0,6.460348443283691,10.330627296237786
2023-07-27 04:00:00,13.2,0.0,0.0,6.101913704244077,9.157510622530056
2023-07-27 05:00:00,13.3,2.606913700033561e-15,0.0,22.511693535770593,31.269497829646475
2023-07-27 06:00:00,14.6,3.8728367482433146e-16,0.0,143.29373514807077,128.83278305229823
2023-07-27 07:00:00,16.4,5.2761178041050785e-14,0.0,639.7736431259683,872.8474320715834
2023-07-27 08:00:00,17.9,2.127921824807106e-13,0.0,1542.7208449489963,1593.0072027897786
2023-07-27 09:00:00,19.5,3.4886797926079426e-13,0.0,2169.996102908237,2481.580122732639
2023-07-27 10:00:00,20.4,5.846097624464275e-13,0.0,2386.2286284770676,2502.0917624982094
2023-07-27 11:00:00,21.2,3.21772497701397e-13,0.0,2501.1637812026256,2389.5984043166272
2023-07-27 12:00:00,21.9,5.073942935798022e-13,0.0,2779.838865127429,2577.833521841866
2023-07-27 13:00:00,22.6,1.0540927393528612e-13,0.0,3014.586895999205,3008.762263938758
2023-07-27 14:00:00,23.2,5.561415893404929e-14,0.0,3201.2026056046825,3232.025619816215
2023-07-27 15:00:00,24.2,5.705503124335512e-13,0.0,3426.409947998873,3518.20973180221
2023-07-27 16:00:00,24.6,6.908438432138712e-13,0.0,3429.1549571650767,3414.685017588361
2023-07-27 17:00:00,24.4,5.093670768297727e-13,0.0,3559.4155480458985,3330.9434091041826
2023-07-27 18:00:00,23.9,3.0743782829107883e-13,0.0,2988.931929286304,2608.0488691992346
2023-07-27 19:00:00,22.4,9.202396930858313e-14,0.0,1300.3285589034494,1225.9368577955188
2023-07-27 20:00:00,21.2,9.18493327684921e-14,0.0,834.8058445616664,839.0382876168999
2023-07-27 21:00:00,20.2,5.00015295493182e-14,0.0,632.492004733455,608.7792744608385
2023-07-27 22:00:00,20.2,5.478683410522288e-14,0.0,391.29682037588793,415.2707480953022
2023-07-27 23:00:00,20.3,3.892145251050104e-14,0.0,197.46486256245927,216.24042198416035
2023-07-28 00:00:00,19.4,2.4910183567797762e-15,0.0,119.37857542643482,111.04416780371128
2023-07-28 01:00:00,19.6,9.442788223535938e-15,0.0,93.38237693894415,98.78630875054984
2023-07-28 02:00:00,19.6,9.433425093172419e-15,0.0,78.35454245563439,96.06350789534773
2023-07-28 03:00:00,18.4,3.657703451273221e-15,0.0,58.86088902581145,62.39935893186409
2023-07-28 04:00:00,18.6,1.505846770504087e-14,0.0,55.18553374196993,63.93078949734362
2023-07-28 05:00:00,18.1,1.2180404486562019e-14,0.0,69.60215563580634,75.90241869868332
2023-07-28 06:00:00,18.6,2.464170288402958e-14,0.0,220.22094627170438,415.90289235065063
2023-07-28 07:00:00,20.1,2.494458599247799e-14,0.0,532.2112685706178,711.5193927194736
2023-07-28 08:00:00,23.4,2.563819536275829e-13,0.0,1534.1271367515346,2746.0418912368073
2023-07-28 09:00:00,25.9,8.461862675291991e-13,0.0,2832.962256588419,3394.202809109468
2023-07-28 10:00:00,27.0,1.0952990265540204e-13,0.0,2948.3153987775027,3582.972688834321
2023-07-28 11:00:00,27.9,7.807696199608582e-13,0.0,2994.470569532423,3704.3745653215346
2023-07-28 12:00:00,25.9,5.214040906841289e-13,0.0,2413.1017397690575,2861.9949375925617
2023-07-28 13:00:00,27.6,6.719896190947057e-13,0.0,2365.5623210130116,3295.4848478936265
2023-07-28 14:00:00,27.3,7.860399278191228e-13,0.0,3038.575208503855,3955.679438078755
2023-07-28 15:00:00,27.4,3.54212340801799e-13,0.0,3565.5676863222184,4052.977204592287
2023-07-28 16:00:00,26.3,1.4149506336399664e-13,0.0,2652.1368536300743,2789.6077550639184
2023-07-28 17:00:00,26.6,7.276786830716632e-13,0.0,2898.3374525065565,3319.5272826467954
2023-07-28 18:00:00,25.9,1.2632179801717446e-12,0.0,3138.5103900656336,3299.200735488522
2023-07-28 19:00:00,24.4,1.7197432360152374e-13,0.0,1551.9158262022106,1996.0831697690642
2023-07-28 20:00:00,23.7,3.76962478512356e-14,0.0,1073.4598856053178,1159.5171901567455
2023-07-28 21:00:00,23.4,1.4148243729681726e-13,0.0,925.1632111227777,1041.5196369655075
2023-07-28 22:00:00,22.9,1.1310725697439188e-13,0.0,667.9304424213988,768.1710268841373
2023-07-28 23:00:00,22.1,5.124061927409742e-14,0.0,386.9052235951213,479.21901601736175
2023-07-29 00:00:00,21.3,1.6357105568838025e-14,0.0,214.53343126069717,303.0483555335052
2023-07-29 01:00:00,21.5,6.193332339912926e-14,0.0,185.54665330364824,270.76680909490847
2023-07-29 02:00:00,20.6,2.377398185699624e-14,0.0,118.7884110042827,150.5208989875747
2023-07-29 03:00:00,19.1,2.3528855789126366e-16,0.0,65.94836936413905,80.88198762658692
2023-07-29 04:00:00,17.9,0.0,0.0,46.18373584822556,54.81621732315687
2023-07-29 05:00:00,19.1,0.0,0.0,65.88479580188229,84.37945284069023
2023-07-29 06:00:00,20.8,0.0,0.0,252.9505724367838,382.053868511437
2023-07-29 07:00:00,21.4,0.0,0.0,494.4828814035915,704.2408477332436
2023-07-29 08:00:00,22.9,0.0,0.0,1531.0882202502967,2740.6892174911454
2023-07-29 09:00:00,24.6,0.0,0.0,2879.0288113974993,3096.5420155126217
2023-07-29 10:00:00,26.2,0.0,0.0,3235.8659264180606,3540.7084213338335
2023-07-29 11:00:00,27.6,0.0,0.0,3246.7518889907597,3693.414168178521
2023-07-29 12:00:00,28.9,0.0,0.0,3409.474762602332,3820.130274755105
2023-07-29 13:00:00,27.9,0.0,0.0,3710.728904221639,3947.2228174871198
2023-07-29 14:00:00,25.6,0.0,0.0,3296.375645345655,3413.171571508591
2023-07-29 15:00:00,26.8,0.0,0.0,2918.2317293809865,2851.0954032905843
2023-07-29 16:00:00,28.3,0.0,0.0,3264.1139830015222,3522.211931001142
2023-07-29 17:00:00,27.9,0.0,0.0,3146.7943270356755,3373.899888260834
2023-07-29 18:00:00,27.2,0.0,0.0,3364.2736263763504,3353.1728322341687
2023-07-29 19:00:00,25.6,0.0,0.0,1769.9237747525926,2120.134367848491
2023-07-29 20:00:00,24.5,0.0,0.0,1186.7263201768938,1193.7985396742677
2023-07-29 21:00:00,24.1,0.0,0.0,1044.5669841270712,1126.646558573591
2023-07-29 22:00:00,23.6,0.0,0.0,808.1873525233684,931.3816304495148
2023-07-29 23:00:00,23.3,0.0,0.0,592.3853323995612,604.6798480843493
2023-07-30 00:00:00,22.6,0.0,0.0,512.1731046341239,561.3924937034976
2023-07-30 01:00:00,21.3,0.0,0.0,322.05430046203236,285.5472344386757
2023-07-30 02:00:00,20.9,0.0,0.0,188.75066550975095,198.9027622331866
2023-07-30 03:00:00,21.4,0.0,0.0,155.123713125541,201.91007470831627
2023-07-30 04:00:00,20.6,0.0,0.0,110.30820766359847,149.51012852553814
2023-07-30 05:00:00,20.4,0.0,0.0,107.57302471229208,114.49934523973798
2023-07-30 06:00:00,21.2,0.0,0.0,229.98059432351246,343.76007360606735
2023-07-30 07:00:00,21.6,0.0,0.0,595.6019672121256,564.9017656672189
2023-07-30 08:00:00,20.6,0.0,0.0,631.2300647864403,695.6311277686029
2023-07-30 09:00:00,21.4,0.0,0.0,1018.0298036414048,1030.6646372243165
2023-07-30 10:00:00,23.7,0.0,0.0,2082.1115743933724,2171.9755822128027
2023-07-30 11:00:00,24.1,0.0,0.0,2722.554926051259,2767.2686279549866
2023-07-30 12:00:00,22.1,0.0,0.0,2576.528798695974,2706.1645525856184
2023-07-30 13:00:00,23.3,0.0,0.0,2601.5037446421,2515.8920398169785
2023-07-30 14:00:00,24.8,0.0,0.0,3697.0349560415443,3808.9095590269017
2023-07-30 15:00:00,23.4,0.0,0.0,3026.209743344892,2476.967998649575
2023-07-30 16:00:00,23.1,0.0,0.0,1970.947638489607,1872.1397244374368
2023-07-30 17:00:00,23.4,0.0,0.0,2397.300481658076,2537.3610872683253
2023-07-30 18:00:00,21.6,0.0,0.0,2060.720915331305,1415.4644825465634
2023-07-30 19:00:00,21.3,0.0,0.0,1009.1774290502403,917.1463770941414
2023-07-30 20:00:00,20.6,0.0,0.0,692.541118494088,787.9147531488327
2023-07-30 21:00:00,20.3,0.0,0.0,543.4411609557561,645.087494739419
2023-07-30 22:00:00,19.9,0.0,0.0,338.9031965778342,490.45933874358997
2023-07-30 23:00:00,19.2,0.0,0.0,129.23276004407646,159.3235095609283
2023-07-31 00:00:00,18.9,0.0,0.0,87.27332661200091,96.25354739778103
2023-07-31 01:00:00,18.0,0.0,0.0,62.26525548720053,64.12669534265927
2023-07-31 02:00:00,17.9,0.0,0.0,50.88733587507849,54.05039518518163
2023-07-31 03:00:00,17.4,0.0,0.0,42.18299749196632,49.279341196138965
2023-07-31 04:00:00,16.8,0.0,0.0,37.64647637927948,41.83880626439231
2023-07-31 05:00:00,16.9,0.0,0.0,61.74454350594271,65.77470579935465
2023-07-31 06:00:00,17.9,0.0,0.0,189.52682924723268,253.9073062886206
2023-07-31 07:00:00,19.4,0.0,0.0,1021.8710448159418,928.5742484035716
2023-07-31 08:00:00,20.7,0.0,0.0,2070.0797128446857,2241.169133515163
2023-07-31 09:00:00,22.0,0.0,0.0,2788.6124405812448,2777.0322607827834
2023-07-31 10:00:00,23.0,0.0,0.0,3061.26987109632,3060.7903909595734
2023-07-31 11:00:00,23.8,1.4915921142976851e-12,0.0,3161.0066536994686,3033.988264984312
2023-07-31 12:00:00,24.6,7.074004117770749e-13,0.0,3418.6735083528947,3169.236348228546
2023-07-31 13:00:00,25.1,1.1390032836656743e-12,0.0,3679.2245435184723,3616.7683698557166
2023-07-31 14:00:00,25.8,6.376257942927146e-13,0.0,3990.8755568387123,3715.5291404108193
2023-07-31 15:00:00,26.2,1.266762917962618e-12,0.0,4103.561457376691,3758.5227898527583
2023-07-31 16:00:00,26.5,2.6416030338301854e-13,0.0,3857.3559409926647,3652.4147521456634
2023-07-31 17:00:00,25.9,3.7841007510180157e-13,0.0,3526.4913267892853,3404.0263419356465
2023-07-31 18:00:00,25.1,2.6603292945572207e-13,0.0,3245.864506720465,3075.6402083731086
2023-07-31 19:00:00,22.6,9.174960127130925e-14,0.0,1297.8134918761777,1256.9475316563116
2023-07-31 20:00:00,20.6,1.3882288259349417e-13,0.0,838.4809957141093,760.0387928848813
2023-07-31 21:00:00,19.3,4.119238409372764e-14,0.0,654.1316746868929,513.5206679077744
2023-07-31 22:00:00,19.1,1.26314662124188e-14,0.0,322.3556438817651,247.13360346372406
2023-07-31 23:00:00,18.6,1.8217531254446258e-14,0.0,148.66810982658524,119.93072729264311
2023-08-01 00:00:00,18.9,1.9082202184705754e-14,0.0,120.47678997064861,96.25354739778103
2023-08-01 01:00:00,18.4,2.3240177006254717e-14,0.0,90.42236581510126,69.84525716317518
2023-08-01 02:00:00,17.2,1.8081765864175246e-14,0.0,59.90258119570237,47.847424102805945
2023-08-01 03:00:00,17.2,4.1829076958446875e-16,0.0,52.31616795779509,47.13193270349857
2023-08-01 04:00:00,18.4,8.206642175509566e-15,0.0,57.08353876178045,60.707809443354385
2023-08-01 05:00:00,18.4,0.0,0.0,90.53544949359306,103.05854995550871
2023-08-01 06:00:00,19.1,0.0,0.0,232.22553438613681,340.66568115877067
2023-08-01 07:00:00,19.8,0.0,0.0,478.0134170759343,536.9977298581213
2023-08-01 08:00:00,20.1,0.0,0.0,604.0128799865714,551.294275968839
2023-08-01 09:00:00,20.9,0.0,0.0,859.3704344456764,855.3982462719528
2023-08-01 10:00:00,21.4,0.0,0.0,1116.124114667457,934.3949613036831
2023-08-01 11:00:00,21.2,0.0,0.0,1110.239348013779,983.7085740843152
2023-08-01 12:00:00,20.4,0.0,0.0,976.2828772181285,804.8599590673297
2023-08-01 13:00:00,19.1,0.0,0.0,650.9724950928826,640.5504743509881
2023-08-01 14:00:00,18.9,0.0,0.0,444.71608123113083,520.3849686262756
2023-08-01 15:00:00,18.8,0.0,0.0,279.1612156844601,446.1350677303237
2023-08-01 16:00:00,18.5,0.0,0.0,210.63589862395625,409.5504543051385
2023-08-01 17:00:00,18.4,0.0,0.0,185.04589067125337,437.95872406530304
2023-08-01 18:00:00,18.4,0.0,0.0,328.92548120936215,550.4716805166552
2023-08-01 19:00:00,18.1,0.0,0.0,263.64601462601956,459.045089009743
2023-08-01 20:00:00,17.7,0.0,0.0,151.5991857786807,386.0596871544665
2023-08-01 21:00:00,17.9,0.0,0.0,122.76877297078875,294.5708444537318
2023-08-01 22:00:00,17.6,0.0,0.0,64.82111738995236,154.93438917447193
2023-08-01 23:00:00,17.4,0.0,0.0,31.568937098692352,90.2734809103525
2023-08-02 00:00:00,17.1,0.0,0.0,13.241250063316029,65.97468894387598
2023-08-02 01:00:00,16.9,0.0,0.0,8.172715682664183,48.91381507052313
2023-08-02 02:00:00,16.4,0.0,0.0,5.551941834607453,35.796222199099674
2023-08-02 03:00:00,16.3,0.0,0.0,4.425814331623996,33.65739731024125
2023-08-02 04:00:00,16.1,0.0,0.0,4.683486309786077,31.957411694172016
2023-08-02 05:00:00,15.9,0.0,0.0,14.044243399468513,55.11028167534554
2023-08-02 06:00:00,16.7,0.0,0.0,134.03496203349766,265.17215262952345
2023-08-02 07:00:00,18.4,0.0,0.0,991.4244540514162,1122.8881405621732
2023-08-02 08:00:00,19.9,0.0,0.0,1898.7840439980826,2169.167514491184
2023-08-02 09:00:00,21.4,0.0,0.0,2367.095324730517,2343.857996810825
2023-08-02 10:00:00,22.8,0.0,0.0,2810.1058786890626,2893.1081922978033
2023-08-02 11:00:00,24.1,3.533134802869013e-13,0.0,2990.56152134848,3023.468489058362
2023-08-02 12:00:00,24.7,6.087586951980484e-13,0.0,2798.014584636218,3009.6744797466463
2023-08-02 13:00:00,25.0,1.158480297542128e-13,0.0,2710.752562628386,3199.484060016319
2023-08-02 14:00:00,25.9,2.83888987242891e-13,0.0,2273.7044392427506,2813.317042231003
2023-08-02 15:00:00,25.4,2.7552317185120163e-13,0.0,2498.5546088781693,3239.212853171125
2023-08-02 16:00:00,25.4,2.235053063369112e-13,0.0,2661.849190266055,3300.776661518062
2023-08-02 17:00:00,25.1,2.512623072153024e-13,0.0,2320.110248264539,2860.7167347946706
2023-08-02 18:00:00,24.5,7.468821802710107e-13,0.0,2363.264054860133,2818.331976138771
2023-08-02 19:00:00,23.6,0.0,0.0,1069.3150552941158,1268.511907815131
2023-08-02 20:00:00,22.6,0.0,0.0,761.6782513068206,1045.0057705979766
2023-08-02 21:00:00,22.1,0.0,0.0,601.9534628258713,840.4286159758597
2023-08-02 22:00:00,21.6,0.0,0.0,347.6178997388646,598.0977613727061
2023-08-02 23:00:00,20.8,0.0,0.0,146.282853381226,270.4477816516118
2023-08-03 00:00:00,18.6,0.0,0.0,77.83487073342988,83.89187730946463
2023-08-03 01:00:00,18.9,0.0,0.0,61.985673688654394,80.56914065868602
2023-08-03 02:00:00,19.8,0.0,0.0,58.96820699129148,92.7574087123113
2023-08-03 03:00:00,18.1,0.0,0.0,45.55752318733188,56.766590703913806
2023-08-03 04:00:00,18.0,0.0,0.0,45.751817179715474,56.94992905236792
2023-08-03 05:00:00,18.4,0.0,0.0,76.07822139062651,103.05854995550871
2023-08-03 06:00:00,19.3,0.0,0.0,287.51820529486736,573.0049266864937
2023-08-03 07:00:00,21.1,0.0,0.0,1110.0438726194275,1087.2780347660287
2023-08-03 08:00:00,22.6,0.0,0.0,1811.4933816856496,2332.1572416299114
2023-08-03 09:00:00,21.9,0.0,0.0,970.805683713562,1093.8973740816018
2023-08-03 10:00:00,22.2,0.0,0.0,1050.2872087873466,1396.872874263953
2023-08-03 11:00:00,21.9,0.0,0.0,1167.8318198233073,1417.5870096202857
2023-08-03 12:00:00,22.2,0.0,0.0,1295.6498349393335,1460.1733479695665
2023-08-03 13:00:00,20.0,0.0,0.0,1503.0321303852127,1203.1195849247788
2023-08-03 14:00:00,20.6,0.0,0.0,1180.8749990906306,1214.3288665450586
2023-08-03 15:00:00,21.4,0.0,0.0,1528.960492006855,1633.9607131093244
2023-08-03 16:00:00,22.1,0.0,0.0,1906.9122646551104,1825.5871163521706
2023-08-03 17:00:00,21.8,0.0,0.0,1157.6258978635115,1473.8520928526632
2023-08-03 18:00:00,20.7,0.0,0.0,992.9695433086179,1319.7391271111128
2023-08-03 19:00:00,19.4,1.0386762036212146e-13,0.0,591.2457829822747,670.2987174190814
2023-08-03 20:00:00,19.5,0.0,0.0,384.0634006151325,591.2112733796714
2023-08-03 21:00:00,19.6,0.0,0.0,310.9508685919039,544.4004632692495
2023-08-03 22:00:00,19.6,0.0,0.0,158.80251919869875,331.8514300185282
2023-08-03 23:00:00,18.7,0.0,0.0,80.87189331574832,130.4957213971854
2023-08-04 00:00:00,18.3,0.0,0.0,53.04275140681128,81.78876663921034
2023-08-04 01:00:00,17.7,0.0,0.0,40.83323129972388,58.91189108759498
2023-08-04 02:00:00,17.1,0.0,0.0,29.966913494334843,46.76192732566824
2023-08-04 03:00:00,17.2,0.0,0.0,25.422950984054857,47.13193270349857
2023-08-04 04:00:00,17.3,0.0,0.0,26.421666238201773,47.383601060136186
2023-08-04 05:00:00,17.2,0.0,0.0,42.58660258822282,61.46869887179541
2023-08-04 06:00:00,17.6,0.0,0.0,67.09362499191936,147.19324673291254
2023-08-04 07:00:00,18.4,0.0,0.0,455.15313004184907,559.5191249473936
2023-08-04 08:00:00,18.9,0.0,0.0,886.5191689848333,602.8528346032957
2023-08-04 09:00:00,20.5,0.0,0.0,2052.8823299203586,1910.7298229268517
2023-08-04 10:00:00,21.1,0.0,0.0,1972.81331871383,1334.3984086730547
2023-08-04 11:00:00,22.8,0.0,0.0,2966.5211433407985,2543.725813020864
2023-08-04 12:00:00,22.6,0.0,0.0,2451.7614699149717,1998.31259801287
2023-08-04 13:00:00,20.4,0.0,0.0,1779.235262647403,1119.2683451595244
2023-08-04 14:00:00,19.9,0.0,0.0,1038.843930033594,744.4279553170179
2023-08-04 15:00:00,19.8,0.0,0.0,750.3738873338748,607.2291296833191
2023-08-04 16:00:00,20.1,0.0,0.0,924.5678207940774,786.0193431703017
2023-08-04 17:00:00,19.7,0.0,0.0,828.996132306087,986.2262566745064
2023-08-04 18:00:00,19.1,0.0,0.0,794.4096553148422,784.0237002131597
2023-08-04 19:00:00,18.6,0.0,0.0,507.1442106943392,542.7016344500805
2023-08-04 20:00:00,17.6,0.0,0.0,252.42637475766372,367.85471406048686
2023-08-04 21:00:00,17.1,0.0,0.0,175.73898770680833,219.66664947947868
2023-08-04 22:00:00,16.6,0.0,0.0,91.3561571905847,117.12812197202254
2023-08-04 23:00:00,16.5,0.0,0.0,50.896994136603425,69.43260576710169
2023-08-05 00:00:00,16.9,0.0,0.0,39.938731229947635,62.66114011952741
2023-08-05 01:00:00,17.0,0.0,0.0,28.495398099410867,50.1915855816227
2023-08-05 02:00:00,17.1,0.0,0.0,22.704785876389792,46.94526567412236
2023-08-05 03:00:00,17.2,0.0,0.0,18.858704819557925,47.31527105195269
2023-08-05 04:00:00,17.3,0.0,0.0,15.858930044246453,47.383601060136186
2023-08-05 05:00:00,17.2,0.0,0.0,17.771363840299987,47.1602026241906
2023-08-05 06:00:00,17.2,0.0,0.0,41.956998006190176,74.4018647203482
2023-08-05 07:00:00,17.2,0.0,0.0,82.26984633201023,144.4386046398321
2023-08-05 08:00:00,17.3,0.0,0.0,81.6870175529609,151.84370274948742
2023-08-05 09:00:00,18.6,0.0,0.0,163.0528982292335,475.9234493941409
2023-08-05 10:00:00,19.6,0.0,0.0,493.2469802664815,732.428043879687
2023-08-05 11:00:00,19.9,0.0,0.0,576.4910890288504,680.073361504016
2023-08-05 12:00:00,20.2,0.0,0.0,558.8640409318832,735.7533038416321
2023-08-05 13:00:00,17.4,0.0,0.0,549.3417953861291,765.5213711571188
2023-08-05 14:00:00,17.8,0.0,0.0,318.2060150860201,506.6269016300573
2023-08-05 15:00:00,17.4,0.0,0.0,154.75868994182434,303.81686827660224
2023-08-05 16:00:00,18.8,0.0,0.0,411.59729123875286,702.3167536388025
2023-08-05 17:00:00,18.7,0.0,0.0,324.9185872929777,687.5222947552504
2023-08-05 18:00:00,18.5,0.0,0.0,282.39517824797093,530.251169914947
2023-08-05 19:00:00,18.1,0.0,0.0,188.7026529270128,459.045089009743
2023-08-05 20:00:00,17.6,0.0,0.0,128.73532799453903,343.56442014830435
2023-08-05 21:00:00,17.4,0.0,0.0,112.67821563352953,234.34890052474108
2023-08-05 22:00:00,17.2,0.0,0.0,68.58227959843357,158.36493973057597
2023-08-05 23:00:00,16.6,0.0,0.0,33.76865546919255,69.43260576710169
2023-08-06 00:00:00,16.5,0.0,0.0,29.32356717888151,67.26783760242373
2023-08-06 01:00:00,16.1,0.0,0.0,12.367713651098395,43.073537078872064
2023-08-06 02:00:00,15.7,0.0,0.0,7.593514759058226,28.043701726013285
2023-08-06 03:00:00,15.4,0.0,0.0,5.235691148819297,26.571563788505586
2023-08-06 04:00:00,15.6,0.0,0.0,4.178378160195405,27.380976215143832
2023-08-06 05:00:00,15.8,0.0,0.0,5.846197425769727,29.56155720339789
2023-08-06 06:00:00,15.9,0.0,0.0,12.307298820529905,53.83114023871041
2023-08-06 07:00:00,16.2,0.0,0.0,21.30533689956676,60.14014760690391
2023-08-06 08:00:00,16.5,0.0,0.0,65.79945697282989,149.60691955812177
2023-08-06 09:00:00,17.1,0.0,0.0,121.2325717146091,354.32305143119174
2023-08-06 10:00:00,17.8,0.0,0.0,230.66236405383137,589.314149842925
2023-08-06 11:00:00,18.2,0.0,0.0,458.2385585379336,858.749088820832
2023-08-06 12:00:00,18.0,0.0,0.0,596.2232740007024,840.3934381786528
2023-08-06 13:00:00,17.1,0.0,0.0,308.9065421698321,426.17140906032114
2023-08-06 14:00:00,16.6,0.0,0.0,221.34095410423845,401.3742077166074
2023-08-06 15:00:00,16.4,0.0,0.0,157.14708816837384,263.81287899227834
2023-08-06 16:00:00,17.5,0.0,0.0,213.05835580717485,483.45280478400093
2023-08-06 17:00:00,18.2,0.0,0.0,311.85894938739824,887.2941240481202
2023-08-06 18:00:00,17.8,0.0,0.0,611.8059330624403,1099.9182523700476
2023-08-06 19:00:00,17.2,0.0,0.0,164.2726309172948,389.7745731468409
2023-08-06 20:00:00,16.4,0.0,0.0,109.97578752218712,209.24443697004995
2023-08-06 21:00:00,15.8,2.201023757179703e-14,0.0,89.67741040975453,155.19828562009405
2023-08-06 22:00:00,15.7,1.1502996163572888e-14,0.0,63.85787997709978,136.67138257533685
2023-08-06 23:00:00,15.2,0.0,0.0,19.547619122307097,52.25184389595728
2023-08-07 00:00:00,14.8,0.0,0.0,8.594554062121219,33.60060265219076
2023-08-07 01:00:00,14.8,1.7777357707339916e-15,0.0,6.229068106191097,13.927012477068809
2023-08-07 02:00:00,14.9,1.7777357707339916e-15,0.0,4.668346217265195,13.485093175750835
2023-08-07 03:00:00,14.6,1.333301828050494e-15,0.0,3.1451718236202684,13.30454217044028
2023-08-07 04:00:00,14.4,46.39443492006366,0.0,3.2317633350259234,12.462003487578855
2023-08-07 05:00:00,14.2,16.389701825096612,0.0,10.211979252379695,18.379339088698114
2023-08-07 06:00:00,14.2,7.615143827872305e-15,0.0,57.439515132088516,86.7476821354291
2023-08-07 07:00:00,14.6,6.909091957317692e-16,0.0,162.4706167130562,176.58217672699146
2023-08-07 08:00:00,14.9,4.680997876931368e-14,0.0,245.28507673610858,309.49012120895037
2023-08-07 09:00:00,14.9,3.093021554336288e-14,0.0,178.28770525583295,128.72221556562698
2023-08-07 10:00:00,15.2,3.993119875138457e-14,0.0,273.608495253406,562.8475941350569
2023-08-07 11:00:00,15.0,7.898909936133433e-14,0.0,415.605415639373,727.5335999138674
2023-08-07 12:00:00,14.1,1.6731630783378746e-14,0.0,227.71188964427125,117.1091012165685
2023-08-07 13:00:00,13.8,0.0,0.0,211.07611358873828,208.72798119349358
2023-08-07 14:00:00,14.9,4.83658189924344e-14,0.0,262.5368847209515,541.2331982745237
2023-08-07 15:00:00,16.5,2.145777031234107e-13,0.0,782.8828691703259,1167.496835376719
2023-08-07 16:00:00,16.6,2.9967125324265457e-14,0.0,1065.699073007995,1181.7690155494493
2023-08-07 17:00:00,16.9,1.538939763657144e-13,0.0,992.6082682801315,990.9812960208258
2023-08-07 18:00:00,16.6,2.1322898667098015e-13,0.0,1084.148576060493,1231.7886850313093
2023-08-07 19:00:00,16.1,4.202896563289658e-14,0.0,208.81746060915353,210.18577079508816
2023-08-07 20:00:00,15.6,5.708743333793746e-14,0.0,131.5326563312609,105.1418621671002
2023-08-07 21:00:00,15.3,3.475884933378081e-14,0.0,106.79316495914523,99.34601254121064
2023-08-07 22:00:00,15.1,2.7807079467024645e-14,0.0,66.44756400307307,65.25325951211184
2023-08-07 23:00:00,14.8,1.4221886165871933e-14,0.0,32.03358029997432,44.775066152769554
2023-08-08 00:00:00,14.4,0.0,0.0,13.06393776743962,32.665336858236415
2023-08-08 01:00:00,13.8,0.0,0.0,8.875134160408429,11.827893408821765
2023-08-08 02:00:00,13.4,8.924616086718764,0.0,5.707559246657611,9.728904350078986
2023-08-08 03:00:00,13.1,75.68953658350956,0.0,3.712771199504127,9.495826751364183
2023-08-08 04:00:00,12.8,95.28234147044375,0.0,3.367706634761613,8.634750078473903
2023-08-08 05:00:00,12.7,50.218659657482675,0.0,10.811809021767269,15.006985723482583
2023-08-08 06:00:00,13.7,0.0,0.0,86.16396630085141,80.77256115250228
2023-08-08 07:00:00,15.1,1.6390812838146687e-14,0.0,211.59977002178155,226.11052015744605
2023-08-08 08:00:00,16.4,8.0179609032436e-14,0.0,795.5834864417722,1113.8698337081878
2023-08-08 09:00:00,17.8,4.537529178957233e-14,0.0,1383.6322158856465,1666.545748446221
2023-08-08 10:00:00,19.1,1.8051477553330409e-13,0.0,1645.4426911450896,2184.533234677769
2023-08-08 11:00:00,19.7,2.389509253236721e-13,0.0,1717.0869477491988,2235.7480211075463
2023-08-08 12:00:00,20.6,3.818321576615534e-13,0.0,1829.8093627883668,2293.3020891524116
2023-08-08 13:00:00,21.1,1.643697590260112e-13,0.0,2114.845911361779,2708.587679542892
2023-08-08 14:00:00,21.8,7.767499997781772e-13,0.0,2564.1309436863644,2934.3687905710462
2023-08-08 15:00:00,22.4,2.696544750098397e-13,0.0,2919.5994632780157,2933.89933053063
2023-08-08 16:00:00,22.3,2.715279524427113e-13,0.0,2549.5937919622875,2459.8911309171435
2023-08-08 17:00:00,21.6,3.1021016623884813e-13,0.0,2298.298454791917,2595.3819154850794
2023-08-08 18:00:00,20.2,3.2459448855771566e-13,0.0,1907.2635859579914,1242.473113752766
2023-08-08 19:00:00,17.8,7.10565149839944e-14,0.0,486.46658610054897,400.0222152540648
2023-08-08 20:00:00,15.7,1.872009019730239e-14,0.0,209.22063842522536,107.06366900757138
2023-08-08 21:00:00,14.6,1.7549486061820646e-14,0.0,159.59756328188686,92.93270497504832
2023-08-08 22:00:00,14.1,3.607295052148916e-14,0.0,93.04427080709976,55.99684247065818
2023-08-08 23:00:00,14.2,6.951769866756161e-15,0.0,53.39869193792125,41.86648487834346
2023-08-09 00:00:00,13.7,8.848885549625009e-15,0.0,34.23186481680515,29.411353768296348
2023-08-09 01:00:00,13.8,1.7777357707339916e-15,0.0,23.632781139053165,11.827893408821765
2023-08-09 02:00:00,13.8,3.555471541467983e-15,0.0,15.422718534749734,11.38597410750301
2023-08-09 03:00:00,13.9,3.555471541467983e-15,0.0,10.84751313813483,11.205423102192455
2023-08-09 04:00:00,14.2,1.7777357707339916e-15,0.0,11.080773961089418,11.692844964407714
2023-08-09 05:00:00,14.0,3.555471541467983e-15,0.0,30.13625941977524,18.379339088698114
2023-08-09 06:00:00,15.8,2.1014482816448287e-14,0.0,81.37443343496463,81.94718640547937
2023-08-09 07:00:00,17.5,2.4260864635899183e-14,0.0,147.76450942971843,193.9758146203311
2023-08-09 08:00:00,18.5,3.015974336808494e-14,0.0,272.16631858787133,309.4688419471792
2023-08-09 09:00:00,19.2,4.426391653304553e-14,0.0,692.0475835201596,673.3902052366009
2023-08-09 10:00:00,18.7,7.556103204901454e-14,0.0,518.9458111855528,451.5110053785561
2023-08-09 11:00:00,17.9,3.843919808676936e-14,0.0,447.4948767870017,320.06116765256877
2023-08-09 12:00:00,17.8,1.1487426419640692e-14,0.0,501.1052620337544,386.2085484734615
2023-08-09 13:00:00,16.3,1.2520349970770322e-13,0.0,325.46489725685154,166.75579840963957
2023-08-09 14:00:00,18.6,1.348646900263739e-13,0.0,1113.8878974281597,1740.376712800158
2023-08-09 15:00:00,18.4,1.6205990308295405e-13,0.0,1199.2593459684545,1081.4943317097163
2023-08-09 16:00:00,18.2,7.498661816002409e-14,0.0,562.600491222502,438.3675476218952
2023-08-09 17:00:00,18.4,1.908786263093226e-13,0.0,776.0947254080284,911.0467645692441
2023-08-09 18:00:00,18.2,2.613639903411424e-13,0.0,1147.0062367426608,903.1442565922642
2023-08-09 19:00:00,17.1,6.535330439240197e-14,0.0,266.16305333747016,291.2140878186211
2023-08-09 20:00:00,16.5,1.5039741444313833e-14,0.0,150.89158401731015,150.43787106719918
2023-08-09 21:00:00,15.7,1.1493633033209371e-14,0.0,115.5500931096109,104.26565478453134
2023-08-09 22:00:00,14.9,1.0507241408224145e-14,0.0,64.73834701073042,64.21190235375363
2023-08-09 23:00:00,14.4,1.7379424666890403e-15,0.0,27.945709652701716,43.315496826423356
2023-08-10 00:00:00,13.7,0.0,0.0,9.875846585190626,29.411353768296348
2023-08-10 01:00:00,14.3,0.0,0.0,7.663053313607802,13.169668944046476
2023-08-10 02:00:00,13.9,0.0,0.0,6.129681543795746,11.38597410750301
2023-08-10 03:00:00,13.9,8.888678853669958e-16,0.0,4.691072135960308,11.205423102192455
2023-08-10 04:00:00,13.5,1.9234348144315927,0.0,3.493947958327741,10.869858096864606
2023-08-10 05:00:00,13.2,12.069998547673968,0.0,10.068089027481815,15.633083609837765
2023-08-10 06:00:00,14.0,2.1278228725024213e-14,0.0,86.12020406540094,91.28597970706207
2023-08-10 07:00:00,15.2,8.439386905618706e-14,0.0,290.5869865470673,385.9688478588595
2023-08-10 08:00:00,16.6,1.7370050894524786e-13,0.0,1100.6648540480428,1121.281714725619
2023-08-10 09:00:00,17.7,1.967346970835052e-13,0.0,1646.9934764828517,1681.0768050590584
2023-08-10 10:00:00,18.8,3.6594888312435505e-13,0.0,2130.378537432669,2014.784142321082
2023-08-10 11:00:00,19.7,5.532194413069072e-13,0.0,2440.7678856688262,2230.4401653551436
2023-08-10 12:00:00,20.3,6.809546748296601e-13,0.0,2651.323702518261,2239.529148390626
2023-08-10 13:00:00,18.1,7.641877992632958e-13,0.0,2564.2199024067495,2037.6183419930287
2023-08-10 14:00:00,16.3,1.0779446060133536e-13,0.0,1164.4486992277168,284.558653287988
2023-08-10 15:00:00,18.1,8.832837007172533e-14,0.0,1551.27852028502,994.3892004134635
2023-08-10 16:00:00,19.2,4.4636086806183983e-13,0.0,2543.8188080968484,2397.4334509119235
2023-08-10 17:00:00,19.4,1.1865512473796666e-12,0.0,2321.9577546558926,2370.068821384349
2023-08-10 18:00:00,19.1,2.932033160580276e-13,0.0,1963.7932951484718,2131.3824691160644
2023-08-10 19:00:00,16.8,9.522048537944259e-14,0.0,403.7021405108024,272.42757056050266
2023-08-10 20:00:00,15.3,4.5893526896381665e-14,0.0,185.04906950424134,101.84636493776932
2023-08-10 21:00:00,14.0,1.8048994907902932e-14,0.0,136.59559678182586,85.71583954970498
2023-08-10 22:00:00,13.4,2.2269355125201694e-14,0.0,78.18972292654132,47.47809954813728
2023-08-10 23:00:00,12.8,0.0,0.0,36.87409365098399,16.95362587170168
2023-08-11 00:00:00,12.3,5.4418287163700405e-15,0.0,13.699606423835066,12.120127252308802
2023-08-11 01:00:00,12.6,5.333207312201975e-15,0.0,10.085323830283572,8.76916129923478
2023-08-11 02:00:00,12.8,0.0,0.0,7.385273783936849,8.58468166072089
2023-08-11 03:00:00,11.8,2.4661453467949626,0.0,4.1878166452554355,6.469998455572362
2023-08-11 04:00:00,11.8,61.90029577989701,0.0,3.6251051765475957,6.469998455572362
2023-08-11 05:00:00,11.7,58.83858186438623,0.0,7.771023762499417,9.674103245174825
2023-08-11 06:00:00,13.7,1.0691400708710167e-14,0.0,79.83385350251044,81.89413417684668
2023-08-11 07:00:00,15.6,2.756648396000922e-14,0.0,468.0315535279681,638.432044394205
2023-08-11 08:00:00,17.9,2.552579523038767e-13,0.0,1600.756703587334,1353.6458195770663
2023-08-11 09:00:00,20.1,1.8432315801460808e-13,0.0,2470.3518955327468,2448.207340096049
2023-08-11 10:00:00,21.9,1.0539463347077168e-12,0.0,2901.4010396336826,2783.8043185799884
2023-08-11 11:00:00,23.3,3.5988072328862737e-13,0.0,3038.9282811563958,2982.6880531682955
2023-08-11 12:00:00,24.2,1.8612087904440357e-13,0.0,3235.5550120834887,3199.888412739153
2023-08-11 13:00:00,25.4,4.590223743938199e-13,0.0,3596.694685459852,3555.552361855691
2023-08-11 14:00:00,25.7,5.688754466348776e-14,0.0,3445.0699479064688,3468.1066263451858
2023-08-11 15:00:00,25.6,2.1933502470824587e-13,0.0,3023.3814529289066,3006.422329860198
2023-08-11 16:00:00,25.7,2.738003558643143e-13,0.0,2785.660330624496,2869.241695986323
2023-08-11 17:00:00,25.6,3.753642204769262e-13,0.0,3045.9331090652504,3375.0129577263574
2023-08-11 18:00:00,24.0,1.8334939245680222e-13,0.0,2680.5709276080975,2934.39111404463
2023-08-11 19:00:00,20.8,1.0498509581219595e-13,0.0,891.0328982372546,911.4103016750147
2023-08-11 20:00:00,19.6,3.1119003199020166e-14,0.0,519.0136305942589,506.7270994618826
2023-08-11 21:00:00,18.6,5.899478109538429e-14,0.0,305.3809439542272,295.71527693955676
2023-08-11 22:00:00,17.4,1.9684705464786735e-14,0.0,144.20801779036907,95.52209578252018
2023-08-11 23:00:00,16.1,1.4740121272681257e-14,0.0,77.27435809552208,58.995799238848264
2023-08-12 00:00:00,16.2,0.0,0.0,60.22502925617666,44.080894289412946
2023-08-12 01:00:00,14.9,1.7548401572982343e-14,0.0,36.382991071826936,22.51021001397353
2023-08-12 02:00:00,14.1,1.7379424666890403e-15,0.0,22.769980510977373,11.642776546653916
2023-08-12 03:00:00,13.3,0.0,0.0,10.822765603337627,9.26520732830061
2023-08-12 04:00:00,14.7,1.7777357707339916e-15,0.0,10.38343499273683,13.073922747375926
2023-08-12 05:00:00,13.2,0.0,0.0,9.892316425298413,9.26520732830061
2023-08-12 06:00:00,14.7,7.213174992741206e-15,0.0,90.08019564230908,41.22106843702048
2023-08-12 07:00:00,16.8,1.1259467370757633e-13,0.0,569.7390255334662,281.8409716827937
2023-08-12 08:00:00,19.1,1.1004203756866365e-13,0.0,1902.2811402628413,1833.1414856012066
2023-08-12 09:00:00,21.5,1.7735528630381476e-13,0.0,2777.4060596683676,2632.836593786721
2023-08-12 10:00:00,24.1,8.004486509121812e-13,0.0,3167.0477321108374,3255.2083263131753
2023-08-12 11:00:00,26.2,1.8110138980938995e-13,0.0,3195.3917748121603,3367.2889166782047
2023-08-12 12:00:00,26.9,6.092830304984056e-13,0.0,3257.6816147361633,3397.783468170431
2023-08-12 13:00:00,27.3,7.268286241051469e-13,0.0,3645.8775162855327,3716.870921701759
2023-08-12 14:00:00,27.6,7.14217622041884e-13,0.0,3953.312961814416,3904.125840896042
2023-08-12 15:00:00,27.5,2.0914538479223435e-13,0.0,3953.6399509474795,3881.232660116589
2023-08-12 16:00:00,26.9,1.017860545279006e-12,0.0,3695.093519751773,3709.14112715464
2023-08-12 17:00:00,26.0,6.993594686913769e-13,0.0,3378.029100947717,3526.3206234633167
2023-08-12 18:00:00,24.5,2.896827790413448e-13,0.0,2761.169621621636,3037.60005048824
2023-08-12 19:00:00,22.6,7.272031493196878e-14,0.0,1232.7315332654252,1137.453559536336
2023-08-12 20:00:00,21.4,4.4164185035862666e-14,0.0,818.9964810500958,762.5486758165441
2023-08-12 21:00:00,20.6,0.0,0.0,635.6480471903781,633.8422665940475
2023-08-12 22:00:00,19.6,0.0,0.0,347.50975853670303,343.42592664853976
2023-08-12 23:00:00,18.7,0.0,0.0,157.03243181666448,108.62875116156829
2023-08-13 00:00:00,17.9,0.0,0.0,117.53427193194615,83.42846024650736
2023-08-13 01:00:00,17.2,0.0,0.0,76.87422179862972,47.95480719724166
2023-08-13 02:00:00,16.9,0.0,0.0,56.11076757738895,38.59525663566531
2023-08-13 03:00:00,16.4,0.0,0.0,43.319447173095014,18.256965950554992
2023-08-13 04:00:00,17.4,0.0,0.0,41.986968025255095,42.160347236882174
2023-08-13 05:00:00,15.9,0.0,0.0,30.9914416223491,14.7362664859698
2023-08-13 06:00:00,17.7,0.0,0.0,169.5385535008211,96.5734839864991
2023-08-13 07:00:00,19.7,0.0,0.0,1261.5746560347104,1564.5303757125448
2023-08-13 08:00:00,21.6,0.0,0.0,2726.9394855124037,2539.4747422674304
2023-08-13 09:00:00,23.4,0.0,0.0,3539.903760938918,3114.306475720081
2023-08-13 10:00:00,25.1,0.0,0.0,3991.4951851510436,3492.318391196767
2023-08-13 11:00:00,26.7,0.0,0.0,4175.455260083935,3461.28348217645
2023-08-13 12:00:00,27.8,0.0,0.0,4375.046906191615,3611.623366149375
2023-08-13 13:00:00,29.0,0.0,0.0,4474.2867305739,4106.079757965483
2023-08-13 14:00:00,29.2,0.0,0.0,4634.211914382768,4239.31354684373
2023-08-13 15:00:00,29.5,0.0,0.0,4598.653252239586,4339.319856859958
2023-08-13 16:00:00,29.2,0.0,0.0,4223.8823337571885,4074.5758953045324
2023-08-13 17:00:00,28.6,0.0,0.0,3648.2725778563185,3695.43332735894
2023-08-13 18:00:00,27.1,0.0,0.0,3011.763297664571,2952.514137712894
2023-08-13 19:00:00,25.1,0.0,0.0,1519.4573621652794,1365.2968853742968
2023-08-13 20:00:00,23.6,0.0,0.0,1134.5158070278244,1103.9192000592043
2023-08-13 21:00:00,22.4,0.0,0.0,985.4496319050762,886.8350756280613
2023-08-13 22:00:00,21.8,0.0,0.0,799.342280520025,733.0282137062763
2023-08-13 23:00:00,21.2,0.0,0.0,480.1059270662737,385.8315761597117
2023-08-14 00:00:00,20.9,0.0,0.0,318.9731725495135,209.6552274863404
2023-08-14 01:00:00,20.2,0.0,0.0,191.15444400697598,128.05777681669946
2023-08-14 02:00:00,19.7,0.0,0.0,98.24636309879662,87.17102003721337
2023-08-14 03:00:00,19.2,0.0,0.0,79.97174334848174,76.477684526867
2023-08-14 04:00:00,18.9,0.0,0.0,82.28754324294906,62.155355753877245
2023-08-14 05:00:00,17.5,0.0,0.0,91.03796476657504,62.074694903663
2023-08-14 06:00:00,19.1,0.0,0.0,629.0331060399357,531.7379955195881
2023-08-14 07:00:00,21.0,0.0,0.0,1962.3915139266724,2173.476824527232
2023-08-14 08:00:00,22.9,0.0,0.0,2766.817228257929,2701.4336387012527
2023-08-14 09:00:00,25.4,0.0,0.0,3285.2325355751536,3557.850427339644
2023-08-14 10:00:00,27.8,0.0,0.0,3508.9079798022353,4182.591067429517
2023-08-14 11:00:00,28.8,0.0,0.0,3515.404180212343,4129.537221407115
2023-08-14 12:00:00,29.4,0.0,0.0,3687.582897103459,4331.168771256443
2023-08-14 13:00:00,29.6,0.0,0.0,4074.9669741803496,4583.2988712849165
2023-08-14 14:00:00,29.7,0.0,0.0,4361.547299335712,4685.0608382483715
2023-08-14 15:00:00,29.4,0.0,0.0,4379.466516359564,4642.470457616092
2023-08-14 16:00:00,28.9,0.0,0.0,4110.16229621455,4235.362471459911
2023-08-14 17:00:00,28.1,0.0,0.0,3692.2756297679152,3818.4049824594217
2023-08-14 18:00:00,26.8,0.0,0.0,3027.071717467254,3064.7466917797183
2023-08-14 19:00:00,25.1,0.0,0.0,1570.9172457190991,1460.2392148692045
2023-08-14 20:00:00,23.9,0.0,0.0,1159.6600526186282,1144.5904649658178
2023-08-14 21:00:00,23.1,0.0,0.0,958.2160437106595,1009.634716866371
2023-08-14 22:00:00,22.6,0.0,0.0,677.5772848281989,770.6732771769634
2023-08-14 23:00:00,22.2,0.0,0.0,438.022885072997,493.46625256168215
2023-08-15 00:00:00,21.9,0.0,0.0,283.667926021023,430.98957022103707
2023-08-15 01:00:00,22.4,0.0,0.0,219.73655308397542,385.69168437522063
2023-08-15 02:00:00,21.4,0.0,0.0,132.6738991435195,280.7430335756536
2023-08-15 03:00:00,19.8,0.0,0.0,87.3349471895796,86.69231371809158
2023-08-15 04:00:00,19.1,0.0,0.0,75.45932082080485,63.37362561540178
2023-08-15 05:00:00,18.9,0.0,0.0,102.31917329105475,100.93468227420641
2023-08-15 06:00:00,20.2,0.0,0.0,673.6868041026339,724.987152973549
2023-08-15 07:00:00,22.1,0.0,0.0,1750.1774746836118,2122.149477172723
2023-08-15 08:00:00,24.3,0.0,0.0,2720.0967989614064,3144.0094089523627
2023-08-15 09:00:00,26.4,0.0,0.0,3338.099289256624,3824.9367295558704
2023-08-15 10:00:00,28.2,0.0,0.0,3587.720781439856,4219.969973783264
2023-08-15 11:00:00,29.2,0.0,0.0,3628.6420388022607,4288.765222410942
2023-08-15 12:00:00,30.1,0.0,0.0,3782.156558573829,4349.951193278975
2023-08-15 13:00:00,30.7,0.0,0.0,4162.030364191603,4636.184622322634
2023-08-15 14:00:00,31.1,0.0,0.0,4458.598599743257,4740.294548466771
2023-08-15 15:00:00,30.7,0.0,0.0,4438.09338955185,4743.227939382355
2023-08-15 16:00:00,30.1,0.0,0.0,4189.863191355876,4395.419355261838
2023-08-15 17:00:00,29.3,0.0,0.0,3843.732598288878,4049.4241532292135
2023-08-15 18:00:00,28.1,0.0,0.0,3141.85520190036,3253.311507198309
2023-08-15 19:00:00,26.5,0.0,0.0,1675.3121334724945,1673.6010186341941
2023-08-15 20:00:00,25.3,0.0,0.0,1242.4130014361356,1324.877488147657
2023-08-15 21:00:00,24.4,0.0,0.0,1046.4501228603458,1162.1550201330867
2023-08-15 22:00:00,23.4,0.0,0.0,741.03031881914,825.3037774410136
2023-08-15 23:00:00,22.4,0.0,0.0,464.8062156734408,510.2102075266989
2023-08-16 00:00:00,21.2,0.0,0.0,256.5627347003817,334.82270237386444
2023-08-16 01:00:00,21.2,0.0,0.0,169.77464830783134,306.1592983047309
2023-08-16 02:00:00,23.2,0.0,0.0,301.89599198764705,481.49929673655066
2023-08-16 03:00:00,21.5,0.0,0.0,139.3874228059065,205.30276436924657
2023-08-16 04:00:00,20.1,0.0,0.0,88.13850746627696,96.9040851372719
2023-08-16 05:00:00,19.2,0.0,0.0,109.89276407688004,111.65831398996058
2023-08-16 06:00:00,21.2,0.0,0.0,776.1071683900223,822.8787663893843
2023-08-16 07:00:00,23.4,0.0,0.0,2175.4263429982993,2200.945401769973
2023-08-16 08:00:00,25.1,0.0,0.0,3168.9076404259426,3334.286305570282
2023-08-16 09:00:00,26.4,0.0,0.0,3634.833824142962,3825.311653164922
2023-08-16 10:00:00,27.6,0.0,0.0,4085.270620746637,4045.8989181224624
2023-08-16 11:00:00,27.4,0.0,0.0,3999.634296745833,3940.9425511226773
2023-08-16 12:00:00,28.1,0.0,0.0,3922.8589807160038,3897.968149188314
2023-08-16 13:00:00,24.4,0.0,0.0,3788.31138126146,3257.3404270506135
2023-08-16 14:00:00,27.0,0.0,0.0,3664.6060406621946,3210.5764421838567
2023-08-16 15:00:00,28.6,0.0,0.0,4531.1891805977075,4158.511386207001
2023-08-16 16:00:00,27.2,0.0,0.0,3888.52007945468,3503.7461037701114
2023-08-16 17:00:00,26.5,0.0,0.0,3349.998494938076,3133.9675459805608
2023-08-16 18:00:00,25.4,0.0,0.0,2950.071839376281,2524.3299730841445
2023-08-16 19:00:00,23.2,0.0,0.0,1385.4893129942805,1182.6438722538624
2023-08-16 20:00:00,21.8,0.0,0.0,967.9410339326375,931.2580613685662
2023-08-16 21:00:00,21.9,0.0,0.0,817.2014930901138,885.57959026042
2023-08-16 22:00:00,21.9,0.0,0.0,560.494276662767,698.8791858311438
2023-08-16 23:00:00,21.1,0.0,0.0,286.30721142335017,381.95094809886166
2023-08-17 00:00:00,20.0,0.0,0.0,144.87009508528084,140.15853019070624
2023-08-17 01:00:00,19.8,0.0,0.0,100.77704307981763,110.16890810248069
2023-08-17 02:00:00,18.2,0.0,0.0,69.37069841568696,53.36021313409336
2023-08-17 03:00:00,18.0,0.0,0.0,57.24990786672589,49.89787917926595
2023-08-17 04:00:00,17.7,0.0,0.0,52.086080741245866,48.40838962536172
2023-08-17 05:00:00,18.6,0.0,0.0,80.50735651730183,97.93657197773506
2023-08-17 06:00:00,19.0,0.0,0.0,552.9426137194512,444.51257826351554
2023-08-17 07:00:00,20.5,0.0,0.0,2117.630586680058,1593.566777784436
2023-08-17 08:00:00,22.2,0.0,0.0,3063.525434916786,2466.71946358722
2023-08-17 09:00:00,23.9,0.0,0.0,3463.1335377188966,3269.220408595505
2023-08-17 10:00:00,25.4,0.0,0.0,3627.625836262727,3601.131345007713
2023-08-17 11:00:00,26.6,0.0,0.0,3766.8108013000256,3775.9243614209354
2023-08-17 12:00:00,27.1,0.0,0.0,3940.6035778735686,3839.088450084844
2023-08-17 13:00:00,24.7,0.0,0.0,4097.162363984868,3547.207434363726
2023-08-17 14:00:00,27.0,0.0,0.0,4619.769097141058,4100.843614744823
2023-08-17 15:00:00,27.6,0.0,0.0,4331.2116307795,4188.116694891876
2023-08-17 16:00:00,27.2,0.0,0.0,3875.990011938644,3727.8694765683285
2023-08-17 17:00:00,26.4,0.0,0.0,3375.191948947099,3356.283368749886
2023-08-17 18:00:00,25.6,0.0,0.0,2866.9255265301153,2467.368836536232
2023-08-17 19:00:00,23.9,0.0,0.0,1408.2690658341246,1271.629194843818
2023-08-17 20:00:00,22.6,0.0,0.0,995.1153515215473,1027.1126937270317
2023-08-17 21:00:00,21.4,0.0,0.0,782.66422134591,816.0599710482645
2023-08-17 22:00:00,20.6,0.0,0.0,460.65450240346786,435.03940411506426
2023-08-17 23:00:00,20.1,0.0,0.0,209.0910721840342,195.61562304947049
2023-08-18 00:00:00,19.2,0.0,0.0,115.63056948260272,95.20879864798479
2023-08-18 01:00:00,19.4,0.0,0.0,92.34509797649967,85.93678543426269
2023-08-18 02:00:00,19.3,0.0,0.0,74.21121155076077,79.34146750861373
2023-08-18 03:00:00,19.6,0.0,0.0,66.98343691802393,81.90416791043683
2023-08-18 04:00:00,18.0,0.0,0.0,55.41132859191283,49.89787917926595
2023-08-18 05:00:00,17.6,0.0,0.0,68.3550966161561,59.44625874634107
2023-08-18 06:00:00,18.9,0.0,0.0,320.6099524448983,386.50147289990446
2023-08-18 07:00:00,20.7,0.0,0.0,1632.4633817414442,1068.9826921231322
2023-08-18 08:00:00,22.7,0.0,0.0,2813.0818284698653,2349.6246374989205
2023-08-18 09:00:00,24.4,0.0,0.0,3463.409105847921,3136.3051641704706
2023-08-18 10:00:00,25.6,0.0,0.0,3735.0984960012265,3435.7676178913784
2023-08-18 11:00:00,26.6,0.0,0.0,3793.018641066544,3603.0362958559354
2023-08-18 12:00:00,27.4,0.0,0.0,4025.224423268146,3761.490396916734
2023-08-18 13:00:00,27.4,0.0,0.0,4081.076290015447,3894.6111141272427
2023-08-18 14:00:00,27.4,0.0,0.0,3830.248296402976,3687.784045764527
2023-08-18 15:00:00,27.9,0.0,0.0,4113.413790744096,3976.100110363382
2023-08-18 16:00:00,28.2,0.0,0.0,4159.332613607036,4036.741218400889
2023-08-18 17:00:00,28.4,0.0,0.0,3610.8115807304303,3620.863171514122
2023-08-18 18:00:00,26.9,0.0,0.0,2957.7135316123918,2882.6138320255077
2023-08-18 19:00:00,24.4,0.0,0.0,1495.816281237497,1358.1999237691678
2023-08-18 20:00:00,22.8,0.0,0.0,1108.2985564205185,1041.322742444525
2023-08-18 21:00:00,21.7,0.0,0.0,865.3312287553193,873.2488153862106
2023-08-18 22:00:00,21.2,0.0,0.0,527.5200780664661,603.7549332148717
2023-08-18 23:00:00,20.2,0.0,0.0,242.79373854297623,164.34202074381594
2023-08-19 00:00:00,20.1,0.0,0.0,152.62843798953324,143.43155370028992
2023-08-19 01:00:00,21.2,0.0,0.0,117.78136666932674,306.1592983047309
2023-08-19 02:00:00,19.9,0.0,0.0,119.21983577564843,105.45129249425463
2023-08-19 03:00:00,20.5,0.0,0.0,123.68817668475616,128.57926226081682
2023-08-19 04:00:00,20.2,0.0,0.0,86.25883699867325,99.00590233736722
2023-08-19 05:00:00,20.1,0.0,0.0,68.41746217815117,98.40102768910651
2023-08-19 06:00:00,20.3,0.0,0.0,437.514634240506,391.0844887146799
2023-08-19 07:00:00,21.9,0.0,0.0,2146.7080258493343,1750.1897331043233
2023-08-19 08:00:00,23.9,0.0,0.0,3493.5064600950204,2843.218647422146
2023-08-19 09:00:00,25.9,0.0,0.0,3970.580004941812,3560.7207454326744
2023-08-19 10:00:00,27.4,0.0,0.0,4081.13416189239,3909.2234627440675
2023-08-19 11:00:00,28.3,0.0,0.0,4016.196102023305,3933.797612008327
2023-08-19 12:00:00,29.3,0.0,0.0,4266.142515918002,4214.891173588167
2023-08-19 13:00:00,29.3,0.0,0.0,4839.059837240568,4379.532491028705
2023-08-19 14:00:00,30.3,0.0,0.0,5085.839603070254,4519.612869748926
2023-08-19 15:00:00,30.6,0.0,0.0,4942.095598305103,4474.528627655573
2023-08-19 16:00:00,30.5,0.0,0.0,4463.1988428071,4312.892472810945
2023-08-19 17:00:00,30.0,0.0,0.0,3905.7386295696692,3970.5508635924366
2023-08-19 18:00:00,29.1,0.0,0.0,3356.79226867822,3282.6193686208703
2023-08-19 19:00:00,27.1,0.0,0.0,1783.3603059382924,2049.83960932181
2023-08-19 20:00:00,25.0,0.0,0.0,1252.7669876737536,1210.1385216924477
2023-08-19 21:00:00,24.1,0.0,0.0,1072.2233553673211,1119.4764590361156
2023-08-19 22:00:00,23.2,0.0,0.0,777.8130143671855,837.9849763394502
2023-08-19 23:00:00,22.8,0.0,0.0,510.07224666763454,572.0079427812757
2023-08-20 00:00:00,22.0,0.0,0.0,398.3286690204202,492.9618786011829
2023-08-20 01:00:00,21.9,0.0,0.0,228.6382814844136,398.1273267604862
2023-08-20 02:00:00,20.9,0.0,0.0,140.44581346670438,183.86224087435366
2023-08-20 03:00:00,20.6,0.0,0.0,102.08984708663597,120.95548562001966
2023-08-20 04:00:00,20.4,0.0,0.0,82.53142871367564,101.82060197107455
2023-08-20 05:00:00,20.1,0.0,0.0,78.60264896832336,99.46228749647213
2023-08-20 06:00:00,21.1,0.0,0.0,505.0713879511397,470.1327925557884
2023-08-20 07:00:00,23.4,0.0,0.0,2060.2537973196245,1805.5113410325066
2023-08-20 08:00:00,25.8,0.0,0.0,3665.394335773559,3383.0471313047083
2023-08-20 09:00:00,27.9,0.0,0.0,4438.929103339013,4191.296216476702
2023-08-20 10:00:00,29.7,0.0,0.0,4808.845989982693,4454.8289308640105
2023-08-20 11:00:00,31.2,0.0,0.0,4876.28426297064,4447.562797184268
2023-08-20 12:00:00,32.1,0.0,0.0,4852.561155113546,4572.145062648171
2023-08-20 13:00:00,32.8,0.0,0.0,5112.465852877565,4756.400232103981
2023-08-20 14:00:00,33.2,0.0,0.0,5160.93192429955,4800.897568489223
2023-08-20 15:00:00,33.6,0.0,0.0,5090.149655695839,4752.198579791914
2023-08-20 16:00:00,33.5,0.0,0.0,4608.24669859883,4609.136778766002
2023-08-20 17:00:00,32.6,0.0,0.0,4048.0004266750416,4188.15844824873
2023-08-20 18:00:00,31.1,0.0,0.0,3380.6070973510505,3397.3623063619034
2023-08-20 19:00:00,28.3,0.0,0.0,1844.243821106147,2137.6788728295746
2023-08-20 20:00:00,27.2,0.0,0.0,1426.146331014178,1639.3253520836136
2023-08-20 21:00:00,26.4,0.0,0.0,1254.319658577644,1387.5482918361822
2023-08-20 22:00:00,25.9,0.0,0.0,1049.436893193524,1083.786129046583
2023-08-20 23:00:00,24.1,0.0,0.0,648.8525852863081,716.1954602848042
2023-08-21 00:00:00,22.9,0.0,0.0,431.31904725131665,474.7094633457357
2023-08-21 01:00:00,22.4,0.0,0.0,288.01033659320285,366.93468809016565
2023-08-21 02:00:00,21.4,0.0,0.0,179.6285519200276,166.6946581780743
2023-08-21 03:00:00,20.9,0.0,0.0,116.40414297224471,160.0011405241538
2023-08-21 04:00:00,20.6,0.0,0.0,96.52611565031125,147.6050835257612
2023-08-21 05:00:00,20.2,0.0,0.0,137.28873197787178,199.06186844516682
2023-08-21 06:00:00,21.8,0.0,0.0,884.2077445103538,847.3138652310482
2023-08-21 07:00:00,24.3,0.0,0.0,2318.601772499287,2609.926111956906
2023-08-21 08:00:00,27.1,0.0,0.0,3794.01944430816,3667.335428188682
2023-08-21 09:00:00,29.4,0.0,0.0,4539.413337497887,4296.67255571272
2023-08-21 10:00:00,31.3,0.0,0.0,4690.003525281795,4527.811013335223
2023-08-21 11:00:00,32.6,0.0,0.0,4782.838870150494,4593.199852720246
2023-08-21 12:00:00,33.5,0.0,0.0,4990.327815585638,4603.771832545515
2023-08-21 13:00:00,33.6,0.0,0.0,5127.332695199326,4979.451660017148
2023-08-21 14:00:00,34.0,0.0,0.0,5071.743557731077,4919.473725582899
2023-08-21 15:00:00,34.0,0.0,0.0,5245.323185935993,4949.638373593733
2023-08-21 16:00:00,33.6,0.0,0.0,4648.84112747982,4461.131939816185
2023-08-21 17:00:00,33.2,0.0,0.0,4244.1320305400595,4120.600285931956
2023-08-21 18:00:00,31.8,0.0,0.0,3612.898688030041,3442.4174214097134
2023-08-21 19:00:00,29.3,0.0,0.0,2053.703795722402,2233.1268275569614
2023-08-21 20:00:00,27.6,0.0,0.0,1518.0990694665752,1630.078832169783
2023-08-21 21:00:00,26.6,0.0,0.0,1307.5607991124748,1389.5673190694342
2023-08-21 22:00:00,25.9,0.0,0.0,1000.7803364462131,987.5368068296791
2023-08-21 23:00:00,24.6,0.0,0.0,718.8043103970447,751.9313414904376
2023-08-22 00:00:00,23.6,0.0,0.0,492.4247660213823,551.0956907106331
2023-08-22 01:00:00,24.6,0.0,0.0,451.03935273184476,598.3660552693038
2023-08-22 02:00:00,24.0,0.0,0.0,288.41082563635365,564.6921162964061
2023-08-22 03:00:00,22.1,0.0,0.0,171.79614674468024,337.41930594469864
2023-08-22 04:00:00,21.5,0.0,0.0,143.89115425372958,167.39783614114953
2023-08-22 05:00:00,20.7,0.0,0.0,185.62207109043277,236.2037399791464
2023-08-22 06:00:00,21.4,0.0,0.0,872.5924795889277,770.277782200521
2023-08-22 07:00:00,23.8,0.0,0.0,2201.0774642952565,2497.3497786880534
2023-08-22 08:00:00,25.9,0.0,0.0,3653.6125000873526,3505.8969117416436
2023-08-22 09:00:00,28.1,0.0,0.0,4389.926414547401,3973.6325850738212
2023-08-22 10:00:00,30.2,0.0,0.0,4740.505029751301,4461.146140248463
2023-08-22 11:00:00,32.1,0.0,0.0,4911.396544986057,4649.742038940314
2023-08-22 12:00:00,33.4,0.0,0.0,5074.052613401401,4762.9687201663455
2023-08-22 13:00:00,34.1,0.0,0.0,5266.991891647217,5012.435215537567
2023-08-22 14:00:00,34.5,0.0,0.0,5135.56623136606,4983.320249475868
2023-08-22 15:00:00,34.6,0.0,0.0,5009.118389199566,4764.09870339778
2023-08-22 16:00:00,34.6,0.0,0.0,4866.03795325991,4648.152467734772
2023-08-22 17:00:00,33.8,0.0,0.0,3977.8413714979188,3653.529042552779
2023-08-22 18:00:00,31.6,0.0,0.0,3300.967030999758,3198.0491626002663
2023-08-22 19:00:00,29.8,0.0,0.0,2091.155727936688,2202.22451457869
2023-08-22 20:00:00,28.4,0.0,0.0,1627.4303555900601,2035.1467684578301
2023-08-22 21:00:00,26.2,0.0,0.0,1317.2372609981935,1342.2585092514385
2023-08-22 22:00:00,25.4,0.0,0.0,976.5510701142266,955.6641245204773
2023-08-22 23:00:00,25.2,0.0,0.0,790.7671371807548,809.3861107337981
2023-08-23 00:00:00,25.4,0.0,0.0,675.8307375743086,683.0027779971949
2023-08-23 01:00:00,26.4,0.0,0.0,646.2809045149925,722.456732853867
2023-08-23 02:00:00,24.6,0.0,0.0,585.572863120968,590.7901852736443
2023-08-23 03:00:00,24.2,0.0,0.0,526.632040393998,574.3680686143805
2023-08-23 04:00:00,24.0,0.0,0.0,501.74406621901943,578.3562205713223
2023-08-23 05:00:00,23.9,0.0,0.0,619.2217755699597,667.5291519343776
2023-08-23 06:00:00,23.6,0.0,0.0,912.0923636720465,1055.0735116434112
2023-08-23 07:00:00,24.9,0.0,0.0,1797.4874499175248,2340.9922982581966
2023-08-23 08:00:00,26.2,0.0,0.0,2907.159640051418,3160.4499202714255
2023-08-23 09:00:00,27.7,0.0,0.0,3831.317930611766,3965.1772449302125
2023-08-23 10:00:00,29.2,0.0,0.0,4227.069207324625,4298.1103451773915
2023-08-23 11:00:00,29.6,0.0,0.0,4114.197148430039,4337.539670993214
2023-08-23 12:00:00,29.9,0.0,0.0,3844.3646148535445,4149.212628121921
2023-08-23 13:00:00,29.5,0.0,0.0,4471.068546590241,4636.046734223595
2023-08-23 14:00:00,30.9,0.0,0.0,4801.028952588169,4716.493911493332
2023-08-23 15:00:00,31.2,0.0,0.0,4781.7880554603935,4763.440326073
2023-08-23 16:00:00,31.1,0.0,0.0,4441.0838177036185,4373.79332411452
2023-08-23 17:00:00,29.2,0.0,0.0,3457.3602579156195,3236.3940217313175
2023-08-23 18:00:00,28.9,0.0,0.0,2925.033495991498,3108.254504313666
2023-08-23 19:00:00,27.4,0.0,0.0,1834.70020729358,1840.8583631648846
2023-08-23 20:00:00,25.9,0.0,0.0,1383.1027948576127,1339.8969374815315
2023-08-23 21:00:00,25.1,0.0,0.0,1143.0265839603549,1190.2189643275785
2023-08-23 22:00:00,24.9,0.0,0.0,854.4798844543342,920.6192713200314
2023-08-23 23:00:00,22.5,0.0,0.0,544.2494321066362,506.5666139141382
2023-08-24 00:00:00,22.8,0.0,0.0,394.5496332296759,473.17759548706346
2023-08-24 01:00:00,23.8,0.0,0.0,361.4182604558366,541.8976671721002
2023-08-24 02:00:00,22.4,0.0,0.0,259.90974612665906,364.3644258757304
2023-08-24 03:00:00,21.8,0.0,0.0,144.7799020792268,343.0465101713356
2023-08-24 04:00:00,20.9,0.0,0.0,112.35617080102274,162.0188908075821
2023-08-24 05:00:00,20.5,0.0,0.0,147.74744390435256,227.7514562799436
2023-08-24 06:00:00,21.2,0.0,0.0,790.1157991699416,762.6815363646831
2023-08-24 07:00:00,22.9,0.0,0.0,2164.20049859729,1719.2302776833462
2023-08-24 08:00:00,24.5,0.0,0.0,3366.846842277103,2982.5004193193436
2023-08-24 09:00:00,26.4,0.0,0.0,3979.581836992875,3636.0042896429095
2023-08-24 10:00:00,27.9,0.0,0.0,4263.597182416699,4048.673146456137
2023-08-24 11:00:00,29.1,0.0,0.0,4293.769595229422,4354.421858144763
2023-08-24 12:00:00,29.7,0.0,0.0,4448.512463400901,4492.561168315569
2023-08-24 13:00:00,30.3,0.0,0.0,4786.229844392272,4829.344638441547
2023-08-24 14:00:00,31.1,0.0,0.0,5055.25604377462,4858.413811604383
2023-08-24 15:00:00,31.1,0.0,0.0,4870.472033339023,4821.447074027103
2023-08-24 16:00:00,30.9,0.0,0.0,4532.029488939225,4489.5219339804935
2023-08-24 17:00:00,30.4,0.0,0.0,4045.7864587738604,4095.7085633620263
2023-08-24 18:00:00,29.1,0.0,0.0,3239.07732733197,3336.987444593018
2023-08-24 19:00:00,27.5,0.0,0.0,1819.5623586372185,1840.8583631648846
2023-08-24 20:00:00,26.5,0.0,0.0,1397.891814634927,1426.1597531022248
2023-08-24 21:00:00,25.6,0.0,0.0,1220.6967440430608,1272.6143769085338
2023-08-24 22:00:00,25.1,0.0,0.0,968.5885304529936,951.5154071481752
2023-08-24 23:00:00,25.1,0.0,0.0,766.0073446448637,806.5265709931621
2023-08-25 00:00:00,24.6,0.0,0.0,637.4904093608384,625.2047036963344
2023-08-25 01:00:00,23.9,0.0,0.0,504.5006203671582,553.1117448407132
2023-08-25 02:00:00,23.5,0.0,0.0,473.75534996845494,471.80004422282195
2023-08-25 03:00:00,24.1,0.0,0.0,478.53472667687885,562.8863778926557
2023-08-25 04:00:00,23.3,0.0,0.0,426.18233914943056,450.85325292240236
2023-08-25 05:00:00,22.7,0.0,0.0,449.1422419909296,554.4354367154658
2023-08-25 06:00:00,22.8,0.0,0.0,734.4088429608282,920.1286153749458
2023-08-25 07:00:00,24.7,0.0,0.0,2076.3681555216913,2624.292476600831
2023-08-25 08:00:00,26.7,0.0,0.0,3518.2129299136104,3530.0828007564824
2023-08-25 09:00:00,28.2,0.0,0.0,3672.0280541599477,3900.8638760075437
2023-08-25 10:00:00,30.2,0.0,0.0,4023.6186976469094,4479.663559852408
2023-08-25 11:00:00,31.9,0.0,0.0,4395.555238787974,4611.120642952716
2023-08-25 12:00:00,33.0,0.0,0.0,4596.617831141748,4508.571650546126
2023-08-25 13:00:00,34.1,0.0,0.0,4677.444352872406,4513.869702124621
2023-08-25 14:00:00,35.6,0.0,0.0,5575.3705301542195,4964.074209039113
2023-08-25 15:00:00,34.9,5.234273782028167e-14,0.0,4908.946249851423,4661.304739613444
2023-08-25 16:00:00,34.3,9.381976107706028e-13,0.0,4388.96629084001,4031.2407054197793
2023-08-25 17:00:00,33.6,1.3930505548959257e-12,0.0,3954.122543262193,3869.4126564952367
2023-08-25 18:00:00,31.1,4.0985090051003917e-13,0.0,3255.7869670032564,3281.48841576671
2023-08-25 19:00:00,28.6,0.0,0.0,2050.47842337244,2171.8788916455474
2023-08-25 20:00:00,27.4,0.0,0.0,1686.6585925102715,1600.7204000838187
2023-08-25 21:00:00,26.8,0.0,0.0,1532.3451344109476,1417.503772587894
2023-08-25 22:00:00,26.3,0.0,0.0,1141.9047961020829,1035.5278797814087
2023-08-25 23:00:00,25.6,0.0,0.0,846.2318950343297,829.2482555341247
2023-08-26 00:00:00,24.1,0.0,0.0,599.2802046235415,628.9487964652047
2023-08-26 01:00:00,23.2,0.0,0.0,375.17615860299304,439.1257366522867
2023-08-26 02:00:00,21.9,0.0,0.0,254.0383946514107,353.5178665892309
2023-08-26 03:00:00,21.9,0.0,0.0,173.33351434394558,350.95778181141765
2023-08-26 04:00:00,22.4,0.0,0.0,147.8551685187017,362.9728940895218
2023-08-26 05:00:00,21.0,0.0,0.0,111.83002589618309,202.07122986416337
2023-08-26 06:00:00,22.1,0.0,0.0,723.3896263150264,493.7384934542917
2023-08-26 07:00:00,23.8,0.0,0.0,1988.0426502861385,2351.8791156148004
2023-08-26 08:00:00,25.8,0.0,0.0,3399.406383576385,3399.6129481629805
2023-08-26 09:00:00,27.4,0.0,0.0,4110.200060020368,3957.414533112858
2023-08-26 10:00:00,29.1,0.0,0.0,4505.45854878351,4309.325181424341
2023-08-26 11:00:00,29.4,0.0,0.0,3855.43267492327,4259.080269130562
2023-08-26 12:00:00,28.7,0.0,0.0,3909.4933296844383,3991.5519847046153
2023-08-26 13:00:00,29.1,0.0,0.0,4432.8889312083575,4612.997321863835
2023-08-26 14:00:00,29.4,0.0,0.0,4437.938673327693,4528.196372596029
2023-08-26 15:00:00,29.8,0.0,0.0,4610.065397439514,4750.751893298489
2023-08-26 16:00:00,29.1,0.0,0.0,3531.780018959559,3611.782343658666
2023-08-26 17:00:00,28.6,0.0,0.0,3419.5104261050674,3702.352570538076
2023-08-26 18:00:00,27.6,0.0,0.0,2889.996815220255,2893.2908808001025
2023-08-26 19:00:00,26.1,0.0,0.0,1664.6461778496964,1551.809021091582
2023-08-26 20:00:00,25.3,0.0,0.0,1322.751496018478,1222.5219430383506
2023-08-26 21:00:00,24.4,0.0,0.0,1209.2327343848228,1146.6402944443132
2023-08-26 22:00:00,24.1,0.0,0.0,983.3765158111044,972.1497818895599
2023-08-26 23:00:00,23.8,0.0,0.0,768.0241656678725,684.3390837749301
2023-08-27 00:00:00,21.8,0.0,0.0,562.0090675059923,435.2442906161355
2023-08-27 01:00:00,19.8,0.0,0.0,251.90208265655798,125.28518283498036
2023-08-27 02:00:00,19.8,0.0,0.0,141.3229931228146,96.77790637071101
2023-08-27 03:00:00,19.8,0.0,0.0,109.56531383191246,95.36685714895323
2023-08-27 04:00:00,19.5,0.0,0.0,84.75445991739844,94.2144734655732
2023-08-27 05:00:00,19.1,0.0,0.0,77.27667901830343,94.88066745950894
2023-08-27 06:00:00,19.6,0.0,0.0,332.2485472582046,252.7476920369598
2023-08-27 07:00:00,20.6,0.0,0.0,1003.5404298523736,820.1689703348461
2023-08-27 08:00:00,22.1,0.0,0.0,2652.6728676078496,2578.583714411507
2023-08-27 09:00:00,23.9,0.0,0.0,3784.8826998193654,3323.077744715844
2023-08-27 10:00:00,25.4,0.0,0.0,3741.9630416487926,3487.5103771995505
2023-08-27 11:00:00,27.4,0.0,0.0,3982.4715804853636,4187.436836605274
2023-08-27 12:00:00,29.3,0.0,0.0,4230.708151221881,4507.52787998888
2023-08-27 13:00:00,27.8,0.0,0.0,4804.130057330214,4282.925965226162
2023-08-27 14:00:00,28.4,0.0,0.0,3887.871553542018,3615.745297104886
2023-08-27 15:00:00,25.5,0.0,0.0,2841.5061366919567,2700.2481272029736
2023-08-27 16:00:00,26.3,0.0,0.0,3258.5133872819624,3392.0480339837463
2023-08-27 17:00:00,25.4,0.0,0.0,2792.0196904296736,2766.5157396983514
2023-08-27 18:00:00,24.0,0.0,0.0,2554.255193107153,1934.945233287514
2023-08-27 19:00:00,23.4,0.0,0.0,1441.675438304981,1168.480969342203
2023-08-27 20:00:00,22.6,0.0,0.0,1097.9478358538418,1043.487161044353
2023-08-27 21:00:00,22.2,0.0,0.0,936.5215436932083,853.465982449962
2023-08-27 22:00:00,21.6,0.0,0.0,728.2503774155616,648.7462486468456
2023-08-27 23:00:00,21.4,0.0,0.0,421.32167001612913,335.6109338883795
2023-08-28 00:00:00,21.1,0.0,0.0,298.0588310254045,253.3003279948856
2023-08-28 01:00:00,19.6,0.0,0.0,149.75715506943268,99.82774759113917
2023-08-28 02:00:00,19.9,0.0,0.0,114.2893810701458,93.91184158845184
2023-08-28 03:00:00,19.6,0.0,0.0,89.00305799638772,91.30637066239727
2023-08-28 04:00:00,19.0,0.0,0.0,78.41532657242035,74.6761389759611
2023-08-28 05:00:00,18.9,0.0,0.0,112.12900548771194,106.76144772864095
2023-08-28 06:00:00,18.6,0.0,0.0,253.56021098735943,267.5435059063279
2023-08-28 07:00:00,18.9,0.0,0.0,481.641983864935,423.579509175545
2023-08-28 08:00:00,19.1,0.0,0.0,432.21931658978554,404.3533813433827
2023-08-28 09:00:00,20.1,0.0,0.0,847.8275570042344,662.8182966203047
2023-08-28 10:00:00,20.9,0.0,0.0,1139.09072474917,1268.4470714828735
2023-08-28 11:00:00,23.4,0.0,0.0,2246.628931929939,2859.7082235148796
2023-08-28 12:00:00,23.6,0.0,0.0,2385.274969586061,2464.1685315024497
2023-08-28 13:00:00,23.2,0.0,0.0,3053.495100218603,3438.920441955457
2023-08-28 14:00:00,25.9,0.0,0.0,3294.8289704920417,3205.6457241269322
2023-08-28 15:00:00,26.1,0.0,0.0,2332.2230021058854,2821.1609186733986
2023-08-28 16:00:00,24.1,0.0,0.0,1881.716920541722,2443.3872660755114
2023-08-28 17:00:00,23.6,0.0,0.0,1979.196041728841,2547.6326482122317
2023-08-28 18:00:00,22.6,0.0,0.0,2016.0710509959476,1978.2447107031592
2023-08-28 19:00:00,20.1,0.0,0.0,911.101906971621,661.10070407578
2023-08-28 20:00:00,19.1,0.0,0.0,600.6914227498776,481.2613154959004
2023-08-28 21:00:00,18.8,0.0,0.0,458.9859289043961,392.67451739014194
2023-08-28 22:00:00,18.2,0.0,0.0,207.72589908411356,167.61414323322668
2023-08-28 23:00:00,18.1,0.0,0.0,104.36847737339102,113.12979796496643
2023-08-29 00:00:00,17.8,0.0,0.0,68.4644454077515,71.53764813895648
2023-08-29 01:00:00,16.3,0.0,0.0,46.649005083994574,41.476509725737124
2023-08-29 02:00:00,15.9,0.0,0.0,32.68270757754606,31.007159930441453
2023-08-29 03:00:00,15.7,0.0,0.0,26.207443301083437,27.38158603211111
2023-08-29 04:00:00,15.6,0.0,0.0,24.576216606274457,27.564924380565238
2023-08-29 05:00:00,15.4,0.0,0.0,43.4201752148515,45.24869721829096
2023-08-29 06:00:00,15.4,0.0,0.0,102.42686862955836,100.64801676214151
2023-08-29 07:00:00,16.1,0.0,0.0,204.8760556108547,155.51285889675358
2023-08-29 08:00:00,16.4,0.0,0.0,224.06945062966844,150.4405103791252
2023-08-29 09:00:00,17.9,0.0,0.0,690.5802693604942,723.0889878132332
2023-08-29 10:00:00,18.3,0.0,0.0,914.1675899309568,942.563201788343
2023-08-29 11:00:00,18.6,0.0,0.0,774.2913199436027,521.202885277798
2023-08-29 12:00:00,19.8,0.0,0.0,1017.868433703042,1208.206814252455
2023-08-29 13:00:00,17.4,0.0,0.0,872.9249212799399,700.7646977020461
2023-08-29 14:00:00,18.1,0.0,0.0,747.672667340001,632.7237850549191
2023-08-29 15:00:00,18.8,1.673163078337875e-15,0.0,734.3630030543022,657.1963061243056
2023-08-29 16:00:00,19.6,2.3117172420806857e-13,0.0,1468.9875337389797,1920.311660896465
2023-08-29 17:00:00,19.4,7.188373339279984e-14,0.0,1369.185470639373,1224.9063929724962
2023-08-29 18:00:00,18.9,8.508177541223246e-14,0.0,587.7883125501426,1227.0486173633126
2023-08-29 19:00:00,17.9,6.468547203981836e-14,0.0,300.80917409023766,390.55375216344567
2023-08-29 20:00:00,17.2,7.538474961039314e-14,0.0,171.99017565154287,223.92746546424016
2023-08-29 21:00:00,16.6,2.8368867288835724e-14,0.0,135.5764150102706,160.2395179659058
2023-08-29 22:00:00,16.1,1.0925532177808614e-14,0.0,70.82642991359522,108.67922545140428
2023-08-29 23:00:00,15.3,3.4758849333780806e-15,0.0,34.501473369770814,51.90303373946643
2023-08-30 00:00:00,14.9,8.689712333445199e-16,0.0,15.579409843210959,35.69263508565822
2023-08-30 01:00:00,14.9,0.0,0.0,9.43544638948993,28.378393494448172
2023-08-30 02:00:00,15.0,1.7777357707339916e-15,0.0,8.104608077499645,23.70303227100556
2023-08-30 03:00:00,15.6,1.7777357707339916e-15,0.0,7.819294509467538,27.38158603211111
2023-08-30 04:00:00,15.6,0.0,0.0,8.230632585874497,27.564924380565238
2023-08-30 05:00:00,15.2,5.7676929288742355e-15,0.0,17.78695859738737,37.48363965184069
2023-08-30 06:00:00,15.2,3.764616926260218e-15,0.0,60.135946151275775,78.6105738528386
2023-08-30 07:00:00,15.6,1.029809602343191e-14,0.0,99.21550519965496,132.93450784941786
2023-08-30 08:00:00,16.4,3.826434870663636e-14,0.0,155.24922865678792,329.00858696743927
2023-08-30 09:00:00,17.8,2.948272519079e-14,0.0,511.06084038084805,964.1408403707463
2023-08-30 10:00:00,18.9,2.521737937973795e-13,0.0,1060.363835265595,1347.365366296739
2023-08-30 11:00:00,19.6,2.0440111495466256e-13,0.0,1128.565690821767,1345.7150184703228
2023-08-30 12:00:00,20.4,1.0848123205468799e-13,0.0,1282.2513158308202,1620.6792972091648
2023-08-30 13:00:00,19.2,1.8697008665075184e-13,0.0,1613.4529554215505,2012.7805771950127
2023-08-30 14:00:00,19.1,5.0613183119720705e-14,0.0,782.9547253313484,688.224597579115
2023-08-30 15:00:00,18.9,1.1011062957798211e-13,0.0,655.8794353696665,583.1329668469855
2023-08-30 16:00:00,18.9,1.9361308605555386e-13,0.0,772.4591901488072,893.5248392276527
2023-08-30 17:00:00,19.2,6.379271171846831e-14,0.0,717.703537466907,1102.1739462292885
2023-08-30 18:00:00,18.5,6.282799003096297e-14,0.0,391.18630764126,1281.7392872760988
2023-08-30 19:00:00,17.0,7.417181297835605e-14,0.0,195.10651768217662,292.6709505984497
2023-08-30 20:00:00,15.6,2.4741647221254435e-14,0.0,133.42806329151279,138.75550060540337
2023-08-30 21:00:00,15.2,2.3564836472204015e-14,0.0,104.14917404203368,108.84854644351391
2023-08-30 22:00:00,15.4,6.951769866756161e-15,0.0,65.0101166927526,75.79367667529381
2023-08-30 23:00:00,15.6,1.0692557797502979e-14,0.0,35.10625281704411,55.33717371865335
2023-08-31 00:00:00,15.6,5.333207312201975e-15,0.0,19.362871273152972,42.554909170316435
2023-08-31 01:00:00,15.4,5.333207312201975e-15,0.0,10.522611405156844,32.614917242004424
2023-08-31 02:00:00,15.8,0.0,0.0,8.942508426950935,28.574128549209203
2023-08-31 03:00:00,15.6,2.6666036561009876e-15,0.0,7.600762928197969,27.38158603211111
2023-08-31 04:00:00,15.2,0.0,0.0,7.392628627189734,24.130924077586858
2023-08-31 05:00:00,14.9,0.0,0.0,13.421855775702493,36.576360682844815
2023-08-31 06:00:00,15.3,0.0,0.0,65.54860238418749,88.82325012789636
2023-08-31 07:00:00,16.6,6.50939902851103e-14,0.0,219.39226480434706,486.9331762096672
2023-08-31 08:00:00,18.4,2.0553731666546406e-13,0.0,1163.3858044198514,1644.1294145814052
2023-08-31 09:00:00,20.0,4.33887050017214e-13,0.0,1975.620690850285,2542.4190192072733
2023-08-31 10:00:00,21.1,2.1249171094891015e-13,0.0,2247.9747308428305,2935.673304502854
2023-08-31 11:00:00,21.8,3.0883662333214286e-13,0.0,2345.747952869407,3049.1103806844762
2023-08-31 12:00:00,22.6,2.8586177049286144e-13,0.0,2603.1113050811555,3150.3972137320734
2023-08-31 13:00:00,21.8,8.606581209581539e-13,0.0,2749.060144404488,3044.8787949091543
2023-08-31 14:00:00,22.9,8.810095945753146e-13,0.0,3158.9181032319075,3354.1768546237868
2023-08-31 15:00:00,21.9,5.8246276833645e-13,0.0,2965.635244513326,2907.788662018327
2023-08-31 16:00:00,21.5,2.924298648547553e-13,0.0,2682.2057415923373,2786.6632275774355
2023-08-31 17:00:00,21.0,3.088618754665015e-13,0.0,2225.50934011476,2574.3561283903673
2023-08-31 18:00:00,19.7,3.34632615667575e-14,0.0,835.7832742553643,1433.9195656312183
2023-08-31 19:00:00,18.4,5.7543176628976e-14,0.0,542.4827505473909,439.2838595930117
2023-08-31 20:00:00,17.9,3.3808294262350185e-14,0.0,318.64453582171313,346.35275792781005
2023-08-31 21:00:00,17.9,4.4958472858364286e-14,0.0,256.4471553672664,264.42810858290215
2023-08-31 22:00:00,17.8,2.3842573866314715e-14,0.0,143.7768040147286,151.66808536744952
2023-08-31 23:00:00,17.6,2.2150684527249804e-14,0.0,86.52015201006499,102.08676891040363
2023-09-01 00:00:00,17.6,2.441078114173647e-14,0.0,64.41225878271644,71.25144350465607
2023-09-01 01:00:00,17.6,2.0934896208358386e-14,0.0,52.93511219729852,59.15604049047475
2023-09-01 02:00:00,17.1,1.0507241408224145e-14,0.0,41.48892560971903,46.95530253966277
2023-09-01 03:00:00,16.8,6.951769866756161e-15,0.0,33.65489527334317,41.8488431299327
2023-09-01 04:00:00,17.1,7.163229429134027e-15,0.0,33.78071456092464,46.423149488811646
2023-09-01 05:00:00,16.0,1.406271294969213e-14,0.0,42.42615435033616,42.28058337551951
2023-09-01 06:00:00,15.8,3.555471541467983e-15,0.0,63.50708995183119,81.17601025559156
2023-09-01 07:00:00,16.1,1.4765679250132566e-14,0.0,90.53305490746057,92.80132789911364
2023-09-01 08:00:00,16.1,9.193033800494794e-15,0.0,97.7645317358575,102.97185225778487
2023-09-01 09:00:00,16.1,2.6908006112084925e-15,0.0,96.4768079072963,93.19408001702318
2023-09-01 10:00:00,16.8,2.701100054608362e-14,0.0,127.30865028613906,159.7013054531337
2023-09-01 11:00:00,18.4,0.001960061548856906,0.0,571.3964317022277,739.3214123482946
2023-09-01 12:00:00,21.5,4.411545418996397e-13,0.0,1927.0793438086673,2525.4425396049214
2023-09-01 13:00:00,21.7,7.021814595476956e-13,0.0,3030.429646138764,2815.2310411853177
2023-09-01 14:00:00,23.9,5.624588650791356e-13,0.0,3482.3133273269877,3509.423651543822
2023-09-01 15:00:00,24.8,2.3758915712397823e-13,0.0,3772.949762590579,3494.026035084564
2023-09-01 16:00:00,25.1,4.689115427780311e-13,0.0,3170.194627873103,3212.1090930800256
2023-09-01 17:00:00,24.4,5.035985371656774e-13,0.0,2275.4652777586225,2704.0685945714285
2023-09-01 18:00:00,22.4,4.030959692209589e-13,0.0,1021.7216566524728,1474.6273726258025
2023-09-01 19:00:00,20.1,1.1145303299682301e-13,0.0,595.2347139397889,661.10070407578
2023-09-01 20:00:00,18.4,4.088792272688181e-14,0.0,277.69421078519144,399.3015159056106
2023-09-01 21:00:00,17.7,1.8348615079535514e-14,0.0,192.79065139977325,228.12976685841724
2023-09-01 22:00:00,18.2,4.547828622357103e-14,0.0,116.5508199689937,166.78479585524818
2023-09-01 23:00:00,17.1,8.365815391689374e-16,0.0,62.3358795392469,84.05816912209062
2023-09-02 00:00:00,15.8,1.0427654800134241e-14,0.0,39.463635710644375,44.83973732016959
2023-09-02 01:00:00,17.8,1.4142299557782032e-14,0.0,36.2747359498191,59.47861918909312
2023-09-02 02:00:00,16.2,0.0,0.0,22.229281452481096,34.68740933498317
2023-09-02 03:00:00,15.2,0.0,0.0,9.978516544726642,24.130924077586858
2023-09-02 04:00:00,14.8,0.0,0.0,7.818317263630463,13.712993023858994
2023-09-02 05:00:00,14.5,0.0,0.0,7.5531532939129615,13.664390239378545
2023-09-02 06:00:00,15.7,0.0,0.0,40.69493283588443,69.98644605500003
2023-09-02 07:00:00,17.9,0.0,0.0,469.76736138794945,689.0422933604997
2023-09-02 08:00:00,20.0,0.0,0.0,1841.5272663683706,1898.4564614812034
2023-09-02 09:00:00,21.9,0.0,0.0,2986.386285783773,2730.30123041681
2023-09-02 10:00:00,23.7,0.0,0.0,3514.717990202505,3393.2648166669524
2023-09-02 11:00:00,24.9,0.0,0.0,3567.4827037135638,3432.897565841558
2023-09-02 12:00:00,25.9,0.0,0.0,3708.5056750611284,3486.859334056702
2023-09-02 13:00:00,27.3,0.0,0.0,4115.266209975553,4044.5901490687856
2023-09-02 14:00:00,25.9,0.0,0.0,3936.530989533846,3716.3733529760575
2023-09-02 15:00:00,24.3,0.0,0.0,3183.496296644756,3166.835350428552
2023-09-02 16:00:00,24.7,0.0,0.0,2534.030071330315,2686.398188251058
2023-09-02 17:00:00,24.8,0.0,0.0,2535.527436469597,2933.007865682475
2023-09-02 18:00:00,23.8,0.0,0.0,1318.2751270975084,1696.4591914006373
2023-09-02 19:00:00,22.4,0.0,0.0,921.0619935674129,997.0939548630403
2023-09-02 20:00:00,22.2,0.0,0.0,631.8320655611469,879.3458283825682
2023-09-02 21:00:00,20.6,0.0,0.0,502.05441403387476,677.3611804329253
2023-09-02 22:00:00,18.3,0.0,0.0,251.40534713041487,206.80424495238125
2023-09-02 23:00:00,18.2,0.0,0.0,121.56172779037959,111.92060964693022
2023-09-03 00:00:00,18.1,0.0,0.0,106.6857074965053,109.86591878627968
2023-09-03 01:00:00,17.8,0.0,0.0,76.43137068027261,65.88241279838233
2023-09-03 02:00:00,17.5,0.0,0.0,56.96780153272206,50.27160857275644
2023-09-03 03:00:00,16.9,0.0,0.0,39.09384866513119,42.345519910300936
2023-09-03 04:00:00,16.9,0.0,0.0,33.58970443796885,42.345519910300936
2023-09-03 05:00:00,16.5,0.0,0.0,30.405065721845432,37.015608371696004
2023-09-03 06:00:00,16.8,0.0,0.0,72.287068158527,71.76529678189121
2023-09-03 07:00:00,17.8,0.0,0.0,177.95222266035626,166.20160826988246
2023-09-03 08:00:00,18.9,0.0,0.0,396.59870052814057,453.24845425092354
2023-09-03 09:00:00,20.4,0.0,0.0,1199.0282475609174,1375.9651357254954
2023-09-03 10:00:00,21.1,0.0,0.0,1905.2290573125972,1556.9962217340494
2023-09-03 11:00:00,22.4,0.0,0.0,2342.8072657654834,2190.9388326022827
2023-09-03 12:00:00,24.1,0.0,0.0,3221.040823063554,3416.0474796982835
2023-09-03 13:00:00,22.9,0.0,0.0,3267.295016691569,3054.97989907442
2023-09-03 14:00:00,21.5,0.0,0.0,1688.73561803712,1424.5243953488337
2023-09-03 15:00:00,22.9,0.0,0.0,2159.0726362121527,2428.184261244657
2023-09-03 16:00:00,23.8,0.0,0.0,2434.9472525822507,2861.17185865173
2023-09-03 17:00:00,23.6,0.0,0.0,1913.8268080436735,2038.7795143868593
2023-09-03 18:00:00,22.1,1.0966751235412294e-13,0.0,843.8266071789628,1394.0743849128276
2023-09-03 19:00:00,20.6,9.843594055107107e-14,0.0,666.8612955296313,742.3988050426532
2023-09-03 20:00:00,19.9,8.056179502330112e-14,0.0,509.73163874841373,608.5015329646387
2023-09-03 21:00:00,19.2,1.0204138426115148e-13,0.0,383.8005656459916,478.33889369754695
2023-09-03 22:00:00,18.4,2.687055359063085e-14,0.0,209.5684816433493,265.13655678065425
2023-09-03 23:00:00,17.5,7.812127191428e-15,0.0,75.02531882110873,97.00864605173331
2023-09-04 00:00:00,16.8,7.37006063634063e-15,0.0,46.254754032891995,54.35546708620279
2023-09-04 01:00:00,16.4,5.213827400067122e-15,0.0,31.324731915712164,39.2171142382866
2023-09-04 02:00:00,16.1,7.031356474846064e-15,0.0,23.188792145668053,29.498674496115143
2023-09-04 03:00:00,15.6,2.6467070040785116e-15,0.0,17.297571840964668,14.001753015742487
2023-09-04 04:00:00,15.3,3.9899571581402434e-15,0.0,15.11958465369579,13.538754240250544
2023-09-04 05:00:00,14.8,0.0,0.0,30.44234485225925,31.694176347220882
2023-09-04 06:00:00,15.0,8.365815391689374e-16,0.0,80.637074158112,95.01092707869762
2023-09-04 07:00:00,16.1,2.888801946044657e-14,0.0,314.7337087357461,253.91909765414533
2023-09-04 08:00:00,17.5,1.9913208413664978e-13,0.0,1293.7316923718681,1435.7695251284179
2023-09-04 09:00:00,18.8,1.3887253550204362e-13,0.0,2084.331261571368,1694.6924105754003
2023-09-04 10:00:00,20.2,2.844377233174388e-14,0.0,2510.6122307610044,2468.7361940602646
2023-09-04 11:00:00,21.2,7.556603990787788e-13,0.0,2350.3610270167037,2471.537783445279
2023-09-04 12:00:00,21.9,1.161602759930247e-13,0.0,2258.6247208696464,2189.7654083116277
2023-09-04 13:00:00,21.9,2.1662539141628933e-13,0.0,1826.707639013569,1825.2843329559782
2023-09-04 14:00:00,22.4,2.1625044052166464e-13,0.0,2321.519978546139,2439.6895865450097
2023-09-04 15:00:00,21.9,3.647377763706454e-13,0.0,2063.9281508698364,1852.2478863411138
2023-09-04 16:00:00,21.6,3.189134800037081e-13,0.0,1734.851379037687,1793.7663767060856
2023-09-04 17:00:00,21.5,2.432710170381538e-13,0.0,1698.2117148110274,1505.960888915935
2023-09-04 18:00:00,20.5,1.4718869798518357e-13,0.0,670.1696887720923,1016.3266972526918
2023-09-04 19:00:00,18.1,2.2148153113610558e-14,0.0,345.93829701627817,423.0705879709321
2023-09-04 20:00:00,17.5,4.375199445982588e-14,0.0,210.07304639277544,253.18347968336172
2023-09-04 21:00:00,16.4,3.4299843105926443e-14,0.0,153.08412510172252,136.98694934411003
2023-09-04 22:00:00,15.9,1.406271294969213e-14,0.0,85.40189510143603,77.24084857448399
2023-09-04 23:00:00,15.3,7.215515775332085e-15,0.0,47.811680942896245,47.606250071029734
2023-09-05 00:00:00,14.4,3.4758849333780806e-15,0.0,23.167494166134013,30.054529120064682
2023-09-05 01:00:00,14.0,3.555471541467983e-15,0.0,10.58087991166227,12.068039107432975
2023-09-05 02:00:00,13.2,1.7777357707339916e-15,33.56534859082514,6.654485505159781,9.073077549346333
2023-09-05 03:00:00,12.9,0.0,49.75377296691674,4.417683179690491,8.33860816237546
2023-09-05 04:00:00,11.9,0.549431704892735,65.70826437613195,2.867040036761061,7.391704378077667
2023-09-05 05:00:00,11.4,28.33252264217082,74.22890101590625,8.882933183776958,11.372829578877155
2023-09-05 06:00:00,12.6,3.555471541467983e-15,10.212743589162669,44.28869288249777,54.68731201090533
2023-09-05 07:00:00,14.7,9.62040735027584e-15,0.0,243.54195351068978,315.24208072679886
2023-09-05 08:00:00,16.8,3.1287376417037544e-13,0.0,1488.2527887436586,1130.8100492199692
2023-09-05 09:00:00,19.1,2.051005124751946e-13,0.0,2613.267065314748,2285.6833975194354
2023-09-05 10:00:00,21.0,9.794282987459522e-13,0.0,3146.525181161287,2774.430241711072
2023-09-05 11:00:00,22.4,7.391156052225864e-13,0.0,3177.421043524037,2868.3164671258173
2023-09-05 12:00:00,23.4,5.98568203921869e-13,0.0,3344.6354587031065,3228.1728734803974
2023-09-05 13:00:00,23.9,1.439921819143241e-13,0.0,3752.1863658799793,3603.7273915969035
2023-09-05 14:00:00,24.4,2.6745697663114486e-13,0.0,4029.169057753787,3799.675028202329
2023-09-05 15:00:00,24.3,7.027284929019076e-14,0.0,3910.50053456743,3663.5139073558726
2023-09-05 16:00:00,24.2,2.4625544404746816e-13,0.0,3553.8070644616782,3517.7500148069303
2023-09-05 17:00:00,23.7,3.359573570258988e-13,0.0,2753.995706666805,2957.358915469974
2023-09-05 18:00:00,21.4,1.277975124984817e-13,0.0,963.8870942770645,1142.4688985883433
2023-09-05 19:00:00,21.7,1.7778031578707286e-13,0.0,711.6887437859132,943.7736726928741
2023-09-05 20:00:00,17.6,3.066048465328353e-14,0.0,342.81188765651314,256.3655958688779
2023-09-05 21:00:00,19.4,4.0830272106324285e-14,0.0,291.1078853510157,470.8926874951172
2023-09-05 22:00:00,19.4,4.6108878894742566e-14,0.0,159.34389287072986,280.4702433733502
2023-09-05 23:00:00,18.9,1.6028553666905686e-14,0.0,93.6924743557066,118.77635585974241
2023-09-06 00:00:00,17.9,2.1691891139437426e-14,0.0,58.158754085863265,68.22116481626742
2023-09-06 01:00:00,15.2,6.951769866756161e-15,0.0,33.917047894092875,13.67973631346554
2023-09-06 02:00:00,16.7,1.7379424666890403e-15,0.0,31.80922388327295,38.903314090261105
2023-09-06 03:00:00,16.2,7.071149778891016e-15,0.0,22.29470210056694,30.065941586104266
2023-09-06 04:00:00,12.1,0.0,71.95622642879161,7.664118786532862,7.391704378077667
2023-09-06 05:00:00,12.7,3.555471541467983e-15,57.30706386822419,14.516356617381396,14.894190784724438
2023-09-06 06:00:00,12.8,1.8195648476924388e-14,0.0,72.20047670050249,60.70482693985071
2023-09-06 07:00:00,15.5,5.2341347509538567e-14,0.0,430.61313663583906,484.2390369535349
2023-09-06 08:00:00,18.1,1.5727144201025456e-13,0.0,1708.2392839407994,1389.3944758308592
2023-09-06 09:00:00,20.6,6.85874006887407e-13,0.0,2646.286307825152,2621.7067020442755
2023-09-06 10:00:00,23.0,1.7328516185241628e-13,0.0,3003.8062129404216,3229.3167215476606
2023-09-06 11:00:00,24.8,9.939363276561099e-13,0.0,3109.7860302296185,3648.4464093542792
2023-09-06 12:00:00,25.8,4.3052809779335884e-13,0.0,3335.461938048308,3703.7630752592336
2023-09-06 13:00:00,26.2,1.0875560009196189e-13,0.0,3719.358867157225,4021.14823289486
2023-09-06 14:00:00,26.4,2.121920907772776e-13,0.0,4023.3122979102955,4130.232126516619
2023-09-06 15:00:00,26.2,6.52809671309381e-13,0.0,3962.622948924173,4018.0267158023544
2023-09-06 16:00:00,25.8,4.71109041156726e-13,0.0,3573.400169949546,3727.094257975446
2023-09-06 17:00:00,24.9,7.731528549982504e-13,0.0,2886.9515934692154,3354.209338437063
2023-09-06 18:00:00,22.2,2.6662082077205987e-13,0.0,1040.363518795678,1537.3042207223207
2023-09-06 19:00:00,19.2,7.523005954947559e-14,0.0,666.7138421379987,562.9130615050443
2023-09-06 20:00:00,18.8,5.359129709544541e-14,0.0,422.9471942455402,430.1075014576642
2023-09-06 21:00:00,17.9,9.375983704273376e-14,0.0,273.28430522266615,261.78693627635494
2023-09-06 22:00:00,16.2,8.178552784419014e-16,0.0,129.5315113850007,86.9819778829604
2023-09-06 23:00:00,16.2,3.225836142661652e-14,0.0,75.71252273849535,57.59402101344678
2023-09-07 00:00:00,18.6,4.1829076958446875e-16,0.0,65.64676868963559,92.12645568379892
2023-09-07 01:00:00,17.5,7.110943082935968e-15,0.0,49.14961262937965,50.85470910803335
2023-09-07 02:00:00,15.3,1.7379424666890403e-15,0.0,27.659849064104762,13.719305245561099
2023-09-07 03:00:00,15.8,1.7777357707339916e-15,0.0,21.516478213996525,25.941853030305815
2023-09-07 04:00:00,15.1,7.110943082935968e-15,0.0,16.228048214666977,13.05726600683623
2023-09-07 05:00:00,14.3,0.0,0.0,30.98532441739115,19.19375792582447
2023-09-07 06:00:00,13.9,8.365815391689374e-16,0.0,81.08627956815603,77.45563806578754
2023-09-07 07:00:00,15.9,9.793474769708863e-14,0.0,528.6496447933924,491.9142599715963
2023-09-07 08:00:00,18.6,1.0105172969935043e-13,0.0,1835.7351604496994,1436.9260983112417
2023-09-07 09:00:00,21.1,3.3271033668632196e-13,0.0,2843.5837025073934,2759.416012880791
2023-09-07 10:00:00,23.4,6.18073024013185e-13,0.0,3187.617909162524,3359.0316524239092
2023-09-07 11:00:00,25.4,2.9347853545546937e-13,0.0,3281.810962211352,3687.8945518113483
2023-09-07 12:00:00,26.4,8.417786447046297e-13,0.0,3506.234438353209,3795.8135871412737
2023-09-07 13:00:00,27.1,2.693052019296577e-13,0.0,3956.8810816818195,4195.041715850068
2023-09-07 14:00:00,27.2,9.517083247089314e-14,0.0,4216.69421444872,4232.665833241709
2023-09-07 15:00:00,26.9,3.868011426278496e-13,0.0,4082.1622135311754,4111.232083774817
2023-09-07 16:00:00,26.4,8.734433338814241e-13,0.0,3668.8878281964635,3832.1889774193864
2023-09-07 17:00:00,25.5,5.812878370639425e-13,0.0,2948.5552183405307,3399.0752458606917
2023-09-07 18:00:00,23.5,8.505694895795775e-14,0.0,1196.640768407788,1257.4051739120846
2023-09-07 19:00:00,20.8,1.1714666761800995e-13,0.0,797.7530040667737,810.5432929743687
2023-09-07 20:00:00,18.8,5.100033440144079e-14,0.0,480.09784338673114,430.1075014576642
2023-09-07 21:00:00,18.4,1.673163078337875e-15,0.0,311.9767984243329,291.22665329499887
2023-09-07 22:00:00,19.4,2.49850886107059e-14,0.0,190.45425305038572,280.4702433733502
2023-09-07 23:00:00,18.8,2.0727275871953073e-15,0.0,103.92081041510974,111.49113146446959
2023-09-08 00:00:00,17.9,3.555471541467983e-15,0.0,67.13563366168964,68.22116481626742
2023-09-08 01:00:00,16.6,1.7747743267862443e-14,0.0,47.40194695945625,40.08953372138606
2023-09-08 02:00:00,16.0,7.031356474846064e-15,0.0,32.424336369710275,29.498674496115143
2023-09-08 03:00:00,13.6,5.333207312201975e-15,39.6388680354796,13.843928582987948,10.266557889536202
2023-09-08 04:00:00,13.3,0.0,41.99624646202847,9.69340975255801,8.892526544035778
2023-09-08 05:00:00,12.3,0.0,72.87520647065587,12.426102374254869,10.614661772019202
2023-09-08 06:00:00,13.6,1.045379797323327e-14,0.0,56.52747650001993,69.36894879363491
2023-09-08 07:00:00,16.5,5.595521348917013e-14,0.0,365.0399275367257,409.8501146076303
2023-09-08 08:00:00,19.1,7.651607134609339e-14,0.0,1594.479731368691,1875.556483599163
2023-09-08 09:00:00,21.8,6.997592460402763e-13,0.0,2608.6282884797165,2841.6051997638206
2023-09-08 10:00:00,24.4,4.4733548497981363e-13,0.0,2984.2767286901867,3510.19128092098
2023-09-08 11:00:00,26.1,2.671573564595123e-13,0.0,3069.6918240601103,3664.8338122800833
2023-09-08 12:00:00,27.0,2.184858171018976e-13,0.0,3286.357839640495,3787.4565632382073
2023-09-08 13:00:00,27.3,2.7409912467577894e-13,0.0,3719.2144087745614,3931.052521131177
2023-09-08 14:00:00,27.6,5.474003973740948e-13,0.0,4032.7384852115165,4228.65382347297
2023-09-08 15:00:00,27.4,1.6909989921516924e-12,0.0,3974.6137494536097,4110.737239621421
2023-09-08 16:00:00,26.9,3.8140712817829534e-13,0.0,3598.0636002000697,3711.964780685993
2023-09-08 17:00:00,26.1,7.752266467856554e-13,0.0,2919.784536067616,3411.3710150408006
2023-09-08 18:00:00,23.9,1.6774133731704563e-13,0.0,1189.8237518853568,1310.4708254995967
2023-09-08 19:00:00,20.8,1.5704041384794045e-13,0.0,781.4051639835751,809.9129043125452
2023-09-08 20:00:00,18.8,1.4344302015969234e-13,0.0,453.0597103504178,430.1075014576642
2023-09-08 21:00:00,17.4,3.638351208188268e-14,0.0,266.4445466562482,204.50189128032088
2023-09-08 22:00:00,17.9,4.94458419210548e-15,0.0,147.5363030192404,133.47796717014137
2023-09-08 23:00:00,17.9,7.92879836137787e-15,0.0,88.85235112073443,96.6172597045196
2023-09-09 00:00:00,18.4,1.5209527997168345e-14,0.0,72.50565851863816,89.34450375485626
2023-09-09 01:00:00,16.4,4.078335003448569e-15,0.0,46.90295328104734,39.2171142382866
2023-09-09 02:00:00,16.1,0.0,0.0,33.59749062882146,29.498674496115143
2023-09-09 03:00:00,15.0,5.293414008157023e-15,0.0,20.660524974062128,13.05726600683623
2023-09-09 04:00:00,13.3,3.555471541467983e-15,41.99624646202847,8.430351745539829,8.892526544035778
2023-09-09 05:00:00,13.0,8.888678853669958e-16,98.74077641022834,7.757922912033749,8.426293693581858
2023-09-09 06:00:00,14.0,0.0,0.0,32.15300395158968,20.671365507681674
2023-09-09 07:00:00,16.9,4.802134562015279e-14,0.0,330.1314005944908,503.825471495703
2023-09-09 08:00:00,19.5,3.219475599215719e-13,0.0,1686.7884036940882,2050.5927250556324
2023-09-09 09:00:00,22.5,3.249934145464471e-13,0.0,2794.359278050196,2999.7791816017457
2023-09-09 10:00:00,25.2,7.365435816293509e-13,0.0,3135.117043823301,3736.8069359241254
2023-09-09 11:00:00,27.0,1.5510508311942407e-13,0.0,3231.7975197877813,3827.8710759832356
2023-09-09 12:00:00,28.0,7.247556836779097e-13,0.0,3482.622387605814,4065.121622427315
2023-09-09 13:00:00,28.2,1.6564314475544963e-13,0.0,3902.5658706929926,4424.519737671714
2023-09-09 14:00:00,28.5,3.794848491970423e-13,0.0,4223.477555551696,4475.89747674156
2023-09-09 15:00:00,28.4,1.7374730331306125e-12,0.0,4157.842177325803,4348.617438668612
2023-09-09 16:00:00,28.0,9.2790951639766e-13,0.0,3765.564841449407,4137.842803462761
2023-09-09 17:00:00,27.1,1.0088710887698607e-12,0.0,3073.960079827525,3547.1399986178108
2023-09-09 18:00:00,24.9,9.78800400827657e-14,0.0,1348.7408197436328,1376.3311777642061
2023-09-09 19:00:00,22.3,9.590725683279525e-14,0.0,925.8979071889506,919.9052848263457
2023-09-09 20:00:00,20.4,8.769125152692215e-14,0.0,579.6350259681867,635.7299774135622
2023-09-09 21:00:00,19.1,6.229418518022145e-14,0.0,441.36423278206416,447.1221381802693
2023-09-09 22:00:00,18.1,7.410090679145194e-14,0.0,210.48337926633212,198.55172912898047
2023-09-09 23:00:00,17.1,5.2192714894423414e-15,0.0,101.18717315384056,70.10425772535447
2023-09-10 00:00:00,16.2,5.228634619805858e-15,0.0,78.28187742559669,54.91441242613571
2023-09-10 01:00:00,15.8,2.159194680221256e-14,0.0,54.303712642519336,32.38026213352112
2023-09-10 02:00:00,14.6,8.769298941535105e-15,0.0,31.420098764562617,13.237817012146785
2023-09-10 03:00:00,14.4,9.717856782969529e-15,0.0,19.325138587093793,12.214727323974802
2023-09-10 04:00:00,15.7,5.333207312201975e-15,0.0,17.166590377937183,14.169007807065926
2023-09-10 05:00:00,16.6,1.7777357707339916e-15,0.0,22.564535887046723,36.48416416747287
2023-09-10 06:00:00,14.4,0.0,0.0,41.18917617938965,36.08933120902878
2023-09-10 07:00:00,17.1,3.394546484241211e-14,0.0,409.504766745361,418.50765039384464
2023-09-10 08:00:00,19.7,3.181017249188139e-13,0.0,1936.5645885987783,2060.879665824674
2023-09-10 09:00:00,22.1,4.863425710819419e-13,0.0,3283.349866177815,3026.828804289443
2023-09-10 10:00:00,24.1,1.2411907893957424e-12,0.0,3817.0050190673587,3598.0906876567396
2023-09-10 11:00:00,26.2,1.0534969044502678e-12,0.0,3942.2159781262435,3801.3069331427364
2023-09-10 12:00:00,28.1,1.0297982533162635e-12,0.0,4252.496651725999,4165.404000875338
2023-09-10 13:00:00,27.9,1.342705852459973e-12,0.0,4721.439148855978,4395.388797519685
2023-09-10 14:00:00,28.9,1.1535626682047168e-12,0.0,4979.627964171045,4515.118222298868
2023-09-10 15:00:00,29.4,4.418657141271832e-13,0.0,4779.824795524066,4657.065369155683
2023-09-10 16:00:00,29.2,1.0868347567053995e-12,0.0,4192.668312407944,4035.3909476735716
2023-09-10 17:00:00,28.6,2.1081854787057227e-13,0.0,3268.3559095038872,3679.1070140678685
2023-09-10 18:00:00,25.4,2.8867113528200083e-13,0.0,1316.2238432856038,1343.7499256792728
2023-09-10 19:00:00,23.0,1.8138880959392712e-13,0.0,983.255239989177,1084.6963308753207
2023-09-10 20:00:00,20.8,7.755254155971203e-14,0.0,725.1690949363165,689.8307061778871
2023-09-10 21:00:00,20.6,1.4023387802165353e-13,0.0,574.0387930097021,645.4568648399559
2023-09-10 22:00:00,19.8,8.34647911160757e-14,0.0,336.66561378837855,443.96337959868765
2023-09-10 23:00:00,20.4,0.0,0.0,156.6191462538203,229.67572494975542
2023-09-11 00:00:00,19.9,0.0,0.0,100.38802482054963,123.00412653079704
2023-09-11 01:00:00,18.9,0.0,0.0,67.15230231061318,76.26306078477022
2023-09-11 02:00:00,18.5,0.0,0.0,54.51992160403732,57.871025065096916
2023-09-11 03:00:00,16.4,0.0,0.0,37.14484859041809,33.522901413343575
2023-09-11 04:00:00,15.8,0.0,0.0,30.54737188369623,26.97255677929229
2023-09-11 05:00:00,15.2,0.0,0.0,47.72827616081193,32.4536459867699
2023-09-11 06:00:00,15.6,0.0,0.0,98.78344560395874,91.6659681906925
2023-09-11 07:00:00,18.0,0.0,0.0,872.2044033645977,605.1140096449226
2023-09-11 08:00:00,20.1,0.0,0.0,2453.225669292661,1909.3240995477786
2023-09-11 09:00:00,22.4,0.0,0.0,3466.6737588607466,2770.257651106656
2023-09-11 10:00:00,24.6,0.0,0.0,3839.1714826352013,3115.5477705239864
2023-09-11 11:00:00,26.4,0.0,0.0,3949.450359649517,3533.820762660478
2023-09-11 12:00:00,27.9,0.0,0.0,4216.992326677027,3922.032039153267
2023-09-11 13:00:00,28.5,0.0,0.0,4548.613932788268,4362.043165198515
2023-09-11 14:00:00,29.4,0.0,0.0,4758.097276436766,4553.532398852362
2023-09-11 15:00:00,29.6,0.0,0.0,4563.759187707226,4379.305651966563
2023-09-11 16:00:00,29.5,3.017694458042506e-13,0.0,4166.204017501692,4043.6284592440334
2023-09-11 17:00:00,28.8,6.6312386917685e-13,0.0,3304.6783961301026,3419.9087857469513
2023-09-11 18:00:00,26.0,0.0,0.0,1514.1183776194719,1578.7342507998555
2023-09-11 19:00:00,23.8,0.0,0.0,1125.154925715881,1111.2309406095226
2023-09-11 20:00:00,21.8,0.0,0.0,828.8703705715483,885.8059472386628
2023-09-11 21:00:00,21.9,0.0,0.0,684.7549003666048,854.6302086758569
2023-09-11 22:00:00,21.6,0.0,0.0,414.9572095525603,632.72203475579
2023-09-11 23:00:00,20.6,0.0,0.0,181.6089977141852,198.57318023424563
2023-09-12 00:00:00,20.9,0.0,0.0,124.77765453829613,177.6474188899132
2023-09-12 01:00:00,20.1,0.0,0.0,86.13848365303699,127.35186003864618
2023-09-12 02:00:00,17.7,0.0,0.0,55.31259731905547,50.356376075405066
2023-09-12 03:00:00,17.1,0.0,0.0,43.3499334061259,39.827813445606466
2023-09-12 04:00:00,17.4,0.0,0.0,40.99759571578173,43.708787573947106
2023-09-12 05:00:00,16.8,0.0,0.0,60.825725737919385,54.46028662191709
2023-09-12 06:00:00,16.6,0.0,0.0,114.48844006998934,114.35835323509744
2023-09-12 07:00:00,18.6,0.0,0.0,1109.1957459899606,665.5039866254576
2023-09-12 08:00:00,20.6,0.0,0.0,2749.3406635240576,1905.7371662102717
2023-09-12 09:00:00,22.9,0.0,0.0,3523.6255357910045,2832.877194076878
2023-09-12 10:00:00,25.1,0.0,0.0,3771.721960960418,3297.3783934836333
2023-09-12 11:00:00,26.9,0.0,0.0,3817.4407768952783,3668.441944600758
2023-09-12 12:00:00,28.4,0.0,0.0,4104.547617550597,4068.455082627492
2023-09-12 13:00:00,28.9,0.0,0.0,4668.918529738503,4392.110559495756
2023-09-12 14:00:00,29.7,0.0,0.0,4958.327581738706,4662.824361768187
2023-09-12 15:00:00,29.9,0.0,0.0,4804.254589139508,4460.426801289323
2023-09-12 16:00:00,29.4,0.0,0.0,4120.456038506209,3964.372147352804
2023-09-12 17:00:00,28.6,0.0,0.0,3265.309023345395,3252.053137057473
2023-09-12 18:00:00,26.1,0.0,0.0,1703.430964528894,1585.2060021739433
2023-09-12 19:00:00,24.1,0.0,0.0,1272.7825751001192,1187.8306648675052
2023-09-12 20:00:00,22.6,0.0,0.0,952.7426949191197,990.4284721942918
2023-09-12 21:00:00,21.3,0.0,0.0,732.9876403321601,779.9535716237658
2023-09-12 22:00:00,22.1,0.0,0.0,534.869385658061,679.893080697251
2023-09-12 23:00:00,20.4,0.0,0.0,232.20063869311542,168.03533453123023
2023-09-13 00:00:00,19.3,0.0,0.0,117.05598288377553,94.35736262816889
2023-09-13 01:00:00,19.2,0.0,0.0,87.23791066033957,82.99770629012065
2023-09-13 02:00:00,18.1,0.0,0.0,59.11514093468415,52.030279053731945
2023-09-13 03:00:00,17.1,0.0,0.0,47.1058978557667,39.827813445606466
2023-09-13 04:00:00,17.1,0.0,0.0,43.741138122238624,40.21856051514875
2023-09-13 05:00:00,18.1,0.0,0.0,70.70019796698475,72.92607020609901
2023-09-13 06:00:00,17.8,0.0,0.0,141.71958961409453,163.77202633759498
2023-09-13 07:00:00,19.1,0.0,0.0,1107.1496730997774,624.0377015139358
2023-09-13 08:00:00,21.4,0.0,0.0,2513.872319514951,2188.2087730770627
2023-09-13 09:00:00,24.2,0.0,0.0,3233.660498293759,2853.556461980874
2023-09-13 10:00:00,26.5,0.0,0.0,3013.413662368607,3215.243305742054
2023-09-13 11:00:00,28.6,0.0,0.0,3552.370469397012,4097.98494156332
2023-09-13 12:00:00,29.4,0.0,0.0,4101.546908214469,4349.294914930022
2023-09-13 13:00:00,29.1,0.0,0.0,4406.716436864774,4406.875332246841
2023-09-13 14:00:00,28.3,0.0,0.0,4487.629482714377,4214.673656450466
2023-09-13 15:00:00,28.4,0.0,0.0,3601.884145872459,3431.1994831108686
2023-09-13 16:00:00,28.6,0.0,0.0,3410.9510268114473,3447.134415733999
2023-09-13 17:00:00,24.4,0.0,0.0,2028.1549643186665,1316.1107655009898
2023-09-13 18:00:00,22.4,0.0,0.0,1240.7847127187613,1018.523677100444
2023-09-13 19:00:00,22.0,0.0,0.0,1058.6104162472711,919.4463651072149
2023-09-13 20:00:00,21.0,0.0,0.0,856.0790602754696,845.2703338684724
2023-09-13 21:00:00,20.4,0.0,0.0,701.2273562817854,579.7072153211428
2023-09-13 22:00:00,19.6,0.0,0.0,410.47277581526214,263.136493954708
2023-09-13 23:00:00,18.8,0.0,0.0,176.00580254419128,103.4663824044015
2023-09-14 00:00:00,18.6,0.0,0.0,105.11041821265803,74.51589344390698
2023-09-14 01:00:00,18.8,0.0,0.0,87.38352825889368,66.09917238387368
2023-09-14 02:00:00,18.7,0.0,0.0,70.70085834941983,59.48282763420525
2023-09-14 03:00:00,18.6,0.0,0.0,59.53962466085769,57.21654395962487
2023-09-14 04:00:00,18.6,0.0,0.0,59.40941839640525,57.21654395962487
2023-09-14 05:00:00,18.3,0.0,0.0,89.5913012926089,81.82366482437281
2023-09-14 06:00:00,18.1,0.0,0.0,150.01911402664263,167.69435707217994
2023-09-14 07:00:00,18.1,0.0,0.0,249.3105430502835,282.760325279839
2023-09-14 08:00:00,19.1,0.0,0.0,406.84875339762993,451.50940020459365
2023-09-14 09:00:00,19.8,0.0,0.0,733.3464389497206,602.8399203939441
2023-09-14 10:00:00,21.4,0.0,0.0,1464.2373069652842,1551.3948683414885
2023-09-14 11:00:00,22.8,0.0,0.0,2461.3339371718616,2636.1783207885587
2023-09-14 12:00:00,23.9,0.0,0.0,2985.6723379934965,3022.8191597775467
2023-09-14 13:00:00,21.7,0.0,0.0,3135.8651263695842,2746.645977112158
2023-09-14 14:00:00,23.1,0.0,0.0,2464.5129481497524,2343.8782466563334
2023-09-14 15:00:00,23.2,0.0,0.0,2206.7821653660294,2286.2684227056207
2023-09-14 16:00:00,21.8,0.0,0.0,2213.356615132393,2065.1832411358137
2023-09-14 17:00:00,21.3,0.0,0.0,1747.9697786651882,1383.7358846169234
2023-09-14 18:00:00,19.9,0.0,0.0,804.2472178684129,687.5970036532228
2023-09-14 19:00:00,18.6,0.0,0.0,583.6746174785713,397.90883346131136
2023-09-14 20:00:00,18.1,0.0,0.0,319.86041274482955,341.4593321910873
2023-09-14 21:00:00,16.9,0.0,0.0,182.69982124024847,161.95959825045992
2023-09-14 22:00:00,16.6,0.0,0.0,99.78632746074462,105.47682958353845
2023-09-14 23:00:00,16.6,0.0,0.0,54.72937867727635,51.76354360108993
2023-09-15 00:00:00,15.9,0.0,0.0,31.154950227775153,38.59888003286172
2023-09-15 01:00:00,15.9,0.0,0.0,19.792109531108352,29.896444681033316
2023-09-15 02:00:00,15.0,0.0,0.0,9.581220545259955,20.882809460557215
2023-09-15 03:00:00,14.5,0.0,0.0,7.005491152627963,11.262997530682142
2023-09-15 04:00:00,14.0,0.0,0.0,5.280631249916993,9.000673994259802
2023-09-15 05:00:00,13.7,0.0,0.0,9.44416817641588,20.47270581914647
2023-09-15 06:00:00,13.7,0.0,0.0,25.525943891870185,58.309618385372666
2023-09-15 07:00:00,15.4,0.0,0.0,182.1320227638876,268.8152951294335
2023-09-15 08:00:00,17.4,0.0,0.0,1258.8592402105128,1034.391218493818
2023-09-15 09:00:00,19.2,0.0,0.0,2302.7357838269363,2222.457794846466
2023-09-15 10:00:00,20.7,0.0,0.0,2748.2209270037433,2485.78428617545
2023-09-15 11:00:00,21.9,2.5517084687387323e-13,0.0,2946.507771458155,2778.7310649766696
2023-09-15 12:00:00,23.1,2.470288952507403e-13,0.0,3230.058424806016,2905.917310012603
2023-09-15 13:00:00,23.2,2.3554232019126755e-13,0.0,3583.628830301596,3099.2815142275153
2023-09-15 14:00:00,23.6,8.772895945642659e-13,0.0,3430.913062190377,2987.9253616604283
2023-09-15 15:00:00,23.1,1.3426544968310878e-13,0.0,1950.6678885116685,1969.5942224377927
2023-09-15 16:00:00,23.1,3.729420069695069e-13,0.0,1810.2815119661136,2075.55600912921
2023-09-15 17:00:00,22.7,1.5539250290396126e-13,0.0,1778.3485996838936,1884.44502934782
2023-09-15 18:00:00,19.6,6.217551458226955e-14,0.0,643.811592409478,724.2078916237671
2023-09-15 19:00:00,18.2,9.434971425563541e-14,0.0,502.60437442388354,381.03346226291876
2023-09-15 20:00:00,17.4,3.680691888875614e-14,0.0,307.57273109213054,224.0106452663678
2023-09-15 21:00:00,17.4,1.0819381227015079e-14,0.0,185.9582710515783,187.89021323483988
2023-09-15 22:00:00,16.4,2.1173656032628093e-14,0.0,86.86933915541647,69.45294038917953
2023-09-15 23:00:00,15.8,1.084594556971871e-14,0.0,49.990739922437115,44.745518815133764
2023-09-16 00:00:00,15.4,3.555471541467983e-15,0.0,28.067804628272064,32.48127987226783
2023-09-16 01:00:00,16.1,3.555471541467983e-15,0.0,21.96889903923714,33.03161934266238
2023-09-16 02:00:00,16.1,1.7777357707339916e-15,0.0,14.704928156595948,30.439537505193808
2023-09-16 03:00:00,15.8,1.7777357707339916e-15,0.0,9.297622535641962,26.12904810763287
2023-09-16 04:00:00,15.3,0.0,0.0,8.291649487657502,23.587138524989122
2023-09-16 05:00:00,15.0,0.0,0.0,12.53257219788412,28.087043594388806
2023-09-16 06:00:00,14.9,0.0,0.0,42.76699528089783,74.36395649079549
2023-09-16 07:00:00,16.5,0.0,0.0,170.2050402032987,227.2344483790979
2023-09-16 08:00:00,18.6,0.0,0.0,1062.229408003549,1410.6318026203608
2023-09-16 09:00:00,20.8,0.0,0.0,1899.4420645751675,2297.2878633105074
2023-09-16 10:00:00,22.6,0.0,0.0,2202.5831951742057,2767.767157085455
2023-09-16 11:00:00,23.8,0.0,0.0,2357.9363536717055,3000.2253462724666
2023-09-16 12:00:00,24.6,0.0,0.0,2587.8741397115164,3060.8860362812984
2023-09-16 13:00:00,25.2,0.0,0.0,2983.9996596696556,3427.8883945906164
2023-09-16 14:00:00,25.6,0.0,0.0,3005.7626712247306,3480.0393717394313
2023-09-16 15:00:00,25.2,0.0,0.0,2983.488680948727,3366.2893719838967
2023-09-16 16:00:00,24.5,2.7222649860307536e-13,0.0,2698.2478181946212,3003.8767947181136
2023-09-16 17:00:00,23.4,1.7062560714909314e-13,0.0,2036.2864261062284,2077.3437377055398
2023-09-16 18:00:00,21.9,1.1190246325427188e-13,0.0,886.8555531371342,1038.1683293764906
2023-09-16 19:00:00,20.8,1.749330727963954e-14,0.0,639.2945905392558,688.9109338085674
2023-09-16 20:00:00,19.9,0.0,0.0,405.8251896873568,508.2647933090827
2023-09-16 21:00:00,19.4,0.0,0.0,267.48801137664185,345.2497353009518
2023-09-16 22:00:00,18.9,0.0,0.0,134.98614160244108,125.48327197008858
2023-09-16 23:00:00,18.4,0.0,0.0,78.7135414827015,80.80687213968335
2023-09-17 00:00:00,17.8,0.0,0.0,54.27369958909503,62.24382089030199
2023-09-17 01:00:00,17.4,0.0,0.0,40.13298343012277,44.43578246717045
2023-09-17 02:00:00,16.6,0.0,0.0,27.040796856887084,33.62869606794047
2023-09-17 03:00:00,16.1,0.0,0.0,17.041917549673336,30.061078465694756
2023-09-17 04:00:00,15.6,0.0,0.0,11.024695044008434,25.504446870113604
2023-09-17 05:00:00,14.7,0.0,0.0,26.915506604833176,29.89469464044236
2023-09-17 06:00:00,14.6,0.0,0.0,66.41606297270425,76.37151611298097
2023-09-17 07:00:00,16.7,0.0,0.0,316.54393189099585,294.87554596726005
2023-09-17 08:00:00,18.6,0.0,0.0,1634.3993921288497,1453.2773451729943
2023-09-17 09:00:00,20.2,0.0,0.0,2566.979249952258,2407.603115052181
2023-09-17 10:00:00,21.9,0.0,0.0,2966.417442375712,2856.8899395607714
2023-09-17 11:00:00,23.6,0.0,0.0,3076.4416681355315,2948.3112247241716
2023-09-17 12:00:00,25.0,0.0,0.0,3358.4442067082846,3175.8367590946964
2023-09-17 13:00:00,26.1,0.0,0.0,3818.2564221646694,3657.8331761677646
2023-09-17 14:00:00,26.8,0.0,0.0,4072.8359497225065,3974.155163239506
2023-09-17 15:00:00,26.9,0.0,0.0,3901.4159388626576,3748.5194847872503
2023-09-17 16:00:00,26.6,0.0,0.0,3462.9330885711047,3346.3015814781784
2023-09-17 17:00:00,25.4,0.0,0.0,2602.0705925758402,2362.3199461172408
2023-09-17 18:00:00,23.4,0.0,0.0,1161.4971293646054,1150.9872847444403
2023-09-17 19:00:00,21.8,0.0,0.0,836.0208364283316,892.2328756325679
2023-09-17 20:00:00,20.4,0.0,0.0,556.6703070886772,597.1269529544979
2023-09-17 21:00:00,19.1,0.0,0.0,309.11135035048846,334.7083449510641
2023-09-17 22:00:00,18.6,0.0,0.0,150.74288396940386,122.29543510679687
2023-09-17 23:00:00,18.4,0.0,0.0,91.06264274514783,80.80687213968335
2023-09-18 00:00:00,18.2,0.0,0.0,65.63306563559067,67.64759414473599
2023-09-18 01:00:00,18.2,0.0,0.0,53.550242862126474,58.3829762856772
2023-09-18 02:00:00,17.4,0.0,0.0,42.466764380443976,33.63172847285841
2023-09-18 03:00:00,17.2,0.0,0.0,35.75051710570312,31.456608745169977
2023-09-18 04:00:00,17.1,0.0,0.0,32.569897449675665,37.123451867079055
2023-09-18 05:00:00,17.1,0.0,0.0,60.72422263316796,58.92833808016945
2023-09-18 06:00:00,17.2,0.0,0.0,99.88628047935566,131.5916886280385
2023-09-18 07:00:00,18.8,0.0,0.0,623.5459324986898,607.08873746317
2023-09-18 08:00:00,20.6,0.0,0.0,1875.7089507863286,2188.2881443757533
2023-09-18 09:00:00,22.6,0.0,0.0,2728.237989623447,2674.5723852058613
2023-09-18 10:00:00,24.4,0.0,0.0,2937.1073577353272,3002.3229597621153
2023-09-18 11:00:00,25.4,0.0,0.0,2917.4195899276815,3285.5195089104564
2023-09-18 12:00:00,26.2,0.0,0.0,3203.624390925507,3442.6038971038743
2023-09-18 13:00:00,26.6,0.0,0.0,3574.7151351831185,3819.334680975665
2023-09-18 14:00:00,27.6,0.0,0.0,3786.1614418839704,4128.861246174713
2023-09-18 15:00:00,26.6,0.0,0.0,3082.804466820333,3011.16259862686
2023-09-18 16:00:00,25.8,0.0,0.0,2720.6802730554746,2994.0621918280667
2023-09-18 17:00:00,25.4,0.0,0.0,2088.8448233286217,2361.9528700471706
2023-09-18 18:00:00,24.2,0.0,0.0,1274.7006050717,1352.5732181193475
2023-09-18 19:00:00,23.2,0.0,0.0,1039.8916949020409,1140.3604275230186
2023-09-18 20:00:00,22.6,0.0,0.0,850.8556313056655,988.9345152319978
2023-09-18 21:00:00,21.4,0.0,0.0,649.7772092131897,649.7592100523473
2023-09-18 22:00:00,20.6,0.0,0.0,354.6947908990823,294.1132218513725
2023-09-18 23:00:00,20.1,0.0,0.0,166.78279632905426,126.4071518802152
2023-09-19 00:00:00,19.7,0.0,0.0,105.76061197704806,100.67541342352652
2023-09-19 01:00:00,18.8,0.0,0.0,75.29834415990567,65.01645178211842
2023-09-19 02:00:00,18.2,0.0,0.0,58.4184747357504,49.19195709375131
2023-09-19 03:00:00,17.9,0.0,0.0,49.35613251739633,43.72134247566325
2023-09-19 04:00:00,17.4,0.0,0.0,44.426278362781005,38.071418460743764
2023-09-19 05:00:00,17.6,0.0,0.0,69.08289020599781,65.93873096884317
2023-09-19 06:00:00,17.4,0.0,0.0,117.27187478729911,125.0801478173941
2023-09-19 07:00:00,17.2,0.0,0.0,154.0999726020971,165.32383217849357
2023-09-19 08:00:00,18.2,0.0,0.0,231.34028253603185,244.36388173693842
2023-09-19 09:00:00,19.4,0.0,0.0,650.0120321842078,669.1982208565057
2023-09-19 10:00:00,22.0,0.0,0.0,1786.046115054016,2471.784798310955
2023-09-19 11:00:00,23.4,0.0,0.0,2793.3006027763527,2832.177791964441
2023-09-19 12:00:00,24.2,0.0,0.0,3087.8381078861157,2981.246624019763
2023-09-19 13:00:00,19.5,0.0,0.0,2179.9944290560898,1421.0532672545278
2023-09-19 14:00:00,22.4,0.0,0.0,2434.1049867111706,1924.6707364698452
2023-09-19 15:00:00,23.2,0.0,0.0,2941.4866173909004,2642.8680385833522
2023-09-19 16:00:00,23.4,0.0,0.0,2832.6153410008205,2599.5841326096806
2023-09-19 17:00:00,22.3,0.0,0.0,1673.3442566014821,2132.1138543065654
2023-09-19 18:00:00,20.8,0.0,0.0,781.0122015828343,766.2764980014528
2023-09-19 19:00:00,19.9,0.0,0.0,620.0957031505889,560.4716220318945
2023-09-19 20:00:00,19.3,0.0,0.0,375.7366642122564,479.4609046433891
2023-09-19 21:00:00,18.9,0.0,0.0,250.18598040140662,296.3116827562115
2023-09-19 22:00:00,18.4,0.0,0.0,124.90997393506532,114.93672428782199
2023-09-19 23:00:00,17.6,0.0,0.0,73.48980167474397,60.82429378035916
2023-09-20 00:00:00,16.9,0.0,0.0,53.554209246376814,44.296326165492005
2023-09-20 01:00:00,15.5,0.0,0.0,33.026776512614376,20.95273582975505
2023-09-20 02:00:00,14.3,0.0,47.5502039456656,13.507329496302768,8.596153387369267
2023-09-20 03:00:00,15.2,0.0,0.0,9.038900399754631,8.967450946933937
2023-09-20 04:00:00,15.0,0.0,42.022410539810544,7.554299786016316,11.410408575663906
2023-09-20 05:00:00,13.2,0.0,120.99020614808879,8.217137229843642,11.43863194459853
2023-09-20 06:00:00,13.6,0.0,68.75883180689037,25.551034504764317,22.850016993470522
2023-09-20 07:00:00,16.1,0.0,0.0,212.33597047630556,219.29835551775977
2023-09-20 08:00:00,19.1,0.0,0.0,1580.3448873619132,1637.3535805630586
2023-09-20 09:00:00,21.1,0.0,0.0,2701.1545160696596,2613.196601225627
2023-09-20 10:00:00,22.6,0.0,0.0,3038.2683895567347,2746.205034711335
2023-09-20 11:00:00,23.9,0.0,0.0,3159.60186108766,2986.044885678905
2023-09-20 12:00:00,25.1,0.0,0.0,3421.2352254450498,3404.103690360798
2023-09-20 13:00:00,25.6,0.0,0.0,3767.136817219187,3599.4329541633256
2023-09-20 14:00:00,25.8,0.0,0.0,3137.335413797895,2820.528938860095
2023-09-20 15:00:00,26.2,0.0,0.0,3118.7371640550036,3333.4499125237917
2023-09-20 16:00:00,25.6,0.0,0.0,3087.0338832256957,3291.46456495882
2023-09-20 17:00:00,24.5,0.0,0.0,2042.838397313405,2449.904948249683
2023-09-20 18:00:00,22.9,0.0,0.0,1087.7083770434667,1194.552396186675
2023-09-20 19:00:00,21.9,0.0,0.0,833.2780434728328,916.8096026630006
2023-09-20 20:00:00,21.2,0.0,0.0,559.9130784962846,663.5885631571747
2023-09-20 21:00:00,20.7,0.0,0.0,433.14775871484505,578.0262418170031
2023-09-20 22:00:00,20.1,0.0,0.0,227.51754042597372,408.5543869562365
2023-09-20 23:00:00,19.5,0.0,0.0,116.99832835562015,136.64342708310974
2023-09-21 00:00:00,18.9,0.0,0.0,100.00351790420156,100.28504086781822
2023-09-21 01:00:00,18.3,0.0,0.0,69.73485000406107,53.66408661735048
2023-09-21 02:00:00,17.9,0.0,0.0,55.93455185911388,44.431064511153735
2023-09-21 03:00:00,17.6,0.0,0.0,45.23224780191086,34.36492189895442
2023-09-21 04:00:00,17.3,0.0,0.0,35.95097302415471,27.58301395335676
2023-09-21 05:00:00,17.1,0.0,0.0,33.963394506696936,32.14342037615934
2023-09-21 06:00:00,16.7,0.0,0.0,50.041453399868004,46.35913355210005
2023-09-21 07:00:00,17.6,0.0,0.0,160.57756224946672,151.4869110761853
2023-09-21 08:00:00,18.8,0.0,0.0,517.8192879954606,583.3672818205099
2023-09-21 09:00:00,20.3,0.0,0.0,1062.8672065445437,870.7509114431339
2023-09-21 10:00:00,22.4,0.0,0.0,2117.6355576525266,2363.420611254638
2023-09-21 11:00:00,24.3,0.0,0.0,2774.153946033381,2694.9622243108724
2023-09-21 12:00:00,25.8,0.0,0.0,3265.496345321394,3493.3748644010075
2023-09-21 13:00:00,26.1,0.0,0.0,3466.2910282560097,3664.981615024106
2023-09-21 14:00:00,27.0,0.0,0.0,3421.406162299054,3810.9484581362613
2023-09-21 15:00:00,27.2,0.0,0.0,3432.2319950086626,3834.7593208585886
2023-09-21 16:00:00,26.5,0.0,0.0,2639.1124992298746,3153.4056850019065
2023-09-21 17:00:00,25.6,0.0,0.0,1685.184035089932,2719.139704284181
2023-09-21 18:00:00,23.8,0.0,0.0,926.3486980669921,1245.7051900971983
2023-09-21 19:00:00,22.7,0.0,0.0,804.3564391896525,1114.2286868136775
2023-09-21 20:00:00,21.9,0.0,0.0,622.2982933201338,834.0648342212173
2023-09-21 21:00:00,21.2,0.0,0.0,488.57787851815897,627.8013144017052
2023-09-21 22:00:00,20.4,0.0,0.0,258.5899534841258,469.2428009148807
2023-09-21 23:00:00,19.6,0.0,0.0,107.06347019445957,121.96197788386867
2023-09-22 00:00:00,18.9,0.0,0.0,68.62572048920218,69.56193318838962
2023-09-22 01:00:00,18.2,0.0,0.0,51.116116554722495,50.32414069020879
2023-09-22 02:00:00,17.9,0.0,0.0,39.77147796252511,35.661714274799586
2023-09-22 03:00:00,17.4,0.0,0.0,30.180991116024018,25.444385752563385
2023-09-22 04:00:00,15.8,0.0,0.0,24.64694803169791,13.095729909542824
2023-09-22 05:00:00,15.8,0.0,0.0,37.590466266456204,32.70160586923659
2023-09-22 06:00:00,16.5,0.0,0.0,67.86026607287019,90.77117827939097
2023-09-22 07:00:00,19.1,0.0,0.0,251.03323080444588,440.76954261126366
2023-09-22 08:00:00,21.2,0.0,0.0,1354.6642518096646,1507.562871308478
2023-09-22 09:00:00,22.9,0.0,0.0,2510.725470071763,2382.4166689347885
2023-09-22 10:00:00,24.2,0.0,0.0,3103.1526581772123,2780.3225276728085
2023-09-22 11:00:00,25.4,0.0,0.0,3359.936357006911,3147.9787812528093
2023-09-22 12:00:00,26.4,0.0,0.0,3515.38542776994,3406.301761765385
2023-09-22 13:00:00,25.9,0.0,0.0,3615.3678309038255,3334.535493497497
2023-09-22 14:00:00,26.1,0.0,0.0,2790.4178506991,2586.595104772514
2023-09-22 15:00:00,26.9,0.0,0.0,2905.392709219016,3169.8177747074155
2023-09-22 16:00:00,26.4,0.0,0.0,2445.513828570503,2791.9938730575855
2023-09-22 17:00:00,24.4,0.0,0.0,1692.0972606400032,1709.6860370401077
2023-09-22 18:00:00,20.9,0.0,0.0,952.6871114318983,718.5211800579387
2023-09-22 19:00:00,18.2,0.0,0.0,641.263828287773,271.19004508613455
2023-09-22 20:00:00,17.6,0.0,0.0,394.1612455426988,194.88894267746167
2023-09-22 21:00:00,17.6,0.0,0.0,271.41057168197494,168.41161319790126
2023-09-22 22:00:00,16.8,0.0,0.0,125.10834516243904,71.56109186471141
2023-09-22 23:00:00,16.8,0.0,0.0,72.4325172637616,50.916965538632944
2023-09-23 00:00:00,16.4,1.4221886165871933e-14,0.0,49.75708653105325,19.07417986677159
2023-09-23 01:00:00,15.5,1.0532227492530358e-14,18.513572556115086,33.62761273121417,13.259155956880432
2023-09-23 02:00:00,15.8,5.293414008157023e-15,0.0,26.631105474273724,10.251441937214299
2023-09-23 03:00:00,15.4,4.424442774812503e-15,29.538734052665717,19.03288795640222,8.967450946933937
2023-09-23 04:00:00,15.3,4.424442774812503e-15,31.442751639290098,16.16459586184822,11.811738919262464
2023-09-23 05:00:00,15.4,3.4758849333780806e-15,31.222710005341277,30.328876008723704,17.291665287495448
2023-09-23 06:00:00,15.0,0.0,0.0,51.067442485597496,70.52013698701148
2023-09-23 07:00:00,15.1,0.0,0.0,71.12423464158633,81.14022708433825
2023-09-23 08:00:00,15.2,0.0,0.0,57.44249902734879,69.15598820600225
2023-09-23 09:00:00,15.3,0.0,0.0,63.58049729228814,80.0226294829829
2023-09-23 10:00:00,15.9,0.0,0.0,93.04375441172724,106.70576252840982
2023-09-23 11:00:00,16.4,0.0,0.0,135.61803921098027,129.8919177163231
2023-09-23 12:00:00,17.1,0.0,0.0,198.47875040198517,146.22852516136103
2023-09-23 13:00:00,16.5,0.0,0.0,748.994872678593,559.2900084821395
2023-09-23 14:00:00,17.6,0.0,0.0,642.8309215946081,206.74038373226352
2023-09-23 15:00:00,18.3,0.0,0.0,483.07801831270876,212.9622471683661
2023-09-23 16:00:00,18.8,2.3005992327145777e-14,0.0,490.77018558435856,500.30346385560154
2023-09-23 17:00:00,18.3,9.113773486086474e-14,0.0,638.0161289975179,288.8561916749662
2023-09-23 18:00:00,17.6,6.132336329916841e-15,0.0,241.6997782521836,226.46113202719854
2023-09-23 19:00:00,17.0,3.2789116180584195e-14,0.0,162.3505828016415,179.9793052893661
2023-09-23 20:00:00,16.9,2.8543716668968724e-14,0.0,124.07814247530172,177.42653761843195
2023-09-23 21:00:00,16.6,1.673163078337875e-15,0.0,95.09145444873178,123.67447564722487
2023-09-23 22:00:00,16.1,3.8941757029625495e-15,0.0,50.96929331064827,60.02127735715802
2023-09-23 23:00:00,15.6,7.940121012235536e-15,0.0,21.158738710362343,34.19077116433844
2023-09-24 00:00:00,15.1,0.0,43.425073332216854,8.343032876490458,14.744342936575622
2023-09-24 01:00:00,14.3,1.7777357707339916e-15,71.1194941044104,4.826688268575541,9.34492753441557
2023-09-24 02:00:00,14.1,1.7777357707339916e-15,86.54953632671406,2.8147944302583543,0.0
2023-09-24 03:00:00,13.8,2.2221697134174905e-16,95.42782774716574,1.2496564209771022,0.0
2023-09-24 04:00:00,13.1,5.757071874134156,115.13484718438895,0.24605189275876835,0.0
2023-09-24 05:00:00,13.0,11.537703361412959,131.93319470742813,7.568000051794408,12.039051325205534
2023-09-24 06:00:00,13.4,3.555471541467983e-15,112.94791471684324,18.864122554877348,25.654751811365927
2023-09-24 07:00:00,13.8,1.3983126341602223e-14,75.88136181403972,48.21453797376692,82.9330608211938
2023-09-24 08:00:00,14.1,3.5816147145670126e-15,64.39605498939784,45.74377493682145,68.37126237321642
2023-09-24 09:00:00,14.2,3.869189618656335e-15,53.169767637651354,48.799943171173936,70.19018917703438
2023-09-24 10:00:00,14.7,2.0914538479223437e-16,46.92471447268748,62.74444874042709,96.19702694832397
2023-09-24 11:00:00,15.7,6.951769866756161e-15,0.0,96.28531041115295,125.07060414803584
2023-09-24 12:00:00,16.2,4.0892763922095055e-16,0.0,118.85788409289198,148.221101125458
2023-09-24 13:00:00,15.2,8.206642175509566e-15,0.0,84.20972311677556,104.89417906335558
2023-09-24 14:00:00,16.4,8.365815391689374e-16,0.0,90.49420083263988,149.6606231515235
2023-09-24 15:00:00,17.4,2.173787079093154e-14,0.0,432.6575345547153,938.6920366408804
2023-09-24 16:00:00,16.9,5.241132982960015e-14,0.0,195.98538864847976,220.1515879614638
2023-09-24 17:00:00,15.8,4.145455174390615e-15,0.0,142.22805256311705,123.09937245665941
2023-09-24 18:00:00,15.4,3.842352192281617e-14,0.0,110.95284600142242,132.70898039836476
2023-09-24 19:00:00,15.2,8.784106161273844e-15,0.0,95.45140028492813,127.20855582451736
2023-09-24 20:00:00,15.3,1.4321830503096788e-14,0.0,75.47697884581714,122.2684753230757
2023-09-24 21:00:00,15.2,3.973762311052452e-15,0.0,61.31557354325997,103.459053508625
2023-09-24 22:00:00,15.1,7.979914316280488e-15,24.728760836746197,24.304932353887665,44.18681094888903
2023-09-24 23:00:00,15.1,4.201288558043328,31.634086022521668,8.08205509134185,17.510823723315845
2023-09-25 00:00:00,14.2,94.55374763667892,45.667958949475675,2.8130240315869175,9.292828556711294
2023-09-25 01:00:00,14.4,124.67444346308898,37.70419535621938,0.6075186936538828,9.155632277011383
2023-09-25 02:00:00,13.9,170.13830887708417,44.55720170548253,6.6246277553794e-14,7.309110382698469
2023-09-25 03:00:00,13.4,179.56977141298293,58.90431227781204,3.6803487529885555e-15,6.32340025761281
2023-09-25 04:00:00,13.2,264.1407022529002,81.08816112362668,9.679875815581083e-14,6.6210064327162845
2023-09-25 05:00:00,12.6,248.93809106483965,107.86747795986915,2.823462694695164e-15,12.060363654208295
2023-09-25 06:00:00,12.3,161.28528818307512,104.57699753019259,14.018463056289315,20.301668437524302
2023-09-25 07:00:00,13.8,3.2969084528680605e-14,0.0,85.8188022200896,108.9662069349574
2023-09-25 08:00:00,15.2,4.770822457577758e-16,0.0,176.33568853762284,156.5797456156728
2023-09-25 09:00:00,16.1,0.0,0.0,122.64526170885733,124.57681506985642
2023-09-25 10:00:00,16.7,8.365815391689375e-15,0.0,100.40869541986132,147.0700195337572
2023-09-25 11:00:00,17.9,8.178552784419014e-16,0.0,162.64160422594102,417.8184012086904
2023-09-25 12:00:00,19.1,0.00483274205957234,0.0,440.1718124340885,835.9421030979396
2023-09-25 13:00:00,20.2,3.388155233634198e-14,0.0,1013.3571045485708,1699.6040104581325
2023-09-25 14:00:00,21.1,2.1978402928561076e-13,0.0,1569.3346001496857,2069.0804255333237
2023-09-25 15:00:00,22.1,2.456309515698443e-13,0.0,2388.9674827509307,2906.0687710898374
2023-09-25 16:00:00,21.9,1.305067201103543e-13,0.0,1876.5792220619405,2473.634459764466
2023-09-25 17:00:00,20.6,9.276713238415886e-14,0.0,696.8269765567014,1144.067297800505
2023-09-25 18:00:00,17.4,1.7212413368733998e-14,0.0,194.2935710670613,307.1084437040973
2023-09-25 19:00:00,16.7,3.111595310224632e-14,0.0,146.25823799919286,165.07901599223595
2023-09-25 20:00:00,16.0,2.864366100619358e-14,0.0,105.64775971912452,115.2690404987276
2023-09-25 21:00:00,15.6,2.1014482816448287e-14,0.0,85.35334618810374,89.39658690965965
2023-09-25 22:00:00,14.7,6.951769866756161e-15,0.0,40.89283459210109,31.64719956683208
2023-09-25 23:00:00,16.6,6.202178545546496e-15,4.203434604451652,19.524447049483687,34.83557336149136
2023-09-26 00:00:00,16.7,5.333207312201975e-15,0.0,11.135084899836206,36.55315515365889
2023-09-26 01:00:00,14.6,22.11874420014093,33.68741185648816,6.13398594748052,9.99817095987281
2023-09-26 02:00:00,14.7,88.63296625910188,0.0,3.879062971071273,9.493424600784603
2023-09-26 03:00:00,14.2,121.85879180214735,47.820047771095425,1.8076088469421911,7.65817486528434
2023-09-26 04:00:00,12.6,114.17865748093774,123.47600060549902,1.061285056050543,0.0
2023-09-26 05:00:00,12.8,78.34064624883136,83.35686607214221,8.636691847381769,12.202642324362733
2023-09-26 06:00:00,13.6,0.0,67.917373098747,20.502680091321665,27.526287113423717
2023-09-26 07:00:00,14.3,2.788605130563125e-16,0.0,119.47420890819663,112.5731965589708
2023-09-26 08:00:00,16.2,4.6274365144512046e-14,0.0,321.75603559526684,229.00184547332836
2023-09-26 09:00:00,19.0,2.932416199396495e-13,0.0,1511.7441545735173,1631.7975857165798
2023-09-26 10:00:00,21.2,4.721080588488904e-13,0.0,2272.861851565257,2479.7235502543126
2023-09-26 11:00:00,23.0,2.466299692620089e-13,0.0,2401.8987203424654,2813.508722052092
2023-09-26 12:00:00,24.3,1.484873358489807e-13,0.0,2751.6810534856604,2984.4999232818886
2023-09-26 13:00:00,25.3,2.0737291589679762e-13,0.0,3109.333005366444,3392.3705019041117
2023-09-26 14:00:00,25.9,5.299702204303521e-13,0.0,3367.991039886084,3479.8481870156966
2023-09-26 15:00:00,25.6,0.0,0.0,3257.899195704917,3307.5891246735123
2023-09-26 16:00:00,24.9,0.0,0.0,2748.555228374837,3076.0262397144697
2023-09-26 17:00:00,23.6,0.0,0.0,1402.2843370662708,1337.5576117977403
2023-09-26 18:00:00,21.5,0.0,0.0,651.0045555824962,964.5075567470893
2023-09-26 19:00:00,20.1,0.0,0.0,398.5920648190438,629.6448081413297
2023-09-26 20:00:00,18.5,0.0,0.0,226.91080587520514,310.3467834786216
2023-09-26 21:00:00,17.3,0.0,0.0,166.1308871072925,142.4721171638215
2023-09-26 22:00:00,16.1,0.0,0.0,91.47958816059923,47.579765126559685
2023-09-26 23:00:00,15.4,0.0,19.7093885237466,54.294427112629464,11.917771195030658
2023-09-27 00:00:00,14.3,0.0,39.859767567531144,33.11548867017363,10.147182229720743
2023-09-27 01:00:00,14.8,0.0,0.0,20.53605330572524,9.99817095987281
2023-09-27 02:00:00,14.2,0.0,42.06955205132204,11.458138226531688,7.796532244912947
2023-09-27 03:00:00,14.2,0.0,40.70336923015937,9.135765629635042,7.65817486528434
2023-09-27 04:00:00,13.3,0.0,43.050395574440365,6.268526176177364,6.6210064327162845
2023-09-27 05:00:00,12.8,0.0,120.36905733371594,8.134217502529085,8.011995847799179
2023-09-27 06:00:00,12.6,0.0,109.84087392051018,17.883172118625435,18.470259402351978
2023-09-27 07:00:00,14.8,0.0,0.0,152.6673713036684,118.02400464827096
2023-09-27 08:00:00,16.6,0.0,0.0,901.6986060332974,785.6011738225825
2023-09-27 09:00:00,18.6,0.0,0.0,2192.7488067715194,1476.4727990350975
2023-09-27 10:00:00,20.9,0.0,0.0,2819.1221533916582,2400.5424332814887
2023-09-27 11:00:00,23.3,0.0,0.0,3010.181746114541,2935.972651920031
2023-09-27 12:00:00,25.2,0.0,0.0,3256.31419508336,3233.3290894597967
2023-09-27 13:00:00,26.4,0.0,0.0,3716.3007069904165,3678.8473871372803
2023-09-27 14:00:00,26.9,0.0,0.0,3948.0174451161843,3704.3941695162475
2023-09-27 15:00:00,26.4,1.8619578408731164e-13,0.0,3711.0496228548254,3452.8928367023627
2023-09-27 16:00:00,25.5,3.2831533992893215e-13,0.0,3165.411092462516,3118.5415388466085
2023-09-27 17:00:00,24.0,4.314278096684245e-13,0.0,1742.9346086198043,1626.0007073996971
2023-09-27 18:00:00,21.9,8.097377275929592e-14,0.0,900.6969293435266,985.1935166780765
2023-09-27 19:00:00,20.1,1.3179315758705602e-13,0.0,596.6252842086407,623.3894607646588
2023-09-27 20:00:00,18.9,1.4721395011954222e-14,0.0,296.01999479978673,337.8840085932223
2023-09-27 21:00:00,18.1,1.673163078337875e-15,0.0,209.66271488044032,173.1723124977076
2023-09-27 22:00:00,17.6,0.0,0.0,130.02515931865116,130.09793304116425
2023-09-27 23:00:00,16.6,3.152172422467244e-14,0.0,71.02771987541237,42.81618092203206
2023-09-28 00:00:00,14.8,2.1064454985060723e-14,0.0,55.14973675747303,22.77970792194297
2023-09-28 01:00:00,14.9,3.555471541467983e-15,0.0,34.353038553438864,15.199390028620446
2023-09-28 02:00:00,13.9,8.689712333445199e-16,43.650825016222406,14.496643787351665,7.793383811141753
2023-09-28 03:00:00,13.5,3.555471541467983e-15,41.750396343906594,8.107151201423717,7.644905009708982
2023-09-28 04:00:00,13.1,3.555471541467983e-15,59.02384939075032,5.187582064517916,6.6210064327162845
2023-09-28 05:00:00,12.3,1.7777357707339916e-15,146.18443425909962,4.559303411279008,0.0
2023-09-28 06:00:00,12.2,19.37787295076618,118.01177230857526,8.406763832963396,7.86971717764474
2023-09-28 07:00:00,14.5,1.0793659223520651e-14,0.0,102.21223862671474,82.65106361846503
2023-09-28 08:00:00,16.9,7.217798929007292e-14,0.0,864.8827996348346,850.2008269627727
2023-09-28 09:00:00,19.2,2.864862629704853e-13,0.0,2178.243047263893,2135.097042027458
2023-09-28 10:00:00,21.9,2.45656203704203e-13,0.0,2753.441291324136,2724.89308830128
2023-09-28 11:00:00,24.2,8.82458893885096e-13,0.0,3007.2538921703144,3047.9292233735573
2023-09-28 12:00:00,26.0,3.684712538090412e-13,0.0,3375.8389493561963,3353.341641887324
2023-09-28 13:00:00,26.6,3.894985755327108e-13,0.0,3790.26875076263,3657.665689360503
2023-09-28 14:00:00,26.6,3.655743579098143e-13,0.0,3832.4106436768625,3564.940207012153
2023-09-28 15:00:00,26.5,4.917618376658547e-13,0.0,3574.567264104081,3460.101328551386
2023-09-28 16:00:00,25.8,1.92289196057398e-13,0.0,2940.6265944652396,3135.4445086386836
2023-09-28 17:00:00,24.1,4.843075088562426e-13,0.0,1491.95216379967,1360.6727240055588
2023-09-28 18:00:00,21.6,1.8481635382710067e-13,0.0,708.5477064942708,906.2416266497876
2023-09-28 19:00:00,20.3,8.968928691125128e-14,0.0,546.6256491125905,669.4814186473012
2023-09-28 20:00:00,19.1,8.141078978960741e-14,0.0,314.0539799641206,375.17618493776973
2023-09-28 21:00:00,17.6,1.6182256188705028e-14,0.0,203.73669433554355,159.01713197031523
2023-09-28 22:00:00,16.2,2.3246383619823402e-14,0.0,118.65863027858246,89.40296976519751
2023-09-28 23:00:00,15.2,3.973762311052452e-15,0.0,56.207529662681324,19.601326319652586
2023-09-29 00:00:00,14.8,1.7379424666890403e-15,0.0,33.021861104075626,17.03545748774055
2023-09-29 01:00:00,15.1,3.4758849333780806e-15,0.0,23.129243446648864,15.089803556673674
2023-09-29 02:00:00,13.7,1.7777357707339916e-15,43.11657916507412,9.72640484203945,7.7832623893375885
2023-09-29 03:00:00,12.6,0.0,78.20900374333364,5.828338411840993,5.74580090174511
2023-09-29 04:00:00,11.7,0.0,137.30995784028187,3.7118118211559517,0.0
2023-09-29 05:00:00,11.3,22.163146946898635,223.35845826688714,7.412624325953729,5.431573851477001
2023-09-29 06:00:00,12.2,8.88867885366996e-15,96.58049877212784,15.347688435604844,18.226637345723553
2023-09-29 07:00:00,14.1,1.4290040772408757e-14,0.0,123.94289009596784,91.60574371873533
2023-09-29 08:00:00,16.8,1.0645984205446054e-13,0.0,925.7825590584364,829.8153464202571
2023-09-29 09:00:00,19.4,2.3399371506438735e-13,0.0,2201.3411878270617,1960.4854127343244
2023-09-29 10:00:00,21.9,4.3881985950230803e-13,0.0,2622.020461536051,2577.500506045977
2023-09-29 11:00:00,24.4,3.6045556285770177e-13,0.0,2856.8374002735727,2925.6697790843664
2023-09-29 12:00:00,26.1,2.72426812957609e-13,0.0,3233.3453245818155,3269.083993227174
2023-09-29 13:00:00,26.1,2.1633797163175213e-13,0.0,3773.0669289455736,3338.0917270615982
2023-09-29 14:00:00,26.6,5.783168874819753e-13,0.0,4039.6790125156786,3391.6050395534157
2023-09-29 15:00:00,26.7,6.692652313351499e-15,0.0,3909.1913073907417,3332.0597049046128
2023-09-29 16:00:00,26.2,5.692769267041128e-13,0.0,3180.6063616572856,3022.8347998631116
2023-09-29 17:00:00,23.3,3.1552927564549436e-13,0.0,1571.6971356244371,1381.2035991574214
2023-09-29 18:00:00,21.1,7.197126450288731e-14,0.0,806.4880160410515,945.625725387576
2023-09-29 19:00:00,19.6,1.4673926772773469e-13,0.0,563.3279218363307,562.0015963711336
2023-09-29 20:00:00,17.2,5.2679810513368335e-14,0.0,248.11868303704188,171.528383041274
2023-09-29 21:00:00,15.4,2.4660429144756617e-14,0.0,155.21996882280249,86.84874656989797
2023-09-29 22:00:00,14.5,1.3903539733512319e-14,0.0,83.90777761996526,32.523234172128525
2023-09-29 23:00:00,13.9,1.066641462440395e-14,0.0,48.19925375785445,15.4780615096206
2023-09-30 00:00:00,14.1,1.232477048300309e-14,0.0,28.81126894412944,9.292828556711294
2023-09-30 01:00:00,14.2,3.4758849333780806e-15,0.0,20.518327468182328,8.301278604001155
2023-09-30 02:00:00,13.6,7.545428699608227e-15,43.11657916507412,12.061971784084342,7.7832623893375885
2023-09-30 03:00:00,14.8,0.0,0.0,12.204784495063604,9.355067221155998
2023-09-30 04:00:00,17.8,0.0,0.0,24.090412709070826,42.98965466361754
2023-09-30 05:00:00,17.8,1.0427654800134241e-14,0.0,41.42872579975918,55.502252608213794
2023-09-30 06:00:00,17.4,1.829559281414924e-14,0.0,64.78352945298238,95.87231609007301
2023-09-30 07:00:00,18.2,8.98856998088432e-15,0.0,96.29682343574676,166.03581397203894
2023-09-30 08:00:00,19.4,3.0735114854115927e-14,0.0,130.5187427043668,514.8104600677805
2023-09-30 09:00:00,21.0,1.0056558283963569e-13,0.0,968.7580640565615,2092.3343388589765
2023-09-30 10:00:00,21.2,1.0299968649504614e-13,0.0,1292.1498107795242,1389.5257616243566
2023-09-30 11:00:00,21.6,0.0,0.0,1249.8924061157868,1666.1661115525333
2023-09-30 12:00:00,22.8,8.55686581911354e-14,0.0,1911.121027623295,2587.4370565841323
2023-09-30 13:00:00,22.1,1.9770846264131108e-13,0.0,2537.0340772132586,2792.8949726308388
2023-09-30 14:00:00,21.6,1.543934852117967e-13,0.0,1464.4500544926632,1035.4078367270204
2023-09-30 15:00:00,21.4,2.2104521462795385e-13,0.0,1551.3977448932535,1190.7138936914926
2023-09-30 16:00:00,20.3,1.2870899908055878e-13,0.0,1271.3045953245417,1028.9443706254988
2023-09-30 17:00:00,19.6,8.230986314454713e-14,0.0,775.5757780986843,592.6698965269483
2023-09-30 18:00:00,18.6,3.491170951637093e-14,0.0,358.10395274865226,473.14135051103733
2023-09-30 19:00:00,17.2,6.123288851232808e-14,0.0,210.70566043101297,181.67651358454214
2023-09-30 20:00:00,16.1,3.197126090214229e-14,0.0,148.7306384819022,115.50829416590881
2023-09-30 21:00:00,15.0,2.8814932699927145e-14,0.0,103.39924720924262,84.59227817781698
2023-09-30 22:00:00,14.3,2.1173656032628093e-14,0.0,55.2076288202158,31.39146266785735
2023-09-30 23:00:00,13.6,8.689712333445199e-16,0.0,21.51510669626972,15.467940087817219
2023-10-01 00:00:00,12.7,0.0,105.21218605663596,0.0,0.0
2023-10-01 01:00:00,13.7,0.0,71.55859674006496,0.0,0.0
2023-10-01 02:00:00,13.2,6.8665427859692905,79.9871956382065,0.0,0.0
2023-10-01 03:00:00,12.8,41.790716748962936,100.42662039318876,1.6561569388448498e-14,0.0
2023-10-01 04:00:00,13.1,52.47171392099029,103.17026568233122,0.0,0.0
2023-10-01 05:00:00,12.7,67.21869670958526,131.42701833614893,0.0,0.0
2023-10-01 06:00:00,11.9,81.2053370679169,224.72671582506283,4.4164185035862666e-14,0.0
2023-10-01 07:00:00,13.1,0.0,22.10532718521822,10.102456619910184,10.628222580244957
2023-10-01 08:00:00,15.2,1.2174232965886731e-14,0.0,195.53727050595012,93.36296707431765
2023-10-01 09:00:00,17.1,2.4885576987183633e-13,0.0,999.5587140324122,788.2380808915583
2023-10-01 10:00:00,19.0,1.0273751884486766e-13,0.0,1648.753199073805,1486.5756574973893
2023-10-01 11:00:00,20.2,2.7097836500799555e-13,0.0,1700.543273614555,1887.5760292752186
2023-10-01 12:00:00,21.2,3.116838663228202e-13,0.0,1733.3207837863938,2090.7911407460547
2023-10-01 13:00:00,22.2,9.81576144216098e-13,0.0,2035.9064675508812,2501.1430762895598
2023-10-01 14:00:00,22.4,5.234273782028168e-13,0.0,2372.2072818774486,2559.650409836119
2023-10-01 15:00:00,22.7,1.1122831786809858e-13,0.0,2471.837834092444,2629.4587962249743
2023-10-01 16:00:00,22.5,4.075288441798867e-13,0.0,2046.3264404957456,1980.2838934960826
2023-10-01 17:00:00,20.8,1.1258923470762452e-13,0.0,651.429619907949,450.475212200901
2023-10-01 18:00:00,17.6,1.3903539733512319e-14,0.0,114.38711054226178,65.34314257675328
2023-10-01 19:00:00,16.1,0.0,0.0,71.95543759067323,37.46000198886245
2023-10-01 20:00:00,15.9,7.110943082935968e-15,0.0,50.75214041074481,26.934472961476285
2023-10-01 21:00:00,15.2,1.0507241408224145e-14,0.0,34.000458537111896,20.74243339953904
2023-10-01 22:00:00,14.6,1.7777357707339916e-15,0.0,9.867253281743848,8.84659578702972
2023-10-01 23:00:00,14.3,8.888678853669958e-16,0.0,3.4306644445550267,7.686594577563712
2023-10-02 00:00:00,13.9,0.0,116.5363625824411,0.0,0.0
2023-10-02 01:00:00,14.9,0.0,82.04999961996343,0.0,10.027597150945555
2023-10-02 02:00:00,14.3,30.780468117957067,116.40626069770458,5.520523129482833e-15,0.0
2023-10-02 03:00:00,14.1,89.40650161891408,139.26324735448316,3.3123138776897e-14,0.0
2023-10-02 04:00:00,13.6,132.36367727976685,138.96192284707567,0.0,0.0
2023-10-02 05:00:00,13.0,151.91820219988492,122.95563717851857,6.765800890114159e-14,0.0
2023-10-02 06:00:00,13.4,131.2309643629539,99.94946397401606,2.2082092517931333e-14,0.0
2023-10-02 07:00:00,14.5,1.7379424666890403e-15,0.0,21.940498780758073,24.516701274170394
2023-10-02 08:00:00,16.6,3.8251394725338395e-14,0.0,280.1873890975565,377.61587678374997
2023-10-02 09:00:00,18.6,5.439042611316028e-14,0.0,1261.7838508056818,934.1066012613182
2023-10-02 10:00:00,20.7,4.51193520369667e-13,0.0,1878.842022170611,1733.3893517192041
2023-10-02 11:00:00,22.6,1.8974242459852111e-13,0.0,1994.0331111034106,2183.2875173636376
2023-10-02 12:00:00,23.9,5.568031086594867e-13,0.0,2357.4376428036303,2351.8846744021034
2023-10-02 13:00:00,25.1,5.430559048854224e-13,0.0,2925.3149731133417,2748.6047488966524
2023-10-02 14:00:00,25.6,2.672575136367791e-13,0.0,3207.402684451401,2879.077515919963
2023-10-02 15:00:00,25.4,2.9180537237713155e-13,0.0,3064.1239567314374,2744.512497733106
2023-10-02 16:00:00,24.8,6.285622841008291e-13,0.0,2255.120133649949,2229.7101374178837
2023-10-02 17:00:00,23.2,2.267828276442265e-14,0.0,324.32226658104133,1070.5626472008842
2023-10-02 18:00:00,20.8,1.5401853431717197e-14,0.0,165.1435313422355,173.24714736077343
2023-10-02 19:00:00,19.4,4.601198465429156e-15,0.0,115.07240857380782,103.0688430845081
2023-10-02 20:00:00,17.9,3.507719576614042e-14,0.0,70.95810902264398,60.67351750334118
2023-10-02 21:00:00,16.9,3.764616926260218e-15,0.0,54.780775836296215,43.23321163425713
2023-10-02 22:00:00,16.5,3.4758849333780806e-15,0.0,29.518312138967147,27.780020421221263
2023-10-02 23:00:00,15.9,8.888678853669958e-16,0.0,7.27826447318732,11.89698853906071
2023-10-03 00:00:00,15.3,1.333301828050494e-15,0.0,2.3843423556600287,11.553179045676522
2023-10-03 01:00:00,14.8,0.0,85.16719010064642,0.0,10.027597150945555
2023-10-03 02:00:00,14.1,0.0,133.0891106153995,0.0,0.0
2023-10-03 03:00:00,13.8,0.0,139.1108035845165,0.0,0.0
2023-10-03 04:00:00,13.7,43.98944996275633,138.96192284707567,0.0,0.0
2023-10-03 05:00:00,13.2,85.51229402492353,136.4556358466872,2.2082092517931333e-14,0.0
2023-10-03 06:00:00,12.5,114.75829911595038,98.93985342178172,0.0,0.0
2023-10-03 07:00:00,13.8,3.111037598784487e-15,0.0,14.33115786606435,16.784459375368083
2023-10-03 08:00:00,15.7,9.950572554376465e-15,0.0,136.52388452488057,300.9231438155349
2023-10-03 09:00:00,17.7,1.9916759044011233e-13,0.0,1074.6100273284296,977.5101786717325
2023-10-03 10:00:00,19.9,1.392908262716281e-13,0.0,1831.5189277928237,1755.3071665581024
2023-10-03 11:00:00,21.9,2.9752425913267714e-13,0.0,1989.6576687926752,2027.44467261206
2023-10-03 12:00:00,23.8,2.844377233174388e-14,0.0,2398.528488511818,2344.405039475633
2023-10-03 13:00:00,24.4,7.584950160022767e-13,0.0,2791.2781651062924,2592.172037144297
2023-10-03 14:00:00,25.3,2.3354428480693846e-13,0.0,2981.372202936649,2715.3100643849
2023-10-03 15:00:00,25.4,7.262554872564084e-13,0.0,2799.8562024189214,2740.2203254746555
2023-10-03 16:00:00,24.8,4.612324988396943e-13,0.0,2147.8052463413833,2223.576280149473
2023-10-03 17:00:00,23.1,1.0390191636678069e-13,0.0,401.22855581176395,992.9276878601381
2023-10-03 18:00:00,21.3,1.3903723713309377e-14,0.0,228.71942679686657,220.27293223592
2023-10-03 19:00:00,20.4,2.894328117782616e-14,0.0,145.9040519275594,165.04657928501103
2023-10-03 20:00:00,19.1,2.0855309600268488e-14,0.0,89.90420822035111,77.22929840361346
2023-10-03 21:00:00,18.1,0.0,0.0,58.69148893167202,60.6390835277127
2023-10-03 22:00:00,20.6,0.0,0.0,48.650026329118,105.72088553052677
2023-10-03 23:00:00,22.4,0.0,0.0,46.9769813199742,151.04343299815287
2023-10-04 00:00:00,20.6,0.0,0.0,30.90759907135337,71.19737857885258
2023-10-04 01:00:00,19.0,0.0,0.0,14.522809705636249,19.8844329108844
2023-10-04 02:00:00,18.1,0.0,0.0,5.299356810275498,17.61312878854891
2023-10-04 03:00:00,17.1,4.44433942683498e-16,0.0,2.0107430047955552,0.0
2023-10-04 04:00:00,16.3,0.0,0.0,0.0,0.0
2023-10-04 05:00:00,15.7,0.0,0.0,0.0,0.0
2023-10-04 06:00:00,14.6,0.0,0.0,0.0,11.050509341896575
2023-10-04 07:00:00,14.8,2.317256622252054e-15,0.0,38.261251385016806,21.371929312588122
2023-10-04 08:00:00,16.0,2.483651984760335e-14,0.0,305.3491996533474,321.34637416888893
2023-10-04 09:00:00,17.2,2.0492591489472844e-13,0.0,1201.2932785787414,820.8334705298572
2023-10-04 10:00:00,18.4,3.9257053365211274e-14,0.0,1762.4311207020996,1477.4873462872138
2023-10-04 11:00:00,19.6,3.66548974827788e-13,0.0,1926.1844299159081,1771.9239956546817
2023-10-04 12:00:00,20.5,8.418282976131794e-13,0.0,2316.651568252305,1804.5582702506829
2023-10-04 13:00:00,20.6,1.6978902560992422e-13,0.0,2768.640410629703,1967.1222396120256
2023-10-04 14:00:00,20.8,6.692652313351499e-15,0.0,2955.7948229168624,1998.2431023455456
2023-10-04 15:00:00,20.9,3.635771738856531e-13,0.0,2668.7177874726995,1346.1940743533492
2023-10-04 16:00:00,20.4,8.520675904377404e-14,0.0,1857.8084314538576,908.7053408279394
2023-10-04 17:00:00,18.9,7.110943082935968e-15,0.0,159.32746921321646,144.43399615391274
2023-10-04 18:00:00,16.8,4.284682091133848e-14,0.0,99.50233510138811,71.25994724454297
2023-10-04 19:00:00,14.7,0.0,0.0,66.90641310682597,30.728424056961238
2023-10-04 20:00:00,13.3,6.951769866756161e-15,62.027947114631466,37.23963289031248,10.47957521494241
2023-10-04 21:00:00,12.4,3.555471541467983e-15,35.42129150683012,24.79694182901801,8.036311515282163
2023-10-04 22:00:00,12.3,0.0,41.51412283381682,9.048691299537612,7.44000798988406
2023-10-04 23:00:00,12.2,8.888678853669958e-16,244.31031292194905,2.2218759537715167,0.0
2023-10-05 00:00:00,11.9,5.555424283543724e-17,265.478366797104,0.35165969093983385,0.0
2023-10-05 01:00:00,11.5,0.0,289.1794529873573,0.0,0.0
2023-10-05 02:00:00,9.8,108.53276747406954,645.771182410416,0.0,0.0
2023-10-05 03:00:00,9.0,324.6421184890886,746.944198662713,1.456527189254826e-14,0.0
2023-10-05 04:00:00,8.2,513.21606687965,804.5115442898428,6.379271171846831e-14,0.0
2023-10-05 05:00:00,8.0,580.8220443599573,814.12718779364,4.4164185035862666e-14,0.0
2023-10-05 06:00:00,8.0,525.9544732450889,810.4287765428489,7.360697505977112e-14,0.0
2023-10-05 07:00:00,10.2,0.0,136.8975919125703,0.0,0.0
2023-10-05 08:00:00,13.2,0.0002351714242559192,0.0,154.97039946023216,85.43085050806192
2023-10-05 09:00:00,15.5,2.0318453750657245e-13,0.0,887.9479203374381,434.40956601337325
2023-10-05 10:00:00,17.6,7.554230578828749e-14,0.0,1546.8601508446266,775.2584666984877
2023-10-05 11:00:00,19.2,1.4221886165871933e-14,0.0,1743.2243695513334,1503.3415941000198
2023-10-05 12:00:00,20.9,4.157945023943093e-13,0.0,1766.1094125786105,1461.8308229075105
2023-10-05 13:00:00,20.9,3.9681572032368605e-13,0.0,2364.813808013522,1822.9021164661688
2023-10-05 14:00:00,21.7,5.0194892350136255e-14,0.0,2745.743055883483,2236.3485525812175
2023-10-05 15:00:00,21.1,2.6868070945203385e-13,0.0,2459.1954735026097,1356.4609340746993
2023-10-05 16:00:00,20.2,3.233960078711854e-13,0.0,1584.5401186427175,821.2168463904848
2023-10-05 17:00:00,18.8,3.491802254996061e-14,0.0,109.32572903890005,92.09848794349443
2023-10-05 18:00:00,17.6,0.0,0.0,75.77049950806844,59.23093001061102
2023-10-05 19:00:00,17.8,4.1829076958446875e-16,0.0,72.34354463380316,59.49711319236482
2023-10-05 20:00:00,17.5,1.084594556971871e-14,0.0,56.951692763633176,47.52300228427663
2023-10-05 21:00:00,16.4,1.0665257535611137e-14,0.0,41.40702374097742,31.612864120332326
2023-10-05 22:00:00,15.1,8.689712333445199e-16,0.0,17.45987801233569,12.019560278743157
2023-10-05 23:00:00,14.3,0.0,122.31127564604112,3.3796569103852048,8.503059420765345
2023-10-06 00:00:00,14.1,0.0,142.50178597298938,0.0,0.0
2023-10-06 01:00:00,13.0,0.0,219.7544460133839,0.0,0.0
2023-10-06 02:00:00,12.3,19.267049869961827,312.28264213780756,0.0,0.0
2023-10-06 03:00:00,11.7,99.1934425399612,388.99518807851695,0.0,0.0
2023-10-06 04:00:00,11.4,146.10099511883973,428.19332791559185,2.2082092517931333e-14,0.0
2023-10-06 05:00:00,11.1,202.0101821709988,516.1519797848978,2.4535658353257042e-15,0.0
2023-10-06 06:00:00,11.1,275.791007318182,317.8105283395633,4.907131670651407e-14,0.0
2023-10-06 07:00:00,11.5,0.0,9.364002052771886,0.23190875492304389,0.0
2023-10-06 08:00:00,13.6,0.0,0.0,80.19201661548635,86.38591544198525
2023-10-06 09:00:00,15.3,1.673810594592453e-13,0.0,624.8780853588487,459.6324906318498
2023-10-06 10:00:00,16.8,1.8718511938904974e-14,0.0,1357.751194377108,771.1360603356022
2023-10-06 11:00:00,17.9,4.3459949928500914e-13,0.0,1624.7160416603492,1485.0233456668793
2023-10-06 12:00:00,18.9,0.0,0.0,1986.4060633014087,1594.7792662431289
2023-10-06 13:00:00,19.9,0.0,0.0,2730.6396451018704,1896.5430307501267
2023-10-06 14:00:00,20.9,1.0468547564056338e-13,0.0,2997.6787917386837,2011.0180043476284
2023-10-06 15:00:00,21.0,1.2046774164032702e-13,0.0,2748.0674490487504,1377.0944527420536
2023-10-06 16:00:00,20.8,3.573714043512045e-13,0.0,2071.9073574432605,1070.0914907492952
2023-10-06 17:00:00,18.3,1.589504924420981e-14,0.0,120.82458091968905,141.11371272148367
2023-10-06 18:00:00,16.6,7.110943082935968e-15,0.0,79.0347448926147,43.467470290658895
2023-10-06 19:00:00,15.5,7.320088467728203e-15,0.0,61.46844973912988,33.244995398219665
2023-10-06 20:00:00,14.8,0.0,0.0,40.69825214865266,13.51340959592006
2023-10-06 21:00:00,13.3,7.110943082935968e-15,62.027947114631466,21.071180967374175,8.72658218456745
2023-10-06 22:00:00,12.0,1.7777357707339916e-15,154.2850448134451,4.090503152556634,0.0
2023-10-06 23:00:00,11.8,0.7484527083754093,261.4577133551047,0.0,0.0
2023-10-07 00:00:00,12.3,42.985099559968916,307.7644875159546,0.0,0.0
2023-10-07 01:00:00,13.4,8.5844015858674,267.9459234134975,0.0,0.0
2023-10-07 02:00:00,13.4,50.22523898543374,279.9791721821058,1.104104625896567e-14,0.0
2023-10-07 03:00:00,13.9,51.91675071470571,267.6559874603714,0.0,0.0
2023-10-07 04:00:00,14.2,63.862296526570454,248.98714609033374,1.104104625896567e-14,0.0
2023-10-07 05:00:00,14.4,54.148496392420384,229.91219243089287,0.0,0.0
2023-10-07 06:00:00,14.5,42.726411386110684,83.22668118683112,2.2082092517931333e-14,10.78919008278015
2023-10-07 07:00:00,15.4,0.0,0.0,8.604137437384232,16.06280539483612
2023-10-07 08:00:00,16.4,0.0001501968715822965,0.0,87.45706938426531,171.64580864833152
2023-10-07 09:00:00,17.9,5.0320387724089064e-14,0.0,499.521594761184,575.601567545883
2023-10-07 10:00:00,19.8,4.5799895592746485e-14,0.0,810.7720287297759,829.2758395228648
2023-10-07 11:00:00,21.4,1.1308537419687002e-13,0.0,1215.2751648860649,1757.4597013277294
2023-10-07 12:00:00,22.1,7.219597963161175e-14,0.0,1580.0430483208338,2033.0997179053875
2023-10-07 13:00:00,23.0,1.5882593449064054e-13,0.0,1984.1009733213555,2420.0212176933255
2023-10-07 14:00:00,23.1,4.588725643080039e-13,0.0,2243.1659032672305,2486.5355598667984
2023-10-07 15:00:00,22.6,4.015591388010901e-14,0.0,2016.218712263917,2151.3986861841213
2023-10-07 16:00:00,21.5,0.0,0.0,1318.863280256119,883.5933007020025
2023-10-07 17:00:00,20.9,0.0,0.0,124.21328415052467,113.26367318628941
2023-10-07 18:00:00,20.2,1.4452914328186044e-15,0.0,105.84622268791186,109.85289838866485
2023-10-07 19:00:00,20.4,4.327447481128647e-14,0.0,95.00037406444142,111.89086607702345
2023-10-07 20:00:00,20.2,1.4593361283638813e-15,0.0,75.88011351087872,96.61590014060891
2023-10-07 21:00:00,19.9,7.579206021132864e-15,0.0,60.19328478581787,78.18993430014542
2023-10-07 22:00:00,19.0,7.031356474846064e-15,0.0,33.36162191981165,48.58429703778167
2023-10-07 23:00:00,18.9,0.0,0.0,16.18471566574676,19.572337862620792
2023-10-08 00:00:00,18.4,2.6666036561009876e-15,15.447749096578292,6.9536219362983,19.338293493760965
2023-10-08 01:00:00,19.2,8.888678853669958e-16,0.0,6.0072658760778905,0.0
2023-10-08 02:00:00,19.2,0.0,0.0,4.3501186777550345,0.0
2023-10-08 03:00:00,18.6,0.0,31.245362692140606,2.3929210385348587,0.0
2023-10-08 04:00:00,18.1,4.44433942683498e-16,46.133300126307816,1.169232441071801,0.0
2023-10-08 05:00:00,17.7,1.333301828050494e-15,19.401692208177362,3.6627465621007054,0.0
2023-10-08 06:00:00,18.1,0.0,0.0,8.869080198889652,49.34235460811625
2023-10-08 07:00:00,18.8,1.406271294969213e-14,0.0,43.859503427562615,69.14074852672093
2023-10-08 08:00:00,20.1,1.431246737273327e-14,0.0,122.26097971474721,105.43192976683788
2023-10-08 09:00:00,21.1,3.7393134227124505e-14,0.0,330.9290181148249,139.39554912820947
2023-10-08 10:00:00,18.6,0.0,0.0,57.547346678559194,51.362534040360174
2023-10-08 11:00:00,16.8,0.0,0.0,38.62858577830493,17.717635460733003
2023-10-08 12:00:00,15.4,1.7777357707339916e-15,0.0,26.77831278921988,13.99077692807001
2023-10-08 13:00:00,14.2,6.517284250083901e-16,59.86647588836735,12.409466746394259,8.775879821818496
2023-10-08 14:00:00,13.9,0.0,70.76428905255035,7.727925130856683,8.45463096210919
2023-10-08 15:00:00,13.4,0.0,113.31258918398322,5.742753252815037,8.288020945586734
2023-10-08 16:00:00,13.4,8.888678853669958e-16,122.65582529385172,5.021843716897784,0.0
2023-10-08 17:00:00,13.5,8.888678853669958e-16,90.95231091377806,2.7333807478099676,8.500317465358744
2023-10-08 18:00:00,13.3,21.162284385680966,77.74734537721791,4.839694286965892,10.387297245974061
2023-10-08 19:00:00,13.2,56.41028147376518,109.28627055662403,3.9036255878305033,10.150139016690924
2023-10-08 20:00:00,12.9,94.84077424606798,92.42008362801339,0.1492661904761622,7.417522501279557
2023-10-08 21:00:00,12.8,147.19672947786427,109.63908084144576,2.2082092517931333e-14,0.0
2023-10-08 22:00:00,11.9,351.32255696386517,213.24430912164678,4.907131670651407e-15,0.0
2023-10-08 23:00:00,10.3,544.6830637926043,565.3427768753008,2.2587701557561317e-14,0.0
2023-10-09 00:00:00,11.1,563.1972708446957,381.8397075077171,2.4470010020691427e-14,0.0
2023-10-09 01:00:00,9.3,663.6325925305598,592.1843419738141,1.7482114091211716e-13,0.0
2023-10-09 02:00:00,9.2,721.2903621551695,616.4962928856576,2.509744617506812e-15,0.0
2023-10-09 03:00:00,9.3,762.6806417757183,603.4772049242929,3.9257053365211274e-14,0.0
2023-10-09 04:00:00,9.6,775.927002305139,594.9772035998856,4.929603183523852e-14,0.0
2023-10-09 05:00:00,9.3,797.322733208626,546.9615175476947,0.0,0.0
2023-10-09 06:00:00,8.8,763.2261152753847,498.9142684171203,1.5519261422951153e-13,0.0
2023-10-09 07:00:00,9.6,318.73973468071114,224.20107692144364,6.675188659342398e-14,0.0
2023-10-09 08:00:00,11.2,1.1110848567087453e-16,0.0,5.319476942498286,14.04889736886791
2023-10-09 09:00:00,13.2,2.7807079467024645e-15,0.0,89.66693599557911,325.72766891793685
2023-10-09 10:00:00,15.7,8.181108582164144e-14,0.0,640.076545815814,841.4533426736587
2023-10-09 11:00:00,17.0,1.5317585258445534e-14,0.0,238.53873778902295,117.35942077110839
2023-10-09 12:00:00,17.8,7.110943082935968e-15,0.0,58.894241856153315,79.57510459829021
2023-10-09 13:00:00,16.2,7.110943082935968e-15,0.0,58.51037177531482,69.1673310848306
2023-10-09 14:00:00,16.1,0.0,0.0,9.444801549969378,27.6910427193417
2023-10-09 15:00:00,15.9,1.7777357707339916e-15,0.0,4.931899392493802,25.69865645037808
2023-10-09 16:00:00,16.2,0.0,0.0,4.763233064037306,28.502287132982424
2023-10-09 17:00:00,16.1,0.0,0.0,3.957915711686538,28.261551855853067
2023-10-09 18:00:00,15.8,0.0,0.0,6.480619336038668,33.96250926468252
2023-10-09 19:00:00,15.9,0.0,0.0,6.169326100651731,35.86222965754523
2023-10-09 20:00:00,16.1,2.1645372582363818,0.0,3.507636723003556,30.87042430828211
2023-10-09 21:00:00,15.7,51.567387791380426,0.0,0.8797426140971306,24.980585067231154
2023-10-09 22:00:00,15.7,107.2814444700565,0.0,3.3123138776897e-14,8.55269519018427
2023-10-09 23:00:00,15.5,190.90041138548463,0.0,2.4535658353257042e-15,8.6366658206343
2023-10-10 00:00:00,15.2,240.8235838619196,79.1962217947355,7.680033461383573e-14,0.0
2023-10-10 01:00:00,14.1,358.4435394522156,110.20835492725698,5.545803581464332e-14,0.0
2023-10-10 02:00:00,13.6,475.9056258866534,186.1080125291085,1.113249992685076e-13,0.0
2023-10-10 03:00:00,13.9,458.5790893730484,129.45363971971844,1.2111706057222557e-14,0.0
2023-10-10 04:00:00,13.8,446.2187928053683,197.78587467942364,5.545803581464332e-14,0.0
2023-10-10 05:00:00,13.5,476.7083050259083,181.71138023918357,3.388155233634198e-14,0.0
2023-10-10 06:00:00,13.2,493.196557187221,91.33227473003156,5.325727449913262e-14,0.0
2023-10-10 07:00:00,13.8,59.03611564193972,15.839553471594245,0.0,12.784724137040797
2023-10-10 08:00:00,15.6,8.888678853669958e-16,0.0,6.414570075454358,23.711534038997318
2023-10-10 09:00:00,16.3,0.0,0.0,11.421271231962328,46.06846536692666
2023-10-10 10:00:00,16.3,0.0,0.0,7.519498547222682,45.282897085596915
2023-10-10 11:00:00,17.4,0.0,0.0,31.23663791750676,105.04096114137337
2023-10-10 12:00:00,18.6,2.291012157151728e-14,0.0,130.7052782566398,555.8914455191333
2023-10-10 13:00:00,19.2,5.275166545950265e-14,0.0,454.56863588986977,831.8770118108566
2023-10-10 14:00:00,19.4,4.3383782278874846e-14,0.0,287.40648323376126,384.40798020160435
2023-10-10 15:00:00,19.5,1.5948177929617077e-14,0.0,199.18373040109321,393.9885947769122
2023-10-10 16:00:00,19.3,1.3672511571198214e-14,0.0,220.95999686227282,198.77706554366563
2023-10-10 17:00:00,17.9,1.3034568500167805e-15,0.0,20.556359079397065,50.46390340444892
2023-10-10 18:00:00,16.4,0.0,0.0,13.84501770669661,40.74065107821123
2023-10-10 19:00:00,15.3,0.0,0.0,9.994524243230403,28.08067751760634
2023-10-10 20:00:00,14.3,32.86945691562256,23.892716932210057,4.491756114313105,8.954442289050906
2023-10-10 21:00:00,13.5,145.92819145331939,40.579701630105184,0.6057648495612595,8.130425225181575
2023-10-10 22:00:00,12.6,282.8050012754426,202.03174688948263,0.0,0.0
2023-10-10 23:00:00,12.2,393.2459573444064,230.86171904014947,5.545803581464332e-14,0.0
2023-10-11 00:00:00,11.9,460.28253700433,240.7314590890909,6.527229915594614e-14,0.0
2023-10-11 01:00:00,12.3,506.0624622159077,232.46689736635219,1.6489452000645214e-13,0.0
2023-10-11 02:00:00,11.9,592.5372643225494,248.95653610294565,4.5175403115122635e-14,0.0
2023-10-11 03:00:00,11.3,657.2037125162099,318.96841616924326,3.9257053365211274e-14,0.0
2023-10-11 04:00:00,11.4,672.8227266763873,324.2605382184182,2.126423723948944e-14,0.0
2023-10-11 05:00:00,11.5,621.6426861141515,304.63105006546294,3.262668002758856e-14,0.0
2023-10-11 06:00:00,11.1,670.5411914841643,239.20312786691375,1.7829245070033452e-13,0.0
2023-10-11 07:00:00,12.2,67.8512559116484,31.10330583559792,5.520523129482833e-15,0.0
2023-10-11 08:00:00,13.9,3.8836682308560995e-06,0.0,18.274926415335198,70.38601197870871
2023-10-11 09:00:00,16.1,2.9646513917256274e-14,0.0,329.7346817295637,414.10589419439805
2023-10-11 10:00:00,18.4,1.30252635823684e-13,0.0,1198.0343786114734,1090.0471865821473
2023-10-11 11:00:00,20.4,3.7357869983422624e-13,0.0,1547.3667066878406,1811.767291274888
2023-10-11 12:00:00,22.2,3.112466364524668e-13,0.0,1867.580243668528,2170.3156985530977
2023-10-11 13:00:00,21.9,1.109660650819033e-12,0.0,2295.059170379111,2402.7904485084705
2023-10-11 14:00:00,22.6,3.958411034057123e-13,0.0,2297.0636420383667,2205.406975613052
2023-10-11 15:00:00,22.8,7.569211587410378e-14,0.0,2132.94796141701,2202.076405264105
2023-10-11 16:00:00,22.3,2.29142975015959e-13,0.0,1231.0481620165124,1626.4173638820657
2023-10-11 17:00:00,18.9,2.7966252683204456e-14,0.0,89.43415021048835,160.68309158049442
2023-10-11 18:00:00,16.6,1.767047083735817e-14,0.0,58.300964569776355,55.28747209000711
2023-10-11 19:00:00,15.9,7.110943082935968e-15,0.0,40.21126373846924,35.86222965754523
2023-10-11 20:00:00,15.2,8.88867885366996e-15,0.0,15.810167712499702,24.018376094311098
2023-10-11 21:00:00,13.6,0.0,35.627899936365154,10.389159380856174,8.15085731254023
2023-10-11 22:00:00,13.3,1.7777357707339916e-15,70.50554394600184,3.6360368091760376,7.033698009761172
2023-10-11 23:00:00,14.2,74.91322700499667,100.52904763950522,2.2082092517931333e-14,0.0
2023-10-12 00:00:00,14.2,98.02261717519178,100.52904763950522,0.0,0.0
2023-10-12 01:00:00,12.3,220.6520380806038,223.26306202009766,2.2082092517931333e-14,0.0
2023-10-12 02:00:00,12.7,287.9433596829721,260.2787931150658,1.0554057060041735e-14,0.0
2023-10-12 03:00:00,13.2,288.1240946821667,235.75782241438682,0.0,0.0
2023-10-12 04:00:00,13.1,311.3487474542492,247.602081042448,2.2587701557561317e-14,0.0
2023-10-12 05:00:00,11.1,431.84723685168035,410.3755825841468,3.0922377461386294e-14,0.0
2023-10-12 06:00:00,10.2,449.6921919788632,494.671000324323,0.0,0.0
2023-10-12 07:00:00,11.3,105.03836773216895,72.57232409136962,0.0,0.0
2023-10-12 08:00:00,14.6,0.0,0.0,9.527117052641856,16.940009717805474
2023-10-12 09:00:00,17.9,9.303884053140257e-15,0.0,86.01731119832422,123.22898893431217
2023-10-12 10:00:00,21.6,1.146128324654166e-13,0.0,1186.2968496359867,2048.4708044504678
2023-10-12 11:00:00,24.4,1.4313077392088042e-13,0.0,1949.3556051662392,2615.322053926405
2023-10-12 12:00:00,26.1,2.5847929482901094e-13,0.0,2064.1813666277512,3064.8227053206638
2023-10-12 13:00:00,25.2,2.9422758588455087e-13,0.0,2581.3820726319063,3038.021478811979
2023-10-12 14:00:00,25.5,1.8739426477384204e-13,0.0,2581.342736288223,3086.389619468958
2023-10-12 15:00:00,24.4,4.420912806160755e-13,0.0,2346.2511224601185,2489.5154304808725
2023-10-12 16:00:00,23.1,1.156481410797631e-13,0.0,1240.3358490741064,1000.2869275555397
2023-10-12 17:00:00,21.1,1.6313340013794278e-14,0.0,105.5255320335057,80.0618919845816
2023-10-12 18:00:00,19.2,0.0,0.0,75.33206972342361,88.18744845547153
2023-10-12 19:00:00,17.4,6.951769866756161e-15,0.0,62.18166618685426,50.33393960778136
2023-10-12 20:00:00,17.1,2.8045839291294354e-14,0.0,46.35438491338036,40.41949774661437
2023-10-12 21:00:00,17.7,0.0,0.0,40.648549003137774,48.97203630077232
2023-10-12 22:00:00,16.9,1.7379424666890403e-15,0.0,21.831427725139832,33.38005498616636
2023-10-12 23:00:00,17.4,3.555471541467983e-15,0.0,7.711454545678781,12.394355877529158
2023-10-13 00:00:00,17.8,8.888678853669958e-16,0.0,4.828575741882151,12.508857056986475
2023-10-13 01:00:00,17.4,0.0,0.0,2.351489631318276,11.157743661130931
2023-10-13 02:00:00,17.8,0.0,0.0,1.3461991112350422,11.390385387912767
2023-10-13 03:00:00,17.1,0.0,0.0,0.0,9.353861432069635
2023-10-13 04:00:00,17.2,0.0,0.0,0.0,0.0
2023-10-13 05:00:00,14.9,0.0,105.7424718761043,0.0,0.0
2023-10-13 06:00:00,14.2,0.0,46.90458019924421,0.0,0.0
2023-10-13 07:00:00,16.1,0.0,0.0,9.219019663917582,16.316445767313894
2023-10-13 08:00:00,19.0,1.0636800184926475e-14,0.0,79.64774614883805,129.02060263361534
2023-10-13 09:00:00,21.4,1.227749028214108e-13,0.0,1051.5526000283367,1202.8043013125475
2023-10-13 10:00:00,23.2,4.2800026543525095e-13,0.0,2187.0243780061055,2242.6028789850297
2023-10-13 11:00:00,24.9,1.9308875075519686e-13,0.0,2239.884354503055,2836.6460200299325
2023-10-13 12:00:00,26.2,3.305507165091651e-13,0.0,2674.8504996932884,3264.3061051884306
2023-10-13 13:00:00,26.2,4.062049541817308e-13,0.0,3036.4045356459583,3429.0728861339826
2023-10-13 14:00:00,26.1,2.1466480855341428e-13,0.0,2975.771791305193,3210.9376444410855
2023-10-13 15:00:00,25.2,7.027284929019075e-14,0.0,2586.4630357779697,2782.3840053062677
2023-10-13 16:00:00,24.1,9.829244349884446e-14,0.0,1702.0498387136768,1442.0085972020006
2023-10-13 17:00:00,21.9,2.3773981856996253e-14,0.0,187.71915224459997,153.9058620511667
2023-10-13 18:00:00,20.2,1.432335555148371e-14,0.0,127.24093956546793,96.43611432722385
2023-10-13 19:00:00,18.9,1.4526294322707264e-14,0.0,88.07705178996548,66.96370797217855
2023-10-13 20:00:00,18.1,2.0855309600268488e-14,0.0,63.456736562509185,52.728802335297644
2023-10-13 21:00:00,17.8,2.1248614285546738e-14,0.0,49.08814916415072,48.24102083275942
2023-10-13 22:00:00,16.9,1.7379424666890403e-15,0.0,21.681230878283813,11.08623839111936
2023-10-13 23:00:00,15.7,0.0,0.0,5.558967986194055,8.483107073744286
2023-10-14 00:00:00,14.8,2.2221697134174905e-16,96.80111344819787,0.6400986430266071,0.0
2023-10-14 01:00:00,14.3,0.0,110.20835492725698,0.0,0.0
2023-10-14 02:00:00,13.3,14.487668109855063,213.04288956262258,0.0,0.0
2023-10-14 03:00:00,12.6,108.33663318891537,283.43370381211287,0.0,0.0
2023-10-14 04:00:00,13.8,24.864742384946737,192.96821216821576,0.0,0.0
2023-10-14 05:00:00,13.4,28.197119284229167,217.9310863680547,5.520523129482833e-15,0.0
2023-10-14 06:00:00,13.2,37.966094113591204,99.29950943295357,0.0,0.0
2023-10-14 07:00:00,12.3,0.0,33.94156522472326,4.9607889434178505,0.0
2023-10-14 08:00:00,14.7,9.398617346101925e-15,0.0,91.83488349660227,87.15409219932224
2023-10-14 09:00:00,17.8,6.525858075408246e-14,0.0,1059.2677733459443,687.8864688005671
2023-10-14 10:00:00,20.9,5.046337303390444e-14,0.0,1855.4767741155354,1839.6803326421068
2023-10-14 11:00:00,23.6,5.617603189187716e-13,0.0,2009.2517551060414,2260.861859431494
2023-10-14 12:00:00,23.3,1.6583083304280395e-13,0.0,986.3830901919308,721.3874701846166
2023-10-14 13:00:00,24.9,9.836734854175257e-14,0.0,1655.5784329902876,2830.3431296731333
2023-10-14 14:00:00,24.6,3.728788766336103e-13,0.0,2587.7417644366847,2802.7442876497576
2023-10-14 15:00:00,23.6,1.7670639305200014e-13,0.0,1634.7307367275384,1149.0629901722914
2023-10-14 16:00:00,22.4,3.1534611831424895e-14,0.0,344.02794583062445,43.67643674487017
2023-10-14 17:00:00,20.8,1.0469788886770072e-14,0.0,106.65610146360757,65.92064897184373
2023-10-14 18:00:00,20.2,9.706534132111862e-15,0.0,94.49903795497559,96.43611432722385
2023-10-14 19:00:00,18.9,1.673163078337875e-15,0.0,73.47902967506548,70.23605871223884
2023-10-14 20:00:00,18.4,1.4142299557782032e-14,0.0,56.71567871928494,57.46020922470848
2023-10-14 21:00:00,17.8,3.555471541467983e-15,0.0,42.74615825385531,48.24102083275942
2023-10-14 22:00:00,16.8,8.689712333445199e-16,0.0,16.669110047348607,11.08623839111936
2023-10-14 23:00:00,15.8,0.0,0.0,4.385300582087973,8.483107073744286
2023-10-15 00:00:00,15.2,5.555424283543724e-17,79.1962217947355,0.24891712025086227,0.0
2023-10-15 01:00:00,13.7,0.0,157.24812636091735,0.0,0.0
2023-10-15 02:00:00,13.2,0.0,224.77544746711402,0.0,0.0
2023-10-15 03:00:00,12.7,29.85951451405207,276.2957582416276,0.0,0.0
2023-10-15 04:00:00,12.0,131.01977989966178,269.4570782353196,0.0,0.0
2023-10-15 05:00:00,11.0,196.46263839781767,358.46203318329657,0.0,0.0
2023-10-15 06:00:00,9.8,297.031382170823,468.6043376722025,5.47182420959044e-14,0.0
2023-10-15 07:00:00,9.8,85.67263895908336,205.93387123425742,0.0,0.0
2023-10-15 08:00:00,10.9,4.171061920053698e-15,0.0,53.092304759737075,15.764377934215746
2023-10-15 09:00:00,12.2,3.966202056770529e-14,0.0,281.86021744605813,79.17813365172958
2023-10-15 10:00:00,13.3,5.1020745340586226e-14,0.0,439.7879850331215,465.4393936971398
2023-10-15 11:00:00,13.2,1.469129289035902e-14,0.0,103.35537194327217,51.251865291987116
2023-10-15 12:00:00,13.1,0.0,0.0,44.231548137175125,22.747555535423388
2023-10-15 13:00:00,13.7,0.0,0.0,52.765326528748176,45.50244046825327
2023-10-15 14:00:00,14.2,1.4221886165871933e-14,0.0,94.66798174023623,108.36875923722417
2023-10-15 15:00:00,14.1,3.8439198086769355e-15,0.0,261.91727800045544,532.5106413181898
2023-10-15 16:00:00,13.1,2.4910183567797762e-15,0.0,162.42999115467904,134.01407454809956
2023-10-15 17:00:00,12.2,0.0,0.0,14.02363506772787,6.560025257738358
2023-10-15 18:00:00,9.8,1.7777357707339916e-15,240.06737176871349,8.385744605794489,3.5563470862488553
2023-10-15 19:00:00,9.3,78.11268432040214,249.42447223617037,4.907761365630508,3.5563470862488553
2023-10-15 20:00:00,8.6,284.36223947414135,370.0020056072351,1.456527189254826e-14,0.0
2023-10-15 21:00:00,8.1,421.42987588687447,445.3355874858589,9.814263341302817e-15,0.0
2023-10-15 22:00:00,7.8,570.7224875502404,543.4715223159533,1.403588616531951e-13,0.0
2023-10-15 23:00:00,7.5,696.2954352549666,700.8195803870494,0.0,0.0
2023-10-16 00:00:00,7.2,814.6029118135634,753.0976957161823,9.066305246905721e-14,0.0
2023-10-16 01:00:00,6.7,917.8976319099568,861.0235806829064,3.262668002758856e-14,0.0
2023-10-16 02:00:00,6.0,1038.9992381941559,1121.206262593665,2.2587701557561317e-14,0.0
2023-10-16 03:00:00,5.5,1145.0139221054762,1152.2932160911946,1.4968581653551103e-13,0.0
2023-10-16 04:00:00,5.2,1223.289300095907,1332.7543235756773,2.903569244275181e-13,0.0
2023-10-16 05:00:00,4.8,1252.4804563399266,1371.1330690906343,6.873392655373696e-14,0.0
2023-10-16 06:00:00,4.5,1245.3178399407716,1362.2663780132393,0.0,0.0
2023-10-16 07:00:00,5.1,809.5945083215928,972.7663737003525,2.464801591761926e-14,0.0
2023-10-16 08:00:00,7.0,0.0,140.96137406141852,0.0436653258524164,9.764570414883545
2023-10-16 09:00:00,8.7,7.944879847721325e-15,0.0,58.85942752447711,63.50805454723031
2023-10-16 10:00:00,9.9,3.833202772269204e-14,0.0,284.7817567541921,86.22007522114157
2023-10-16 11:00:00,11.1,0.0,0.0,614.38269270716,468.563494235094
2023-10-16 12:00:00,11.9,1.2678629441922174e-13,0.0,857.7193742225596,556.4931512526216
2023-10-16 13:00:00,12.6,3.811453862082007e-14,0.0,1250.9210094548175,733.686859435453
2023-10-16 14:00:00,13.2,2.2203203193302306e-13,0.0,1469.4839769201112,719.0497899482663
2023-10-16 15:00:00,13.1,1.6067415978915338e-13,0.0,1046.7615241374324,591.9691460998677
2023-10-16 16:00:00,12.4,0.0,0.0,200.0547631506321,117.7554227977106
2023-10-16 17:00:00,10.3,0.0,116.17504474604866,11.338107267825494,4.725555374532224
2023-10-16 18:00:00,8.7,22.005575156391025,458.02570996197153,6.484294750165773,2.11665137242649
2023-10-16 19:00:00,7.5,246.27650844297816,568.0318092973886,2.3303426606442232,0.0
2023-10-16 20:00:00,7.8,375.1193016938688,594.8096630185648,4.4164185035862666e-14,0.0
2023-10-16 21:00:00,7.8,411.01956111474476,610.5030655870975,0.0,0.0
2023-10-16 22:00:00,6.8,571.0857980788982,799.6629989016687,1.5508025666514933e-13,0.0
2023-10-16 23:00:00,6.5,695.8596399320729,805.1549662895789,2.2587701557561317e-14,0.0
2023-10-17 00:00:00,6.1,856.933283456579,962.1183950376045,5.685009214203369e-14,0.0
2023-10-17 01:00:00,5.3,944.9914659359156,1292.084873371907,1.2465107501625565e-13,0.0
2023-10-17 02:00:00,3.7,1112.8389631852322,1617.5695418284267,0.0,0.0
2023-10-17 03:00:00,3.0,1273.3650996649772,1647.4419688835114,1.0840632701177983e-13,0.0
2023-10-17 04:00:00,2.4,1357.735486653789,1719.436783915372,8.832837007172533e-14,0.0
2023-10-17 05:00:00,2.3,1478.747991971481,1714.197147433763,1.7992816125721833e-13,0.0
2023-10-17 06:00:00,1.9,1500.149861351377,1746.1755782129067,4.928340576805918e-14,0.0
2023-10-17 07:00:00,3.5,929.942544061603,1188.8680641953147,6.350660865275542e-14,0.0
2023-10-17 08:00:00,5.6,0.0,212.35741105450617,0.0,0.0
2023-10-17 09:00:00,8.2,1.2404357091092991e-14,0.0,38.453414614557225,24.82350978799496
2023-10-17 10:00:00,10.6,2.8517403647734556e-14,0.0,161.71144702872604,199.26874672614377
2023-10-17 11:00:00,11.7,0.0,0.0,373.0572254425946,444.2658248061771
2023-10-17 12:00:00,12.2,1.3807383216441273e-13,0.0,527.1855232990215,517.9095438812642
2023-10-17 13:00:00,12.2,1.5409386504016408e-13,0.0,619.7149833984098,397.87779061846976
2023-10-17 14:00:00,12.7,8.178552784419014e-16,0.0,188.0012472317541,103.49339801220154
2023-10-17 15:00:00,12.5,6.951769866756161e-15,0.0,104.86265793052877,33.34457190905887
2023-10-17 16:00:00,12.1,0.0,0.0,78.95199574407829,5.617777878888118
2023-10-17 17:00:00,11.1,1.7777357707339916e-15,231.19439537163868,8.757556266804228,2.3442548906867735
2023-10-17 18:00:00,10.2,12.036820260103525,292.6298895030411,6.425663600000802,3.1243560184187977
2023-10-17 19:00:00,9.8,164.81432712482584,344.9313235961596,3.878158691197125,0.0
2023-10-17 20:00:00,8.9,383.74262115379224,522.0885466861496,4.539096795352552e-14,0.0
2023-10-17 21:00:00,7.2,615.5325335146408,664.4192330706209,6.50547188391698e-05,0.0
2023-10-17 22:00:00,6.3,835.6872578796917,889.8441829443377,7.06412743111838e-14,0.0
2023-10-17 23:00:00,6.0,977.9412974957752,1008.0214378750986,1.8833142917036178e-13,0.0
2023-10-18 00:00:00,5.8,1067.7462111335874,1048.9853065667364,5.848580269891748e-14,0.0
2023-10-18 01:00:00,5.2,1185.382477369842,1294.2469506860928,1.7665674014345072e-13,0.0
2023-10-18 02:00:00,4.2,1328.3006429201778,1603.121616277325,1.0875560009196185e-14,0.0
2023-10-18 03:00:00,4.0,1414.621548140106,1609.1371743653458,1.269609309593128e-13,0.0
2023-10-18 04:00:00,3.9,1477.8822420159363,1633.0336473490966,3.3388356523849354e-14,0.0
2023-10-18 05:00:00,3.7,1508.958080447706,1637.4772290700676,6.175722381268509e-14,0.0
2023-10-18 06:00:00,3.5,1487.1793487134396,1576.9363462772062,5.5323002989317946e-14,0.0
2023-10-18 07:00:00,4.0,1035.6445741180282,1203.9377089866794,2.0914538479223437e-16,0.0
2023-10-18 08:00:00,6.0,9.182062025559858,199.53455818925664,0.0,0.0
2023-10-18 09:00:00,8.6,1.7777357707339916e-15,0.0,31.033972659150102,27.187357295700156
2023-10-18 10:00:00,10.8,1.29040846385661e-14,0.0,116.46128364841259,243.22458451595236
2023-10-18 11:00:00,12.3,2.433119453364656e-14,0.0,259.99283315765217,537.9574292979999
2023-10-18 12:00:00,12.9,1.673163078337875e-15,0.0,517.3291704355488,598.1475346963621
2023-10-18 13:00:00,13.1,8.832837007172533e-14,0.0,668.3649155564719,552.8242347147249
2023-10-18 14:00:00,12.9,4.807229901434952e-14,0.0,523.7253518988474,322.1627347647731
2023-10-18 15:00:00,12.7,7.947524622104906e-15,0.0,256.5921752845953,128.71638936719984
2023-10-18 16:00:00,12.2,1.3903539733512319e-14,0.0,162.38054305019367,24.53824338020613
2023-10-18 17:00:00,11.1,1.7777357707339916e-15,119.54955249086363,16.007604815217054,2.9565593142005215
2023-10-18 18:00:00,10.2,0.0,288.88143268280163,10.218224981236732,6.479106920765554
2023-10-18 19:00:00,9.9,105.52366819160025,336.64759217612067,6.487554077587908,2.8570042974633187
2023-10-18 20:00:00,9.8,255.66564030964133,443.33141097709887,0.6419743925445038,0.0
2023-10-18 21:00:00,9.7,320.67734209796845,465.5694361734546,4.907131670651407e-15,0.0
2023-10-18 22:00:00,9.3,488.74290340095143,506.9483980547824,0.0,0.0
2023-10-18 23:00:00,8.8,654.3914258258108,616.969586439127,8.065166964530768e-06,0.0
2023-10-19 00:00:00,8.4,696.0469455008308,684.4802008213118,1.3350377318684796e-13,0.0
2023-10-19 01:00:00,8.2,794.0109331586589,696.1790996104444,2.5859122671328923e-14,0.0
2023-10-19 02:00:00,8.2,900.4471386581852,722.2627132500684,1.9628526682605637e-14,0.0
2023-10-19 03:00:00,8.2,954.1108747396146,760.4587926415174,8.638041327602961e-14,0.0
2023-10-19 04:00:00,8.0,978.7556308780745,825.5832644961158,1.242264712130815e-13,0.0
2023-10-19 05:00:00,7.6,1047.3477246685868,870.619645856156,1.3846098344613278e-13,0.0
2023-10-19 06:00:00,7.5,1004.5463660210144,875.2823032391317,1.862803715206463e-13,0.0
2023-10-19 07:00:00,8.3,765.7869567905623,653.6454898218271,5.0194892350136244e-15,0.0
2023-10-19 08:00:00,9.8,0.0,74.80819439422329,0.0,0.0
2023-10-19 09:00:00,11.6,2.226278961335534e-15,0.0,34.54664666094803,45.168675310089526
2023-10-19 10:00:00,13.3,3.267456898129021e-14,0.0,370.8491265264274,353.08358847152033
2023-10-19 11:00:00,14.5,6.175743665272705e-14,0.0,654.2472640925096,203.8067423901387
2023-10-19 12:00:00,15.6,5.932722543329966e-14,0.0,718.2110705318245,434.99477483747347
2023-10-19 13:00:00,15.7,0.0,0.0,584.1536499606608,323.4368809139845
2023-10-19 14:00:00,16.9,6.05212906047007e-14,0.0,421.6868838376446,121.86496779320062
2023-10-19 15:00:00,17.5,6.706413283223592e-14,0.0,496.67769062453135,164.48822633786895
2023-10-19 16:00:00,16.4,1.2676756815849473e-14,0.0,274.9906840672768,45.12367931243698
2023-10-19 17:00:00,13.8,0.0,0.0,11.907094276811769,10.572172685880144
2023-10-19 18:00:00,12.3,8.888678853669958e-16,48.223414082723075,7.353218220362497,8.611236729623954
2023-10-19 19:00:00,10.6,44.341522890926285,262.44489463105765,4.829856793610561,0.0
2023-10-19 20:00:00,10.0,182.68224034031059,423.0678942339349,0.4857805263366306,0.0
2023-10-19 21:00:00,9.6,218.67803500209794,468.08292820665457,2.453565835325704e-14,0.0
2023-10-19 22:00:00,9.9,294.49206619255534,485.35979943856466,1.6200982449432062e-14,0.0
2023-10-19 23:00:00,10.1,392.8890558126708,519.1676654972582,6.527229915594614e-14,0.0
2023-10-20 00:00:00,9.8,487.8219779021074,585.3372866236908,3.0922377461386294e-14,0.0
2023-10-20 01:00:00,9.6,549.0501057692844,650.4829734426626,4.4164185035862666e-14,0.0
2023-10-20 02:00:00,9.4,614.5093381440327,723.5829881797398,1.32492555107588e-13,0.0
2023-10-20 03:00:00,9.1,680.048031815688,745.3427578799974,1.9628526682605637e-14,0.0
2023-10-20 04:00:00,9.1,717.3551323061658,706.8329062783697,4.929603183523852e-14,0.0
2023-10-20 05:00:00,9.3,697.8901186000951,703.0361457753747,6.6551997918974264e-15,0.0
2023-10-20 06:00:00,9.8,636.2228873164644,661.016490888594,1.1297638598934459e-13,0.0
2023-10-20 07:00:00,10.2,573.7157671597396,572.9174823330334,8.178552784419014e-16,0.0
2023-10-20 08:00:00,11.3,399.7179616644838,315.7540000119142,2.509744617506812e-15,0.0
2023-10-20 09:00:00,16.1,0.0,0.0,2.3387138672083068,58.17027484757094
2023-10-20 10:00:00,21.1,3.4758849333780806e-15,0.0,32.58716945083965,825.6368194113079
2023-10-20 11:00:00,22.4,0.0,0.0,79.68391873979962,1480.7974139212047
2023-10-20 12:00:00,22.9,0.0,0.0,74.61472699215736,1455.2141552145551
2023-10-20 13:00:00,23.1,0.0,0.0,47.6430814544664,1440.19731222882
2023-10-20 14:00:00,22.8,0.0,0.0,19.309570056843636,966.5154993196875
2023-10-20 15:00:00,22.9,3.4758849333780806e-15,0.0,41.4333716642383,1401.229725789029
2023-10-20 16:00:00,22.9,3.4758849333780806e-15,0.0,58.27330461534254,972.1419689090231
2023-10-20 17:00:00,22.0,1.066641462440395e-14,0.0,16.681970790845625,245.00917470344893
2023-10-20 18:00:00,22.1,4.344856166722601e-15,0.0,25.773852566076755,379.0112115658239
2023-10-20 19:00:00,22.2,1.7379424666890403e-15,0.0,24.80014344332264,375.8597714965164
2023-10-20 20:00:00,22.1,0.0,0.0,16.211699786567916,358.82649352359886
2023-10-20 21:00:00,21.6,0.0,0.0,12.126812165135032,184.4951582060061
2023-10-20 22:00:00,20.9,8.888678853669958e-16,0.0,5.802482082786107,75.80226254546034
2023-10-20 23:00:00,20.8,6.666509140252469e-16,0.0,1.8492490448319454,60.73729773289009
2023-10-21 00:00:00,20.4,0.0,0.0,0.0,52.19455674037019
2023-10-21 01:00:00,19.6,0.0,0.0,0.0,17.605482982522155
2023-10-21 02:00:00,17.9,0.0,0.0,0.0,12.650428924197051
2023-10-21 03:00:00,15.2,100.93490093387877,196.04667311802984,0.004875493354305286,0.0
2023-10-21 04:00:00,14.2,205.9405529427499,222.14562105011692,1.0554057060041735e-14,0.0
2023-10-21 05:00:00,14.3,184.31440901345348,241.5431647345104,0.0,0.0
2023-10-21 06:00:00,13.7,194.4301178946814,209.22499884141928,2.453565835325704e-14,0.0
2023-10-21 07:00:00,13.2,128.1146877172947,197.4046725319251,0.0,0.0
2023-10-21 08:00:00,15.6,1.333301828050494e-15,0.0,18.06109391920272,81.94593634823617
2023-10-21 09:00:00,18.1,3.403669423016364e-14,0.0,329.3292054487098,301.27314017817235
2023-10-21 10:00:00,19.9,3.3245747501577796e-13,0.0,1118.783178276723,1100.0159353430454
2023-10-21 11:00:00,21.1,6.420721466789897e-13,0.0,1667.8790511246625,1683.392293683434
2023-10-21 12:00:00,22.0,3.212856149224941e-13,0.0,2169.967299141,2046.0411992462066
2023-10-21 13:00:00,22.7,1.5420622260452632e-13,0.0,2322.483682484605,2397.5605381356463
2023-10-21 14:00:00,22.9,4.920362057031286e-13,0.0,2092.1353941788384,2300.951295325616
2023-10-21 15:00:00,21.9,1.1822059035308266e-13,0.0,1107.495650500432,1302.3748442349238
2023-10-21 16:00:00,21.0,1.9336964466610239e-13,0.0,683.8105216740581,440.94415529625735
2023-10-21 17:00:00,19.0,4.1829076958446875e-16,0.0,71.6564734158496,68.28524703662066
2023-10-21 18:00:00,18.6,1.066641462440395e-14,0.0,64.45021429356731,71.2966931037169
2023-10-21 19:00:00,17.8,3.1371807718835157e-16,0.0,53.81754305253243,63.30684482179789
2023-10-21 20:00:00,17.2,1.406271294969213e-14,0.0,37.04609176288913,41.50680823208884
2023-10-21 21:00:00,16.6,4.344856166722601e-15,0.0,23.800584445814334,29.54131097355667
2023-10-21 22:00:00,15.9,1.7777357707339916e-15,58.35927683106897,8.23937497347268,6.716478352726924
2023-10-21 23:00:00,15.7,0.0,91.61740420097598,2.8181257982099663,6.588245491116613
2023-10-22 00:00:00,15.4,0.0,139.07649488842793,0.0,0.0
2023-10-22 01:00:00,15.4,0.0,163.77332597763757,0.0,0.0
2023-10-22 02:00:00,15.4,0.0,187.45937770181595,0.0,0.0
2023-10-22 03:00:00,14.7,0.0,220.73991414734982,0.0,0.0
2023-10-22 04:00:00,14.2,46.62763669625219,227.11079901981066,0.0,0.0
2023-10-22 05:00:00,13.8,65.42526138542057,290.9261573531845,0.0,0.0
2023-10-22 06:00:00,13.9,47.91644400425199,206.68134223624196,0.0,0.0
2023-10-22 07:00:00,13.9,46.78207353020412,157.55836172620815,0.0,0.0
2023-10-22 08:00:00,14.3,4.44433942683498e-16,78.86049025506519,3.1110143316849594,0.0
2023-10-22 09:00:00,14.5,0.0,69.36988460661075,3.7261085753847913,0.0
2023-10-22 10:00:00,14.8,1.7777357707339916e-15,0.0,7.207409637060043,13.484220083036295
2023-10-22 11:00:00,15.2,1.7777357707339916e-15,0.0,14.633280670524556,42.00481894293296
2023-10-22 12:00:00,16.4,2.4649540966006174e-14,0.0,57.59693877746514,81.07679379926154
2023-10-22 13:00:00,17.2,0.0,0.0,102.91479692458162,119.11407128803967
2023-10-22 14:00:00,17.6,1.0146517048169837e-14,0.0,223.25722390991132,443.42751999369034
2023-10-22 15:00:00,17.6,2.054001326468271e-15,0.0,155.86286162269357,228.03712399897432
2023-10-22 16:00:00,17.0,0.0,0.0,86.56859121517891,63.651270602614325
2023-10-22 17:00:00,15.3,3.555471541467983e-15,0.0,11.028879389463578,29.588257972447316
2023-10-22 18:00:00,14.7,3.555471541467983e-15,0.0,10.44458603703463,15.48205082993719
2023-10-22 19:00:00,14.2,0.0,0.0,8.385056248442643,12.175729756256136
2023-10-22 20:00:00,14.2,62.885238715499774,58.45469538211701,4.55974673104605,10.250561157553653
2023-10-22 21:00:00,12.8,203.16673775633882,137.26871466417333,1.1293850778780655e-14,7.130143552664314
2023-10-22 22:00:00,10.8,468.29698553746107,410.3344975247885,5.3978448377165483e-14,0.0
2023-10-22 23:00:00,9.7,581.3534070279931,591.6491864704126,4.5593693884707103e-14,0.0
2023-10-23 00:00:00,9.1,632.7413308345667,757.2843249956944,2.0446381961047537e-14,0.0
2023-10-23 01:00:00,9.2,666.0344509622958,777.2088454053794,1.9628526682605637e-14,0.0
2023-10-23 02:00:00,9.8,730.6375096233495,737.9008641945005,8.443245648033391e-14,0.0
2023-10-23 03:00:00,10.3,687.9413056432254,718.774117303444,8.832837007172533e-14,0.0
2023-10-23 04:00:00,10.2,706.8985358506594,723.5331130803038,1.1091607162928665e-13,0.0
2023-10-23 05:00:00,9.7,711.1107582724646,701.9471833810628,8.443245648033391e-14,0.0
2023-10-23 06:00:00,9.4,680.728141345558,786.6838075165358,1.346900534862829e-13,0.0
2023-10-23 07:00:00,8.4,652.0455784867004,626.940021592856,4.667392965336948e-14,0.0
2023-10-23 08:00:00,10.6,0.0,22.77306730766604,2.512973184999918,0.0
2023-10-23 09:00:00,12.8,0.0,0.0,87.0435556001092,58.86881138645986
2023-10-23 10:00:00,14.5,1.2249723577258352e-13,0.0,603.6298322845496,288.24016939458147
2023-10-23 11:00:00,16.1,1.243701811053501e-13,0.0,812.0236574503331,566.3082701362378
2023-10-23 12:00:00,17.4,2.0877612645299086e-13,0.0,1055.0724619276425,745.7015411346623
2023-10-23 13:00:00,18.0,3.784605793705189e-14,0.0,1219.0800632805463,1251.6915030517437
2023-10-23 14:00:00,18.2,1.3453245852850051e-13,0.0,901.6446139335546,655.6984303912327
2023-10-23 15:00:00,17.8,4.9408389399600723e-14,0.0,494.2199714781424,263.9149909210908
2023-10-23 16:00:00,17.2,5.666914256835299e-14,0.0,142.05791326787354,40.399747367200305
2023-10-23 17:00:00,15.4,3.772714349804113e-15,0.0,19.90957963417989,10.075669227713279
2023-10-23 18:00:00,14.0,7.110943082935968e-15,0.0,14.258667936576122,8.36761709995304
2023-10-23 19:00:00,13.0,1.7777357707339916e-15,114.22847420565947,11.587789960857997,9.036950370841314
2023-10-23 20:00:00,11.9,0.0,212.3945206641879,6.4572862979404775,0.0
2023-10-23 21:00:00,11.5,54.131679271523105,270.13094546616276,2.685834606754263,0.0
2023-10-23 22:00:00,11.8,137.82731157054425,315.4793776060436,4.9811110425252996e-14,0.0
2023-10-23 23:00:00,11.6,229.7901121690728,466.3449335829572,9.734464779084262e-05,0.0
2023-10-24 00:00:00,11.2,327.6179888564301,575.1816897203835,9.814263341302817e-15,0.0
2023-10-24 01:00:00,11.7,370.94841703298783,461.3197744761957,2.2587701557561317e-14,0.0
2023-10-24 02:00:00,10.7,444.7353016752353,708.7439797434265,2.110811412008347e-14,0.0
2023-10-24 03:00:00,10.5,502.1126614659888,712.0042280629293,4.324638542019591e-14,0.0
2023-10-24 04:00:00,11.2,492.7439379062082,631.5948995028969,1.2324007958809629e-14,0.0
2023-10-24 05:00:00,10.5,503.1406772132079,611.2609496090547,2.299662919678227e-14,0.0
2023-10-24 06:00:00,10.6,455.3990132179385,594.0952102300947,1.4629615050387547e-13,0.0
2023-10-24 07:00:00,10.8,373.27852718723466,316.1810605878852,2.2587701557561317e-14,0.0
2023-10-24 08:00:00,11.6,0.0,48.28323095068808,0.0,0.0
2023-10-24 09:00:00,12.8,1.7777357707339916e-15,0.0,23.031985188548695,18.720459149292335
2023-10-24 10:00:00,14.4,1.5641482200201363e-14,0.0,76.41746352403268,23.66333124639855
2023-10-24 11:00:00,14.9,1.066641462440395e-14,0.0,60.12305572167402,22.950228085949476
2023-10-24 12:00:00,14.7,5.293414008157023e-15,0.0,23.03490509737247,18.456066439372016
2023-10-24 13:00:00,14.9,7.979914316280488e-15,0.0,23.418859247535778,14.122248335545384
2023-10-24 14:00:00,13.7,0.0,81.09741138187816,7.993112266444752,9.37606902128779
2023-10-24 15:00:00,13.1,2.2221697134174905e-16,194.3919460985614,1.907641258497647,0.0
2023-10-24 16:00:00,13.4,0.0,45.00514151344478,7.925503731357349,6.754684958992265
2023-10-24 17:00:00,14.0,16.98044919683875,94.72541541898578,2.0730697034849084,6.878106248502807
2023-10-24 18:00:00,14.5,84.4568288000741,0.0,5.151666734145944,13.110133301913155
2023-10-24 19:00:00,15.0,62.33390075899451,0.0,5.1256894664344586,13.110133301913155
2023-10-24 20:00:00,15.2,92.41119160539512,0.0,2.383297456014899,10.414980987047205
2023-10-24 21:00:00,14.6,150.05979802583425,81.99458256585521,4.4164185035862666e-14,9.799510978027756
2023-10-24 22:00:00,13.6,307.24239829783266,184.96644105728262,2.2587701557561317e-14,0.0
2023-10-24 23:00:00,12.8,440.4334806156651,331.85038887027025,6.675188659342398e-14,0.0
2023-10-25 00:00:00,12.6,518.1805953217115,362.80575015269056,8.638041327602963e-14,0.0
2023-10-25 01:00:00,12.6,561.2906346407001,369.1231432219923,4.498204031430457e-14,0.0
2023-10-25 02:00:00,12.6,594.5292384035113,389.1527020629966,2.422341211444512e-14,0.0
2023-10-25 03:00:00,12.6,622.9461564637468,398.2519373629581,6.05212906047007e-14,0.0
2023-10-25 04:00:00,12.6,646.3906411384116,407.65304734638744,2.2587701557561317e-14,0.0
2023-10-25 05:00:00,12.6,637.7294864071133,411.8583684859784,9.661928042050656e-14,0.0
2023-10-25 06:00:00,12.5,611.719874009379,297.0410977575041,2.3405556836003217e-14,0.0
2023-10-25 07:00:00,12.2,492.5326683543068,183.69507902490884,5.6488192994672297e-14,0.0
2023-10-25 08:00:00,12.9,167.7907495468225,51.64668021217154,0.0,0.0
2023-10-25 09:00:00,14.3,0.0,0.0,11.784601475287188,24.106516615865626
2023-10-25 10:00:00,15.1,3.555471541467983e-15,0.0,22.540143987366676,21.32138737091391
2023-10-25 11:00:00,15.8,3.555471541467983e-15,0.0,17.66385029446615,26.818013561588185
2023-10-25 12:00:00,16.6,0.0,0.0,56.3605836133226,74.1808511164105
2023-10-25 13:00:00,17.2,2.13328292488079e-14,0.0,100.74230416149028,114.67983367287752
2023-10-25 14:00:00,18.2,5.886101837975069e-14,0.0,697.2070607630912,910.2255610053662
2023-10-25 15:00:00,17.1,1.4221886165871933e-14,0.0,274.0311320421142,252.81924134489728
2023-10-25 16:00:00,15.8,0.0,0.0,67.9870822531274,20.928093464634184
2023-10-25 17:00:00,14.4,1.7777357707339916e-15,0.0,10.79459980003603,16.528711043957884
2023-10-25 18:00:00,13.2,1.5039928522563433,111.12481268235663,8.975060713155022,13.065267790605905
2023-10-25 19:00:00,12.7,112.86602323271775,90.82204085787446,5.8644459136256355,8.51083008636971
2023-10-25 20:00:00,12.0,271.8690860887904,219.6712409845676,2.2082092517931333e-14,0.0
2023-10-25 21:00:00,11.6,345.61518053202155,266.00568561157064,1.1293850778780655e-14,0.0
2023-10-25 22:00:00,11.2,440.94697152671256,383.82442786810907,1.1921286933157359e-14,0.0
2023-10-25 23:00:00,9.9,620.9165645209002,681.7497038522308,1.943373100303606e-13,0.0
2023-10-26 00:00:00,10.7,561.3110262348907,648.1887139701562,1.6009974590016295e-13,0.0
2023-10-26 01:00:00,9.7,672.9684424638344,717.2222175660543,4.4164185035862666e-14,0.0
2023-10-26 02:00:00,11.0,668.8950250433825,651.6975266621789,6.807535091149587e-14,0.0
2023-10-26 03:00:00,11.3,670.5478650774882,554.8387986198563,9.673163798486879e-14,0.0
2023-10-26 04:00:00,11.7,698.2177372435145,513.0324280929142,1.1799587522435822e-13,0.0
2023-10-26 05:00:00,12.6,637.212049297676,412.07485300775903,6.807535091149587e-14,0.0
2023-10-26 06:00:00,12.5,609.6086558000989,407.8136274677751,0.0,0.0
2023-10-26 07:00:00,12.7,561.9716374436082,306.635135200437,6.379271171846831e-14,0.0
2023-10-26 08:00:00,13.2,433.2981558235834,259.1822845811108,1.1293850778780655e-14,0.0
2023-10-26 09:00:00,14.1,60.451702824568045,0.0,2.823462694695164e-15,0.0
2023-10-26 10:00:00,16.3,1.1851571804893279e-15,0.0,16.811767674171406,131.8661829557342
2023-10-26 11:00:00,17.9,2.5465177071656308e-14,0.0,238.34975487977073,1268.3492617947625
2023-10-26 12:00:00,18.8,1.087934782934999e-13,0.0,831.1099677051478,1545.733637978658
2023-10-26 13:00:00,19.2,2.7668168201960896e-13,0.0,772.1082880372046,820.9764175251817
2023-10-26 14:00:00,18.8,1.0045248935608527e-13,0.0,566.9813671449324,450.4402725808532
2023-10-26 15:00:00,17.0,7.110943082935968e-15,0.0,120.0898916797459,95.4539638912465
2023-10-26 16:00:00,15.9,0.0,0.0,60.12621786983453,11.829425751204028
2023-10-26 17:00:00,14.4,0.0,87.53923798075915,7.5046346994062265,9.52335592794594
2023-10-26 18:00:00,14.8,1.7777357707339916e-15,0.0,8.384755033957475,13.110133301913155
2023-10-26 19:00:00,12.1,29.639957286123522,180.0600803190277,4.6406985160673155,0.0
2023-10-26 20:00:00,12.0,119.20707704481181,210.50312192355796,1.5931157863597316,0.0
2023-10-26 21:00:00,11.7,228.56816683013864,252.35496124174313,1.374741661410636e-14,0.0
2023-10-26 22:00:00,11.3,295.74248913608517,304.71200643424913,9.814263341302817e-15,0.0
2023-10-26 23:00:00,11.3,386.310877875205,496.38104785642696,1.0755417572867872e-14,0.0
2023-10-27 00:00:00,10.8,481.5561860080773,624.019396681629,1.0632118619744718e-14,0.0
2023-10-27 01:00:00,10.2,577.1110118112746,689.4317706680479,4.303408351860886e-14,0.0
2023-10-27 02:00:00,10.3,618.1267829496833,722.0983718032005,6.184475492277259e-14,0.0
2023-10-27 03:00:00,10.8,623.2904775788595,672.1322358577985,3.262668002758856e-14,0.0
2023-10-27 04:00:00,10.7,655.4883159414643,704.6805579694856,1.0000305909863638e-13,0.0
2023-10-27 05:00:00,11.2,611.7321409706717,624.1317921233383,1.146120965462284e-13,0.0
2023-10-27 06:00:00,11.4,558.8949590632794,427.63815226185443,0.0,0.0
2023-10-27 07:00:00,11.9,508.9749834459772,338.9071842618613,1.9628526682605637e-14,0.0
2023-10-27 08:00:00,12.3,495.906617462917,296.8219279934001,4.145455174390615e-15,0.0
2023-10-27 09:00:00,12.6,423.79621179311187,240.77479029240436,0.0,0.0
2023-10-27 10:00:00,12.1,513.5080502222951,260.2746831347847,2.509744617506812e-15,0.0
2023-10-27 11:00:00,12.4,315.4983074308478,149.64095206475082,1.1498314598391131e-14,0.0
2023-10-27 12:00:00,12.8,258.7559764781355,167.75279090904624,1.4721395011954222e-14,0.0
2023-10-27 13:00:00,13.7,184.59753291830572,104.86579102475794,1.1293850778780655e-14,0.0
2023-10-27 14:00:00,13.5,117.07205600339043,40.45238862520256,5.646925389390329e-15,11.81554936776568
2023-10-27 15:00:00,13.5,236.3517994552766,77.36126566848327,2.110811412008347e-14,6.745054652840561
2023-10-27 16:00:00,13.4,37.16607805925605,0.0,0.0,18.126438661373868
2023-10-27 17:00:00,12.6,362.38685653995105,39.551290055519736,7.360697505977112e-14,0.0
2023-10-27 18:00:00,12.1,602.8892971269474,135.77723975032148,3.271421113767605e-15,8.51083008636971
2023-10-27 19:00:00,11.5,666.9618388281601,222.72893651016895,8.669265951484154e-14,0.0
2023-10-27 20:00:00,11.4,755.6484417003717,276.2538429427493,1.5682832478639534e-13,0.0
2023-10-27 21:00:00,11.2,831.0067882687897,375.14879556407834,1.7665674014345072e-13,0.0
2023-10-27 22:00:00,11.2,936.184726722855,444.65876904946265,1.0457269239611716e-14,0.0
2023-10-27 23:00:00,11.3,1004.1794763446583,496.38104785642696,1.254872308753406e-15,0.0
2023-10-28 00:00:00,11.1,1071.1832123465524,583.711713881729,4.1829076958446875e-16,0.0
2023-10-28 01:00:00,10.9,1123.3475969982837,631.1745619340097,1.3350377318684796e-13,0.0
2023-10-28 02:00:00,10.6,1151.6316733083913,710.5794913068278,1.0308721760513363e-13,0.0
2023-10-28 03:00:00,9.7,1259.602365212077,745.0308603487581,2.0077956940054494e-14,0.0
2023-10-28 04:00:00,9.2,1310.2631217935918,798.0137269445178,1.0875560009196185e-14,0.0
2023-10-28 05:00:00,8.8,1229.4040157590675,828.7118295150661,1.3762440190696387e-13,0.0
2023-10-28 06:00:00,10.0,1076.7626800935134,699.8701463351485,0.0,0.0
2023-10-28 07:00:00,12.0,881.2999904894868,335.61159918506564,8.916495161089427e-14,0.0
2023-10-28 08:00:00,12.9,672.4787276784889,131.07271130408287,1.0038978470027247e-14,0.0
2023-10-28 09:00:00,13.7,80.40601128101733,0.0,3.1371807718835152e-16,0.0
2023-10-28 10:00:00,14.3,0.0,0.0,0.0,28.768287478989574
2023-10-28 11:00:00,14.9,0.0,0.0,0.3122715651900281,22.458814043119702
2023-10-28 12:00:00,16.3,2.7807079467024645e-15,0.0,45.412649856540234,566.473955259934
2023-10-28 13:00:00,16.6,3.6067417779287853e-14,0.0,455.71262186028616,737.5790110433325
2023-10-28 14:00:00,16.8,8.888609109783795e-14,0.0,686.747228903893,739.9499203360092
2023-10-28 15:00:00,16.4,1.3404704758797398e-13,0.0,416.1425201714302,590.3043358977328
2023-10-28 16:00:00,14.6,0.0,0.0,0.0,40.08184394218219
2023-10-28 17:00:00,12.2,75.9965542252209,55.81478671415633,8.514061165965066e-15,0.0
2023-10-28 18:00:00,11.3,310.62753670914555,245.25532493599303,1.2267829176628517e-15,0.0
2023-10-28 19:00:00,10.8,278.61195332976024,357.1594764069354,9.814263341302817e-15,0.0
2023-10-28 20:00:00,10.2,500.65486885155576,453.77439228073877,8.822842573450048e-14,0.0
2023-10-28 21:00:00,8.7,688.2079984923341,669.8527786901162,2.422341211444512e-14,0.0
2023-10-28 22:00:00,8.4,824.7547533263024,712.6618789629447,1.401589729787454e-13,0.0
2023-10-28 23:00:00,8.3,863.6179860301315,801.8982936411356,2.8298718305124044e-13,0.0
2023-10-29 00:00:00,9.5,827.6753929499787,719.6489828430244,1.1255178218617045e-13,0.0
2023-10-29 01:00:00,7.2,1045.4483524061966,916.6798092342332,3.271421113767605e-15,0.0
2023-10-29 02:00:00,8.2,1024.8937561598138,859.2507407940755,3.9257053365211274e-14,0.0
2023-10-29 03:00:00,7.0,1130.8059500965905,947.5073307979112,4.5175403115122635e-14,0.0
2023-10-29 04:00:00,6.0,1263.3300157312965,1134.6059245790877,1.2842200497610555e-13,0.0
2023-10-29 05:00:00,6.8,1171.0140343993883,974.4566616494396,2.9227712867623265e-14,0.0
2023-10-29 06:00:00,7.5,1034.9788775083305,905.9748936449951,2.9130543785096525e-14,0.0
2023-10-29 07:00:00,7.6,999.1231816823217,872.7076014047038,4.844682422889024e-14,0.0
2023-10-29 08:00:00,8.2,326.7176417945192,408.9359440681258,4.6410024114762087e-14,0.0
2023-10-29 09:00:00,9.3,0.0,158.98143945030898,0.0,0.0
2023-10-29 10:00:00,11.2,0.0,0.0,8.064857245920779,16.48654203731274
2023-10-29 11:00:00,12.7,1.4221886165871933e-14,0.0,36.59680815040348,63.08928122272663
2023-10-29 12:00:00,14.2,2.91930356008673e-14,0.0,516.4532694344093,334.9877482206366
2023-10-29 13:00:00,15.7,3.898857268144307e-15,0.0,887.3955240439868,726.0311907045534
2023-10-29 14:00:00,15.9,1.0255025623759726e-13,0.0,711.5690063096445,587.7963097652394
2023-10-29 15:00:00,16.4,5.486489566492586e-14,0.0,407.6059237681347,312.20686239430484
2023-10-29 16:00:00,16.2,5.333207312201975e-15,0.0,11.721079467925943,30.807824799992638
2023-10-29 17:00:00,15.3,8.888678853669958e-16,0.0,4.434549046026584,14.503236970894083
2023-10-29 18:00:00,13.8,0.0,86.16672247545888,5.055273992808598,8.36761709995304
2023-10-29 19:00:00,12.9,27.20325855762418,150.13414223573324,3.084552914623781,8.51083008636971
2023-10-29 20:00:00,12.2,132.75275242613216,188.5861793904229,3.055248060201683e-14,0.0
2023-10-29 21:00:00,9.3,352.0860215019598,622.3988524268549,1.1293850778780655e-14,0.0
2023-10-29 22:00:00,8.2,564.3162479627268,713.5535215656664,8.396647525336855e-14,0.0
2023-10-29 23:00:00,7.7,717.5736016308126,864.2466230966606,1.1255178218617045e-13,0.0
2023-10-30 00:00:00,7.0,842.6454384914199,1004.0490694406976,7.267023634333537e-14,0.0
2023-10-30 01:00:00,7.8,849.9855816461982,960.5151577360119,9.841963488795063e-14,0.0
2023-10-30 02:00:00,8.3,857.6786020599271,989.7975924918164,9.081623191171029e-14,0.0
2023-10-30 03:00:00,7.0,982.1578652369856,1103.173124701907,9.182450631421739e-14,0.0
2023-10-30 04:00:00,7.7,997.8644130462542,1095.3190729690107,9.20180819550774e-14,0.0
2023-10-30 05:00:00,6.3,1052.5776007172585,1209.8881241424938,3.9257053365211274e-14,0.0
2023-10-30 06:00:00,7.2,963.6428501919063,969.1954587078637,2.2595277197868924e-13,0.0
2023-10-30 07:00:00,7.3,916.2252440952548,943.2829833313438,1.983767206739787e-14,0.0
2023-10-30 08:00:00,8.4,624.6572199513163,683.4522615542048,1.32492555107588e-13,0.0
2023-10-30 09:00:00,9.8,213.93696093307778,361.3867922183532,5.3978448377165483e-14,0.0
2023-10-30 10:00:00,11.2,0.0,37.15316181171864,0.0,0.0
2023-10-30 11:00:00,12.9,1.1851571804893279e-15,0.0,15.347806012848627,29.341460766374553
2023-10-30 12:00:00,14.7,5.633703516612127e-14,0.0,386.4393016690053,427.29157725129767
2023-10-30 13:00:00,15.9,5.838607120173462e-14,0.0,865.7302926022194,631.1777369056472
2023-10-30 14:00:00,15.4,1.247104103152316e-13,0.0,1034.8627985955677,656.642973695697
2023-10-30 15:00:00,16.0,3.34632615667575e-15,0.0,664.2400751226413,402.2541774839618
2023-10-30 16:00:00,15.4,1.7777357707339916e-15,0.0,14.072538065007917,21.043307933135168
2023-10-30 17:00:00,13.1,1.333301828050494e-15,67.97047312130216,2.8535711288349788,0.0
2023-10-30 18:00:00,14.0,1.7777357707339916e-15,110.58389035596107,5.719667155682729,12.88295405985782
2023-10-30 19:00:00,16.2,0.0,49.29768285713546,7.878720701654905,18.841731511685747
2023-10-30 20:00:00,16.5,1.7777357707339916e-15,70.50261208539935,5.5918686405885785,15.871275503918756
2023-10-30 21:00:00,17.1,0.0,80.34633535135944,4.254620255308419,16.754507961672374
2023-10-30 22:00:00,16.9,0.0,124.64848111634934,0.0,0.0
2023-10-30 23:00:00,16.6,48.51554725227407,157.0571036471979,5.520523129482833e-15,0.0
2023-10-31 00:00:00,17.1,69.0837337529357,253.03994349368386,2.823462694695164e-15,0.0
2023-10-31 01:00:00,17.1,86.37841295876777,255.99006739654064,2.4905555212626498e-14,0.0
2023-10-31 02:00:00,15.3,193.5682826890789,434.94758639683766,2.2082092517931333e-14,0.0
2023-10-31 03:00:00,15.1,249.87901635007776,447.5713408443689,1.1293850778780655e-14,0.0
2023-10-31 04:00:00,15.2,259.8297565705443,438.33740724809064,1.1372280298077743e-14,0.0
2023-10-31 05:00:00,15.1,231.6725119737293,407.6599400036546,5.646925389390329e-15,0.0
2023-10-31 06:00:00,13.9,246.0086859955218,323.63429393176284,0.0,0.0
2023-10-31 07:00:00,13.3,279.5499171267569,334.9389347396822,2.2082092517931333e-14,0.0
2023-10-31 08:00:00,13.3,297.974912189833,334.3021393415315,6.110496120403366e-14,0.0
2023-10-31 09:00:00,13.2,283.2890974790897,276.29451243833057,0.0,0.0
2023-10-31 10:00:00,13.6,168.2626324210684,177.6055705121838,5.646925389390329e-15,0.0
2023-10-31 11:00:00,13.4,102.06940609906545,176.01206802040048,0.0,0.0
2023-10-31 12:00:00,12.1,245.94118868672786,215.99896448927552,9.814263341302817e-15,0.0
2023-10-31 13:00:00,11.6,401.39444151620035,256.91508095685475,1.3578880267563035e-14,0.0
2023-10-31 14:00:00,10.7,538.4144265071649,400.93563204223074,1.6357105568838024e-15,0.0
2023-10-31 15:00:00,11.4,309.0165358025183,94.123086483194,4.667392965336948e-14,0.0
2023-10-31 16:00:00,11.2,481.7715414568133,218.4771603731562,1.2324007958809629e-14,0.0
2023-10-31 17:00:00,10.7,663.5803916016758,286.5499414843832,1.9628526682605637e-14,0.0
2023-10-31 18:00:00,10.7,642.9017762083839,277.9051180551424,3.9257053365211274e-14,0.0
2023-10-31 19:00:00,10.3,691.7942234122835,282.7489999563189,7.605401502146519e-14,0.0
2023-10-31 20:00:00,10.3,760.9683041823575,362.81793583494294,8.832837007172533e-14,0.0
2023-10-31 21:00:00,10.3,809.8227310774028,415.98597351538365,5.0194892350136244e-15,0.0
2023-10-31 22:00:00,10.3,923.9729105583046,603.0059616539974,1.509348014907587e-13,0.0
2023-10-31 23:00:00,10.4,1007.1790448805007,711.6455866036125,2.382952933581839e-13,0.0
2023-11-01 00:00:00,10.2,1065.6184306225887,773.9086250847204,1.0038978470027247e-14,0.0
2023-11-01 01:00:00,10.2,1081.2735541287125,869.4687530073425,2.6700754637369597e-13,0.0
2023-11-01 02:00:00,10.2,1148.7846677897649,908.8247813505641,8.178552784419013e-14,0.0
2023-11-01 03:00:00,10.7,1155.2523530297308,890.2431037421184,5.1718245342657846e-14,0.0
2023-11-01 04:00:00,10.9,1161.150059591825,763.3386780112573,2.793568064668643e-13,0.0
2023-11-01 05:00:00,10.3,1156.0638414336067,884.2731015247678,3.2624990073956196e-13,0.0
2023-11-01 06:00:00,9.8,1138.2055032361027,704.111155309993,8.919734130506985e-14,0.0
2023-11-01 07:00:00,9.0,1194.2379938099243,749.317410161472,1.162873343571047e-13,0.0
2023-11-01 08:00:00,10.7,19.646943849109334,109.64318059985987,0.0,0.0
2023-11-01 09:00:00,12.4,1.1851571804893279e-15,0.0,6.848746099212758,27.658869474158006
2023-11-01 10:00:00,13.9,2.8965707778150673e-16,0.0,39.72437233150055,96.77817337871255
2023-11-01 11:00:00,14.9,1.922598853774751e-14,0.0,243.67799874905216,411.32777746218375
2023-11-01 12:00:00,15.9,0.0,0.0,577.7292308546732,502.1506951346365
2023-11-01 13:00:00,16.9,4.503821909648569e-14,0.0,826.2538034211586,698.1905325922719
2023-11-01 14:00:00,16.8,5.888558004781689e-14,0.0,855.6847562581773,696.8982731223653
2023-11-01 15:00:00,15.5,1.4221886165871933e-14,0.0,474.21121821917995,456.54224781358477
2023-11-01 16:00:00,14.2,0.0,0.0,9.037958527866124,32.865548910606
2023-11-01 17:00:00,12.9,0.0,46.345016889162174,2.4043071990326927,0.0
2023-11-01 18:00:00,12.2,88.27508849296385,156.08226840344227,2.667752322383387,0.0
2023-11-01 19:00:00,11.7,138.60638277869026,212.2677036745116,0.841316336420371,0.0
2023-11-01 20:00:00,11.2,245.12333437951222,288.66647045030425,1.1293850778780655e-14,0.0
2023-11-01 21:00:00,10.7,346.20804881724496,417.2239506984171,5.3978448377165483e-14,0.0
2023-11-01 22:00:00,10.2,479.10699793000356,711.7079702524121,8.719826855447153e-14,0.0
2023-11-01 23:00:00,10.0,587.5543864308561,744.5434362106466,1.0000305909863638e-13,0.0
2023-11-02 00:00:00,9.4,683.1149804075533,829.9689789649444,2.2899947796373242e-14,0.0
2023-11-02 01:00:00,8.8,780.1756329294046,961.6426140920446,3.9257053365211274e-14,0.0
2023-11-02 02:00:00,7.8,899.5272193887016,1077.5288919045083,4.775710909878474e-14,0.0
2023-11-02 03:00:00,6.9,1016.0063074720813,1177.5574731524634,0.0,0.0
2023-11-02 04:00:00,7.6,1003.2318581503116,1107.2812107893235,7.863866468188015e-14,0.0
2023-11-02 05:00:00,6.4,1056.210956742582,1121.7721891596016,3.9257053365211274e-14,0.0
2023-11-02 06:00:00,6.1,1071.253316516558,1183.9976861757855,6.85996862118529e-14,0.0
2023-11-02 07:00:00,5.5,1115.3205320013217,1273.601184213704,8.854045913327045e-14,0.0
2023-11-02 08:00:00,8.7,17.819462326892733,218.01312847291555,0.0,0.0
2023-11-02 09:00:00,11.2,1.066641462440395e-15,0.0,15.62409710598114,17.873883641972007
2023-11-02 10:00:00,13.3,1.70025941125744e-14,0.0,84.38398646827449,91.45500259848704
2023-11-02 11:00:00,15.0,1.3801307823707087e-15,0.0,210.27750327348116,411.32777746218375
2023-11-02 12:00:00,16.6,9.866549687500873e-14,0.0,569.9185274975682,497.2478845880652
2023-11-02 13:00:00,17.6,3.34632615667575e-15,0.0,708.2638950748633,731.7821902229161
2023-11-02 14:00:00,17.4,5.561415893404929e-14,0.0,590.1609552978013,693.9106818785202
2023-11-02 15:00:00,16.6,2.7807079467024645e-14,0.0,260.2966493678578,357.61880754208414
2023-11-02 16:00:00,15.6,1.066641462440395e-14,0.0,16.803598765698265,16.535367828311877
2023-11-02 17:00:00,15.6,1.7777357707339916e-15,0.0,10.881403975864124,16.726316193919285
2023-11-02 18:00:00,15.3,1.7777357707339916e-15,69.64913387685755,12.53129784003153,16.65047748607398
2023-11-02 19:00:00,14.1,1.7777357707339916e-15,111.94842109036432,8.825988443124842,12.88295405985782
2023-11-02 20:00:00,13.8,25.263221914726135,175.46971597035116,3.641488821496625,0.0
2023-11-02 21:00:00,13.6,106.4027792921996,211.82823145590584,0.22984645157896205,0.0
2023-11-02 22:00:00,13.8,164.00317851163982,441.7168629889446,6.133914588314259e-16,0.0
2023-11-02 23:00:00,14.2,220.43539817555973,398.15995023615903,5.646925389390329e-15,0.0
2023-11-03 00:00:00,13.6,292.56934028858143,505.60194606803685,7.754012833257466e-14,0.0
2023-11-03 01:00:00,13.6,332.9385365020961,532.5285053887874,1.1921286933157359e-14,0.0
2023-11-03 02:00:00,8.9,655.9768759802719,1008.4351436329314,4.0074908643653177e-14,0.0
2023-11-03 03:00:00,8.9,772.4033653307735,1036.0677364278438,0.0,0.0
2023-11-03 04:00:00,8.9,806.7187490146584,978.9311436016037,9.159979118549293e-14,0.0
2023-11-03 05:00:00,8.2,850.6426680930094,1018.9366446484187,1.4721395011954223e-13,0.0
2023-11-03 06:00:00,7.5,876.1175858031199,973.1959245894806,1.7665674014345072e-13,0.0
2023-11-03 07:00:00,7.4,892.7486462935569,974.2707210270723,4.847296740198927e-14,0.0
2023-11-03 08:00:00,8.0,893.1636516182346,875.5843056124443,2.0914538479223437e-16,0.0
2023-11-03 09:00:00,8.3,698.3977289735269,663.0574281400795,5.0194892350136244e-15,0.0
2023-11-03 10:00:00,8.2,759.1491331593138,826.6702085244879,1.4354275165687521e-13,0.0
2023-11-03 11:00:00,8.4,789.8165021026437,806.7025885262672,8.363185562424259e-14,0.0
2023-11-03 12:00:00,8.8,698.7417279573841,580.0120433272273,6.776310467268396e-14,0.0
2023-11-03 13:00:00,8.3,809.8946512550148,736.3432625665539,9.836734854175257e-14,0.0
2023-11-03 14:00:00,8.1,879.5188906504359,687.6190253678367,1.5100970653366687e-13,0.0
2023-11-03 15:00:00,7.8,960.979708891803,719.1295129009866,3.9257053365211274e-14,0.0
2023-11-03 16:00:00,7.5,1108.740855052994,747.5743587203235,3.422493806301829e-14,0.0
2023-11-03 17:00:00,7.0,1150.2651047658514,781.4256883207108,8.832837007172533e-14,0.0
2023-11-03 18:00:00,6.7,1117.0793475739274,693.9579412683456,5.605096312431882e-14,0.0
2023-11-03 19:00:00,6.8,1152.1568035731536,708.6033609997954,1.8669571861347797e-13,0.0
2023-11-03 20:00:00,7.2,1206.4027289876024,769.4653914022504,1.3577675521008127e-17,0.0
2023-11-03 21:00:00,7.6,1241.030056439713,751.3581845869207,1.4354275165687521e-13,0.0
2023-11-03 22:00:00,7.7,1330.1966088990139,878.7930580751683,1.8321635790324207e-13,0.0
2023-11-03 23:00:00,7.5,1425.4054132804522,909.4046934298927,6.951769866756161e-15,0.0
2023-11-04 00:00:00,7.5,1475.5948735735872,974.1442743074683,0.0,0.0
2023-11-04 01:00:00,7.2,1558.5127261419343,1128.70404917674,3.357256903434587e-14,0.0
2023-11-04 02:00:00,6.5,1660.6465593505663,1168.4511686980213,3.959168598087883e-13,0.0
2023-11-04 03:00:00,6.4,1702.6813858944206,1188.3684024248316,1.1738053303705591e-13,0.0
2023-11-04 04:00:00,6.0,1771.6526819265855,1286.6880582929043,3.8982344783870194e-13,0.0
2023-11-04 05:00:00,5.4,1798.8625472031154,1430.153412957494,7.851410673042253e-14,0.0
2023-11-04 06:00:00,4.4,1846.786030371813,1486.9451919001037,1.673163078337875e-15,0.0
2023-11-04 07:00:00,3.8,1859.9351674537418,1537.6345614755387,5.933501030526577e-14,0.0
2023-11-04 08:00:00,6.1,402.4052531559637,448.95979527839825,5.2286346198058594e-17,0.0
2023-11-04 09:00:00,7.7,0.0,224.96581011904985,0.0,0.0
2023-11-04 10:00:00,9.1,0.0,93.03581230214445,0.0,0.0
2023-11-04 11:00:00,10.1,0.0,0.0,0.0,16.278928165642288
2023-11-04 12:00:00,11.2,0.0,0.0,18.9307659857424,93.38333718384132
2023-11-04 13:00:00,12.2,2.408144011060542e-14,0.0,255.2192199078715,615.062210129618
2023-11-04 14:00:00,12.6,2.183233809489019e-14,0.0,205.59347274437042,423.21714204923245
2023-11-04 15:00:00,11.8,3.4758849333780806e-15,0.0,55.913882077118465,135.4987750134682
2023-11-04 16:00:00,10.4,33.11592424168221,16.85156050474314,5.018657390438939e-16,0.0
2023-11-04 17:00:00,9.2,373.70314573367676,377.0961860395872,3.613898011615152e-14,0.0
2023-11-04 18:00:00,8.7,584.149056915579,534.6024789454664,1.32492555107588e-13,0.0
2023-11-04 19:00:00,8.3,656.2871893650785,575.1358805016674,6.675188659342398e-14,0.0
2023-11-04 20:00:00,8.2,738.2308966600152,657.6726475619746,4.887142803206438e-14,0.0
2023-11-04 21:00:00,8.0,808.67936262386,671.1647580458887,4.5175403115122635e-14,0.0
2023-11-04 22:00:00,8.0,916.8791421549217,818.9611058605781,4.2216228240166954e-14,0.0
2023-11-04 23:00:00,7.8,1013.7021962659285,847.7007070569941,1.0038978470027247e-14,0.0
2023-11-05 00:00:00,6.7,1154.189536209819,1033.9394594278108,2.0946928173399013e-14,0.0
2023-11-05 01:00:00,7.7,1149.4071316251466,1114.8261841806996,5.848580269891748e-14,0.0
2023-11-05 02:00:00,8.2,1152.874385524521,1072.0920154485702,8.526903801950285e-14,0.0
2023-11-05 03:00:00,8.7,1147.8890982908606,1089.2403589829423,6.951769866756161e-15,0.0
2023-11-05 04:00:00,8.9,1148.9396479124498,987.459403454197,8.365815391689374e-16,0.0
2023-11-05 05:00:00,9.0,1083.8155762895458,990.7570749440061,1.3514863403405329e-14,0.0
2023-11-05 06:00:00,9.2,980.7687339974167,766.7403000341078,2.3424283096730255e-14,0.0
2023-11-05 07:00:00,9.2,951.1809377626581,758.6063251887863,4.1829076958446875e-16,0.0
2023-11-05 08:00:00,9.1,986.631658353708,730.6045424026181,6.880588791989227e-14,0.0
2023-11-05 09:00:00,9.2,916.3767297489412,688.957953321049,1.3938210800064912e-13,0.0
2023-11-05 10:00:00,9.8,570.9111123948928,502.15530368391944,1.331199912619647e-13,0.0
2023-11-05 11:00:00,11.2,0.0,23.90860434963186,0.0,0.0
2023-11-05 12:00:00,12.4,0.0,0.0,4.242939948503285,115.20039884575505
2023-11-05 13:00:00,13.1,1.235545652789015e-14,0.0,180.33794447085273,649.5850135355793
2023-11-05 14:00:00,13.6,1.2708591459085433e-13,0.0,680.6104263247637,658.1520356525313
2023-11-05 15:00:00,13.6,6.951769866756161e-15,0.0,171.46046665052407,285.0948286588996
2023-11-05 16:00:00,11.3,0.0,15.92353672581019,0.0,0.0
2023-11-05 17:00:00,11.6,105.28890856512407,162.18945391654285,2.4340862673687462e-14,0.0
2023-11-05 18:00:00,10.3,423.316089713231,266.31639574926515,2.422341211444512e-14,0.0
2023-11-05 19:00:00,8.7,631.0522272162154,557.9882953584546,8.996408062860914e-14,0.0
2023-11-05 20:00:00,8.9,723.6310452022035,573.534719005429,2.464801591761926e-14,0.0
2023-11-05 21:00:00,10.4,686.989277482563,432.03465191093653,2.2587701557561317e-14,0.0
2023-11-05 22:00:00,11.2,691.0084307036043,589.5364400860786,1.6357105568838024e-15,0.0
2023-11-05 23:00:00,11.6,727.1346720766003,575.7216306922517,2.3005992327145786e-14,0.0
2023-11-06 00:00:00,11.6,775.2901055428852,788.6361697309287,1.076320244483397e-14,0.0
2023-11-06 01:00:00,11.1,866.2220080043365,968.9879574877352,4.01247743922446e-14,0.0
2023-11-06 02:00:00,11.2,917.5761520562489,899.2183559880945,3.262668002758856e-14,0.0
2023-11-06 03:00:00,10.5,1014.1171983807715,1042.5108561567386,2.2587701557561317e-14,0.0
2023-11-06 04:00:00,9.3,1185.5431861768902,1150.5790851019478,4.5175403115122635e-14,0.0
2023-11-06 05:00:00,9.3,1177.0698803937385,1129.2997706819483,1.7929256776080205e-13,0.0
2023-11-06 06:00:00,9.7,1081.536510678845,967.9666107595108,3.271421113767605e-15,0.0
2023-11-06 07:00:00,10.1,984.9850631152249,933.9921373217392,0.0,0.0
2023-11-06 08:00:00,10.9,76.58554540945568,216.74523034573775,1.694077616817099e-14,0.0
2023-11-06 09:00:00,12.8,1.4814464756116606e-16,0.0,2.9591316059905566,0.0
2023-11-06 10:00:00,14.4,0.0,0.0,36.0813595963121,33.98736596161402
2023-11-06 11:00:00,14.9,0.0,0.0,60.60008977223609,25.681026948119957
2023-11-06 12:00:00,14.9,7.110943082935968e-15,0.0,32.25740231147367,21.395318292738104
2023-11-06 13:00:00,15.4,7.691037499362609e-15,0.0,372.4233670390464,401.08764561390615
2023-11-06 14:00:00,15.4,3.271421113767605e-15,0.0,711.6352323971144,392.0432216866592
2023-11-06 15:00:00,14.8,2.126423723948944e-14,0.0,406.0466599430387,65.88816607301752
2023-11-06 16:00:00,12.9,8.888678853669958e-16,29.250855102822946,5.35810610707669,0.0
2023-11-06 17:00:00,10.8,57.72897900521875,373.8675786321345,5.753799601223648e-15,0.0
2023-11-06 18:00:00,8.8,370.4567501122237,732.7168353924128,4.493092435940195e-14,0.0
2023-11-06 19:00:00,7.4,562.5306293175503,953.5497058284857,1.32492555107588e-13,0.0
2023-11-06 20:00:00,9.9,588.4265405459083,702.3742290850757,1.3350377318684796e-13,0.0
2023-11-06 21:00:00,9.4,712.1183734369868,801.3449259326759,8.914622535016724e-14,0.0
2023-11-06 22:00:00,6.6,966.5793142293704,1191.0191232320335,1.167468902691105e-14,0.0
2023-11-06 23:00:00,6.2,1143.0318055832354,1418.539575248084,3.271421113767605e-15,0.0
2023-11-07 00:00:00,5.4,1182.1913513492618,1541.1136767841956,8.916495161089427e-14,0.0
2023-11-07 01:00:00,5.8,1256.7650793494577,1500.0925113938229,4.108002652936542e-15,0.0
2023-11-07 02:00:00,6.1,1289.2564819560412,1503.2547726559837,1.049101907692878e-13,0.0
2023-11-07 03:00:00,6.5,1326.2142686358225,1416.0239872998152,1.0337671212220923e-13,0.0
2023-11-07 04:00:00,7.3,1316.9669993851678,1379.8486556248286,6.281089523864385e-14,0.0
2023-11-07 05:00:00,7.5,1322.525151506668,1313.8531810204645,1.396468380654838e-13,0.0
2023-11-07 06:00:00,8.0,1261.7875902791918,1174.9697362379784,9.292533023610325e-14,0.0
2023-11-07 07:00:00,7.8,1261.1234392160823,1040.9130607406996,1.7749332168261965e-13,0.0
2023-11-07 08:00:00,8.8,290.7509955395874,429.1676693281074,4.907131670651407e-15,0.0
2023-11-07 09:00:00,10.8,5.925785902446641e-16,0.0,2.540221107973255,0.0
2023-11-07 10:00:00,12.1,3.1151468467025306e-15,0.0,35.21591328749002,0.0
2023-11-07 11:00:00,13.1,3.535179441065118e-14,0.0,229.4542148402282,22.09204083401092
2023-11-07 12:00:00,13.6,8.501633991970883e-14,0.0,631.9031312499932,20.75861074629333
2023-11-07 13:00:00,13.8,8.487578654423508e-14,0.0,852.0502176970351,203.41048349072804
2023-11-07 14:00:00,13.2,1.5388471965537184e-13,0.0,612.8635813452361,57.61874240925613
2023-11-07 15:00:00,12.8,1.9397498520291526e-14,0.0,256.46440635682444,19.522035738833416
2023-11-07 16:00:00,12.0,0.0,90.3179570409428,0.0,0.0
2023-11-07 17:00:00,11.1,41.19290653702904,469.1092505611514,4.0957388769838155e-15,0.0
2023-11-07 18:00:00,9.0,268.20631331295215,709.5090240275779,0.0,0.0
2023-11-07 19:00:00,8.1,448.17770762068017,816.0446187449302,9.962222085050599e-14,0.0
2023-11-07 20:00:00,6.8,629.1210822575297,1096.378515617956,1.3101225575029008e-05,0.0
2023-11-07 21:00:00,6.0,805.9196062992451,1242.4108348942532,6.6551997918974264e-15,0.0
2023-11-07 22:00:00,6.5,836.1221710260387,1168.2925831780528,0.0,0.0
2023-11-07 23:00:00,7.4,890.7349328139154,1284.9566077244585,5.0194892350136244e-15,0.0
2023-11-08 00:00:00,7.5,931.0641796216139,1283.7329284075722,7.251116954717654e-14,0.0
2023-11-08 01:00:00,7.5,977.9166430973517,1328.70051486757,1.1745891385682186e-13,0.0
2023-11-08 02:00:00,8.8,939.3697079179622,1165.1309750500977,1.5344454610826552e-13,0.0
2023-11-08 03:00:00,8.3,996.9900260002847,1187.5487217544496,2.0914538479223432e-14,0.0
2023-11-08 04:00:00,8.2,1043.5592057121046,1193.1632193642126,4.601198465429157e-14,0.0
2023-11-08 05:00:00,8.0,1025.0050843092308,1172.4270174473581,1.2179163163848283e-13,0.0
2023-11-08 06:00:00,7.5,1035.5166920529646,1149.6214397030672,2.0580579734923228e-13,0.0
2023-11-08 07:00:00,7.1,1109.3241413544933,1196.9842103615315,2.610891966237846e-13,0.0
2023-11-08 08:00:00,7.5,342.3399133861234,517.3531213692106,4.4164185035862666e-14,0.0
2023-11-08 09:00:00,8.4,8.888678853669962e-17,22.6728469021613,3.272375555709968,0.0
2023-11-08 10:00:00,9.4,0.0,0.0,27.617747437347404,0.0
2023-11-08 11:00:00,10.6,5.213827400067122e-15,0.0,70.32992684701223,0.0
2023-11-08 12:00:00,11.2,0.0,0.0,131.9403466871533,26.41829556704294
2023-11-08 13:00:00,11.7,3.7780516024507276e-14,0.0,262.8533718549427,5.376487450148854
2023-11-08 14:00:00,11.9,1.3903539733512319e-14,0.0,96.57776048599379,0.0
2023-11-08 15:00:00,11.6,7.110943082935968e-15,0.0,89.36990009554617,9.57661039843823
2023-11-08 16:00:00,10.4,9.08155561558418,132.09984107000614,0.0,0.0
2023-11-08 17:00:00,9.1,309.95178845403296,568.8689660717183,1.752547025232645e-15,0.0
2023-11-08 18:00:00,7.5,611.0062626303061,944.8596489773233,3.365683720761754e-14,0.0
2023-11-08 19:00:00,6.5,746.9077612441586,1056.3550440361244,1.113249992685076e-13,0.0
2023-11-08 20:00:00,5.5,957.41546764195,1273.2671395046616,2.760719079257494e-14,0.0
2023-11-08 21:00:00,4.7,1125.2092858950668,1438.5635529659644,1.049101907692878e-13,0.0
2023-11-08 22:00:00,3.8,1328.5326790574904,1686.8245127919063,1.0875560009196185e-14,0.0
2023-11-08 23:00:00,2.9,1505.682640569917,1783.4961691097546,4.4201637557316755e-14,0.0
2023-11-09 00:00:00,3.1,1592.9971987643034,1780.825462328105,2.542134311682395e-15,0.0
2023-11-09 01:00:00,2.1,1730.781218847586,1921.9196481755519,9.035080623024527e-14,0.0
2023-11-09 02:00:00,1.4,1869.2050657325533,2056.354311321959,6.521285743694921e-14,0.0
2023-11-09 03:00:00,0.8,1976.1991403290135,2165.937365410955,1.673163078337875e-15,0.0
2023-11-09 04:00:00,0.9,2038.6733089897368,2196.270705880793,1.8000306630012647e-13,0.0
2023-11-09 05:00:00,0.3,2060.071710588797,2239.7630674064367,3.6026525015365746e-13,0.0
2023-11-09 06:00:00,0.8,1964.1517328263558,2115.883592008402,2.044638196104753e-14,0.0
2023-11-09 07:00:00,-0.1,1991.0183374455037,2290.4264892015044,2.0077956940054494e-14,0.0
2023-11-09 08:00:00,2.7,689.378690234231,1151.1844572895552,3.375993806163722e-15,0.0
2023-11-09 09:00:00,5.3,0.0,165.19005638238687,0.0,0.0
2023-11-09 10:00:00,7.5,0.0,24.64220746509646,6.10100536020108,0.0
2023-11-09 11:00:00,9.2,8.689712333445199e-16,0.0,33.39316120412616,0.0
2023-11-09 12:00:00,10.7,2.6412327654164836e-14,0.0,174.5644355800397,26.41829556704294
2023-11-09 13:00:00,11.6,5.4296794809525107e-14,0.0,538.9278172787925,219.89160367635012
2023-11-09 14:00:00,10.9,0.0,0.0,168.48237599535864,5.564415762226348
2023-11-09 15:00:00,10.9,0.0,0.0,87.61678090932097,8.274583078610755
2023-11-09 16:00:00,8.8,7.006621345283086,337.6825870503833,4.0335181352788054e-16,0.0
2023-11-09 17:00:00,6.8,343.63739721890926,1064.0907226208246,2.6344870547539117e-14,0.0
2023-11-09 18:00:00,5.5,672.837524051486,1195.3828278340236,3.4077303268412547e-16,0.0
2023-11-09 19:00:00,4.5,790.5374297135311,1353.9554981271747,2.2587701557561317e-14,0.0
2023-11-09 20:00:00,3.4,1078.7515967193722,1561.3026705084703,5.521438158514988e-14,0.0
2023-11-09 21:00:00,2.6,1180.9651354895539,1690.3965775143156,4.252847447897888e-14,0.0
2023-11-09 22:00:00,2.0,1346.438482921139,1835.3711932853066,8.770387759410151e-14,0.0
2023-11-09 23:00:00,2.2,1453.423935293502,1869.002722763662,4.644647027096383e-14,0.0
2023-11-10 00:00:00,2.4,1537.8756600834204,1838.3097707441354,1.834040461905964e-13,0.0
2023-11-10 01:00:00,3.1,1539.2403769105292,1828.053462211497,3.984888834020239e-13,0.0
2023-11-10 02:00:00,2.6,1622.4376969849986,1876.394191070502,8.624932945094035e-15,0.0
2023-11-10 03:00:00,3.4,1619.8769828960653,1818.2190802805292,1.673163078337875e-15,0.0
2023-11-10 04:00:00,4.7,1517.3192775005066,1682.1024674020668,1.7665674014345072e-13,0.0
2023-11-10 05:00:00,3.6,1577.448360929257,1796.034850410535,6.79599432503598e-14,0.0
2023-11-10 06:00:00,3.8,1551.5284248646826,1746.25420384287,6.525336005517712e-14,0.0
2023-11-10 07:00:00,4.5,1476.1649978152318,1632.263165447647,4.108002652936542e-15,0.0
2023-11-10 08:00:00,5.2,1444.4083370710496,1505.7795517601387,2.610891966237846e-13,0.0
2023-11-10 09:00:00,5.8,1377.726206705675,1377.924845588425,1.3514863403405329e-14,0.0
2023-11-10 10:00:00,7.4,1174.0125794564124,969.5141913529521,1.3514863403405329e-14,0.0
2023-11-10 11:00:00,10.4,25.516575119384825,18.327818024622367,0.0,0.0
2023-11-10 12:00:00,11.2,0.0,23.23116909902643,0.0,0.0
2023-11-10 13:00:00,11.4,2.388055852514429,90.03821200661055,3.529328368368956e-16,0.0
2023-11-10 14:00:00,11.1,197.0406674733834,505.39676286112564,1.2520633696443507e-14,0.0
2023-11-10 15:00:00,10.8,468.6350991100088,533.2247596424437,0.0,0.0
2023-11-10 16:00:00,9.6,775.4019795727187,723.5120952626834,8.15863659610113e-05,0.0
2023-11-10 17:00:00,8.6,944.5444682964501,813.0181501840359,1.1091607162928665e-13,0.0
2023-11-10 18:00:00,8.6,908.8714831157956,773.2849318035346,6.184475492277259e-14,0.0
2023-11-10 19:00:00,8.4,961.6389785242209,809.2875253577752,1.4437933319604415e-13,0.0
2023-11-10 20:00:00,8.3,1057.3300579711622,867.6693196900035,2.092834201710393e-13,0.0
2023-11-10 21:00:00,8.2,1135.9475917179918,909.6906795431869,1.8669571861347797e-13,0.0
2023-11-10 22:00:00,7.8,1306.3311528856723,1086.5581331986962,3.4758849333780806e-15,0.0
2023-11-10 23:00:00,7.2,1435.7041798466544,1280.6852318675271,1.5167775172629246e-14,0.0
2023-11-11 00:00:00,6.9,1516.7777958822176,1352.1620767897948,1.190536961153938e-13,0.0
2023-11-11 01:00:00,7.0,1571.880987287814,1386.5555628256452,2.8554689983735966e-13,0.0
2023-11-11 02:00:00,7.3,1521.617583572251,1362.2307071421124,4.093021644354915e-14,0.0
2023-11-11 03:00:00,7.2,1539.3480446457852,1363.8536323643846,3.006397699670807e-13,0.0
2023-11-11 04:00:00,7.0,1591.5373833681515,1382.8831687797046,1.7665674014345072e-13,0.0
2023-11-11 05:00:00,6.8,1553.5125207861793,1377.7334887182444,6.6926523133515e-14,0.0
2023-11-11 06:00:00,6.7,1493.4564724568786,1244.2264728304813,3.9257053365211274e-14,0.0
2023-11-11 07:00:00,6.6,1471.0076852552772,1238.3457296612874,9.836734854175257e-14,0.0
2023-11-11 08:00:00,6.8,1463.2098804070897,1206.5353568333571,4.5175403115122635e-14,0.0
2023-11-11 09:00:00,7.3,1308.3677676311133,1066.0823812079534,9.52801399384815e-14,0.0
2023-11-11 10:00:00,8.2,1044.7258766355249,760.1348044756346,5.687991942155315e-14,0.0
2023-11-11 11:00:00,9.8,466.78039744611584,233.1514733317781,2.0914538479223437e-16,0.0
2023-11-11 12:00:00,9.3,245.06226295213168,151.1751801139805,2.714208437117287e-15,0.0
2023-11-11 13:00:00,9.3,204.86266649071007,229.30093254229868,2.509744617506812e-15,0.0
2023-11-11 14:00:00,9.2,399.04354625142037,382.4790753693011,0.0,0.0
2023-11-11 15:00:00,8.6,603.6779782604292,635.6365600072509,0.0,0.0
2023-11-11 16:00:00,7.7,1073.5321393828192,759.6457834291102,1.379700297464643e-13,0.0
2023-11-11 17:00:00,7.2,1250.3408939626174,999.1298596350474,1.4066000687321464e-13,0.0
2023-11-11 18:00:00,6.8,1228.8303403421216,1055.0671886621485,7.379423766704147e-15,0.0
2023-11-11 19:00:00,6.5,1316.184448254208,1056.3550440361244,4.252847447897888e-14,0.0
2023-11-11 20:00:00,6.0,1441.9437341328512,1214.5545806826087,5.483375617706147e-14,0.0
2023-11-11 21:00:00,5.6,1541.3376813649925,1285.33563230152,1.8836888169181584e-13,0.0
2023-11-11 22:00:00,5.5,1722.542087249095,1453.7551672966856,2.7666589943563485e-13,0.0
2023-11-11 23:00:00,5.2,1821.0434905027455,1548.6912712417347,4.137465038623265e-14,0.0
2023-11-12 00:00:00,4.8,1927.5486383090724,1610.0054930302044,2.2360987902930735e-13,0.0
2023-11-12 01:00:00,4.3,2024.8412380328352,1708.2277560520981,1.7710617040089958e-13,0.0
2023-11-12 02:00:00,4.3,2069.0970151778747,1714.4198079878952,1.724986589018807e-14,0.0
2023-11-12 03:00:00,4.1,2110.377152815878,1728.6320669507436,6.54284222753521e-15,0.0
2023-11-12 04:00:00,4.2,2116.6483863546027,1741.7652964088436,1.724986589018807e-14,0.0
2023-11-12 05:00:00,4.0,2063.702651676479,1729.8377020450748,2.0077956940054494e-14,0.0
2023-11-12 06:00:00,4.0,1967.2366397562027,1668.6969328204111,4.5175403115122635e-14,0.0
2023-11-12 07:00:00,3.8,1952.041162456725,1726.937301209489,2.1063823681701752e-13,0.0
2023-11-12 08:00:00,4.3,1071.7374005936751,1050.7502251305982,3.271421113767605e-15,0.0
2023-11-12 09:00:00,6.1,50.36039810546254,160.2849337901305,5.960643466578681e-15,0.0
2023-11-12 10:00:00,7.5,0.0,24.64220746509646,0.0,0.0
2023-11-12 11:00:00,8.7,0.0,0.0,0.0,0.0
2023-11-12 12:00:00,9.6,0.0,0.0,0.0,17.369915569984954
2023-11-12 13:00:00,10.3,3.8030270447548407e-14,0.0,164.6762809139887,9.41432250434048
2023-11-12 14:00:00,10.9,7.360697505977111e-15,0.0,385.649044271479,9.110415749896749
2023-11-12 15:00:00,10.3,0.0,12.585992475220616,24.219395603256594,5.046973789233214
2023-11-12 16:00:00,6.8,134.82456144847066,463.1981965800386,9.357888469337343e-15,0.0
2023-11-12 17:00:00,5.0,745.111296095969,1295.5148097033243,7.871842359777299e-14,0.0
2023-11-12 18:00:00,4.0,992.0078491817271,1388.9084820560693,1.0799175431846301e-13,0.0
2023-11-12 19:00:00,2.9,1104.9957756817068,1560.0139145389135,4.252847447897888e-14,0.0
2023-11-12 20:00:00,3.6,1173.7804192668573,1550.1819795011422,4.971432260482299e-14,0.0
2023-11-12 21:00:00,5.2,1121.8639192098976,1366.0775318878495,4.5593693884707103e-14,0.0
2023-11-12 22:00:00,4.8,1291.7904083566752,1555.8973708352728,1.7749332168261965e-13,0.0
2023-11-12 23:00:00,2.6,1539.8155378773695,1814.1040136069912,2.1591379350866198e-13,0.0
2023-11-13 00:00:00,1.1,1751.0554895482292,2054.7573947795654,1.1105325564792361e-13,0.0
2023-11-13 01:00:00,2.3,1750.5605194121933,1975.6563168771208,3.3981496673566814e-14,0.0
2023-11-13 02:00:00,1.9,1823.7997884784563,2087.091562378393,6.665520519301497e-14,0.0
2023-11-13 03:00:00,3.0,1797.7533980572423,1927.3836305228097,4.093021644354915e-14,0.0
2023-11-13 04:00:00,3.5,1885.830875971258,1922.0219409093245,8.888678853669958e-16,0.0
2023-11-13 05:00:00,3.6,1833.48122473084,1889.7117106995345,1.775456080288177e-13,0.0
2023-11-13 06:00:00,4.2,1692.1530281245264,1808.3866442117337,0.0,0.0
2023-11-13 07:00:00,4.0,1607.075517468948,1772.8245709097462,0.0,0.0
2023-11-13 08:00:00,5.3,1396.6948810662325,1470.9037207791405,1.967346970835052e-13,0.0
2023-11-13 09:00:00,6.4,1058.3645056875912,1038.4808830933607,1.0875560009196185e-14,0.0
2023-11-13 10:00:00,7.7,293.42074199115,415.8102643143655,2.509744617506812e-15,0.0
2023-11-13 11:00:00,7.0,709.545591676125,825.2541117861159,2.464801591761926e-14,0.0
2023-11-13 12:00:00,6.6,921.9029544907826,803.2269696647309,1.3762440190696387e-13,0.0
2023-11-13 13:00:00,6.7,908.1579770813966,781.0699756449674,2.3228941249818507e-13,0.0
2023-11-13 14:00:00,6.8,851.8242588261836,646.5563828086185,2.966750515263289e-14,0.0
2023-11-13 15:00:00,6.8,1054.4966160565716,1053.762937081902,1.35241715653537e-13,0.0
2023-11-13 16:00:00,6.6,1243.6332214838246,922.3806081262624,8.365815391689374e-16,0.0
2023-11-13 17:00:00,6.5,1277.487701958873,948.5386612642761,1.0184323347513066e-13,0.0
2023-11-13 18:00:00,6.8,1233.001523927589,971.6094522299172,4.2732938298589355e-14,0.0
2023-11-13 19:00:00,6.8,1295.850809027296,976.0010019580119,0.0,0.0
2023-11-13 20:00:00,6.7,1403.1046022680316,1102.4195487298114,7.019794424728261e-14,0.0
2023-11-13 21:00:00,6.8,1433.9124715737357,1140.0494425158074,1.4045554305360414e-13,0.0
2023-11-13 22:00:00,7.7,1442.7671428536946,1102.4399464450526,9.654437537759842e-14,0.0
2023-11-13 23:00:00,8.6,1447.1722719745599,1122.2444278064852,4.5175403115122635e-14,0.0
2023-11-14 00:00:00,9.8,1431.081186223917,1093.480284416012,4.014592125057827e-14,0.0
2023-11-14 01:00:00,11.0,1315.165359287146,984.6880823951499,5.018489972060552e-14,0.0
2023-11-14 02:00:00,8.7,1461.6400434059904,1264.8660377127758,2.5306591559860352e-14,0.0
2023-11-14 03:00:00,10.1,1399.165386388972,1186.3908375059427,8.320577998269201e-15,0.0
2023-11-14 04:00:00,12.7,1187.4622019522308,900.6118482681678,1.0252763754088718e-13,0.0
2023-11-14 05:00:00,13.0,1105.5614501348073,838.0453692259931,4.663647713191542e-14,0.0
2023-11-14 06:00:00,12.8,1057.034011051199,859.5086946082849,3.3071113970272067e-14,0.0
2023-11-14 07:00:00,13.1,984.9853803817762,680.5576221122424,1.45003825673668e-13,0.0
2023-11-14 08:00:00,13.2,911.2364848411726,553.6383036299494,0.0,0.0
2023-11-14 09:00:00,13.3,716.90537648681,456.59347417307936,6.695635041303448e-14,0.0
2023-11-14 10:00:00,12.9,561.4901056216594,397.49413522594136,2.126423723948944e-14,0.0
2023-11-14 11:00:00,14.1,0.0,0.0,0.0,0.0
2023-11-14 12:00:00,15.1,0.0,0.0,0.0,36.81497532418883
2023-11-14 13:00:00,15.2,0.0,0.0,0.0,33.031828462372786
2023-11-14 14:00:00,14.3,0.0,0.0,0.0,17.84668822917753
2023-11-14 15:00:00,13.8,0.0,7.067048560153436,0.0,0.0
2023-11-14 16:00:00,13.8,60.34156625609047,242.15653246895081,7.555339662823307e-15,0.0
2023-11-14 17:00:00,13.5,358.14443887677817,330.7694440294754,4.873223128292278e-14,0.0
2023-11-14 18:00:00,13.2,390.2570328794784,333.4066251676562,8.832837007172533e-14,0.0
2023-11-14 19:00:00,12.9,398.4663232829196,362.99335468406105,3.281089253808508e-14,0.0
2023-11-14 20:00:00,12.3,516.2019780255384,395.36027602378954,3.446227925892207e-14,0.0
2023-11-14 21:00:00,10.9,669.9824145052542,645.3288908778019,1.1122831786809858e-13,0.0
2023-11-14 22:00:00,9.4,874.2608669438106,915.7420991349668,5.5944918593546276e-14,0.0
2023-11-14 23:00:00,9.5,1008.9401843296854,1054.8591356041713,5.2567452949006127e-14,0.0
2023-11-15 00:00:00,9.4,1073.3152509108081,1146.0548147970424,8.832837007172533e-14,0.0
2023-11-15 01:00:00,9.2,1119.7299656695695,1234.857895587454,1.3704693792119958e-13,0.0
2023-11-15 02:00:00,9.3,1145.3211098800982,1254.5084681215485,2.703386220465025e-13,0.0
2023-11-15 03:00:00,10.4,1144.5735792961464,1171.6677418453621,2.849842606553806e-14,0.0
2023-11-15 04:00:00,10.5,1137.1413429184354,1151.036635163916,3.271421113767605e-15,0.0
2023-11-15 05:00:00,10.8,1051.4084683279734,1035.0946844377024,5.380033606021667e-14,0.0
2023-11-15 06:00:00,10.8,943.508901940422,838.5019718478652,5.8459451196255825e-15,0.0
2023-11-15 07:00:00,10.6,905.0073426216209,905.5591228841392,8.832837007172533e-14,0.0
2023-11-15 08:00:00,10.8,916.504777837393,775.2897165510775,5.583887406277373e-14,0.0
2023-11-15 09:00:00,10.3,942.6990219757042,878.3620622847558,8.365815391689374e-16,0.0
2023-11-15 10:00:00,9.6,1014.9320044198228,963.2214339391172,0.0,0.0
2023-11-15 11:00:00,10.4,872.5624974737384,666.2099329992038,8.365815391689374e-16,0.0
2023-11-15 12:00:00,11.9,14.910092541430702,0.0,0.0,0.0
2023-11-15 13:00:00,12.8,0.0,0.0,0.0,26.073321331013112
2023-11-15 14:00:00,12.9,5.333207312201975e-16,0.0,2.0011425263153546,48.42310842125755
2023-11-15 15:00:00,12.2,0.0,0.0,0.8155511038017614,0.0
2023-11-15 16:00:00,10.9,173.62902299327828,162.79084750425952,2.3951271314548318e-14,0.0
2023-11-15 17:00:00,10.4,614.1845548649165,611.5209061581841,1.9695444692137467e-13,0.0
2023-11-15 18:00:00,9.8,701.7931853578618,682.5896633878077,2.2899947796373242e-14,0.0
2023-11-15 19:00:00,9.2,816.701051875171,757.148526212631,6.913370390263637e-14,0.0
2023-11-15 20:00:00,9.2,935.9318854575329,870.2131013529831,1.8711400938306243e-13,0.0
2023-11-15 21:00:00,8.9,1014.6950529402338,954.0241270160302,1.1418749274305425e-13,0.0
2023-11-15 22:00:00,8.7,1148.1575145173492,1100.3208320771178,2.652098253439005e-13,0.0
2023-11-15 23:00:00,8.2,1276.441659670591,1143.0924196820827,1.0004051162009045e-13,0.0
2023-11-16 00:00:00,8.7,1298.1074601653188,1275.5651236836425,1.544183116660714e-13,0.0
2023-11-16 01:00:00,8.4,1354.1075148346881,1350.003021141182,1.3453719330369276e-13,0.0
2023-11-16 02:00:00,8.7,1371.6772071643354,1359.4127244058059,1.4681417277064283e-13,0.0
2023-11-16 03:00:00,8.2,1441.0367167848576,1379.5954222925448,6.951769866756161e-15,0.0
2023-11-16 04:00:00,7.8,1496.4442670342482,1413.7419158319287,2.044638196104753e-14,0.0
2023-11-16 05:00:00,7.8,1456.4813025637686,1407.7804542305562,9.2648461786207e-14,0.0
2023-11-16 06:00:00,7.7,1362.3698794931902,1307.4737893043932,1.4146981122963789e-14,0.0
2023-11-16 07:00:00,7.7,1353.7274730412134,1284.6994368250348,3.9257053365211274e-14,0.0
2023-11-16 08:00:00,7.6,816.095213414355,796.6536440226662,5.0194892350136244e-15,0.0
2023-11-16 09:00:00,9.0,7.371507362800235,80.494235818012,1.411731347347582e-15,0.0
2023-11-16 10:00:00,10.7,0.0,0.0,0.0,0.0
2023-11-16 11:00:00,11.5,0.0,0.0,0.0,0.0
2023-11-16 12:00:00,12.4,0.0,0.0,9.373583460970952,0.0
2023-11-16 13:00:00,12.9,8.137660020496918e-15,0.0,235.27177547236852,25.864632988704777
2023-11-16 14:00:00,13.2,7.92879836137787e-15,0.0,354.44440504962796,25.572132506995214
2023-11-16 15:00:00,12.2,3.555471541467983e-15,0.0,34.30739883957715,19.800806864387148
2023-11-16 16:00:00,10.2,0.0,373.07573936949586,0.0,0.0
2023-11-16 17:00:00,10.4,190.6495918551642,626.8169420596912,1.583258278398197e-14,0.0
2023-11-16 18:00:00,10.4,350.84374319773735,633.0995120589697,7.842951929708787e-17,0.0
2023-11-16 19:00:00,10.2,402.70986684858156,668.2442425716885,5.671290812339673e-14,0.0
2023-11-16 20:00:00,9.8,539.2143442881211,845.5431712741058,8.178552784419014e-16,0.0
2023-11-16 21:00:00,9.2,734.5319098105106,955.9309255058588,1.321803088687761e-13,0.0
2023-11-16 22:00:00,6.6,966.786888142637,1361.2337448317217,9.886303903603922e-06,0.0
2023-11-16 23:00:00,7.9,965.8242061740712,1230.8012782800774,4.601198465429157e-14,0.0
2023-11-17 00:00:00,5.8,1168.5623188479065,1657.4044029551544,1.0875560009196185e-14,0.0
2023-11-17 01:00:00,6.8,1196.3630077891899,1616.9873139067909,2.327000780258349e-13,0.0
2023-11-17 02:00:00,7.2,1189.3196220527957,1567.1785540636843,1.0875560009196185e-14,0.0
2023-11-17 03:00:00,7.2,1230.2303582126644,1572.4617057864525,5.604333788238421e-14,0.0
2023-11-17 04:00:00,7.2,1263.9459934150168,1547.7683261599184,1.6786284517172934e-14,0.0
2023-11-17 05:00:00,7.2,1246.2575498953224,1544.1034223826111,1.3310399583794853e-14,0.0
2023-11-17 06:00:00,7.2,1201.9654952757223,1388.3578559558196,2.885389520886086e-13,0.0
2023-11-17 07:00:00,7.3,1181.808722915034,1374.1992229886118,3.9257053365211274e-14,0.0
2023-11-17 08:00:00,7.4,1223.6029367770825,1326.097028594223,4.5175403115122635e-14,0.0
2023-11-17 09:00:00,7.1,1257.180555829102,1337.4201764844838,1.801326250768288e-13,0.0
2023-11-17 10:00:00,7.0,1199.561975392729,1114.5450758600512,1.0184323347513066e-13,0.0
2023-11-17 11:00:00,7.5,1028.5380562609532,974.7635962272473,7.188373339279984e-14,0.0
2023-11-17 12:00:00,7.8,614.3922010452759,578.9989037012573,2.0914538479223437e-16,0.0
2023-11-17 13:00:00,8.0,292.1465590319598,358.9780661193832,4.907131670651407e-15,0.0
2023-11-17 14:00:00,7.7,222.9414551735356,333.00371016228814,1.625716123161317e-14,0.0
2023-11-17 15:00:00,7.3,324.4345496379179,403.0565446180757,3.200871342359636e-14,0.0
2023-11-17 16:00:00,6.5,946.5750146368754,487.2696138949028,1.7686588552824296e-13,0.0
2023-11-17 17:00:00,6.0,1290.0232693307041,1250.2013953047872,1.7603224766582684e-13,0.0
2023-11-17 18:00:00,5.5,1275.387490452765,1170.4723330594243,0.0,0.0
2023-11-17 19:00:00,5.0,1405.6991875769627,1271.7211760537225,0.0,0.0
2023-11-17 20:00:00,4.7,1567.106658109693,1371.019813796901,5.583887406277373e-14,0.0
2023-11-17 21:00:00,4.3,1684.2708756814252,1510.9391016743857,2.8293962245927578e-14,0.0
2023-11-17 22:00:00,4.1,1821.9788631366766,1769.0559644795048,1.9840786016184307e-13,0.0
2023-11-17 23:00:00,3.8,1921.7406086186918,1826.9552117474163,2.2981733324217433e-13,0.0
2023-11-18 00:00:00,3.8,1980.3893831681817,1970.2094993206856,0.0,0.0
2023-11-18 01:00:00,3.5,2065.375464483879,2061.1525411555717,5.826108757019306e-14,0.0
2023-11-18 02:00:00,3.6,2095.5282604533277,2074.7011315616423,1.9233801564769704e-13,0.0
2023-11-18 03:00:00,3.3,2156.7334708483236,2093.063090642679,8.505694895795775e-14,0.0
2023-11-18 04:00:00,3.2,2179.50782855699,2095.3524727705135,1.784344759141847e-13,0.0
2023-11-18 05:00:00,3.2,2138.909054308428,2076.3677373470946,1.7665674014345072e-13,0.0
2023-11-18 06:00:00,3.2,2055.5679763934727,1987.2049120183478,0.0,0.0
2023-11-18 07:00:00,3.5,1957.5948631477609,1961.157547233894,6.54284222753521e-15,0.0
2023-11-18 08:00:00,4.2,1772.9490286179193,1738.53765032976,1.2960785959545655e-13,0.0
2023-11-18 09:00:00,4.8,1723.8777793668385,1656.3495987381652,8.443245648033391e-14,0.0
2023-11-18 10:00:00,5.5,1402.907598901924,991.5119999347794,1.3350377318684796e-13,0.0
2023-11-18 11:00:00,6.2,852.3566853376045,420.5041584732093,3.271421113767605e-15,0.0
2023-11-18 12:00:00,6.3,677.1665183482417,411.75404329145806,6.838759715030779e-14,0.0
2023-11-18 13:00:00,6.8,447.4547248002183,315.73364897976575,8.178552784419014e-16,0.0
2023-11-18 14:00:00,6.1,388.03770359702105,326.09501359593366,3.240196489886413e-14,0.0
2023-11-18 15:00:00,6.0,555.5003918054956,360.66629220319334,2.3405556836003217e-14,0.0
2023-11-18 16:00:00,5.3,1318.2627159313884,907.6130495379269,4.691334558181167e-14,0.0
2023-11-18 17:00:00,4.5,1618.3767523911033,1458.4749553807596,6.54284222753521e-15,0.0
2023-11-18 18:00:00,3.8,1634.186147589543,1489.1344752794162,6.951769866756161e-15,0.0
2023-11-18 19:00:00,2.6,1855.0372849117687,1584.5828878274542,4.5175403115122635e-14,0.0
2023-11-18 20:00:00,1.8,1944.556099498159,1777.218074922233,2.690743866073856e-13,0.0
2023-11-18 21:00:00,0.9,2050.4693084692262,1884.9422754652337,3.5759232444300803e-14,0.0
2023-11-18 22:00:00,0.2,2229.8233270707133,2151.530630303686,1.928667664631833e-13,0.0
2023-11-18 23:00:00,0.5,2300.684172677321,2185.2257894894574,3.0542507452298546e-13,0.0
2023-11-19 00:00:00,1.7,2239.2201388640087,2215.0024060074593,0.0,0.0
2023-11-19 01:00:00,2.1,2210.833112917795,2237.8736194151497,1.0987665773891515e-13,0.0
2023-11-19 02:00:00,1.4,2304.987292993446,2317.6577440218716,2.0065859364596623e-13,0.0
2023-11-19 03:00:00,1.6,2327.0827135349655,2295.529465485016,8.505694895795775e-14,0.0
2023-11-19 04:00:00,1.9,2312.5550218792287,2293.090970389221,2.044638196104753e-14,0.0
2023-11-19 05:00:00,2.5,2189.6313857601276,2165.4917384610653,9.241764646393486e-14,0.0
2023-11-19 06:00:00,3.0,2035.7178496487904,2020.8595661608942,1.367751943006156e-13,0.0
2023-11-19 07:00:00,3.1,1972.4680017088128,2009.0926173306439,1.784344759141847e-13,0.0
2023-11-19 08:00:00,3.4,1986.353399489591,1957.758419588757,6.6926523133515e-14,0.0
2023-11-19 09:00:00,3.9,1819.828192108396,1811.2703242197279,6.54284222753521e-15,0.0
2023-11-19 10:00:00,4.3,1708.5839197415175,1739.1193044660008,1.673163078337875e-15,0.0
2023-11-19 11:00:00,4.6,1600.2492582484847,1524.272031941502,5.97034353262588e-14,0.0
2023-11-19 12:00:00,5.8,1256.0302781868604,1066.7030440480976,1.0038978470027247e-14,0.0
2023-11-19 13:00:00,7.8,1149.8325094647214,942.6274696381981,4.009363490438021e-14,0.0
2023-11-19 14:00:00,6.5,1219.430004342203,1068.2147656098236,8.888678853669958e-16,0.0
2023-11-19 15:00:00,7.2,601.3862771707065,576.701041602193,1.0848123205468799e-13,0.0
2023-11-19 16:00:00,7.7,1232.7568199475486,949.4043179614118,4.929603183523852e-14,0.0
2023-11-19 17:00:00,8.3,1519.2482718059357,1017.8675654215517,3.519795976592148e-13,0.0
2023-11-19 18:00:00,8.4,1382.5333658762484,985.9227585979186,6.896921511162823e-14,0.0
2023-11-19 19:00:00,9.5,1304.0658778937768,885.1306378198623,4.6208823231967436e-14,0.0
2023-11-19 20:00:00,9.4,1378.2656917468516,998.2939265634784,6.951769866756161e-15,0.0
2023-11-19 21:00:00,9.4,1403.5692227084,1060.417095775871,8.832837007172533e-14,0.0
2023-11-19 22:00:00,9.9,1492.9625627949154,1137.259847702012,3.555471541467983e-15,0.0
2023-11-19 23:00:00,9.3,1600.0030147948708,1233.9663174980487,1.7459011274980302e-14,0.0
2023-11-20 00:00:00,9.2,1631.5749492562877,1383.279667517018,1.94115751418431e-13,0.0
2023-11-20 01:00:00,9.2,1643.6220165903885,1400.5104658757336,7.5280138138109e-14,0.0
2023-11-20 02:00:00,9.5,1560.7438269033614,1388.6866579398147,5.907894284863495e-14,0.0
2023-11-20 03:00:00,9.7,1587.8706650004142,1372.396993460825,1.0840632701177983e-13,0.0
2023-11-20 04:00:00,9.5,1624.6807055211204,1388.9667877532888,6.880883159664511e-14,0.0
2023-11-20 05:00:00,9.8,1514.826575269271,1302.4739026567042,2.9051641690376085e-13,0.0
2023-11-20 06:00:00,9.9,1394.983417395818,1222.4363269166156,1.0168232237052198e-13,0.0
2023-11-20 07:00:00,10.2,1255.7809922970703,1116.4719565579376,0.0,0.0
2023-11-20 08:00:00,10.0,978.6216861472174,839.9235991447729,8.832837007172533e-14,0.0
2023-11-20 09:00:00,10.9,155.3403579802499,183.77972499470553,1.2267829176628521e-14,0.0
2023-11-20 10:00:00,11.9,0.0,11.985786279010659,0.0,0.0
2023-11-20 11:00:00,12.5,0.0,0.0,0.0,0.0
2023-11-20 12:00:00,12.8,0.0,0.0,0.0,0.0
2023-11-20 13:00:00,12.8,0.0,0.0,0.0,0.0
2023-11-20 14:00:00,13.2,0.0,0.0,0.0,0.0
2023-11-20 15:00:00,12.4,0.0,84.17951814335869,0.0,0.0
2023-11-20 16:00:00,11.1,238.56219619695128,376.2204249250656,3.969183094352945e-14,0.0
2023-11-20 17:00:00,9.9,738.1943347063291,1055.544585762465,4.247180801468005e-14,0.0
2023-11-20 18:00:00,9.7,710.9228183274475,1070.0165569791627,1.2922113399382042e-13,0.0
2023-11-20 19:00:00,9.8,762.2986163768769,1078.606918176065,1.8669571861347797e-13,0.0
2023-11-20 20:00:00,9.2,965.087196805167,1177.9038077498653,2.6277413440913392e-14,0.0
2023-11-20 21:00:00,8.3,1102.6644527815247,1247.6790122531488,3.271421113767605e-15,0.0
2023-11-20 22:00:00,8.2,1222.7661041334754,1322.0096761757322,4.252847447897888e-14,0.0
2023-11-20 23:00:00,8.0,1334.4786166399995,1478.3696337709287,2.0057705630940537e-14,0.0
2023-11-21 00:00:00,7.4,1331.1014344004534,1549.4697224220158,4.768514773262945e-14,0.0
2023-11-21 01:00:00,7.1,1379.3028700702826,1580.9402767992508,1.1167774812554744e-13,0.0
2023-11-21 02:00:00,7.5,1458.3997704781332,1566.077946819577,5.792096478033256e-14,0.0
2023-11-21 03:00:00,6.3,1551.342318262958,1725.3274162655243,5.93905645481012e-14,0.0
2023-11-21 04:00:00,5.7,1662.9155110852498,1808.1052476094542,2.2439417422227822e-13,0.0
2023-11-21 05:00:00,5.1,1683.4612233225398,1828.850658315005,4.773743407882751e-14,0.0
2023-11-21 06:00:00,5.2,1649.840509180689,1825.8458168360771,2.6666036561009876e-15,0.0
2023-11-21 07:00:00,5.3,1616.8153404588984,1742.2343838315392,3.4508988490718664e-15,0.0
2023-11-21 08:00:00,6.4,1346.7344788763962,1357.4417132471683,1.3350377318684796e-13,0.0
2023-11-21 09:00:00,8.1,714.2205658717022,716.26174534235,1.6357105568838024e-15,0.0
2023-11-21 10:00:00,8.7,770.1971748211906,1031.8724649037765,2.2899947796373242e-14,0.0
2023-11-21 11:00:00,9.4,465.0442912333135,633.108541073776,1.1293850778780655e-14,0.0
2023-11-21 12:00:00,9.8,122.66138454745762,338.2940945149403,1.9141537483681704e-14,0.0
2023-11-21 13:00:00,10.2,0.0,0.0,0.0,0.0
2023-11-21 14:00:00,10.1,0.0,0.0,0.0,0.0
2023-11-21 15:00:00,9.3,18.078056433593574,407.3551961658969,0.0,0.0
2023-11-21 16:00:00,7.8,638.6412098047774,671.5057006982049,8.163652402284546e-14,0.0
2023-11-21 17:00:00,6.7,1274.1843798307789,1402.282922534697,1.0124514684352221e-13,0.0
2023-11-21 18:00:00,6.2,1220.1915186831425,1404.874686533262,4.975028107890702e-14,0.0
2023-11-21 19:00:00,5.7,1275.2002518233917,1444.310892702867,9.022624827878766e-14,0.0
2023-11-21 20:00:00,5.7,1379.2601644399863,1474.5977225592228,2.0077956940054494e-14,0.0
2023-11-21 21:00:00,5.1,1503.362121041299,1589.6622253991045,2.695172909912028e-13,0.0
2023-11-21 22:00:00,4.5,1655.937826877568,1771.311221790162,1.2072685919373166e-13,0.0
2023-11-21 23:00:00,4.2,1812.6364145257203,1943.112797040738,8.25032259453652e-14,0.0
2023-11-22 00:00:00,4.8,1828.3352327482032,1895.2096538940323,8.888678853669958e-16,0.0
2023-11-22 01:00:00,5.3,1763.8717015117459,1858.0900392114747,9.10487319124008e-15,0.0
2023-11-22 02:00:00,6.7,1645.5309614662124,1689.0965374295615,2.175112001839237e-14,0.0
2023-11-22 03:00:00,6.7,1644.817098401268,1689.376667243036,6.100817338360365e-14,0.0
2023-11-22 04:00:00,6.2,1694.3479396851976,1715.2903826955394,4.2603379521887025e-14,0.0
2023-11-22 05:00:00,5.3,1711.6650995672037,1820.6577811787636,1.9929672804721008e-13,0.0
2023-11-22 06:00:00,4.5,1695.7999005398033,1781.5974423494617,8.285071694806655e-15,0.0
2023-11-22 07:00:00,4.0,1719.9534335807875,1887.7899292364657,4.44433942683498e-16,0.0
2023-11-22 08:00:00,3.0,1847.212839057174,2001.541842045522,2.1063823681701752e-13,0.0
2023-11-22 09:00:00,2.6,1246.5583545257202,1190.490746426512,2.2183214325857336e-13,0.0
2023-11-22 10:00:00,3.1,690.9516857143622,619.1891495725935,6.379271171846831e-14,0.0
2023-11-22 11:00:00,3.6,790.4096816491164,958.1738931955654,1.0457269239611716e-14,0.0
2023-11-22 12:00:00,4.2,701.4024057456118,793.8552545746759,1.9628526682605637e-14,0.0
2023-11-22 13:00:00,4.4,762.1040593234716,828.7929910469036,9.20180819550774e-14,0.0
2023-11-22 14:00:00,3.7,583.4853993202278,629.4030902378729,2.2796846942353552e-14,0.0
2023-11-22 15:00:00,3.5,873.8627448248948,1231.843895934335,9.836734854175257e-14,0.0
2023-11-22 16:00:00,3.2,1524.8406017974069,1800.3493763001793,9.614459802869904e-14,0.0
2023-11-22 17:00:00,3.1,1695.9020553229348,1856.7744262123342,2.0368646695026137e-13,0.0
2023-11-22 18:00:00,2.8,1664.4682978561814,1847.2206467508397,1.673163078337875e-15,0.0
2023-11-22 19:00:00,2.2,1760.5357927133214,1934.7071913739305,2.0077956940054494e-14,0.0
2023-11-22 20:00:00,2.4,1854.1165278818446,1969.36048422665,6.525336005517712e-14,0.0
2023-11-22 21:00:00,2.3,1931.8852630095985,2020.6384282793174,7.24206947603362e-14,0.0
2023-11-22 22:00:00,2.1,2066.4150063205675,2125.62227254373,6.525336005517712e-14,0.0
2023-11-22 23:00:00,1.3,2202.210594171677,2267.8488297944714,1.8974242459852114e-13,0.0
2023-11-23 00:00:00,0.3,2343.4440394248686,2451.228372597142,2.314435742486736e-13,0.0
2023-11-23 01:00:00,-0.7,2477.8346279919615,2587.826403746973,1.1136528904669357e-13,0.0
2023-11-23 02:00:00,1.6,2312.7281368428617,2326.2850622366727,1.5702821346084507e-13,0.0
2023-11-23 03:00:00,0.3,2406.2246994849743,2483.374586864727,1.867550539124539e-13,0.0
2023-11-23 04:00:00,0.7,2420.3711357140737,2445.504563984804,1.0023997461445623e-13,0.0
2023-11-23 05:00:00,2.5,2243.3771664896212,2232.0058803535744,2.3633428481522477e-14,0.0
2023-11-23 06:00:00,3.0,2070.1347118557223,2050.5893567926973,6.54284222753521e-15,0.0
2023-11-23 07:00:00,3.8,1959.496185924665,1940.2898996409804,2.922095652411602e-13,0.0
2023-11-23 08:00:00,4.0,1847.139788589132,1839.3800635236908,2.0077956940054494e-14,0.0
2023-11-23 09:00:00,4.8,1076.8773654596678,920.7152554965244,3.4758849333780806e-15,0.0
2023-11-23 10:00:00,5.8,521.6123166963648,301.9559803272789,5.228634619805859e-15,0.0
2023-11-23 11:00:00,7.0,52.13527471303425,35.47451314080715,0.0,0.0
2023-11-23 12:00:00,7.8,0.0,0.0,0.0,0.0
2023-11-23 13:00:00,8.3,0.0,0.0,0.0,0.0
2023-11-23 14:00:00,7.3,0.0,35.17798511528457,0.0,0.0
2023-11-23 15:00:00,6.5,43.28359476525796,238.67426765710044,5.646925389390329e-15,0.0
2023-11-23 16:00:00,5.8,848.4705804766945,801.3572273338368,1.9479697822373626e-15,0.0
2023-11-23 17:00:00,5.3,1369.7159402876746,1541.1909378346286,1.2758542343693661e-13,0.0
2023-11-23 18:00:00,5.3,1273.280680648374,1522.7010695689646,2.4222166727713726e-14,0.0
2023-11-23 19:00:00,5.8,1309.5887823327341,1429.8639578143943,6.671443407196991e-14,0.0
2023-11-23 20:00:00,6.1,1395.1195214867366,1483.6012102008563,3.9257053365211274e-14,0.0
2023-11-23 21:00:00,6.2,1450.3090114074234,1473.863712737942,6.951769866756161e-15,0.0
2023-11-23 22:00:00,6.1,1563.6354523164125,1625.0217190931266,1.8360851001020687e-13,0.0
2023-11-23 23:00:00,6.2,1628.9924436594042,1674.4223827458811,2.680409664905408e-13,0.0
2023-11-24 00:00:00,6.4,1665.6244184087536,1681.3881410048002,1.8360851001020687e-13,0.0
2023-11-24 01:00:00,6.5,1652.8242105322665,1704.2515028674002,2.2350530633691123e-13,0.0
2023-11-24 02:00:00,6.8,1643.481728323892,1695.3649194233788,7.840637752123158e-15,0.0
2023-11-24 03:00:00,7.5,1601.9071909885376,1617.2989993440992,1.8449737789557388e-13,0.0
2023-11-24 04:00:00,7.8,1572.3422881588758,1515.44106620273,8.713903967551657e-14,0.0
2023-11-24 05:00:00,8.0,1514.5920044831846,1492.568435741706,4.5175403115122635e-14,0.0
2023-11-24 06:00:00,7.8,1447.2616386024379,1378.8128136572789,1.0476953097379306e-13,0.0
2023-11-24 07:00:00,8.1,1385.4296936125536,1308.605171172085,0.0,0.0
2023-11-24 08:00:00,7.2,1490.1610003809083,1457.2386332540427,1.3665479032471414e-13,0.0
2023-11-24 09:00:00,6.5,1507.2976390612598,1448.3167072693611,5.442482853784052e-14,0.0
2023-11-24 10:00:00,6.3,1488.5117333005578,1502.1408345298846,2.0327753931104042e-13,0.0
2023-11-24 11:00:00,7.1,944.1475571792637,806.5783659181047,4.305280977933589e-14,0.0
2023-11-24 12:00:00,6.8,1069.7732044794134,983.8699290480384,3.4758849333780806e-15,0.0
2023-11-24 13:00:00,7.2,1024.0791960231654,908.7025421189651,0.0,0.0
2023-11-24 14:00:00,5.8,1250.7017245182058,1033.0388324745047,1.7379424666890403e-13,0.0
2023-11-24 15:00:00,5.5,1265.4171109221897,1057.390043285889,5.2554826881826784e-14,0.0
2023-11-24 16:00:00,4.7,1612.8063164838763,1544.2551354727616,0.0,0.0
2023-11-24 17:00:00,4.0,1746.64754201991,1786.2556243267036,4.014592125057827e-14,0.0
2023-11-24 18:00:00,3.8,1691.0619183830086,1759.6088399829123,4.6208823231967436e-14,0.0
2023-11-24 19:00:00,4.3,1712.7509512942602,1649.9199598444095,1.4792407618879317e-14,0.0
2023-11-24 20:00:00,3.9,1847.5230076556595,1822.4063835961124,9.097529870786912e-14,0.0
2023-11-24 21:00:00,3.5,1973.2553638950285,1897.1630235980288,2.0008102324018095e-13,0.0
2023-11-24 22:00:00,3.0,2134.643476519699,2080.703841382884,1.2536267292388305e-13,0.0
2023-11-24 23:00:00,2.2,2286.856276471653,2195.713853259727,5.907894284863495e-14,0.0
2023-11-25 00:00:00,1.9,2354.2140479721356,2258.7822918486,1.7000111467146927e-14,0.0
2023-11-25 01:00:00,2.2,2364.5296613035966,2251.89695013889,6.901797698143733e-15,0.0
2023-11-25 02:00:00,2.6,2368.7935516550815,2231.260468062003,2.824784174948156e-13,0.0
2023-11-25 03:00:00,1.9,2451.3389129160632,2288.24925031761,0.0,0.0
2023-11-25 04:00:00,1.6,2505.1800513229914,2327.195033214625,2.622817899568092e-13,0.0
2023-11-25 05:00:00,1.6,2464.937850890461,2309.1287041124433,1.9710312210449824e-13,0.0
2023-11-25 06:00:00,1.4,2337.637641374221,2266.54406862657,4.0503172562955914e-13,0.0
2023-11-25 07:00:00,1.8,2258.713573148619,2187.4182147886627,9.597311800540283e-14,0.0
2023-11-25 08:00:00,1.8,2217.6555927291856,2111.5732511875685,3.34632615667575e-15,0.0
2023-11-25 09:00:00,1.9,1247.9530697454002,1095.4565777110367,4.108002652936542e-15,0.0
2023-11-25 10:00:00,2.5,411.60674681811327,432.13717542273866,4.949271078288288e-14,0.0
2023-11-25 11:00:00,3.0,192.01704842876504,338.0718762952141,2.509744617506813e-14,0.0
2023-11-25 12:00:00,2.8,853.3010802039039,1026.915057024707,0.0,0.0
2023-11-25 13:00:00,3.2,803.3856190573446,976.5207361818678,9.920393008092151e-14,0.0
2023-11-25 14:00:00,2.8,1013.3862319330834,1000.1029148347336,9.243637272466187e-14,0.0
2023-11-25 15:00:00,2.4,1200.1422302225833,1204.1638375028283,4.7677522490694836e-14,0.0
2023-11-25 16:00:00,1.8,1773.2014536612805,1824.5989929341908,2.175112001839237e-14,0.0
2023-11-25 17:00:00,2.1,1916.3091613085658,1999.9671631286224,1.0513490589801224e-13,0.0
2023-11-25 18:00:00,1.9,1845.5231361247459,1943.2273343053753,1.646557069721719e-14,0.0
2023-11-25 19:00:00,1.3,1935.1987492222588,2040.2190681765087,0.0,0.0
2023-11-25 20:00:00,1.5,2013.1839354274116,2068.5793605249373,4.5175403115122635e-14,0.0
2023-11-25 21:00:00,1.6,2077.5282324778063,2103.636686706057,1.375930495790575e-13,0.0
2023-11-25 22:00:00,1.9,2205.2895979575105,2189.8576153451495,2.769219668922656e-13,0.0
2023-11-25 23:00:00,1.2,2338.0983650229673,2314.9110574906467,1.8276845269418012e-13,0.0
2023-11-26 00:00:00,1.6,2377.132146353289,2298.596773651685,6.153882171755032e-14,0.0
2023-11-26 01:00:00,1.3,2436.7374264769624,2349.0198527552375,0.0,0.0
2023-11-26 02:00:00,1.6,2459.61501529409,2326.2850622366727,1.181578856972699e-13,0.0
2023-11-26 03:00:00,0.7,2587.497277334569,2446.717207303863,1.0343649068531569e-13,0.0
2023-11-26 04:00:00,0.2,2648.908483984632,2481.2118966608487,1.305067201103543e-13,0.0
2023-11-26 05:00:00,-0.1,2610.987241444608,2488.646688415388,0.0,0.0
2023-11-26 06:00:00,-0.1,2509.1795428013547,2388.5879943046293,8.186043288709829e-14,0.0
2023-11-26 07:00:00,-0.1,2472.945170437203,2367.1207122007186,1.928667664631833e-13,0.0
2023-11-26 08:00:00,-0.1,2162.353864905887,2062.191587371925,4.0524338901102025e-14,0.0
2023-11-26 09:00:00,0.6,925.3237694516683,985.7653453880389,8.365815391689374e-16,0.0
2023-11-26 10:00:00,1.6,351.60816013921897,520.9088040981146,0.0,0.0
2023-11-26 11:00:00,1.1,1363.5809215985628,1695.0231731702024,6.54284222753521e-15,0.0
2023-11-26 12:00:00,1.1,1847.423019876127,1905.3284995873048,3.9257053365211274e-14,0.0
2023-11-26 13:00:00,2.6,1112.298883781994,942.8059721917698,1.5048342050483894e-14,0.0
2023-11-26 14:00:00,2.8,782.0560202998872,589.2558227866805,2.2587701557561317e-14,0.0
2023-11-26 15:00:00,2.5,672.7869809333127,644.8852362462565,4.43733304206549e-14,0.0
2023-11-26 16:00:00,2.1,1515.5768711151443,1884.194486488917,5.583887406277373e-14,0.0
2023-11-26 17:00:00,2.0,1965.2331068947374,1963.410518535572,2.5640621852238483e-13,0.0
2023-11-26 18:00:00,1.8,1913.5364655316043,1972.9100247296403,8.624932945094035e-15,0.0
2023-11-26 19:00:00,1.0,2059.9832896382172,2073.9329740776443,4.5175403115122635e-14,0.0
2023-11-26 20:00:00,0.8,2219.591660418646,2155.2117027485137,1.3903539733512319e-14,0.0
2023-11-26 21:00:00,0.3,2328.314539810537,2254.489527224251,1.1079718819129279e-13,0.0
2023-11-26 22:00:00,0.2,2393.453209227757,2357.0455008320914,1.7459011274980302e-14,0.0
2023-11-26 23:00:00,1.1,2383.204607010065,2317.816864100133,2.0805337431656053e-14,0.0
2023-11-27 00:00:00,1.4,2435.416062158917,2355.356875367971,3.34632615667575e-15,0.0
2023-11-27 01:00:00,2.1,2378.9262454554337,2268.5667531293757,1.3444639925678942e-14,0.0
2023-11-27 02:00:00,3.0,2302.201765949332,2212.8285466528796,2.5517084687387323e-13,0.0
2023-11-27 03:00:00,2.9,2309.4087328906653,2231.841913478326,1.939066060336388e-13,0.0
2023-11-27 04:00:00,2.4,2378.719747161813,2264.970883711151,3.34632615667575e-15,0.0
2023-11-27 05:00:00,2.9,2301.3103971045757,2198.569691409648,8.189451605171554e-14,0.0
2023-11-27 06:00:00,3.1,2182.133368754079,2095.486958724402,5.1440507948547125e-14,0.0
2023-11-27 07:00:00,3.1,2092.188362390826,2053.070805525431,1.0098313769003194e-14,0.0
2023-11-27 08:00:00,3.3,2054.2410711892926,2012.7078052621418,2.0008102324018095e-13,0.0
2023-11-27 09:00:00,3.8,1673.6799799323671,1383.1165002432415,7.52471011317842e-14,0.0
2023-11-27 10:00:00,4.0,1704.8454486921194,1657.2369235461504,1.3903539733512319e-14,0.0
2023-11-27 11:00:00,4.6,1496.7909475353379,1230.2043807162113,1.658182069756246e-14,0.0
2023-11-27 12:00:00,5.2,938.8774562330815,720.7355210836297,6.480392979772827e-14,0.0
2023-11-27 13:00:00,5.4,877.2575157820086,789.2923369996169,4.5175403115122635e-14,0.0
2023-11-27 14:00:00,5.3,1266.481742867259,1337.8505921605679,1.504945215236314e-13,0.0
2023-11-27 15:00:00,5.0,1185.9457774979105,1193.5272185570777,4.929603183523852e-14,0.0
2023-11-27 16:00:00,2.3,1795.1269467588593,1380.6867898497926,1.673163078337875e-15,0.0
2023-11-27 17:00:00,0.9,2025.8170611630603,1941.211154177194,4.5175403115122635e-14,0.0
2023-11-27 18:00:00,1.2,1963.4284468482554,1942.2309591088729,6.525336005517712e-14,0.0
2023-11-27 19:00:00,1.1,2033.0347650113904,1967.7238256171024,3.3981496673566814e-14,0.0
2023-11-27 20:00:00,1.8,2091.404085720572,2016.816357632866,7.915689978868945e-14,0.0
2023-11-27 21:00:00,1.8,2133.9395694240375,2077.8293142594857,7.851410673042253e-14,0.0
2023-11-27 22:00:00,1.8,2225.7905249158102,2166.6964331298295,8.505694895795775e-14,0.0
2023-11-27 23:00:00,1.8,2317.94113138955,2262.7743324059434,1.715745462526243e-13,0.0
2023-11-28 00:00:00,1.9,2316.213683449659,2290.014517634375,2.2852479557192483e-13,0.0
2023-11-28 01:00:00,1.8,2358.0546362125606,2312.0770024130634,0.0,0.0
2023-11-28 02:00:00,1.6,2374.221817556825,2379.905591073144,4.788503640707914e-14,0.0
2023-11-28 03:00:00,1.6,2387.7965397417115,2379.9958774500838,0.0,0.0
2023-11-28 04:00:00,1.2,2448.636808319174,2433.2481306808913,1.7665674014345072e-13,0.0
2023-11-28 05:00:00,1.2,2437.2914981502076,2427.096053860913,0.0,0.0
2023-11-28 06:00:00,1.9,2330.872942202241,2325.923638498891,7.110943082935968e-15,0.0
2023-11-28 07:00:00,2.3,2252.9191129671804,2182.9838402222917,3.5477412862361025e-13,0.0
2023-11-28 08:00:00,2.6,2175.2169682314525,2134.818126900273,5.1718245342657846e-14,0.0
2023-11-28 09:00:00,3.2,1912.9399515941714,1890.4937209419104,3.555471541467983e-15,0.0
2023-11-28 10:00:00,4.0,1566.1741082910478,1637.0148232521651,1.0840632701177983e-13,0.0
2023-11-28 11:00:00,4.8,1204.6213138264507,1004.4326959140856,1.3310399583794853e-14,0.0
2023-11-28 12:00:00,5.3,929.6427699889191,797.7784123301442,3.271421113767605e-15,0.0
2023-11-28 13:00:00,5.6,757.5062759449115,722.1294271296788,2.889445279550393e-14,0.0
2023-11-28 14:00:00,5.3,931.4881605334238,1003.1404075210305,8.832837007172533e-14,0.0
2023-11-28 15:00:00,5.0,1299.8955362631339,1327.2567768718043,1.8687993112397448e-13,0.0
2023-11-28 16:00:00,4.7,1704.280140816621,1511.1332156321002,1.7354438582584184e-14,0.0
2023-11-28 17:00:00,3.9,1857.572315446384,1709.2381046768764,1.673163078337875e-15,0.0
2023-11-28 18:00:00,3.5,1841.4039143656069,1708.5689881252656,5.826108757019306e-14,0.0
2023-11-28 19:00:00,3.0,1880.935903026931,1779.0380019553095,6.085667861936894e-14,0.0
2023-11-28 20:00:00,2.1,2038.3901356847637,1930.7711461289573,1.7665674014345072e-13,0.0
2023-11-28 21:00:00,1.5,2160.9350986243385,2092.1374002627554,9.952858954687082e-14,0.0
2023-11-28 22:00:00,0.9,2315.307234230283,2243.681837670134,4.5175403115122635e-14,0.0
2023-11-28 23:00:00,0.2,2507.6422850587214,2428.9449356351265,1.6886491296066782e-13,0.0
2023-11-29 00:00:00,-0.1,2623.6853421044757,2549.5965205868006,2.388137413050352e-13,0.0
2023-11-29 01:00:00,-0.9,2758.594506322644,2635.049906287006,1.7221123911734357e-13,0.0
2023-11-29 02:00:00,-0.6,2741.4271208658793,2627.6464746453457,1.967346970835052e-13,0.0
2023-11-29 03:00:00,-0.9,2758.9614933188695,2654.3883494136826,2.3424283096730246e-14,0.0
2023-11-29 04:00:00,-1.2,2824.4993901772846,2676.1533600852244,2.0077956940054494e-14,0.0
2023-11-29 05:00:00,-1.4,2723.196521745149,2690.365419846771,3.491802254996061e-14,0.0
2023-11-29 06:00:00,-1.6,2680.1764400894244,2604.962091478844,1.3653785310471178e-14,0.0
2023-11-29 07:00:00,-2.1,2752.9977582638257,2716.1932178305588,3.34632615667575e-15,0.0
2023-11-29 08:00:00,-2.1,2494.5377076608775,2534.594737270939,9.859206367047703e-14,0.0
2023-11-29 09:00:00,-0.8,1002.0564446934416,1099.7843713950322,1.801326250768288e-13,0.0
2023-11-29 10:00:00,0.5,224.48868169366244,530.4500736986294,1.2267829176628521e-14,0.0
2023-11-29 11:00:00,1.5,50.803235547775955,328.0711761191783,1.1313458158604928e-14,0.0
2023-11-29 12:00:00,1.9,129.2146215077886,454.75211771006855,3.61384924340338e-14,0.0
2023-11-29 13:00:00,1.9,1072.1549502420455,1178.8034565215833,9.814263341302817e-15,0.0
2023-11-29 14:00:00,2.1,944.427055720894,837.4730514093884,1.875323001526469e-13,0.0
2023-11-29 15:00:00,1.9,587.9625299261131,689.0283191571127,2.0914538479223437e-16,0.0
2023-11-29 16:00:00,1.2,1560.8258275213852,1577.0444532135862,1.0693262692780773e-13,0.0
2023-11-29 17:00:00,0.4,2177.566457129289,2056.210287956812,2.7074754968572345e-13,0.0
2023-11-29 18:00:00,-2.2,2280.2960792540616,2263.315656581479,1.0148895956970392e-13,0.0
2023-11-29 19:00:00,-2.1,2399.5887266291393,2275.846644828209,4.874034420697511e-14,0.0
2023-11-29 20:00:00,-2.1,2480.411795168836,2398.2459443969287,3.316364139512492e-14,0.0
2023-11-29 21:00:00,-2.2,2509.721290492019,2495.0551822981156,1.6641155996538405e-14,0.0
2023-11-29 22:00:00,-1.4,2524.989142066832,2513.3768572438576,5.335256919718201e-13,0.0
2023-11-29 23:00:00,-1.3,2582.976394154673,2573.211613881984,1.0586228638961379e-13,0.0
2023-11-30 00:00:00,-1.9,2791.3023484123937,2710.0858459333963,1.2686077378204594e-13,0.0
2023-11-30 01:00:00,-2.4,2834.5805080107343,2842.4321586335773,4.3517391317399957e-13,0.0
2023-11-30 02:00:00,-3.0,2946.706023202905,2931.4374072765354,1.0193838982715278e-13,0.0
2023-11-30 03:00:00,-3.8,3060.3037163685185,2973.063593473242,2.0446381961047537e-13,0.0
2023-11-30 04:00:00,-1.4,2813.6096414854856,2712.0767146308362,2.239235971064957e-13,0.0
2023-11-30 05:00:00,-3.3,2839.812446237387,2920.733901753608,2.994099369526441e-13,0.0
2023-11-30 06:00:00,-3.1,2738.821602063129,2831.1410354654417,7.110943082935968e-15,0.0
2023-11-30 07:00:00,-3.0,2672.6811624406378,2818.8350490417165,3.316364139512492e-14,0.0
2023-11-30 08:00:00,-1.9,2607.7192708058456,2645.344759869303,2.0446381961047537e-13,0.0
2023-11-30 09:00:00,-1.0,2283.5718050309697,2236.9543874433307,1.9056027987696304e-13,0.0
2023-11-30 10:00:00,0.1,1698.4660907755526,1375.8311889300749,2.2119545039385406e-14,0.0
2023-11-30 11:00:00,0.8,1396.78797573249,1153.3164598673918,8.216005305873084e-15,0.0
2023-11-30 12:00:00,1.3,1017.706975958482,950.0134323970444,0.0,0.0
2023-11-30 13:00:00,2.4,228.64934559028956,459.24030729979614,0.0,0.0
2023-11-30 14:00:00,1.9,1082.6827252726198,1339.5226962021939,8.365815391689374e-16,0.0
2023-11-30 15:00:00,1.9,1568.1555009579452,1583.2862272326347,2.7029726806810657e-14,0.0
2023-11-30 16:00:00,1.1,1957.7080393390547,1937.8635431215166,0.0,0.0
2023-11-30 17:00:00,0.7,2115.260929056893,1983.3355260017966,3.2612583926224535e-13,0.0
2023-11-30 18:00:00,0.6,2072.34986598057,1999.997923111971,2.6700754637369597e-13,0.0
2023-11-30 19:00:00,0.5,2116.1867678146573,2068.2652077709363,1.6432010611746174e-14,0.0
2023-11-30 20:00:00,0.3,2215.647509911486,2172.7870195073356,2.0077956940054494e-14,0.0
2023-11-30 21:00:00,0.2,2287.6486947615495,2243.8431042894026,3.555471541467983e-15,0.0
2023-11-30 22:00:00,0.0,2423.070817320569,2420.6762131410596,1.0425434596375758e-13,0.0
2023-11-30 23:00:00,-0.2,2520.582499318629,2487.47880432095,2.3424283096730246e-14,0.0
2023-12-01 00:00:00,-0.2,2565.514863995908,2571.563095922157,2.9544543135193416e-13,0.0
2023-12-01 01:00:00,-0.2,2586.6050057954494,2596.1131028694854,3.34632615667575e-15,0.0
2023-12-01 02:00:00,0.3,2576.5575387594363,2538.813391565394,4.788503640707914e-14,0.0
2023-12-01 03:00:00,0.3,2576.219377109848,2538.6200914496067,5.3809699190580184e-14,0.0
2023-12-01 04:00:00,0.2,2583.792023122546,2544.7310475725358,8.56250498133585e-14,0.0
2023-12-01 05:00:00,0.1,2534.0989593363506,2520.108738690178,1.6886491296066782e-13,0.0
2023-12-01 06:00:00,0.1,2459.8314878097553,2441.001160942783,2.7807079467024645e-14,0.0
2023-12-01 07:00:00,0.1,2415.566022260281,2421.611634048277,9.035080623024527e-14,0.0
2023-12-01 08:00:00,0.2,2446.3148254496814,2442.630835186301,2.774648156133077e-13,0.0
2023-12-01 09:00:00,0.4,2403.951760113766,2288.5618790524077,3.707806840720142e-14,0.0
2023-12-01 10:00:00,0.9,2193.9285743200207,2097.757660435268,9.88916838421096e-15,0.0
2023-12-01 11:00:00,1.1,2122.550790739263,2170.004733516331,2.488118978967716e-13,0.0
2023-12-01 12:00:00,1.3,2042.4826594122596,1906.6022845907225,1.5576702811850195e-14,0.0
2023-12-01 13:00:00,1.2,2126.0314010012034,2084.6459219117933,7.89071453656483e-14,0.0
2023-12-01 14:00:00,1.2,2255.262000843723,2038.453225183609,3.030558832809524e-13,0.0
2023-12-01 15:00:00,1.2,2271.2341890382622,1972.7087902937258,3.207926319500434e-13,0.0
2023-12-01 16:00:00,1.0,2353.789604261403,2058.582954734786,5.3809699190580184e-14,0.0
2023-12-01 17:00:00,0.8,2338.945803786609,2043.359844580763,6.54284222753521e-15,0.0
2023-12-01 18:00:00,0.8,2232.294975145285,1987.6981088935681,1.7665674014345072e-13,0.0
2023-12-01 19:00:00,0.8,2267.1327574213647,2000.3772758019809,2.6620799167589706e-14,0.0
2023-12-01 20:00:00,0.9,2331.820617910404,2088.5689972820205,2.870855033137505e-13,0.0
2023-12-01 21:00:00,0.9,2381.3922366982197,2158.5897283303066,1.7665674014345072e-13,0.0
2023-12-01 22:00:00,0.9,2477.6511846362428,2313.8817917974848,0.0,0.0
2023-12-01 23:00:00,0.9,2547.6324530089887,2369.618775637456,5.442787863461435e-14,0.0
2023-12-02 00:00:00,0.8,2600.3174551023662,2455.770271432756,2.3424283096730246e-14,0.0
2023-12-02 01:00:00,0.8,2623.2029269106497,2481.208658497111,2.6171368910140845e-13,0.0
2023-12-02 02:00:00,0.5,2658.5393783451564,2525.4354793902307,2.0077956940054494e-14,0.0
2023-12-02 03:00:00,0.4,2684.009817181329,2528.83378928025,9.035080623024527e-14,0.0
2023-12-02 04:00:00,0.4,2681.434393231769,2528.83378928025,1.1867002061053155e-13,0.0
2023-12-02 05:00:00,0.3,2634.6302900259407,2509.8578303669774,6.54284222753521e-15,0.0
2023-12-02 06:00:00,0.2,2562.5242511289107,2437.642104970615,1.4416050542082545e-13,0.0
2023-12-02 07:00:00,0.1,2527.0242143782184,2421.611634048277,5.4995979490015104e-14,0.0
2023-12-02 08:00:00,-0.1,2601.0535139145236,2473.988652419094,1.8319958237098591e-13,0.0
2023-12-02 09:00:00,-0.1,2586.5058899830306,2443.1622276884427,1.7665674014345072e-13,0.0
2023-12-02 10:00:00,-0.1,2463.1885443009387,2202.4740964171515,3.6320264867111226e-13,0.0
2023-12-02 11:00:00,-0.2,2398.6084530176677,2090.8462761745022,0.0,0.0
2023-12-02 12:00:00,-0.3,2404.7602699878116,2144.1024590626475,0.0,0.0
2023-12-02 13:00:00,-0.4,2520.5350126488793,2262.046243326956,1.252688287802059e-13,0.0
2023-12-02 14:00:00,-0.4,2537.0259420251055,2185.5096831545043,1.3653785310471178e-14,0.0
2023-12-02 15:00:00,-0.7,2392.2981512459537,2007.3227968552142,1.3085684455070422e-14,0.0
2023-12-02 16:00:00,-1.1,2627.0442902287778,1962.7795924749826,3.738408674844048e-13,0.0
2023-12-02 17:00:00,-1.2,2679.416609733088,2203.0042249379994,2.3424283096730246e-14,0.0
2023-12-02 18:00:00,-1.5,2598.8227943762768,2177.9152014049346,2.7807079467024645e-14,0.0
2023-12-02 19:00:00,-1.6,2635.5789371830633,2220.493556173258,5.0045082264319964e-14,0.0
2023-12-02 20:00:00,-1.6,2722.681365580044,2332.437983430536,1.0678281684199144e-13,0.0
2023-12-02 21:00:00,-1.9,2800.2418352904215,2456.96954751454,0.0,0.0
2023-12-02 22:00:00,-2.4,2952.4868163904903,2644.243760925923,2.0077956940054494e-14,0.0
2023-12-02 23:00:00,-2.5,3045.0589390569558,2718.8600853372614,7.851410673042253e-14,0.0
2023-12-03 00:00:00,-2.5,3085.3710190401594,2811.2932358770986,2.0446381961047537e-13,0.0
2023-12-03 01:00:00,-2.6,3111.975380741216,2863.776468527394,1.5831379957737892e-13,0.0
2023-12-03 02:00:00,-2.5,3106.257302266766,2877.741010842998,1.6432010611746174e-14,0.0
2023-12-03 03:00:00,-2.6,3117.364635145913,2883.288795633669,6.796299334713365e-14,0.0
2023-12-03 04:00:00,-3.0,3204.58305717759,2951.0034726669196,3.491802254996061e-14,0.0
2023-12-03 05:00:00,-3.6,3216.113880366211,2948.9820691271075,1.5702821346084507e-13,0.0
2023-12-03 06:00:00,-4.3,3147.467518755182,2935.718129612357,2.7807079467024645e-14,0.0
2023-12-03 07:00:00,-4.9,3115.2232572259836,2985.231132603404,7.110943082935968e-15,0.0
2023-12-03 08:00:00,-4.8,3059.3465202823377,2907.555030811577,1.99400139140334e-13,0.0
2023-12-03 09:00:00,-4.3,1821.6100977825981,1471.4271308991547,5.316059309872359e-14,0.0
2023-12-03 10:00:00,-3.2,1180.9429168245692,862.825256344452,1.3310399583794853e-14,0.0
2023-12-03 11:00:00,-3.0,901.9098841966645,671.6611403073412,1.5560459196550635e-13,0.0
2023-12-03 12:00:00,-2.9,677.0155423035442,597.1106829473758,1.167468902691105e-14,0.0
2023-12-03 13:00:00,-2.5,507.444370636776,611.2138966428779,2.760719079257494e-14,0.0
2023-12-03 14:00:00,-2.4,582.2101393019811,655.2538165613896,5.4796303655607386e-14,0.0
2023-12-03 15:00:00,-2.9,1059.9080741151297,848.9221012981225,4.108002652936542e-15,0.0
2023-12-03 16:00:00,-3.7,2247.4691608893613,1901.5281300878833,4.6771170377089595e-14,0.0
2023-12-03 17:00:00,-4.0,2694.0923164390215,2372.673521129676,3.2931141394434385e-14,0.0
2023-12-03 18:00:00,-4.3,2661.2966802345504,2423.5274752444216,2.7807079467024645e-14,0.0
2023-12-03 19:00:00,-4.4,2722.8312442177594,2430.782945245588,9.035080623024527e-14,0.0
2023-12-03 20:00:00,-4.3,2814.4371608763086,2567.273813046811,9.494611734216871e-14,0.0
2023-12-03 21:00:00,-4.2,2868.564310888486,2628.644726574741,2.0446381961047537e-13,0.0
2023-12-03 22:00:00,-4.2,3011.6403508194753,2743.7708539798477,2.3424283096730246e-14,0.0
2023-12-03 23:00:00,-4.9,3185.2373239258764,2936.0019517124947,4.015591388010901e-14,0.0
2023-12-04 00:00:00,-7.7,3491.213366839741,3218.8042813332545,5.69445250210614e-13,0.0
2023-12-04 01:00:00,-6.2,3448.190871133558,3244.5412582583176,1.3085684455070422e-14,0.0
2023-12-04 02:00:00,-5.0,3338.2204275302643,3113.388370274345,0.0,0.0
2023-12-04 03:00:00,-5.6,3229.8180228229076,3195.8533282034314,2.1613176992371276e-13,0.0
2023-12-04 04:00:00,-5.7,3255.465119704483,3240.2568036145703,9.035080623024527e-14,0.0
2023-12-04 05:00:00,-6.7,3356.1977072997597,3242.0943469836175,3.697454908986475e-13,0.0
2023-12-04 06:00:00,-9.1,3538.3054926405675,3301.617715538894,3.5665980644357703e-13,0.0
2023-12-04 07:00:00,-7.5,3326.1381192590106,3188.291055878557,8.186043288709829e-14,0.0
2023-12-04 08:00:00,-9.9,3271.494300270926,3219.578704292451,1.464771000775562e-13,0.0
2023-12-04 09:00:00,-6.8,1459.0801098732113,1434.0579285114222,3.9257053365211274e-14,0.0
2023-12-04 10:00:00,-5.0,808.6808062802371,1090.2415351806198,1.1799587522435822e-13,0.0
2023-12-04 11:00:00,-2.9,601.0840539788269,666.6201148107923,2.2587701557561317e-14,0.0
2023-12-04 12:00:00,-1.1,431.253791546574,556.4949705058884,4.907131670651407e-15,0.0
2023-12-04 13:00:00,-0.2,202.07673620524605,377.9640608883144,1.3550790876472482e-14,0.0
2023-12-04 14:00:00,-0.5,716.9563106458036,1171.6130292599983,1.3360834587924408e-13,0.0
2023-12-04 15:00:00,-0.3,646.1552525850376,1289.9122786404896,7.073490561481895e-15,0.0
2023-12-04 16:00:00,-0.8,1474.8677309460386,2193.526537532689,5.009363580456645e-15,0.0
2023-12-04 17:00:00,-1.1,2137.6781703976676,2275.240191482006,3.524573211268374e-14,0.0
2023-12-04 18:00:00,-1.4,2130.3947430293056,2334.2900416211783,1.3023235207308037e-13,0.0
2023-12-04 19:00:00,-1.4,2227.076524862835,2349.6806247491913,5.826108757019306e-14,0.0
2023-12-04 20:00:00,-1.6,2374.677913440125,2516.3704693137556,6.54284222753521e-15,0.0
2023-12-04 21:00:00,-1.8,2447.2811732656455,2571.428239501107,4.407981044257001e-14,0.0
2023-12-04 22:00:00,-2.0,2567.5137477301687,2652.259852433035,4.5263292444897986e-13,0.0
2023-12-04 23:00:00,-2.3,2699.064289078391,2829.6780194678654,2.133758530800436e-13,0.0
2023-12-05 00:00:00,-2.5,2738.493096862883,2870.8054253751684,7.851410673042253e-14,0.0
2023-12-05 01:00:00,-2.8,2827.4237272493738,2949.0758454813986,0.0,0.0
2023-12-05 02:00:00,-2.1,2810.6936780469923,2887.244383780371,1.305067201103543e-13,0.0
2023-12-05 03:00:00,-2.0,2817.808631804413,2838.281333236556,1.7665674014345072e-13,0.0
2023-12-05 04:00:00,-1.9,2834.121044240098,2837.3030432785863,0.0,0.0
2023-12-05 05:00:00,-1.9,2828.3265784219975,2820.2458515274575,3.826434870663636e-14,0.0
2023-12-05 06:00:00,-1.9,2786.7958987594757,2815.2346639065813,1.9378729691556089e-13,0.0
2023-12-05 07:00:00,-2.1,2762.1067252807466,2771.955446836534,6.02338708201635e-14,0.0
2023-12-05 08:00:00,-2.2,2731.572937025201,2757.3442518685724,0.0,0.0
2023-12-05 09:00:00,-1.9,2164.3431038690146,1549.4432865229016,4.5175403115122635e-14,0.0
2023-12-05 10:00:00,-1.3,1290.7765753928475,922.8714964900009,5.21271729818788e-14,0.0
2023-12-05 11:00:00,-0.8,990.3650768049863,1127.4031262043234,2.2899947796373242e-14,0.0
2023-12-05 12:00:00,-0.4,830.5243670119714,1106.7878329183961,1.3054459831189229e-13,0.0
2023-12-05 13:00:00,-0.1,159.9103559301193,502.16995370443055,0.0,0.0
2023-12-05 14:00:00,-0.7,833.9584289765598,1296.60498052096,1.2092979796495519e-14,0.0
2023-12-05 15:00:00,-0.5,963.8998418863846,1283.9256169538048,3.271421113767605e-15,0.0
2023-12-05 16:00:00,-0.6,1772.127666819474,2257.7227548779692,0.0014193589612284205,0.0
2023-12-05 17:00:00,-0.5,2204.967142433082,2291.599264096031,9.896048869147006e-14,0.0
2023-12-05 18:00:00,-0.8,2143.724184126491,2271.678131797702,3.4508988490718664e-15,0.0
2023-12-05 19:00:00,-1.0,2149.203376219847,2297.988302525654,4.86263019641945e-14,0.0
2023-12-05 20:00:00,-1.1,2243.7365779664187,2396.8138605301324,2.8465108941923575e-13,0.0
2023-12-05 21:00:00,-1.4,2337.6595375295847,2504.590453761856,1.8319958237098591e-13,0.0
2023-12-05 22:00:00,-0.9,2398.2613798176644,2483.026211646165,3.3981496673566814e-14,0.0
2023-12-05 23:00:00,-0.9,2520.3870264281586,2605.761313859248,2.00449448261174e-13,0.0
2023-12-06 00:00:00,-0.5,2513.710397829642,2619.681066551144,9.035080623024527e-14,0.0
2023-12-06 01:00:00,-0.6,2556.376174400816,2656.0158571418588,1.5250780739182976e-13,0.0
2023-12-06 02:00:00,-1.1,2617.5268108214204,2729.0830264447895,9.88916838421096e-15,0.0
2023-12-06 03:00:00,-1.1,2656.726949486004,2729.3957047643366,3.34632615667575e-15,0.0
2023-12-06 04:00:00,-1.1,2664.7228543474866,2731.0700548888326,2.0077956940054494e-14,0.0
2023-12-06 05:00:00,-1.1,2579.1430862443494,2704.1035166865704,3.316364139512492e-14,0.0
2023-12-06 06:00:00,-1.1,2470.855913215275,2595.974803432826,3.4100167271518707e-14,0.0
2023-12-06 07:00:00,-1.2,2437.5778958691953,2572.4446306103277,2.771058601426992e-13,0.0
2023-12-06 08:00:00,-1.2,2480.9908324771322,2591.5939663330428,2.3792708117723278e-14,0.0
2023-12-06 09:00:00,-1.0,2321.823658582594,2443.055955607202,2.0077956940054494e-14,0.0
2023-12-06 10:00:00,-0.8,1971.6521941809901,1954.0218922413385,3.136255100849263e-14,0.0
2023-12-06 11:00:00,-0.6,1732.337204262439,1870.747467129755,2.044638196104753e-14,0.0
2023-12-06 12:00:00,-0.1,1093.494929956881,1734.1321863427675,1.0038978470027247e-14,0.0
2023-12-06 13:00:00,0.2,492.7114753027365,1089.4190682642939,4.1829076958446875e-16,0.0
2023-12-06 14:00:00,0.3,699.3010618337186,1614.7208106079395,2.3838761245347418e-14,0.0
2023-12-06 15:00:00,-0.2,343.60556161788026,1304.7342273106347,1.0457269239611719e-16,0.0
2023-12-06 16:00:00,-0.9,1538.7794973777982,2272.298075233153,5.21271729818788e-14,0.0
2023-12-06 17:00:00,-1.1,2202.9747402179355,2332.8535999859932,8.445145563637224e-05,0.0
2023-12-06 18:00:00,-1.6,2185.244118329727,2383.5292284602065,1.568127550424631e-14,0.0
2023-12-06 19:00:00,-0.5,2165.745575138397,2233.4863367055073,2.6868070945203385e-13,0.0
2023-12-06 20:00:00,0.1,2206.3021028764506,2286.17598234331,2.096924542302812e-13,0.0
2023-12-06 21:00:00,0.8,2211.058071682319,2216.3366261938095,2.5936911147360813e-13,0.0
2023-12-06 22:00:00,1.4,2274.6095293822054,2261.5991213214547,6.54284222753521e-15,0.0
2023-12-06 23:00:00,1.9,2312.2462261189376,2282.7849306490707,2.2183214325857336e-13,0.0
2023-12-07 00:00:00,2.0,2346.224184108675,2256.894713986992,3.34632615667575e-15,0.0
2023-12-07 01:00:00,1.9,2379.105877487821,2365.8967784475076,6.54284222753521e-15,0.0
2023-12-07 02:00:00,1.9,2397.7137833515662,2380.609837212188,1.8376768322638667e-13,0.0
2023-12-07 03:00:00,1.9,2417.9526229309317,2381.117482415384,1.4005292844797285e-13,0.0
2023-12-07 04:00:00,1.8,2430.9037995860463,2386.0325333698365,2.7807079467024645e-14,0.0
2023-12-07 05:00:00,1.6,2375.287269559103,2373.776033900121,7.851410673042253e-14,0.0
2023-12-07 06:00:00,1.6,2270.583434991133,2234.318230717213,1.0400459154071645e-13,0.0
2023-12-07 07:00:00,1.4,2245.4069910808867,2225.5656773697965,1.7459011274980302e-14,0.0
2023-12-07 08:00:00,1.4,2290.4255103684127,2247.1018231949342,3.555471541467983e-15,0.0
2023-12-07 09:00:00,1.4,2161.986252941645,2011.193918461031,2.9064097485521847e-13,0.0
2023-12-07 10:00:00,1.6,1771.0708480079797,1469.0250888380683,1.7777357707339916e-15,0.0
2023-12-07 11:00:00,1.9,1221.2618111449583,1053.4297741345788,1.3433272948408229e-13,0.0
2023-12-07 12:00:00,2.1,1116.570532675534,1004.988282156272,1.2758542343693661e-13,0.0
2023-12-07 13:00:00,2.4,803.143385917464,890.1136676150231,2.422341211444512e-14,0.0
2023-12-07 14:00:00,2.6,492.60184012371724,614.2840616332978,5.000152954931819e-14,0.0
2023-12-07 15:00:00,2.0,692.9729210604858,602.2838448086335,6.838759715030779e-14,0.0
2023-12-07 16:00:00,0.8,1772.7379118332774,1681.963201251781,6.0816885315324e-14,0.0
2023-12-07 17:00:00,0.3,2228.115604176392,2124.247529017349,2.3751341876281965e-13,0.0
2023-12-07 18:00:00,-0.3,2229.6667516058974,2202.594213481331,1.2714040869461702e-13,0.0
2023-12-07 19:00:00,-1.8,2431.1247805320404,2406.1123768517236,9.241764646393486e-14,0.0
2023-12-07 20:00:00,-3.8,2725.4000548890394,2627.11987027135,1.7242038450213578e-13,0.0
2023-12-07 21:00:00,-4.3,2853.5243686972744,2750.761548342977,2.587263184153412e-13,0.0
2023-12-07 22:00:00,-5.2,3043.0214043339724,2988.611525010453,7.851410673042253e-14,0.0
2023-12-07 23:00:00,-6.2,3231.84941195564,3146.0624752444182,4.4366428651714656e-13,0.0
2023-12-08 00:00:00,-4.5,3151.1054147363548,2991.582027381916,8.104867780220407e-14,0.0
2023-12-08 01:00:00,-2.8,3016.847482597359,2965.920358944917,4.596346664843485e-13,0.0
2023-12-08 02:00:00,-2.1,2981.611388899875,2887.244383780371,6.369886757479115e-14,0.0
2023-12-08 03:00:00,-3.2,3013.395687417607,3002.364025800665,9.159979118549296e-14,0.0
2023-12-08 04:00:00,-6.3,3302.9552739548826,3252.4696121774596,0.0,0.0
2023-12-08 05:00:00,-6.0,3259.7086547121266,3226.353191951538,1.3085684455070422e-14,0.0
2023-12-08 06:00:00,-7.2,3357.0625458887353,3206.8395416869344,3.63770749526513e-13,0.0
2023-12-08 07:00:00,-4.5,3147.6575377248246,2956.500456248762,1.8376768322638667e-13,0.0
2023-12-08 08:00:00,-2.9,2882.845838837366,2733.224189235025,2.6825653132894367e-13,0.0
2023-12-08 09:00:00,-1.9,1457.5642959696584,1037.0111033706778,1.1167774812554744e-13,0.0
2023-12-08 10:00:00,-0.4,727.4288353698348,549.0136758312655,3.0085795922217356e-14,0.0
2023-12-08 11:00:00,0.7,310.0612063910955,332.78639574213,2.2587701557561317e-14,0.0
2023-12-08 12:00:00,1.1,105.4457191754774,260.69261034681335,1.1293850778780655e-14,0.0
2023-12-08 13:00:00,1.4,83.6119872016336,364.3273212210057,1.1293850778780655e-14,0.0
2023-12-08 14:00:00,1.0,679.0415209822796,1018.4054218497507,2.947911942641692e-14,0.0
2023-12-08 15:00:00,1.0,1092.609869666163,1670.2140839397302,1.4146981122963789e-14,0.0
2023-12-08 16:00:00,0.9,1727.432107066857,2170.319996949728,4.747305867108436e-14,0.0
2023-12-08 17:00:00,0.8,1994.5146488935288,2149.956194670279,2.9249866970411583e-13,0.0
2023-12-08 18:00:00,0.7,1929.078593466825,2049.710615291814,1.2368950984554518e-13,0.0
2023-12-08 19:00:00,0.5,2005.395280969827,2085.147456743359,3.068890922165311e-13,0.0
2023-12-08 20:00:00,0.3,2130.792708421552,2240.669892684601,1.673163078337875e-15,0.0
2023-12-08 21:00:00,0.1,2216.8766181086467,2331.8199686590087,1.0214753521194501e-13,0.0
2023-12-08 22:00:00,0.2,2327.561104918889,2443.87596684219,0.0,0.0
2023-12-08 23:00:00,0.1,2419.1765206069003,2519.173876984199,8.861242049942573e-14,0.0
2023-12-09 00:00:00,0.1,2471.6631465575474,2552.641531292432,2.4001853502515513e-14,0.0
2023-12-09 01:00:00,0.1,2502.6191987538487,2583.2828976836245,1.0308406108833881e-13,0.0
2023-12-09 02:00:00,0.1,2528.5558240652767,2599.6842607602966,2.1398456297369327e-13,0.0
2023-12-09 03:00:00,-0.1,2561.037578431603,2656.8825806448044,9.159979118549296e-14,0.0
2023-12-09 04:00:00,-0.1,2566.093278895878,2658.5569307692963,0.0,0.0
2023-12-09 05:00:00,-0.1,2516.3041539249543,2628.268825762624,8.505694895795775e-14,0.0
2023-12-09 06:00:00,-0.2,2454.5661212836644,2539.0429364897336,2.6700754637369597e-13,0.0
2023-12-09 07:00:00,-0.3,2429.0707780758257,2528.051121372424,6.54284222753521e-15,0.0
2023-12-09 08:00:00,-0.2,2472.896299965896,2539.2255019594586,2.2171368550066344e-13,0.0
2023-12-09 09:00:00,-0.1,2447.179804192002,2498.826874945761,1.6886491296066782e-13,0.0
2023-12-09 10:00:00,0.0,2290.4170024107425,2408.2284833636254,1.94115751418431e-13,0.0
2023-12-09 11:00:00,0.2,2017.297331863428,1858.1070959319152,5.907894284863495e-14,0.0
2023-12-09 12:00:00,0.2,1991.6722839834172,1768.525951452361,2.175112001839237e-14,0.0
2023-12-09 13:00:00,0.4,1695.3846067962224,1266.148460569726,2.4191010019862784e-13,0.0
2023-12-09 14:00:00,0.3,1766.2683370063928,1724.3581604243705,1.3903539733512319e-14,0.0
2023-12-09 15:00:00,0.2,1545.1518271454836,1659.5340705732847,8.729505637490152e-15,0.0
2023-12-09 16:00:00,0.0,2148.4942935458766,2317.5876489981547,6.54284222753521e-15,0.0
2023-12-09 17:00:00,-0.3,2375.804136539556,2315.006351679186,1.6641155996538405e-14,0.0
2023-12-09 18:00:00,-0.6,2313.042871452034,2214.0592998714706,2.9967125324265457e-14,0.0
2023-12-09 19:00:00,-0.8,2377.440717042851,2276.7116170640484,2.7524880381392773e-13,0.0
2023-12-09 20:00:00,-0.7,2467.137393465049,2386.4630051795784,2.0805337431656053e-14,0.0
2023-12-09 21:00:00,-0.6,2523.2635936761653,2406.8357870421232,2.4001853502515513e-14,0.0
2023-12-09 22:00:00,-0.6,2633.4037409472276,2524.2070805507738,8.505694895795775e-14,0.0
2023-12-09 23:00:00,-0.6,2713.7265341221582,2577.597442800582,7.110943082935968e-15,0.0
2023-12-10 00:00:00,-0.9,2782.314641879022,2647.9028493573915,1.7665674014345072e-13,0.0
2023-12-10 01:00:00,-1.2,2831.5347622787385,2718.3308115906907,2.7524880381392773e-13,0.0
2023-12-10 02:00:00,-0.9,2828.252502830436,2695.386353414436,9.035080623024527e-14,0.0
2023-12-10 03:00:00,-0.8,2822.712757493746,2695.98065056592,2.5517084687387323e-13,0.0
2023-12-10 04:00:00,-0.7,2804.7026869812717,2691.7337091799527,2.6700754637369597e-13,0.0
2023-12-10 05:00:00,-0.3,2668.645077035483,2640.379823895003,4.350224003678476e-14,0.0
2023-12-10 06:00:00,-0.1,2523.9933226009075,2510.720370101531,7.507393643006962e-14,0.0
2023-12-10 07:00:00,0.0,2440.677731532057,2474.395014271663,4.015591388010901e-14,0.0
2023-12-10 08:00:00,1.4,2358.2421086333115,2247.778607128841,6.54284222753521e-15,0.0
2023-12-10 09:00:00,2.4,2103.5067564775195,1998.850141114664,9.896048869147006e-14,0.0
2023-12-10 10:00:00,3.0,1801.5374710230326,1594.288928469507,2.3149049632051216e-13,0.0
2023-12-10 11:00:00,4.4,1001.596783010846,850.0823158967148,3.9257053365211274e-14,0.0
2023-12-10 12:00:00,5.3,1330.8874749881961,1190.9647675143206,4.5175403115122635e-14,0.0
2023-12-10 13:00:00,5.8,631.1113830920222,524.020312085112,5.437780004598093e-15,0.0
2023-12-10 14:00:00,6.1,487.4199283309015,371.02116517147397,2.0914538479223437e-16,0.0
2023-12-10 15:00:00,5.7,613.1037523120765,413.08356205492373,2.924290134945874e-14,0.0
2023-12-10 16:00:00,5.2,1440.1732070694907,1245.8534593764816,5.21271729818788e-14,0.0
2023-12-10 17:00:00,3.5,1905.9925844488062,1692.4182728334595,8.505694895795775e-14,0.0
2023-12-10 18:00:00,3.8,1861.0575607747455,1637.2750620375134,1.7459011274980302e-14,0.0
2023-12-10 19:00:00,3.8,1915.1992102116728,1657.1874869626508,4.5175403115122635e-14,0.0
2023-12-10 20:00:00,3.0,2078.4825524328303,1827.1464887667871,8.505694895795775e-14,0.0
2023-12-10 21:00:00,2.2,2211.779176933183,1988.8466420327795,5.228634619805858e-15,0.0
2023-12-10 22:00:00,1.7,2377.479324950199,2239.8816464474157,1.94115751418431e-13,0.0
2023-12-10 23:00:00,0.5,2530.690693758751,2445.4315857147717,2.0077956940054494e-14,0.0
2023-12-11 00:00:00,-1.4,2680.422436619537,2696.4637496130053,2.0077956940054494e-14,0.0
2023-12-11 01:00:00,-0.7,2662.8124476677344,2701.139507523325,2.6620799167589706e-14,0.0
2023-12-11 02:00:00,-1.2,2718.1474039590903,2729.8822832566952,2.2454177655052985e-13,0.0
2023-12-11 03:00:00,-0.8,2676.727728753958,2709.748952761498,4.350224003678476e-14,0.0
2023-12-11 04:00:00,0.6,2550.094126058768,2542.3536844389346,1.3653785310471178e-14,0.0
2023-12-11 05:00:00,1.3,2453.07487123513,2421.2506551144534,1.0848123205468799e-13,0.0
2023-12-11 06:00:00,2.5,2247.2958305745483,2153.6359003756324,8.505694895795775e-14,0.0
2023-12-11 07:00:00,1.6,2302.5428274541337,2228.894697613719,9.896048869147006e-14,0.0
2023-12-11 08:00:00,1.1,2376.4211529346644,2266.922248538941,1.7540775518820302e-13,0.0
2023-12-11 09:00:00,2.3,1201.2083795121357,1216.3427279604812,9.85515610522491e-14,0.0
2023-12-11 10:00:00,3.4,622.4748710239403,621.1651802010913,4.4582475805447135e-14,0.0
2023-12-11 11:00:00,4.5,38.141925213714096,132.3789794044157,3.1371807718835152e-16,0.0
2023-12-11 12:00:00,5.5,0.0,54.92615288751006,0.0,0.0
2023-12-11 13:00:00,6.5,0.0,37.61449669054162,0.0,0.0
2023-12-11 14:00:00,4.4,10.889026206722967,523.3681541218023,0.0,0.0
2023-12-11 15:00:00,2.7,311.96047678285095,1033.0364075898406,2.8420470925856072e-14,0.0
2023-12-11 16:00:00,1.4,1267.2083295204418,1864.91765047451,3.159168526072983e-13,0.0
2023-12-11 17:00:00,0.3,1823.5345338192483,2107.6985835943415,1.8319958237098591e-13,0.0
2023-12-11 18:00:00,1.0,1785.5079103030084,2036.9221796136653,8.624932945094035e-15,0.0
2023-12-11 19:00:00,1.4,1847.9791689495132,2031.9313733188194,2.102293091777966e-13,0.0
2023-12-11 20:00:00,2.8,1861.4982690242837,1956.0835349758859,8.216005305873084e-15,0.0
2023-12-11 21:00:00,4.5,1756.0011831005536,1728.674298494875,6.951769866756161e-15,0.0
2023-12-11 22:00:00,6.2,1669.061661571023,1579.8590042291953,1.673163078337875e-15,0.0
2023-12-11 23:00:00,7.5,1613.5768498879152,1525.4734709749114,1.8408845025635292e-13,0.0
2023-12-12 00:00:00,7.3,1623.110442613504,1550.5423435487746,2.287839131253295e-13,0.0
2023-12-12 01:00:00,6.9,1720.8553705654062,1627.9561485405952,1.3903539733512319e-14,0.0
2023-12-12 02:00:00,6.1,1849.10179170079,1764.1582943348571,2.708521223781196e-13,0.0
2023-12-12 03:00:00,4.8,2019.2084877855277,1976.1908847744955,2.1014482816448287e-14,0.0
2023-12-12 04:00:00,4.5,2093.970997547908,1980.9005448989096,1.8188537476325658e-13,0.0
2023-12-12 05:00:00,4.8,2068.1929893727092,1968.1043028598876,2.4001853502515513e-14,0.0
2023-12-12 06:00:00,4.8,2025.4944963020462,1932.2196677873017,0.0,0.0
2023-12-12 07:00:00,4.5,2001.5163450696373,1874.0777218016615,2.0077956940054494e-14,0.0
2023-12-12 08:00:00,4.9,1877.175552620618,1756.4461508619856,3.4508988490718664e-15,0.0
2023-12-12 09:00:00,6.1,652.9368947371727,657.1166922345906,5.0194892350136244e-15,0.0
2023-12-12 10:00:00,7.8,22.42999301664116,101.8714478110246,2.823462694695164e-15,0.0
2023-12-12 11:00:00,9.4,0.0,9.43958973767538,0.0,0.0
2023-12-12 12:00:00,10.3,0.0,0.0,0.0,0.0
2023-12-12 13:00:00,10.8,0.0,0.0,0.0,6.857709063137577
2023-12-12 14:00:00,10.4,0.0,0.0,4.035858917166948,0.0
2023-12-12 15:00:00,8.8,16.439524139397363,1025.4997599051853,4.705771157825273e-16,0.0
2023-12-12 16:00:00,6.6,569.6078988121844,1372.3576698920378,7.060128343536712e-14,0.0
2023-12-12 17:00:00,5.6,1091.890715728733,1530.7062837712256,8.474617455752226e-14,0.0
2023-12-12 18:00:00,5.6,1027.3916493883958,1496.6358727873803,1.7665674014345072e-13,0.0
2023-12-12 19:00:00,4.2,1170.0172140178843,1732.4833087637767,7.379423766704147e-15,0.0
2023-12-12 20:00:00,3.5,1335.8873332514136,1862.0202554834898,4.099499583190031e-14,0.0
2023-12-12 21:00:00,3.0,1468.7156081002372,1979.3511909156327,6.7473060471456854e-15,0.0
2023-12-12 22:00:00,3.3,1561.916082688013,2017.567384853458,1.7665674014345072e-13,0.0
2023-12-12 23:00:00,3.2,1698.1621024163742,2087.060864475365,3.132163696056634e-13,0.0
2023-12-13 00:00:00,2.6,1806.462613956812,2200.611971592299,1.3018990323686092e-13,0.0
2023-12-13 01:00:00,1.6,1946.417448195874,2385.3154020046995,8.018726980876041e-14,0.0
2023-12-13 02:00:00,4.0,1807.9474824715858,2094.683476228488,1.5576702811850195e-14,0.0
2023-12-13 03:00:00,4.0,1809.7851583304096,2095.8481864493156,1.9710312210449824e-13,0.0
2023-12-13 04:00:00,3.9,1837.5454592362905,2089.527569514351,3.9257053365211274e-14,0.0
2023-12-13 05:00:00,3.9,1787.6957678809777,2045.0180855102246,4.0524338901102025e-14,0.0
2023-12-13 06:00:00,4.2,1661.1487541259853,1933.7691018315738,4.6244329535429984e-14,0.0
2023-12-13 07:00:00,4.2,1622.5856498748842,1922.6620166112211,6.54284222753521e-15,0.0
2023-12-13 08:00:00,5.0,1626.7111859593597,1793.9855339295664,6.54284222753521e-15,0.0
2023-12-13 09:00:00,6.2,1457.980076391476,1566.1634290287673,1.0038978470027247e-14,0.0
2023-12-13 10:00:00,6.9,1178.0143654380793,1259.468798091499,1.1059772519692703e-14,0.0
2023-12-13 11:00:00,8.7,792.6699577564989,884.5463307960106,2.01294630406513e-13,0.0
2023-12-13 12:00:00,9.4,379.1858011459898,507.7793136415178,1.3194149583449589e-14,0.0
2023-12-13 13:00:00,9.8,299.1390025073537,564.3244243379668,1.1293850778780655e-14,0.0
2023-12-13 14:00:00,7.8,684.1954619422411,1084.685708203074,2.0046817452190106e-14,0.0
2023-12-13 15:00:00,6.9,824.1490815334446,1231.1746048405748,0.0,0.0
2023-12-13 16:00:00,6.7,1189.180805734243,1375.3836154564715,4.3124664725470176e-15,0.0
2023-12-13 17:00:00,6.2,1364.684685008871,1431.3362007722003,2.5683443398180564e-13,0.0
2023-12-13 18:00:00,5.2,1395.2986500750733,1548.8049659525918,4.108002652936542e-15,0.0
2023-12-13 19:00:00,4.2,1535.8445587087701,1734.8240902254931,5.380033606021667e-14,0.0
2023-12-13 20:00:00,4.5,1611.9536528404183,1690.1532533661466,9.730257609700143e-14,0.0
2023-12-13 21:00:00,5.1,1630.3296867724798,1702.3660361976304,9.513800830461032e-15,0.0
2023-12-13 22:00:00,5.0,1739.0303710956034,1848.3474199568063,2.0411369517012541e-13,0.0
2023-12-13 23:00:00,4.6,1849.5909522846964,1904.5006391720522,1.7354438582584184e-14,0.0
2023-12-14 00:00:00,4.0,1947.637684444666,1991.4725087748434,1.6432010611746174e-14,0.0
2023-12-14 01:00:00,3.9,1998.563109470163,2002.7443027929685,2.0065859364596623e-13,0.0
2023-12-14 02:00:00,3.8,2029.6453331337875,2020.4384028274476,2.9008886942383386e-13,0.0
2023-12-14 03:00:00,4.0,2040.266017663508,2016.8127041483679,2.3071619375707206e-13,0.0
2023-12-14 04:00:00,4.0,2050.653967623859,2018.3315109946316,1.375930495790575e-13,0.0
2023-12-14 05:00:00,4.5,1934.478847312222,1884.26321039505,8.018726980876041e-14,0.0
2023-12-14 06:00:00,4.5,1819.2823756043017,1769.0638896319979,0.0,0.0
2023-12-14 07:00:00,4.4,1788.5198163099526,1840.3208875783625,2.0284640963423462e-13,0.0
2023-12-14 08:00:00,4.4,1838.3277041719418,1844.625707127758,4.093021644354915e-14,0.0
2023-12-14 09:00:00,5.0,1499.3309139799526,1521.6663080727114,2.7029726806810657e-14,0.0
2023-12-14 10:00:00,6.0,987.8633871178421,838.6916621801605,1.1799587522435822e-13,0.0
2023-12-14 11:00:00,7.1,497.7793128465505,501.90431981453264,5.899793761217911e-14,0.0
2023-12-14 12:00:00,7.3,207.52998058075752,313.80224281839514,3.337594329671199e-14,0.0
2023-12-14 13:00:00,7.5,474.63724788739063,589.0092147278178,4.4164185035862666e-14,0.0
2023-12-14 14:00:00,8.6,369.6325406177851,413.1089648589385,2.2082092517931333e-14,0.0
2023-12-14 15:00:00,7.5,598.9447809881494,744.8395291309531,6.379271171846831e-14,0.0
2023-12-14 16:00:00,6.6,1208.975081518211,1231.329248944117,3.271421113767605e-15,0.0
2023-12-14 17:00:00,6.1,1396.6431487914947,1413.530935545789,9.570779383842948e-14,0.0
2023-12-14 18:00:00,6.3,1331.4022616305297,1374.3579801734504,1.2842200497610555e-13,0.0
2023-12-14 19:00:00,5.9,1451.68058970016,1426.9367574894754,5.0969194913576396e-14,0.0
2023-12-14 20:00:00,5.5,1543.2662784025565,1550.753189392445,1.783299032217886e-13,0.0
2023-12-14 21:00:00,5.7,1583.8948398102475,1579.075464700239,4.7097691117334434e-14,0.0
2023-12-14 22:00:00,4.8,1795.7144587167234,1806.6995594728899,3.743239552263868e-14,0.0
2023-12-14 23:00:00,4.5,1887.8827895936734,1848.047126994782,1.4351139932896887e-13,0.0
2023-12-15 00:00:00,4.9,1902.0684415778965,1797.962513691892,8.216005305873084e-15,0.0
2023-12-15 01:00:00,4.8,1924.891815089508,1879.042302578238,4.448568798501713e-14,0.0
2023-12-15 02:00:00,5.3,1906.6756986639311,1859.6660412829199,1.802122116849187e-13,0.0
2023-12-15 03:00:00,4.7,2036.8963305774264,1903.1520857033295,1.2724498138701317e-13,0.0
2023-12-15 04:00:00,4.0,2067.318215449084,2009.323366261769,2.870855033137505e-13,0.0
2023-12-15 05:00:00,4.0,2016.4564543046358,1990.9467018048067,4.538454849991487e-14,0.0
2023-12-15 06:00:00,4.2,1926.6853317625234,1909.9102879189081,2.3792708117723278e-14,0.0
2023-12-15 07:00:00,4.1,1893.4210145702023,1866.8274539818385,9.241764646393486e-14,0.0
2023-12-15 08:00:00,4.0,1949.3516991753966,1925.4859503078574,2.9532676075398224e-13,0.0
2023-12-15 09:00:00,4.0,1937.3428628312065,1907.6373472267815,1.673163078337875e-15,0.0
2023-12-15 10:00:00,4.0,1890.6320766706826,1893.3772860438953,1.5576702811850195e-14,0.0
2023-12-15 11:00:00,4.0,1758.4371534301433,1819.8538268257087,4.873087465659062e-14,0.0
2023-12-15 12:00:00,4.3,1436.5757038811116,1154.9596117860185,1.673163078337875e-15,0.0
2023-12-15 13:00:00,4.4,893.9191068410246,721.6019097207896,1.9628526682605637e-14,0.0
2023-12-15 14:00:00,3.3,1537.539874249233,1799.4546355749849,8.216005305873084e-15,0.0
2023-12-15 15:00:00,3.6,1723.5063642405403,1515.391036436405,8.216005305873084e-15,0.0
2023-12-15 16:00:00,2.9,2012.4318702297128,1550.199992231079,8.642712250782622e-14,0.0
2023-12-15 17:00:00,2.4,2101.32582396374,1737.7334196969286,4.0524338901102025e-14,0.0
2023-12-15 18:00:00,2.2,2067.8133448119543,1688.5430540621373,2.0077956940054494e-14,0.0
2023-12-15 19:00:00,1.2,2189.492766287598,1803.0926606768894,2.251784694152491e-13,0.0
2023-12-15 20:00:00,1.2,2284.786550338378,1880.184384462728,1.9056027987696304e-13,0.0
2023-12-15 21:00:00,0.9,2344.604203897925,1922.8243779479778,2.0077956940054494e-14,0.0
2023-12-15 22:00:00,0.8,2394.560907205009,2029.614086901655,3.805023803098917e-13,0.0
2023-12-15 23:00:00,1.0,2464.6656875446097,2100.7992851939343,8.186043288709829e-14,0.0
2023-12-16 00:00:00,1.4,2459.2021128849187,2131.84723529067,9.035080623024527e-14,0.0
2023-12-16 01:00:00,2.8,2349.9807258593682,2051.976466515921,0.0,0.0
2023-12-16 02:00:00,3.5,2364.600976205465,2001.074308776342,3.707806840720142e-14,0.0
2023-12-16 03:00:00,3.4,2391.816972273335,2019.6267308342367,4.146086477749582e-14,0.0
2023-12-16 04:00:00,2.7,2437.905520452314,2086.7634124752512,3.614920330713204e-13,0.0
2023-12-16 05:00:00,2.5,2407.9421771510915,2092.6530612795277,2.6620799167589706e-14,0.0
2023-12-16 06:00:00,1.9,2383.440354292274,2094.6135949286345,1.3175570506560197e-13,0.0
2023-12-16 07:00:00,1.9,2322.555789068442,2072.8265377624375,1.967346970835052e-13,0.0
2023-12-16 08:00:00,2.2,2358.6751397436738,2065.623281848528,2.019662753800639e-14,0.0
2023-12-16 09:00:00,3.4,1448.4278236253256,1333.6301734660983,3.9257053365211274e-14,0.0
2023-12-16 10:00:00,4.3,1482.8729653348857,1327.9204197836743,1.5576702811850195e-14,0.0
2023-12-16 11:00:00,5.2,1082.0651682480839,725.1129914269072,3.698101904719829e-15,0.0
2023-12-16 12:00:00,5.6,753.7097824579985,536.6665696648115,2.2133208472833958e-14,0.0
2023-12-16 13:00:00,6.1,753.5921555163823,545.5150477155636,0.0,0.0
2023-12-16 14:00:00,7.2,48.82469769475116,127.04587043197846,5.646925389390329e-15,0.0
2023-12-16 15:00:00,6.5,450.9223511398242,317.8214018356981,5.111595490261882e-15,0.0
2023-12-16 16:00:00,5.0,1378.2768430086658,1249.9010291648897,2.636637206296426e-13,0.0
2023-12-16 17:00:00,4.5,1807.3748474276306,1529.528392645045,2.885988636767413e-13,0.0
2023-12-16 18:00:00,4.2,1731.7898317162064,1546.7084815152193,1.967346970835052e-13,0.0
2023-12-16 19:00:00,3.9,1806.8722959815698,1564.4917546098413,5.826108757019306e-14,0.0
2023-12-16 20:00:00,3.7,1924.3594484446785,1675.3940515229965,9.202396930858314e-14,0.0
2023-12-16 21:00:00,3.5,2003.5383268710502,1742.9906833167458,3.637313994865987e-13,0.0
2023-12-16 22:00:00,3.4,2128.3508516999304,1828.8668880037328,7.216462730370538e-14,0.0
2023-12-16 23:00:00,3.3,2219.220768154876,1877.973436545522,6.901797698143733e-15,0.0
2023-12-17 00:00:00,3.4,2259.461683715431,1907.2859327543943,1.3903539733512319e-14,0.0
2023-12-17 01:00:00,3.4,2258.0473023549375,1993.4740216277032,5.862004304080157e-14,0.0
2023-12-17 02:00:00,4.0,2235.551976883329,2005.136558215575,9.859206367047703e-14,0.0
2023-12-17 03:00:00,3.8,2245.3827161643458,2008.291633167747,1.0193838982715278e-13,0.0
2023-12-17 04:00:00,3.6,2267.931094956428,2012.8686223734826,2.6272490718066843e-13,0.0
2023-12-17 05:00:00,3.5,2188.5430936585294,1997.7383226219686,2.827933945703384e-13,0.0
2023-12-17 06:00:00,3.5,2070.3331766430683,1920.6810017340183,1.3357867822975613e-13,0.0
2023-12-17 07:00:00,3.4,2043.5424968644738,1923.3856798020056,1.0513490589801224e-13,0.0
2023-12-17 08:00:00,3.6,2098.0643659498946,1914.4340671642333,0.0,0.0
2023-12-17 09:00:00,5.1,860.2245982782774,753.4447872031103,6.206199773110873e-14,0.0
2023-12-17 10:00:00,6.6,186.18692207567727,167.34454939352986,1.254872308753406e-15,0.0
2023-12-17 11:00:00,7.5,20.395085211069073,112.03475602052312,2.823462694695164e-15,0.0
2023-12-17 12:00:00,8.2,0.0,0.0,0.0,0.0
2023-12-17 13:00:00,8.9,0.0,0.0,0.0,0.0
2023-12-17 14:00:00,9.1,0.0,0.0,0.0,0.0
2023-12-17 15:00:00,8.7,4.4248536459458325,290.20098144871383,0.0,0.0
2023-12-17 16:00:00,7.8,482.2113178733464,895.6751365488299,4.1885873903060225e-14,0.0
2023-12-17 17:00:00,7.1,1085.898369171449,1268.391203458093,2.1680136391536797e-13,0.0
2023-12-17 18:00:00,6.7,1010.9488309038284,1233.346098811794,1.5090366200289428e-13,0.0
2023-12-17 19:00:00,5.7,1164.269713460421,1365.4224850473245,1.8363638656125542e-13,0.0
2023-12-17 20:00:00,4.9,1352.9067856378426,1533.647689139091,2.3026523845123626e-13,0.0
2023-12-17 21:00:00,4.7,1472.4789953078416,1595.215203117255,1.219288156571198e-13,0.0
2023-12-17 22:00:00,2.8,1721.772826284188,1888.4306593897713,6.951769866756161e-15,0.0
2023-12-17 23:00:00,3.8,1818.1269369484253,1880.8228085759056,6.54284222753521e-15,0.0
2023-12-18 00:00:00,4.7,1870.2636965208835,1870.8283105757541,8.888678853669958e-16,0.0
2023-12-18 01:00:00,2.8,2066.328496172364,2115.249592931835,2.1855692710788487e-14,0.0
2023-12-18 02:00:00,1.6,2212.084492791637,2245.5057081493023,1.783299032217886e-13,0.0
2023-12-18 03:00:00,2.6,2173.6013664333436,2152.712271117549,5.527371688412583e-14,0.0
2023-12-18 04:00:00,5.0,1990.428252444167,1871.965142763729,1.1220649894103376e-13,0.0
2023-12-18 05:00:00,5.8,1878.6212237661452,1731.8385920126484,5.907894284863495e-14,0.0
2023-12-18 06:00:00,5.8,1809.8999598645164,1632.6096125723745,3.003462499889959e-13,0.0
2023-12-18 07:00:00,6.0,1712.6516394834598,1551.2053463795773,1.8319958237098591e-13,0.0
2023-12-18 08:00:00,6.1,1691.8539113464617,1549.9738286460542,6.54284222753521e-15,0.0
2023-12-18 09:00:00,7.2,453.3462025628274,546.6761005685127,0.0,0.0
2023-12-18 10:00:00,8.9,15.925055666112566,12.392538682806714,0.0,0.0
2023-12-18 11:00:00,10.3,0.0,4.418756484620865,0.0,0.0
2023-12-18 12:00:00,11.1,0.0,0.0,0.0,0.0
2023-12-18 13:00:00,11.0,5.925785902446641e-16,0.0,4.641679595700014,0.0
2023-12-18 14:00:00,11.3,3.555471541467983e-15,0.0,36.950146591086074,10.708760876671054
2023-12-18 15:00:00,11.2,5.555424283543724e-17,0.0,0.3159819059719734,0.0
2023-12-18 16:00:00,9.8,229.11689598001843,562.5379577866181,1.9701037732912407e-14,0.0
2023-12-18 17:00:00,9.2,738.6694683222023,940.4292414873519,9.393746167756486e-14,0.0
2023-12-18 18:00:00,9.2,728.5578316848455,950.9982620644435,6.51161760365402e-14,0.0
2023-12-18 19:00:00,8.9,833.4882453847567,986.9241503535305,1.242264712130815e-13,0.0
2023-12-18 20:00:00,8.3,1013.3842110021592,1085.9200850072498,7.599173604573638e-14,0.0
2023-12-18 21:00:00,7.5,1143.043392998079,1202.5738662662993,1.343403547260169e-13,0.0
2023-12-18 22:00:00,6.7,1310.6903532777305,1420.3597891904465,4.252847447897888e-14,0.0
2023-12-18 23:00:00,6.0,1501.8757456716285,1628.1438466051559,1.967346970835052e-13,0.0
2023-12-19 00:00:00,3.4,1732.9660200086132,2015.963431399533,0.0,0.0
2023-12-19 01:00:00,5.4,1682.7489675872935,1839.4809102002196,9.097529870786912e-14,0.0
2023-12-19 02:00:00,2.9,1876.3232345462602,2145.4714721122245,1.673163078337875e-15,0.0
2023-12-19 03:00:00,1.6,2086.451860044855,2245.3331097092787,2.7242071276406133e-13,0.0
2023-12-19 04:00:00,1.1,2213.274587450607,2292.526417787388,1.7777357707339916e-15,0.0
2023-12-19 05:00:00,2.1,2164.5967892933604,2171.3136751981074,1.3085684455070422e-14,0.0
2023-12-19 06:00:00,4.0,1966.4207975424865,2010.9534039544637,4.1077501315929565e-13,0.0
2023-12-19 07:00:00,1.9,2071.094794951672,2128.493316344392,1.305067201103543e-13,0.0
2023-12-19 08:00:00,1.0,2202.6732875184734,2217.662602222832,6.54284222753521e-15,0.0
2023-12-19 09:00:00,4.1,679.627455415243,856.7587267994965,1.6357105568838024e-15,0.0
2023-12-19 10:00:00,5.9,176.70123733098242,238.94733360698632,1.1293850778780655e-14,0.0
2023-12-19 11:00:00,7.3,0.0,110.67771834064266,0.0,0.0
2023-12-19 12:00:00,8.6,0.0,0.0,0.0,0.0
2023-12-19 13:00:00,9.4,2.1724280833613005e-15,0.0,22.80478405985173,0.0
2023-12-19 14:00:00,7.2,3.555471541467983e-15,30.534645867116975,32.42638856073508,0.0
2023-12-19 15:00:00,5.0,0.0,285.717063758761,0.0,0.0
2023-12-19 16:00:00,1.1,828.3103830704372,1574.3942232055758,5.423548860753292e-14,0.0
2023-12-19 17:00:00,0.1,1685.240323109197,2059.3613929995176,3.931282546782252e-13,0.0
2023-12-19 18:00:00,0.1,1552.6342798013393,2024.4381397806587,9.420154149957589e-14,0.0
2023-12-19 19:00:00,0.6,1585.4232205148355,1938.5908123341796,4.108002652936542e-15,0.0
2023-12-19 20:00:00,0.8,1687.2454621707805,1955.0955804645532,5.1718245342657846e-14,0.0
2023-12-19 21:00:00,0.9,1722.0517366558256,2022.1937697225821,8.443245648033391e-14,0.0
2023-12-19 22:00:00,0.8,1808.9303121869048,2094.5139376113957,6.54284222753521e-15,0.0
2023-12-19 23:00:00,0.6,1957.6552434200262,2265.077865931855,1.9223344295530092e-13,0.0
2023-12-20 00:00:00,0.8,2048.8891463961213,2291.5544203113777,0.0,0.0
2023-12-20 01:00:00,2.5,1996.8547250285728,2141.904060753078,1.2368950984554518e-13,0.0
2023-12-20 02:00:00,-0.8,2255.6694541519673,2598.067328916671,1.9877628518283612e-13,0.0
2023-12-20 03:00:00,0.1,2318.544977686721,2434.851796743356,2.60294908801283e-13,0.0
2023-12-20 04:00:00,3.0,2168.6845897444455,2138.3596942368567,4.86263019641945e-14,0.0
2023-12-20 05:00:00,6.0,1795.9560067297346,1709.898321656141,1.971791310261887e-13,0.0
2023-12-20 06:00:00,5.6,1651.1830921539643,1586.6163747906385,5.1718245342657846e-14,0.0
2023-12-20 07:00:00,5.6,1593.1578366198687,1561.2751671628162,0.0,0.0
2023-12-20 08:00:00,6.1,1593.1381823018,1551.2837143467796,4.5799895592746485e-14,0.0
2023-12-20 09:00:00,6.0,1586.9490162626369,1489.4861043277483,4.6208823231967436e-14,0.0
2023-12-20 10:00:00,5.5,1561.0297200914474,1469.479717817431,2.2205436022991508e-13,0.0
2023-12-20 11:00:00,5.8,1496.7194971834733,1428.0580244709263,9.52801399384815e-14,0.0
2023-12-20 12:00:00,6.1,1375.6591019240884,1286.0519240085382,0.0,0.0
2023-12-20 13:00:00,6.3,1407.4329136899582,1258.6108276445193,4.5175403115122635e-14,0.0
2023-12-20 14:00:00,6.3,1111.0099781874633,667.8725964310801,1.3514863403405329e-14,0.0
2023-12-20 15:00:00,6.2,987.9953369734034,746.526586003182,5.605096312431882e-14,0.0
2023-12-20 16:00:00,5.3,1504.6100550150838,1006.5001406177262,1.0734155456702869e-13,0.0
2023-12-20 17:00:00,5.2,1701.14796017228,1384.0745095081238,5.205157079967047e-14,0.0
2023-12-20 18:00:00,4.2,1728.8480725893266,1565.8137280350393,3.9257053365211274e-14,0.0
2023-12-20 19:00:00,4.1,1767.6060078385044,1581.6985425500432,4.6208823231967436e-14,0.0
2023-12-20 20:00:00,4.3,1805.7564667448964,1585.615549891038,4.606427100048963e-14,0.0
2023-12-20 21:00:00,4.4,1845.7837340929545,1605.0811292735984,0.0,0.0
2023-12-20 22:00:00,4.4,1948.505257119792,1741.3480607665424,9.597311800540283e-14,0.0
2023-12-20 23:00:00,4.3,2032.992404865804,1838.6252754412583,2.2794385580930276e-13,0.0
2023-12-21 00:00:00,4.2,2088.4333661995242,1868.9772637167766,1.0044911999924846e-13,0.0
2023-12-21 01:00:00,4.2,2137.945536680534,1898.3087036064173,2.6620799167589706e-14,0.0
2023-12-21 02:00:00,5.0,2104.4736368226518,1808.7027734345081,0.0,0.0
2023-12-21 03:00:00,4.8,2082.5817058989105,1842.1152408884536,8.018726980876041e-14,0.0
2023-12-21 04:00:00,5.2,2057.8252651006387,1805.4666398952645,1.4732293832706765e-13,0.0
2023-12-21 05:00:00,5.1,2009.069179731413,1752.9947039253284,1.673163078337875e-15,0.0
2023-12-21 06:00:00,5.4,1840.279675314601,1647.3009542533619,5.3495981113391835e-14,0.0
2023-12-21 07:00:00,5.8,1746.807393732857,1535.3077643158153,2.3004814856444643e-13,0.0
2023-12-21 08:00:00,6.2,1753.1200016488365,1523.1556757001008,5.907894284863495e-14,0.0
2023-12-21 09:00:00,6.5,1550.577720927589,1209.1048125101133,2.357356829920857e-13,0.0
2023-12-21 10:00:00,7.0,1430.0559541327912,1149.0241924945763,8.832837007172533e-14,0.0
2023-12-21 11:00:00,7.8,1223.6426226199778,861.7950390499841,4.5175403115122635e-14,0.0
2023-12-21 12:00:00,8.4,1217.0953885461727,1018.8488530136169,1.2758542343693661e-13,0.0
2023-12-21 13:00:00,8.7,1181.2536839664474,938.9170235222731,8.832837007172533e-14,0.0
2023-12-21 14:00:00,8.9,1270.0601575836272,962.7426022809997,1.4372696416737175e-13,0.0
2023-12-21 15:00:00,8.8,1287.7057005635206,909.3325323434472,6.614222794054413e-14,0.0
2023-12-21 16:00:00,8.6,1375.7577542157742,1022.0342040011931,0.0,0.0
2023-12-21 17:00:00,8.4,1390.9913836350938,1019.7019363202555,5.1718245342657846e-14,0.0
2023-12-21 18:00:00,8.4,1321.2046841632718,1002.2072858217925,1.673163078337875e-15,0.0
2023-12-21 19:00:00,8.6,1339.17643258197,1007.169461405935,6.015896577725536e-14,0.0
2023-12-21 20:00:00,8.7,1412.0633500411293,1065.385295092278,4.86263019641945e-14,0.0
2023-12-21 21:00:00,8.9,1422.1644421400629,1097.6643080431193,1.0038978470027247e-14,0.0
2023-12-21 22:00:00,9.2,1480.2190408591157,1239.873171928085,4.5799895592746485e-14,0.0
2023-12-21 23:00:00,8.8,1568.0069196644322,1339.1509343226585,1.9056027987696304e-13,0.0
2023-12-22 00:00:00,7.6,1703.1552414865391,1543.451303331125,1.1105325564792361e-13,0.0
2023-12-22 01:00:00,7.0,1817.1636897182361,1631.8882772634752,0.0,0.0
2023-12-22 02:00:00,6.2,1880.2326466114705,1718.0050561498072,1.375930495790575e-13,0.0
2023-12-22 03:00:00,5.7,1938.6879368137656,1774.2509892617381,0.0,0.0
2023-12-22 04:00:00,4.8,2079.826005040929,1840.6753058581062,1.867550539124539e-13,0.0
2023-12-22 05:00:00,4.0,2117.195224566806,1945.3840887292574,3.555471541467983e-15,0.0
2023-12-22 06:00:00,4.2,1983.3760736260401,1840.722712163351,0.0,0.0
2023-12-22 07:00:00,3.8,1967.3363037576878,1871.761012501183,1.3175570506560197e-13,0.0
2023-12-22 08:00:00,3.9,2048.558856984572,1911.6388892139887,0.0,0.0
2023-12-22 09:00:00,4.5,1564.6437614497038,1362.2575036209578,1.9056027987696304e-13,0.0
2023-12-22 10:00:00,5.6,938.2093260320023,639.8313098850258,1.9955668793982395e-13,0.0
2023-12-22 11:00:00,6.6,126.46927762361582,52.606853154600046,0.0,0.0
2023-12-22 12:00:00,6.0,610.932133355803,646.5545089885807,6.04648989824776e-15,0.0
2023-12-22 13:00:00,6.8,302.84084637007834,65.33917448113748,0.0,0.0
2023-12-22 14:00:00,6.8,73.55039308627964,40.98637269191858,0.0,0.0
2023-12-22 15:00:00,6.5,412.1477603570926,559.4652436766419,5.428416874234575e-15,0.0
2023-12-22 16:00:00,5.6,1129.4809888495952,1345.4018867781726,5.563267235473435e-14,0.0
2023-12-22 17:00:00,4.4,1524.7197254717894,1562.965576064943,2.452361750461896e-13,0.0
2023-12-22 18:00:00,3.4,1550.4900328538806,1700.66127422756,6.951769866756161e-15,0.0
2023-12-22 19:00:00,4.0,1574.1860299731911,1609.5941467639077,1.783299032217886e-13,0.0
2023-12-22 20:00:00,4.0,1653.7844227803773,1660.6389738468588,1.5576702811850195e-14,0.0
2023-12-22 21:00:00,3.5,1754.1007068692832,1759.5715018477797,4.606427100048963e-14,0.0
2023-12-22 22:00:00,4.9,1765.7726318050854,1658.326823510461,3.3981496673566814e-14,0.0
2023-12-22 23:00:00,5.8,1759.4113493926748,1632.6270019203016,1.7777357707339916e-15,0.0
2023-12-23 00:00:00,6.0,1782.1090658132978,1676.6106163863958,1.7777357707339916e-15,0.0
2023-12-23 01:00:00,6.3,1782.6179378709098,1713.2574374715846,1.7665674014345072e-13,0.0
2023-12-23 02:00:00,1.8,2128.898545538994,2148.2620080183874,2.1014482816448287e-14,0.0
2023-12-23 03:00:00,1.4,2225.9779409979456,2183.7744564515547,1.8654590852766167e-13,0.0
2023-12-23 04:00:00,2.0,2204.042017269816,2108.2799071188624,1.308751451313473e-13,0.0
2023-12-23 05:00:00,4.2,2014.4804117295935,1901.7291361303394,1.7665674014345072e-13,0.0
2023-12-23 06:00:00,3.5,1981.239145597372,1955.048680392397,5.1718245342657846e-14,0.0
2023-12-23 07:00:00,3.0,2004.7749926010365,1948.928801913822,4.788503640707914e-14,0.0
2023-12-23 08:00:00,3.9,1996.3558018526728,1911.6388892139887,8.505694895795775e-14,0.0
2023-12-23 09:00:00,3.9,1854.8650090206966,1678.7255679976358,9.661591106366975e-14,0.0
2023-12-23 10:00:00,3.8,1842.3002378330243,1836.0999636086979,7.110943082935968e-15,0.0
2023-12-23 11:00:00,2.9,1879.5109792888895,1898.9293779443328,9.118444409266135e-14,0.0
2023-12-23 12:00:00,1.9,1986.5081035356918,1952.730588618229,2.5306591559860352e-14,0.0
2023-12-23 13:00:00,3.3,1893.6359933792942,1839.7972764967667,0.0,0.0
2023-12-23 14:00:00,0.7,2193.577837383892,2039.051991103434,3.0903651200659246e-14,0.0
2023-12-23 15:00:00,2.8,1994.582816388139,1773.2669050385903,2.1456213337947856e-13,0.0
2023-12-23 16:00:00,6.2,1809.7613539159706,1327.1557932763899,2.2837498548610856e-13,0.0
2023-12-23 17:00:00,7.0,1671.002850637741,1153.6023923517087,6.6926523133515e-14,0.0
2023-12-23 18:00:00,7.2,1536.2770873903678,1095.3770895984185,4.5175403115122635e-14,0.0
2023-12-23 19:00:00,5.4,1686.120910898279,1372.4843972308195,1.7665674014345072e-13,0.0
2023-12-23 20:00:00,5.8,1757.264428141516,1343.1387395674992,2.175112001839237e-14,0.0
2023-12-23 21:00:00,6.7,1724.321908099731,1309.657753695708,0.0,0.0
2023-12-23 22:00:00,7.0,1781.5380755204437,1413.7797019569289,8.216005305873084e-15,0.0
2023-12-23 23:00:00,6.7,1866.7443657980339,1583.979065957741,3.9257053365211274e-14,0.0
2023-12-24 00:00:00,7.0,1878.2892097886643,1572.1925726253603,8.018726980876041e-14,0.0
2023-12-24 01:00:00,7.1,1876.792117631282,1632.4858390713785,4.5175403115122635e-14,0.0
2023-12-24 02:00:00,7.6,1832.2011058484295,1611.577113493038,1.848727454493238e-13,0.0
2023-12-24 03:00:00,7.7,1816.949565308132,1600.8830700780952,1.867550539124539e-13,0.0
2023-12-24 04:00:00,7.7,1806.9273384691946,1531.7250305914522,0.0,0.0
2023-12-24 05:00:00,7.5,1735.7493555618112,1538.8704475093934,6.54284222753521e-15,0.0
2023-12-24 06:00:00,7.6,1612.570182615169,1357.0602323670312,3.9257053365211274e-14,0.0
2023-12-24 07:00:00,7.6,1560.9070865896247,1333.3763776737692,2.1591379350866198e-13,0.0
2023-12-24 08:00:00,7.5,1607.843542030996,1355.4232264586722,6.525336005517712e-14,0.0
2023-12-24 09:00:00,8.1,1462.1282155494473,1054.0981278075399,5.583887406277373e-14,0.0
2023-12-24 10:00:00,8.7,1309.15754962709,905.7743850639088,9.138422634709007e-14,0.0
2023-12-24 11:00:00,8.6,1263.681247628524,1036.8512886059373,3.271421113767605e-15,0.0
2023-12-24 12:00:00,8.2,1235.040037604448,1007.0086626727882,3.9257053365211274e-14,0.0
2023-12-24 13:00:00,8.3,1264.0866936328775,984.7632894580421,1.284742913223036e-13,0.0
2023-12-24 14:00:00,9.3,1240.509960878536,900.9615434489727,1.3494612094291371e-14,0.0
2023-12-24 15:00:00,9.4,1251.1953787973696,882.2875320408411,1.844450915493758e-13,0.0
2023-12-24 16:00:00,9.6,1291.7738141480995,946.1362531606826,8.832837007172533e-14,0.0
2023-12-24 17:00:00,9.8,1257.968288357185,945.5226512720019,1.0650844880471755e-14,0.0
2023-12-24 18:00:00,10.2,1144.405017581067,873.6640373084282,3.9257053365211274e-14,0.0
2023-12-24 19:00:00,10.1,1162.5692275275442,900.2098920369488,0.0,0.0
2023-12-24 20:00:00,10.1,1233.6936998277317,969.9403469261822,1.2758542343693661e-13,0.0
2023-12-24 21:00:00,10.1,1272.0828651140982,1005.8730886779256,1.2180404486562019e-14,0.0
2023-12-24 22:00:00,10.1,1361.7154235348955,1128.8694701993782,8.832837007172533e-14,0.0
2023-12-24 23:00:00,10.5,1390.0580587423174,1165.1464758898283,1.5008559388441044e-13,0.0
2023-12-25 00:00:00,11.2,1340.667108656657,1087.7257445443006,9.000153315006321e-14,0.0
2023-12-25 01:00:00,11.8,1299.7141546908388,1061.7156123152558,1.0618357649872628e-13,0.0
2023-12-25 02:00:00,12.7,1223.6106523900482,1013.5747524457712,1.3780861441746037e-13,0.0
2023-12-25 03:00:00,12.6,1216.5334186857772,1036.4751310466963,1.8360851001020687e-13,0.0
2023-12-25 04:00:00,12.8,1198.696748166918,1013.6958314183478,6.100817338360365e-14,0.0
2023-12-25 05:00:00,12.8,1150.2275432304946,997.8307192842603,4.6953138885856624e-14,0.0
2023-12-25 06:00:00,12.3,1087.8009410766697,943.9567923581316,1.4354275165687521e-13,0.0
2023-12-25 07:00:00,11.7,1041.5600050597182,954.3607656338436,5.21271729818788e-14,0.0
2023-12-25 08:00:00,11.8,1027.265710566523,947.3144688210086,1.1175265316845559e-13,0.0
2023-12-25 09:00:00,12.2,935.5820871552293,898.9591949117178,0.0,0.0
2023-12-25 10:00:00,12.4,773.6693315164882,807.441871993738,9.836734854175257e-14,0.0
2023-12-25 11:00:00,12.1,746.7882827413979,833.0812845486007,4.1829076958446875e-16,0.0
2023-12-25 12:00:00,12.1,677.0859190591905,781.2229742834895,4.1829076958446875e-16,0.0
2023-12-25 13:00:00,12.4,605.0125451794721,783.2626569683503,4.918367427087629e-14,0.0
2023-12-25 14:00:00,13.2,604.1577730484446,789.3438104353811,3.271421113767605e-15,0.0
2023-12-25 15:00:00,13.2,326.0075902469719,539.273544632756,1.1293850778780655e-14,0.0
2023-12-25 16:00:00,13.0,579.6975792457831,810.1823907036869,1.0457269239611719e-16,0.0
2023-12-25 17:00:00,13.1,706.3558838719232,732.2726641998256,4.1829076958446875e-16,0.0
2023-12-25 18:00:00,12.4,721.9802948512274,749.5771729160876,4.099499583190031e-14,0.0
2023-12-25 19:00:00,12.1,804.093403782667,800.1436222430195,9.702744553553406e-14,0.0
2023-12-25 20:00:00,11.9,911.5093788735373,931.3166441047648,2.8253459627699672e-14,0.0
2023-12-25 21:00:00,12.2,933.2900800527134,916.0516519532291,9.52801399384815e-14,0.0
2023-12-25 22:00:00,12.1,996.0605000279727,968.224058996866,1.4740121272681257e-14,0.0
2023-12-25 23:00:00,11.7,1101.3534877627794,1058.520637884675,1.0615569994767769e-13,0.0
2023-12-26 00:00:00,11.7,1108.7483838723174,1054.3668766216374,9.664894806999454e-14,0.0
2023-12-26 01:00:00,11.3,1177.4737816163897,1079.6598743026657,1.3528150895758196e-13,0.0
2023-12-26 02:00:00,11.3,1214.321049825001,1097.3875191068169,8.729505637490152e-15,0.0
2023-12-26 03:00:00,11.6,1211.4105457448,1074.9872412437503,9.17792689207972e-14,0.0
2023-12-26 04:00:00,11.2,1267.750108393271,1106.2917305286796,8.320577998269201e-15,0.0
2023-12-26 05:00:00,11.2,1266.522244179232,1089.2528323403894,5.2851503376706507e-14,0.0
2023-12-26 06:00:00,10.4,1318.163250850792,1286.6625919262906,9.159979118549293e-14,0.0
2023-12-26 07:00:00,11.2,1180.3903199327751,1003.507630541963,1.3085684455070422e-13,0.0
2023-12-26 08:00:00,11.2,1129.3664483872963,988.6559564399745,7.01653329210418e-14,0.0
2023-12-26 09:00:00,10.8,971.8110989749248,1022.1632852744938,4.252847447897888e-14,0.0
2023-12-26 10:00:00,10.2,717.6371524112792,902.7615284654527,1.0907949703371768e-14,0.0
2023-12-26 11:00:00,9.5,636.2265134510735,862.0870448773303,4.887142803206438e-14,0.0
2023-12-26 12:00:00,9.8,392.22563609197385,369.23442737244295,2.509744617506812e-15,0.0
2023-12-26 13:00:00,10.2,303.1876945946394,400.0378178590199,0.0,0.0
2023-12-26 14:00:00,10.3,177.0292294587821,326.474123027688,1.1293850778780655e-14,0.0
2023-12-26 15:00:00,10.2,251.21108085151474,806.6515751071137,4.7179538692999464e-14,0.0
2023-12-26 16:00:00,9.8,780.5731410578519,1223.5606231305394,4.590594012351903e-14,0.0
2023-12-26 17:00:00,10.3,992.4675073443896,1155.5192425963155,2.713018982717012e-14,0.0
2023-12-26 18:00:00,10.2,933.145108384204,1137.2890723837545,0.0,0.0
2023-12-26 19:00:00,9.9,936.5164546989643,1124.900336159896,5.2567452949006127e-14,0.0
2023-12-26 20:00:00,10.1,988.7627479488485,1200.8020160343672,4.336505601814782e-14,0.0
2023-12-26 21:00:00,9.4,1141.3807452733834,1296.44548459738,3.4758849333780806e-15,0.0
2023-12-26 22:00:00,8.7,1284.072154252835,1400.328942716286,1.1059772519692703e-14,0.0
2023-12-26 23:00:00,7.8,1544.0222403132832,1546.7670506508637,1.3606580415055285e-13,0.0
2023-12-27 00:00:00,6.3,1738.4590668842943,1740.8999286020692,1.673163078337875e-15,0.0
2023-12-27 01:00:00,6.8,1757.7682105062088,1689.4630504946686,1.848727454493238e-13,0.0
2023-12-27 02:00:00,7.0,1756.8511350365225,1686.9857138273583,1.8654590852766167e-13,0.0
2023-12-27 03:00:00,7.1,1759.6665455868867,1668.1946598963868,3.672170200204136e-13,0.0
2023-12-27 04:00:00,6.8,1777.9325279970192,1683.0799406363496,1.0948298058356345e-13,0.0
2023-12-27 05:00:00,6.5,1678.0751216063863,1657.9981621548866,2.3751341876281965e-13,0.0
2023-12-27 06:00:00,5.8,1638.8326511567275,1720.1145257875687,1.8319958237098591e-13,0.0
2023-12-27 07:00:00,5.3,1693.3836425270797,1795.7902914254155,2.2981733324217433e-13,0.0
2023-12-27 08:00:00,4.7,1788.3305332336136,1838.5094837722957,3.4508988490718664e-15,0.0
2023-12-27 09:00:00,5.8,849.5699920556965,1096.530503497036,1.0163876965552019e-13,0.0
2023-12-27 10:00:00,7.1,348.2265369583214,621.8340801558567,1.7343497193823254e-14,0.0
2023-12-27 11:00:00,8.4,0.0,91.00888645589978,0.0,0.0
2023-12-27 12:00:00,9.2,0.0,0.0,0.0,0.0
2023-12-27 13:00:00,9.7,0.0,0.0,0.0,0.0
2023-12-27 14:00:00,9.5,0.0,19.565497215100034,0.0,0.0
2023-12-27 15:00:00,8.8,0.0,112.77698935798173,0.0,0.0
2023-12-27 16:00:00,7.0,379.62046055029833,1034.560023463392,4.363104137871704e-14,0.0
2023-12-27 17:00:00,6.0,1033.2831033322004,1585.8746212831081,9.083811468923215e-14,0.0
2023-12-27 18:00:00,5.8,952.9311703466744,1589.287481083774,2.8071772330639025e-13,0.0
2023-12-27 19:00:00,5.1,1113.2277517974894,1685.052763609954,1.6851563988048573e-13,0.0
2023-12-27 20:00:00,4.2,1342.858790660513,1823.485790506566,5.27719167686166e-14,0.0
2023-12-27 21:00:00,2.1,1546.36245780769,2073.6930309060353,9.138422634709007e-14,0.0
2023-12-27 22:00:00,2.2,1680.0395882623288,2157.464395407876,5.339140842099572e-14,0.0
2023-12-27 23:00:00,1.9,1806.7459132349873,2249.5310921552,8.568809356852045e-14,0.0
2023-12-28 00:00:00,2.2,1855.5478647663742,2227.0230606286677,1.3848191746442449e-13,0.0
2023-12-28 01:00:00,2.1,1910.082037866845,2238.779497761598,1.9233801564769704e-13,0.0
2023-12-28 02:00:00,2.0,1966.6121145903412,2280.110403827378,7.97813922663133e-14,0.0
2023-12-28 03:00:00,1.7,2028.8554799212645,2286.8495457322138,1.7777357707339916e-15,0.0
2023-12-28 04:00:00,2.2,2008.134460743465,2230.066855616643,7.851410673042253e-14,0.0
2023-12-28 05:00:00,2.4,1914.9033792442788,2184.059379647284,6.54284222753521e-15,0.0
2023-12-28 06:00:00,2.4,1820.1348972092812,2108.9119210366434,6.87372959105738e-14,0.0
2023-12-28 07:00:00,2.5,1790.0624136184365,2092.646618496832,0.0,0.0
2023-12-28 08:00:00,2.5,1862.8612986616904,2105.657816647117,4.86263019641945e-14,0.0
2023-12-28 09:00:00,3.4,981.8255082704432,1644.78479337584,0.0,0.0
2023-12-28 10:00:00,5.5,157.70186600740746,587.1145147313273,1.2295918567719075e-14,0.0
2023-12-28 11:00:00,7.8,0.0,119.66965901801572,0.0,0.0
2023-12-28 12:00:00,9.1,0.0,0.0,0.0,0.0
2023-12-28 13:00:00,9.6,0.0,0.0,0.0,0.0
2023-12-28 14:00:00,6.7,1.333301828050494e-15,156.06771934235064,3.9642805341917047,0.0
2023-12-28 15:00:00,5.8,0.0,321.1450730385489,0.0,0.0
2023-12-28 16:00:00,3.8,559.4944638956138,1099.2432185741345,1.0262525809734596e-13,0.0
2023-12-28 17:00:00,2.5,1345.6984533313582,1950.1302171025711,1.5661286636801343e-13,0.0
2023-12-28 18:00:00,1.6,1307.3377121048034,1999.8108251113322,1.3169342608987314e-13,0.0
2023-12-28 19:00:00,0.8,1453.497917900185,2059.0028032109044,2.560074284130422e-13,0.0
2023-12-28 20:00:00,1.5,1562.893776936485,2066.5995119815125,2.7866308345979595e-14,0.0
2023-12-28 21:00:00,1.9,1588.453895459103,2111.865552623171,1.3782386490132962e-13,0.0
2023-12-28 22:00:00,1.6,1742.0471644526192,2243.5004734092936,2.749927363572969e-13,0.0
2023-12-28 23:00:00,2.0,1811.3526804825535,2244.817389064023,2.627623597021225e-13,0.0
2023-12-29 00:00:00,2.1,1862.0173448886114,2233.023195292381,7.93791167600312e-14,0.0
2023-12-29 01:00:00,2.8,1870.2939173738662,2189.4455857575713,1.967346970835052e-13,0.0
2023-12-29 02:00:00,2.0,1952.0763526808096,2280.110403827378,2.6620799167589706e-14,0.0
2023-12-29 03:00:00,3.6,1878.86164989921,2130.4973214933652,4.7577631363480475e-14,0.0
2023-12-29 04:00:00,5.0,1774.5767455987843,1989.6371179314306,7.833904451024755e-14,0.0
2023-12-29 05:00:00,6.5,1604.9298686941975,1658.3184952676356,1.7665674014345072e-13,0.0
2023-12-29 06:00:00,8.3,1430.4689911706323,1432.6392856112009,2.6700754637369597e-13,0.0
2023-12-29 07:00:00,6.6,1527.187975975305,1584.1370742219383,3.9257053365211274e-14,0.0
2023-12-29 08:00:00,5.0,1744.4451834187346,1859.3424092178327,4.5799895592746485e-14,0.0
2023-12-29 09:00:00,6.8,661.0481433684718,952.3021254048319,6.675188659342398e-14,0.0
2023-12-29 10:00:00,8.5,666.5117797188542,823.0969915032489,1.093864056031754e-13,0.0
2023-12-29 11:00:00,10.6,0.0,119.51267014258191,0.0,0.0
2023-12-29 12:00:00,11.2,0.0,20.170842565808773,0.0,0.0
2023-12-29 13:00:00,12.8,0.0,0.0,0.0,0.0
2023-12-29 14:00:00,13.6,0.0,0.0,0.0,31.254541372896067
2023-12-29 15:00:00,12.4,0.0,327.0951802112913,0.0,0.0
2023-12-29 16:00:00,11.4,211.57724618139645,842.9747547573506,0.0002489093330740216,0.0
2023-12-29 17:00:00,9.4,746.4046460724023,1283.1887592893215,5.790833871315322e-14,0.0
2023-12-29 18:00:00,7.8,797.4027983449021,1398.2140607995193,3.262668002758856e-14,0.0
2023-12-29 19:00:00,6.8,952.1729167317301,1541.442417748562,1.1164660863768305e-13,0.0
2023-12-29 20:00:00,6.8,1070.9090223151175,1566.339069343726,1.0205706042510465e-13,0.0
2023-12-29 21:00:00,7.5,1121.9497513568476,1510.4702707342226,4.928340576805918e-14,0.0
2023-12-29 22:00:00,7.2,1255.8238362237748,1630.132907562897,1.0205532253667577e-13,0.0
2023-12-29 23:00:00,7.0,1339.5357424793067,1653.013580383583,1.8022778142885086e-13,0.0
2023-12-30 00:00:00,7.0,1393.2069945449166,1686.0407790341487,8.443245648033391e-14,0.0
2023-12-30 01:00:00,7.5,1395.6264310693136,1655.1273609597865,2.7727123997244764e-13,0.0
2023-12-30 02:00:00,4.7,1627.7887575111647,2006.7287991443236,5.547349913855455e-14,0.0
2023-12-30 03:00:00,4.1,1835.4821442546663,2071.4304050822293,3.79934279454491e-13,0.0
2023-12-30 04:00:00,5.3,1737.6237900804872,1973.8043302648898,1.985124328542392e-13,0.0
2023-12-30 05:00:00,8.3,1469.4410812617843,1526.7568115563868,2.666582732935139e-13,0.0
2023-12-30 06:00:00,8.6,1302.5089892725,1406.534171822604,1.0038978470027247e-14,0.0
2023-12-30 07:00:00,8.9,1236.1993663322432,1343.6109180296012,1.396468380654838e-13,0.0
2023-12-30 08:00:00,9.0,1269.2991075419307,1336.0980662743082,1.1712141548365123e-14,0.0
2023-12-30 09:00:00,9.4,935.2883111934465,967.7563724934218,1.0875560009196185e-14,0.0
2023-12-30 10:00:00,10.4,241.27304774582862,246.35841490491487,4.4164185035862666e-14,0.0
2023-12-30 11:00:00,11.0,31.851109337274146,50.95018216218459,0.0,0.0
2023-12-30 12:00:00,11.2,0.0,4.995903731852909,0.0,0.0
2023-12-30 13:00:00,11.6,0.0,0.0,0.0,0.0
2023-12-30 14:00:00,11.8,0.0,0.0,0.0,19.478140080813464
2023-12-30 15:00:00,10.9,0.0,10.933841773917779,0.0,0.0
2023-12-30 16:00:00,9.6,395.11441594513155,666.6381097967053,1.554454187493265e-14,0.0
2023-12-30 17:00:00,8.3,893.4291500456397,1422.1013844588992,2.3237924155268106e-15,0.0
2023-12-30 18:00:00,7.0,950.8254773974627,1528.0143358461478,0.0,0.0
2023-12-30 19:00:00,5.8,1123.8049246620158,1600.745428535833,1.786791763019706e-13,0.0
2023-12-30 20:00:00,4.5,1389.512700532238,1778.2605242789082,9.243637272466187e-14,0.0
2023-12-30 21:00:00,3.1,1636.0841388991234,1975.4818964294047,1.1697160539783496e-13,0.0
2023-12-30 22:00:00,2.5,1835.3200168749693,2133.872382780043,5.275166545950264e-14,0.0
2023-12-30 23:00:00,3.5,1882.5929832507263,2083.0390145737465,1.7478326271057916e-13,0.0
2023-12-31 00:00:00,3.6,1891.692542013523,2115.8621070628114,4.015591388010901e-14,0.0
2023-12-31 01:00:00,3.2,1972.539737695714,2146.9270632040275,6.54284222753521e-15,0.0
2023-12-31 02:00:00,0.1,2286.2125313498223,2465.820132498825,4.642604785640104e-13,0.0
2023-12-31 03:00:00,-0.2,2277.2602535815454,2530.5626112493374,1.802122116849187e-13,0.0
2023-12-31 04:00:00,-1.0,2350.7576801939576,2611.0711764119214,2.5517084687387323e-13,0.0
2023-12-31 05:00:00,-0.6,2271.9199659184424,2550.734711778804,2.044638196104753e-14,0.0
2023-12-31 06:00:00,0.9,2063.584062521184,2290.493332806325,6.525336005517712e-14,0.0
2023-12-31 07:00:00,2.0,1933.6040387469236,2176.3913856881736,1.4269354405052697e-13,0.0
2023-12-31 08:00:00,2.2,1969.1528422330875,2126.134239619306,0.0,0.0
2023-12-31 09:00:00,2.2,1878.9828923784637,2042.4045008451717,1.3903539733512319e-14,0.0
2023-12-31 10:00:00,2.5,1279.1530633667048,1260.7225442518286,1.3310399583794853e-14,0.0
2023-12-31 11:00:00,2.8,1047.9112651440112,1241.240602432712,1.0875560009196185e-14,0.0
2023-12-31 12:00:00,3.7,518.8183893653963,943.1947032664912,1.9628526682605637e-14,0.0
2023-12-31 13:00:00,4.5,0.0,333.1485591674435,0.0,0.0
2023-12-31 14:00:00,4.3,399.61522363868437,1196.639177276516,7.08807907982981e-15,0.0
2023-12-31 15:00:00,4.5,662.3914810247747,1094.3725419376888,4.6636477131915404e-14,0.0
2023-12-31 16:00:00,3.4,1223.7156240907805,1463.7866931393016,1.3516931102325122e-13,0.0
2023-12-31 17:00:00,2.2,1699.1892305859164,1968.6971583898599,2.6763203885131985e-13,0.0
2023-12-31 18:00:00,1.1,1734.4235473669323,2042.2593215466266,2.870288988514853e-14,0.0
2023-12-31 19:00:00,1.4,1773.268026087158,2014.3426083175725,1.8319958237098591e-13,0.0
2023-12-31 20:00:00,0.3,1961.8852869490188,2202.7666534106374,2.1565772605203115e-13,0.0
2023-12-31 21:00:00,0.4,2054.813390711579,2239.4639859337767,2.1859038979429373e-13,0.0
2023-12-31 22:00:00,0.2,2185.3836681645016,2371.416157135113,3.009890430472628e-13,0.0
2023-12-31 23:00:00,1.6,2200.8461541503693,2272.8492453305125,5.907894284863495e-14,0.0
