cite_key,title,missing_dimension,rank,score,source,page,own_use_signal,related_work_signal,context
Chen20244723,End-to-End Feasible Optimization Proxies for Large-Scale Economic Dispatch,doe,1,4,pdf,2,no,no,"Current results suggest that SSL-based proxies can match the accuracy of SL-based proxies. Ensuring Feasibility One major limitation of ML-based OPF proxies is that, in general, the predicted OPF solution violates physical and en- gineering constraints that govern power ﬂows and ensure safe operations. To alleviate this issue, [9], [13] use a restricted OPF formulation to generate training data, wherein the OPF feasible region is artiﬁcially shrunk to ensure that training data consists of interior solutions."
Chen20244723,End-to-End Feasible Optimization Proxies for Large-Scale Economic Dispatch,doe,2,4,pdf,2,no,no,"Ensuring Feasibility One major limitation of ML-based OPF proxies is that, in general, the predicted OPF solution violates physical and en- gineering constraints that govern power ﬂows and ensure safe operations. To alleviate this issue, [9], [13] use a restricted OPF formulation to generate training data, wherein the OPF feasible region is artiﬁcially shrunk to ensure that training data consists of interior solutions. In [9], this strategy is combined with a veriﬁcation step (see also[35]) to ensure the trained models have sufﬁcient capacity to reach a universal approximation."
Chen20244723,End-to-End Feasible Optimization Proxies for Large-Scale Economic Dispatch,doe,3,4,pdf,2,no,no,"To alleviate this issue, [9], [13] use a restricted OPF formulation to generate training data, wherein the OPF feasible region is artiﬁcially shrunk to ensure that training data consists of interior solutions. In [9], this strategy is combined with a veriﬁcation step (see also[35]) to ensure the trained models have sufﬁcient capacity to reach a universal approximation. Neverthe- less, this requires solving bilevel optimization problems, which is very cumbersome: [9] reports training times in excess of week Authorized licensed use limited to: FH Technikum Wien."
Chen20244723,End-to-End Feasible Optimization Proxies for Large-Scale Economic Dispatch,doe,4,3,pdf,2,no,no,"2, MARCH 2024 output of renewable generators such as wind and solar generators is non-stationary, which may degrade the performances of ML models. Therefore, it is important to be able to (re)train models fast, typically within a few hours at most. This obviously creates a computational bottleneck for approaches that rely on the ofﬂine solving of numerous optimization problems to generate training data."
Chen20244723,End-to-End Feasible Optimization Proxies for Large-Scale Economic Dispatch,doe,5,3,pdf,2,no,no,"Therefore, it is important to be able to (re)train models fast, typically within a few hours at most. This obviously creates a computational bottleneck for approaches that rely on the ofﬂine solving of numerous optimization problems to generate training data. Despite signiﬁcant interest from the community, no approach has thus far addressed all three challenges (feasibility, scalability and adaptability) in a uniﬁed way."
Chen20244723,End-to-End Feasible Optimization Proxies for Large-Scale Economic Dispatch,doe,6,3,pdf,2,no,no,"This obviously creates a computational bottleneck for approaches that rely on the ofﬂine solving of numerous optimization problems to generate training data. Despite signiﬁcant interest from the community, no approach has thus far addressed all three challenges (feasibility, scalability and adaptability) in a uniﬁed way. This article addresses this gap by proposing an End-to-End Learning and Repair (E2ELR) architecture for a (MISO-inspired) economic dispatch (ED) for- mulation where the prediction and feasibility restoration are in- tegrated in a single ML pipeline and trained jointly."
Chen20244723,End-to-End Feasible Optimization Proxies for Large-Scale Economic Dispatch,doe,7,3,pdf,2,no,no,"The contributions of the article can therefore be summarized as follows: r The article proposes a novel E2ELR architecture with closed-form, differentiable repair layers, whose output is guaranteed to satisfy power balance and reserve require- ments. This is the ﬁrst architecture to consider reserve requirements, and to offer feasibility guarantees without restrictive assumptions. r The E2ELR model is trained in an end-to-end fashion that combines learning and feasibility restoration, making the approach scalable to large-scale systems. This contrasts to traditional approaches that restore feasibility at inference time, which increases computing time and induces signif- icant losses in accuracy. r The article proposes self-supervised learning to eliminate the need for ofﬂine generation of training data."
Chen20244723,End-to-End Feasible Optimization Proxies for Large-Scale Economic Dispatch,doe,8,3,pdf,2,no,no,"This is the ﬁrst architecture to consider reserve requirements, and to offer feasibility guarantees without restrictive assumptions. r The E2ELR model is trained in an end-to-end fashion that combines learning and feasibility restoration, making the approach scalable to large-scale systems. This contrasts to traditional approaches that restore feasibility at inference time, which increases computing time and induces signif- icant losses in accuracy. r The article proposes self-supervised learning to eliminate the need for ofﬂine generation of training data. The pro- posed E2ELR can thus be trained from scratch in under an hour, even for large systems."
Chen20244723,End-to-End Feasible Optimization Proxies for Large-Scale Economic Dispatch,doe,9,1,pdf,2,no,no,"Each data point (x,y) consists of an OPF instance data ( x) and its corresponding solution (y). The training data is obtained by solving a large number –usually tens of thousands– of OPF instances ofﬂine. The SL paradigm has successfully been applied both in the linear DCOPF [5], [6], [7], [8], [9], [10], [11] and nonlinear, non-convex ACOPF [12], [13], [14], [15], [16], [17], [18], [19], [20], [21], [22], [23], [24], [25], [26], [27], [28], [29] settings."
Chen20244723,End-to-End Feasible Optimization Proxies for Large-Scale Economic Dispatch,doe,10,1,pdf,2,no,no,"The training data is obtained by solving a large number –usually tens of thousands– of OPF instances ofﬂine. The SL paradigm has successfully been applied both in the linear DCOPF [5], [6], [7], [8], [9], [10], [11] and nonlinear, non-convex ACOPF [12], [13], [14], [15], [16], [17], [18], [19], [20], [21], [22], [23], [24], [25], [26], [27], [28], [29] settings. In almost all the above references, the generator commitments and grid topology are assumed to be ﬁxed, with electricity demand being the only source of variability."
Chen2022,Learning optimization proxies for large-scale Security-Constrained Economic Dispatch,doe,1,3,pdf,4,no,no,"Flow-chart of the Just-in-time Learning pipeline. Middle: data generation using day-long simulations. Right: empirical distributions of load, wind, solar, and dispatch decisions are used as training data. where 𝑜 is the mean absolute error (MAE) loss, i.e., 0(𝐲, ̂𝐲) = ‖𝐲 − ̂𝐲‖1, and (.) ensures that the outputs of the regression respect the prediction of the classifier."
Chen2022,Learning optimization proxies for large-scale Security-Constrained Economic Dispatch,doe,2,1,pdf,4,no,no,"Middle: data generation using day-long simulations. Right: empirical distributions of load, wind, solar, and dispatch decisions are used as training data. where 𝑜 is the mean absolute error (MAE) loss, i.e., 0(𝐲, ̂𝐲) = ‖𝐲 − ̂𝐲‖1, and (.) ensures that the outputs of the regression respect the prediction of the classifier. The regressor uses Latent Surgical Interventions (LSI) [ 30] as a building block to construct the regressor."
Chen2022,Learning optimization proxies for large-scale Security-Constrained Economic Dispatch,doe,3,1,pdf,4,no,no,"Right: empirical distributions of load, wind, solar, and dispatch decisions are used as training data. where 𝑜 is the mean absolute error (MAE) loss, i.e., 0(𝐲, ̂𝐲) = ‖𝐲 − ̂𝐲‖1, and (.) ensures that the outputs of the regression respect the prediction of the classifier. The regressor uses Latent Surgical Interventions (LSI) [ 30] as a building block to construct the regressor. LSI is a variant of residual networks [ 31] with interventions represented as binary vectors."
Xu20223066,E2DNet: An Ensembling Deep Neural Network for Solving Nonconvex Economic Dispatch in Smart Grid,doe,1,8,pdf,7,yes,no,"Baselines The algorithms in [20], [22], [24], [29], and [31], which are widely used in many research works, have been used in this system as a benchmark test. All the related code (including implemented baselines and E 2 DNet) can be found at. Network Setup 1) Dataset Generation: Based on the above ten-unit test sys- tem, we use an ensemble of GA, PSO, BBO, DE, and L-MILP to generate a dataset containing 1 000 000 samples, which is further randomly divided into a training set (700 000 samples), a validation set (200 000 samples), and a test set (100 000 samples)."
Xu20223066,E2DNet: An Ensembling Deep Neural Network for Solving Nonconvex Economic Dispatch in Smart Grid,doe,2,8,pdf,7,yes,no,"All the related code (including implemented baselines and E 2 DNet) can be found at. Network Setup 1) Dataset Generation: Based on the above ten-unit test sys- tem, we use an ensemble of GA, PSO, BBO, DE, and L-MILP to generate a dataset containing 1 000 000 samples, which is further randomly divided into a training set (700 000 samples), a validation set (200 000 samples), and a test set (100 000 samples). In the input (feature) part of each sample, U 1∼N,t traverses all possible unit status of ten units, Pd,t is randomly sampled from the corresponding feasible region, and the power generation coefﬁcients of the units are randomly sampled from [0.9,1.1] times the standard coefﬁcients provided in [20]."
Xu20223066,E2DNet: An Ensembling Deep Neural Network for Solving Nonconvex Economic Dispatch in Smart Grid,doe,3,8,pdf,7,yes,no,"Network Setup 1) Dataset Generation: Based on the above ten-unit test sys- tem, we use an ensemble of GA, PSO, BBO, DE, and L-MILP to generate a dataset containing 1 000 000 samples, which is further randomly divided into a training set (700 000 samples), a validation set (200 000 samples), and a test set (100 000 samples). In the input (feature) part of each sample, U 1∼N,t traverses all possible unit status of ten units, Pd,t is randomly sampled from the corresponding feasible region, and the power generation coefﬁcients of the units are randomly sampled from [0.9,1.1] times the standard coefﬁcients provided in [20]. In addition, the output (solution) part of each sample is the optimal solution obtained by the ensemble algorithms."
Xu20223066,E2DNet: An Ensembling Deep Neural Network for Solving Nonconvex Economic Dispatch in Smart Grid,doe,4,5,pdf,6,yes,yes,"Also, it is important to note that a sufﬁciently representative training dataset is necessary in our work. In other words, the mapping space of problem (1) should be covered by a ﬁnite number of training samples as much as possible so that the well-trained EDNet will show an excellent generalization capability to the whole mapping space theoretically [18]. 3) EDNet T raining: Based on the prepared training set, we use the backpropagation technique to continuously optimize the weights of the EDNet so that its outputs gradually approach the ground truth {P ∗ i,t (k)}N i=1."
Xu20223066,E2DNet: An Ensembling Deep Neural Network for Solving Nonconvex Economic Dispatch in Smart Grid,doe,5,5,pdf,6,yes,yes,"In other words, the mapping space of problem (1) should be covered by a ﬁnite number of training samples as much as possible so that the well-trained EDNet will show an excellent generalization capability to the whole mapping space theoretically [18]. 3) EDNet T raining: Based on the prepared training set, we use the backpropagation technique to continuously optimize the weights of the EDNet so that its outputs gradually approach the ground truth {P ∗ i,t (k)}N i=1. The employed loss function is the MSE between the ground truth and the outputs of the EDNet, i.e., L(Θ) = ∑ k N∑ i=1 ∥˜P∗ i,t (k)(I(k),Θ)−P∗ i,t (k)∥2 Ktr (6) whereKtr is the number of training samples. ˜P∗ i,t (k)(I(k),Θ)is the approximate optimal ED solution obtained by the EDNet with the optimized weights Θ and the input features I (k) = {Pd,t (k),...,ϕ mN,t(k)}."
Xu20223066,E2DNet: An Ensembling Deep Neural Network for Solving Nonconvex Economic Dispatch in Smart Grid,doe,6,5,pdf,6,yes,yes,"3) EDNet T raining: Based on the prepared training set, we use the backpropagation technique to continuously optimize the weights of the EDNet so that its outputs gradually approach the ground truth {P ∗ i,t (k)}N i=1. The employed loss function is the MSE between the ground truth and the outputs of the EDNet, i.e., L(Θ) = ∑ k N∑ i=1 ∥˜P∗ i,t (k)(I(k),Θ)−P∗ i,t (k)∥2 Ktr (6) whereKtr is the number of training samples. ˜P∗ i,t (k)(I(k),Θ)is the approximate optimal ED solution obtained by the EDNet with the optimized weights Θ and the input features I (k) = {Pd,t (k),...,ϕ mN,t(k)}. The optimizer we employ for such an approximation task is adam, which has been widely acclaimed by researchers recently due to its outstanding efﬁciency and adaptability for a variety of complex optimization problems [25]."
Xu20223066,E2DNet: An Ensembling Deep Neural Network for Solving Nonconvex Economic Dispatch in Smart Grid,doe,7,4,pdf,5,no,no,"Repeatedly executing this ensemble framework with arbitrary distinct problem parameters, we can ﬁnally get the entire dataset (P d,t (k),U 1−N,t (k),...,ϕ mN,t(k),{P∗ i,t (k)}N i=1)K k=1, where k indexes the data sample. After that, the dataset is randomly divided into a training set, a validation set, and a test set at a ratio of 7:1:2 with reference to commonly used training strate- gies [18]. Moreover, all the training data have been normalized into [−1, 1] to accelerate the training process, which is also simultaneously operated on the validation and test data."
Xu20223066,E2DNet: An Ensembling Deep Neural Network for Solving Nonconvex Economic Dispatch in Smart Grid,doe,8,4,pdf,5,no,no,"After that, the dataset is randomly divided into a training set, a validation set, and a test set at a ratio of 7:1:2 with reference to commonly used training strate- gies [18]. Moreover, all the training data have been normalized into [−1, 1] to accelerate the training process, which is also simultaneously operated on the validation and test data. Note that due to our aim of approximating the mapping of problem (1) with only one network, the high space complexity in the order of O(e N) has been transferred from the number of networks (as discussed in Section III-A) to the scale of the training Authorized licensed use limited to: FH Technikum Wien."
Xu20223066,E2DNet: An Ensembling Deep Neural Network for Solving Nonconvex Economic Dispatch in Smart Grid,doe,9,3,pdf,5,no,no,"Moreover, all the training data have been normalized into [−1, 1] to accelerate the training process, which is also simultaneously operated on the validation and test data. Note that due to our aim of approximating the mapping of problem (1) with only one network, the high space complexity in the order of O(e N) has been transferred from the number of networks (as discussed in Section III-A) to the scale of the training Authorized licensed use limited to: FH Technikum Wien. Downloaded on May 11,2026 at 14:50:53 UTC from IEEE Xplore."
Xu20223066,E2DNet: An Ensembling Deep Neural Network for Solving Nonconvex Economic Dispatch in Smart Grid,doe,10,1,pdf,5,no,no,"Finally, after collecting the solutions from all deployed algorithms, the solution with the least power generation cost is selected as the ground truth. Repeatedly executing this ensemble framework with arbitrary distinct problem parameters, we can ﬁnally get the entire dataset (P d,t (k),U 1−N,t (k),...,ϕ mN,t(k),{P∗ i,t (k)}N i=1)K k=1, where k indexes the data sample. After that, the dataset is randomly divided into a training set, a validation set, and a test set at a ratio of 7:1:2 with reference to commonly used training strate- gies [18]."
Han2018622,Surrogate modeling-based multi-objective dynamic VAR planning considering short-term voltage stability and transient stability,validation,,0,,,no,no,
Su2022315,Deep Belief Network Enabled Surrogate Modeling for Fast Preventive Control of Power System Transient Stability,pattern,1,9,pdf,10,no,no,"The corresponding results are shown in Fig. 11 , where the comparisons of TSI before and after preventive control are displayed in Table VIII.A ss h o w ni nTable VIII, by generator dispatch and load shedding, a minimum TSI similar to that of using generator dispatch is obtained (see results in Tables VI and VII). In terms of load ratio, due to load shedding, it is signiﬁcantly better than generator dispatch only."
Su2022315,Deep Belief Network Enabled Surrogate Modeling for Fast Preventive Control of Power System Transient Stability,pattern,2,9,pdf,10,no,no,"11 , where the comparisons of TSI before and after preventive control are displayed in Table VIII.A ss h o w ni nTable VIII, by generator dispatch and load shedding, a minimum TSI similar to that of using generator dispatch is obtained (see results in Tables VI and VII). In terms of load ratio, due to load shedding, it is signiﬁcantly better than generator dispatch only. However, in terms of cost, the cost per MW of load shedding is about two times of increasing the generator outputs and ﬁve times of decreasing the generator outputs."
Su2022315,Deep Belief Network Enabled Surrogate Modeling for Fast Preventive Control of Power System Transient Stability,pattern,3,9,pdf,12,no,no,"Zhou et al. , “Transient stability preventive control of power systems using chaotic particle swarm optimization combined with two-stage sup- port vector machine,” Electric Power Syst. Buccio “Efﬁcient parameter estimation for information retrieval using black-box optimization,” IEEE Trans. Jain, “An evolutionary many-objective optimization algo- rithm using reference-point-based nondominated sorting approach, part I: Solving problems with box constraints,” IEEE Trans."
Su2022315,Deep Belief Network Enabled Surrogate Modeling for Fast Preventive Control of Power System Transient Stability,pattern,4,8,abstract,,no,no,"The DBN allows us to identify the mapping relationship between the transient stability index and system operational features. The identified functional mapping relationship is further used as the surrogate to connect the DBN results with TSC-OPF for preventive control. The integrated NSGA-III and surrogate model enable the multiobjective optimization to consider various constraints and objectives, such as minimization of costs of generation dispatch cost and load shedding while maintaining the system stability."
Su2022315,Deep Belief Network Enabled Surrogate Modeling for Fast Preventive Control of Power System Transient Stability,pattern,5,6,pdf,1,no,no,"The DBN allows us to identify the mapping relationship between the transient stability index and system operational features. The identiﬁed functional mapping relationship is further used as the surrogate to connect the DBN results with TSC-OPF for preventive control. The integrated NSGA-III and surrogate model enable the multiobjective optimization to consider various constraints and objectives, such as minimization of costs of generation dispatch cost and load shedding while maintaining the system stability."
Su2022315,Deep Belief Network Enabled Surrogate Modeling for Fast Preventive Control of Power System Transient Stability,pattern,6,6,pdf,10,no,no,"It is worth noting that this is also an advantage of the proposed method since the DBN model does not need to be retrained regardless of the location and quantity of load shedding. The corresponding results are shown in Fig. 11 , where the comparisons of TSI before and after preventive control are displayed in Table VIII.A ss h o w ni nTable VIII, by generator dispatch and load shedding, a minimum TSI similar to that of using generator dispatch is obtained (see results in Tables VI and VII)."
Su2022315,Deep Belief Network Enabled Surrogate Modeling for Fast Preventive Control of Power System Transient Stability,pattern,7,6,pdf,10,no,no,"In terms of load ratio, due to load shedding, it is signiﬁcantly better than generator dispatch only. However, in terms of cost, the cost per MW of load shedding is about two times of increasing the generator outputs and ﬁve times of decreasing the generator outputs. Thus, the cost is signiﬁcantly higher than that of only generator dispatch."
Su2022315,Deep Belief Network Enabled Surrogate Modeling for Fast Preventive Control of Power System Transient Stability,pattern,8,6,pdf,11,no,no,"Note that the same initial scenarios are selected and the ANN 4 is embedded in ICA. ICA selects the same parameters as the NSGA-III algorithm, and only generator redispatch is considered. Since ICA can only solve the single-objective optimization problem, the weighted sum of multiobjective is taken as the optimization objective of ICA."
Su2022315,Deep Belief Network Enabled Surrogate Modeling for Fast Preventive Control of Power System Transient Stability,pattern,9,6,pdf,12,no,no,"Eng. , V ancouver, BC, Canada, 2016, pp. Zhou et al. , “Transient stability preventive control of power systems using chaotic particle swarm optimization combined with two-stage sup- port vector machine,” Electric Power Syst. Buccio “Efﬁcient parameter estimation for information retrieval using black-box optimization,” IEEE Trans."
Su2022315,Deep Belief Network Enabled Surrogate Modeling for Fast Preventive Control of Power System Transient Stability,pattern,10,6,pdf,12,no,no,"Buccio “Efﬁcient parameter estimation for information retrieval using black-box optimization,” IEEE Trans. Jain, “An evolutionary many-objective optimization algo- rithm using reference-point-based nondominated sorting approach, part I: Solving problems with box constraints,” IEEE Trans. Liu et al. , “A Bayesian learning based scheme for online dynamic security assessment and preventive control,” IEEE Trans."
Hirvonen2017323,Neural network metamodelling in multi-objective optimization of a high latitude solar community,doe,1,6,pdf,2,no,no,"Instead of generating a complete training set before optimization, the optimization is started with a very small training set which is updated as the optimization progresses. The ANN is retrained as new samples are added after each optimization step, increasing the ANN accuracy and improving optimization results. Additionally, instead of a single neural network for the whole search space, several neural networks are trained in parallel, each representing a different section of the objective space."
Hirvonen2017323,Neural network metamodelling in multi-objective optimization of a high latitude solar community,doe,2,3,pdf,2,no,no,"One metamodelling technique is the use of artiﬁcial neural networks (ANN). The principles of ANN are explained in detail in Kalogirou (2000) . In short, neural net- works use linear equations to ﬁnd relations between inputs and outputs and can be used to quickly simulate even phenomena that are not completely understood, as long as proper training data is available."
Hirvonen2017323,Neural network metamodelling in multi-objective optimization of a high latitude solar community,doe,3,3,pdf,2,no,no,"The principles of ANN are explained in detail in Kalogirou (2000) . In short, neural net- works use linear equations to ﬁnd relations between inputs and outputs and can be used to quickly simulate even phenomena that are not completely understood, as long as proper training data is available. For example, ANN was used to make a metamodel out of a TRNSYS building model, which was then used with a genetic algo- rithm (GA) to do optimization ( Asadi et al., 2014 )."
Hirvonen2017323,Neural network metamodelling in multi-objective optimization of a high latitude solar community,doe,4,3,pdf,2,no,no,"In short, neural net- works use linear equations to ﬁnd relations between inputs and outputs and can be used to quickly simulate even phenomena that are not completely understood, as long as proper training data is available. For example, ANN was used to make a metamodel out of a TRNSYS building model, which was then used with a genetic algo- rithm (GA) to do optimization ( Asadi et al., 2014 ). First, parametric runs were done to generate a database for training the ANN."
Hirvonen2017323,Neural network metamodelling in multi-objective optimization of a high latitude solar community,doe,5,3,pdf,2,no,no,"First, parametric runs were done to generate a database for training the ANN. The ANN metamodel is very fast to use and allows quick optimization. Unfortunately, generating an adequate training set to ensure the accuracy of the metamodel requires a signiﬁcant amount of simu- lations, so actual time saving compared to direct optimization is not guaranteed."
Hirvonen2017323,Neural network metamodelling in multi-objective optimization of a high latitude solar community,doe,6,3,pdf,2,no,no,"The ANN metamodel is very fast to use and allows quick optimization. Unfortunately, generating an adequate training set to ensure the accuracy of the metamodel requires a signiﬁcant amount of simu- lations, so actual time saving compared to direct optimization is not guaranteed. Generally neural networks are trained with an extensive dataset and then used to completely replace the original model to complete optimization, as was done in Boukelia et al. (2016) and Magnier and Haghighat (2010) ."
Hirvonen2017323,Neural network metamodelling in multi-objective optimization of a high latitude solar community,doe,7,3,pdf,2,no,yes,"However, other meth- ods such as kriging have also been used for parallel optimization and surrogate modeling ( Hussein and Deb, 2016 ). The novelty in this study is the introduction of a new neural network based optimization method for problems where the func- tion evaluation takes a long time compared to other calculation processes. Instead of generating a complete training set before optimization, the optimization is started with a very small training set which is updated as the optimization progresses."
Hirvonen2017323,Neural network metamodelling in multi-objective optimization of a high latitude solar community,doe,8,3,pdf,2,no,yes,"The novelty in this study is the introduction of a new neural network based optimization method for problems where the func- tion evaluation takes a long time compared to other calculation processes. Instead of generating a complete training set before optimization, the optimization is started with a very small training set which is updated as the optimization progresses. The ANN is retrained as new samples are added after each optimization step, increasing the ANN accuracy and improving optimization results."
Hirvonen2017323,Neural network metamodelling in multi-objective optimization of a high latitude solar community,doe,9,3,pdf,4,no,no,"Instead of a single general neural network, several local neural networks were used. The idea was that neural network accuracy is improved by having to model a smaller range of variables and dealing less with outliers. Instead of generating a complete training set before optimiza- tion, the optimization was started with a very small sample set and an inaccurate neural network model, which was updated as optimization progressed."
Hirvonen2017323,Neural network metamodelling in multi-objective optimization of a high latitude solar community,doe,10,3,pdf,4,no,no,"The idea was that neural network accuracy is improved by having to model a smaller range of variables and dealing less with outliers. Instead of generating a complete training set before optimiza- tion, the optimization was started with a very small sample set and an inaccurate neural network model, which was updated as optimization progressed. After every iteration, the sample set grew and an updated neural network was generated."
Li2023,A novel method of creating machine learning-based time series meta-models for building energy analysis,pattern,1,8,abstract,,no,no,"The meta-models have been widely used to replace computationally expensive engineering-based building energy models for model calibration, sensitivity analysis, and performance optimization of buildings. However, most meta-models are used for monthly or annual building energy analysis applying the same procedure as building energy or load prediction."
Li2023,A novel method of creating machine learning-based time series meta-models for building energy analysis,pattern,2,6,pdf,1,no,no,"A novel method of creating machine learning-based time series meta-models for building energy analysis Guangchen Li a, Wei Tian a,b,⇑, Hu Zhang a, Xing Fu c a Tianjin Key Laboratory of Integrated Design and On-line Monitoring for Light Industry & Food Machinery and Equipment, College of Mechanical Enginee ring, Tianjin University of Science and Technology, China b Tianjin International Joint Research and Development Center of Low-Carbon Green Process Equipment, Tianjin, China c Tianjin Architecture Design Institute, Tianjin, China article info Article history: Received 19 October 2022 Revised 8 December 2022 Accepted 27 December 2022 Available online 29 December 2022 Keywords: Building energy Meta-model Distributed lag model Machine learning Time series model abstract The meta-models have been widely used to replace computationally expensive engineering-based build- ing energy models for model calibration, sensitivity analysis, and performance optimization of buildings. However, most meta-models are used for monthly or annual building energy analysis applying the same procedure as building energy or load prediction."
Li2023,A novel method of creating machine learning-based time series meta-models for building energy analysis,pattern,3,6,pdf,21,no,no,"Napolitano, Knowledge and energy retroﬁtting of neighborhoods and districts A comprehensive approach coupling geographical information systems, building simulations and optimization engines, Energ. Lee, Quantifying the effect of multiple load ﬂexibility strategies on commercial building electricity demand and services via surrogate modeling, Appl. Wang, Data-driven application on the optimization of a heat pump system for district heating load supply: A validation based on onsite test, Energ."
Li2023,A novel method of creating machine learning-based time series meta-models for building energy analysis,pattern,4,6,pdf,8,no,no,"The learning models are used for the meta-models to replace computationally expensive engineering-based models. Hence, computational time is a very important performance indicator, which is different from the conventional time-series energy/load prediction of buildings. Table 3 The optimal tuning parameters from ten lag-free machine learning models."
Li2023,A novel method of creating machine learning-based time series meta-models for building energy analysis,pattern,5,4,pdf,2,no,no,"The meta-models can approximate complex relationships among inputs and outputs in dynamic physics-based energy mod- els of buildings. A good balance should be obtained between com- putational cost and model accuracy for meta-models. In the ﬁeld of building energy analysis, the meta-models can be used for uncer- tainty analysis [8], model calibration [9], sensitivity analysis [10], performance optimization [11], and model predictive control [12]."
Li2023,A novel method of creating machine learning-based time series meta-models for building energy analysis,pattern,6,4,pdf,2,no,no,"A good balance should be obtained between com- putational cost and model accuracy for meta-models. In the ﬁeld of building energy analysis, the meta-models can be used for uncer- tainty analysis [8], model calibration [9], sensitivity analysis [10], performance optimization [11], and model predictive control [12]. For two-dimensional Monte Carlo uncertainty analysis, the meta-models should be used to replace computational expensive energy models since a large number of simulation runs are involved (over millions of simulations in [8])."
Li2023,A novel method of creating machine learning-based time series meta-models for building energy analysis,pattern,7,4,pdf,2,no,no,"In the ﬁeld of building energy analysis, the meta-models can be used for uncer- tainty analysis [8], model calibration [9], sensitivity analysis [10], performance optimization [11], and model predictive control [12]. For two-dimensional Monte Carlo uncertainty analysis, the meta-models should be used to replace computational expensive energy models since a large number of simulation runs are involved (over millions of simulations in [8]). The meta-model is a common method to reduce computational cost in model calibra- tion since there are over 100,000 simulation runs required to reach the convergence of MCMC results [13]."
Li2023,A novel method of creating machine learning-based time series meta-models for building energy analysis,pattern,8,4,pdf,21,no,no,"Besides, the building hourly meta-model can also reduce the energy consumption of building operations while ensuring the thermal comfort of indoor occupants by optimizing multiple target parameters, such as HVAC set-point temperature, lamp, and equipment utilization rate [57,58]. The application of meta-models for building performance optimization has the advantage of signiﬁcant time savings over physical simula- tion models. Conclusion This paper explores the construction of fast and accurate time- series meta-models to replace the engineering-based building energy model."
Li2023,A novel method of creating machine learning-based time series meta-models for building energy analysis,pattern,9,3,pdf,1,no,no,"In contrast, the data-driven approach can create a mathematical model based on the known inputs and known out- puts by using a number of regression methods, such as multiple https://doi.org/10.1016/j.enbuild.2022.112752 0378-7788//C2112022 Elsevier B.V. Abbreviations: ABC, approximate Bayesian computation; ADL, autoregressive distributed lag; ANN, artiﬁcial neural network; ASHRAE, American Society of Heating, Refrigerating, and Air Conditioning Engineers; CB, cubist; CSP, cooling set- point; CSWD, China Standard Weather Data; CV(RMSE), root mean square error coefﬁcient of variation; DFS, diffuse solar radiation; DL, distributed lag; DNN, deep neural network; DRS, direct solar radiation; DT, day type; EPD, equipment power density; EUR, equipment utilization rate; EWU, exterior wall U-value; FU, ﬂoor U- value; GBM, gradient boosting machine; HSP, heating set-point; HVAC, heating, ventilation, and air conditioning; INF, Inﬁltration rate; LHS, Latin hypercube sampling; LPD, lighting power density; LST, light switch time; LSTM, long short- term memory; MAE, mean absolute error; MARS, multivariate adaptive regression splines; MLR, multiple linear regression; PO, people occupancy; R 2, coefﬁcient of determination; RF, random forest; RH, relative humidity; RMSE, root mean square error; RU, roof U-value; SHGC, solar heat gain coefﬁcient; SVM, support vector machine; Ta, outdoor dry bulb temperature; WS, wind speed; WU, window U-value. ⇑ Corresponding author at: College of Mechanical Engineering, Tianjin University of Science and Technology, China. E-mail address: weitian@tust.edu.cn (W."
Li2023,A novel method of creating machine learning-based time series meta-models for building energy analysis,pattern,10,3,pdf,1,no,no,"Abbreviations: ABC, approximate Bayesian computation; ADL, autoregressive distributed lag; ANN, artiﬁcial neural network; ASHRAE, American Society of Heating, Refrigerating, and Air Conditioning Engineers; CB, cubist; CSP, cooling set- point; CSWD, China Standard Weather Data; CV(RMSE), root mean square error coefﬁcient of variation; DFS, diffuse solar radiation; DL, distributed lag; DNN, deep neural network; DRS, direct solar radiation; DT, day type; EPD, equipment power density; EUR, equipment utilization rate; EWU, exterior wall U-value; FU, ﬂoor U- value; GBM, gradient boosting machine; HSP, heating set-point; HVAC, heating, ventilation, and air conditioning; INF, Inﬁltration rate; LHS, Latin hypercube sampling; LPD, lighting power density; LST, light switch time; LSTM, long short- term memory; MAE, mean absolute error; MARS, multivariate adaptive regression splines; MLR, multiple linear regression; PO, people occupancy; R 2, coefﬁcient of determination; RF, random forest; RH, relative humidity; RMSE, root mean square error; RU, roof U-value; SHGC, solar heat gain coefﬁcient; SVM, support vector machine; Ta, outdoor dry bulb temperature; WS, wind speed; WU, window U-value. ⇑ Corresponding author at: College of Mechanical Engineering, Tianjin University of Science and Technology, China. E-mail address: weitian@tust.edu.cn (W. Energy & Buildings 281 (2023) 112752 Contents lists available at ScienceDirect Energy & Buildings journal homepage: www.else vier.com/locate/enb"
Wang2020202933,Optimal Scheduling for Integrated Energy System Considering Scheduling Elasticity of Electric and Thermal Loads,pattern,1,14,abstract,,no,no,"It performs the coordinated optimization for the device output power and the power transmission between multi-energies. To solve the problems of the complex solving process and long computation time, a global optimization algorithm based on a polynomial response surface (PRS) metamodel is proposed in this article. The proposed algorithm adopts a response surface method to fit the optimization model and construct a PRS metamodel to estimate the function values instead of the optimization model, thereby avoiding repeatedly calling the original complex objective function and reducing the computation time."
Wang2020202933,Optimal Scheduling for Integrated Energy System Considering Scheduling Elasticity of Electric and Thermal Loads,pattern,2,12,pdf,6,no,no,"GLOBAL OPTIMIZATION ALGORITHM BASED ON A PRS METAMODEL For the solution of the optimization problem in an IES, the process of a global optimization algorithm based on a PRS metamodel proposed in this article is shown in Fig.3. The detailed solution steps of the proposed algorithm are as follows: Step 1: The parameters, including the rated data of the CHP unit, GB, EES, TES, tie-line, TOU price, and PV output power, are initialized. Step 2: In accordance with the initialization data, the LHS sampling program is used to generate M sets of initial sam- pling points based on the constraints in Eqs. (15)-(33), and the sampling points are substituted into Eq. (9) to calculate their actual function values in the proposed IES optimization model."
Wang2020202933,Optimal Scheduling for Integrated Energy System Considering Scheduling Elasticity of Electric and Thermal Loads,pattern,3,11,abstract,,no,no,"To solve the problems of the complex solving process and long computation time, a global optimization algorithm based on a polynomial response surface (PRS) metamodel is proposed in this article. The proposed algorithm adopts a response surface method to fit the optimization model and construct a PRS metamodel to estimate the function values instead of the optimization model, thereby avoiding repeatedly calling the original complex objective function and reducing the computation time. The test results verify the effectiveness of the proposed model and algorithm. © 2013 IEEE."
Wang2020202933,Optimal Scheduling for Integrated Energy System Considering Scheduling Elasticity of Electric and Thermal Loads,pattern,4,9,pdf,1,no,no,"To solve the problems of the complex solving process and long computation time, a global optimization algorithm based on a polynomial response surface (PRS) metamodel is proposed in this article. The proposed algorithm adopts a response surface method to ﬁt the optimization model and construct a PRS metamodel to estimate the function values instead of the optimization model, thereby avoiding repeatedly calling the original complex objective function and reducing the computation time. The test results verify the effectiveness of the proposed model and algorithm."
Wang2020202933,Optimal Scheduling for Integrated Energy System Considering Scheduling Elasticity of Electric and Thermal Loads,pattern,5,9,pdf,11,no,no,"CONCLUSION Aiming at the complex optimization scheduling problem of the IES with the CHP units, this article proposes to consider the SE regarding different types of loads for the scheduling, constructs an IES optimization model considering the load SE, and designs a global optimization algorithm based on a PRS metamodel. The signiﬁcant advantages of the model and algorithm proposed in this article are as follows: VOLUME 8, 2020 202943"
Wang2020202933,Optimal Scheduling for Integrated Energy System Considering Scheduling Elasticity of Electric and Thermal Loads,pattern,6,9,pdf,2,no,no,"In the IESs containing CHP units, the operation of CHP units is nonlinear. Therefore, the optimization problems of the IES based on the DR are mostly multi-constrained nonlinear problems, and the optimization process has the black-box characteristic. The current research has two main solutions to this type of optimization problem."
Wang2020202933,Optimal Scheduling for Integrated Energy System Considering Scheduling Elasticity of Electric and Thermal Loads,pattern,7,9,pdf,2,no,no,"However, their optimal solutions require to be generated among a large number of individuals through frequent calculations and complex itera- tive processes, which is easy to cause slow convergence and local optimal problems. With the high-order complexity of optimization problems, how to call the high-precision simulation model as little as possible in the optimization process and improve the opti- mization efﬁciency becomes particularly important. Meta- models can use sampling points to explore the real process and gradually ﬁnd the optimal solution to the optimiza- tion problem, which is an effective optimization method to solve high time-consuming black-box problems."
Wang2020202933,Optimal Scheduling for Integrated Energy System Considering Scheduling Elasticity of Electric and Thermal Loads,pattern,8,9,pdf,2,no,no,The main contributions of this article can be summarized as follows: 1) An IES optimization model considering the SE regard- ing various types of loads is proposed in this article. The proposed model quantiﬁes the SE regarding dif- ferent types of loads as a DR based on a compensation mechanism and can effectively reduce the operation cost of an IES. 2) A global optimization algorithm based on a PRS meta- model is proposed to solve the proposed optimization model.
Wang2020202933,Optimal Scheduling for Integrated Energy System Considering Scheduling Elasticity of Electric and Thermal Loads,pattern,9,9,pdf,4,no,no,"When Pgrid,t > 0, Rprice,t adopts the purchasing price; when Pgrid,t < 0, Rprice,t adopts the selling price. In the IES optimization model, the optimization variables include the output electric power PCHP,t and the output ther- mal power QGB,t in the fuel cost Cfuel; the state variable Ut of the CHP unit in the start-up and shut-down costs Css; the output electric power PCHP,t , the output thermal power QGB,t , the charging powerPEES_c,t and the discharging power PEES_d,t of the EES, the charging power QTES_c,t and the discharging power QTES_d,t of the TES in the maintenance cost Com; the tie-line power Pgrid,t in the power grid purchas- ing and selling costs Cgrid ; and the electricity consumption time Lshift of the shiftable electric load, the cuttable electric load power Pcut,τ , the electricity consumption time of the shiftable thermal load, and the cuttable thermal load power in the compensation cost Cload . CONSTRAINT CONDITIONS The constraints of the IES optimization model describe the operating range of the system, and the constraint range is from the device characteristics of the CHP unit to the supply and demand balance of the system."
Wang2020202933,Optimal Scheduling for Integrated Energy System Considering Scheduling Elasticity of Electric and Thermal Loads,pattern,10,9,pdf,4,no,no,"In the IES optimization model, the optimization variables include the output electric power PCHP,t and the output ther- mal power QGB,t in the fuel cost Cfuel; the state variable Ut of the CHP unit in the start-up and shut-down costs Css; the output electric power PCHP,t , the output thermal power QGB,t , the charging powerPEES_c,t and the discharging power PEES_d,t of the EES, the charging power QTES_c,t and the discharging power QTES_d,t of the TES in the maintenance cost Com; the tie-line power Pgrid,t in the power grid purchas- ing and selling costs Cgrid ; and the electricity consumption time Lshift of the shiftable electric load, the cuttable electric load power Pcut,τ , the electricity consumption time of the shiftable thermal load, and the cuttable thermal load power in the compensation cost Cload . CONSTRAINT CONDITIONS The constraints of the IES optimization model describe the operating range of the system, and the constraint range is from the device characteristics of the CHP unit to the supply and demand balance of the system. 1) OUTPUT POWER CONSTRAINTS Pmin CHP,t≤ PCHP,t≤ Pmax CHP,t (15) QCHP,t= ηGT PCHP,t (16) Qmin GB,t≤ QGB,t≤ Qmax GB,t (17) where Pmin CHP,t and Pmax CHP,t are the minimum and maximum output electric power of the CHP unit, QCHP,t is the output thermal power of the CHP unit at time t, ηGT is the electric- heating ratio of the CHP unit, and Qmin GB,t and Qmax GB,t are the minimum and maximum output thermal power of the GB."
Sami20181416,Thermal properties optimization of microencapsulated a renewable and non-toxic phase change material with a polystyrene shell for thermal energy storage systems,pattern,1,8,abstract,,no,no,"Response surface method was applied to the statistical design, analysis of experiments and process optimization. Analysis of Variance (ANOVA) showed that the interaction between the stirring rate and temperature had non-significant effects on ME.R (%). The maximum achieved value of ME.R was 92.3% in the process optimization."
Sami20181416,Thermal properties optimization of microencapsulated a renewable and non-toxic phase change material with a polystyrene shell for thermal energy storage systems,pattern,2,6,pdf,1,no,no,"Research Paper Thermal properties optimization of microencapsulated a renewable and non-toxic phase change material with a polystyrene shell for thermal energy storage systems S. Etesami a a Department of Chemical Engineering, Isfahan University of Technology, P.O. Box: 84156-83111, Isfahan, Iran b Department of Process Engineering, Faculty of Chemical Engineering, Tarbiat Modares University, Tehran, Iran highlights /C15 Microencapsulated of lauric acid with a polystyrene shell was prepared. /C15 A renewable and non-toxic phase change materials has been used for the process. /C15 Emulsion polymerization has been applied as a microencapsulated technique. /C15 Response surface method was applied to the statistical design. /C15 The microencapsulated PCM had a good potential for energy storage system. article info Article history: Received 12 September 2017 Revised 5 November 2017 Accepted 23 November 2017 Available online 24 November 2017 Keywords: Lauric acid Renewable Phase Change Material (PCM) Microencapsulation Response Surface Methodology (RSM) Process optimization Emulsion polymerization abstract Thermal energy storage (TES) plays an important role in the development of an efﬁcient solar energy sys- tem by storing the solar energy when available during the daytime and use it at night when required."
Sami20181416,Thermal properties optimization of microencapsulated a renewable and non-toxic phase change material with a polystyrene shell for thermal energy storage systems,pattern,3,6,pdf,1,no,no,"Response surface method was applied to the sta- tistical design, analysis of experiments and process optimization. Analysis of Variance (ANOVA) showed that the interaction between the stirring rate and temperature had non-signiﬁcant effects on ME.R (%). The maximum achieved value of ME.R was 92.3% in the process optimization."
Sami20181416,Thermal properties optimization of microencapsulated a renewable and non-toxic phase change material with a polystyrene shell for thermal energy storage systems,pattern,4,6,pdf,5,no,no,"As a matter of fact, required amount of SDS to dispersion of fatty acids in aqueous phase will be less. The excessive amount of SDS results decreasing particle size and enhancing the speciﬁc surface area, in presence of certain value of styrene, speciﬁed amount of lauric acid can be coated with poly (styrene) and ME.R reduces, consequently ( Fig. Optimization The aim of the response surface optimization method is detect- ing desirable values of independent variables where the response could be maximum or minimum."
Sami20181416,Thermal properties optimization of microencapsulated a renewable and non-toxic phase change material with a polystyrene shell for thermal energy storage systems,pattern,5,6,pdf,5,no,no,"The excessive amount of SDS results decreasing particle size and enhancing the speciﬁc surface area, in presence of certain value of styrene, speciﬁed amount of lauric acid can be coated with poly (styrene) and ME.R reduces, consequently ( Fig. Optimization The aim of the response surface optimization method is detect- ing desirable values of independent variables where the response could be maximum or minimum. In this study, RSM by Minitab 16 was used to maximize the microencapsulation ratio (ME.R (%)) at the optimal conditions."
Sami20181416,Thermal properties optimization of microencapsulated a renewable and non-toxic phase change material with a polystyrene shell for thermal energy storage systems,pattern,6,6,pdf,5,no,no,"Optimization The aim of the response surface optimization method is detect- ing desirable values of independent variables where the response could be maximum or minimum. In this study, RSM by Minitab 16 was used to maximize the microencapsulation ratio (ME.R (%)) at the optimal conditions. The RSM results showed the maxi- mum E:R = 92.3% was achieved in values of the independent vari- ables; LA/St mass ratio = 0.42, SDS/St mass ratio = 0.01, stirring rate = 1076 rpm and temperature = 55 /C176C."
Sami20181416,Thermal properties optimization of microencapsulated a renewable and non-toxic phase change material with a polystyrene shell for thermal energy storage systems,pattern,7,5,abstract,,no,no,"Microencapsulated lauric acid (LA) as a renewable (obtained from vegetable oils) and non-toxic Phase Change Material (PCM) with a polystyrene shell was prepared using an emulsion polymerization technique. The individual and interactive effects of operating variables including lauric acid to styrene mass ratio, sodium dodecyl sulfate (SDS) to styrene (St) mass ratio, stirring rate and temperature on the microencapsulation ratio (ME.R) were investigated. Response surface method was applied to the statistical design, analysis of experiments and process optimization."
Sami20181416,Thermal properties optimization of microencapsulated a renewable and non-toxic phase change material with a polystyrene shell for thermal energy storage systems,pattern,8,5,abstract,,no,no,"The individual and interactive effects of operating variables including lauric acid to styrene mass ratio, sodium dodecyl sulfate (SDS) to styrene (St) mass ratio, stirring rate and temperature on the microencapsulation ratio (ME.R) were investigated. Response surface method was applied to the statistical design, analysis of experiments and process optimization. Analysis of Variance (ANOVA) showed that the interaction between the stirring rate and temperature had non-significant effects on ME.R (%)."
Sami20181416,Thermal properties optimization of microencapsulated a renewable and non-toxic phase change material with a polystyrene shell for thermal energy storage systems,pattern,9,3,pdf,1,no,no,"Etesami a a Department of Chemical Engineering, Isfahan University of Technology, P.O. Box: 84156-83111, Isfahan, Iran b Department of Process Engineering, Faculty of Chemical Engineering, Tarbiat Modares University, Tehran, Iran highlights /C15 Microencapsulated of lauric acid with a polystyrene shell was prepared. /C15 A renewable and non-toxic phase change materials has been used for the process. /C15 Emulsion polymerization has been applied as a microencapsulated technique. /C15 Response surface method was applied to the statistical design. /C15 The microencapsulated PCM had a good potential for energy storage system. article info Article history: Received 12 September 2017 Revised 5 November 2017 Accepted 23 November 2017 Available online 24 November 2017 Keywords: Lauric acid Renewable Phase Change Material (PCM) Microencapsulation Response Surface Methodology (RSM) Process optimization Emulsion polymerization abstract Thermal energy storage (TES) plays an important role in the development of an efﬁcient solar energy sys- tem by storing the solar energy when available during the daytime and use it at night when required. The main component of a TES system is encapsulated phase change materials in macro, micro and nano sacles."
Sami20181416,Thermal properties optimization of microencapsulated a renewable and non-toxic phase change material with a polystyrene shell for thermal energy storage systems,pattern,10,3,pdf,1,no,no,"Box: 84156-83111, Isfahan, Iran b Department of Process Engineering, Faculty of Chemical Engineering, Tarbiat Modares University, Tehran, Iran highlights /C15 Microencapsulated of lauric acid with a polystyrene shell was prepared. /C15 A renewable and non-toxic phase change materials has been used for the process. /C15 Emulsion polymerization has been applied as a microencapsulated technique. /C15 Response surface method was applied to the statistical design. /C15 The microencapsulated PCM had a good potential for energy storage system. article info Article history: Received 12 September 2017 Revised 5 November 2017 Accepted 23 November 2017 Available online 24 November 2017 Keywords: Lauric acid Renewable Phase Change Material (PCM) Microencapsulation Response Surface Methodology (RSM) Process optimization Emulsion polymerization abstract Thermal energy storage (TES) plays an important role in the development of an efﬁcient solar energy sys- tem by storing the solar energy when available during the daytime and use it at night when required. The main component of a TES system is encapsulated phase change materials in macro, micro and nano sacles. Microencapsulated lauric acid (LA) as a renewable (obtained from vegetable oils) and non-toxic Phase Change Material (PCM) with a polystyrene shell was prepared using an emulsion polymerization technique."
Ahmad202451,"Parametric analysis of wastewater electrolysis for green hydrogen production: A combined RSM, genetic algorithm, and particle swarm optimization approach",pattern,1,12,pdf,9,no,no,"Optimization of process parameters 3.3.1. RSM desirability approach This study investigated different optimization approaches offered by the DOE software to maximize the HHO gas generation. Among these methods, numerical optimization, renowned for its success in contin - uous optimization, was selected to identify the optimal combination of input parameters that would yield the maximum HHO gas production."
Ahmad202451,"Parametric analysis of wastewater electrolysis for green hydrogen production: A combined RSM, genetic algorithm, and particle swarm optimization approach",pattern,2,12,pdf,9,no,no,"RSM desirability approach This study investigated different optimization approaches offered by the DOE software to maximize the HHO gas generation. Among these methods, numerical optimization, renowned for its success in contin - uous optimization, was selected to identify the optimal combination of input parameters that would yield the maximum HHO gas production. The optimization process involved varying the amounts of catalyst, electrode voltages, and electrolysis times to achieve the optimal Fig."
Ahmad202451,"Parametric analysis of wastewater electrolysis for green hydrogen production: A combined RSM, genetic algorithm, and particle swarm optimization approach",pattern,3,11,pdf,10,yes,no,"Known for its capability to tackle complex problems efficiently, GA has emerged as a powerful tool for finding optimal so - lutions [ 45 ]. In the context of optimizing HHO gas yield through wastewater electrolysis, a challenging and multifaceted problem arises involving the optimization of various factors, including catalyst amounts, electrode voltages, and electrolysis times. This study proposes the utilization of a GA to address the optimization of HHO yield."
Ahmad202451,"Parametric analysis of wastewater electrolysis for green hydrogen production: A combined RSM, genetic algorithm, and particle swarm optimization approach",pattern,4,11,pdf,10,yes,no,"In the context of optimizing HHO gas yield through wastewater electrolysis, a challenging and multifaceted problem arises involving the optimization of various factors, including catalyst amounts, electrode voltages, and electrolysis times. This study proposes the utilization of a GA to address the optimization of HHO yield. The primary objective was to identify the optimal conditions for the elec - trolysis reaction, maximizing the HHO gas yield."
Ahmad202451,"Parametric analysis of wastewater electrolysis for green hydrogen production: A combined RSM, genetic algorithm, and particle swarm optimization approach",pattern,5,9,pdf,1,no,no,"Parametric analysis of wastewater electrolysis for green hydrogen production: A combined RSM, genetic algorithm, and particle swarm optimization approach Aqueel Ahmad a , * , Ashok Kumar Yadav b a Mechanical Engineering Department, Netaji Subhas University of Technology, New Delhi, India b Department of Mechanical Engineering, Raj Kumar Goel Institute of Technology, Ghaziabad, India ARTICLE INFO Handling editor: J Ortiz Keywords: Electrolysis HHO Prediction Optimization RSM GA PSO ABSTRACT The production of green hydrogen from wastewater presents a significant opportunity to address environmental challenges associated with wastewater treatment and fulfill the increasing demand for renewable and sustainable energy sources. This study aimed to determine the optimal operating parameters for maximizing hydrogen production through wastewater electrolysis. To design the experimental runs, a Box-Behnken design (BBD) with an L 17 array was implemented, while Response Surface Methodology (RSM) in conjunction with Genetic Algo - rithms (GA) and Particle Swarm Optimization (PSO) was employed to develop predictive models and optimize the operating parameters."
Ahmad202451,"Parametric analysis of wastewater electrolysis for green hydrogen production: A combined RSM, genetic algorithm, and particle swarm optimization approach",pattern,6,9,pdf,11,no,no,"Experimental validation To validate the optimization results and assess the accuracy of the predictions, experimentation was undertaken, and independent variables were identified for the RSM, GA, and PSO techniques. By uti - lizing the optimal parameter combinations attained through each opti - mization method, conclusive findings were obtained, verifying the effectiveness of the predictions. Through the implementation of multiple optimization approaches, the ideal production conditions for HHO gas generation were determined."
Ahmad202451,"Parametric analysis of wastewater electrolysis for green hydrogen production: A combined RSM, genetic algorithm, and particle swarm optimization approach",pattern,7,9,pdf,2,no,no,"Therefore, there is a press - ing need for prediction and optimization methods that can effectively identify the optimal operating parameters. Based on our current un - derstanding, there have been limited research efforts focused on the generation of green hydrogen through wastewater electrolysis. Furthermore, no studies have specifically investigated the optimization of the solar-powered electrolysis technique for efficient green hydrogen production using a hybrid optimization approach."
Ahmad202451,"Parametric analysis of wastewater electrolysis for green hydrogen production: A combined RSM, genetic algorithm, and particle swarm optimization approach",pattern,8,9,pdf,2,no,no,"Based on our current un - derstanding, there have been limited research efforts focused on the generation of green hydrogen through wastewater electrolysis. Furthermore, no studies have specifically investigated the optimization of the solar-powered electrolysis technique for efficient green hydrogen production using a hybrid optimization approach. Hence, the objective of this study is to fill this research gap by thoroughly investigating the influence of crucial process parameters, such as catalyst (KOH) amount (g), electrode voltage (V), and electrolysis time (min), on hydrogen yield (L/min) using a novel RSM-GA-PSO-coupled hybrid optimization approach."
Ahmad202451,"Parametric analysis of wastewater electrolysis for green hydrogen production: A combined RSM, genetic algorithm, and particle swarm optimization approach",pattern,9,9,pdf,2,no,no,"Furthermore, no studies have specifically investigated the optimization of the solar-powered electrolysis technique for efficient green hydrogen production using a hybrid optimization approach. Hence, the objective of this study is to fill this research gap by thoroughly investigating the influence of crucial process parameters, such as catalyst (KOH) amount (g), electrode voltage (V), and electrolysis time (min), on hydrogen yield (L/min) using a novel RSM-GA-PSO-coupled hybrid optimization approach. By exploring innovative methods to generate green hydrogen, which can be derived from a readily available and renewable resource like wastewater, the study contributes to the circular economy and promotes the efficient utilization of resources."
Ahmad202451,"Parametric analysis of wastewater electrolysis for green hydrogen production: A combined RSM, genetic algorithm, and particle swarm optimization approach",pattern,10,9,pdf,9,no,no,"Among these methods, numerical optimization, renowned for its success in contin - uous optimization, was selected to identify the optimal combination of input parameters that would yield the maximum HHO gas production. The optimization process involved varying the amounts of catalyst, electrode voltages, and electrolysis times to achieve the optimal Fig. Surface and contour plot for the effect of (a and b) catalyst amount and electrode voltage (c and d) catalyst amount and electrolysis time (e and f) electrode voltage and electrolysis time on HHO yield."
Xu20212696,An Iterative Response-Surface-Based Approach for Chance-Constrained AC Optimal Power Flow Considering Dependent Uncertainty,doe,1,3,pdf,4,no,no,"For example, starting from on-dimensional cases, for a 2nd-order Hermite polynomial, its one higher-order polynomial is φ 3(ξ) = ξ3 − 3ξ.T h e elements of the collocation points are √ 3,− √ 3, and 0. That means we need to evaluate the solver at the three sample points above to approximate the coefﬁcients. In the multidimensional cases, the CPs are obtained by the tensor product of one-dimensional CPs."
Xu20212696,An Iterative Response-Surface-Based Approach for Chance-Constrained AC Optimal Power Flow Considering Dependent Uncertainty,doe,2,3,pdf,4,no,no,"That means we need to evaluate the solver at the three sample points above to approximate the coefﬁcients. In the multidimensional cases, the CPs are obtained by the tensor product of one-dimensional CPs. For examples, for the above 2nd-order Hermite polynomial with a dimension of 2, using tensor product, we get 9 combinations of the two-dimensional samples, i.e., { √ 3, √ 3}, { √ 3, 0}, { √ 3,− √ 3}, {0, √ 3}, {0, 0}, {0,− √ 3}, {− √ 3, √ 3}, {− √ 3, 0}, and {− √ 3,− √ 3}.M o r e generally, if there are S random variables, the number of possible combinations is 3 S by using the tensor product."
Xu20212696,An Iterative Response-Surface-Based Approach for Chance-Constrained AC Optimal Power Flow Considering Dependent Uncertainty,doe,3,1,pdf,4,no,no,"The elements of the CPs are generated by using the union of the zeros and the roots of one higher-order, one-dimensional polynomial for every random variable [19], [30]. For example, starting from on-dimensional cases, for a 2nd-order Hermite polynomial, its one higher-order polynomial is φ 3(ξ) = ξ3 − 3ξ.T h e elements of the collocation points are √ 3,− √ 3, and 0. That means we need to evaluate the solver at the three sample points above to approximate the coefﬁcients."
Hu2020,Uncertainty quantification in stochastic economic dispatch using Gaussian process emulation,pattern,1,16,abstract,,yes,no,"The increasing penetration of renewable energy resources in power systems, represented as random processes, converts the traditional deterministic economic dispatch problem into a stochastic one. To solve this stochastic economic dispatch, the conventional Monte Carlo method is prohibitively time consuming for medium- and large-scale power systems. To overcome this problem, we propose in this paper a novel Gaussian-process-emulator-based approach to quantify the uncertainty in the stochastic economic dispatch considering wind power penetration."
Hu2020,Uncertainty quantification in stochastic economic dispatch using Gaussian process emulation,pattern,2,14,pdf,1,yes,no,"Tong 4 1Department of Statistics, University of California-Santa Cruz, Santa Cruz, CA 95064 USA, e-mail: zhu95@ucsc.edu 2Department of Electrical and Computer Engineering, Virginia Tech, Northern Virginia Center, Falls Church, V A 22043 USA, e-mail: {yijunxu,lmili}@vt.edu 3Computational Engineering Division, Lawrence Livermore National Laboratory, Livermore, CA 94550 USA, e-mail: korkali1@llnl.gov 4Center for Applied Scientiﬁc Computing, Lawrence Livermore National Laboratory, Livermore, CA 94550 USA, e-mail: {chen73,tong10}@llnl.gov Abstract—The increasing penetration of renewable energy resources in power systems, represented as random processes, converts the traditional deterministic economic dispatch problem into a stochastic one. To solve this stochastic economic dispatch, the conventional Monte Carlo method is prohibitively time con- suming for medium- and large-scale power systems. To overcome this problem, we propose in this paper a novel Gaussian- process-emulator-based approach to quantify the uncertainty in the stochastic economic dispatch considering wind power penetration."
Hu2020,Uncertainty quantification in stochastic economic dispatch using Gaussian process emulation,pattern,3,13,abstract,,yes,no,"To solve this stochastic economic dispatch, the conventional Monte Carlo method is prohibitively time consuming for medium- and large-scale power systems. To overcome this problem, we propose in this paper a novel Gaussian-process-emulator-based approach to quantify the uncertainty in the stochastic economic dispatch considering wind power penetration. Based on the dimension-reduction results obtained by the Karhunen-Loeve expansion, a Gaussian-process emulator is constructed."
Hu2020,Uncertainty quantification in stochastic economic dispatch using Gaussian process emulation,pattern,4,13,abstract,,yes,no,"To overcome this problem, we propose in this paper a novel Gaussian-process-emulator-based approach to quantify the uncertainty in the stochastic economic dispatch considering wind power penetration. Based on the dimension-reduction results obtained by the Karhunen-Loeve expansion, a Gaussian-process emulator is constructed. This surrogate allows us to evaluate the economic dispatch solver at sampled values with a negligible computational cost while maintaining a desirable accuracy."
Hu2020,Uncertainty quantification in stochastic economic dispatch using Gaussian process emulation,pattern,5,9,pdf,1,no,no,"Uncertainty Quantiﬁcation in Stochastic Economic Dispatch using Gaussian Process Emulation Zhixiong Hu 1, Yijun Xu 2, Mert Korkali 3, Xiao Chen 4, Lamine Mili 2, and Charles H. Tong 4 1Department of Statistics, University of California-Santa Cruz, Santa Cruz, CA 95064 USA, e-mail: zhu95@ucsc.edu 2Department of Electrical and Computer Engineering, Virginia Tech, Northern Virginia Center, Falls Church, V A 22043 USA, e-mail: {yijunxu,lmili}@vt.edu 3Computational Engineering Division, Lawrence Livermore National Laboratory, Livermore, CA 94550 USA, e-mail: korkali1@llnl.gov 4Center for Applied Scientiﬁc Computing, Lawrence Livermore National Laboratory, Livermore, CA 94550 USA, e-mail: {chen73,tong10}@llnl.gov Abstract—The increasing penetration of renewable energy resources in power systems, represented as random processes, converts the traditional deterministic economic dispatch problem into a stochastic one. To solve this stochastic economic dispatch, the conventional Monte Carlo method is prohibitively time con- suming for medium- and large-scale power systems."
Hu2020,Uncertainty quantification in stochastic economic dispatch using Gaussian process emulation,pattern,6,9,pdf,5,no,no,"Sauer, “Uncertainty management in the unit commitment problem,” IEEE Trans. Long, “A stochastic model for the unit commitment problem,” IEEE Trans. Wei, “Compressive sensing based stochastic economic dispatch with high penetration renewables,” IEEE Trans."
Hu2020,Uncertainty quantification in stochastic economic dispatch using Gaussian process emulation,pattern,7,6,pdf,1,no,no,"The simulation results conducted on a modiﬁed IEEE 118-bus system reveal that the proposed method can greatly improve the computational efﬁciency of the SED as compared to the traditional Monte Carlo method while maintaining a desirable estimation accuracy. P ROBLEM FORMULA TION Traditionally, under some physical and economic con- straints, the economic dispatch in power systems is known as a deterministic optimization problem. This problem aims to identifying an optimal set of power outputs of a ﬁxed set of online thermal generating units that yields a minimum cost, denoted by Q(g)."
Hu2020,Uncertainty quantification in stochastic economic dispatch using Gaussian process emulation,pattern,8,6,pdf,1,no,no,"P ROBLEM FORMULA TION Traditionally, under some physical and economic con- straints, the economic dispatch in power systems is known as a deterministic optimization problem. This problem aims to identifying an optimal set of power outputs of a ﬁxed set of online thermal generating units that yields a minimum cost, denoted by Q(g). The cost Q is generally thought to be nonrandom since the traditional thermal generating units u can be optimized and set equal to some deterministic optimal values."
Hu2020,Uncertainty quantification in stochastic economic dispatch using Gaussian process emulation,pattern,9,6,pdf,5,no,no,"Wang, “Applying polynomial chaos expansion to as- sess probabilistic available delivery capability for distribution networks with renewables,” IEEE Trans. Sauer, “Uncertainty management in the unit commitment problem,” IEEE Trans. Long, “A stochastic model for the unit commitment problem,” IEEE Trans."
Hu2020,Uncertainty quantification in stochastic economic dispatch using Gaussian process emulation,pattern,10,6,pdf,5,no,no,"Long, “A stochastic model for the unit commitment problem,” IEEE Trans. Wei, “Compressive sensing based stochastic economic dispatch with high penetration renewables,” IEEE Trans. Williams, Gaussian Processes for Machine Learning."
Guo20222057,Training Deep Neural Network for Optimal Power Allocation in Islanded Microgrid Systems: A Distributed Learning-Based Approach,doe,1,11,pdf,5,yes,no,"Note that all the training data have been normalized into [− 1, 1] and the corresponding normalization is also applied to the testing data. 2) Training and V alidation Stage: We ﬁrst use the training data set to optimize the weights of the DNN so that it gradually approaches our desired output. The cost function we use is the mean square error (MSE) between label {P∗ i (k)} and the output of the DNN."
Guo20222057,Training Deep Neural Network for Optimal Power Allocation in Islanded Microgrid Systems: A Distributed Learning-Based Approach,doe,2,8,pdf,5,yes,no,"2) Training and V alidation Stage: We ﬁrst use the training data set to optimize the weights of the DNN so that it gradually approaches our desired output. The cost function we use is the mean square error (MSE) between label {P∗ i (k)} and the output of the DNN. The optimization algorithm utilized for training here is Adam, which is most commonly used in deep learning recently [34]."
Guo20222057,Training Deep Neural Network for Optimal Power Allocation in Islanded Microgrid Systems: A Distributed Learning-Based Approach,doe,3,7,pdf,5,no,no,"According to the co mmon practice in neural network training [22], we randomly divide the data set into a training set, a validation set, and a test set at a ratio of 5: 2:3. Note that all the training data have been normalized into [− 1, 1] and the corresponding normalization is also applied to the testing data. 2) Training and V alidation Stage: We ﬁrst use the training data set to optimize the weights of the DNN so that it gradually approaches our desired output."
Guo20222057,Training Deep Neural Network for Optimal Power Allocation in Islanded Microgrid Systems: A Distributed Learning-Based Approach,doe,4,4,pdf,5,no,no,"It is worth mentioning that the range of training set should cover all the possible values of P d , so that in the subsequent online applica- tion stage, there is no need to worry about the generalization performance of the well-trai ned DNN. Repeating running the HDO algorithm with arbitrary distinct load demand P(k) d , we can ﬁnally get the entire data set {((Pd/N)(k), P∗ i (k))}K k=1 for the i th DG. According to the co mmon practice in neural network training [22], we randomly divide the data set into a training set, a validation set, and a test set at a ratio of 5: 2:3."
Guo20222057,Training Deep Neural Network for Optimal Power Allocation in Islanded Microgrid Systems: A Distributed Learning-Based Approach,doe,5,4,pdf,5,no,no,"Repeating running the HDO algorithm with arbitrary distinct load demand P(k) d , we can ﬁnally get the entire data set {((Pd/N)(k), P∗ i (k))}K k=1 for the i th DG. According to the co mmon practice in neural network training [22], we randomly divide the data set into a training set, a validation set, and a test set at a ratio of 5: 2:3. Note that all the training data have been normalized into [− 1, 1] and the corresponding normalization is also applied to the testing data."
Guo20222057,Training Deep Neural Network for Optimal Power Allocation in Islanded Microgrid Systems: A Distributed Learning-Based Approach,doe,6,3,pdf,5,no,no,"The obtained optimal power output P∗ i (k), i = 1,..., N together with its corresponding average load demand (Pd/N)(k) constitute the kth training sample. It is worth mentioning that the range of training set should cover all the possible values of P d , so that in the subsequent online applica- tion stage, there is no need to worry about the generalization performance of the well-trai ned DNN. Repeating running the HDO algorithm with arbitrary distinct load demand P(k) d , we can ﬁnally get the entire data set {((Pd/N)(k), P∗ i (k))}K k=1 for the i th DG."
Guo20222057,Training Deep Neural Network for Optimal Power Allocation in Islanded Microgrid Systems: A Distributed Learning-Based Approach,doe,7,3,pdf,5,no,no,"Algorithm Implementation The proposed distributed learning-based optimization algo- rithm can be implemented and calculate the optimal power output for each DG in real-time, once the off-line training of the DNN network completes. To validate the effectiveness of our proposed scheme, several case studies will be provided in the next section. Remark 4: The proposed distributed learning-based OP A algorithm distinguishes from tra ditional numerical optimiza- tion approaches in the following aspects: 1) no new mathe- matical derivation of the optimization algorithm is required, as we can use the well-established algorithm to generate the training data set."
Guo20222057,Training Deep Neural Network for Optimal Power Allocation in Islanded Microgrid Systems: A Distributed Learning-Based Approach,doe,8,3,pdf,5,no,no,"To validate the effectiveness of our proposed scheme, several case studies will be provided in the next section. Remark 4: The proposed distributed learning-based OP A algorithm distinguishes from tra ditional numerical optimiza- tion approaches in the following aspects: 1) no new mathe- matical derivation of the optimization algorithm is required, as we can use the well-established algorithm to generate the training data set. Instead, we can immediately get P ∗ i by feeding (Pd(t)/N) into the well-trained DNN network, where just some simple matrix calculations are manipulated; 2) the DNN-based method is a purely data-driven approach."
Guo20222057,Training Deep Neural Network for Optimal Power Allocation in Islanded Microgrid Systems: A Distributed Learning-Based Approach,doe,9,3,pdf,5,no,no,"Remark 4: The proposed distributed learning-based OP A algorithm distinguishes from tra ditional numerical optimiza- tion approaches in the following aspects: 1) no new mathe- matical derivation of the optimization algorithm is required, as we can use the well-established algorithm to generate the training data set. Instead, we can immediately get P ∗ i by feeding (Pd(t)/N) into the well-trained DNN network, where just some simple matrix calculations are manipulated; 2) the DNN-based method is a purely data-driven approach. If these optimal power outputs and corresponding load demand data are available, we even do not require to know the coefﬁcients of cost functions in (1); and 3) the most signiﬁcant advantage of the learning-based approach over traditional numerical opti- mization algorithms is that it requires less time to obtain the optimal solution online, which is quite suitable for real-time optimization."
Guo20222057,Training Deep Neural Network for Optimal Power Allocation in Islanded Microgrid Systems: A Distributed Learning-Based Approach,doe,10,3,pdf,8,no,no,"Proposed framework accuracy performance test in Case 1. Proposed framework accuracy performance test in Case 2. In the training data generation step, we ﬁx γi = 1.5% for all the DGs and let the total load demand Pd randomly varies in the range of [5000 MW , 15 000 MW]."
Nikolaidis2021,Gaussian process-based Bayesian optimization for data-driven unit commitment,validation,,0,,,no,no,
Safta20172535,Efficient Uncertainty Quantification in Stochastic Economic Dispatch,pattern,1,10,abstract,,yes,no,"Stochastic economic dispatch models address uncertainties in forecasts of renewable generation output by considering a finite number of realizations drawn from a stochastic process model, typically via Monte Carlo sampling. Accurate evaluations of expectations or higher order moments for quantities of interest, e.g., generating cost, can require a prohibitively large number of samples. We propose an alternative to Monte Carlo sampling based on polynomial chaos expansions."
Safta20172535,Efficient Uncertainty Quantification in Stochastic Economic Dispatch,pattern,2,8,pdf,1,yes,no,"Najm, Ali Pinar, and Jean-Paul Watson Abstract—Stochastic economic dispatch models address uncer- tainties in forecasts of renewable generation output by considering a ﬁnite number of realizations drawn from a stochastic process model, typically via Monte Carlo sampling. Accurate evaluations of expectations or higher order moments for quantities of interest, e.g., generating cost, can require a prohibitively large number of samples. We propose an alternative to Monte Carlo sampling based on polynomial chaos expansions."
Safta20172535,Efficient Uncertainty Quantification in Stochastic Economic Dispatch,pattern,3,8,pdf,8,yes,no,"However, a linear decrease in error requires a quadratic increase in the number of samples, which can quickly render the stochastic optimization problem intractable. This illustrates the limitation of MC algorithms for accurate estimations; while they are convenient, they are not efﬁcient. Alternatively, we propose an approach based on Polynomial Chaos Expansions that can enable high ﬁdelity uncertainty quan- tiﬁcation with fewer samples, as shown in Section III-A."
Safta20172535,Efficient Uncertainty Quantification in Stochastic Economic Dispatch,pattern,4,8,pdf,9,yes,no,"We con- sider the IEEE 118-bus test system [42] augmented with the three wind generation sites discussed in Section IV -A. These re- newable generators replace the conventional generators at buses 89, 69, and 10, respectively. We employ |T | =2 4 time peri- ods and represent stochastic renewable generation via the KLEs presented in Section III-B."
Safta20172535,Efficient Uncertainty Quantification in Stochastic Economic Dispatch,pattern,5,8,pdf,9,yes,no,"These re- newable generators replace the conventional generators at buses 89, 69, and 10, respectively. We employ |T | =2 4 time peri- ods and represent stochastic renewable generation via the KLEs presented in Section III-B. Given the analysis presented in Section IV -A, the effective dimensionality of the stochastic space is reduced to a fraction ft ×| T | for each wind site."
Safta20172535,Efficient Uncertainty Quantification in Stochastic Economic Dispatch,pattern,6,6,pdf,1,no,no,"IEEE TRANSACTIONS ON POWER SYSTEMS, VOL. 4, JUL Y 2017 2535 Efﬁcient Uncertainty Quantiﬁcation in Stochastic Economic Dispatch Cosmin Safta, Richard L.-Y . Najm, Ali Pinar, and Jean-Paul Watson Abstract—Stochastic economic dispatch models address uncer- tainties in forecasts of renewable generation output by considering a ﬁnite number of realizations drawn from a stochastic process model, typically via Monte Carlo sampling."
Safta20172535,Efficient Uncertainty Quantification in Stochastic Economic Dispatch,pattern,7,6,pdf,1,no,no,"4, JUL Y 2017 2535 Efﬁcient Uncertainty Quantiﬁcation in Stochastic Economic Dispatch Cosmin Safta, Richard L.-Y . Najm, Ali Pinar, and Jean-Paul Watson Abstract—Stochastic economic dispatch models address uncer- tainties in forecasts of renewable generation output by considering a ﬁnite number of realizations drawn from a stochastic process model, typically via Monte Carlo sampling. Accurate evaluations of expectations or higher order moments for quantities of interest, e.g., generating cost, can require a prohibitively large number of samples."
Safta20172535,Efficient Uncertainty Quantification in Stochastic Economic Dispatch,pattern,8,6,pdf,1,no,no,"We also use Karhunen–Lo`eve expansions for efﬁcient representation of uncertain renewable energy generation that follows geographical and temporal correlations derived from historical data at each wind farm. Considering expected production cost, we demonstrate that the proposed approach can yield several orders of magnitude reduction in computational cost for solving stochastic economic dispatch relative to Monte Carlo sampling, for a given target error threshold. Index Terms—Karhunen-Lo`eve expansion, Monte Carlo sam- pling, polynomial chaos expansion, stochastic economic dispatch."
Safta20172535,Efficient Uncertainty Quantification in Stochastic Economic Dispatch,pattern,9,6,pdf,1,no,no,"The objective is to minimize overall production costs to satisfy forecasted electricity load, while respecting operational constraints of transmission elements (e.g., thermal limits) and generators (e.g., ramping limits). Economic dispatch (ED) is a related problem, in which cost minimization is performed to identify an optimal set of power output levels for a ﬁxed set of on-line thermal generating units. Typically, UC and ED are re- spectively formulated as mixed-integer and linear optimization problems, and they are solved using commercial solvers."
Safta20172535,Efficient Uncertainty Quantification in Stochastic Economic Dispatch,pattern,10,6,pdf,1,no,no,"Economic dispatch (ED) is a related problem, in which cost minimization is performed to identify an optimal set of power output levels for a ﬁxed set of on-line thermal generating units. Typically, UC and ED are re- spectively formulated as mixed-integer and linear optimization problems, and they are solved using commercial solvers. Uncertainties are ubiquitous in both power systems opera- tions and planning, and the importance of credibly accounting for them is well-recognized."
Rodgers2018951,Generation expansion planning considering health and societal damages – A simulation-based optimization approach,validation,1,3,pdf,3,no,no,"Using a kriging metamodel, a closed-form function that relates changes in dispatching decisions from GEP model outputs to health damages from NOX and SO2 emissions is developed. Using this as a surrogate function for health damages, GEP model is solved. To ensure the prediction accuracy of the metamodel, and conse- quently yield better GEP model outputs, the expected improvement of the metamodel is evaluated to determine when to terminate the algorithm or to execute additional GEP simulations to enhance the metamodel."
Rodgers2018951,Generation expansion planning considering health and societal damages – A simulation-based optimization approach,validation,2,1,pdf,3,no,no,"Using this as a surrogate function for health damages, GEP model is solved. To ensure the prediction accuracy of the metamodel, and conse- quently yield better GEP model outputs, the expected improvement of the metamodel is evaluated to determine when to terminate the algorithm or to execute additional GEP simulations to enhance the metamodel. Simulation-Based Optimization Flow Chart [ 35]. /C15 Demand; /C15 Peak demand; /C15 Reserve margin; /C15 Minimum and maximum limits; /C15 Minimum renewable generation levels; /C15 Emissions rates /C15 Emissions limits; /C15 Costs (Investment, Fixed, and Variable); /C15 Steam revenue; /C15 Transmission capacity; /C15 Capacity factors for non-dispatchable units; and /C15 Derating values."
Rodgers2018951,Generation expansion planning considering health and societal damages – A simulation-based optimization approach,validation,3,1,pdf,3,no,no,"To ensure the prediction accuracy of the metamodel, and conse- quently yield better GEP model outputs, the expected improvement of the metamodel is evaluated to determine when to terminate the algorithm or to execute additional GEP simulations to enhance the metamodel. Simulation-Based Optimization Flow Chart [ 35]. /C15 Demand; /C15 Peak demand; /C15 Reserve margin; /C15 Minimum and maximum limits; /C15 Minimum renewable generation levels; /C15 Emissions rates /C15 Emissions limits; /C15 Costs (Investment, Fixed, and Variable); /C15 Steam revenue; /C15 Transmission capacity; /C15 Capacity factors for non-dispatchable units; and /C15 Derating values. Rodgers et al. / Energy 164 (2018) 951 e963 953"
Jahangiri20244849,A machine learning approach to analysis of Canadian provincial power system decarbonization,pattern,1,6,pdf,13,no,no,"Vaillancourt, K., Bahn, O., Frenette, E., Sigvaldason, O., 2017. Exploring deep decarbonization pathways to 2050 for Canada using an optimization energy model framework. Toward carbon-neutral electric power systems in the new york state: a novel multi-scale bottom-up optimization framework coupled with machine learning for capacity planning at Hourly resolution (Feb.)."
Jahangiri20244849,A machine learning approach to analysis of Canadian provincial power system decarbonization,pattern,2,6,pdf,13,no,no,"Exploring deep decarbonization pathways to 2050 for Canada using an optimization energy model framework. Toward carbon-neutral electric power systems in the new york state: a novel multi-scale bottom-up optimization framework coupled with machine learning for capacity planning at Hourly resolution (Feb.). 10 (5), 1805 – 1821. https://doi.org/10.1021/ACSSUSCHEMENG.1C06612/ SUPPL_FILE/SC1C06612_SI_001.PDF ."
Jahangiri20244849,A machine learning approach to analysis of Canadian provincial power system decarbonization,pattern,3,5,abstract,,no,no,"Canada committed to reducing national greenhouse gas emissions by 40–45 % by 2030 and achieving net-zero by 2050, relying on low-carbon electrification across economic sectors. This study investigates the machine learning's potential to analyze least-cost optimization of Canadian provincial power systems to 2050, to identify robust pathways for net-zero electricity system greenhouse gas emissions, and to provide policy insights respecting wind and solar generation, reducing emissions from natural gas generation, and expanding interprovincial transmission."
Jahangiri20244849,A machine learning approach to analysis of Canadian provincial power system decarbonization,pattern,4,5,abstract,,no,yes,"This study investigates the machine learning's potential to analyze least-cost optimization of Canadian provincial power systems to 2050, to identify robust pathways for net-zero electricity system greenhouse gas emissions, and to provide policy insights respecting wind and solar generation, reducing emissions from natural gas generation, and expanding interprovincial transmission. Surrogate modeling is applied as sensitivities to generation technology capital costs, electricity demand, and carbon pricing to results from an existing capacity expansion mixed-integer linear optimization model. Under almost all future scenarios, six provinces develop new wind generation, with substantial deployment in Alberta (mean 27.3 GW, max."
Jahangiri20244849,A machine learning approach to analysis of Canadian provincial power system decarbonization,pattern,5,3,pdf,1,no,no,"This is an open access article under the CC BY-NC license ( http://creativecommons.org/licenses/by- nc/4.0/). A machine learning approach to analysis of Canadian provincial power system decarbonization Zahra Jahangiri a , * , Richard Hendriks b , Madeleine McPherson a a Institute for Integrated Energy Systems, University of Victoria, Victoria, BC, Canada b Civil and Mineral Engineering, University of Toronto, Toronto, Ontario, Canada ARTICLE INFO Keywords: Provincial policy planning Decarbonization pathways Energy systems modeling machine learning ABSTRACT Canada committed to reducing national greenhouse gas emissions by 40 – 45 % by 2030 and achieving net-zero by 2050, relying on low-carbon electrification across economic sectors. This study investigates the machine learning ’ s potential to analyze least-cost optimization of Canadian provincial power systems to 2050, to identify robust pathways for net-zero electricity system greenhouse gas emissions, and to provide policy insights respecting wind and solar generation, reducing emissions from natural gas generation, and expanding inter - provincial transmission."
Jahangiri20244849,A machine learning approach to analysis of Canadian provincial power system decarbonization,pattern,6,3,pdf,1,no,yes,"A machine learning approach to analysis of Canadian provincial power system decarbonization Zahra Jahangiri a , * , Richard Hendriks b , Madeleine McPherson a a Institute for Integrated Energy Systems, University of Victoria, Victoria, BC, Canada b Civil and Mineral Engineering, University of Toronto, Toronto, Ontario, Canada ARTICLE INFO Keywords: Provincial policy planning Decarbonization pathways Energy systems modeling machine learning ABSTRACT Canada committed to reducing national greenhouse gas emissions by 40 – 45 % by 2030 and achieving net-zero by 2050, relying on low-carbon electrification across economic sectors. This study investigates the machine learning ’ s potential to analyze least-cost optimization of Canadian provincial power systems to 2050, to identify robust pathways for net-zero electricity system greenhouse gas emissions, and to provide policy insights respecting wind and solar generation, reducing emissions from natural gas generation, and expanding inter - provincial transmission. Surrogate modeling is applied as sensitivities to generation technology capital costs, electricity demand, and carbon pricing to results from an existing capacity expansion mixed-integer linear optimization model."
Jahangiri20244849,A machine learning approach to analysis of Canadian provincial power system decarbonization,pattern,7,3,pdf,13,no,no,"Available: 〈 http://www.osti.gov 〉 . Vaillancourt, K., Bahn, O., Frenette, E., Sigvaldason, O., 2017. Exploring deep decarbonization pathways to 2050 for Canada using an optimization energy model framework."
Jahangiri20244849,A machine learning approach to analysis of Canadian provincial power system decarbonization,pattern,8,3,pdf,13,no,no,"Toward carbon-neutral electric power systems in the new york state: a novel multi-scale bottom-up optimization framework coupled with machine learning for capacity planning at Hourly resolution (Feb.). 10 (5), 1805 – 1821. https://doi.org/10.1021/ACSSUSCHEMENG.1C06612/ SUPPL_FILE/SC1C06612_SI_001.PDF . Zidong Zhang, Dongxia Zhang, et al., 2020."
Jahangiri20244849,A machine learning approach to analysis of Canadian provincial power system decarbonization,pattern,9,3,pdf,2,no,no,"Provincial level analyses could provide planners and policymakers with in-depth understanding of the chal - lenges and opportunities specific to each province, while producing deeper insights into policies for developing variable renewable genera - tion, reducing emissions from natural gas generation, and expanding interprovincial transmission. The historic focus on pathway analysis also lends itself to electricity system modeling centered on least-cost optimization, simulation, and single-factor sensitivity. This conventional approach has limitations relevant to evaluating net-zero pathway robustness, which requires comprehensive examination of strategies and technologies in the context of uncertainties inherent to evolving and interconnected power systems."
Jahangiri20244849,A machine learning approach to analysis of Canadian provincial power system decarbonization,pattern,10,3,pdf,2,no,no,"The historic focus on pathway analysis also lends itself to electricity system modeling centered on least-cost optimization, simulation, and single-factor sensitivity. This conventional approach has limitations relevant to evaluating net-zero pathway robustness, which requires comprehensive examination of strategies and technologies in the context of uncertainties inherent to evolving and interconnected power systems. First, conventional approaches are computationally intensive, limiting available scenarios for exploring sensitivities associated with alternative futures."
Fu20202904,Statistical Machine Learning Model for Stochastic Optimal Planning of Distribution Networks Considering a Dynamic Correlation and Dimension Reduction,pattern,1,8,pdf,5,yes,no,"The procedure of the intrinsic dimensionality is given in Procedure 3. Next, we use the NMF in [23] in our development of the mathematical formalism of dimensionality reduction. NMF views matrix factorization as a constrained optimization problem that seeks to factor the original matrix V into the product of two nonnegative matrices W and A: W × A = V + ε, (23) Authorized licensed use limited to: FH Technikum Wien."
Fu20202904,Statistical Machine Learning Model for Stochastic Optimal Planning of Distribution Networks Considering a Dynamic Correlation and Dimension Reduction,pattern,2,8,pdf,5,yes,no,"Next, we use the NMF in [23] in our development of the mathematical formalism of dimensionality reduction. NMF views matrix factorization as a constrained optimization problem that seeks to factor the original matrix V into the product of two nonnegative matrices W and A: W × A = V + ε, (23) Authorized licensed use limited to: FH Technikum Wien. Downloaded on May 11,2026 at 14:08:53 UTC from IEEE Xplore."
Fu20202904,Statistical Machine Learning Model for Stochastic Optimal Planning of Distribution Networks Considering a Dynamic Correlation and Dimension Reduction,pattern,3,7,pdf,12,no,no,"Particle positions in the QPSO optimization. Fitness value of global optimal solution via iteration times. of the reactive power planning optimization. The parameters of the solver directly affect the accuracy of the result, and we choose the validated QPSO parameter calculation formulas in [35] to ensure the effectiveness of the optimization solu- tion."
Fu20202904,Statistical Machine Learning Model for Stochastic Optimal Planning of Distribution Networks Considering a Dynamic Correlation and Dimension Reduction,pattern,4,7,pdf,2,no,no,"Fu et al. presented a distri- bution network planning model based on chance-constrained programming that realizes the coordinated planning of pho- tovoltaic power generation and reactive power devices, and considered the balance of power quality and network loss when the grid is running [9]. Zhang et al. presented a linearized approximation algorithm to solve the interval reactive power optimization model, and the ﬁrst-order terms of the Taylor expansions of the interval functions were utilized to approx- imate the interval reactive power optimization model [10]. An interval sequential quadratic programming algorithm that provided a new method for solving the interval dynamic reactive power optimization model was presented in [11]."
Fu20202904,Statistical Machine Learning Model for Stochastic Optimal Planning of Distribution Networks Considering a Dynamic Correlation and Dimension Reduction,pattern,5,7,pdf,2,no,no,"Zhang et al. presented a linearized approximation algorithm to solve the interval reactive power optimization model, and the ﬁrst-order terms of the Taylor expansions of the interval functions were utilized to approx- imate the interval reactive power optimization model [10]. An interval sequential quadratic programming algorithm that provided a new method for solving the interval dynamic reactive power optimization model was presented in [11]. It has a strong robustness and engineering application ability."
Fu20202904,Statistical Machine Learning Model for Stochastic Optimal Planning of Distribution Networks Considering a Dynamic Correlation and Dimension Reduction,pattern,6,6,pdf,12,no,no,The QPSO is used to solve the problem Fig. Particle positions in the QPSO optimization. Fitness value of global optimal solution via iteration times. of the reactive power planning optimization.
Fu20202904,Statistical Machine Learning Model for Stochastic Optimal Planning of Distribution Networks Considering a Dynamic Correlation and Dimension Reduction,pattern,7,6,pdf,13,no,no,"Yang, “Optimal allocation and adaptive V AR control of PV-DG in distribution networks,”Appl. Ngan, “Reactive power optimization under interval uncertainty by the linear approximation method and its modiﬁed method,” IEEE Trans. Hua, “A multi-time reactive power optimization under interval uncertainty of renewable power generation by an Interval sequential quadratic programming method,” IEEE Trans."
Fu20202904,Statistical Machine Learning Model for Stochastic Optimal Planning of Distribution Networks Considering a Dynamic Correlation and Dimension Reduction,pattern,8,6,pdf,13,no,no,"Ngan, “Reactive power optimization under interval uncertainty by the linear approximation method and its modiﬁed method,” IEEE Trans. Hua, “A multi-time reactive power optimization under interval uncertainty of renewable power generation by an Interval sequential quadratic programming method,” IEEE Trans. Zhou, “Optimal sizing of PEV fast charging stations with Markovian demand charac- terization,” IEEE Trans."
Fu20202904,Statistical Machine Learning Model for Stochastic Optimal Planning of Distribution Networks Considering a Dynamic Correlation and Dimension Reduction,pattern,9,6,pdf,13,no,no,"Princeton, NJ, USA: Princeton Univ. Yu, “On convergence analysis of particle swarm optimization algorithm,” J. Zhou, “Phase angle-encoded and quantum- behaved particle swarm optimization applied to three-dimensional route planning for UA V ,”IEEE Trans."
Fu20202904,Statistical Machine Learning Model for Stochastic Optimal Planning of Distribution Networks Considering a Dynamic Correlation and Dimension Reduction,pattern,10,6,pdf,13,no,no,"Yu, “On convergence analysis of particle swarm optimization algorithm,” J. Zhou, “Phase angle-encoded and quantum- behaved particle swarm optimization applied to three-dimensional route planning for UA V ,”IEEE Trans. Xueqian Fu (Member, IEEE) received the B.S. and M.S. degrees from North China Electric Power University in 2008 and 2011, respectively, and the Ph.D. degree from the South China University of Technology in 2015."
Koschwitz2018134,Data-driven heating and cooling load predictions for non-residential buildings based on support vector machine regression and NARX Recurrent Neural Network: A comparative study on district scale,pattern,1,6,pdf,5,no,no,"However, the computation time has been 23 times higher, compared to an optimization based on the Levenberg-Marquardt algorithm. Taking Bayesian Regulari- zation into consideration, the Hessian of the second order partial derivatives has to be computed to deﬁne the curvature of a function and compute the gradient. However, the Levenberg-Marquardt optimization approximates the Hessian, which is computational less expensive, but also less accurate."
Koschwitz2018134,Data-driven heating and cooling load predictions for non-residential buildings based on support vector machine regression and NARX Recurrent Neural Network: A comparative study on district scale,pattern,2,6,pdf,8,no,no,"Moreover, Bayesian Regularization has been tested for optimization to possibly replace the Levenberg- Marquardt algorithm, since results frequently provide higher ac- curacy. Although, increasing performance has been proven in the case of this study, computation time has to be considered for pre- diction tasks on urban scale. The results have to be assessed against the background of the underlying data set."
Koschwitz2018134,Data-driven heating and cooling load predictions for non-residential buildings based on support vector machine regression and NARX Recurrent Neural Network: A comparative study on district scale,pattern,3,4,pdf,4,no,no,"In order to solve this optimization problem, the error function has to be minimized based on equation (3), where U is a function of the slack variables x and x/C3 U XN i¼1 x/C3 i þ XN i¼1 xi ! þ 1 2 /C16 wT w /C17 (3) with respect to the following constraints, where b represents some bias and vi represents the training instances. yi /C0 /C16 wT vi /C17 /C0 b /C20 ε þ xi/C16 wT vi /C17 þ b /C0 yi /C20 ε þ x/C3 i x/C3 i /C21 0 xi /C21 0 Since data points are frequently inside the tube, they are allowed to be on the “wrong” side of the margin, although with penalty. Introducing the Lagrange multipliers gi and ai the Langrangian can be formulated by equa- tion (4) [26]. L ¼ 1 2 /C16 wT w /C17 þ U XN i¼1 x/C3 i þ XN i¼1 xi ! /C0 XN i¼1 a/C3 i h yi /C0 /C16 wT vi /C17 /C0 b þ ε þ x/C3 i i /C0 XN i¼1 ai h/C16 wT vi /C17 þ b /C0 yi þ ε þ xi i /C0 XN i¼1 /C0 g/C3 i x/C3 i þ gixi /C1 (4) Differentiating with respect to wi, b and x leads to the equivalent dual space maximization problem, which is computationally simpler for solving the optimization problem."
Koschwitz2018134,Data-driven heating and cooling load predictions for non-residential buildings based on support vector machine regression and NARX Recurrent Neural Network: A comparative study on district scale,pattern,4,4,pdf,5,no,no,"Each hidden layer comprises 30 hidden neurons. For optimization, the Levenberg-Marquardt algorithm is applied in order to update weights and bias [ 29,30]. Alternatively, Bayesian Regularization has been tested since this optimization algorithm improves the generalization property of the network [ 31]."
Koschwitz2018134,Data-driven heating and cooling load predictions for non-residential buildings based on support vector machine regression and NARX Recurrent Neural Network: A comparative study on district scale,pattern,5,4,pdf,5,no,no,"For optimization, the Levenberg-Marquardt algorithm is applied in order to update weights and bias [ 29,30]. Alternatively, Bayesian Regularization has been tested since this optimization algorithm improves the generalization property of the network [ 31]. In order to evaluate the performance of Levenberg-Marquardt and Bayesian Regularization, for this study, test predictions have shown, that by applying Bayesian Regularization, an improvement in accuracy of approximately 4% could be achieved."
Koschwitz2018134,Data-driven heating and cooling load predictions for non-residential buildings based on support vector machine regression and NARX Recurrent Neural Network: A comparative study on district scale,pattern,6,4,pdf,5,no,no,"Alternatively, Bayesian Regularization has been tested since this optimization algorithm improves the generalization property of the network [ 31]. In order to evaluate the performance of Levenberg-Marquardt and Bayesian Regularization, for this study, test predictions have shown, that by applying Bayesian Regularization, an improvement in accuracy of approximately 4% could be achieved. However, the computation time has been 23 times higher, compared to an optimization based on the Levenberg-Marquardt algorithm."
Koschwitz2018134,Data-driven heating and cooling load predictions for non-residential buildings based on support vector machine regression and NARX Recurrent Neural Network: A comparative study on district scale,pattern,7,4,pdf,8,no,no,"This study also shows, that deeper network architectures not necessarily lead to better results in data-driven thermal load predictions. The perfor- mance of NARX RNNs are strongly affected by the dimension embedded memory of input and ouput and the depth of the network architecture, since long-term dependencies may result in vanishing gradients [ 15]. Moreover, Bayesian Regularization has been tested for optimization to possibly replace the Levenberg- Marquardt algorithm, since results frequently provide higher ac- curacy."
Koschwitz2018134,Data-driven heating and cooling load predictions for non-residential buildings based on support vector machine regression and NARX Recurrent Neural Network: A comparative study on district scale,pattern,8,4,pdf,8,no,no,"The perfor- mance of NARX RNNs are strongly affected by the dimension embedded memory of input and ouput and the depth of the network architecture, since long-term dependencies may result in vanishing gradients [ 15]. Moreover, Bayesian Regularization has been tested for optimization to possibly replace the Levenberg- Marquardt algorithm, since results frequently provide higher ac- curacy. Although, increasing performance has been proven in the case of this study, computation time has to be considered for pre- diction tasks on urban scale."
Koschwitz2018134,Data-driven heating and cooling load predictions for non-residential buildings based on support vector machine regression and NARX Recurrent Neural Network: A comparative study on district scale,pattern,9,3,pdf,4,no,no,"L ¼ 1 2 /C16 wT w /C17 þ U XN i¼1 x/C3 i þ XN i¼1 xi ! /C0 XN i¼1 a/C3 i h yi /C0 /C16 wT vi /C17 /C0 b þ ε þ x/C3 i i /C0 XN i¼1 ai h/C16 wT vi /C17 þ b /C0 yi þ ε þ xi i /C0 XN i¼1 /C0 g/C3 i x/C3 i þ gixi /C1 (4) Differentiating with respect to wi, b and x leads to the equivalent dual space maximization problem, which is computationally simpler for solving the optimization problem. The corresponding objective function is given by equation (5), where P represents the polynomial degree: Table 3 Mean and standard deviation of measured heating load time series depending on building usage classes. Building Usage (# consumers) m [kW] s [kW] Ofﬁce (26) 94 66 Ofﬁce & Laboratory (26) 103 79 Ofﬁce & Repairing (7) 45 41 Ofﬁce & Facility (2) 12 11 Ofﬁce & Experimental Hall (1) 16 20 Ofﬁce & Teaching (1) 33 29 Laboratory (15) 301 546 Experimental Hall (8) 91 77 Warehouse (5) 29 68 Repairing & Warehouse (1) 85 54 Social (4) 44 33 Facility (1) 453 278 Facility & Experimental Hall (1) 6 5 Table 4 Mean and standard deviation of measured cooling load time series depending on building usage classes."
Koschwitz2018134,Data-driven heating and cooling load predictions for non-residential buildings based on support vector machine regression and NARX Recurrent Neural Network: A comparative study on district scale,pattern,10,3,pdf,5,no,no,"In order to evaluate the performance of Levenberg-Marquardt and Bayesian Regularization, for this study, test predictions have shown, that by applying Bayesian Regularization, an improvement in accuracy of approximately 4% could be achieved. However, the computation time has been 23 times higher, compared to an optimization based on the Levenberg-Marquardt algorithm. Taking Bayesian Regulari- zation into consideration, the Hessian of the second order partial derivatives has to be computed to deﬁne the curvature of a function and compute the gradient."
Gao2025,"Multi-objective optimization and posteriori multi-criteria decision making on an integrative solid oxide fuel cell cooling, heating and power system with semi-empirical model-driven co-simulation",doe,,0,,,no,no,
Zheng20231907,Distributed Dispatch of Integrated Electricity-Heat Systems With Variable Mass Flow,family,1,10,abstract,,yes,no,"Therefore, this paper proposes a two-stage alternating procedure embedded with sequential equivalent techniques. A feasible initial point is obtained in the first stage, and the total costs are minimized thereafter. In each iteration, the heat sector optimizes both hydraulic and thermal states based on a surrogate model, and submits the heat equivalent to the electricity sector; the electricity sector solves the reduced IEHS dispatch problem and then updates the boundary."
Zheng20231907,Distributed Dispatch of Integrated Electricity-Heat Systems With Variable Mass Flow,family,2,8,pdf,1,yes,no,"Therefore, this paper proposes a two-stage alternating procedure embedded with sequential equivalent techniques. A feasible initial point is obtained in the ﬁrst stage, and the total costs are minimized there- after. In each iteration, the heat sector optimizes both hydraulic and thermal states based on a surrogate model, and submits the heat equivalent to the electricity sector; the electricity sector solves the reduced IEHS dispatch problem and then updates the boundary."
Zheng20231907,Distributed Dispatch of Integrated Electricity-Heat Systems With Variable Mass Flow,family,3,7,pdf,10,no,yes,"4) Accuracy Validation of Surrogate Thermal Dynamic Model: The rationale for adopting the surrogate model in distributed VF-VT is to be veriﬁed here. The simulation is conducted by investigating whether the surrogate model in Section V-A can capture the true thermal dynamic of the exact node-method model that prevails in existing literature (e.g., refs. [ 7], [ 8], [ 10], [ 12], [ 13], [ 24]). The results obtained by both the surrogate and the exact models are visualized in Fig."
Zheng20231907,Distributed Dispatch of Integrated Electricity-Heat Systems With Variable Mass Flow,family,4,6,pdf,10,no,no,"The total costs of distributed VF-VT and centralized VF-VT are $108,467 and $133,269, respectively. As for the computational performance, 5 iterations cost dis- tributed VF-VT 47.86 seconds (versus 43.86 seconds elapsed in centralized VF-VT). 4) Accuracy Validation of Surrogate Thermal Dynamic Model: The rationale for adopting the surrogate model in distributed VF-VT is to be veriﬁed here."
Zheng20231907,Distributed Dispatch of Integrated Electricity-Heat Systems With Variable Mass Flow,family,5,5,abstract,,no,no,"A feasible initial point is obtained in the first stage, and the total costs are minimized thereafter. In each iteration, the heat sector optimizes both hydraulic and thermal states based on a surrogate model, and submits the heat equivalent to the electricity sector; the electricity sector solves the reduced IEHS dispatch problem and then updates the boundary. The feasibility is proved theoretically, while numerical tests validate the effectiveness. © 2010-2012 IEEE."
Zheng20231907,Distributed Dispatch of Integrated Electricity-Heat Systems With Variable Mass Flow,family,6,5,abstract,,no,no,"In each iteration, the heat sector optimizes both hydraulic and thermal states based on a surrogate model, and submits the heat equivalent to the electricity sector; the electricity sector solves the reduced IEHS dispatch problem and then updates the boundary. The feasibility is proved theoretically, while numerical tests validate the effectiveness. © 2010-2012 IEEE."
Zheng20231907,Distributed Dispatch of Integrated Electricity-Heat Systems With Variable Mass Flow,family,7,4,pdf,10,no,yes,"As for the computational performance, 5 iterations cost dis- tributed VF-VT 47.86 seconds (versus 43.86 seconds elapsed in centralized VF-VT). 4) Accuracy Validation of Surrogate Thermal Dynamic Model: The rationale for adopting the surrogate model in distributed VF-VT is to be veriﬁed here. The simulation is conducted by investigating whether the surrogate model in Section V-A can capture the true thermal dynamic of the exact node-method model that prevails in existing literature (e.g., refs. [ 7], [ 8], [ 10], [ 12], [ 13], [ 24])."
Zheng20231907,Distributed Dispatch of Integrated Electricity-Heat Systems With Variable Mass Flow,family,8,4,pdf,7,no,no,"To devise a practical solution, we investigate a sur- rogate model to describe the heat dynamics. Then (P1-H) is approximated as a continuous nonlinear program by replacing the node method equations with the surrogate thermal dynamic equations, which can be readily solved by commercial solvers. Surrogate Thermal Dynamic Model Basically, the node method is developed by discretizing the solution of the following partial differential equation [ 28] that describes the thermal dynamics: cρA b ∂τ ∂t + cm∂τ ∂x + λb ( τ− τA ) = 0, ∀b (34) where x measures the distance from the starting end of pipeline b and τA denotes the ambient temperature."
Zheng20231907,Distributed Dispatch of Integrated Electricity-Heat Systems With Variable Mass Flow,family,9,4,pdf,7,no,no,"Then (P1-H) is approximated as a continuous nonlinear program by replacing the node method equations with the surrogate thermal dynamic equations, which can be readily solved by commercial solvers. Surrogate Thermal Dynamic Model Basically, the node method is developed by discretizing the solution of the following partial differential equation [ 28] that describes the thermal dynamics: cρA b ∂τ ∂t + cm∂τ ∂x + λb ( τ− τA ) = 0, ∀b (34) where x measures the distance from the starting end of pipeline b and τA denotes the ambient temperature. Note that ( 34)i s not discretized yet and therefore there are no subscripts b and t in the mass ﬂow temperature variable τ and the mass ﬂow variable m."
Zheng20231907,Distributed Dispatch of Integrated Electricity-Heat Systems With Variable Mass Flow,family,10,4,pdf,7,no,no,"Surrogate Thermal Dynamic Model Basically, the node method is developed by discretizing the solution of the following partial differential equation [ 28] that describes the thermal dynamics: cρA b ∂τ ∂t + cm∂τ ∂x + λb ( τ− τA ) = 0, ∀b (34) where x measures the distance from the starting end of pipeline b and τA denotes the ambient temperature. Note that ( 34)i s not discretized yet and therefore there are no subscripts b and t in the mass ﬂow temperature variable τ and the mass ﬂow variable m. To remove the non-elementary function ( 2) and the compli- cating dynamic vector ξ, a surrogate thermal dynamic model is derived here by approximating the partial derivatives in (34) with a ﬁrst-order difference: ⎧ ⎪⎪ ⎪ ⎪ ⎪ ⎨ ⎪⎪ ⎪ ⎪ ⎪ ⎩ cρA b [ 0.5 ( τPS,in b,t + τPS,out b,t ) − 0.5 ( τPS,in b,t−1 + τPS,out b,t−1 )] + cm ( τPS,out b,t − τPS,in b,t ) /Lb + λb [ 0.5 ( τPS,in b,t + τPS,out b,t ) − τA ] = 0,∀b, t cρAb [ 0.5 ( τPR,in b,t + τPR,out b,t ) − 0.5 ( τPR,in b,t−1 + τPR,out b,t−1 )] + cm ( τPR,out b,t − τPR,in b,t ) /Lb + λb [ 0.5 ( τPR,in b,t + τPR,out b,t ) − τA ] = 0,∀b, t (35) where we approximate ∂τ/∂t by referring to the average tem- perature of pipeline b, and τPS,in b,t /τPS,out b,t and τPR,in b,t /τPR,out b,t denote mass ﬂow temperature at the inlet/outlet of pipeline b at period t, respectively."
Faraji2020157284,Optimal day-ahead self-scheduling and operation of prosumer microgrids using hybrid machine learning-based weather and load forecasting,pattern,1,9,pdf,10,no,no,"PDR=˜PLt+ e×˜PLt× (K RTP t − K TOU t ) K TOU t (32) D. PROPOSED OPTIMIZATION PROBLEM The main purpose of the proposed method is to optimize the operation and scheduling of the PMG, which results in the minimized operation cost. Hence, it is necessary to explain the proposed optimization problem, including the OF, constraints, and details about how the proposed optimization problem is solved."
Faraji2020157284,Optimal day-ahead self-scheduling and operation of prosumer microgrids using hybrid machine learning-based weather and load forecasting,pattern,2,9,pdf,10,no,no,"PROPOSED OPTIMIZATION PROBLEM The main purpose of the proposed method is to optimize the operation and scheduling of the PMG, which results in the minimized operation cost. Hence, it is necessary to explain the proposed optimization problem, including the OF, constraints, and details about how the proposed optimization problem is solved. The proposed OF consists of three cost terms: • Power exchange cost; • Emission cost; and • BSS’s loss of life (degradation) cost."
Faraji2020157284,Optimal day-ahead self-scheduling and operation of prosumer microgrids using hybrid machine learning-based weather and load forecasting,pattern,3,9,pdf,21,no,no,"Benbouzid, ‘‘Day-ahead optimization of prosumer considering battery depreciation and weather prediction for renewable energy sources,’’ Appl. Catalao, ‘‘Optimal day-ahead scheduling and operation of the prosumer by considering corrective actions based on very short-term load forecasting,’’ IEEE Access, vol. Lu, ‘‘Optimal load dispatch of commu- nity microgrid with deep learning based solar power and load forecasting,’’ Energy, vol."
Faraji2020157284,Optimal day-ahead self-scheduling and operation of prosumer microgrids using hybrid machine learning-based weather and load forecasting,pattern,4,6,pdf,10,no,no,"Hence, it is necessary to explain the proposed optimization problem, including the OF, constraints, and details about how the proposed optimization problem is solved. The proposed OF consists of three cost terms: • Power exchange cost; • Emission cost; and • BSS’s loss of life (degradation) cost. The mathematical expression of the proposed OF has been shown in (33)."
Faraji2020157284,Optimal day-ahead self-scheduling and operation of prosumer microgrids using hybrid machine learning-based weather and load forecasting,pattern,5,6,pdf,18,no,no,"Faraji et al.: Optimal Day-Ahead Self-Scheduling and Operation of Prosumer Microgrids FIGURE 11. Optimization results of PMG under Case 2: (a) Exchanged power with the main grid; (b) Charging/discharging power of BSS; (c) BSS SOC. is not signiﬁcant for a single day, the proposed approach in a longer period such as one month would signiﬁcantly decrease the PMG’s operation cost by accurate forecasting results. Moreover, optimization results, including the system operation cost, are severely dependent on uncertainties of weather and load values."
Faraji2020157284,Optimal day-ahead self-scheduling and operation of prosumer microgrids using hybrid machine learning-based weather and load forecasting,pattern,6,6,pdf,18,no,no,"Optimization results of PMG under Case 2: (a) Exchanged power with the main grid; (b) Charging/discharging power of BSS; (c) BSS SOC. is not signiﬁcant for a single day, the proposed approach in a longer period such as one month would signiﬁcantly decrease the PMG’s operation cost by accurate forecasting results. Moreover, optimization results, including the system operation cost, are severely dependent on uncertainties of weather and load values. Hence, the PMG’s operation cost might be affected due to inaccurate predicted uncertain data."
Faraji2020157284,Optimal day-ahead self-scheduling and operation of prosumer microgrids using hybrid machine learning-based weather and load forecasting,pattern,7,6,pdf,19,no,no,"Optimization results based on the proposed methods are shown in Fig. 13a, less electricity is purchased from the main grid during peak hours of the day, FIGURE 13. Optimization results of PMG under Case 3: (a) Exchanged power with the main grid; (b) Charging/discharging power of BSS; (c) BSS SOC. which has brought ﬁnancial proﬁts to the PMG."
Faraji2020157284,Optimal day-ahead self-scheduling and operation of prosumer microgrids using hybrid machine learning-based weather and load forecasting,pattern,8,6,pdf,21,no,no,"Li, ‘‘Day-ahead optimal operation for multi-energy residential systems with renewables,’’ IEEE Trans. Benbouzid, ‘‘Day-ahead optimization of prosumer considering battery depreciation and weather prediction for renewable energy sources,’’ Appl. Catalao, ‘‘Optimal day-ahead scheduling and operation of the prosumer by considering corrective actions based on very short-term load forecasting,’’ IEEE Access, vol."
Faraji2020157284,Optimal day-ahead self-scheduling and operation of prosumer microgrids using hybrid machine learning-based weather and load forecasting,pattern,9,6,pdf,5,no,no,"The remainder of this paper is organized in the following manner: Section 2 represents an overview of the understudy system. Section 3 presents the mathematical formulation of the proposed forecasting approach and optimization prob- lem. The forecasting and optimization results are shown in Section 4, and the ﬁnal section draws the conclusions."
Faraji2020157284,Optimal day-ahead self-scheduling and operation of prosumer microgrids using hybrid machine learning-based weather and load forecasting,pattern,10,6,pdf,5,no,no,"Section 3 presents the mathematical formulation of the proposed forecasting approach and optimization prob- lem. The forecasting and optimization results are shown in Section 4, and the ﬁnal section draws the conclusions. 1a shows the conceptual structure of the understudy energy system, including the prosumer interactions and EMS."
Nematollahi2021,Sizing and sitting of DERs in active distribution networks incorporating load prevailing uncertainties using probabilistic approaches,pattern,1,15,pdf,17,no,no,"In this respect, for each uncertain parameter, 1000 stochastic samples are generated randomly. To solve the stochastic problem, the following step-by-step procedure is considered: • Step 1—Generation of 1000 samples for each uncertain optimization variable. • Step 2—The stochastic generation of a set of solutions for optimization variables. • Step 3—The selection of a set of optimization variables. • Step 4—Test the grid’s performance for 1000 samples using the Monte Carlo approach and checking all constraints for 1000 plausible scenarios. • Step 5—The calculation of the objective function (if the constraints are met). • Step 6—Check convergence and termination conditions. If it is converged, then go to step 9. • Step 7—The change of optimization variables based on the optimization method. • Step 8—Go to step 3. • Step 9—End."
Nematollahi2021,Sizing and sitting of DERs in active distribution networks incorporating load prevailing uncertainties using probabilistic approaches,pattern,2,15,pdf,17,no,no,"To solve the stochastic problem, the following step-by-step procedure is considered: • Step 1—Generation of 1000 samples for each uncertain optimization variable. • Step 2—The stochastic generation of a set of solutions for optimization variables. • Step 3—The selection of a set of optimization variables. • Step 4—Test the grid’s performance for 1000 samples using the Monte Carlo approach and checking all constraints for 1000 plausible scenarios. • Step 5—The calculation of the objective function (if the constraints are met). • Step 6—Check convergence and termination conditions. If it is converged, then go to step 9. • Step 7—The change of optimization variables based on the optimization method. • Step 8—Go to step 3. • Step 9—End. Table 4 outlines the results of the design of the microgrid with the incorporation of uncertainties."
Nematollahi2021,Sizing and sitting of DERs in active distribution networks incorporating load prevailing uncertainties using probabilistic approaches,pattern,3,12,pdf,1,no,no,"In order to solve the optimization problem, the lightning attachment procedure optimization (LAPO) and artiﬁcial bee colony (ABC) methods are employed, and the results are compared. The results imply the more effectiveness and priority of the LAPO approach in comparison with ABC in convergence speed and the accuracy of solution-ﬁnding. Keywords: microgrid; optimization; lightning attachment procedure optimization (LAPO) algorithm; photovoltaic panel; uncertainty 1."
Nematollahi2021,Sizing and sitting of DERs in active distribution networks incorporating load prevailing uncertainties using probabilistic approaches,pattern,4,9,pdf,17,no,no,"In order to solve the stochastic problem, the Monte Carlo approach is employed. In this respect, for each uncertain parameter, 1000 stochastic samples are generated randomly. To solve the stochastic problem, the following step-by-step procedure is considered: • Step 1—Generation of 1000 samples for each uncertain optimization variable. • Step 2—The stochastic generation of a set of solutions for optimization variables. • Step 3—The selection of a set of optimization variables. • Step 4—Test the grid’s performance for 1000 samples using the Monte Carlo approach and checking all constraints for 1000 plausible scenarios. • Step 5—The calculation of the objective function (if the constraints are met). • Step 6—Check convergence and termination conditions."
Nematollahi2021,Sizing and sitting of DERs in active distribution networks incorporating load prevailing uncertainties using probabilistic approaches,pattern,5,8,abstract,,no,no,"Therefore, the considered problem in this study is to determine the optimal size and placement for generation sources simultaneously for a microgrid with the objectives of minimization of cost of generation resources along with mitigation of power losses. In order to deal with uncertainties of PV generation and load forecasting, the lognormal distribution model and Gaussian process quantile regression (GPQR) approaches are employed. In order to solve the optimization problem, the lightning attachment procedure optimization (LAPO) and artificial bee colony (ABC) methods are employed, and the results are compared."
Nematollahi2021,Sizing and sitting of DERs in active distribution networks incorporating load prevailing uncertainties using probabilistic approaches,pattern,6,6,pdf,1,no,no,"In order to deal with uncertainties of PV generation and load forecasting, the lognormal distribution model and Gaussian process quantile regression (GPQR) approaches are employed. In order to solve the optimization problem, the lightning attachment procedure optimization (LAPO) and artiﬁcial bee colony (ABC) methods are employed, and the results are compared. The results imply the more effectiveness and priority of the LAPO approach in comparison with ABC in convergence speed and the accuracy of solution-ﬁnding."
Nematollahi2021,Sizing and sitting of DERs in active distribution networks incorporating load prevailing uncertainties using probabilistic approaches,pattern,7,6,pdf,10,no,no,"The paradigm of the proposed scheme. Lightning Attachment Procedure Optimization (LAPO) Method This algorithm was inspired by the procedure of lightning the attachment process to the ground or any type of earthed object. In order to simulate this optimization algorithm, at ﬁrst, some test points are considered on a cloud or the ground as the initial population."
Nematollahi2021,Sizing and sitting of DERs in active distribution networks incorporating load prevailing uncertainties using probabilistic approaches,pattern,8,6,pdf,10,no,no,"Lightning Attachment Procedure Optimization (LAPO) Method This algorithm was inspired by the procedure of lightning the attachment process to the ground or any type of earthed object. In order to simulate this optimization algorithm, at ﬁrst, some test points are considered on a cloud or the ground as the initial population. By increasing the electric ﬁeld at the points on the cloud, the streamer channels begin to break down the air and move toward the ground, which is called a downward leader."
Nematollahi2021,Sizing and sitting of DERs in active distribution networks incorporating load prevailing uncertainties using probabilistic approaches,pattern,9,6,pdf,17,no,no,"If it is converged, then go to step 9. • Step 7—The change of optimization variables based on the optimization method. • Step 8—Go to step 3. • Step 9—End. Table 4 outlines the results of the design of the microgrid with the incorporation of uncertainties. The results of optimal sizing of test grids incorporating uncertainties of demand and solar radiation and the consideration of the maximum cost of stochastic scenarios as the objective function."
Nematollahi2021,Sizing and sitting of DERs in active distribution networks incorporating load prevailing uncertainties using probabilistic approaches,pattern,10,5,abstract,,no,yes,"In order to solve the optimization problem, the lightning attachment procedure optimization (LAPO) and artificial bee colony (ABC) methods are employed, and the results are compared. The results imply the more effectiveness and priority of the LAPO approach in comparison with ABC in convergence speed and the accuracy of solutionfinding. © 2021 by the authors."
Wang20192635,Neural networks for power management optimal strategy in hybrid microgrid,pattern,1,10,abstract,,yes,no,"This paper proposes a more reasonable objective function for combined economic emission dispatch problem. To solve it, Lagrange programming neural network (LPNN) is utilized to obtain optimal scheduling of a hybrid microgrid, which includes power generation resources, variable demands and energy storage system for energy storing and supplying."
Wang20192635,Neural networks for power management optimal strategy in hybrid microgrid,pattern,2,9,pdf,1,no,no,"In addition, a new method by radial basis function neural network is proposed to predict the power values of renewable energy and load demand, which are used as the input values in the optimal process. Keywords Hybrid microgrid /C1 RBF neural network prediction /C1 Quadratic optimization /C1 Lagrange programming neural network /C1 Renewable energy sources 1 Introduction Quadratic programming (QP) problems appear from many practical applications such as portfolio, least squares esti- mation (LSE) and sequential quadratic programming (SQP). Apart from its wide applicability, from a method- ological point of view, quadratic programming is also interesting because certain nonlinear optimization prob- lems are based on it."
Wang20192635,Neural networks for power management optimal strategy in hybrid microgrid,pattern,3,9,pdf,9,no,no,"7 Simulation results 7.1 The results of LPNN approach As is known to us all, many optimization problems exist in MG system including optimal power dispatching, real-time price optimization and so on. In this paper, LPNN is applied to deal with the optimization problem of PMS in a MG system."
Wang20192635,Neural networks for power management optimal strategy in hybrid microgrid,pattern,4,8,pdf,1,yes,no,"ORIGINAL ARTICLE Neural networks for power management optimal strategy in hybrid microgrid Tiancai Wang 1 • Xing He 1 • Ting Deng 1 Received: 1 February 2017 / Accepted: 4 October 2017 / Published online: 19 October 2017 /C211The Natural Computing Applications Forum 2017 Abstract This paper proposes a more reasonable objective function for combined economic emission dispatch prob- lem. To solve it, Lagrange programming neural network (LPNN) is utilized to obtain optimal scheduling of a hybrid microgrid, which includes power generation resources, variable demands and energy storage system for energy storing and supplying."
Wang20192635,Neural networks for power management optimal strategy in hybrid microgrid,pattern,5,7,pdf,1,no,no,"Equipped with energy storage system and nature resources in MGs, demand response and thermal optimization are supported by a monitoring strategy. With a focus on the dispatch problem of smart appliances, Li et al. [ 22] investigated the sparse load shifting in demand-side by a distributed algo- rithm introduced. Over the years, solving constrained optimization prob- lems using neural network was in deep research."
Wang20192635,Neural networks for power management optimal strategy in hybrid microgrid,pattern,6,7,pdf,1,no,no,"With a focus on the dispatch problem of smart appliances, Li et al. [ 22] investigated the sparse load shifting in demand-side by a distributed algo- rithm introduced. Over the years, solving constrained optimization prob- lems using neural network was in deep research. Com- bining back propagation neural network (BPNN) with traditional genetic algorithm (GA), Huang et al. [ 23] pro- posed a new optimization method."
Wang20192635,Neural networks for power management optimal strategy in hybrid microgrid,pattern,7,6,pdf,1,no,no,"The asymptotic stability condition of the neurodynamic model is analyzed, and simulation results show that optimal power of each component with certain time interval can be obtained. In addition, a new method by radial basis function neural network is proposed to predict the power values of renewable energy and load demand, which are used as the input values in the optimal process. Keywords Hybrid microgrid /C1 RBF neural network prediction /C1 Quadratic optimization /C1 Lagrange programming neural network /C1 Renewable energy sources 1 Introduction Quadratic programming (QP) problems appear from many practical applications such as portfolio, least squares esti- mation (LSE) and sequential quadratic programming (SQP)."
Wang20192635,Neural networks for power management optimal strategy in hybrid microgrid,pattern,8,5,abstract,,no,no,"Combining variable neurons with Lagrange neurons, the LPNN aims to minimize the cost function and maximize the power generated by the renewable sources. The asymptotic stability condition of the neurodynamic model is analyzed, and simulation results show that optimal power of each component with certain time interval can be obtained. In addition, a new method by radial basis function neural network is proposed to predict the power values of renewable energy and load demand, which are used as the input values in the optimal process. © 2017, The Natural Computing Applications Forum."
Wang20192635,Neural networks for power management optimal strategy in hybrid microgrid,pattern,9,4,pdf,1,no,no,"Keywords Hybrid microgrid /C1 RBF neural network prediction /C1 Quadratic optimization /C1 Lagrange programming neural network /C1 Renewable energy sources 1 Introduction Quadratic programming (QP) problems appear from many practical applications such as portfolio, least squares esti- mation (LSE) and sequential quadratic programming (SQP). Apart from its wide applicability, from a method- ological point of view, quadratic programming is also interesting because certain nonlinear optimization prob- lems are based on it. Also, solving the quadratic problem in real time is necessary in practical application [ 1–3]."
Wang20192635,Neural networks for power management optimal strategy in hybrid microgrid,pattern,10,4,pdf,1,no,no,"Yang et al. [ 21] investigated a discrete- time neural network for solving convex QP problems in constrained model predictive control technology and implemented on a digital signal processor device. Equipped with energy storage system and nature resources in MGs, demand response and thermal optimization are supported by a monitoring strategy. With a focus on the dispatch problem of smart appliances, Li et al. [ 22] investigated the sparse load shifting in demand-side by a distributed algo- rithm introduced."
Rigo-Mariani20171762,Integrated optimal design of a smart microgrid with storage,validation,,0,,,no,no,
Dong2022,Optimization strategy based on robust model predictive control for RES-CCHP system under multiple uncertainties,pattern,1,15,pdf,1,no,no,"Applied Energy 325 (2022) 119707 Available online 5 September 2022 0306-2619/© 2022 Elsevier Ltd. Optimization strategy based on robust model predictive control for RES-CCHP system under multiple uncertainties Xing Dong , Chenghui Zhang * , Bo Sun School of Control Science and Engineering, Shandong University, Jingshi Road 17923, Jinan 250061, China HIGHLIGHTS • An integrated framework is constructed to coordinate prediction and optimization. • An optimization strategy based on robust model predictive control is proposed. • A min – max rolling optimization model of the RES-CCHP system is presented. • Source-load probability distribution is modeled by the Gaussian process regression. ARTICLE INFO Keywords: RES-CCHP system Multiple uncertainties Uncertain rolling optimization framework Robust model predictive control ABSTRACT The economic operation of renewable energy sources (RES) integrated with a combined cooling, heating, and power system significantly improves energy utilization and reduces environmental crises."
Dong2022,Optimization strategy based on robust model predictive control for RES-CCHP system under multiple uncertainties,pattern,2,15,pdf,1,no,no,"Optimization strategy based on robust model predictive control for RES-CCHP system under multiple uncertainties Xing Dong , Chenghui Zhang * , Bo Sun School of Control Science and Engineering, Shandong University, Jingshi Road 17923, Jinan 250061, China HIGHLIGHTS • An integrated framework is constructed to coordinate prediction and optimization. • An optimization strategy based on robust model predictive control is proposed. • A min – max rolling optimization model of the RES-CCHP system is presented. • Source-load probability distribution is modeled by the Gaussian process regression. ARTICLE INFO Keywords: RES-CCHP system Multiple uncertainties Uncertain rolling optimization framework Robust model predictive control ABSTRACT The economic operation of renewable energy sources (RES) integrated with a combined cooling, heating, and power system significantly improves energy utilization and reduces environmental crises. However, multiple uncertainties in RES generation and load consumption predictions cause an imbalance between supply and demand, negatively impacting system efficiency and economics."
Dong2022,Optimization strategy based on robust model predictive control for RES-CCHP system under multiple uncertainties,pattern,3,15,pdf,12,no,no,"Applied Energy 325 (2022) 119707 12 optimization, ESU adopts the scheduling determined by the day-ahead optimization. In day-ahead scheduling, the optimization objective is the operating costs, and the optimization constraints are system energy balance and equipment performance constraints, including Eqs. (1) – (14) and (25) – (28) . 10 shows the optimal power dispatch result by the RMPC-based OS combined with day-ahead scheduling of ESU."
Dong2022,Optimization strategy based on robust model predictive control for RES-CCHP system under multiple uncertainties,pattern,4,15,pdf,12,no,no,"RMPC-based optimal electricity dispatch combined with day-ahead scheduling of ES. Table 5 Operating costs of optimization with or without day-ahead optimization scheduling of ESU. Optimized strategy RMPC-based optimization with rolling dispatch of all equipment RMPC-based optimization with day-ahead scheduling of ESU Cost (CNY) 19,941 17,518 Table 6 Computational time for each time interval of OS."
Dong2022,Optimization strategy based on robust model predictive control for RES-CCHP system under multiple uncertainties,pattern,5,15,pdf,12,no,no,"Table 5 Operating costs of optimization with or without day-ahead optimization scheduling of ESU. Optimized strategy RMPC-based optimization with rolling dispatch of all equipment RMPC-based optimization with day-ahead scheduling of ESU Cost (CNY) 19,941 17,518 Table 6 Computational time for each time interval of OS. Computational time GPR-based prediction RMPC-based optimization Total time (15 min) Max (s) 6.5772 2.1167 8.6939 Table 7 Operating costs of different OSs."
Dong2022,Optimization strategy based on robust model predictive control for RES-CCHP system under multiple uncertainties,pattern,6,15,pdf,12,no,no,"Optimized strategy RMPC-based optimization with rolling dispatch of all equipment RMPC-based optimization with day-ahead scheduling of ESU Cost (CNY) 19,941 17,518 Table 6 Computational time for each time interval of OS. Computational time GPR-based prediction RMPC-based optimization Total time (15 min) Max (s) 6.5772 2.1167 8.6939 Table 7 Operating costs of different OSs. Optimized algorithm RMPC-based optimization TMPC-based optimization Operating costs (CNY) 17,518 19,789 X."
Dong2022,Optimization strategy based on robust model predictive control for RES-CCHP system under multiple uncertainties,pattern,7,15,pdf,3,no,no,"Therefore, to improve the robust and economic performance of the intraday operations of the RES-CCHP system under the multiple uncertainties of RES generation and load consumption, this study pro - poses an OS based on robust MPC (RMPC) and considers the uncertainty characteristics of source-load in the optimization modeling. The primary contributions of this study are summarized as follows: (1) An integrated uncertainty rolling optimization framework (ROF) that includes the probability distribution of prediction and un - certainty rolling optimization is established. Specifically, under the framework, forecasting and optimization are implemented on a rolling time horizon, and the probability distribution of pre - diction uses different time scales and can be corrected as per the system ’ s current state. (2) Based on the uncertainty ROF, an RMPC-based OS involving GPR- based source-load prediction and minimum – maximum (min - – max) rolling optimization is proposed."
Dong2022,Optimization strategy based on robust model predictive control for RES-CCHP system under multiple uncertainties,pattern,8,14,abstract,,no,no,"To address this limitation, an integrated uncertainty rolling optimization framework for combining the probability distribution of prediction and uncertainty optimization is established. Under this framework, an optimization strategy based on a robust model predictive control is proposed for handling the multiple uncertainties of source load. Here, the probability distributions of RES generation and load consumption predictions are determined using the Gaussian process regression method, and a minimum–maximum rolling optimization model is developed."
Dong2022,Optimization strategy based on robust model predictive control for RES-CCHP system under multiple uncertainties,pattern,9,12,pdf,12,no,no,"In day-ahead scheduling, the optimization objective is the operating costs, and the optimization constraints are system energy balance and equipment performance constraints, including Eqs. (1) – (14) and (25) – (28) . 10 shows the optimal power dispatch result by the RMPC-based OS combined with day-ahead scheduling of ESU. Table 5 presents the operating costs with or without day-ahead optimization scheduling of ESU."
Dong2022,Optimization strategy based on robust model predictive control for RES-CCHP system under multiple uncertainties,pattern,10,12,pdf,12,no,no,"The total maximum computational time of this OS is less than 15 min, which can ensure that the optimal scheduling results can be obtained within the scheduling interval. Due to the advantages of the day-ahead scheduling method in developing the ESU dispatch, in all subsequent RMPC optimization simulations, the ESU dispatch is given by the day-ahead scheduling method. 11 presents the optimal cooling dispatch result by the RMPC- based OS."
Tian2020,Short-term wind speed prediction based on LMD and improved FA optimized combined kernel function LSSVM,pattern,1,9,pdf,24,no,no,Coyote optimization algorithm: a new meta- heuristic for global optimization problems. In: 2018 IEEE Congress on Evolutionary Computation. Online load frequency control in wind integrated power systems using modified Jaya optimization.
Tian2020,Short-term wind speed prediction based on LMD and improved FA optimized combined kernel function LSSVM,pattern,2,8,pdf,3,yes,no,"At present, there is no definite theory and method to support how to determine the kernel function and the parameters of the kernel function. In order to improve the prediction accuracy of LSSVM and solve the problem of selecting the kernel function and the parameters of the kernel function in LSSVM algorithm, this paper uses global kernel function and local kernel function to construct the combined kernel function. The global kernel function is used to fit the distant correlation in the sample, and the local kernel function is used to approximate the correlation in the adjacent data domain, so as to improve the generalization ability of the LSSVM model."
Tian2020,Short-term wind speed prediction based on LMD and improved FA optimized combined kernel function LSSVM,pattern,3,8,pdf,3,yes,no,"In order to improve the prediction accuracy of LSSVM and solve the problem of selecting the kernel function and the parameters of the kernel function in LSSVM algorithm, this paper uses global kernel function and local kernel function to construct the combined kernel function. The global kernel function is used to fit the distant correlation in the sample, and the local kernel function is used to approximate the correlation in the adjacent data domain, so as to improve the generalization ability of the LSSVM model. In order to determine the optimal parameters of the combined kernel function LSSVM, an improved firefly algorithm (FA) is proposed to optimize the parameters."
Tian2020,Short-term wind speed prediction based on LMD and improved FA optimized combined kernel function LSSVM,pattern,4,6,pdf,17,no,no,"The parameters with the minimum fitness value are selected as the final optimization param- eters. The fitness curves of improved FA optimized three components in four prediction horizons with minimum fitness are as shown in Fig. After optimization, the optimal of parameters of each combined kernel function LSSVM is as shown in Table 5."
Tian2020,Short-term wind speed prediction based on LMD and improved FA optimized combined kernel function LSSVM,pattern,5,6,pdf,24,no,no,"Tian Engineering Applications of Artificial Intelligence 91 (2020) 103573 Pierezan, J., Dos Santos Coelho, L., 2018. Coyote optimization algorithm: a new meta- heuristic for global optimization problems."
Tian2020,Short-term wind speed prediction based on LMD and improved FA optimized combined kernel function LSSVM,pattern,6,6,pdf,24,no,no,"Tian Engineering Applications of Artificial Intelligence 91 (2020) 103573 Pierezan, J., Dos Santos Coelho, L., 2018. Coyote optimization algorithm: a new meta- heuristic for global optimization problems. In: 2018 IEEE Congress on Evolutionary Computation."
Tian2020,Short-term wind speed prediction based on LMD and improved FA optimized combined kernel function LSSVM,pattern,7,6,pdf,8,no,no,"In each iteration, the solution of the problem is further optimized. FA has the advantages of simple principle, few parameters, easy implementa- tion, strong global optimization ability and convergence ability (Kumar et al., 2017; Durbhaka et al., 2019). From a mathematical point of view, the optimization process of FA is described as follows."
Tian2020,Short-term wind speed prediction based on LMD and improved FA optimized combined kernel function LSSVM,pattern,8,6,pdf,8,no,no,"FA has the advantages of simple principle, few parameters, easy implementa- tion, strong global optimization ability and convergence ability (Kumar et al., 2017; Durbhaka et al., 2019). From a mathematical point of view, the optimization process of FA is described as follows. First, the relationship between firefly i’s absolute luminance 𝐼𝑖 and objective function value is built."
Tian2020,Short-term wind speed prediction based on LMD and improved FA optimized combined kernel function LSSVM,pattern,9,5,abstract,,no,no,"Accurate prediction of wind speed is of great significance to the operation and maintenance of wind farms, the optimal scheduling of turbines, and the safe and stable operation of power grids. A new prediction method for short-term wind speed based on local mean decomposition (LMD) and combined kernel function least squares support vector machine (LSSVM) is proposed."
Tian2020,Short-term wind speed prediction based on LMD and improved FA optimized combined kernel function LSSVM,pattern,10,3,pdf,1,no,no,"Engineering Applications of Artificial Intelligence 91 (2020) 103573 Contents lists available at ScienceDirect Engineering Applications of Artificial Intelligence journal homepage: www.elsevier.com/locate/engappai Short-term wind speed prediction based on LMD and improved FA optimized combined kernel function LSSVM✩ Zhongda Tian College of Information Science and Engineering, Shenyang University of Technology, Shenyang 110870, China A R T I C L E I N F O Keywords: Wind speed prediction Local mean decomposition Kernel function LSSVM Firefly algorithm A B S T R A C T Accurate prediction of wind speed is of great significance to the operation and maintenance of wind farms, the optimal scheduling of turbines, and the safe and stable operation of power grids. A new prediction method for short-term wind speed based on local mean decomposition (LMD) and combined kernel function least squares support vector machine (LSSVM) is proposed."
Yang2020415,A novel competitive swarm optimized RBF neural network model for short-term solar power generation forecasting,pattern,1,10,pdf,7,no,no,"Jin , A ﬁtness approximation assisted competitive swarm optimizer for large scale expensive optimization problems, Memetic Computing (2016) 1–12 . [31] Y. Zhu , A novel binary competitive swarm optimizer for power system unit commitment, Applied Sciences 9 (9) (2019) 1776 . [32] Y. Zhu , Demand side manage- ment of plug-in electric vehicles and coordinated unit commitment: A novel parallel competitive swarm optimization method, Energy Conversion and Man- agement 196 (2019) 935–949 . [33] J."
Yang2020415,A novel competitive swarm optimized RBF neural network model for short-term solar power generation forecasting,pattern,2,7,pdf,2,no,no,"Meta-heuristic algorithms (MAs) are powerful optimization tools that are immune from the problematic complexity and for- mulation. In the light of this, many featured MAs have been well adopted to optimize non-linear parameters of neural networks such as genetic algorithm (GA) [15] , particle swarm optimiza- tion(PSO) [16,17] , grey wolf optimizer [18] , biogeography-based op- timization (BBO) [19] , monarch butterﬂy optimization (MBO) [20] , whale optimization problem (WOA) [21] , glowworm swarm opti- mization (GSO) [22] , etc. Among various neural network models, radial basis function neural network is recognised for the sim- ple structure and strong approximation ability for non-linear be- haviours."
Yang2020415,A novel competitive swarm optimized RBF neural network model for short-term solar power generation forecasting,pattern,3,7,pdf,2,no,no,"The number of hidden layer is denoted as n . It could be noted that the featured non-linear function pa- rameters denoted in the euclidean distance equations and denom- inator, which calls for effective optimization method to determine. 2.2. competitive swarm optimization Competitive swarm optimization is one of featured bio-inspired algorithms [33] proposed by Cheng and Jin in 2015 [29] ."
Yang2020415,A novel competitive swarm optimized RBF neural network model for short-term solar power generation forecasting,pattern,4,7,pdf,2,no,no,"It could be noted that the featured non-linear function pa- rameters denoted in the euclidean distance equations and denom- inator, which calls for effective optimization method to determine. 2.2. competitive swarm optimization Competitive swarm optimization is one of featured bio-inspired algorithms [33] proposed by Cheng and Jin in 2015 [29] . The key learning operator mimics the bi-polar competition scheme where a couple of competitions are conducted between the winner and the loser, as well as between the mean value of the particle and the loser."
Yang2020415,A novel competitive swarm optimized RBF neural network model for short-term solar power generation forecasting,pattern,5,7,pdf,2,no,no,"2.2. competitive swarm optimization Competitive swarm optimization is one of featured bio-inspired algorithms [33] proposed by Cheng and Jin in 2015 [29] . The key learning operator mimics the bi-polar competition scheme where a couple of competitions are conducted between the winner and the loser, as well as between the mean value of the particle and the loser. The elegance of CSO method lies on that the compe- tition scheme could fully activate all the variables information in each dimension, due to which it is particularly effective in solving large scale and complex optimization problems."
Yang2020415,A novel competitive swarm optimized RBF neural network model for short-term solar power generation forecasting,pattern,6,7,pdf,7,no,no,"Mirjalili , Improved monarch butterﬂy optimization for unconstrained global search and neural network training, Applied Intelligence (2017) 1–20 . [21] I. Mirjalili , Optimizing connection weights in neural net- works using the whale optimization algorithm, Soft Computing 22 (1) (2018) 1–15 . [22] H. Wang , A novel single multiplicative neuron model trained by an improved glowworm swarm optimization algorithm for time se- ries prediction, Knowledge-Based Systems 88 (2015) 195–209 . [23] M."
Yang2020415,A novel competitive swarm optimized RBF neural network model for short-term solar power generation forecasting,pattern,7,7,pdf,7,no,no,"Jin , A competitive swarm optimizer for large scale optimization, IEEE Transactions on Cybernetics 45 (2) (2015) 191 . [30] C. Jin , A ﬁtness approximation assisted competitive swarm optimizer for large scale expensive optimization problems, Memetic Computing (2016) 1–12 . [31] Y. Zhu , A novel binary competitive swarm optimizer for power system unit commitment, Applied Sciences 9 (9) (2019) 1776 . [32] Y."
Yang2020415,A novel competitive swarm optimized RBF neural network model for short-term solar power generation forecasting,pattern,8,7,pdf,7,no,no,"Zhu , A novel binary competitive swarm optimizer for power system unit commitment, Applied Sciences 9 (9) (2019) 1776 . [32] Y. Zhu , Demand side manage- ment of plug-in electric vehicles and coordinated unit commitment: A novel parallel competitive swarm optimization method, Energy Conversion and Man- agement 196 (2019) 935–949 . [33] J. Herrera , Bio-inspired computation: Where we stand and what’s next, Swarm and Evolutionary Computation (2019) . [34] P."
Yang2020415,A novel competitive swarm optimized RBF neural network model for short-term solar power generation forecasting,pattern,9,7,pdf,7,no,no,"Zhu , Demand side manage- ment of plug-in electric vehicles and coordinated unit commitment: A novel parallel competitive swarm optimization method, Energy Conversion and Man- agement 196 (2019) 935–949 . [33] J. Herrera , Bio-inspired computation: Where we stand and what’s next, Swarm and Evolutionary Computation (2019) . [34] P. Roy , A modiﬁed competitive swarm optimizer for large scale optimization problems, Applied Soft Computing 59 (2017) 340–362 . [35] G."
Yang2020415,A novel competitive swarm optimized RBF neural network model for short-term solar power generation forecasting,pattern,10,7,pdf,7,no,no,"Roy , A modiﬁed competitive swarm optimizer for large scale optimization problems, Applied Soft Computing 59 (2017) 340–362 . [35] G. Shi , Orthogonal learning competitive swarm optimizer for eco- nomic dispatch problems, Applied Soft Computing 66 (2018) . [36] W.X. Zhang , A dynamic competitive swarm optimizer based-on entropy for large scale optimization, in: Eighth International Con- ference on Advanced Computational Intelligence, 2016, pp."
Shi2024,Short-term Load Forecasting Considering EV Charging Loads with Prediction Interval Evaluation,pattern,,0,,,no,no,
vahidinasab_overview_2020,Overview of Electric Energy Distribution Networks Expansion Planning,family,,0,,,no,no,
Lin2023,Data-driven method of solving computationally expensive combined economic/emission dispatch problems in large-scale power systems: an improved kriging-assisted optimization approach,pattern,1,15,pdf,1,no,no,"The effectiveness of this optimization method is demonstrated through simulations of IEEE 118-bus test system and IEEE 300-bus test system. KEYWORDS combined economic/emission dispatch, data-driven, genetic algorithm, surrogate model, computationally expensive optimization problems 1 Introduction In power systems, combined economic/emission dispatch (CEED) problem involves the minimizations of cost and emission while meeting load demand and satisfying operation constraints ( Xu et al., 2022 ). It is an optimization problem with strongly real-time requirements ( Li et al., 2020 )."
Lin2023,Data-driven method of solving computationally expensive combined economic/emission dispatch problems in large-scale power systems: an improved kriging-assisted optimization approach,pattern,2,12,pdf,1,no,no,"Finally, information about the Pareto front is used to guide individuals to search for better solutions. The effectiveness of this optimization method is demonstrated through simulations of IEEE 118-bus test system and IEEE 300-bus test system. KEYWORDS combined economic/emission dispatch, data-driven, genetic algorithm, surrogate model, computationally expensive optimization problems 1 Introduction In power systems, combined economic/emission dispatch (CEED) problem involves the minimizations of cost and emission while meeting load demand and satisfying operation constraints ( Xu et al., 2022 )."
Lin2023,Data-driven method of solving computationally expensive combined economic/emission dispatch problems in large-scale power systems: an improved kriging-assisted optimization approach,pattern,3,12,pdf,1,no,no,"KEYWORDS combined economic/emission dispatch, data-driven, genetic algorithm, surrogate model, computationally expensive optimization problems 1 Introduction In power systems, combined economic/emission dispatch (CEED) problem involves the minimizations of cost and emission while meeting load demand and satisfying operation constraints ( Xu et al., 2022 ). It is an optimization problem with strongly real-time requirements ( Li et al., 2020 ). Mathematical methods for solving it include nonlinear and linear programming methods ( Lai et al., 2022 )."
Lin2023,Data-driven method of solving computationally expensive combined economic/emission dispatch problems in large-scale power systems: an improved kriging-assisted optimization approach,pattern,4,11,pdf,15,yes,no,"5 Concluding remarks This paper proposes a novel data-driven Kriging-assisted method for solving CECEED problems. The optimization process includes two aspects. Kriging-based surrogate models are used to replace the original computationally expensive objective functions, reducing the evaluation time."
Lin2023,Data-driven method of solving computationally expensive combined economic/emission dispatch problems in large-scale power systems: an improved kriging-assisted optimization approach,pattern,5,9,pdf,1,no,yes,"Data-driven method of solving computationally expensive combined economic/emission dispatch problems in large-scale power systems: an improved kriging-assisted optimization approach Chenhao Lin, Huijun Liang*, Aokang Pang and Jianwei Zhong College of Intelligent Systems Science and Engineering, Hubei Minzu University, Enshi, China Combined economic/emission dispatch (CEED) is generally studied using analytical objective functions. However, for large-scale, high-dimension power systems, CEED problems are transformed into computationally expensive CEED (CECEED) problems, for which existing approaches are time-consuming and may not obtain satisfactory solutions. To overcome this problem, a novel data-driven surrogate-assisted method is introduced ﬁrstly."
Lin2023,Data-driven method of solving computationally expensive combined economic/emission dispatch problems in large-scale power systems: an improved kriging-assisted optimization approach,pattern,6,9,pdf,15,no,no,"The optimization process includes two aspects. Kriging-based surrogate models are used to replace the original computationally expensive objective functions, reducing the evaluation time. Additionally, the NSGA-II method is improved to enhance its ability to handle high-dimensional optimization problems."
Lin2023,Data-driven method of solving computationally expensive combined economic/emission dispatch problems in large-scale power systems: an improved kriging-assisted optimization approach,pattern,7,6,pdf,1,no,no,"Mathematical methods for solving it include nonlinear and linear programming methods ( Lai et al., 2022 ). Meta-heuristic algorithms are employed to solve it. For example, multi-objective hybrid bat algorithm (MHBA) ( Liang OPEN ACCESS EDITED BY Zhengmao Li, Aalto University, Finland REVIEWED BY Yikui Liu, Stevens Institute of Technology, United States Xiaodong Zheng, Southern Methodist University, United States *CORRESPONDENCE Huijun Liang, lhj@hbmzu.edu.cn RECEIVED 07 August 2023 ACCEPTED 23 August 2023 PUBLISHED 06 September 2023 CITATION Lin C, Liang H, Pang A and Zhong J (2023), Data-driven method of solving computationally expensive combined economic/emission dispatch problems in large-scale power systems: an improved kriging-assisted optimization approach."
Lin2023,Data-driven method of solving computationally expensive combined economic/emission dispatch problems in large-scale power systems: an improved kriging-assisted optimization approach,pattern,8,6,pdf,1,no,no,"Meta-heuristic algorithms are employed to solve it. For example, multi-objective hybrid bat algorithm (MHBA) ( Liang OPEN ACCESS EDITED BY Zhengmao Li, Aalto University, Finland REVIEWED BY Yikui Liu, Stevens Institute of Technology, United States Xiaodong Zheng, Southern Methodist University, United States *CORRESPONDENCE Huijun Liang, lhj@hbmzu.edu.cn RECEIVED 07 August 2023 ACCEPTED 23 August 2023 PUBLISHED 06 September 2023 CITATION Lin C, Liang H, Pang A and Zhong J (2023), Data-driven method of solving computationally expensive combined economic/emission dispatch problems in large-scale power systems: an improved kriging-assisted optimization approach. 11:1273760. doi: 10.3389/fenrg.2023.1273760 COPYRIGHT © 2023 Lin, Liang, Pang and Zhong."
Lin2023,Data-driven method of solving computationally expensive combined economic/emission dispatch problems in large-scale power systems: an improved kriging-assisted optimization approach,pattern,9,6,pdf,1,no,no,"For example, multi-objective hybrid bat algorithm (MHBA) ( Liang OPEN ACCESS EDITED BY Zhengmao Li, Aalto University, Finland REVIEWED BY Yikui Liu, Stevens Institute of Technology, United States Xiaodong Zheng, Southern Methodist University, United States *CORRESPONDENCE Huijun Liang, lhj@hbmzu.edu.cn RECEIVED 07 August 2023 ACCEPTED 23 August 2023 PUBLISHED 06 September 2023 CITATION Lin C, Liang H, Pang A and Zhong J (2023), Data-driven method of solving computationally expensive combined economic/emission dispatch problems in large-scale power systems: an improved kriging-assisted optimization approach. 11:1273760. doi: 10.3389/fenrg.2023.1273760 COPYRIGHT © 2023 Lin, Liang, Pang and Zhong. This is an open-access article distributed under the terms of the Creative Commons Attribution License (CC BY) ."
Lin2023,Data-driven method of solving computationally expensive combined economic/emission dispatch problems in large-scale power systems: an improved kriging-assisted optimization approach,pattern,10,6,pdf,12,no,no,"Compared with four algorithms, runtime is reduced by 59.49%, 94.90%, 94.88%, and 99.86%, respectively. K-NSGA-II requires only 296 evaluations. In the optimization process (in terms of the best fuel cost), the surrogate-based evolutions are executed 5,000 times."
Wu2021,Optimal bidding and scheduling of AA-CAES based energy hub considering cascaded consumption of heat,validation,,0,,,no,no,
Hu2021671,A Bayesian Approach for Estimating Uncertainty in Stochastic Economic Dispatch Considering Wind Power Penetration,pattern,1,14,pdf,1,yes,no,"1, JANUARY 2021 671 A Bayesian Approach for Estimating Uncertainty in Stochastic Economic Dispatch Considering Wind Power Penetration Zhixiong Hu , Yijun Xu , Member , IEEE,M e r tK o r k a l i, Senior Member , IEEE,X i a oC h e n , Lamine Mili , Life Fellow, IEEE, and Jaber V alinejad, Student Member , IEEE Abstract—The increasing penetration of renewable energy re- sources in power systems, represented as random processes, con- verts the traditional deterministic economic dispatch problem into a stochastic one. To estimate the uncertainty in the stochastic economic dispatch (SED) problem for the purpose of forecasting, the conventional Monte-Carlo (MC) method is prohibitively time- consuming for practical applications. To overcome this problem, we propose a novel Gaussian-process-emulator (GPE)-based ap- proach to quantify the uncertainty in SED considering wind power penetration."
Hu2021671,A Bayesian Approach for Estimating Uncertainty in Stochastic Economic Dispatch Considering Wind Power Penetration,pattern,2,13,abstract,,yes,no,"The increasing penetration of renewable energy resources in power systems, represented as random processes, converts the traditional deterministic economic dispatch problem into a stochastic one. To estimate the uncertainty in the stochastic economic dispatch (SED) problem for the purpose of forecasting, the conventional Monte-Carlo (MC) method is prohibitively time-consuming for practical applications. To overcome this problem, we propose a novel Gaussian-process-emulator (GPE)-based approach to quantify the uncertainty in SED considering wind power penetration."
Hu2021671,A Bayesian Approach for Estimating Uncertainty in Stochastic Economic Dispatch Considering Wind Power Penetration,pattern,3,10,abstract,,yes,no,"To estimate the uncertainty in the stochastic economic dispatch (SED) problem for the purpose of forecasting, the conventional Monte-Carlo (MC) method is prohibitively time-consuming for practical applications. To overcome this problem, we propose a novel Gaussian-process-emulator (GPE)-based approach to quantify the uncertainty in SED considering wind power penetration. Facing high-dimensional real-world data representing the correlated uncertainties from wind generation, a manifold-learning-based Isomap algorithm is proposed to efficiently represent the low-dimensional hidden probabilistic structure of the data."
Hu2021671,A Bayesian Approach for Estimating Uncertainty in Stochastic Economic Dispatch Considering Wind Power Penetration,pattern,4,9,pdf,1,no,no,"IEEE TRANSACTIONS ON SUSTAINABLE ENERGY , VOL. 1, JANUARY 2021 671 A Bayesian Approach for Estimating Uncertainty in Stochastic Economic Dispatch Considering Wind Power Penetration Zhixiong Hu , Yijun Xu , Member , IEEE,M e r tK o r k a l i, Senior Member , IEEE,X i a oC h e n , Lamine Mili , Life Fellow, IEEE, and Jaber V alinejad, Student Member , IEEE Abstract—The increasing penetration of renewable energy re- sources in power systems, represented as random processes, con- verts the traditional deterministic economic dispatch problem into a stochastic one. To estimate the uncertainty in the stochastic economic dispatch (SED) problem for the purpose of forecasting, the conventional Monte-Carlo (MC) method is prohibitively time- consuming for practical applications."
Hu2021671,A Bayesian Approach for Estimating Uncertainty in Stochastic Economic Dispatch Considering Wind Power Penetration,pattern,5,9,pdf,10,no,no,"Hedman, “Wind power dispatch margin for ﬂexible energy and reserve scheduling with in- creased wind generation,” IEEE Trans. Pazos, “Simulation of correlated wind speed data for economic dispatch evaluation,” IEEE Trans. Xu, “Economic load dispatch constrained by wind power availability: A here-and-now approach,” IEEE Trans."
Hu2021671,A Bayesian Approach for Estimating Uncertainty in Stochastic Economic Dispatch Considering Wind Power Penetration,pattern,6,8,pdf,10,yes,no,"If we use x11 and x12 to distinguish xi1 in #SE1 and #SE2, the joint samples of x11,x 12 can be gained by two steps: 1) Sample x11 from its KDE estimated density function 2) Sample x12 ∼N ( ˆβ0 +x11 ˆβ1, ˆσ2), where ˆβ0, ˆβ1, ˆσ2 are estimated intercept, slope, and mean squared error from the results of linear regression between x12 and x11, respectively. A yet another way to deal with correlations between #SE1 and #SE2 is to simply concatenate two 24-dimensional wind data together and use our GPE-Isomap method on the 48- dimensional concatenated data. Hedman, “Wind power dispatch margin for ﬂexible energy and reserve scheduling with in- creased wind generation,” IEEE Trans."
Hu2021671,A Bayesian Approach for Estimating Uncertainty in Stochastic Economic Dispatch Considering Wind Power Penetration,pattern,7,8,pdf,5,yes,no,"6) Nonlinear Dimension Recovery: Although we have ob- tained the low-dimensional embedding for the raw data, we are unable to directly inject the samples of these latent variables into our physics-based economic dispatch model, which requires an exact dimension for the input as praw. Therefore, the samples generated for the latent variables should be mapped back to the praw-dimensional space to calculate the realizations of the SED model. Since Isomap is unable to provide the inverse transformation from x to W, we propose to use the GPE to achieve this nonlinear inverse mapping."
Hu2021671,A Bayesian Approach for Estimating Uncertainty in Stochastic Economic Dispatch Considering Wind Power Penetration,pattern,8,8,pdf,8,yes,no,"Both of them well approximate the test system. However, KLE requires a 17-dimensional latent space while our GPE-Isomap method embeds P into only 9 latent variables. With the ability to explore much-lower-dimensional representations, our method has a great potential to handle larger-scale systems."
Hu2021671,A Bayesian Approach for Estimating Uncertainty in Stochastic Economic Dispatch Considering Wind Power Penetration,pattern,9,6,pdf,1,no,no,"This reduced-order representative allows us to evaluate the economic dispatch solver at sampled values with a negligible computational cost while main- taining a desirable accuracy. Simulation results conducted on the IEEE 118-bus test system reveal the impressive performance of the proposed method. Index Terms —Stochastic economic dispatch, reduced-order modeling, manifold learning, uncertainty estimation, renewable energy."
Hu2021671,A Bayesian Approach for Estimating Uncertainty in Stochastic Economic Dispatch Considering Wind Power Penetration,pattern,10,6,pdf,10,no,no,"A yet another way to deal with correlations between #SE1 and #SE2 is to simply concatenate two 24-dimensional wind data together and use our GPE-Isomap method on the 48- dimensional concatenated data. Hedman, “Wind power dispatch margin for ﬂexible energy and reserve scheduling with in- creased wind generation,” IEEE Trans. Pazos, “Simulation of correlated wind speed data for economic dispatch evaluation,” IEEE Trans."
Zhang2019270,Wind speed prediction method using Shared Weight Long Short-Term Memory Network and Gaussian Process Regression,pattern,1,6,pdf,7,no,no,"Finally, various features combi- nation are screened by GA using root mean square error (RMSE) as the fitnesstoobtainanoptimalfeaturecombination.Itshouldbenotedthat feature selection and neural network (such as LSTM, SWLSTM) para- meter training are both an iterative optimization problem. And the training of neural network is a relatively time consuming process. If the neural network method is used to calculate the RMSE, this would be a two-layer optimization problem and very time-consuming."
Zhang2019270,Wind speed prediction method using Shared Weight Long Short-Term Memory Network and Gaussian Process Regression,pattern,2,6,pdf,9,no,no,"All loss function curves are close to a horizontal line at a later stage, which indicates that setting the value of epochs to 2000 ensures that the five optimization algorithms can converge SWLSTM on all four datasets. From dataset 1 to 4, the Adam algorithm converges at ap- proximately 1500, 1400, 1200 and 1400 epoch, respectively. In each dataset, RMSE trained by Adam is the smallest, indicating that Adam can make SWLSTM converge best in five optimization algorithms. (a) Point prediction results of six models in Dataset 1 (b) Point prediction results of six models in Dataset 2 (c) Point prediction results of six models in Dataset 3 (d) Point prediction results of six models in Dataset 4 Fig."
Zhang2019270,Wind speed prediction method using Shared Weight Long Short-Term Memory Network and Gaussian Process Regression,pattern,3,3,pdf,10,no,no,"In summary, the comprehensive point prediction performance of SWLSTM-GPR is optimal among the six models. (2) Interval prediction result evaluation The interval prediction result evaluation is to verify the suitability of interval obtained by SWLSTM-GPR. In interval prediction, GPR and QR are used to compare with SWLSTM-GPR. In this study, confidence level is set as 95%."
Zhang2019270,Wind speed prediction method using Shared Weight Long Short-Term Memory Network and Gaussian Process Regression,pattern,4,3,pdf,10,no,no,"In summary, the comprehensive interval prediction performance of SWLSTM-GPR is optimal among the three models. (3) Probability prediction result evaluation The probability prediction result evaluation is to verify the com- prehensive performance of PDF obtained by SWLSTM-GPR and GPR. The probability prediction metrics in four datasets are shown in the Table 4. Since the CRPS evaluates the entire PDF, its results can include not only the results of point prediction and interval prediction, but also theoverallperformanceofthePDF.TheCRPSofSWLSTM-GPRisbetter than GPR in the Dataset 1–4."
Zhang2019270,Wind speed prediction method using Shared Weight Long Short-Term Memory Network and Gaussian Process Regression,pattern,5,3,pdf,6,no,no,"Squared exponentialkernel,linearkernelandpolynomialkernelareallcommon kernel functions. The formula of squared exponential kernel is as fol- lows. p1 and are adjustable parameters. = p x x p·exp( ( ) 2 )ij i j 1 2 2 (24) The posterior distribution of the predicted value yis y Y N y| ( ¯, ) y 2 (25) =y K K Y¯ 1 (26) = K K K Ky T2 1 (27) Therefore, the point prediction result of GPR is y¯and the interval prediction result corresponding to the 95% confidence level is +y y[¯ 1.96 , ¯ 1.96 ]y y . The probability density function ofi-th pre- dicted value is as follows: Table 5 Parameter details of six models. model symbol meaning value reason SWLSTM-GPR ni number of input layer nodes – number of feature inputs nh number of hidden layer nodes 8 common value [2,4,8,10,…] no number of output layer nodes 1 time series regression η fixed learning rate 0.01 common value [0.001,0.01,0.05,0.1,…] T size of batch 32 common value [8,16,32,50,100,…] Ep epochs of training 2000 converged kf kernel function Gaussian Function the same as GPR p1 parameter in Gaussian Function 2 the same as GPR p2 parameter in Gaussian Function 1 the same as GPR LSTM ni number of input layer nodes – the same as SWLSTM-GPR nh number of hidden layer nodes 8 the same as SWLSTM-GPR no number of output layer nodes 1 the same as SWLSTM-GPR η fixed learning rate 0.01 the same as SWLSTM-GPR T size of batch 32 the same as SWLSTM-GPR Ep epochs of training 2000 the same as SWLSTM-GPR GRU ni number of input layer nodes – the same as SWLSTM-GPR nh number of hidden layer nodes 8 the same as SWLSTM-GPR no number of output layer nodes 1 the same as SWLSTM-GPR η fixed learning rate 0.01 the same as SWLSTM-GPR T size of batch 32 the same as SWLSTM-GPR Ep epochs of training 2000 the same as SWLSTM-GPR GPR kf kernel function Gaussian Function a competitive kernel functions p1 parameter in Gaussian Function 2 obtained by GA in [−5,5] p2 parameter in Gaussian Function 1 obtained by GA in [−5,5] SVR kf kernel function Radial Basis Function a competitive kernel functions C parameter in Radial Basis Function of “sklearn”1 obtained by GA in [−5,5] QR kf kernel function of “statsmodels” Gaussian Function a competitive kernel functions Table 3 Optimization algorithm parameter settings. algorithm symbol meaning value Adagrad ε avoid dividing by zero 10−8 RMSprop Nesterov Adadelta γ momentum term parameter 0.9 ε avoid dividing by zero 10−8 Adam β1 biased first moment estimate parameter 0.9 β2 biased second raw moment estimate 0.999 ε avoid dividing by zero 10 −8 Table 4 Probability prediction metrics in four datasets. model Datas ets Dataset 1 Dataset 2 Dataset 3 Dataset 4 SWLSTM -GPR min 0.019 0.017 0.010 0.015 mean 0.019 0.018 0.012 0.016 max 0.022 0.027 0.017 0.026 GPR mean 0.029 0.021 0.022 0.020 Z."
Zhang2019270,Wind speed prediction method using Shared Weight Long Short-Term Memory Network and Gaussian Process Regression,pattern,6,3,pdf,6,no,no,"The formula of squared exponential kernel is as fol- lows. p1 and are adjustable parameters. = p x x p·exp( ( ) 2 )ij i j 1 2 2 (24) The posterior distribution of the predicted value yis y Y N y| ( ¯, ) y 2 (25) =y K K Y¯ 1 (26) = K K K Ky T2 1 (27) Therefore, the point prediction result of GPR is y¯and the interval prediction result corresponding to the 95% confidence level is +y y[¯ 1.96 , ¯ 1.96 ]y y . The probability density function ofi-th pre- dicted value is as follows: Table 5 Parameter details of six models. model symbol meaning value reason SWLSTM-GPR ni number of input layer nodes – number of feature inputs nh number of hidden layer nodes 8 common value [2,4,8,10,…] no number of output layer nodes 1 time series regression η fixed learning rate 0.01 common value [0.001,0.01,0.05,0.1,…] T size of batch 32 common value [8,16,32,50,100,…] Ep epochs of training 2000 converged kf kernel function Gaussian Function the same as GPR p1 parameter in Gaussian Function 2 the same as GPR p2 parameter in Gaussian Function 1 the same as GPR LSTM ni number of input layer nodes – the same as SWLSTM-GPR nh number of hidden layer nodes 8 the same as SWLSTM-GPR no number of output layer nodes 1 the same as SWLSTM-GPR η fixed learning rate 0.01 the same as SWLSTM-GPR T size of batch 32 the same as SWLSTM-GPR Ep epochs of training 2000 the same as SWLSTM-GPR GRU ni number of input layer nodes – the same as SWLSTM-GPR nh number of hidden layer nodes 8 the same as SWLSTM-GPR no number of output layer nodes 1 the same as SWLSTM-GPR η fixed learning rate 0.01 the same as SWLSTM-GPR T size of batch 32 the same as SWLSTM-GPR Ep epochs of training 2000 the same as SWLSTM-GPR GPR kf kernel function Gaussian Function a competitive kernel functions p1 parameter in Gaussian Function 2 obtained by GA in [−5,5] p2 parameter in Gaussian Function 1 obtained by GA in [−5,5] SVR kf kernel function Radial Basis Function a competitive kernel functions C parameter in Radial Basis Function of “sklearn”1 obtained by GA in [−5,5] QR kf kernel function of “statsmodels” Gaussian Function a competitive kernel functions Table 3 Optimization algorithm parameter settings. algorithm symbol meaning value Adagrad ε avoid dividing by zero 10−8 RMSprop Nesterov Adadelta γ momentum term parameter 0.9 ε avoid dividing by zero 10−8 Adam β1 biased first moment estimate parameter 0.9 β2 biased second raw moment estimate 0.999 ε avoid dividing by zero 10 −8 Table 4 Probability prediction metrics in four datasets. model Datas ets Dataset 1 Dataset 2 Dataset 3 Dataset 4 SWLSTM -GPR min 0.019 0.017 0.010 0.015 mean 0.019 0.018 0.012 0.016 max 0.022 0.027 0.017 0.026 GPR mean 0.029 0.021 0.022 0.020 Z. Applied Energy 247 (2019) 270–284 275"
Zhang2019270,Wind speed prediction method using Shared Weight Long Short-Term Memory Network and Gaussian Process Regression,pattern,7,3,pdf,6,no,no,"The probability density function ofi-th pre- dicted value is as follows: Table 5 Parameter details of six models. model symbol meaning value reason SWLSTM-GPR ni number of input layer nodes – number of feature inputs nh number of hidden layer nodes 8 common value [2,4,8,10,…] no number of output layer nodes 1 time series regression η fixed learning rate 0.01 common value [0.001,0.01,0.05,0.1,…] T size of batch 32 common value [8,16,32,50,100,…] Ep epochs of training 2000 converged kf kernel function Gaussian Function the same as GPR p1 parameter in Gaussian Function 2 the same as GPR p2 parameter in Gaussian Function 1 the same as GPR LSTM ni number of input layer nodes – the same as SWLSTM-GPR nh number of hidden layer nodes 8 the same as SWLSTM-GPR no number of output layer nodes 1 the same as SWLSTM-GPR η fixed learning rate 0.01 the same as SWLSTM-GPR T size of batch 32 the same as SWLSTM-GPR Ep epochs of training 2000 the same as SWLSTM-GPR GRU ni number of input layer nodes – the same as SWLSTM-GPR nh number of hidden layer nodes 8 the same as SWLSTM-GPR no number of output layer nodes 1 the same as SWLSTM-GPR η fixed learning rate 0.01 the same as SWLSTM-GPR T size of batch 32 the same as SWLSTM-GPR Ep epochs of training 2000 the same as SWLSTM-GPR GPR kf kernel function Gaussian Function a competitive kernel functions p1 parameter in Gaussian Function 2 obtained by GA in [−5,5] p2 parameter in Gaussian Function 1 obtained by GA in [−5,5] SVR kf kernel function Radial Basis Function a competitive kernel functions C parameter in Radial Basis Function of “sklearn”1 obtained by GA in [−5,5] QR kf kernel function of “statsmodels” Gaussian Function a competitive kernel functions Table 3 Optimization algorithm parameter settings. algorithm symbol meaning value Adagrad ε avoid dividing by zero 10−8 RMSprop Nesterov Adadelta γ momentum term parameter 0.9 ε avoid dividing by zero 10−8 Adam β1 biased first moment estimate parameter 0.9 β2 biased second raw moment estimate 0.999 ε avoid dividing by zero 10 −8 Table 4 Probability prediction metrics in four datasets. model Datas ets Dataset 1 Dataset 2 Dataset 3 Dataset 4 SWLSTM -GPR min 0.019 0.017 0.010 0.015 mean 0.019 0.018 0.012 0.016 max 0.022 0.027 0.017 0.026 GPR mean 0.029 0.021 0.022 0.020 Z. Applied Energy 247 (2019) 270–284 275"
Zhang2019270,Wind speed prediction method using Shared Weight Long Short-Term Memory Network and Gaussian Process Regression,pattern,8,3,pdf,7,no,no,"Algorithm 1 is the overall framework of SWLSTM-GPR. Algorithm 2 and 3 are the forward propagation and back propagation algorithm of SWLSTM, respectively. Algorithm 4 updates weights and bias using Adam optimization algorithm."
Zhang2019270,Wind speed prediction method using Shared Weight Long Short-Term Memory Network and Gaussian Process Regression,pattern,9,3,pdf,7,no,no,"Algorithm 2 and 3 are the forward propagation and back propagation algorithm of SWLSTM, respectively. Algorithm 4 updates weights and bias using Adam optimization algorithm. Algorithm 5 is the pseudo code of GPR."
Zhang2019270,Wind speed prediction method using Shared Weight Long Short-Term Memory Network and Gaussian Process Regression,pattern,10,3,pdf,7,no,no,"First,somealternativefeaturesneedtobelisted.Then,thesealternative features have two possibilities of being left and deleted, which corre- sponds to the 0–1 planning problem. Finally, various features combi- nation are screened by GA using root mean square error (RMSE) as the fitnesstoobtainanoptimalfeaturecombination.Itshouldbenotedthat feature selection and neural network (such as LSTM, SWLSTM) para- meter training are both an iterative optimization problem. And the training of neural network is a relatively time consuming process."
Babaeiyazdi2021,State of charge prediction of EV Li-ion batteries using EIS: A machine learning approach,pattern,,0,,,no,no,
Karamichailidou20212137,Wind turbine power curve modeling using radial basis function neural networks and tabu search,pattern,1,4,pdf,6,no,no,"Tabu search e non symmetric fuzzy means (TS-NSFM) algorithm 4.1. Standard tabu search Along with different approaches that ﬁnd application in the context of metaheuristic methods, such as genetic algorithms and particle swarm optimization, TS has also been designed to avoid being trapped in local optima by using heuristics to explore the so- lution space beyond local optimality. Its popularity has signi ﬁcantly grown during the last decades, as it is characterized as the most efﬁcient method for handling large scale optimization problems [45]."
Karamichailidou20212137,Wind turbine power curve modeling using radial basis function neural networks and tabu search,pattern,2,4,pdf,6,no,no,"Standard tabu search Along with different approaches that ﬁnd application in the context of metaheuristic methods, such as genetic algorithms and particle swarm optimization, TS has also been designed to avoid being trapped in local optima by using heuristics to explore the so- lution space beyond local optimality. Its popularity has signi ﬁcantly grown during the last decades, as it is characterized as the most efﬁcient method for handling large scale optimization problems [45]. TS can be thought as an iterative descent method, starting with a randomly generated initial solution and examining the neighbor- hood around it."
Karamichailidou20212137,Wind turbine power curve modeling using radial basis function neural networks and tabu search,pattern,3,3,pdf,14,no,no,"However, due to the fact that power generation by a wind turbine depends on various factors besides wind speed, it is reasonable for the ANN models to produce higher accuracy. This advantage gained by the ANN models in terms of accuracy when compared to cubic spline interpolation and the parametric model, is signi ﬁcant enough to justify the considerable increase in computational times needed by the formers. This in- crease can be attributed to the fact that both cubic spline interpo- lation and the parametric model use much simpler algorithms for ﬁtting compared to the ANNs, while they do not involve any structure optimization procedure."
Karamichailidou20212137,Wind turbine power curve modeling using radial basis function neural networks and tabu search,pattern,4,3,pdf,14,no,no,"This advantage gained by the ANN models in terms of accuracy when compared to cubic spline interpolation and the parametric model, is signi ﬁcant enough to justify the considerable increase in computational times needed by the formers. This in- crease can be attributed to the fact that both cubic spline interpo- lation and the parametric model use much simpler algorithms for ﬁtting compared to the ANNs, while they do not involve any structure optimization procedure. Finally, the manufacturer curve model is inferior to the rest of the power curve modeling techniques in terms of MAE values in the testing subset."
Karamichailidou20212137,Wind turbine power curve modeling using radial basis function neural networks and tabu search,pattern,5,3,pdf,15,no,no,"Proceedings of Second International Conference on Bio-Inspired Computing, Theories and Applications, 2007, pp. Rai, Optimized radial basis function neural network model for wind power prediction, in: 2016 Second International Conference on Cognitive Computing and Information Processing (CCIP), 2016, pp. Sarimveis, Radial basis function network training using a nonsymmetric partition of the input space and particle swarm optimization, IEEE Trans."
Karamichailidou20212137,Wind turbine power curve modeling using radial basis function neural networks and tabu search,pattern,6,3,pdf,15,no,no,"Rai, Optimized radial basis function neural network model for wind power prediction, in: 2016 Second International Conference on Cognitive Computing and Information Processing (CCIP), 2016, pp. Sarimveis, Radial basis function network training using a nonsymmetric partition of the input space and particle swarm optimization, IEEE Trans. Ninos, “RBF network training using a non- symmetric partition of the input space e application to an MPC con ﬁgura- tion, Adv."
Karamichailidou20212137,Wind turbine power curve modeling using radial basis function neural networks and tabu search,pattern,7,3,pdf,15,no,no,"Sarimveis, Radial basis function network training using a nonsymmetric partition of the input space and particle swarm optimization, IEEE Trans. Ninos, “RBF network training using a non- symmetric partition of the input space e application to an MPC con ﬁgura- tion, Adv. Chondrodima, A medical diagnostic tool based on radial basis function classi ﬁers and evolutionary simulated annealing, J."
Karamichailidou20212137,Wind turbine power curve modeling using radial basis function neural networks and tabu search,pattern,8,3,pdf,16,no,no,"Frandsen, RBKS, Systematic wind farm mea- surement data reinforcement tool for wake model calibration, in: European Offshore Wind Conference, 2009, pp. Yesilbudak, Partitional clustering-based outlier detection for power curve optimization of wind turbines ”, in: IEEE International Conference on Renewable Energy Research and Applications, 2016, pp. Schreck, Wind turbine power production and annual energy production depend on atmospheric stability and turbulence, Wind Energ."
Karamichailidou20212137,Wind turbine power curve modeling using radial basis function neural networks and tabu search,pattern,9,3,pdf,16,no,no,"Yesilbudak, Partitional clustering-based outlier detection for power curve optimization of wind turbines ”, in: IEEE International Conference on Renewable Energy Research and Applications, 2016, pp. Schreck, Wind turbine power production and annual energy production depend on atmospheric stability and turbulence, Wind Energ. Licata, Detecting outliers: do not use standard deviation around the mean, use absolute deviation around the median, J."
Karamichailidou20212137,Wind turbine power curve modeling using radial basis function neural networks and tabu search,pattern,10,1,pdf,10,no,no,"A two hidden layer structure was postulated for all MLP networks, and an exhaustive search procedure was used to determine the optimal number of neurons for each layer, testing the range [10 e20] for the ﬁrst hidden layer and the range [5 e15] for the second. More particularly, the ﬁrst variant concerns an MLP network trained using Levenberg-Marquardt back-propagation [ 54]; the particular con ﬁguration was selected as it constitutes one of the most popular methods for ANN training. The second variant con- cerns an MLP network trained with a state-of-the-art stochastic gradient-based optimization technique called ADAM, an approach that is proposed for WTPC modeling in Ref. [ 22]."
Sánchez-Zabala2024,Building energy performance metamodels for district energy management optimisation platforms,pattern,1,12,pdf,13,no,no,"In addition, optimization algorithms based on NSGA-II and PSO were defined, and the necessary testbed was implemented to integrate the metamodels with the optimization algorithms. The developed testbed enabled the identification of the heating setpoint hourly profile with a 24-hour prediction horizon, facilitating the optimization of the daily energy cost of the building. Thus, optimizing building 6L ’ s flexibility became an optimization problem of the 24-value vector defining the heating setpoint hourly profile, using the daily energy consumption of the building as the objective function."
Sánchez-Zabala2024,Building energy performance metamodels for district energy management optimisation platforms,pattern,2,10,pdf,13,no,no,"Due to space limitations, specific details concerning the parameter values used to fine-tune the employed stochastic algorithms (e.g., number of generations, population size, etc.) are omitted. 6 illustrates the conceptual high-level architecture of the developed testbed, showing the coupling between the metamodels and optimization algorithms, as well as the main information flows involved in the optimization process. For validation purposes and to establish the ground truth of the evaluated optimization problem, a second testbed was designed by coupling EnergyPlus models to the GenOpt [127] general-purpose optimization platform, thus emulating a physics-based model MPC so - lution."
Sánchez-Zabala2024,Building energy performance metamodels for district energy management optimisation platforms,pattern,3,10,pdf,13,no,yes,"6 illustrates the conceptual high-level architecture of the developed testbed, showing the coupling between the metamodels and optimization algorithms, as well as the main information flows involved in the optimization process. For validation purposes and to establish the ground truth of the evaluated optimization problem, a second testbed was designed by coupling EnergyPlus models to the GenOpt [127] general-purpose optimization platform, thus emulating a physics-based model MPC so - lution. 7 illustrates the conceptual architecture of this testbed, depicting the coupling of the model and optimization algorithm (PSO), as well as the existing information flows."
Sánchez-Zabala2024,Building energy performance metamodels for district energy management optimisation platforms,pattern,4,10,pdf,9,no,no,"Optimisation techniques Optimization algorithms can be categorized into various groups, including but not limited to deterministic or stochastic methods, derivative-based or derivative-free methods, trajectory or population- based methods, and single-objective or multi-objective algorithms [37] . Selecting the appropriate algorithm for a specific problem is crucial to achieve the highest accuracy and performance. The selection of optimization algorithms should consider both the nature of the problem and the features of the optimization method [33,37] ."
Sánchez-Zabala2024,Building energy performance metamodels for district energy management optimisation platforms,pattern,5,9,pdf,1,no,no,"Adaboost, Gradient Boosting and Extreme Gradient Boosting) with comparatively low use in the building simulation community. Finally, a virtual test bed consisting in metamodels coupled to an optimization engine based on genetic algorithms, was implemented, and compared to a traditional Physics-based model MPC solution (EnergyPlus-GENOPT), to evaluate the potential of the developed building level optimization functionalities. The metamodels and optimization engine were able to reproduce the optimized settings identified by the EnergyPlus-GENOPT MPC solution with cost savings potentials of 5 – 10%."
Sánchez-Zabala2024,Building energy performance metamodels for district energy management optimisation platforms,pattern,6,9,pdf,13,no,no,"The data from a series of preselected days was excluded from the training and testing datasets for later use in the optimization phase described below. The procedures for dataset normalization, data split to define training and testing datasets, generation of multi-step ahead predictions, hyperparameter fine tuning, used ML packages, and eval - uation of metamodel performance were all carried out according to the approaches described in the two preceding sections. In addition, optimization algorithms based on NSGA-II and PSO were defined, and the necessary testbed was implemented to integrate the metamodels with the optimization algorithms."
Sánchez-Zabala2024,Building energy performance metamodels for district energy management optimisation platforms,pattern,7,9,pdf,13,no,no,"The procedures for dataset normalization, data split to define training and testing datasets, generation of multi-step ahead predictions, hyperparameter fine tuning, used ML packages, and eval - uation of metamodel performance were all carried out according to the approaches described in the two preceding sections. In addition, optimization algorithms based on NSGA-II and PSO were defined, and the necessary testbed was implemented to integrate the metamodels with the optimization algorithms. The developed testbed enabled the identification of the heating setpoint hourly profile with a 24-hour prediction horizon, facilitating the optimization of the daily energy cost of the building."
Sánchez-Zabala2024,Building energy performance metamodels for district energy management optimisation platforms,pattern,8,9,pdf,4,no,no,"Therefore, the objective of the present work is to develop an enhanced version of the IDM concept by coupling metamodels of buildings with a DH infrastructure Modelica model for use as an energy prediction engine in district MPC solutions. This upgraded model offers integrated supply/demand side modeling, improved generalization ca - pacity, and reduced computational times, enabling the evaluation of numerous alternative operational strategies in real-time. To test this proposed solution, metamodels and optimization engines were devel - oped to generate demand flexibility optimization functionalities for the Table 1 References of metamodels use for building design/retrofitting optimization and model calibration."
Sánchez-Zabala2024,Building energy performance metamodels for district energy management optimisation platforms,pattern,9,8,abstract,,no,no,"In contrast, metamodels developed through the combined use of physics-based models and machine learning techniques offer a powerful alternative at reduced computational cost. This paper describes an upgraded Integrated District Model concept developed through co-simulation coupling metamodels of buildings with a district heating infrastructure Modelica model. Furthermore, the process to produce the metamodels and optimization engine required to generate demand flexibility optimization functionalities for the buildings of the Stepa Stepanovic subnetwork (Belgrade) is depicted."
Sánchez-Zabala2024,Building energy performance metamodels for district energy management optimisation platforms,pattern,10,8,abstract,,no,no,"This paper describes an upgraded Integrated District Model concept developed through co-simulation coupling metamodels of buildings with a district heating infrastructure Modelica model. Furthermore, the process to produce the metamodels and optimization engine required to generate demand flexibility optimization functionalities for the buildings of the Stepa Stepanovic subnetwork (Belgrade) is depicted. Starting from the development of metamodels of instances of specific buildings (residential and educational use) the process was expanded to provide additional generalization to define, (1) a generic metamodel with the capacity to reproduce the behaviour of any instance of building of the residential typology, and (2) metamodels with generalization capacity in relation to operational settings."
Du2025,Development of a robust data-driven surrogate model to improve energy flexibility of an integrated district heating system with a thermal storage system,pattern,1,10,abstract,,yes,no,"Data-driven surrogate models (SMs) are increasingly applied to optimize energy systems, yet the impact of dataset variability and diversity on model robustness is often overlooked in operational optimization. Phase change material (PCM) tanks can enhance energy flexibility of district heating (DH) systems, but an integrated strategy that considers both spot price fluctuations and peak demand remains underexplored. To bridge this research gap, this study presents a robust SM to enhance the performance of a DH system integrated with a data centre and a PCM thermal storage system."
Du2025,Development of a robust data-driven surrogate model to improve energy flexibility of an integrated district heating system with a thermal storage system,pattern,2,10,pdf,2,no,no,"These studies demonstrated the benefits of PCM storage in improving efficiency and reducing emissions and costs in DH systems. Regarding the design and optimization of an observed system, SMs, also known as metamodeling, reduced-order modeling, or proxy models, are designed to replace high-fidelity models [ 23 ]. These models have become essential in rapid design optimization, offering a computation - ally efficient alternative to traditional high-fidelity approaches [ 24 ]."
Du2025,Development of a robust data-driven surrogate model to improve energy flexibility of an integrated district heating system with a thermal storage system,pattern,3,10,pdf,2,no,no,"Regarding the design and optimization of an observed system, SMs, also known as metamodeling, reduced-order modeling, or proxy models, are designed to replace high-fidelity models [ 23 ]. These models have become essential in rapid design optimization, offering a computation - ally efficient alternative to traditional high-fidelity approaches [ 24 ]. They are particularly valuable in scenarios where fast decision-making is critical, as they can significantly reduce computational time without sacrificing accuracy [ 25 ]."
Du2025,Development of a robust data-driven surrogate model to improve energy flexibility of an integrated district heating system with a thermal storage system,pattern,4,10,pdf,2,no,no,"When integrated with the non-dominated sorting genetic algorithm II (NSGA-II) optimization algorithm, this SM enabled rapid optimization of key parameters, improving computational efficiency by 99.97 %. Ren et al. [ 29 ] proposed a data-driven surrogate optimization approach for optimal deployment of multi-energy storage systems at a cluster level, aiming to minimize energy bills for building clusters under demand response schemes. In Ref. [ 30 ], based on the TRNSYS simulation data, a proxy model was developed using an ANN toolbox to calculate cost-optimal solar collector areas under various scenarios."
Du2025,Development of a robust data-driven surrogate model to improve energy flexibility of an integrated district heating system with a thermal storage system,pattern,5,9,pdf,2,no,no,"This model required a smaller input set and dramatically reduced the time needed to derive retrofit solutions from 3.5 min to 16.4 μ s while maintaining high accuracy. These findings clearly demonstrated the benefits of SMs in design optimization, significantly reducing optimization time while maintaining high accuracy. Beyond enabling fast design optimization through SMs, some re - searchers explored prediction and operational control strategies, which can also offer valuable benefits through these models."
Du2025,Development of a robust data-driven surrogate model to improve energy flexibility of an integrated district heating system with a thermal storage system,pattern,6,9,pdf,3,no,no,"This strategy led to a 3 % decrease in electricity costs and a 23 % reduction in peak energy demand without compromising indoor temperature control. The results from the afore - mentioned studies indicated that employing data-driven SMs for design optimization, predictive tasks, and operational optimization can deliver substantial benefits and enhanced efficiency. However, the critical role of datasets in strengthening the robustness and stability of these models is often overlooked in most control optimization studies."
Du2025,Development of a robust data-driven surrogate model to improve energy flexibility of an integrated district heating system with a thermal storage system,pattern,7,9,pdf,3,no,no,"The results from the afore - mentioned studies indicated that employing data-driven SMs for design optimization, predictive tasks, and operational optimization can deliver substantial benefits and enhanced efficiency. However, the critical role of datasets in strengthening the robustness and stability of these models is often overlooked in most control optimization studies. Based on the above analysis, it is evident that TES can enhance the energy flexibility of hybrid DH systems, resulting in reduced operational costs and maximized system capacity."
Du2025,Development of a robust data-driven surrogate model to improve energy flexibility of an integrated district heating system with a thermal storage system,pattern,8,8,pdf,1,yes,no,"Development of a robust data-driven surrogate model to improve energy flexibility of an integrated district heating system with a thermal storage system Han Du a , Xinlei Zhou a , Natasa Nord b , Yale Carden c , Ping Cui d , Zhenjun Ma a , * a Sustainable Buildings Research Centre, University of Wollongong, NSW, 2522, Australia b Department of Energy and Process Engineering, Norwegian University of Science and Technology, Norway c Geoexchange Australia PTY Ltd., North Sydney, NSW, 2060, Australia d School of Thermal Engineering, Shandong Jianzhu University, 250101, Shandong, China ARTICLE INFO Keywords: District heating system PCM storage Surrogate model Energy flexibility Operational strategy ABSTRACT Data-driven surrogate models (SMs) are increasingly applied to optimize energy systems, yet the impact of dataset variability and diversity on model robustness is often overlooked in operational optimization. Phase change material (PCM) tanks can enhance energy flexibility of district heating (DH) systems, but an integrated strategy that considers both spot price fluctuations and peak demand remains underexplored. To bridge this research gap, this study presents a robust SM to enhance the performance of a DH system integrated with a data centre and a PCM thermal storage system."
Du2025,Development of a robust data-driven surrogate model to improve energy flexibility of an integrated district heating system with a thermal storage system,pattern,9,7,pdf,2,no,no,"The research emphasized the importance of selecting an appropriate PCM and identified an optimal melting temperature for achieving effi - cient hot water production. These studies demonstrated the benefits of PCM storage in improving efficiency and reducing emissions and costs in DH systems. Regarding the design and optimization of an observed system, SMs, also known as metamodeling, reduced-order modeling, or proxy models, are designed to replace high-fidelity models [ 23 ]."
Du2025,Development of a robust data-driven surrogate model to improve energy flexibility of an integrated district heating system with a thermal storage system,pattern,10,7,pdf,2,no,no,"Xu et al. [ 28 ] introduced a comprehensive SM combining an ANN with a conditional generative adversarial network (cGAN). When integrated with the non-dominated sorting genetic algorithm II (NSGA-II) optimization algorithm, this SM enabled rapid optimization of key parameters, improving computational efficiency by 99.97 %. Ren et al. [ 29 ] proposed a data-driven surrogate optimization approach for optimal deployment of multi-energy storage systems at a cluster level, aiming to minimize energy bills for building clusters under demand response schemes."
Reich2020,Predictive control of district heating system using multi-stage nonlinear approximation with selective memory,pattern,1,15,pdf,18,no,no,"As a benchmark for the evaluation of the optimization results the results of the standard control described in Section 3 are used. The simulation starts on January 1, 2017 and ends 500 days later. Figure 15 shows the optimization results influenced by the boundary conditions of scenario 1, on the left for the cumulated costs 𝑑𝐾 with pure cost optimization, in the middle for the cumulated CO 2 emissions 𝑑𝐸 with pure CO 2 emission optimization and on the right for both cumulated target variables with multi-objective optimization."
Reich2020,Predictive control of district heating system using multi-stage nonlinear approximation with selective memory,pattern,2,15,pdf,18,no,no,"As a benchmark for the evaluation of the optimization results the results of the standard control described in Section 3 are used. The simulation starts on January 1, 2017 and ends 500 days later. Figure 15 shows the optimization results inﬂuenced by the boundary conditions of scenario 1, on the left for the cumulated costs dK with pure cost optimization, in the middle for the cumulated CO2 emissions dE with pure CO2 emission optimization and on the right for both cumulated target variables with multi-objective optimization."
Reich2020,Predictive control of district heating system using multi-stage nonlinear approximation with selective memory,pattern,3,13,pdf,13,no,no,"Whether the achieved prediction quality is sufficient to enable a meaningful optimization is discussed in section 6. Implementation in Simulation Environment To use the approximations for an optimization , the data generation and multi-stage modeling (see Sections 4.2 and 4.3) must be combined with an optimization algorithm. For the multi-objective optimization, here of operating costs and CO 2 emissions, the use of a multi-swarm optimization (as developed by Coello Coello and Lechuga [29]) has proven to be performant."
Reich2020,Predictive control of district heating system using multi-stage nonlinear approximation with selective memory,pattern,4,12,pdf,15,no,no,"For example, CHP and HP are not operated if the inlet temperature to these units is too high. Start-up processes that limit or reduce the output power are also considered. To evaluate the operational optimization, the diﬀerence between the cumulated targets of the reference and the optimization is calculated: dK = tmax∑ t=1 Kre f,t− Kopt,t tmax = Number o f considered time steps Kre f,t = Costs o f Operation f or time step t with standard controller Kopt,t = Costs o f Operation f or time step t with optimization (12) dE = tmax∑ t=1 Ere f,t− Eopt,t Ere f,t = CO2− Emissions f or time step t with standard controller Eopt,t = CO2− Emissions f or time step t with optimization (13) 5."
Reich2020,Predictive control of district heating system using multi-stage nonlinear approximation with selective memory,pattern,5,12,pdf,15,no,no,"Start-up processes that limit or reduce the output power are also considered. To evaluate the operational optimization, the diﬀerence between the cumulated targets of the reference and the optimization is calculated: dK = tmax∑ t=1 Kre f,t− Kopt,t tmax = Number o f considered time steps Kre f,t = Costs o f Operation f or time step t with standard controller Kopt,t = Costs o f Operation f or time step t with optimization (12) dE = tmax∑ t=1 Ere f,t− Eopt,t Ere f,t = CO2− Emissions f or time step t with standard controller Eopt,t = CO2− Emissions f or time step t with optimization (13) 5. Description of Relevant Data and Scenarios An economic and ecological evaluation of plant operation always depends on the applicable energy-economic and political framework conditions."
Reich2020,Predictive control of district heating system using multi-stage nonlinear approximation with selective memory,pattern,6,12,pdf,18,no,no,"The simulation starts on January 1, 2017 and ends 500 days later. Figure 15 shows the optimization results influenced by the boundary conditions of scenario 1, on the left for the cumulated costs 𝑑𝐾 with pure cost optimization, in the middle for the cumulated CO 2 emissions 𝑑𝐸 with pure CO 2 emission optimization and on the right for both cumulated target variables with multi-objective optimization. The horizontal, dashed line shows the zero line in each case."
Reich2020,Predictive control of district heating system using multi-stage nonlinear approximation with selective memory,pattern,7,12,pdf,18,no,no,"Figure 15 shows the optimization results influenced by the boundary conditions of scenario 1, on the left for the cumulated costs 𝑑𝐾 with pure cost optimization, in the middle for the cumulated CO 2 emissions 𝑑𝐸 with pure CO 2 emission optimization and on the right for both cumulated target variables with multi-objective optimization. The horizontal, dashed line shows the zero line in each case. If 𝑑𝐾 or 𝑑𝐸 are above this line, the optimizer deliver s a better value of the respective target quantity cumulated up to this time step than in the reference simulation with standard control."
Reich2020,Predictive control of district heating system using multi-stage nonlinear approximation with selective memory,pattern,8,12,pdf,18,no,no,"The simulation starts on January 1, 2017 and ends 500 days later. Figure 15 shows the optimization results inﬂuenced by the boundary conditions of scenario 1, on the left for the cumulated costs dK with pure cost optimization, in the middle for the cumulated CO2 emissions dE with pure CO2 emission optimization and on the right for both cumulated target variables with multi-objective optimization. The horizontal, dashed line shows the zero line in each case."
Reich2020,Predictive control of district heating system using multi-stage nonlinear approximation with selective memory,pattern,9,12,pdf,18,no,no,"Figure 15 shows the optimization results inﬂuenced by the boundary conditions of scenario 1, on the left for the cumulated costs dK with pure cost optimization, in the middle for the cumulated CO2 emissions dE with pure CO2 emission optimization and on the right for both cumulated target variables with multi-objective optimization. The horizontal, dashed line shows the zero line in each case. If dK or dE are above this line, the optimizer delivers a better value of the respective target quantity cumulated up to this time step than in the reference simulation with standard control."
Reich2020,Predictive control of district heating system using multi-stage nonlinear approximation with selective memory,pattern,10,12,pdf,18,no,no,"Difference of cumulated target s for scenario #1, left: Results of Optimization of operation cost, mid: Results of optimization of CO2 emissions, right: Results of multi-objective optimization For all optimization targets, the optimizer achieves a result above the dashed zero line at the end of the simulation period, i.e., a better result than the standard control. In the initial phase, the optimizer makes disadvantageous decisions. Only after about 1000 h improvements occur, which is understandably related to the growing data basi s for the approximation models."
Engelmann20186188,Distributed Stochastic AC Optimal Power Flow based on Polynomial Chaos Expansion,doe,,0,,,no,no,
Muhlpfordt20174490,Solving optimal power flow with non-Gaussian uncertainties via polynomial chaos expansion,doe,,0,,,no,no,
Wu2024391,Synergistic Integration of Machine Learning and Mathematical Optimization for Unit Commitment,pattern,1,12,pdf,11,no,no,"Amalﬁ, “An optimization-based method for unit commitment,” Int. Y an, “A novel optimiza- tion approach for sub-hourly unit commitment with large numbers of units and virtual transactions,” IEEE Trans. Y an et al., “Effects of tightening unit-level and system-level constraints in unit commitment,” in Proc."
Wu2024391,Synergistic Integration of Machine Learning and Mathematical Optimization for Unit Commitment,pattern,2,11,pdf,10,yes,no,"Our method thus opens a new direction for integrat- ing ML and mathematical optimization in solving complicated MILP problems in power systems and beyond. Luh, who was the Academic supervisor of this project, tragically passed away in November 2022. By in- tegrating mathematical optimization and machine learning in an innovative manner, Dr."
Wu2024391,Synergistic Integration of Machine Learning and Mathematical Optimization for Unit Commitment,pattern,3,9,pdf,1,no,no,"1, JANUARY 2024 391 Synergistic Integration of Machine Learning and Mathematical Optimization for Unit Commitment Jianghua Wu , Student Member , IEEE, Peter B. Luh , Life Fellow, IEEE, Y onghong Chen , Fellow, IEEE, Bing Y an , Member , IEEE, and Mikhail A. Bragin , Senior Member , IEEE Abstract—Unit Commitment (UC) is important for power system operations."
Wu2024391,Synergistic Integration of Machine Learning and Mathematical Optimization for Unit Commitment,pattern,4,9,pdf,11,no,no,"Stern, “Convergence of the surrogate Lagrangian relaxation method,” J. Amalﬁ, “An optimization-based method for unit commitment,” Int. Y an, “A novel optimiza- tion approach for sub-hourly unit commitment with large numbers of units and virtual transactions,” IEEE Trans."
Wu2024391,Synergistic Integration of Machine Learning and Mathematical Optimization for Unit Commitment,pattern,5,9,pdf,11,no,no,"Y an, “A novel optimiza- tion approach for sub-hourly unit commitment with large numbers of units and virtual transactions,” IEEE Trans. Y an et al., “Effects of tightening unit-level and system-level constraints in unit commitment,” in Proc. Wang, “A novel decomposition and coordination approach for large day-ahead unit commitment with combined cycle units,”IEEE Trans."
Wu2024391,Synergistic Integration of Machine Learning and Mathematical Optimization for Unit Commitment,pattern,6,9,pdf,11,no,no,"Wang, “A novel decomposition and coordination approach for large day-ahead unit commitment with combined cycle units,”IEEE Trans. Sun, “A scalable solution methodology for mixed-integer linear programming problems arising in automation,” IEEE Trans. Jia, Ordinal Optimization: Soft Optimization F or Hard Problems."
Wu2024391,Synergistic Integration of Machine Learning and Mathematical Optimization for Unit Commitment,pattern,7,8,abstract,,no,no,"Unit Commitment (UC) is important for power system operations. With increasing challenges, e.g., growing intermittent renewables and intra-hour net load variability, traditional mathematical optimization could be time-consuming."
Wu2024391,Synergistic Integration of Machine Learning and Mathematical Optimization for Unit Commitment,pattern,8,8,abstract,,no,no,"Unit Commitment (UC) is important for power system operations. With increasing challenges, e.g., growing intermittent renewables and intra-hour net load variability, traditional mathematical optimization could be time-consuming. Machine learning (ML) is a promising alternative."
Wu2024391,Synergistic Integration of Machine Learning and Mathematical Optimization for Unit Commitment,pattern,9,8,pdf,1,yes,no,"Results on the IEEE 118-bus system and the Polish 2383-bus system demonstrate that continual learning keeps on improving the subproblem-solving process with near-optimality of the overall solutions maintained. Our method opens a new direction to solve complicated UC. Index Terms—Deep neural network, machine learning, mixed- integer linear programming, surrogate Lagrangian relaxation, unit commitment."
Wu2024391,Synergistic Integration of Machine Learning and Mathematical Optimization for Unit Commitment,pattern,10,8,pdf,1,yes,no,"Our method opens a new direction to solve complicated UC. Index Terms—Deep neural network, machine learning, mixed- integer linear programming, surrogate Lagrangian relaxation, unit commitment. Manuscript received 25 April 2022; revised 24 August 2022 and 12 December 2022; accepted 19 January 2023."
Chen2025244,Multi-fidelity machine learning with knowledge transfer enhances geothermal energy system design and optimization,validation,,0,,,no,no,
De Castro20247710,Multi-Fidelity Reinforcement Learning for Minimum Energy Trajectory Planning,pattern,1,15,pdf,2,no,no,"S1 denotes the circular angle space, and Cn is the differentiability class where its n-th order derivatives exist and are continuous. The coefficients of the polynomial trajectory are deter- mined by solving the following optimization problem: minimize p=[pr,pψ],x∈Rm ≥0 σ (x, p) subject to p(0) = ˜p0, p Pi j=1xj  = ˜pi, i = 1, . . . , m, p ∈ P (1) where σ(x, p) = Z Pm i=1xi 0 d4pr d4t 2 +  d2pψ d2t 2 dt. (2) P represents the set of dynamically feasible trajectories, i.e., trajectories that require admissible motor speed commands. xi, the pivotal optimization variable, denotes the time al- location between two consecutive waypoints ˜pi−1 and ˜pi (x = x1 · · · xm  ), and is exclusively determined through non-linear optimization. This method consists of three components to efficiently solve the optimization problem: 1) Inner-loop spatial opti- mization that uses quadratic programming to derive poly- nomial coefficients based on the time allocation between waypoints: χ(x, ˜p) = argmin p=[pr,pψ] σ (x, p) subject to p(0) = ˜p0, p Pi j=1xj  = ˜pi, i = 1, . . . , m, (3) 2) Outer-loop temporal optimization via non-linear program- ming that minimizes the output of the inner-loop quadratic programming and determines the time allocation ratio, ˜x: minimize ˜x∈Rm ≥0 σ (χ(˜x, ˜p), ˜x) subject to Xm i=1 ˜xi = 1, (4) 3) Line search optimizing over a scalar α to generate the feasible trajectory with the lowest energy, given an energy evaluation function fe: minimize α∈R>0 fe(α˜x, ˜p), subject to χ(α˜x, ˜p) ∈ P . (5) Here, the actual time allocation is defined as the product of α and the time allocation ratio: x = α˜x."
De Castro20247710,Multi-Fidelity Reinforcement Learning for Minimum Energy Trajectory Planning,pattern,2,13,pdf,2,no,no,"The coefficients of the polynomial trajectory are deter- mined by solving the following optimization problem: minimize p=[pr,pψ],x∈Rm ≥0 σ (x, p) subject to p(0) = ˜p0, p Pi j=1xj  = ˜pi, i = 1, . . . , m, p ∈ P (1) where σ(x, p) = Z Pm i=1xi 0 d4pr d4t 2 +  d2pψ d2t 2 dt. (2) P represents the set of dynamically feasible trajectories, i.e., trajectories that require admissible motor speed commands. xi, the pivotal optimization variable, denotes the time al- location between two consecutive waypoints ˜pi−1 and ˜pi (x = x1 · · · xm  ), and is exclusively determined through non-linear optimization. This method consists of three components to efficiently solve the optimization problem: 1) Inner-loop spatial opti- mization that uses quadratic programming to derive poly- nomial coefficients based on the time allocation between waypoints: χ(x, ˜p) = argmin p=[pr,pψ] σ (x, p) subject to p(0) = ˜p0, p Pi j=1xj  = ˜pi, i = 1, . . . , m, (3) 2) Outer-loop temporal optimization via non-linear program- ming that minimizes the output of the inner-loop quadratic programming and determines the time allocation ratio, ˜x: minimize ˜x∈Rm ≥0 σ (χ(˜x, ˜p), ˜x) subject to Xm i=1 ˜xi = 1, (4) 3) Line search optimizing over a scalar α to generate the feasible trajectory with the lowest energy, given an energy evaluation function fe: minimize α∈R>0 fe(α˜x, ˜p), subject to χ(α˜x, ˜p) ∈ P . (5) Here, the actual time allocation is defined as the product of α and the time allocation ratio: x = α˜x. When a vehicle starts and ends in a stationary state, with zero velocity and acceleration, uniformly scaling time allocations does not alter the trajectory’s shape but shifts control commands away from the default stationary control commands [7]."
De Castro20247710,Multi-Fidelity Reinforcement Learning for Minimum Energy Trajectory Planning,pattern,3,11,pdf,4,yes,no,"Integrating these simulations directly into trajectory optimization presents significant challenges due to the high computational demands and difficulty in optimization formulation. To address this, we develop an MFGP-based model capable of predicting the high-fidelity SOC (SOC hf) for trajectories derived from sequences of waypoints and time allocations. This model serves as a re- ward estimator within the reinforcement learning framework for developing the planning policy."
De Castro20247710,Multi-Fidelity Reinforcement Learning for Minimum Energy Trajectory Planning,pattern,4,11,pdf,7,yes,no,"The low-fidelity samples still capture the simplest dynamics of the energy model, such as the asymptotes at very low and very high trajectory times. The multi-fidelity GP model incorporates this information and correctly captures the existence of a single minimum point, which would provide a better gradient to the policy optimization. RL Policy Optimization We evaluate the proposed RL framework by training a minimum energy planning policy with the energy prediction model."
De Castro20247710,Multi-Fidelity Reinforcement Learning for Minimum Energy Trajectory Planning,pattern,5,11,pdf,7,yes,no,"The multi-fidelity GP model incorporates this information and correctly captures the existence of a single minimum point, which would provide a better gradient to the policy optimization. RL Policy Optimization We evaluate the proposed RL framework by training a minimum energy planning policy with the energy prediction model. For the RL procedure, we select a pretrained reward model with 1k high-fidelity samples to showcase the sample efficiency of the method."
De Castro20247710,Multi-Fidelity Reinforcement Learning for Minimum Energy Trajectory Planning,pattern,6,9,pdf,2,no,no,"These polynomials map time to position and yaw, i.e. , p(t) = pr(t)⊺ pψ(t)⊺ (pr(t) ∈ C 4, pψ(t) ∈ C 2), and each polynomial segment connects two adjacent waypoints. S1 denotes the circular angle space, and Cn is the differentiability class where its n-th order derivatives exist and are continuous. The coefficients of the polynomial trajectory are deter- mined by solving the following optimization problem: minimize p=[pr,pψ],x∈Rm ≥0 σ (x, p) subject to p(0) = ˜p0, p Pi j=1xj  = ˜pi, i = 1, . . . , m, p ∈ P (1) where σ(x, p) = Z Pm i=1xi 0 d4pr d4t 2 +  d2pψ d2t 2 dt. (2) P represents the set of dynamically feasible trajectories, i.e., trajectories that require admissible motor speed commands. xi, the pivotal optimization variable, denotes the time al- location between two consecutive waypoints ˜pi−1 and ˜pi (x = x1 · · · xm  ), and is exclusively determined through non-linear optimization."
De Castro20247710,Multi-Fidelity Reinforcement Learning for Minimum Energy Trajectory Planning,pattern,7,8,pdf,2,yes,no,"This method can be computationally expen- sive, depending on the fe. This optimization method serves as the baseline for comparing the energy consumption against our resulting trained policy. Multi-fidelity Gaussian Process In this paper, we employ the Multi-fidelity Gaussian Process (MFGP) to efficiently model the energy function based on sparse multi-fidelity evaluations."
De Castro20247710,Multi-Fidelity Reinforcement Learning for Minimum Energy Trajectory Planning,pattern,8,8,pdf,3,yes,no,"Accurate energy consumption estima- tion necessitates complex simulations, leading to extended evaluation times. To reduce the number of necessary energy consumption estimations for training, we create a proxy model for energy estimation, denoted ˆfe, using a Gaus- sian process. We employ a multi-fidelity kernel within the Gaussian process, complemented by a hierarchical evaluation method, to enhance the efficiency of model construction."
De Castro20247710,Multi-Fidelity Reinforcement Learning for Minimum Energy Trajectory Planning,pattern,9,8,pdf,3,yes,no,"To reduce the number of necessary energy consumption estimations for training, we create a proxy model for energy estimation, denoted ˆfe, using a Gaus- sian process. We employ a multi-fidelity kernel within the Gaussian process, complemented by a hierarchical evaluation method, to enhance the efficiency of model construction. Subsequently, the planning policy is trained with RL, aiming to minimize energy consumption estimates obtained from the Gaussian process model."
De Castro20247710,Multi-Fidelity Reinforcement Learning for Minimum Energy Trajectory Planning,pattern,10,8,pdf,4,yes,yes,"Energy Prediction Model We introduce an MFGP-based energy prediction model as a surrogate for the two forward-loop simulations discussed in the previous section. Integrating these simulations directly into trajectory optimization presents significant challenges due to the high computational demands and difficulty in optimization formulation. To address this, we develop an MFGP-based model capable of predicting the high-fidelity SOC (SOC hf) for trajectories derived from sequences of waypoints and time allocations."
Hu2024,Probabilistic net load forecasting based on transformer network and Gaussian process-enabled residual modeling learning method,doe,1,8,pdf,2,yes,no,The main contributions of this article are summarized as follows. 1) This paper proposes a probabilistic net load forecasting method based on a Transformer network and Gaussian process-enabled re - sidual modeling learning (RML) method. The Transformer network is first applied to discover the complex structure in net load utilizing abundant historical data.
Hu2024,Probabilistic net load forecasting based on transformer network and Gaussian process-enabled residual modeling learning method,doe,2,8,pdf,2,yes,no,"1) This paper proposes a probabilistic net load forecasting method based on a Transformer network and Gaussian process-enabled re - sidual modeling learning (RML) method. The Transformer network is first applied to discover the complex structure in net load utilizing abundant historical data. Then, the forecasting errors are modeled by a Gaussian process (GP) to capture the prediction behavior of the pre- trained Transformer network."
Hu2024,Probabilistic net load forecasting based on transformer network and Gaussian process-enabled residual modeling learning method,doe,3,6,pdf,4,no,no,"The residuals between the actual power values and the prediction net load values of the training set are r i = y i   y ⌢ i , i = 1 , 2 , ..., n . (15) Y ⌢ and R represent the net load outcomes calculated by the Transformer network and all residuals, respectively. A Gaussian process with a syn - thetic kernel is trained to assume R ∼ N ( 0 , k c (( X , Y ⌢ ) , ( X , Y ⌢ )) + σ 2 n I ) , where k c (( X , Y ⌢ ) , ( X , Y ⌢ )) represents the covariance matrix of all data points in the training set based on the following synthetic kernel: k c (( x i , y ⌢ i ) , ( x j , y ⌢ j )) = k in   x i , x j ) + k out ( y ⌢ i , y ⌢ j ) , i = 1 , 2 , ..., n . (16) Supposing that the Radial basis function (RBF) kernel is utilized for both k in ( ⋅ ) and k out ( ⋅ ) . Then the synthetic kernel can be denoted as k c (( x i , y ⌢ i ) , ( x j , y ⌢ j )) = σ 2 in exp     ⃦ ⃦ x i   x j ⃦ ⃦ 2 / 2 l 2 in ) + σ 2 out exp (   ⃦ ⃦ ⃦ ⃦ y ⌢ i   y ⌢ j ⃦ ⃦ ⃦ ⃦ 2 / 2 l 2 out ) , (17) where σ in , σ out , l in , and l out represents the parameters to be optimized during the learning process, which are calculated by maximizing the function of log marginal likelihood as: log p ( R ⃒ ⃒ ⃒ X , Y ⌢ ) =   1 2 R T ( k c (( X , Y ⌢ ) , ( X , Y ⌢ )) + σ 2 n I )   1 R   1 2 log ⃒ ⃒ ⃒ k c (( X , Y ⌢ ) , ( X , Y ⌢ )) + σ 2 n I ⃒ ⃒ ⃒ n 2 log 2 π . (18) When the learning process is finished, the distribution function of the prediction residual and a clean input x ∗ can be calculated as r ⌢ ∗ ⃒ ⃒ ⃒ ⃒ X , Y ⌢ , R , x ∗ , y ⌢ ∗ ∼ N ( r ⌢ ∗ , var ( r ⌢ ∗ )) by the trained Gaussian process, where r ⌢ ∗ = k T ∗ ( k c (( X , Y ⌢ ) , ( X , Y ⌢ )) + σ 2 n I )   1 R , (19) va r ( r ⌢ ∗ ) = k c (( x ∗ , y ⌢ ∗ ) , ( x ∗ , y ⌢ ∗ ))   k T ∗ ( k c (( X , Y ⌢ ) , ( X , Y ⌢ )) + σ 2 n I )   1 k ∗ (20) Then the calculated residual is utilized to revise the point forecasting result of the Transformer network."
Hu2024,Probabilistic net load forecasting based on transformer network and Gaussian process-enabled residual modeling learning method,doe,4,3,pdf,12,no,no,The results indicate the effectiveness of the proposed method in incorporating the advantages of neural networks and GP methods. C onclusion This paper designs a probabilistic net load forecasting framework based on the Transformer network and RML process. Comparative tests with various point forecasting and probabilistic forecasting methods utilizing real-world historical data illustrate that: 1) the proposed Transformer structured-based model can achieve better point fore - casting results than benchmarking methods.
Hu2024,Probabilistic net load forecasting based on transformer network and Gaussian process-enabled residual modeling learning method,doe,5,3,pdf,2,no,no,"The Transformer network is first applied to discover the complex structure in net load utilizing abundant historical data. Then, the forecasting errors are modeled by a Gaussian process (GP) to capture the prediction behavior of the pre- trained Transformer network. The adopted composite kernel allows the proposed method to incorporate the advantages of the neural network as well as Gaussian process methods and thus achieve ac - curate probabilistic forecasting results."
Hu2024,Probabilistic net load forecasting based on transformer network and Gaussian process-enabled residual modeling learning method,doe,6,3,pdf,4,no,no,"In this article, Gaussian process regression is employed to improve the performance of the Transformer network and further quantify the uncertainty of net load. It is achieved by capturing the prediction behavior of the pre-trained Transformer network through residual learning. Specif - ically, supposing that ( X , Y ) and ( X ∗ , Y ∗ ) represent the training dataset Tr = { Xt , yt + 1 } T + N t = T and test dataset Ts = { Xt , yt + 1 } S t = T + N , where X ∈ R N × F and Y ∈ R N × 1 are the input and output of the training set; X ∗ ∈ R N ∗ × F and Y ∗ ∈ R N ∗ × 1 are input and output of the test set, where N de - notes the sample number and F represents the feature number."
Hu2024,Probabilistic net load forecasting based on transformer network and Gaussian process-enabled residual modeling learning method,doe,7,3,pdf,4,no,no,"It is achieved by capturing the prediction behavior of the pre-trained Transformer network through residual learning. Specif - ically, supposing that ( X , Y ) and ( X ∗ , Y ∗ ) represent the training dataset Tr = { Xt , yt + 1 } T + N t = T and test dataset Ts = { Xt , yt + 1 } S t = T + N , where X ∈ R N × F and Y ∈ R N × 1 are the input and output of the training set; X ∗ ∈ R N ∗ × F and Y ∗ ∈ R N ∗ × 1 are input and output of the test set, where N de - notes the sample number and F represents the feature number. N ∗ is the volume of the test dataset."
Hu2024,Probabilistic net load forecasting based on transformer network and Gaussian process-enabled residual modeling learning method,doe,8,1,pdf,13,no,no,"2019) 3664 – 3674 . [26] Jinhua Zhang, Hang Meng, Bo Gu, et al., Research on short-term wind power combined forecasting and its Gaussian cloud uncertainty to support the integration of renewables and EVs, Renew. Energy 153 (2020) 884 – 899 . [27] J. Cao, et al., Bayesian averaging-enabled transfer learning method for probabilistic wind power forecasting of newly built wind farms, Appl."
Hu2024,Probabilistic net load forecasting based on transformer network and Gaussian process-enabled residual modeling learning method,doe,9,1,pdf,13,no,no,"Energy 153 (2020) 884 – 899 . [27] J. Cao, et al., Bayesian averaging-enabled transfer learning method for probabilistic wind power forecasting of newly built wind farms, Appl. Energy 355 (2024) 122185 . [28] Xin Liu, Luoxiao Yang, Zijun Zhang, The attention-assisted ordinary differential equation networks for short-term probabilistic wind power predictions, Appl."
Hu2024,Probabilistic net load forecasting based on transformer network and Gaussian process-enabled residual modeling learning method,doe,10,1,pdf,13,no,no,"Cao, et al., Bayesian averaging-enabled transfer learning method for probabilistic wind power forecasting of newly built wind farms, Appl. Energy 355 (2024) 122185 . [28] Xin Liu, Luoxiao Yang, Zijun Zhang, The attention-assisted ordinary differential equation networks for short-term probabilistic wind power predictions, Appl. Zhang, ""A stochastic recurrent encoder decoder network for multistep probabilistic wind power predictions,"" IEEE Transact."
Subedi2026157,Dynamic Validation of CNN-Based Surrogate Models for Inverter-Based Resources in Open-Source Solvers,pattern,1,9,pdf,4,no,no,"Smaller MAE values indicate improved model performance. OPTIMIZATION ALGORITHM Training a DL model involves solving an optimization prob- lem that minimizes the loss by updating network parameters. In this work, gradient-based optimization is used, and the Adam optimizer is selected for its e ﬃciency and robustness."
Subedi2026157,Dynamic Validation of CNN-Based Surrogate Models for Inverter-Based Resources in Open-Source Solvers,pattern,2,7,pdf,4,no,no,"OPTIMIZATION ALGORITHM Training a DL model involves solving an optimization prob- lem that minimizes the loss by updating network parameters. In this work, gradient-based optimization is used, and the Adam optimizer is selected for its e ﬃciency and robustness. Adam combines ideas from AdaGrad and RMSProp [29] by maintaining exponential moving averages of the ﬁrst and second moments of the gradients."
Subedi2026157,Dynamic Validation of CNN-Based Surrogate Models for Inverter-Based Resources in Open-Source Solvers,pattern,3,6,pdf,4,no,no,"MAE calculates the mean of the absolute di ﬀerences between the predicted and true values as follows: J(θ)(MAE) = 1 n nX i=1 |yi− ˆyi|, (4) where n refers to the total number of samples, yi represents the actual value for the ith sample, and ˆyi corresponds to the predicted value for the same sample. Smaller MAE values indicate improved model performance. OPTIMIZATION ALGORITHM Training a DL model involves solving an optimization prob- lem that minimizes the loss by updating network parameters."
Subedi2026157,Dynamic Validation of CNN-Based Surrogate Models for Inverter-Based Resources in Open-Source Solvers,pattern,4,3,pdf,6,no,no,"Three-phase output current magnitudes and phase angles measurement from the commercial inverter (IBR-1) versus the outputs from the DL CNN model with the training data from IBR-1. The structure of CNN model representing the IBR-1 and IBR-2. Data preprocessing and CNN training setup. retraining, enabling adaptation to new operating conditions and use in optimization or controller-design studies."
Subedi2026157,Dynamic Validation of CNN-Based Surrogate Models for Inverter-Based Resources in Open-Source Solvers,pattern,5,3,pdf,6,no,no,"The structure of CNN model representing the IBR-1 and IBR-2. Data preprocessing and CNN training setup. retraining, enabling adaptation to new operating conditions and use in optimization or controller-design studies. CASE STUDY-I: COMMERCIAL IBR-1 In case study-I, the DL model is trained to represent the dynamics of IBR-1 under three operating scenarios: voltage ride-through, frequency jump, and DC input change as shown in Fig."
Subedi2026157,Dynamic Validation of CNN-Based Surrogate Models for Inverter-Based Resources in Open-Source Solvers,pattern,6,3,pdf,6,no,no,"Data preprocessing and CNN training setup. retraining, enabling adaptation to new operating conditions and use in optimization or controller-design studies. CASE STUDY-I: COMMERCIAL IBR-1 In case study-I, the DL model is trained to represent the dynamics of IBR-1 under three operating scenarios: voltage ride-through, frequency jump, and DC input change as shown in Fig. 3 shows the performance of the trained model in representing the dynamics of IBR-1 using training data."
Subedi2026157,Dynamic Validation of CNN-Based Surrogate Models for Inverter-Based Resources in Open-Source Solvers,pattern,7,1,pdf,4,no,no,"In this work, gradient-based optimization is used, and the Adam optimizer is selected for its e ﬃciency and robustness. Adam combines ideas from AdaGrad and RMSProp [29] by maintaining exponential moving averages of the ﬁrst and second moments of the gradients. Its update rules are: m =β1m + (1−β1)∇J(θ), v =β2v + (1−β2)(∇J(θ))2, θ =θ−α m√v +ϵ, (5) where θ denotes the model parameters, J(θ) the loss func- tion, and ∇J(θ) its gradient."
Liu20242534,More Efficient Energy Management for Hybrid AC/DC Microgrids with Hard Constrained Neural Network-Based Conversion Loss Surrogate Models,doe,1,3,pdf,6,no,no,"The ReLU activation function is formulated as: ReLU (ˆz ) = max (ˆz, 0 ) . (7) In this work, FCNNs is employed to approximate the conversion losses: u(z 0) ≈ J (z0) = pL (8) where z0 = [p, VDC]T is the input vector of the neural network. The weight matrices W and bias vectors b of the neural network are adjustable parameters that need to be optimized based on the training data. Let θ be the set of all trainable parameters of an FCNN."
Liu20242534,More Efficient Energy Management for Hybrid AC/DC Microgrids with Hard Constrained Neural Network-Based Conversion Loss Surrogate Models,doe,2,3,pdf,6,no,no,"The weight matrices W and bias vectors b of the neural network are adjustable parameters that need to be optimized based on the training data. Let θ be the set of all trainable parameters of an FCNN. For function approximation tasks, the FCNN is usually trained by minimizing the mean square error (MSE) between the network output and the training samples: min θ LJ = 1 N N∑ i=1 ⏐⏐u ( zi 0,train ) − ui train ⏐⏐2 , (9) where {z0,train=[p, VDC]T, utrain=[pL]}N i=1 is the training dataset consists of input/output pairs of the multivariate conversion loss function."
Liu20242534,More Efficient Energy Management for Hybrid AC/DC Microgrids with Hard Constrained Neural Network-Based Conversion Loss Surrogate Models,doe,3,1,pdf,11,no,no,"2544 IEEE TRANSACTIONS ON SMART GRID, VOL. 3, MAY 2024 TABLE III NEURAL NETWORK PARAMETERS TABLE IV TEST RESULTS OF APPROXIMATION ERRORS AND CALCULATION SPEED FOR DIFFERENT SURROGATE MODELS z0,c = [ pc 500, VDC − 658 77 ] T (64) z0,v = [ pv 200, VDC − 658 77 ] T (65) According to [58], ReLU networks can approximate any continuous function with arbitrarily small errors using only three hidden layers. For each NN model, we ﬁx the number of layers at 3 and tune the number of neurons in each layer based on the baseline model performance on a small subset of the training data."
Aghaei Pour2022303,Surrogate assisted interactive multiobjective optimization in energy system design of buildings,validation,,0,,,no,no,
Kaewdornhan2022130373,Electric Distribution Network with Multi-Microgrids Management Using Surrogate-Assisted Deep Reinforcement Learning Optimization,family,1,13,abstract,,yes,no,"Therefore, this paper proposes an OEM using Deep Neural Networks developed as surrogate models to assist the Deep Reinforcement Learning Optimization for reducing the computational burden. The proposed method is deployed to a bi-level OEM for multi-MGs connected in the DN with real-Time pricing consideration, represented as the proposed strategy. The power system parameters of the MG estimated by probabilistic power flow are predicted by well-Trained surrogate models to mitigate the computational time for finding the optimal solution of Deep Reinforcement Learning."
Kaewdornhan2022130373,Electric Distribution Network with Multi-Microgrids Management Using Surrogate-Assisted Deep Reinforcement Learning Optimization,family,2,12,pdf,20,no,no,"According to the veriﬁed results in Table 3, the DNN surrogate model can guarantee the high accuracy of the predicted MG parameters. The results show that the maximum absolute errors that occur in 24 hours of all parameters using the DNN surrogate model are less than 1% compared with the PPF in AEM. Moreover, the performance of the DNN surrogate-assisted DDPG algo- rithm (proposed method) is improved and compared with the DNN surrogate-assisted metaheuristic algorithm, as shown in Fig."
Kaewdornhan2022130373,Electric Distribution Network with Multi-Microgrids Management Using Surrogate-Assisted Deep Reinforcement Learning Optimization,family,3,10,abstract,,yes,no,"MicroGrids (MG) connecting to the DN with suitable energy trading is an effective way to solve this issue. However, proper energy trading considering grid constraints with a low computational burden is a significant challenge for solving the Optimal Energy Management (OEM). Therefore, this paper proposes an OEM using Deep Neural Networks developed as surrogate models to assist the Deep Reinforcement Learning Optimization for reducing the computational burden."
Kaewdornhan2022130373,Electric Distribution Network with Multi-Microgrids Management Using Surrogate-Assisted Deep Reinforcement Learning Optimization,family,4,10,abstract,,yes,no,"However, proper energy trading considering grid constraints with a low computational burden is a significant challenge for solving the Optimal Energy Management (OEM). Therefore, this paper proposes an OEM using Deep Neural Networks developed as surrogate models to assist the Deep Reinforcement Learning Optimization for reducing the computational burden. The proposed method is deployed to a bi-level OEM for multi-MGs connected in the DN with real-Time pricing consideration, represented as the proposed strategy."
Kaewdornhan2022130373,Electric Distribution Network with Multi-Microgrids Management Using Surrogate-Assisted Deep Reinforcement Learning Optimization,family,5,10,pdf,11,no,no,"Thus, the DNN surrogate-assisted multi-agent DDPG algorithm is employed to solve the OEM problem in this work. DNN SURROGATE MODEL Deep Neural Network (DNN) trained through deep learn- ing has an impressive capability for learning complex sys- tem behavior [60], especially the power system with high uncertainty. Moreover, the performance of MG behavior learning using the DNN surrogate model is guaranteed by Xiao et al. [61] that it has good adaptability to predict the MG behavior required high-dimension inputs and provides high accuracy for the prediction."
Kaewdornhan2022130373,Electric Distribution Network with Multi-Microgrids Management Using Surrogate-Assisted Deep Reinforcement Learning Optimization,family,6,10,pdf,11,no,no,"DNN SURROGATE MODEL Deep Neural Network (DNN) trained through deep learn- ing has an impressive capability for learning complex sys- tem behavior [60], especially the power system with high uncertainty. Moreover, the performance of MG behavior learning using the DNN surrogate model is guaranteed by Xiao et al. [61] that it has good adaptability to predict the MG behavior required high-dimension inputs and provides high accuracy for the prediction. To mitigate the computational burden of solving the OEM problem, DNN surrogate models are developed and used to substitute the PPF for estimating the power system parameters of three MGs."
Kaewdornhan2022130373,Electric Distribution Network with Multi-Microgrids Management Using Surrogate-Assisted Deep Reinforcement Learning Optimization,family,7,9,pdf,16,no,no,"The mean hourly maximum line current, transformer loading in kW and kVA units using the DNN surrogate model and the PPF in AEM using Pandapower; (a) – (c) BESS factor is 0.0, (d) – (f) BESS factor is 0.5 and (g) – (i) BESS factor is 0.8. • Optimal-purchased energy price strategy (the proposed strategy): All BESSs are controlled by three MGO agents to minimize their operation costs. The original TOU and the real-time FIT submitted by the DSO agent are utilized as the energy selling and purchase prices of the DSO which are proposed to three MGOs. PREDICTIVE PERFORMANCE OF THE DNN SURROGATE MODEL To verify the accuracy performance of DNN surrogate models used to predict the power system parameters of MG, the performance of the models is compared with the PPF cal- culation using NT with Zhao’s PEM in the AEM."
Kaewdornhan2022130373,Electric Distribution Network with Multi-Microgrids Management Using Surrogate-Assisted Deep Reinforcement Learning Optimization,family,8,9,pdf,16,no,yes,"The results show that the maximum absolute errors that occur in 24 hours of all parameters using the DNN surrogate model are less than 1% compared with the PPF in AEM using the Pandapower. Moreover, the computational time of the PPF in AEM varies from about 63 – 66 seconds, whereas the DNN surrogate model is only 4 seconds, reducing the computational time by about 93%. DNN SURROGATE-ASSISTED DDPG VERIFICATION From the previous subsection, the DNN surrogate models can provide high accuracy and exponentially decrease the com- putational time for evaluating the power system parameters."
Kaewdornhan2022130373,Electric Distribution Network with Multi-Microgrids Management Using Surrogate-Assisted Deep Reinforcement Learning Optimization,family,9,9,pdf,16,no,yes,"Moreover, the computational time of the PPF in AEM varies from about 63 – 66 seconds, whereas the DNN surrogate model is only 4 seconds, reducing the computational time by about 93%. DNN SURROGATE-ASSISTED DDPG VERIFICATION From the previous subsection, the DNN surrogate models can provide high accuracy and exponentially decrease the com- putational time for evaluating the power system parameters. To deal with the computational burden of the optimization task, the DNN surrogate model has assisted the optimiza- tion algorithm."
Kaewdornhan2022130373,Electric Distribution Network with Multi-Microgrids Management Using Surrogate-Assisted Deep Reinforcement Learning Optimization,family,10,9,pdf,16,no,yes,"DNN SURROGATE-ASSISTED DDPG VERIFICATION From the previous subsection, the DNN surrogate models can provide high accuracy and exponentially decrease the com- putational time for evaluating the power system parameters. To deal with the computational burden of the optimization task, the DNN surrogate model has assisted the optimiza- tion algorithm. In this work, the DDPG algorithm with the DNN surrogate model is applied to solve the OEM problem, which is represented as the proposed method."
Ceylan2020944,Assessment of agricultural energy consumption of Turkey by MLR and Bayesian optimized SVR and GPR models,doe,1,5,abstract,,no,no,"The aim of the present study is to evaluate the application potential of multiple linear regression (MLR) and machine learning tools such as support vector regression (SVR) and Gaussian process regression (GPR) to forecast the agricultural energy consumption of Turkey. In the development of the models, widespread indicators such as agricultural value-added, total arable land, gross domestic product share of agriculture, and population data were used as input parameters. Twenty-eight-year historical data from 1990 to 2017 were utilized for the training and testing stages of the models."
Ceylan2020944,Assessment of agricultural energy consumption of Turkey by MLR and Bayesian optimized SVR and GPR models,doe,2,5,abstract,,no,no,"In the development of the models, widespread indicators such as agricultural value-added, total arable land, gross domestic product share of agriculture, and population data were used as input parameters. Twenty-eight-year historical data from 1990 to 2017 were utilized for the training and testing stages of the models. A Bayesian optimization method was applied to improve the prediction capability of SVR and GPR models."
Ceylan2020944,Assessment of agricultural energy consumption of Turkey by MLR and Bayesian optimized SVR and GPR models,doe,3,5,abstract,,no,no,Twenty-eight-year historical data from 1990 to 2017 were utilized for the training and testing stages of the models. A Bayesian optimization method was applied to improve the prediction capability of SVR and GPR models. The performance of the models was measured by various statistical tools.
Amjady2017,"Short term wind power prediction based on improved kriging interpolation, Empirical Mode Decomposition, and closed-loop forecasting engine",pattern,1,7,pdf,6,no,no,"Moreover, the value of a in C(r) is optimized by Shark Smell Optimization (SSO) method which has been recently introduced in [37]. The objective of this optimization problem is minimizing the error variance. For details of SSO, the interested readers can refer to [37] The proposed IKIM includes KIM with the von Karman covariance model given in (10) and SSO optimization used to optimize the value of a."
Amjady2017,"Short term wind power prediction based on improved kriging interpolation, Empirical Mode Decomposition, and closed-loop forecasting engine",pattern,2,6,pdf,3,no,no,"These envelopes are shown in Figure 1. (3) The mean of the upper and lower envelopes, i.e., s(t) = [u(t) + l(t)]/2, is calculated, which is the curve of local mean in Figure 1. (4) If the stopping condition a is satisﬁed, the local mean s(t) is an IMF and go to step 5; otherwise, substitute the signal with signal minus the local mean, i.e., x(t)− s(t)→x(t), and go back to step 2. (5) Suppose n IMF components s1(t), s2(t), . . . , sn(t) have been produced so far. Compute the residual r(t) = x(t)− [s1(t) + s2(t) + . . . + sn(t)]. If the stopping condition b is satisﬁed, terminate the algorithm; otherwise, substitute the signal with the residual, i.e., r(t)→x(t), and go back to step 2."
Amjady2017,"Short term wind power prediction based on improved kriging interpolation, Empirical Mode Decomposition, and closed-loop forecasting engine",pattern,3,4,pdf,6,no,no,"In this paper, v = 0.5 is adopted, which leads to exponential auto-covariance function. Moreover, the value of a in C(r) is optimized by Shark Smell Optimization (SSO) method which has been recently introduced in [37]. The objective of this optimization problem is minimizing the error variance."
Amjady2017,"Short term wind power prediction based on improved kriging interpolation, Empirical Mode Decomposition, and closed-loop forecasting engine",pattern,4,4,pdf,6,no,no,"The objective of this optimization problem is minimizing the error variance. For details of SSO, the interested readers can refer to [37] The proposed IKIM includes KIM with the von Karman covariance model given in (10) and SSO optimization used to optimize the value of a. Sustainability 2017, 9, 2104 6 of 18 () () ,() ( )ij i jCov x t x t C d = (9) where dij indicates the Euclidean distance between ti and tj."
Amjady2017,"Short term wind power prediction based on improved kriging interpolation, Empirical Mode Decomposition, and closed-loop forecasting engine",pattern,5,3,pdf,3,no,no,"Sustainability 2017, 9, 2104 3 of 18 Since stochastic search methods, such as particle swarm optimization (PSO), proceed randomly in the solution space to ﬁnd the optimal solution, numerical stability is an important concern for these methods. However, we have used Levenberg–Marquardt (LM) learning algorithm, which is an efﬁcient training mechanism for prediction tasks, to train the NN-based forecasting engine."
Amjady2017,"Short term wind power prediction based on improved kriging interpolation, Empirical Mode Decomposition, and closed-loop forecasting engine",pattern,6,3,pdf,3,no,no,"Similarly, connect the minima of x(t) with the interpolating function to create a lower envelope l(t) around the signal. These envelopes are shown in Figure 1. (3) The mean of the upper and lower envelopes, i.e., s(t) = [u(t) + l(t)]/2, is calculated, which is the curve of local mean in Figure 1. (4) If the stopping condition a is satisﬁed, the local mean s(t) is an IMF and go to step 5; otherwise, substitute the signal with signal minus the local mean, i.e., x(t)− s(t)→x(t), and go back to step 2. (5) Suppose n IMF components s1(t), s2(t), . . . , sn(t) have been produced so far. Compute the residual r(t) = x(t)− [s1(t) + s2(t) + . . . + sn(t)]."
Amjady2017,"Short term wind power prediction based on improved kriging interpolation, Empirical Mode Decomposition, and closed-loop forecasting engine",pattern,7,3,pdf,3,no,no,"Compute the residual r(t) = x(t)− [s1(t) + s2(t) + . . . + sn(t)]. If the stopping condition b is satisﬁed, terminate the algorithm; otherwise, substitute the signal with the residual, i.e., r(t)→x(t), and go back to step 2."
Amjady2017,"Short term wind power prediction based on improved kriging interpolation, Empirical Mode Decomposition, and closed-loop forecasting engine",pattern,8,3,pdf,5,no,no,"Var ( [x(t1) ··· x(tM) x(t)]T ) .[w1 ··· wM − 1]T (5) By decomposing the vector [x(t1) ··· x(tM) x(t)]T to two sub-vectors X = [x(t1) ··· x(tM)]T and [x(t)], (5) can be reformulated as: Var(e[x(t)]) = [w1 ··· wM − 1].[ Var(X) Cov(X, x(t)) [Cov(X, x(t))] T Var(x(t)) ] .[w1 ··· wM − 1]T (6) where Cov(.,.) represents covariance function. Consequently, ordinary KIM determines the weights w1, . . . , wM by solving the following optimization model: Min w1,...,wM {Var(e[x(t)])} st. M ∑ i=1 wi = 1 (7) where Var(e[x(t)]) is as presented in (6)."
Amjady2017,"Short term wind power prediction based on improved kriging interpolation, Empirical Mode Decomposition, and closed-loop forecasting engine",pattern,9,3,pdf,8,no,no,"Since post-predictor has the forecast generated by pre-predictor, which is an input close to the output, it is expected that post-predictor more accurately predicts the future values of the associated time series compared with pre-predictor. The next element in the feedback loop, i.e., comparator, evaluates this aspect. If the forecast of post-predictor is better than the forecast of pre-predictor, the forecast of post-predictor is feed backed through the feedback loop to replace the forecast of pre-predictor at the input of post-predictor."
Amjady2017,"Short term wind power prediction based on improved kriging interpolation, Empirical Mode Decomposition, and closed-loop forecasting engine",pattern,10,3,pdf,8,no,no,"The next element in the feedback loop, i.e., comparator, evaluates this aspect. If the forecast of post-predictor is better than the forecast of pre-predictor, the forecast of post-predictor is feed backed through the feedback loop to replace the forecast of pre-predictor at the input of post-predictor. Then, post-predictor forecasts the output using this more accurate input."
Ghosh2023,Decomposition-Transformation Assisted Optimized Heterogeneous Classification Strategy in NILM,validation,,0,,,no,no,
Zhang2025__4,An Accelerated Approach to Time-Sequential Production Simulation for Integrated Generation-Grid-Storage Systems Combining Benders Decomposition and Data-Driven Methods,doe,,0,,,no,no,
Sun20191497,A two-step short-term probabilistic wind forecasting methodology based on predictive distribution optimization,pattern,1,12,pdf,1,no,no,"Contents lists available at ScienceDirect Applied Energy journal homepage: www.elsevier.com/locate/apenergy A two-step short-term probabilistic wind forecasting methodology based on predictive distribution optimization Mucun Sun a, Cong Feng a, Erol Kevin Chartan b, Bri-Mathias Hodge b,c, Jie Zhang a,⁎ a University of Texas at Dallas, Richardson, TX 75080, USA b National Renewable Energy Laboratory, Golden, CO 80401, USA c University of Colorado Boulder, Boulder, CO 80309, USA HIGHLIGHTS  A pinball loss optimization based probabilistic forecasting method is developed.  The best shape of a predictive distribution is explored and optimized.  The proposed method reduces pinball loss by up to 35% compared to baselines. ARTICLE INFO Keywords: Probabilistic wind forecasting Optimization Surrogate model Machine learning Pinball loss ABSTRACT With increasing wind penetrations into electric power systems, probabilistic wind forecasting becomes more critical to power system operations because of its capability of quantifying wind uncertainties. In this paper, a two-step probabilistic wind forecasting approach based on pinball loss optimization is developed."
Sun20191497,A two-step short-term probabilistic wind forecasting methodology based on predictive distribution optimization,pattern,2,11,pdf,8,yes,no,"Conclusion This paper developed a two-step probabilistic wind forecasting method based on pinball loss optimization, in conjunction with a multi- model deterministic forecasting framework. Di ﬀerent types of pre- dictive distributions were compared, and the Laplace distribution was found to be the most suitable predictive distribution type. The optimal shape parameter (i.e., standard deviation) of the predictive distribution was determined by minimizing the sum of pinball loss in the training stage."
Sun20191497,A two-step short-term probabilistic wind forecasting methodology based on predictive distribution optimization,pattern,3,9,pdf,4,no,no,"This is mainly because that the persistence deterministic forecasts are more accurate than the M3 forecasts at this location. The models of quantile regression, PS-Laplace with pinball loss optimization, and M3-Laplace without pinball loss optimization (M3-Laplace-w) are used as benchmark models in case studies. The reasons for choosing these three baselines are: (i) quantile re- gression is a widely used method in probabilistic forecasts; (ii) the PS-La- place method allows us to explore the impacts of point forecasts on this two- step probabilistic forecasting framework; (iii) the M3-Laplace-w method allows us to explore the eﬀ ectiveness of pinball loss optimization."
Sun20191497,A two-step short-term probabilistic wind forecasting methodology based on predictive distribution optimization,pattern,4,9,pdf,4,no,no,"Therefore, the Laplace distribution is ﬁnally chosen to generate probabilistic wind speed forecasts. Note that the models of M3-Gaussian, M3-Gamma, and M3-Laplace perform simi- larly, which indicates that the optimization can help achieve better accuracies with di ﬀerent predictive distribution types. For the baseline model of M3-Laplace-w, a random standard deviation value is selected within the range between the minimum and maximum values of the optimal σ.We repeat thisprocess 30 times to obtainan average sum of pinball loss without optimization."
Sun20191497,A two-step short-term probabilistic wind forecasting methodology based on predictive distribution optimization,pattern,5,9,pdf,4,no,no,"Note that the models of M3-Gaussian, M3-Gamma, and M3-Laplace perform simi- larly, which indicates that the optimization can help achieve better accuracies with di ﬀerent predictive distribution types. For the baseline model of M3-Laplace-w, a random standard deviation value is selected within the range between the minimum and maximum values of the optimal σ.We repeat thisprocess 30 times to obtainan average sum of pinball loss without optimization. Probabilistic forecasting results With estimated scale parameters through pinball loss minimization and surrogate modeling, predictive wind speed distributions are de- termined and the quantiles …q qq,,,12 9 9 can be calculated."
Sun20191497,A two-step short-term probabilistic wind forecasting methodology based on predictive distribution optimization,pattern,6,8,pdf,2,yes,no,"Zhang et al. [18] developed a probabilistic forecasting method based on k-nearest neighbor point forecasts through KDE. Wang et al. [19] used deep convolutional neural network and wavelet transform to quantify the wind power uncertainties with respect to model misspeci ﬁcation and data noise. Research objective To adaptively optimize the predictive distribution shape and com- bine the advantages of statistical and machine learning approaches, this paper develops a two-step probabilistic forecasting method based on pinball loss optimization."
Sun20191497,A two-step short-term probabilistic wind forecasting methodology based on predictive distribution optimization,pattern,7,8,pdf,2,yes,no,"Wang et al. [19] used deep convolutional neural network and wavelet transform to quantify the wind power uncertainties with respect to model misspeci ﬁcation and data noise. Research objective To adaptively optimize the predictive distribution shape and com- bine the advantages of statistical and machine learning approaches, this paper develops a two-step probabilistic forecasting method based on pinball loss optimization. Pinball loss is one of the most popular metrics for evaluating the performance of probabilistic forecasting [20]."
Sun20191497,A two-step short-term probabilistic wind forecasting methodology based on predictive distribution optimization,pattern,8,8,pdf,2,yes,no,"Research objective To adaptively optimize the predictive distribution shape and com- bine the advantages of statistical and machine learning approaches, this paper develops a two-step probabilistic forecasting method based on pinball loss optimization. Pinball loss is one of the most popular metrics for evaluating the performance of probabilistic forecasting [20]. First, deterministic forecasts are generated by a machine learning-based multi-model (M3) forecasting framework."
Sun20191497,A two-step short-term probabilistic wind forecasting methodology based on predictive distribution optimization,pattern,9,8,pdf,2,yes,no,"In the second step, a set of optimal standard deviation values are determined through pinball loss optimization at the training stage. The relationship between the deterministic forecasts and the corresponding optimal standard deviations is quanti ﬁed through a SVR surrogate model. At the forecasting stage, we generate deterministic forecasts ﬁrst."
Sun20191497,A two-step short-term probabilistic wind forecasting methodology based on predictive distribution optimization,pattern,10,8,pdf,8,yes,no,"The R2 values of the eight locations of the linear least squares ﬁt are listed in Table 6. The R2 values are close to 1, which also indicates the strong correlation between the deterministic and probabilistic forecasting steps. Conclusion This paper developed a two-step probabilistic wind forecasting method based on pinball loss optimization, in conjunction with a multi- model deterministic forecasting framework."
Buchanan2024,Probabilistic lithium-ion battery state-of-health prediction using convolutional neural networks and Gaussian process regression,pattern,1,5,abstract,,no,no,"Due to the high cost of production and replacement of large lithium-ion battery packs, accurate estimation of battery state-of-health (SOH) has become important. Accurate estimation is especially important for microgrid and transportation industries where operational batteries will be charged intermittently and incompletely. Incomplete charging scenarios provide models with inconsistent inputs, hence, cause inconsistent output accuracies, which are important to quantify in the context of dispatch controllers and predictive maintenance."
Buchanan2024,Probabilistic lithium-ion battery state-of-health prediction using convolutional neural networks and Gaussian process regression,pattern,2,5,abstract,,no,no,"Accurate estimation is especially important for microgrid and transportation industries where operational batteries will be charged intermittently and incompletely. Incomplete charging scenarios provide models with inconsistent inputs, hence, cause inconsistent output accuracies, which are important to quantify in the context of dispatch controllers and predictive maintenance. In this paper, we present a model that provides a probabilistic prediction of battery SOH from periodic charging events as would be encountered in real world operations."
Buchanan2024,Probabilistic lithium-ion battery state-of-health prediction using convolutional neural networks and Gaussian process regression,pattern,3,5,abstract,,no,no,"Incomplete charging scenarios provide models with inconsistent inputs, hence, cause inconsistent output accuracies, which are important to quantify in the context of dispatch controllers and predictive maintenance. In this paper, we present a model that provides a probabilistic prediction of battery SOH from periodic charging events as would be encountered in real world operations. The proposed model combines the feature recognition and many-to-one mapping abilities of the classic convolutional neural network (CNN) with the probabilistic characteristics of Gaussian Process Regression (GPR) models."
Buchanan2024,Probabilistic lithium-ion battery state-of-health prediction using convolutional neural networks and Gaussian process regression,pattern,4,3,pdf,2,no,no,"Such a model will be useful in electric fleet management where vehicle charging is inconsistent, resulting in partial charges at different ranges of SOC. Because different ranges of SOC will provide different prediction accuracies, providing error bounds on the prediction will enable fleet managers to make more confident decisions by reliably identifying ESSs that are out of normal ranges within the fleet. Additionally, providing error metrics on the SOH prediction will allow battery management systems to operate more accurately under partial charging conditions as present in microgrid applications requiring real time dispatch controllers."
Buchanan2024,Probabilistic lithium-ion battery state-of-health prediction using convolutional neural networks and Gaussian process regression,pattern,5,3,pdf,2,no,no,"Because different ranges of SOC will provide different prediction accuracies, providing error bounds on the prediction will enable fleet managers to make more confident decisions by reliably identifying ESSs that are out of normal ranges within the fleet. Additionally, providing error metrics on the SOH prediction will allow battery management systems to operate more accurately under partial charging conditions as present in microgrid applications requiring real time dispatch controllers. The remainder of this paper describes the test setup and data collection in Section 2, the Data-Driven CNN in Section 3, the CNN- only model tuning in Section 4, the models relationship to the data through integrated gradients in Section 5, the method for sampling random partial charge cycles in Section 6, and finally a discussion of the combined CNN-GPR in Section 7 followed by conclusions."
Buchanan2024,Probabilistic lithium-ion battery state-of-health prediction using convolutional neural networks and Gaussian process regression,pattern,6,3,pdf,2,no,no,"Additionally, providing error metrics on the SOH prediction will allow battery management systems to operate more accurately under partial charging conditions as present in microgrid applications requiring real time dispatch controllers. The remainder of this paper describes the test setup and data collection in Section 2, the Data-Driven CNN in Section 3, the CNN- only model tuning in Section 4, the models relationship to the data through integrated gradients in Section 5, the method for sampling random partial charge cycles in Section 6, and finally a discussion of the combined CNN-GPR in Section 7 followed by conclusions. Data collection and experiment design The data used for training and validation in this paper is from ex- periments performed at the Pacific Regional Institute of Marine Energy Discovery (PRIMED) Battery Lab."
Buchanan2024,Probabilistic lithium-ion battery state-of-health prediction using convolutional neural networks and Gaussian process regression,pattern,7,3,pdf,2,no,no,"The cycling of the 16 batteries, 1 per channel, followed the same general schedule of 14 days of degradation cycling intersected with a character- ization cycle. Twelve of the sixteen channels were cycled with constant current charge/discharge cycles with different𝐷𝑂𝐷𝑖 and 𝐶𝑖. Two of the remaining channels were cycled with a dynamic degradation cycle that was designed to approximate the charge discharge pattern of an ESS connected to a solar array."
Buchanan2024,Probabilistic lithium-ion battery state-of-health prediction using convolutional neural networks and Gaussian process regression,pattern,8,3,pdf,2,no,no,"Twelve of the sixteen channels were cycled with constant current charge/discharge cycles with different𝐷𝑂𝐷𝑖 and 𝐶𝑖. Two of the remaining channels were cycled with a dynamic degradation cycle that was designed to approximate the charge discharge pattern of an ESS connected to a solar array. The final two channels were calendar ageing cycles, hence, maintained a rest state for the degradation cycle."
Buchanan2024,Probabilistic lithium-ion battery state-of-health prediction using convolutional neural networks and Gaussian process regression,pattern,9,3,pdf,2,no,no,"Two of the remaining channels were cycled with a dynamic degradation cycle that was designed to approximate the charge discharge pattern of an ESS connected to a solar array. The final two channels were calendar ageing cycles, hence, maintained a rest state for the degradation cycle. The characterization, static degradation, and dynamic degradation cycles are described in the following subsections."
Wang2022812,A Data-Driven Uncertainty Quantification Method for Stochastic Economic Dispatch,doe,,0,,,no,no,
Yan2019625,Analytical Iterative Multistep Interval Forecasts of Wind Generation Based on TLGP,pattern,1,7,pdf,1,no,no,"Prob- abilistic forecasting has been widely used in the research of energy storage [3], reserve quantiﬁcation [4], unit commitment and market trading [5]. In [6], probabilistic forecasting was used to estimate dynamic operation reserve requirements based on the uncertainty information in each forecasting interval. It was found that probabilistic wind power forecasting, together with a proper demand dispatch plan, can contribute signiﬁcantly to the efﬁcient and economic operation of electricity markets and im- prove unit commitment."
Yan2019625,Analytical Iterative Multistep Interval Forecasts of Wind Generation Based on TLGP,pattern,2,6,pdf,1,no,no,"IEEE TRANSACTIONS ON SUSTAINABLE ENERGY , VOL. 2, APRIL 2019 625 Analytical Iterative Multistep Interval Forecasts of Wind Generation Based on TLGP Juan Y an , Member , IEEE,K a n gL i, Senior Member , IEEE,E r w e iB a i , Fellow, IEEE, Xiaodong Zhao , Y usheng Xue, and Aoife M. Foley, Member , IEEE Abstract—Probabilistic wind power forecasting has become an important tool for optimal economic dispatch and unit commitment of modern power systems with signiﬁcant renewable energy penetrations."
Yan2019625,Analytical Iterative Multistep Interval Forecasts of Wind Generation Based on TLGP,pattern,3,6,pdf,4,no,no,"Such uncertainty propagation rules under a random input apply the same to GP . ∂μx∗ ∂x∗ d = ∂B(x∗) ∂x∗ d C− 1 Yt Yt (12) ∂2σ2 (x∗) ∂x∗ d∂x∗e = − 2∂B(x∗) ∂x∗ d C− 1 Yt ∂B(x∗)T ∂x∗e − 2∂2B (x∗) ∂x∗ d∂x∗e C− 1 Yt B(x∗)T + ∂2Φ( x∗) ∂x∗ d∂x∗e (13) Here, the subscribtiond, e represent the dth and eth elements of the input vector. For the square exponential covariance func- tion Φ in (3), the ﬁrst order and second order partial derivatives of B can be written in the following form shown in (14) and (15). ∂Bi (x∗) ∂x∗ d ⏐⏐⏐⏐ x∗=μx∗ = ωd ( xi d − μx∗ d ) Bi (μx∗) (14) ∂2Bi (x∗) ∂x∗ d∂x∗e ⏐⏐⏐⏐ x∗=μx∗ = ωd[− δde + ( xi d − μx∗ d ) ωe ( xi e − μx∗e ) ]Bi (μx∗) (15) where Bi refers to the ith element in B, and ∂2 Φ( x∗) ∂x∗ d ∂x∗e =0 . Uncertainty Propagation in Iterative Multi-Step F orecasting Multi-horizon forecasting can be effectively achieved by em- ploying the multi-step iterative forecasting, where the new esti- mation ˆyt together with its variance σ2 t will be used to construct the new input xt+1 and further, to make the next step prediction ˆyt+1 , until the desired steps are achieved."
Yan2019625,Analytical Iterative Multistep Interval Forecasts of Wind Generation Based on TLGP,pattern,4,5,abstract,,no,yes,"Probabilistic wind power forecasting has become an important tool for optimal economic dispatch and unit commitment of modern power systems with significant renewable energy penetrations. Ensemble forecasting based on Monte Carlo simulation has been widely adopted by grid operators, but other probabilistic approaches, such as multistep iterative wind power forecasting have not yet been fully explored."
Yan2019625,Analytical Iterative Multistep Interval Forecasts of Wind Generation Based on TLGP,pattern,5,4,pdf,1,no,no,"In [6], probabilistic forecasting was used to estimate dynamic operation reserve requirements based on the uncertainty information in each forecasting interval. It was found that probabilistic wind power forecasting, together with a proper demand dispatch plan, can contribute signiﬁcantly to the efﬁcient and economic operation of electricity markets and im- prove unit commitment. In [7], optimal bidding strategies were developed based on the probabilistic forecasting and sensitivity modelling, which increase revenues for stakeholders and maxi- mize the beneﬁts of wind power generation."
Yan2019625,Analytical Iterative Multistep Interval Forecasts of Wind Generation Based on TLGP,pattern,6,4,pdf,1,no,no,"It was found that probabilistic wind power forecasting, together with a proper demand dispatch plan, can contribute signiﬁcantly to the efﬁcient and economic operation of electricity markets and im- prove unit commitment. In [7], optimal bidding strategies were developed based on the probabilistic forecasting and sensitivity modelling, which increase revenues for stakeholders and maxi- mize the beneﬁts of wind power generation. In [8] it was shown that the uncertainty assessment of wind power prediction us- ing local quantile regression beneﬁts the grid operations when incorporated in real-time energy management systems."
Yan2019625,Analytical Iterative Multistep Interval Forecasts of Wind Generation Based on TLGP,pattern,7,3,pdf,1,no,yes,"2, APRIL 2019 625 Analytical Iterative Multistep Interval Forecasts of Wind Generation Based on TLGP Juan Y an , Member , IEEE,K a n gL i, Senior Member , IEEE,E r w e iB a i , Fellow, IEEE, Xiaodong Zhao , Y usheng Xue, and Aoife M. Foley, Member , IEEE Abstract—Probabilistic wind power forecasting has become an important tool for optimal economic dispatch and unit commitment of modern power systems with signiﬁcant renewable energy penetrations. Ensemble forecasting based on Monte Carlo simulation has been widely adopted by grid operators, but other probabilistic approaches, such as multistep iterative wind power forecasting have not yet been fully explored."
Yan2019625,Analytical Iterative Multistep Interval Forecasts of Wind Generation Based on TLGP,pattern,8,3,pdf,1,no,yes,"Foley, Member , IEEE Abstract—Probabilistic wind power forecasting has become an important tool for optimal economic dispatch and unit commitment of modern power systems with signiﬁcant renewable energy penetrations. Ensemble forecasting based on Monte Carlo simulation has been widely adopted by grid operators, but other probabilistic approaches, such as multistep iterative wind power forecasting have not yet been fully explored. The associated uncertainty analysis is an important yet challenging issue in this area."
Yan2019625,Analytical Iterative Multistep Interval Forecasts of Wind Generation Based on TLGP,pattern,9,3,pdf,11,no,no,"C ONCLUSION Both TLGP and GP are convenient for interval forecasting by nature with no need to calculate each of the single quantile numerically. For the non-Gaussian noise in the wind generation which is generated by the non-linear transformation between wind speed and wind power, TLGP was proposed to approx- imate Gaussian-like behavior in each short time window. In this work, the uncertainty propagation of the iterative multistep forecasting was analyzed for the ﬁrst time and the analytical interval forecasts were given for each step."
Yan2019625,Analytical Iterative Multistep Interval Forecasts of Wind Generation Based on TLGP,pattern,10,3,pdf,11,no,no,"For the non-Gaussian noise in the wind generation which is generated by the non-linear transformation between wind speed and wind power, TLGP was proposed to approx- imate Gaussian-like behavior in each short time window. In this work, the uncertainty propagation of the iterative multistep forecasting was analyzed for the ﬁrst time and the analytical interval forecasts were given for each step. While the traditional probabilistic approach relies mainly on statistically analyzing the forecasting error, this method provide one way of looking at the uncertainty variation at different time instants for different forecasting horizons."
Oyedeji2023,Computational Models for Forecasting Electric Vehicle Energy Demand,validation,,0,,,no,no,
Kim2021,Probabilistic modeling of wind energy potential for power grid expansion planning,pattern,1,10,abstract,,yes,no,"The increasing integration of wind energy generation into energy systems has led to difficulties in power flow calculations due to uncertainty and variability, which significantly affect the stability and reliability of power grids. Consequently, it is critical to evaluate the energy security limit of power grids based on probabilistic approaches. In this paper, we propose the probabilistic modeling of wind energy potential for power grid expansion planning."
Kim2021,Probabilistic modeling of wind energy potential for power grid expansion planning,pattern,2,1,pdf,10,no,no,"Energy for the future: an integrated decision aid for the case of Turkey. Energy 2014;29:137 e54. [17] Lyu JK, Heo JH, Park JK. Evaluation of ramping capability for day-ahead unit commitment considering wind power variability."
Kim2021,Probabilistic modeling of wind energy potential for power grid expansion planning,pattern,3,1,pdf,10,no,no,"Energy 2014;29:137 e54. [17] Lyu JK, Heo JH, Park JK. Evaluation of ramping capability for day-ahead unit commitment considering wind power variability. Trans Korean Inst Electr Eng 2013;62:457e66. [18] Cheng H, Hou Y, Wu F."
Kim2021,Probabilistic modeling of wind energy potential for power grid expansion planning,pattern,4,1,pdf,10,no,no,"Evaluation of ramping capability for day-ahead unit commitment considering wind power variability. Trans Korean Inst Electr Eng 2013;62:457e66. [18] Cheng H, Hou Y, Wu F. Probabilistic wind power generation model: derivation and application."
Kim2021,Probabilistic modeling of wind energy potential for power grid expansion planning,pattern,5,1,pdf,10,no,no,"Public acceptance and prefer- ences related to renewable energy and grid expansion policy: empirical in- sights for Germany. Energy 2016;114:465 e77. [26] Collins S, Deane JP, Gallachoir BO. Adding value to EU energy policy analysis using a multi-model approach with an EU-28 electricity dispatch model."
Kim2021,Probabilistic modeling of wind energy potential for power grid expansion planning,pattern,6,1,pdf,10,no,no,"Energy 2016;114:465 e77. [26] Collins S, Deane JP, Gallachoir BO. Adding value to EU energy policy analysis using a multi-model approach with an EU-28 electricity dispatch model. Energy 2017;130:433 e47. [27] Deane JP, Chiodi A, Gargiulo M, Gallachoir BO."
Kim2021,Probabilistic modeling of wind energy potential for power grid expansion planning,pattern,7,1,pdf,10,no,no,"Adding value to EU energy policy analysis using a multi-model approach with an EU-28 electricity dispatch model. Energy 2017;130:433 e47. [27] Deane JP, Chiodi A, Gargiulo M, Gallachoir BO. Soft-linking of a power systems model to an energy systems model."
Kim2021,Probabilistic modeling of wind energy potential for power grid expansion planning,pattern,8,1,pdf,11,no,no,"Spatial prediction of renewable energy resources for reinforcing and expanding power grids. Energy 2018;164:757 e72. [41] Brus DJ, Heuvelink GBM. Optimization of sample patterns for universal kriging of environmental variables."
Kim2021,Probabilistic modeling of wind energy potential for power grid expansion planning,pattern,9,1,pdf,11,no,no,"Energy 2018;164:757 e72. [41] Brus DJ, Heuvelink GBM. Optimization of sample patterns for universal kriging of environmental variables. Geoderma 2007;138:86 e95. [42] Im JE, Yoon SH."
Kim2021,Probabilistic modeling of wind energy potential for power grid expansion planning,pattern,10,1,pdf,11,no,no,"Optimization of sample patterns for universal kriging of environmental variables. Geoderma 2007;138:86 e95. [42] Im JE, Yoon SH. Comparison of quantitative precipitation estimate using geostatistical models."
Simonson202036,Probabilistic Modeling of Thermal Grids using Gaussian Processes,validation,,0,,,no,no,
Dong2024,Design and optimal scheduling of forecasting-based campus multi-energy complementary energy system,pattern,1,10,pdf,3,no,no,"Deng et al. [ 37 ] established a sandwich corrugated square tube optimization model. To simplify the optimization process, an SM was developed using a radial basis function, and multi-objective particle swarm optimization (MOPSO) was used to generate the optimal solution. Li et al. [ 38 ] pro - posed an optimization model for a desiccant wheel."
Dong2024,Design and optimal scheduling of forecasting-based campus multi-energy complementary energy system,pattern,2,7,pdf,3,no,no,"However, their study did not focus on optimal point selection from the Pareto solution set. Deng et al. [ 37 ] established a sandwich corrugated square tube optimization model. To simplify the optimization process, an SM was developed using a radial basis function, and multi-objective particle swarm optimization (MOPSO) was used to generate the optimal solution."
Dong2024,Design and optimal scheduling of forecasting-based campus multi-energy complementary energy system,pattern,3,7,pdf,3,no,no,"To simplify the optimization process, an SM was developed using a radial basis function, and multi-objective particle swarm optimization (MOPSO) was used to generate the optimal solution. Li et al. [ 38 ] pro - posed an optimization model for a desiccant wheel. First, the Pareto solution set was generated using the NSGA-II, and the final optimal point was selected using the technique for order preference by considering the similarity to TOPSIS."
Dong2024,Design and optimal scheduling of forecasting-based campus multi-energy complementary energy system,pattern,4,4,pdf,3,no,no,"During operation, balancing this highly complex, non-linear, and non-convex supply–demand relationship is crucial, and approaches to reduce oper - ating costs, minimize emissions, and enhance user comfort must also be considered [ 33 ]. Therefore, multi-objective optimization is the optimal scheduling process of the MCES, and establishing a multi-objective optimal scheduling strategy (MOSS) to realize effective scheduling of the MCES is challenging. Chung et al. [ 34 ] developed a multi-objective optimization model for a desiccant wheel."
Dong2024,Design and optimal scheduling of forecasting-based campus multi-energy complementary energy system,pattern,5,4,pdf,3,no,no,"Therefore, multi-objective optimization is the optimal scheduling process of the MCES, and establishing a multi-objective optimal scheduling strategy (MOSS) to realize effective scheduling of the MCES is challenging. Chung et al. [ 34 ] developed a multi-objective optimization model for a desiccant wheel. Based on the decision variables and metamodel, the non-dominated sorting genetic algorithm-II (NSGA-II) was used to generate the Pareto solution set, and the optimal point was selected via multi-criteria decision-making (MCDM)."
Dong2024,Design and optimal scheduling of forecasting-based campus multi-energy complementary energy system,pattern,6,4,pdf,3,no,no,"Chung et al. [ 34 ] developed a multi-objective optimization model for a desiccant wheel. Based on the decision variables and metamodel, the non-dominated sorting genetic algorithm-II (NSGA-II) was used to generate the Pareto solution set, and the optimal point was selected via multi-criteria decision-making (MCDM). Bai et al. [ 35 ] proposed a two-level parallel optimization model wherein the multi-objective function was divided into several parallel individual objectives."
Dong2024,Design and optimal scheduling of forecasting-based campus multi-energy complementary energy system,pattern,7,4,pdf,3,no,no,"Mainstream approaches for establishing the Pareto frontier set include the NSGA-II, the fruit fly optimization algorithm [ 41 ], and MOPSO. The NSGA-II adopts an elite approach and a fast, non-dominated sorting algorithm to ensure a high solving velocity, ensuring that excellent solutions are not lost. Therefore, the NSGA-II has remarkable global optimization performance and is widely used to generate a Pareto frontier set [ 42 ]."
Dong2024,Design and optimal scheduling of forecasting-based campus multi-energy complementary energy system,pattern,8,3,pdf,10,no,no,Three different models were compared using the same scheduling policy (SMLDAE-NSGA-II-DRL) under three optimization objectives to verify the validity of the proposed model. All models were compared using the 2021 full-year data. A comparison of the results is presented in Table 3 and Fig.
Dong2024,Design and optimal scheduling of forecasting-based campus multi-energy complementary energy system,pattern,9,3,pdf,12,no,no,"Thus, the proposed strategy can better balance the three optimization objectives, achieve reasonable completion of scheduling work, and reduce unnecessary energy losses. Table 4 lists the comparison results for the daily average values of the different scheduling strategies under the three objectives. The proposed strategy can effectively reduce environmental pollution and costs, but at the expense of the thermal comfort objective (the value of A 3 is larger)."
Dong2024,Design and optimal scheduling of forecasting-based campus multi-energy complementary energy system,pattern,10,3,pdf,13,no,no,Data availability Data will be made available on request. Glossary Absorption chiller/heater ACH Batch gradient descent optimization BGDO Bidirectional long short-term memory BiLSTM Crowding distance calculation CDC Convolutional neural network CNN Deep neural network DNN Deep reinforcement learning DRL Electric chiller/heater ECH Energy hub EH Fuel cell FC Genetic algorithm GA Gas boiler GB Gas-turbine generator GTG Heat-recovery boiler HCB High-order fuzzy cognitive mapping neural network HFCMNN Hydrogen production system HPS Heat storage tank HST Mean absolute error MAE Multi-energy complementary energy system MCES Multi-criteria decision-making MCDM Multi-scale mathematical morphological decomposition MMMD Fig. Hourly average reward of different strategies.
Salahinezhad2025,Trade-off analysis for optimal design of trigeneration energy systems integrated with solar and hydrogen subsystems: A novel optimization strategy,pattern,1,17,pdf,1,yes,no,"Trade-off analysis for optimal design of trigeneration energy systems integrated with solar and hydrogen subsystems: A novel optimization strategy Mohammad Salahinezhad a , * , Hamed Tahami b , Seyedeh Elham Kamali c , Ehsan Saedpanah d a Department of Engineering, Faculty of Mechanical Engineering, Islamic Azad University Sari Branch, Iran b School of Industrial and Information Engineering, Politecnico di Milano, 20133, Milan, Italy c Department of Mechanical and Industrial Engineering, University of Newhaven, Newhaven, United States d Faculty of Mechanical Engineering, Tarbiat Modares University, PO Box 14115-143, Tehran, Iran ARTICLE INFO Keywords: Solar collector Transient simulation Multi-objective optimization Life cycle assessment Hybrid energy systems Cooling systems ABSTRACT This study presents a novel optimization strategy, called the transient simulation-response surface method-life cycle assessment (TRS-RSM-LCA), for the optimal design of a trigeneration or combined cooling, heat, and power (CCHP) system incorporating solar collectors and hydrogen generation subsystems. The TRS-RSM-LCA aims to achieve the optimal energy, economic, and environmental (3E) design of the proposed hybrid energy system throughout its lifespan. The optimization study considers the solar collector area and fuel cell capacity as numeric factors, and the solar collector type and cooling system type as categoric factors."
Salahinezhad2025,Trade-off analysis for optimal design of trigeneration energy systems integrated with solar and hydrogen subsystems: A novel optimization strategy,pattern,2,13,abstract,,yes,no,"This study presents a novel optimization strategy, called the transient simulation-response surface method-life cycle assessment (TRS-RSM-LCA), for the optimal design of a trigeneration or combined cooling, heat, and power (CCHP) system incorporating solar collectors and hydrogen generation subsystems. The TRS-RSM-LCA aims to achieve the optimal energy, economic, and environmental (3E) design of the proposed hybrid energy system throughout its lifespan. The optimization study considers the solar collector area and fuel cell capacity as numeric factors, and the solar collector type and cooling system type as categoric factors."
Salahinezhad2025,Trade-off analysis for optimal design of trigeneration energy systems integrated with solar and hydrogen subsystems: A novel optimization strategy,pattern,3,12,pdf,11,no,no,94 Confirmation run ( CR ) maximum error 3 . 58% Table 6 Comparing the optimum solutions and computational costs of the TRS-RSM-LCA optimization strategy and the genetic algorithm (GA) method. Optimization factors Results obtained from the TRS- RSM-LCA optimization strategy Results obtained from the Genetic Algorithm (GA) optimization strategy Difference between TRS-RSM- LCA results compared to GA results solar collector area (m 2 ) 213.39 208.22 2.48 % FC capacity (kW) 28.35 29.59 4.19 % solar collector type/cooling system type PVT/AC PVT/AC same Computational time (s) 345 1908 81.9 % (reduction in computational costs compared to GA) M.
Salahinezhad2025,Trade-off analysis for optimal design of trigeneration energy systems integrated with solar and hydrogen subsystems: A novel optimization strategy,pattern,4,12,pdf,11,no,no,58% Table 6 Comparing the optimum solutions and computational costs of the TRS-RSM-LCA optimization strategy and the genetic algorithm (GA) method. Optimization factors Results obtained from the TRS- RSM-LCA optimization strategy Results obtained from the Genetic Algorithm (GA) optimization strategy Difference between TRS-RSM- LCA results compared to GA results solar collector area (m 2 ) 213.39 208.22 2.48 % FC capacity (kW) 28.35 29.59 4.19 % solar collector type/cooling system type PVT/AC PVT/AC same Computational time (s) 345 1908 81.9 % (reduction in computational costs compared to GA) M. Renewable Energy 240 (2025) 122211 11
Salahinezhad2025,Trade-off analysis for optimal design of trigeneration energy systems integrated with solar and hydrogen subsystems: A novel optimization strategy,pattern,5,9,pdf,11,no,no,"Error bars indicate the variability in experimental measurements, further validating the reliability of the simulation approach. Optimization results The traditional multi-objective optimization process typically in- volves first obtaining the Pareto optimal solutions, and then selecting a specific solution based on different decision-making strategies. How- ever, in this study, a different approach employed using the TRS-RSM- LCA optimization strategy."
Salahinezhad2025,Trade-off analysis for optimal design of trigeneration energy systems integrated with solar and hydrogen subsystems: A novel optimization strategy,pattern,6,9,pdf,11,no,no,"Optimization results The traditional multi-objective optimization process typically in- volves first obtaining the Pareto optimal solutions, and then selecting a specific solution based on different decision-making strategies. How- ever, in this study, a different approach employed using the TRS-RSM- LCA optimization strategy. This approach allows to efficiently identify the optimal system design without the need for a separate Pareto opti- mization stage."
Salahinezhad2025,Trade-off analysis for optimal design of trigeneration energy systems integrated with solar and hydrogen subsystems: A novel optimization strategy,pattern,7,9,pdf,11,no,no,Optimization factors Results obtained from the TRS- RSM-LCA optimization strategy Results obtained from the Genetic Algorithm (GA) optimization strategy Difference between TRS-RSM- LCA results compared to GA results solar collector area (m 2 ) 213.39 208.22 2.48 % FC capacity (kW) 28.35 29.59 4.19 % solar collector type/cooling system type PVT/AC PVT/AC same Computational time (s) 345 1908 81.9 % (reduction in computational costs compared to GA) M. Renewable Energy 240 (2025) 122211 11
Salahinezhad2025,Trade-off analysis for optimal design of trigeneration energy systems integrated with solar and hydrogen subsystems: A novel optimization strategy,pattern,8,9,pdf,12,no,no,"The results show that the maximum error observed is 3.58 %, indicating that the proposed optimization technique achieves an acceptable level of accuracy with lower calculation costs. The confir- mation run results, along with the CD metric, confirm the effectiveness and reliability of the employed optimization strategy. In Table 6 , a comparative analysis is provided between the proposed TRS-RSM-LCA optimization strategy and the Genetic Algorithm (GA) for the trigeneration system."
Salahinezhad2025,Trade-off analysis for optimal design of trigeneration energy systems integrated with solar and hydrogen subsystems: A novel optimization strategy,pattern,9,9,pdf,20,no,yes,"Additionally, applying the TRS-RSM-LCA methodology to other hybrid systems or in different climatic regions could offer valuable in- sights into regional optimization strategies. Finally, incorporating advanced optimization techniques, such as machine learning algo- rithms, could enhance the accuracy and computational efficiency of the optimization process, providing a more comprehensive approach to sustainable energy system design. Conclusions In conclusion, this paper introduced the transient simulation- response surface method-life cycle assessment (TRS-RSM-LCA) as a groundbreaking optimization strategy for designing combined cooling, heat, and power (CCHP) systems that integrate solar collectors and hydrogen generation subsystems."
Salahinezhad2025,Trade-off analysis for optimal design of trigeneration energy systems integrated with solar and hydrogen subsystems: A novel optimization strategy,pattern,10,9,pdf,20,no,no,"Finally, incorporating advanced optimization techniques, such as machine learning algo- rithms, could enhance the accuracy and computational efficiency of the optimization process, providing a more comprehensive approach to sustainable energy system design. Conclusions In conclusion, this paper introduced the transient simulation- response surface method-life cycle assessment (TRS-RSM-LCA) as a groundbreaking optimization strategy for designing combined cooling, heat, and power (CCHP) systems that integrate solar collectors and hydrogen generation subsystems. This innovative approach not only targets the optimal energy, economic, and environmental (3E) perfor- mance of hybrid energy systems over their lifespan but also contributes meaningfully to the broader discourse on sustainable energy solutions."
Lalitha20231401,Multi-objective approach for protection of microgrids using surrogate assisted particle swarm optimization (SAPSO),validation,1,3,pdf,7,no,no,"The key feature in SAPSO is the sampling and the clas- sification of the solutions (Olivares et al. The param- eters for SAPSO are shown in Table 1. 1 SAPSO updating mecha- nism Table 1 Parameters of SAPSO Parameters Specification Population size, Np 50 Inertia weight /u1D714 0.7 Learning rate C1, C2 1, 2 Learning factor /u1D70F 0.02 Prediction accuracy /u1D700 {0, 1} Classification cost 5 No. of greedy searches 1000"
Lalitha20231401,Multi-objective approach for protection of microgrids using surrogate assisted particle swarm optimization (SAPSO),validation,2,3,pdf,7,no,no,"The param- eters for SAPSO are shown in Table 1. 1 SAPSO updating mecha- nism Table 1 Parameters of SAPSO Parameters Specification Population size, Np 50 Inertia weight /u1D714 0.7 Learning rate C1, C2 1, 2 Learning factor /u1D70F 0.02 Prediction accuracy /u1D700 {0, 1} Classification cost 5 No. of greedy searches 1000"
alahmad_optimizing_2025,Optimizing renewable energy and green technologies in distribution systems through stochastic planning of distributed energy resources,pattern,1,9,pdf,17,no,no,"Furthermore, to maintain network stability, the power flow along each branch must not surpass its rated capacity, a condition rigorously stipulated in (110). (∀ i ∈ Φ DSS , ∀ j ∈ Φ DSS , ∀ s ∈ Φ S , t ∈ Φ T , d ∈ Φ D , m ∈ Φ M ) V min j ⩽ V j , t , s , d , m ⩽ V max j (107) AP min j , DSS ⩽ AP DSS i , t , s , d , m ⩽ AP max j , DSS (108) RP min j , DSS ⩽ RP DSS i , t , s , d , m ⩽ RP max j , DSS (109) ⃒ ⃒ ⃒ A brch ij , t , s , d , m ⃒ ⃒ ⃒ ⩽ A rated ij , brch (110) 3.9. Power flow constraints This subsection delineates the mathematical constraints governing power flow dynamics within the system."
alahmad_optimizing_2025,Optimizing renewable energy and green technologies in distribution systems through stochastic planning of distributed energy resources,pattern,2,9,pdf,27,no,no,"However, guided by the developed optimization algorithm, the hybrid SBESSs-MBESSs switch to a discharging mode from 12:00 to 15:00 to assist in covering Table 18 The obtained optimal numerical hourly power dispatch schedule in July considering case 5. Red: Charging; Green: Discharging; Blue: Floating/not available. The optimal hourly power dispatch schedule was obtained in July, considering case 5."
alahmad_optimizing_2025,Optimizing renewable energy and green technologies in distribution systems through stochastic planning of distributed energy resources,pattern,3,8,pdf,19,yes,no,"By hybridizing NSGA-II and MOPSO, the algorithm enhances solution quality, convergence speed, and decision-making robustness in multi-objective optimization con- texts. For a detailed step-by-step procedural guide to the successful implementation of the proposed NSGAII-MOPSO-TOPSIS method, readers are encouraged to refer to our recent published works in [59,60,61,25,22,23,21,29] . Results and discussions To rigorously evaluate the efficacy of our proposed planning model, we employ the 69-bus DS, depicted in Fig."
alahmad_optimizing_2025,Optimizing renewable energy and green technologies in distribution systems through stochastic planning of distributed energy resources,pattern,4,8,pdf,29,yes,no,"The charging and discharging behaviour guided by the designed control strategy for each PEV is illustrated in Fig. This visuali- zation demonstrates that the optimized control strategy restricts each PEV ’ s battery to one cycle, effectively preventing battery degradation, extending its lifespan, and postponing the need for EV owners to invest in purchasing new batteries. Conclusions This paper presents a short-term optimization model integrating RDGs, such as wind and PV DGs, PEV-PLs, SBESSs, and MBESSs, aiming to enhance green energy and PEV penetration in the DS."
alahmad_optimizing_2025,Optimizing renewable energy and green technologies in distribution systems through stochastic planning of distributed energy resources,pattern,5,8,pdf,29,yes,no,"This visuali- zation demonstrates that the optimized control strategy restricts each PEV ’ s battery to one cycle, effectively preventing battery degradation, extending its lifespan, and postponing the need for EV owners to invest in purchasing new batteries. Conclusions This paper presents a short-term optimization model integrating RDGs, such as wind and PV DGs, PEV-PLs, SBESSs, and MBESSs, aiming to enhance green energy and PEV penetration in the DS. The model optimizes decision variables, including RDG location and size, and co- ordinates optimal charging and discharging strategies for SBESS-MBESS- PEV and monthly relocation schedules for MBESSs."
alahmad_optimizing_2025,Optimizing renewable energy and green technologies in distribution systems through stochastic planning of distributed energy resources,pattern,6,8,pdf,29,yes,no,"Conclusions This paper presents a short-term optimization model integrating RDGs, such as wind and PV DGs, PEV-PLs, SBESSs, and MBESSs, aiming to enhance green energy and PEV penetration in the DS. The model optimizes decision variables, including RDG location and size, and co- ordinates optimal charging and discharging strategies for SBESS-MBESS- PEV and monthly relocation schedules for MBESSs. The objective is to minimize annual costs, power loss, and voltage deviation."
alahmad_optimizing_2025,Optimizing renewable energy and green technologies in distribution systems through stochastic planning of distributed energy resources,pattern,7,6,pdf,1,no,no,"Optimizing renewable energy and green technologies in distribution systems through stochastic planning of distributed energy resources Ahmad K. ALAhmad a , Renuga Verayiah a , Hussain Shareef b , c , * , Agileswari Ramasamy a , Saleh Ba-swaimi d a Institute of Power Engineering, Universiti Tenaga Nasional (UNITEN), Putrajaya Campus, Jalan IKRAM-UNITEN, 43000 Kajang, Selangor, Malaysia b Department of Electrical and Communication Engineering, College of Engineering, United Arab Emirates University, P.O. Box 15551, Al Ain, the United Arab Emirates c Emirates Center for Mobility Research, United Arab Emirates University, Al Ain, United Arab Emirates. d Department of Electronic and Communications Engineering, College of Engineering & Petroleum, Hadramout University, Mukalla, Yemen ARTICLE INFO Keywords: Renewable energy Collaborative energy planning Distributed generations (DGs) Plug-in electric vehicles (PEVs) Stationary and mobile battery energy storage systems (SBESSs/MBESSs) Power Distribution System Optimization ABSTRACT This paper introduces a short-term stochastic Mixed Integer Non-Linear Programming (MINLP) multi-objective optimization model designed for collaborative planning."
alahmad_optimizing_2025,Optimizing renewable energy and green technologies in distribution systems through stochastic planning of distributed energy resources,pattern,8,6,pdf,1,no,no,"ALAhmad a , Renuga Verayiah a , Hussain Shareef b , c , * , Agileswari Ramasamy a , Saleh Ba-swaimi d a Institute of Power Engineering, Universiti Tenaga Nasional (UNITEN), Putrajaya Campus, Jalan IKRAM-UNITEN, 43000 Kajang, Selangor, Malaysia b Department of Electrical and Communication Engineering, College of Engineering, United Arab Emirates University, P.O. Box 15551, Al Ain, the United Arab Emirates c Emirates Center for Mobility Research, United Arab Emirates University, Al Ain, United Arab Emirates. d Department of Electronic and Communications Engineering, College of Engineering & Petroleum, Hadramout University, Mukalla, Yemen ARTICLE INFO Keywords: Renewable energy Collaborative energy planning Distributed generations (DGs) Plug-in electric vehicles (PEVs) Stationary and mobile battery energy storage systems (SBESSs/MBESSs) Power Distribution System Optimization ABSTRACT This paper introduces a short-term stochastic Mixed Integer Non-Linear Programming (MINLP) multi-objective optimization model designed for collaborative planning. It integrates renewable-based distributed generations (RDGs) like wind and photovoltaic (PV) sources, plug-in electric vehicle parking lots (PEV-PLs), stationary battery energy storage systems (SBESSs), and mobile battery energy storage systems (MBESSs)."
alahmad_optimizing_2025,Optimizing renewable energy and green technologies in distribution systems through stochastic planning of distributed energy resources,pattern,9,6,pdf,1,no,no,"Box 15551, Al Ain, the United Arab Emirates c Emirates Center for Mobility Research, United Arab Emirates University, Al Ain, United Arab Emirates. d Department of Electronic and Communications Engineering, College of Engineering & Petroleum, Hadramout University, Mukalla, Yemen ARTICLE INFO Keywords: Renewable energy Collaborative energy planning Distributed generations (DGs) Plug-in electric vehicles (PEVs) Stationary and mobile battery energy storage systems (SBESSs/MBESSs) Power Distribution System Optimization ABSTRACT This paper introduces a short-term stochastic Mixed Integer Non-Linear Programming (MINLP) multi-objective optimization model designed for collaborative planning. It integrates renewable-based distributed generations (RDGs) like wind and photovoltaic (PV) sources, plug-in electric vehicle parking lots (PEV-PLs), stationary battery energy storage systems (SBESSs), and mobile battery energy storage systems (MBESSs). The main goal is to enhance the penetration of green energy and Plug-in Electric Vehicles (PEVs) within the distribution system (DS)."
alahmad_optimizing_2025,Optimizing renewable energy and green technologies in distribution systems through stochastic planning of distributed energy resources,pattern,10,6,pdf,17,no,no,"Power flow constraints This subsection delineates the mathematical constraints governing power flow dynamics within the system. Ensuring equilibrium, the injected and computed active and reactive power at each bus are equated, meticulously stipulated in (111). The active and reactive power injections at each bus are determined based on the collective contribu- tions from available DSS, wind DGs, PV DGs, PEV-PLs, SBESSs, MBESSs, commercial loads, and residential loads connected to the respective bus, as outlined in (112) and (113). (∀ i ∈ Φ bus , ∀ i ∈ Φ bus , ∀ s ∈ Φ S , t ∈ Φ T , d ∈ Φ D , m ∈ Φ M ) ⎧ ⎨ ⎩ AP injected i , t , s , d , m = AP calculated i , t , s , d , m RP injected i , t , s , d , m = RP calculated i , t , s , d , m (111) Introducing a binary variable in (114) streamlines the process by indicating the availability of each component."
bendriss_novel_2025,A novel improved Frilled Lizard algorithm for solving the optimal planning problem of renewable energy sources within distribution grids under uncertainties,pattern,1,13,pdf,2,no,no,"These studies involve the application of different optimization techniques, encompassing the whale optimization algo- rithm (WOA) [10], the equilibrium optimizer (EO) algorithm [11], the improved wild horse optimization (IWHO) algorithm [12] and the adaptive particle swarm optimization (APSO) [13] to identify the optimal size and site of DGs for reducing power loss. Also, the coyote optimization algorithm (COA) [14] has been applied to find the best site and size of DG units to reduce power loss, lower operating costs, and improve voltage stability. The modified gravitational search algo- rithm (MGSA) [15], the artificial bee colony (ABC) algorithm [3] and the arithmetic optimization algorithm (AOA) [16] have been employed to identify the best site and location of DG units for reducing power losses and elevate the voltage profile."
bendriss_novel_2025,A novel improved Frilled Lizard algorithm for solving the optimal planning problem of renewable energy sources within distribution grids under uncertainties,pattern,2,13,pdf,2,no,no,"The weighted aggregation particle swarm optimization (WAPSO) algorithm was utilized to reduce power losses, enhance voltage stability, and improve network security while account- ing for uncertainties in solar irradiance and wind speed. Hemeida et al. [19], presented a methodology for optimizing DGs placement in power systems considering load uncertainties. The approach utilizes Monte Carlo simulation to generate various load scenarios employing four bio-inspired optimization techniques, namely grey wolf optimiza- tion (GWO), manta ray foraging optimization (MRFO), satin bowerbird optimization (SBO), and whale optimization algorithm (WOA)."
bendriss_novel_2025,A novel improved Frilled Lizard algorithm for solving the optimal planning problem of renewable energy sources within distribution grids under uncertainties,pattern,3,10,pdf,2,no,yes,"In the academic literature, many studies have attempted to solve the optimal planning problem (OPP) of DGs within the RDG, each considering specific objectives, either as a single or multi-objective problem formulation. These studies involve the application of different optimization techniques, encompassing the whale optimization algo- rithm (WOA) [10], the equilibrium optimizer (EO) algorithm [11], the improved wild horse optimization (IWHO) algorithm [12] and the adaptive particle swarm optimization (APSO) [13] to identify the optimal size and site of DGs for reducing power loss. Also, the coyote optimization algorithm (COA) [14] has been applied to find the best site and size of DG units to reduce power loss, lower operating costs, and improve voltage stability."
bendriss_novel_2025,A novel improved Frilled Lizard algorithm for solving the optimal planning problem of renewable energy sources within distribution grids under uncertainties,pattern,4,10,pdf,2,no,no,"Hemeida et al. [19], presented a methodology for optimizing DGs placement in power systems considering load uncertainties. The approach utilizes Monte Carlo simulation to generate various load scenarios employing four bio-inspired optimization techniques, namely grey wolf optimiza- tion (GWO), manta ray foraging optimization (MRFO), satin bowerbird optimization (SBO), and whale optimization algorithm (WOA). The objective was to reduce active power loss, voltage deviation, and maximize the voltage stability index."
bendriss_novel_2025,A novel improved Frilled Lizard algorithm for solving the optimal planning problem of renewable energy sources within distribution grids under uncertainties,pattern,5,10,pdf,2,no,yes,"The approach utilizes Monte Carlo simulation to generate various load scenarios employing four bio-inspired optimization techniques, namely grey wolf optimiza- tion (GWO), manta ray foraging optimization (MRFO), satin bowerbird optimization (SBO), and whale optimization algorithm (WOA). The objective was to reduce active power loss, voltage deviation, and maximize the voltage stability index. In [20], the authors suggested a strategy for allocating PV and battery energy storage systems using a modified Henry gas solubility optimization (HGSO) algorithm to minimize total system power loss, considering PV generation uncer- tainties and time-varying loads."
bendriss_novel_2025,A novel improved Frilled Lizard algorithm for solving the optimal planning problem of renewable energy sources within distribution grids under uncertainties,pattern,6,10,pdf,2,no,no,"Our primary objective includes minimizing average annual power losses and voltage deviation (VD) while maximizing the yearly aver- age voltage stability index (VSI) within operational constraints. The study considers uncertainties in RES, including fluctuations in wind speed, availability of solar irradiance, temperature variations, and time- varying load demand, based on real historical collected data from the study area over a seasonal planning horizon. The proposed approach is evaluated against several established optimization techniques, includ- ing the well-known Grey Wolf Optimizer (GWO) [27], Harris Hawks optimization (HHO) [28], Chernobyl Disaster Optimizer (CDO) [29], Dingo Optimization Algorithm (DOA) [30], Whale Optimization Algo- rithm (WOA) [31], Black-winged Kite Algorithm (BKA) [32] and the original FLO [33]."
bendriss_novel_2025,A novel improved Frilled Lizard algorithm for solving the optimal planning problem of renewable energy sources within distribution grids under uncertainties,pattern,7,10,pdf,2,no,no,"The study considers uncertainties in RES, including fluctuations in wind speed, availability of solar irradiance, temperature variations, and time- varying load demand, based on real historical collected data from the study area over a seasonal planning horizon. The proposed approach is evaluated against several established optimization techniques, includ- ing the well-known Grey Wolf Optimizer (GWO) [27], Harris Hawks optimization (HHO) [28], Chernobyl Disaster Optimizer (CDO) [29], Dingo Optimization Algorithm (DOA) [30], Whale Optimization Algo- rithm (WOA) [31], Black-winged Kite Algorithm (BKA) [32] and the original FLO [33]. However, the novelty and main achievements of this research are summarized below: 1."
bendriss_novel_2025,A novel improved Frilled Lizard algorithm for solving the optimal planning problem of renewable energy sources within distribution grids under uncertainties,pattern,8,10,pdf,2,no,no,"The proposed approach is evaluated against several established optimization techniques, includ- ing the well-known Grey Wolf Optimizer (GWO) [27], Harris Hawks optimization (HHO) [28], Chernobyl Disaster Optimizer (CDO) [29], Dingo Optimization Algorithm (DOA) [30], Whale Optimization Algo- rithm (WOA) [31], Black-winged Kite Algorithm (BKA) [32] and the original FLO [33]. However, the novelty and main achievements of this research are summarized below: 1. A novel Improved Frilled Lizard (IFLO) Algorithm is developed and proposed to solve the optimal planning problem (OPP) of RESs within the radial distribution grids (RDGs)."
bendriss_novel_2025,A novel improved Frilled Lizard algorithm for solving the optimal planning problem of renewable energy sources within distribution grids under uncertainties,pattern,9,8,abstract,,no,no,"In this research, a new improved frilled lizard optimization algorithm is designed and proposed to address the optimal planning problem of renewable energy sources-based distributed generation within radial distribution grids. The primary objective is to minimize power losses, elevate the voltage profile, and improve voltage stability, formulated as a multi-objective optimization problem."
bendriss_novel_2025,A novel improved Frilled Lizard algorithm for solving the optimal planning problem of renewable energy sources within distribution grids under uncertainties,pattern,10,8,abstract,,no,no,"To this end, we have developed an appropriate probability model to estimate the stochastic power generation from renewable energy sources based on hourly seasonal data, including wind speed, solar irradiance, and ambient temperature collected over a specified time frame and location. The developed improved frilled lizard optimization technique incorporates three distinct strategies: fitness distance balance, quasi-opposite-based learning, and Cauchy mutation, to enhance its searching capabilities and avoid falling into local optimal traps. The suggested improved frilled lizard optimization is successfully applied to identify the optimal locations and rating capacities of solar photovoltaic strings and wind turbines, as well as the power factor of wind turbines."
Zhang20203731,Two-Stage Optimal Operation Strategy of Isolated Microgrid with TSK Fuzzy Identification of Supply Security,pattern,1,13,pdf,2,no,no,"There are mainly three approaches: 1) fuzzy optimization; 2) stochastic optimization; and 3) robust optimization (RO). The ﬁrst one depends mainly on the membership function of the decision- makers’ experience, which can be subjective and not suitable for real-world applications [5], [6]. Stochastic optimization requires probabilistic information, which is either difﬁcult to obtain or not accurate enough for optimization [7], [8]."
Zhang20203731,Two-Stage Optimal Operation Strategy of Isolated Microgrid with TSK Fuzzy Identification of Supply Security,pattern,2,12,pdf,11,no,no,"The system model can be uncertain, multiobjective, and complex coupled, hence, this article proposes a two-stage optimization approach with supply-security identiﬁcation. The TSK fuzzy approach can properly identify the relationship between uncertainty pa- rameters and supply security, and a two-stage optimization strategy can switch ON/OFF power generators to improve the security degree according to three levels of conﬁdence degree, and then, optimize the economic dispatch problem with the known ON/OFF state of the power generators and energy storage units with the GD-MOCDE algorithm; the obtained results can reveal that the proposed method can be an effective way for solving isolated power system problem. C ONCLUSION The uncertainty and complexity of the optimal operation in isolated power system pose a great challenge optimization."
Zhang20203731,Two-Stage Optimal Operation Strategy of Isolated Microgrid with TSK Fuzzy Identification of Supply Security,pattern,3,12,pdf,11,no,no,"The TSK fuzzy approach can properly identify the relationship between uncertainty pa- rameters and supply security, and a two-stage optimization strategy can switch ON/OFF power generators to improve the security degree according to three levels of conﬁdence degree, and then, optimize the economic dispatch problem with the known ON/OFF state of the power generators and energy storage units with the GD-MOCDE algorithm; the obtained results can reveal that the proposed method can be an effective way for solving isolated power system problem. C ONCLUSION The uncertainty and complexity of the optimal operation in isolated power system pose a great challenge optimization. This article proposed a two-stage optimization strategy with a TSK fuzzy identiﬁcation of supply security."
Zhang20203731,Two-Stage Optimal Operation Strategy of Isolated Microgrid with TSK Fuzzy Identification of Supply Security,pattern,4,9,pdf,11,no,no,"With the above-mentioned analysis, optimal operation with supply- security identiﬁcation is a complicated problem. The system model can be uncertain, multiobjective, and complex coupled, hence, this article proposes a two-stage optimization approach with supply-security identiﬁcation. The TSK fuzzy approach can properly identify the relationship between uncertainty pa- rameters and supply security, and a two-stage optimization strategy can switch ON/OFF power generators to improve the security degree according to three levels of conﬁdence degree, and then, optimize the economic dispatch problem with the known ON/OFF state of the power generators and energy storage units with the GD-MOCDE algorithm; the obtained results can reveal that the proposed method can be an effective way for solving isolated power system problem."
Zhang20203731,Two-Stage Optimal Operation Strategy of Isolated Microgrid with TSK Fuzzy Identification of Supply Security,pattern,5,9,pdf,12,no,no,"Fahimi, “Economic dispatch of a hybrid microgrid with distributed energy storage,”IEEE Trans. Ehsan, “Time-varying accel- eration coefﬁcients IPSO for solving dynamic economic dispatch with non-smooth cost function,” Energy Convers. Liao, “A fuzzy-optimization approach for generation scheduling with wind and solar energy systems,”IEEE Trans."
Zhang20203731,Two-Stage Optimal Operation Strategy of Isolated Microgrid with TSK Fuzzy Identification of Supply Security,pattern,6,9,pdf,12,no,no,"Ehsan, “Time-varying accel- eration coefﬁcients IPSO for solving dynamic economic dispatch with non-smooth cost function,” Energy Convers. Liao, “A fuzzy-optimization approach for generation scheduling with wind and solar energy systems,”IEEE Trans. Liu, “Convergent results about the use of fuzzy simulation in fuzzy optimization problems,” IEEE Trans."
Zhang20203731,Two-Stage Optimal Operation Strategy of Isolated Microgrid with TSK Fuzzy Identification of Supply Security,pattern,7,9,pdf,12,no,no,"Jiang, “Short-term operation model and risk management for wind power penetrated system in electricity market,” IEEE Trans. Li, “A robust optimization method for planning regional-scale electric power systems and managing carbon dioxide,” Int. Y u, “Flexible robust optimization dispatch for hybrid wind/photovoltaic/hydro/thermal power system,” IEEE Trans."
Zhang20203731,Two-Stage Optimal Operation Strategy of Isolated Microgrid with TSK Fuzzy Identification of Supply Security,pattern,8,9,pdf,12,no,no,"Li, “A robust optimization method for planning regional-scale electric power systems and managing carbon dioxide,” Int. Y u, “Flexible robust optimization dispatch for hybrid wind/photovoltaic/hydro/thermal power system,” IEEE Trans. Rizzo, “Generalized systematic approach to assess distribution system reliability with renewable distributed genera- tors and microgrids,” IEEE Trans."
Zhang20203731,Two-Stage Optimal Operation Strategy of Isolated Microgrid with TSK Fuzzy Identification of Supply Security,pattern,9,9,pdf,7,no,no,"In the framework of the cultural algorithm, a differential evolution strategy promotes the evolution of the population space. In the differential evolution, the mutation operator of DE/rand/1/bin can be expressed as R r,G +1 = Qr,G + β[(Qr 1,G − Qr 2,G )+( Qr 3,G − Qr 4,G )] (43) where Qr,G , Qr 1,G , Qr 2,G , Qr 3,G , and Qr 4,G are selected from the current population set, and it also satisﬁes r1 ̸= r2 ̸= r3 ̸= r4 ̸= r; G denotes the generation index, Rr,G +1 is a trial vector, and β is a mutation parameter. For improving the optimization efﬁciency, the gradient decent mechanism can be obtained with two spaces Ω+ and Ω− , which can be presented as { Ω+ = d ∈ Rm |▽ g(z)T d> 0 Ω− = d ∈ Rm |▽ g(z)T d< 0 (44) where g(z)=[ g1(z),g 2(z),...,g m (z)]T represents the objec- tive function vector, z =[ z1,z 2,...,z n ] denotes the variable, d is an arbitrary vector, and ▽g(z) can be considered as a Jacobi matrix as follows: ⎛ ⎜⎜⎜ ⎜ ⎜ ⎜ ⎜⎜⎜ ⎜ ⎜ ⎜⎝ ∂g 1(z) ∂z1 ∂g1(z) ∂z2 ··· ∂g1(z) ∂zn ∂g2(z) ∂z1 ∂g2(z) ∂z2 ··· ∂g2(z) ∂zn .. . .. . .. . .. . ∂g m (z) ∂z1 ∂gm (z) ∂z2 ··· ∂gm (z) ∂zn ⎞ ⎟⎟⎟ ⎟ ⎟ ⎟ ⎟⎟⎟ ⎟ ⎟ ⎟⎠ . (45) It also means that the deviation between Q G+1 and QG can be described as QG+1 − QG = − ΥG ∑ i∈m χi ▽gi(z) || ▽ gi(z)||. (46) Algorithm 2 1: procedure G(D)-MOCDE algorithm for economic dispatch in isolated power system 2: Initialize population set Q and archive set B 3: G = 0, B = ∅, Size = 0 4: while G<G max do 5: Check total constraint violation 6: if violation > ϵ then 7: Embedded constraint handling strategy 8: end if 9: GD based mutation operator 10: Crossover operator 11: Selection operator 12: Store non-dominated solutions in archive set B 13: Size = Size + 1 14: if Size > |B| then 15: Truncate archive set B 16: end if 17: G = G + 1 18: end while 19: end procedure With consideration of a discrete version, if it is a biobjective optimization problem, it can be converted as Qj G+1 = Qj G + ψ1(Qr 1,G − Qr 2,G )+ ψ2(Qr 3,G − Qr 4,G ) (47) where ψ1 and ψ2 are two control parameters, which can be presented as ⎧ ⎪⎪ ⎪ ⎪ ⎪ ⎪ ⎪ ⎨ ⎪⎪ ⎪ ⎪ ⎪ ⎪ ⎪ ⎩ ψ 1 = − ΥG χ1sgn(g1(Qr 1,G ) − g1(Qr 2,G )) (Qr 1,G − Qr 2,G )2 √∑ j ∈n 1 (Qr 1,G − Qr 2,G )2 ψ2 = − ΥG χ2sgn(g2(Qr 3,G ) − g2(Qr 4,G )) (Qr 3,G − Qr 4,G )2 √∑ j ∈n 1 (Qr 3,G − Qr 4,G )2 ΥG =Υ 0[(Gmax − G + 1)/Gmax ]p (48) where ΥG , χi , ψ1, and ψ2 are control parameters, Gmax denotes the maximum generation number."
Zhang20203731,Two-Stage Optimal Operation Strategy of Isolated Microgrid with TSK Fuzzy Identification of Supply Security,pattern,10,9,pdf,7,no,no,"In the differential evolution, the mutation operator of DE/rand/1/bin can be expressed as R r,G +1 = Qr,G + β[(Qr 1,G − Qr 2,G )+( Qr 3,G − Qr 4,G )] (43) where Qr,G , Qr 1,G , Qr 2,G , Qr 3,G , and Qr 4,G are selected from the current population set, and it also satisﬁes r1 ̸= r2 ̸= r3 ̸= r4 ̸= r; G denotes the generation index, Rr,G +1 is a trial vector, and β is a mutation parameter. For improving the optimization efﬁciency, the gradient decent mechanism can be obtained with two spaces Ω+ and Ω− , which can be presented as { Ω+ = d ∈ Rm |▽ g(z)T d> 0 Ω− = d ∈ Rm |▽ g(z)T d< 0 (44) where g(z)=[ g1(z),g 2(z),...,g m (z)]T represents the objec- tive function vector, z =[ z1,z 2,...,z n ] denotes the variable, d is an arbitrary vector, and ▽g(z) can be considered as a Jacobi matrix as follows: ⎛ ⎜⎜⎜ ⎜ ⎜ ⎜ ⎜⎜⎜ ⎜ ⎜ ⎜⎝ ∂g 1(z) ∂z1 ∂g1(z) ∂z2 ··· ∂g1(z) ∂zn ∂g2(z) ∂z1 ∂g2(z) ∂z2 ··· ∂g2(z) ∂zn .. . .. . .. . .. . ∂g m (z) ∂z1 ∂gm (z) ∂z2 ··· ∂gm (z) ∂zn ⎞ ⎟⎟⎟ ⎟ ⎟ ⎟ ⎟⎟⎟ ⎟ ⎟ ⎟⎠ . (45) It also means that the deviation between Q G+1 and QG can be described as QG+1 − QG = − ΥG ∑ i∈m χi ▽gi(z) || ▽ gi(z)||. (46) Algorithm 2 1: procedure G(D)-MOCDE algorithm for economic dispatch in isolated power system 2: Initialize population set Q and archive set B 3: G = 0, B = ∅, Size = 0 4: while G<G max do 5: Check total constraint violation 6: if violation > ϵ then 7: Embedded constraint handling strategy 8: end if 9: GD based mutation operator 10: Crossover operator 11: Selection operator 12: Store non-dominated solutions in archive set B 13: Size = Size + 1 14: if Size > |B| then 15: Truncate archive set B 16: end if 17: G = G + 1 18: end while 19: end procedure With consideration of a discrete version, if it is a biobjective optimization problem, it can be converted as Qj G+1 = Qj G + ψ1(Qr 1,G − Qr 2,G )+ ψ2(Qr 3,G − Qr 4,G ) (47) where ψ1 and ψ2 are two control parameters, which can be presented as ⎧ ⎪⎪ ⎪ ⎪ ⎪ ⎪ ⎪ ⎨ ⎪⎪ ⎪ ⎪ ⎪ ⎪ ⎪ ⎩ ψ 1 = − ΥG χ1sgn(g1(Qr 1,G ) − g1(Qr 2,G )) (Qr 1,G − Qr 2,G )2 √∑ j ∈n 1 (Qr 1,G − Qr 2,G )2 ψ2 = − ΥG χ2sgn(g2(Qr 3,G ) − g2(Qr 4,G )) (Qr 3,G − Qr 4,G )2 √∑ j ∈n 1 (Qr 3,G − Qr 4,G )2 ΥG =Υ 0[(Gmax − G + 1)/Gmax ]p (48) where ΥG , χi , ψ1, and ψ2 are control parameters, Gmax denotes the maximum generation number. By replacing the classic mutation operator with the abovementioned gradient descent operator, the convergence speed can be improved."
Yang2024__2,Data-driven robust optimization scheduling for microgrid day-ahead to intra-day operations based on renewable energy interval prediction,pattern,1,15,pdf,8,no,no,"Through this process, the DQN algorithm can train the agent stably, enabling it to learn the optimal strategy in the given environment. The DQN algorithm training process mainly includes the following four components: 1) State-action value function The state-action value function Q ( s t , a t ; ω ) evaluates the action taken in the current state. In the DQN algorithm, the update rule for the state- action value function is as follows: Q t + 1 ( s t , a t ; ω ) = Q t ( s t , a ; ω ) + α [ r t + γ max a ʹ Q ʹ ( s t , a ʹ ; ω ʹ )   Q t ( s t , a ; ω ) ] (41) In the equation, Q ( s t , a t ; ω ) represents the state-action value function, Q ʹ ( s t + 1 , a ʹ ; ω ʹ ) denotes the target value function, α is the learning rate, γ is the discount factor representing the discount of future Q at the current time, and a ʹ denotes the optimal action among all possible actions in state s t + 1 ."
Yang2024__2,Data-driven robust optimization scheduling for microgrid day-ahead to intra-day operations based on renewable energy interval prediction,pattern,2,15,pdf,8,no,no,"The DQN algorithm training process mainly includes the following four components: 1) State-action value function The state-action value function Q ( s t , a t ; ω ) evaluates the action taken in the current state. In the DQN algorithm, the update rule for the state- action value function is as follows: Q t + 1 ( s t , a t ; ω ) = Q t ( s t , a ; ω ) + α [ r t + γ max a ʹ Q ʹ ( s t , a ʹ ; ω ʹ )   Q t ( s t , a ; ω ) ] (41) In the equation, Q ( s t , a t ; ω ) represents the state-action value function, Q ʹ ( s t + 1 , a ʹ ; ω ʹ ) denotes the target value function, α is the learning rate, γ is the discount factor representing the discount of future Q at the current time, and a ʹ denotes the optimal action among all possible actions in state s t + 1 . 2) Cumulative Reward Function The cumulative reward function is used in reinforcement learning to evaluate the total reward that can be obtained by executing a certain Fig."
Yang2024__2,Data-driven robust optimization scheduling for microgrid day-ahead to intra-day operations based on renewable energy interval prediction,pattern,3,13,pdf,11,no,no,"proposed in this paper to construct the uncertainty set of renewable energy output for dispatching achieves better results. The dispatch plan formulated by this model can better cope with the uncertainty of renewable energy output, reducing the conservatism of dispatch de- cisions while ensuring the economic efficiency and robustness of system operation. Comparison and validation of uncertainty set representation methods To validate the effectiveness of the proposed method for representing new energy uncertainties based on interval probability uncertainty sets in robust optimization, the following methods are compared: Method 1 uses the adaptive robust optimization approach with μ -type uncertainty sets [ 43 ]; Method 2 uses the adaptive robust optimization approach with Γ -type uncertainty sets [ 44 ]; Method 3 uses the adaptive robust opti- mization approach with uncertainty sets generated by the Dirichlet process [ 45 ]; Method 4 uses the adaptive robust optimization approach with the novel uncertainty sets proposed in this paper."
Yang2024__2,Data-driven robust optimization scheduling for microgrid day-ahead to intra-day operations based on renewable energy interval prediction,pattern,4,13,pdf,11,no,no,"The dispatch plan formulated by this model can better cope with the uncertainty of renewable energy output, reducing the conservatism of dispatch de- cisions while ensuring the economic efficiency and robustness of system operation. Comparison and validation of uncertainty set representation methods To validate the effectiveness of the proposed method for representing new energy uncertainties based on interval probability uncertainty sets in robust optimization, the following methods are compared: Method 1 uses the adaptive robust optimization approach with μ -type uncertainty sets [ 43 ]; Method 2 uses the adaptive robust optimization approach with Γ -type uncertainty sets [ 44 ]; Method 3 uses the adaptive robust opti- mization approach with uncertainty sets generated by the Dirichlet process [ 45 ]; Method 4 uses the adaptive robust optimization approach with the novel uncertainty sets proposed in this paper. The composition of microgrid operating costs for different methods is shown in Table 7 ."
Yang2024__2,Data-driven robust optimization scheduling for microgrid day-ahead to intra-day operations based on renewable energy interval prediction,pattern,5,13,pdf,2,no,no,"Currently, solutions for robust optimization models commonly employ traditional intelligent algorithms or mathematical methods based on robust optimization. Dong et al. [28] proposes a constrained multi-objective transfer algorithm to solve multi-objective optimization problems with the operational costs and robustness of integrated energy systems as optimization goals. Although this method can balance mul- tiple optimization objectives, it has poor convergence and often fails to find the optimal value when dealing with programming problems involving complex constraints."
Yang2024__2,Data-driven robust optimization scheduling for microgrid day-ahead to intra-day operations based on renewable energy interval prediction,pattern,6,12,pdf,16,no,no,"The average solving time for a single intra-day short-term rolling optimization is only 0.51s. This is because the intra-day phase is based on multi-time scale theory, significantly shortening the time window length for single optimization and reducing the granularity of the optimization. Consequently, the time required for a single short time scale rolling optimization is also corre- spondingly reduced."
Yang2024__2,Data-driven robust optimization scheduling for microgrid day-ahead to intra-day operations based on renewable energy interval prediction,pattern,7,11,pdf,17,yes,no,"Furthermore, it further validates its practicality and reliability in practical application. Conclusions This paper proposes a robust optimization scheduling method for day-ahead and intra-day microgrid that integrates prediction, adjust- ment, and decision-making. The method uses an improved GPR algo- rithm to adaptively generate the interval prediction of renewable energy output under different confidence levels, linking it to the construction of the robust optimization uncertainty set."
Yang2024__2,Data-driven robust optimization scheduling for microgrid day-ahead to intra-day operations based on renewable energy interval prediction,pattern,8,11,pdf,17,yes,no,"Conclusions This paper proposes a robust optimization scheduling method for day-ahead and intra-day microgrid that integrates prediction, adjust- ment, and decision-making. The method uses an improved GPR algo- rithm to adaptively generate the interval prediction of renewable energy output under different confidence levels, linking it to the construction of the robust optimization uncertainty set. A MDQN algorithm is intro- duced to transform the robust model into a discrete Markov decision process for solution."
Yang2024__2,Data-driven robust optimization scheduling for microgrid day-ahead to intra-day operations based on renewable energy interval prediction,pattern,9,11,pdf,2,yes,no,"References [34,35] constructed stochastic optimization and robust optimization models to address uncertainties in new energy output and load demand during day-ahead to intra-day scheduling. However, the consideration of uncertainties in the above studies at the day-ahead stage tends to be overly risky or conservative: the former results in excessive costs for intra-day tracking of the day-ahead plan, sometimes failing to fully mitigate power fluctuations, while the latter may lead to total costs exceeding acceptable levels. To address the above problems, this paper proposes a two-stage day- ahead and intra-day microgrid scheduling framework integrating fore- casting, regulation, and decision-making."
Yang2024__2,Data-driven robust optimization scheduling for microgrid day-ahead to intra-day operations based on renewable energy interval prediction,pattern,10,10,pdf,11,no,no,"Comparison and validation of uncertainty set representation methods To validate the effectiveness of the proposed method for representing new energy uncertainties based on interval probability uncertainty sets in robust optimization, the following methods are compared: Method 1 uses the adaptive robust optimization approach with μ -type uncertainty sets [ 43 ]; Method 2 uses the adaptive robust optimization approach with Γ -type uncertainty sets [ 44 ]; Method 3 uses the adaptive robust opti- mization approach with uncertainty sets generated by the Dirichlet process [ 45 ]; Method 4 uses the adaptive robust optimization approach with the novel uncertainty sets proposed in this paper. The composition of microgrid operating costs for different methods is shown in Table 7 . From Tables 7 and it can be observed that, under the accuracy of the predicted data for each method, the operating costs for all four methods increase with the confidence level."
Van Acker2022,General polynomial chaos in the current–voltage formulation of the optimal power flow problem,doe,,0,,,no,no,
Guo202115024,An Alternative Learning-Based Approach for Economic Dispatch in Smart Grid,doe,1,11,pdf,4,yes,no,"In this way, we can ﬁnally get the entire dataset (P (k) d {P∗(k) i }N i=1)K k=1 where k indexes the data sample. After that, we randomly divide the dataset into a training set, a validation set, and a test set at a ratio of 7:1:2 with reference to commonly used train- ing strategies [37]. Based on the prepared training set, we use the back-propagation technique to continuously optimize the weights of the network so that its outputs gradually approach the ground truth {P ∗ i (k)}N i=1."
Guo202115024,An Alternative Learning-Based Approach for Economic Dispatch in Smart Grid,doe,2,8,pdf,4,yes,yes,"After that, we randomly divide the dataset into a training set, a validation set, and a test set at a ratio of 7:1:2 with reference to commonly used train- ing strategies [37]. Based on the prepared training set, we use the back-propagation technique to continuously optimize the weights of the network so that its outputs gradually approach the ground truth {P ∗ i (k)}N i=1. The loss function provided to the optimizer is the mean square error (MSE) between the ground truth and DNN’s output, i.e., E(/Theta1) = ∑ k N∑ i=1   ˆP ∗ i (k)( P(k) d ,/Theta1 ) − P∗ i (k)   2 (12) where ˆP∗ i (k) (P(k) d ,/Theta1 )is the DNN estimated optimal power out- put with the network weights /Theta1and the feeding input P(k) d .T h e optimizer we employ for such an approximation task is adam, which has been widely acclaimed by researchers recently due to its outstanding efﬁciency and adaptability for a variety of complex optimization problems [38]."
Guo202115024,An Alternative Learning-Based Approach for Economic Dispatch in Smart Grid,doe,3,5,pdf,4,yes,yes,"Based on the prepared training set, we use the back-propagation technique to continuously optimize the weights of the network so that its outputs gradually approach the ground truth {P ∗ i (k)}N i=1. The loss function provided to the optimizer is the mean square error (MSE) between the ground truth and DNN’s output, i.e., E(/Theta1) = ∑ k N∑ i=1   ˆP ∗ i (k)( P(k) d ,/Theta1 ) − P∗ i (k)   2 (12) where ˆP∗ i (k) (P(k) d ,/Theta1 )is the DNN estimated optimal power out- put with the network weights /Theta1and the feeding input P(k) d .T h e optimizer we employ for such an approximation task is adam, which has been widely acclaimed by researchers recently due to its outstanding efﬁciency and adaptability for a variety of complex optimization problems [38]. Proper learning rate and batchsize will also be chosen by cross-validation."
Guo202115024,An Alternative Learning-Based Approach for Economic Dispatch in Smart Grid,doe,4,4,pdf,4,no,no,"Otherwise, these training data can be generated by running some exist- ing optimization algorithms, e.g., λ-iteration algorithm, with arbitrary distinct input total load demand since the obtained optimal solutions can be considered as the ground truth. In this way, we can ﬁnally get the entire dataset (P (k) d {P∗(k) i }N i=1)K k=1 where k indexes the data sample. After that, we randomly divide the dataset into a training set, a validation set, and a test set at a ratio of 7:1:2 with reference to commonly used train- ing strategies [37]."
Guo202115024,An Alternative Learning-Based Approach for Economic Dispatch in Smart Grid,doe,5,3,pdf,10,no,no,"Therefore, we plot the least MSE curve of the validation set to compare the training efﬁciency of DNN with and without BN, as shown in Fig. It can be observed that the training of DNN with BN is completed at 270545th epoch while the one without BN distinctly suffers from a slow convergence rate as the least MSE of the validation set is still 0.335 at 1e6th epoch. Once our proposed DNN is ready, i.e., well trained by using above training data set and passed the cross validation, we begin to test its performance by feeding P d in the test data set and then comparing the outputs produced by this DNN and the targets in the test data set."
Guo202115024,An Alternative Learning-Based Approach for Economic Dispatch in Smart Grid,doe,6,3,pdf,10,no,no,"It can be observed that the training of DNN with BN is completed at 270545th epoch while the one without BN distinctly suffers from a slow convergence rate as the least MSE of the validation set is still 0.335 at 1e6th epoch. Once our proposed DNN is ready, i.e., well trained by using above training data set and passed the cross validation, we begin to test its performance by feeding P d in the test data set and then comparing the outputs produced by this DNN and the targets in the test data set. The comparison results are shown in Fig."
Guo202115024,An Alternative Learning-Based Approach for Economic Dispatch in Smart Grid,doe,7,3,pdf,10,no,no,"Once our proposed DNN is ready, i.e., well trained by using above training data set and passed the cross validation, we begin to test its performance by feeding P d in the test data set and then comparing the outputs produced by this DNN and the targets in the test data set. The comparison results are shown in Fig. We can observe that although only three hidden layers are used in this DNN network, it can still achieve high approximation accuracy."
Guo202115024,An Alternative Learning-Based Approach for Economic Dispatch in Smart Grid,doe,8,3,pdf,4,no,no,"2, the train- ing data of this approach consists of the input variable P d and the outputs P∗ i . If these data are available at hand (e.g., history data of a smart grid), they can be used immediately. Otherwise, these training data can be generated by running some exist- ing optimization algorithms, e.g., λ-iteration algorithm, with arbitrary distinct input total load demand since the obtained optimal solutions can be considered as the ground truth."
Guo202115024,An Alternative Learning-Based Approach for Economic Dispatch in Smart Grid,doe,9,3,pdf,4,no,no,"If these data are available at hand (e.g., history data of a smart grid), they can be used immediately. Otherwise, these training data can be generated by running some exist- ing optimization algorithms, e.g., λ-iteration algorithm, with arbitrary distinct input total load demand since the obtained optimal solutions can be considered as the ground truth. In this way, we can ﬁnally get the entire dataset (P (k) d {P∗(k) i }N i=1)K k=1 where k indexes the data sample."
Lin2021,A Novel Hybrid Models Based on Gaussian Process Regression for Short-Term Wind Power Forecasting,validation,,0,,,no,no,
