cite_key,year,title,has_pdf_text,has_abstract,family,family_confidence,family_score,family_runner_up,family_runner_up_score,family_evidence_source,family_evidence_snippet,doe,doe_confidence,doe_score,doe_runner_up,doe_runner_up_score,doe_evidence_source,doe_evidence_snippet,pattern,pattern_confidence,pattern_score,pattern_runner_up,pattern_runner_up_score,pattern_evidence_source,pattern_evidence_snippet,validation,validation_confidence,validation_score,validation_runner_up,validation_runner_up_score,validation_evidence_source,validation_evidence_snippet,complete
Wang2024,2024,Numerical assessment and optimization of photovoltaic-based hydrogen-oxygen Co-production energy system: A machine learning and multi-objective strategy,yes,yes,GP / kriging,high,20,PCE / RSM,0,pdf,lysis bess battery energy storage system ems energy management strategy ghi global horizontal irradiation gpr gaussian process regression hv hypervolume igd inverse generational distance mpp maximum power point mppt maximum power point tracking pem proton exchange membrane po,,unassigned,0,Quasi-Monte Carlo / sparse-grid collocation,0,,,,unassigned,0,P2 acceleration,0,,,Point metrics,high,17,_other,0,pdf,"m direct the electrolytic efficiency was 53.3 %. 0.45 kg/h [ 29 ] pv-pem direct for the direct coupling mode, rmse value of pv and electrolyzer was about 2 %. n/a [ 16 ] pv-pem direct the influence of pv fluctuation on irreversible attenuation was revealed. n/a [",no
Perera2019191,2019,Machine learning methods to assist energy system optimization,yes,yes,Neural network,high,24,PCE / RSM,0,abstract/keywords,em optimization. a surrogate model is developed with the support of a supervised learning technique (by using artificial neural network) in order to bypass computationally intensive actual engineering model (aem). eight different neural network architectures are considered in the proc,Transfer learning,high,30,Latin hypercube sampling,0,abstract/keywords,this study evaluates the potential of supervised and transfer learning techniques to assist energy system optimization. a surrogate model is developed with the support of a supervised learning technique (by using artific,P5 uncertainty,high,10,P1 replacement,0,pdf,"zurich, zurich 8092, switzerland highlights • we present methods for building, validating, and using bbns as surrogate models. • with average relative error below 2 %, the bbn model is an adequate model surrogate. • benefits: interactive analysis, intuitive uncertainty propagation, goal-driven analysis. article info keywords: bayesian networks energy systems models surrogate models uncertainty propagation and analysis abstract",Problem UQ,high,10,_other,0,pdf,"ve error below 2 %, the bbn model is an adequate model surrogate. • benefits: interactive analysis, intuitive uncertainty propagation, goal-driven analysis. article info keywords: bayesian networks energy systems models surrogate models uncertainty propagation and analysis abstract",yes
Wu2022231,2022,Deep Learning to Optimize: Security-Constrained Unit Commitment with Uncertain Wind Power Generation and BESSs,yes,yes,Neural network,high,34,PCE / RSM,0,abstract/keywords,"ip with the proposed model, we propose a new learning-based approach to tackle the scuc problem. the proposed convolutional neural network (cnn)-based scuc algorithm (cnn-scuc) has two main stages. first, cnn-scuc trains a cnn to obtain solutions to the binary variables corresponding to",Latin hypercube sampling,high,9,Quasi-Monte Carlo / sparse-grid collocation,0,pdf,"of scenarios subject to the above normal distribution. then each scenario wi (i =1 ,...,s ) is sampled by the latin hypercube sampling (lhs) method [25]. in this paper, we use the lhs from [25] to reduce the number of runs for a simple monte carlo, achieving a rea- sonably accurate g",P3 solution proxy,high,52,P4 decomposition,12,title,deep learning to optimize: security-constrained unit commitment with uncertain wind power generation and besss,Decision-aware,high,12,_other,0,pdf,"eee transactions on sustainable energy, vol. 13, no. 1, january 2022 table i the results of costs fig. 4. the optimality gap and computation time (the number of scenarios is 5). up to 2.18% and 4.70%, respectively, compared with model 2 on day 3. during one day, the besss a",yes
Chen20244723,2024,End-to-End Feasible Optimization Proxies for Large-Scale Economic Dispatch,yes,yes,Neural network,high,27,PCE / RSM,0,pdf,"orks consider active sampling techniques to reduce this burden [30], [31].i n [14], [24], [25], [26] consider graph neural network (gnn) architectures to accommodate topology changes, however, numerical results are only reported on small networks with at most 300 buses. self-supe",,unassigned,0,Quasi-Monte Carlo / sparse-grid collocation,0,,,P3 solution proxy,high,85,P1 replacement,0,title,end-to-end feasible optimization proxies for large-scale economic dispatch,Decision-aware,high,12,_other,0,pdf,"and computa- tional efﬁciency. given an instance x with optimal solution p∗ and a predicted solution ˆp, the optimality gap is deﬁned as gap =( ˆz −z∗)×|z∗|−1, wherez∗is the optimal value of the problem, and ˆz is the objective value of the prediction, plus a penalty for h",no
Chen2022,2022,Learning optimization proxies for large-scale Security-Constrained Economic Dispatch,yes,yes,Neural network,high,16,PCE / RSM,0,pdf,"3 (2022) 108566 2 w. chen et al. fig. 1. the machine learning pipeline. (opf) problem. pan et al. [7] train a deep neural network (dnn) model to predict solutions to the security-constrained dc-opfs, and report results on systems with no more than 300 buses. one common limitatio",,unassigned,0,Quasi-Monte Carlo / sparse-grid collocation,0,,,P3 solution proxy,high,98,P1 replacement,0,title,learning optimization proxies for large-scale security-constrained economic dispatch,Feasibility,high,8,_other,0,pdf,"ispatch variables, 𝑟 denotes the re- serve dispatch variables, and𝑧 denotes additional variables that capture constraint violations. line losses are estimated in real-time from miso’s state estimator, and incorporated in the formulation using a loss factors approach as in [28]. tr",no
Liu20223726,2022,Explicit Data-Driven Small-Signal Stability Constrained Optimal Power Flow,yes,yes,RBF / kernel,high,34,PCE / RSM,0,abstract/keywords,n efficient sample generation strategy is proposed with sampling space compression. this allows us to use the support vector machine (svm) with a kernel function to derive the explicit data-driven surrogate constraint for small-signal stability. penalty factor optimization is propo,Latin hypercube sampling,high,9,Quasi-Monte Carlo / sparse-grid collocation,0,pdf,"ts the generated generator voltage samples. based on (38), the samples {(vgs,ζms)}n s=1can be obtained by the latin hypercube sampling method, where ζms is the minimum damping ratio corresponding to vgs. iv . opf with data-driven surroga tesmall-signal st abilityconstraint based on t",,unassigned,0,P2 acceleration,0,,,,unassigned,0,,0,,,no
Xu20223066,2022,E2DNet: An Ensembling Deep Neural Network for Solving Nonconvex Economic Dispatch in Smart Grid,yes,yes,Neural network,high,97,PCE / RSM,0,pdf,"several alternative dnn architectures, such as convolutional neural network, re- current neural network, and graph neural network. however, we easily ﬁnd that there lacks a special feature structure in problem (1) that can be exploited for such advanced feature extraction means,",,unassigned,0,Quasi-Monte Carlo / sparse-grid collocation,0,,,P3 solution proxy,high,11,P1 replacement,0,pdf,"r 10.1109/tii.2021.3105361 index terms —deep neural network (dnn), economic dispatch (ed), ensemble learning, learning to optimize, nonconvex optimization. i. i ntroduction i n recent years, a smart grid (sg) has proved to be a universal topic for researchers with its tremendous",Point metrics,high,16,_other,0,pdf,"precisely approximating a hierarchical decentralized optimization algo- rithm [17] with a mean square error (mse) between the network outputs and the ground truth less than 1e-3. nevertheless, due to its limited input feature, such an approach seems to be helple",no
Park2019,2019,Physics-induced graph neural network: An application to wind-farm power estimation,yes,yes,Neural network,high,164,PCE / RSM,0,abstract/keywords,"(2) processing the graph input and estimating power outputs of all the wind turbines using a physics-induced graph neural network (pgnn). by utilizing the form of an engineering wake interaction model as a basis function, pgnn effectively imposes physics-induced bias for modelli",,unassigned,0,Quasi-Monte Carlo / sparse-grid collocation,0,,,,unassigned,0,P2 acceleration,0,,,Point metrics,high,17,_other,0,pdf,"d and wind direction under random farm layouts we evaluate the performances of the estimation tasks using the mean absolute percentage error, mape ðp ; p 0þ between the esti- mated (graph) power outputs p 0 and the simulated power output p , which can be computed as follows: mape /c0 p ; p",no
Han2018622,2018,Surrogate modeling-based multi-objective dynamic VAR planning considering short-term voltage stability and transient stability,yes,yes,RBF / kernel,high,40,PCE / RSM,0,abstract/keywords,"tion are employed, leading to a simplified moo model. the combination of a surrogatemodeling technique called support vector regression and the multi-objective evolutionary algorithm (moea) are then used to solve the simplified moo model, considering both the accuracy of models and th",Latin hypercube sampling,high,9,Quasi-Monte Carlo / sparse-grid collocation,0,pdf,"s generating some points of de- cision variables based on sampling techniques like space ﬁll- ing sampling or latin hypercube sampling, and sequentially collect train data with tds. suppose we have got the train- ing data ξ= {(x1,y2,1,y3,1),..., (xℓ,y2,ℓ ,y3,ℓ )}⊂ℵ× r2 , whereyj,i =",P5 uncertainty,high,9,P1 replacement,0,pdf,"dynamic load, the proposed approach becomes time-consuming. a dynamic v ar planning methodology combining the surrogate modeling technique and robust optimization theory is currently being pursued. authorized licensed use limited to: fh technikum wien. downloaded on may 11,2026 at 14:13:51 utc from ieee xplore.",,unassigned,0,,0,,,no
Su2022315,2022,Deep Belief Network Enabled Surrogate Modeling for Fast Preventive Control of Power System Transient Stability,yes,yes,Neural network,high,33,RBF / kernel,10,pdf,"vantages of automatic feature extraction, strong abstraction ability, and good convergence. particularly, the deep neural network structure has a larger number of neural layers. this allows uncovering the underlying knowledge con- tained in a large set of data. in [14], for inst",Latin hypercube sampling,high,8,Quasi-Monte Carlo / sparse-grid collocation,0,pdf,"the data samples should be representative and evenly distributed in the sampling space. in this article, the latin hypercube sampling (lhs) is applied to generate data samples associated with each operation scenario at the same time. lhs is a multidimensionally distributed statistic",,unassigned,0,P2 acceleration,0,,,Point metrics,high,17,_other,0,pdf,"och numbers; lf is the loss function with l2 regularization, in which the ﬁrst part is the mean square error (mse) and the second part is the l2 regularization loss; r is the size of the training set; λt is the operational features of the test set; tsit is the ts",no
Roth2019214,2019,A flexible metamodel architecture for optimal design of Hybrid Renewable Energy Systems (HRES) – Case study of a stand-alone HRES for a factory in tropical island,yes,yes,,unassigned,0,GP / kriging,0,,,,unassigned,0,Quasi-Monte Carlo / sparse-grid collocation,0,,,,unassigned,0,P2 acceleration,0,,,,unassigned,0,,0,,,no
Thrampoulidis2021,2021,A machine learning-based surrogate model to approximate optimal building retrofit solutions,yes,yes,Neural network,high,24,GP / kriging,10,abstract/keywords,environmental footprints; environmental targets; operational energy; retrofit solutions; accuracy assessment; artificial neural network; computer simulation; ecological footprint; fuel consumption; greenhouse gas; machine learning; optimization; seismic retrofit; retrofitting,,unassigned,9,Transfer learning,8,,,,unassigned,0,P2 acceleration,0,,,Point metrics,high,10,_other,0,pdf,"e than, the observed value under the null hypothesis λ regularization parameter c total number of classes r 2 coefficient of determination d continuous output of conventional retrofit process o continuous output of surrogate retrofit model p total number of outputs k optimization objecti",no
Hirvonen2017323,2017,Neural network metamodelling in multi-objective optimization of a high latitude solar community,yes,yes,Neural network,high,24,GP / kriging,9,abstract/keywords,sidential house; seasonal storage; simulation-based optimizations; solar assisted heat pump; solar community; artificial neural network; genetic algorithm; heating; latitude; multicriteria analysis; optimization; performance assessment; residential location; seasonal variation; solar,,unassigned,0,Quasi-Monte Carlo / sparse-grid collocation,0,,,,unassigned,0,P2 acceleration,0,,,Point metrics,high,16,_other,0,pdf,computation was used in this study. the ann prediction error was calculated using the root mean square error rmse ¼ ﬃﬃﬃﬃﬃﬃﬃﬃﬃﬃﬃﬃﬃﬃﬃﬃﬃﬃﬃﬃﬃﬃﬃﬃﬃﬃﬃﬃﬃﬃﬃﬃﬃﬃﬃﬃﬃﬃﬃﬃﬃﬃﬃﬃﬃﬃﬃﬃﬃﬃﬃﬃﬃﬃﬃ ﬃ 1 n xn 1 ðf ann;i /c0 f exact;iþ df /c18/c19 2 s ; ð6þ to validate the effectiveness of t,no
Jia2022553,2022,Developing machine-learning meta-models for high-rise residential district cooling in hot and humid climate,no,yes,,unassigned,27,Tree ensembles,27,,,,unassigned,0,Quasi-Monte Carlo / sparse-grid collocation,0,,,,unassigned,0,P2 acceleration,0,,,,unassigned,0,,0,,,no
Xiao2018,2018,Application and comparison of metaheuristic and new metamodel based global optimization methods to the optimal operation of active distribution networks,yes,yes,,unassigned,20,PCE / RSM,19,,,,unassigned,10,Active learning,7,,,,unassigned,0,P2 acceleration,0,,,Problem UQ,high,8,_other,0,pdf,"rator (ds), fc, pv and wt, are connected at nodes 671, 670, 675, 645 and 634, respectively. the 24 h observed mean and variance of wind speed and illumination intensity are assumed to be taken from reference [30], by which the corresponding wind speed weibull distribution para",no
Li2023,2023,A novel method of creating machine learning-based time series meta-models for building energy analysis,yes,yes,Tree ensembles,high,49,Neural network,42,abstract/keywords,"0.06 for both heating and cooling energy prediction. the ensemble machine learning models, including cubist, gradient boosting machine, and stacking, are recommended to create the meta-models for hourly building energy analysis. the distributed lag models combined with these",Latin hypercube sampling,high,9,Quasi-Monte Carlo / sparse-grid collocation,0,pdf,"achine; hsp, heating set-point; hvac, heating, ventilation, and air conditioning; inf, inﬁltration rate; lhs, latin hypercube sampling; lpd, lighting power density; lst, light switch time; lstm, long short- term memory; mae, mean absolute error; mars, multivariate adaptive regression",,unassigned,0,P2 acceleration,0,,,Point metrics,high,39,_other,0,abstract/keywords,"y with a moderate computational cost. for the best models, the r<sup>2</sup> values are above 0.99 and the cv(rmse) (coefficient variation of root mean square error) values are below 0.06 for both heating and cooling energy prediction. the ensemble machine learnin",no
Wang2020202933,2020,Optimal Scheduling for Integrated Energy System Considering Scheduling Elasticity of Electric and Thermal Loads,yes,yes,PCE / RSM,high,34,RBF / kernel,17,abstract/keywords,"problems of the complex solving process and long computation time, a global optimization algorithm based on a polynomial response surface (prs) metamodel is proposed in this article. the proposed algorithm adopts a response surface method to fit the optimization model and construct a pr",Latin hypercube sampling,high,17,Historical operational data,8,pdf,the metamodel with the searching principle of space exploration and region elimination (sere) technology. a. latin hypercube sampling sample selection is an important prerequisite for constructing a metamodel. it is necessary to select an appropriate sam- pling method to construct a,,unassigned,0,P2 acceleration,0,,,,unassigned,0,,0,,,no
Hasanien2018168,2018,Performance improvement of photovoltaic power systems using an optimal control strategy based on whale optimization algorithm,yes,yes,PCE / RSM,high,41,GP / kriging,0,abstract/keywords,"proportional-integral (pi) controller, which is designed by using the whale optimization algorithm (woa). the response surface methodology (rsm) model is established to create the objective function and its constraints. the proposed woa-based pi controllers are utilized to control the dc",Factorial / response-surface design,high,41,Latin hypercube sampling,0,abstract/keywords,"proportional-integral (pi) controller, which is designed by using the whale optimization algorithm (woa). the response surface methodology (rsm) model is established to create the objective function and its constraints. the proposed woa-based pi controllers are utilized to control the dc",,unassigned,0,P2 acceleration,0,,,,unassigned,0,,0,,,no
Sami20181416,2018,Thermal properties optimization of microencapsulated a renewable and non-toxic phase change material with a polystyrene shell for thermal energy storage systems,yes,yes,PCE / RSM,high,36,GP / kriging,0,abstract/keywords,nalysis; encapsulated phase change materials; lauric acid; properties optimizations; response surface method; response surface methodology; solar energy systems; thermal energy storage systems; thermogravimetry analysis; phase change materials,Factorial / response-surface design,high,28,Latin hypercube sampling,0,abstract/keywords,nalysis; encapsulated phase change materials; lauric acid; properties optimizations; response surface method; response surface methodology; solar energy systems; thermal energy storage systems; thermogravimetry analysis; phase change materials,,unassigned,0,P2 acceleration,0,,,Point metrics,high,8,_other,0,pdf,95% conﬁdence level ðp 6 0:05þ. quadratic model was selected for prediction of me.r response because of high r-squared and f-value compared to others. final quadratic model for the prediction of the response vari- ables is given by the eq. (3) in terms of coded variab,no
Ahmad202451,2024,"Parametric analysis of wastewater electrolysis for green hydrogen production: A combined RSM, genetic algorithm, and particle swarm optimization approach",yes,yes,PCE / RSM,high,38,GP / kriging,0,abstract/keywords,"design the experimental runs, a box-behnken design (bbd) with an l<sub>17</sub> array was implemented, while response surface methodology (rsm) in conjunction with genetic algorithms (ga) and particle swarm optimization (pso) was employed to develop predictive models and optimize the op",Factorial / response-surface design,high,63,Latin hypercube sampling,0,abstract/keywords,"meters for maximizing hydrogen production through wastewater electrolysis. to design the experimental runs, a box-behnken design (bbd) with an l<sub>17</sub> array was implemented, while response surface methodology (rsm) in conjunction with genetic algorithms (ga) and particle",,unassigned,0,P2 acceleration,0,,,Point metrics,high,17,_other,0,pdf,imal conditions for hho generation. the appropriateness of the quadratic model was evaluated by assessing the coefficient of determination (r 2 ) and performing the fischer test to analyze the model ’ s goodness of fit. the statistical sig - nificance of the model was assessed by examini,no
Xu20212696,2021,An Iterative Response-Surface-Based Approach for Chance-Constrained AC Optimal Power Flow Considering Dependent Uncertainty,yes,yes,PCE / RSM,high,20,GP / kriging,0,pdf,"ted (i.i.d.). a recent attempt has been made by métivier et al. [17] to develop an iterative procedure in the polynomial chaos expansion (pce) to avoid the statistical-moment-based reformulation and to enhance its scalability. however, the paper does not address the multidimensional de",,unassigned,0,Quasi-Monte Carlo / sparse-grid collocation,0,,,,unassigned,0,P2 acceleration,0,,,Interval calibration,high,11,_other,0,pdf,"conve- nience, the statistical background of this transformation is provided in appendix b, which is titled “probability integral transform”. (4) by evaluating the aforementioned n-dimensional depen- dent variables, x, through original power-system model y(·) at the transformed collocatio",no
Zulfiqar20211026,2021,Lipase-PDA-TiO2 NPs: An emphatic nano-biocatalyst for optimized biodiesel production from Jatropha curcas oil,no,yes,PCE / RSM,high,33,GP / kriging,0,abstract/keywords,h and temperature. transesterification of jcso using lipase-pda-tio<sub>2</sub> nps catalyst was optimized by response surface methodology (rsm). optimum biodiesel yield (92%) was achieved by carrying out the transesterification process for 30 h at 37 °c temperature with 10% nano-biocata,Factorial / response-surface design,high,27,Latin hypercube sampling,0,abstract/keywords,h and temperature. transesterification of jcso using lipase-pda-tio<sub>2</sub> nps catalyst was optimized by response surface methodology (rsm). optimum biodiesel yield (92%) was achieved by carrying out the transesterification process for 30 h at 37 °c temperature with 10% nano-biocata,,unassigned,0,P2 acceleration,0,,,,unassigned,0,,0,,,no
Hu2020,2020,Uncertainty quantification in stochastic economic dispatch using Gaussian process emulation,yes,yes,GP / kriging,high,74,PCE / RSM,9,title,uncertainty quantification in stochastic economic dispatch using gaussian process emulation,Latin hypercube sampling,high,10,Quasi-Monte Carlo / sparse-grid collocation,0,pdf,"he system function f(x), i.e., the sed model. here, a popular choice to generate these samples is through the latin hypercube sampling [ 14]. unlike the monte carlo sampling, which generates a set of independent and identically distributed samples from the target probability distribu",,unassigned,0,P2 acceleration,0,,,Problem UQ,high,39,_other,0,title,uncertainty quantification in stochastic economic dispatch using gaussian process emulation,no
Volodina2022,2022,Propagating uncertainty in a network of energy models,yes,yes,GP / kriging,high,41,PCE / RSM,0,abstract/keywords,"s themselves arise from other computer models, with each model being developed by different teams of experts. gaussian process emulators can be used to approximate the behaviour of complex, computationally intensive models and used to generate predictions together with a meas",,unassigned,0,Quasi-Monte Carlo / sparse-grid collocation,0,,,P5 uncertainty,high,27,P1 replacement,0,abstract/keywords,ribution; case-studies; computer models; decision supports; energy model; energy systems; gaussian processes; surrogate; systems policies; uncertainty; uncertainty propagation; gaussian noise (electronic),Problem UQ,high,41,_other,0,abstract/keywords,ecision supports; energy model; energy systems; gaussian processes; surrogate; systems policies; uncertainty; uncertainty propagation; gaussian noise (electronic),no
Lawson201647,2016,Bayesian framework for power network planning under uncertainty,yes,yes,GP / kriging,high,11,PCE / RSM,0,pdf,"xample considered. this is considered in section 3.5. the fit of the model can be improved further by using a gaussian process model to smooth the residuals, ε(v1, . . . , vk, d1, . . . ,dm). this is important as the polynomial model will aim to give a good fit over the entir",,unassigned,0,Quasi-Monte Carlo / sparse-grid collocation,0,,,,unassigned,0,P2 acceleration,0,,,,unassigned,0,,0,,,no
Guo20222057,2022,Training Deep Neural Network for Optimal Power Allocation in Islanded Microgrid Systems: A Distributed Learning-Based Approach,yes,yes,Neural network,high,110,PCE / RSM,0,pdf,"neural network (cnn) [35], long short-term memory (lstm) recurrent neural network [36], autoencoder [37], and graph neural network (gnn) [38]. these architectures have their own advantages on feature extraction, classiﬁcation, and prediction. the reason why we choose a fully conn",,unassigned,0,Quasi-Monte Carlo / sparse-grid collocation,0,,,P3 solution proxy,high,40,P1 replacement,0,abstract/keywords,rol; bio-inspired optimizations; deep neural network; distributed framework; generator; heuristics algorithm; learning to optimize; optimal power allocation; optimal power allocation .; optimisations; real - time system; resource management; algorithm; article; consensus; deep ne,Point metrics,high,9,_other,0,pdf,"he dnn so that it gradually approaches our desired output. the cost function we use is the mean square error (mse) between label {p∗ i (k)} and the output of the dnn. the optimization algorithm utilized for training here is adam, which is most commonly used in de",no
Li202359995,2023,Learning to Solve Optimization Problems With Hard Linear Constraints,yes,yes,,unassigned,0,GP / kriging,0,,,Transfer learning,high,8,Latin hypercube sampling,0,pdf,"timization prob- lems. such neural approximators could enjoy from recent advances in deep learning, including transfer learning, con- tinuous learning and meta learning, etc. b. related works 1) leveraging deep learning to improve the optimization process of unconstrained prob",P3 solution proxy,high,42,P1 replacement,0,abstract/keywords,eural networks; problem solving; quadratic programming; deep learning; hard constraints; images registration; learning to optimize; linear-programming; machine-learning; neural-networks; optimal power flows; optimisations; optimized production technology; iterative methods,Decision-aware,high,11,_other,0,pdf,"ent methods to solve the dcopf problem. the time is reported as the average per instance in milliseconds. the optimality gap is measured as 1 n pn i =1 u(i )−u(i )∗ 1 u(i )∗ 1 . the feasibility gap is calculated using 1 n  max(ainequ(i ) + bineqx(i ) + bineq, 0) 1 + aequ(i",no
Deng2020831,2020,Kriging Assisted Surrogate Evolutionary Computation to Solve Optimal Power Flow Problems,yes,yes,GP / kriging,high,89,RBF / kernel,9,title,kriging assisted surrogate evolutionary computation to solve optimal power flow problems,Active learning,high,8,Latin hypercube sampling,0,pdf,"population), for estimating the ﬁtness and mse of all updated individuals. a bayesian based technique called expected improvement (ei) [28] is applied to guide the selection of which individuals should be evaluated using the real objective function. the calculation of ei is base",P2 acceleration,high,9,P1 replacement,0,pdf,"population), for estimating the ﬁtness and mse of all updated individuals. a bayesian based technique called expected improvement (ei) [28] is applied to guide the selection of which individuals should be evaluated using the real objective function. the calculation of ei is base",Point metrics,high,16,_other,0,pdf,"thus the estimated y∗approximated to ˆμ. by using the optimized variance (ˆσ2) of the kriging model [23], the mean squared error (mse) of kriging is given by ˆs 2 (x∗)=ˆσ2 [ 1−r′r−1r + ( 1−1′r−1r )2 1′r−11 ] . (26) note that this is not a true error between the estimated and re",yes
Nikolaidis2021,2021,Gaussian process-based Bayesian optimization for data-driven unit commitment,yes,yes,GP / kriging,high,114,Neural network,8,abstract/keywords,"e need of introducing restrictive prior assumptions. based on appropriately selected acquisition function and gaussian process regression, it constitutes a radically different from existing approaches, which heavily rely on heuristic approximations and do not allow to account",Active learning,high,112,Latin hypercube sampling,0,abstract/keywords,"ution leverages widely adopted developments in the field of uncertainty-aware machine learning models, namely bayesian optimization. this framework enables the effective discovery of the best possible configuration of a volatile system with uncertain and unknown dynamics, without",P2 acceleration,high,72,P1 replacement,0,title,gaussian process-based bayesian optimization for data-driven unit commitment,,unassigned,0,,0,,,no
Li2021,2021,Optimization for liquid cooling cylindrical battery thermal management system based on gaussian process model,no,yes,GP / kriging,high,66,PCE / RSM,0,title,optimization for liquid cooling cylindrical battery thermal management system based on gaussian process model,,unassigned,0,Quasi-Monte Carlo / sparse-grid collocation,0,,,,unassigned,0,P2 acceleration,0,,,,unassigned,0,,0,,,no
Muhlpfordt20194806,2019,Chance-Constrained AC Optimal Power Flow: A Polynomial Chaos Approach,yes,yes,PCE / RSM,high,41,GP / kriging,0,abstract/keywords,"while explicitly considering the full nonlinear ac power flow equations and stochastic uncertainties. we use polynomial chaos expansion to model the effects of arbitrary uncertainties of finite variance, which enables to predict and optimize the system state for a range of operating c",Historical operational data,high,8,Latin hypercube sampling,0,pdf,"crete and continuous densities [26]. if the uncertainty is instead described in terms of samples (for example historical data sam- ples), one can proceed by ﬁrst ﬁtting a density function to the data points. subsequently, the basis can be constructed either through gram-schm",,unassigned,0,P2 acceleration,0,,,Feasibility,high,10,_other,0,pdf,"source of uncertainty. b. in-sample tests in this section we investigate the capability of pce to reduce the constraint violation probability to below an acceptable level. since our chance constraint reformulation is based on the ﬁrst and second moments of the uncertainty, we ﬁr",no
Safta20172535,2017,Efficient Uncertainty Quantification in Stochastic Economic Dispatch,yes,yes,PCE / RSM,high,45,GP / kriging,9,abstract/keywords,ling; scheduling; stochastic models; stochastic systems; wind power; economic dispatch; monte carlo sampling; polynomial chaos expansion; propagation of uncertainties; quantities of interests; renewable energy generation; stochastic process model; uncertainty quantifications; electric,Historical operational data,high,41,Quasi-Monte Carlo / sparse-grid collocation,9,abstract/keywords,"ion of uncertain renewable energy generation that follows geographical and temporal correlations derived from historical data at each wind farm. considering expected production cost, we demonstrate that the proposed approach can yield several orders of magnitude reduction in",P4 decomposition,high,10,P1 replacement,0,pdf,"robust uc model given uncertainty in nodal net injections, and developed a solution based on a combination of benders decomposition and outer approximation. despite recent advances, lack of advanced methods to ac- curately model and represent uncertainty and the inability of scena",Problem UQ,high,32,_other,0,title,efficient uncertainty quantification in stochastic economic dispatch,yes
Koirala20242284,2024,Chance-Constrained Optimization Based PV Hosting Capacity Calculation Using General Polynomial Chaos,yes,yes,PCE / RSM,high,37,GP / kriging,0,abstract/keywords,"echnique, which eliminates the necessity of repetitive solving of power flow equations. the intrusive general polynomial chaos expansion is used to translate the input uncertainties defined by their probability density function to the hosting capacity of the network without the necessi",,unassigned,8,Historical operational data,8,,,,unassigned,0,P2 acceleration,0,,,,unassigned,0,,0,,,no
Liang20246508,2024,Joint Chance-Constrained Unit Commitment: Statistically Feasible Robust Optimization With Learning-to-Optimize Acceleration,yes,yes,Tree ensembles,high,18,PCE / RSM,0,pdf,"truth set is y = {ui,∀i}. then, {din i ,win i ;ui} forms an input-output pair. we employ lightgbm, a powerful gradient boosting frame- work [50], to train a unit status identiﬁer fidentify i for each subgroup i ∈s. after training, each incoming sample should ﬁrst be predicted",Historical operational data,high,10,Latin hypercube sampling,0,pdf,"evel with feasibility simultaneously. thus, another strategy uses ml to screen redundant constraints based on historical data to simplify uc, e.g., [32], [33], [34], [35]. however, these works still need to solve mip , which is the main hurdle in solving uc. to this end, ram",P3 solution proxy,high,52,P1 replacement,9,title,joint chance-constrained unit commitment: statistically feasible robust optimization with learning-to-optimize acceleration,Decision-aware,high,10,_other,0,pdf,"valuate the average additional costs com- pared to the perfect approach (in percentage) and term this gap the regret percentage (rep) [5]. the smaller the gap, the less the extra cost of the method to handle the uncertainty. c. evaluation on 39-bus system we ﬁrst co",yes
Lu20232989,2023,Distributed Online Dispatch for Microgrids Using Hierarchical Reinforcement Learning Embedded with Operation Knowledge,yes,yes,RBF / kernel,high,40,Neural network,8,abstract/keywords,"therefore, this paper develops a hierarchical reinforcement learning (hrl) to handle the doed problem, where radial basis function (rbf) approximation is incorporated to make policies in continuous space. based on the hierarchical framework, the hrl algorithm improves learning ef",Historical operational data,high,18,Latin hypercube sampling,0,pdf,"ncreasing res penetra- tion. furthermore, learning samples can only be obtained by sim- ulation or collecting historical operation data, and it is difﬁcult to obtain massive learning samples throughout the whole pls. appropriate rl methods should ensure baseline requirements and reduc",,unassigned,0,P2 acceleration,0,,,,unassigned,0,,0,,,no
Wang20211767,2021,Stochastic Optimization for Residential Demand Response with Unit Commitment and Time of Use,yes,yes,RBF / kernel,high,38,PCE / RSM,0,abstract/keywords,; stochastic models; home energy management systems; integrate renewable energies; power generation dispatch; radial basis function(rbf); residential customers; standard deviation; stochastic optimizations; time-of-use pricing; electric load dispatching,,unassigned,0,Quasi-Monte Carlo / sparse-grid collocation,0,,,,unassigned,0,P2 acceleration,0,,,,unassigned,0,,0,,,no
Pang2023,2023,A Surrogate-Assisted Adaptive Bat Algorithm for Large-Scale Economic Dispatch,yes,yes,Neural network,high,33,GP / kriging,11,abstract/keywords,"(garcba). on the one hand, to reduce the execution time of led problems, we proposed a generalized regression neural network surrogate model based on a self-adaptive “minimizing the predictor” sampling strategy, which replaces the original fuel cost functions with a shorter computing",,unassigned,0,Quasi-Monte Carlo / sparse-grid collocation,0,,,,unassigned,11,P2 acceleration,11,,,,unassigned,0,,0,,,no
Chen2023657,2023,Deep-Quantile-Regression-Based Surrogate Model for Joint Chance-Constrained Optimal Power Flow with Renewable Generation,yes,yes,GP / kriging,high,18,Tree ensembles,11,pdf,"mprove prediction accuracy. reference [27] extended these methods to probabilistic opf by replacing mlps with gaussian process regression. generally speaking, these methods can reduce the solving time of opf because the solving process is replaced by the inference of learning",Historical operational data,high,20,Latin hypercube sampling,0,pdf,"libration, to improve the performance of the proposed surrogate model. the former trains a simulator based on historical data to generate more samples for improving the accuracy of mlps. the latter calibrates the outputs of mlps based on empirical prediction errors to help e",P5 uncertainty,high,54,P1 replacement,0,title,deep-quantile-regression-based surrogate model for joint chance-constrained optimal power flow with renewable generation,Feasibility,high,34,_other,0,abstract/keywords,"sed forms. two multi-layer perceptrons are trained based on special loss functions to predict the quantile of constraint violations and expected power loss. by reformulating these two mlps into mixed-integer linear constraints, we can replicate the jcc-opf without network paramete",yes
Srithapon202134395,2021,Surrogate-Assisted Multi-Objective Probabilistic Optimal Power Flow for Distribution Network with Photovoltaic Generation and Electric Vehicles,yes,yes,PCE / RSM,high,18,Neural network,8,pdf,"hout the mathematically exten- sive models. for example, authors in [28] introduced the basis-adaptive sparse polynomial chaos expansion (spce) as the surrogate model to perform the ppf analysis in the power systems. the spce method is also used to obtain the probabilistic models for m",Historical operational data,high,34,Latin hypercube sampling,8,abstract/keywords,"t variables. the multi-objective popf problem is solved using the multi-objective differential evolution. the historical data including solar irradiation, ambient temperature, residential load, and electric vehicle (ev) travel distance is calculated in the low voltage distri",P2 acceleration,high,38,P5 uncertainty,9,abstract/keywords,"s to prolong transformer life and reducing environmental impact. moreover, the results show that the proposed surrogate-assisted optimization framework gives a better solution when comparing with the conventional surrogate-assisted method. © 2013 ieee. acoustic generators; deep learning; di",Point metrics,high,32,_other,0,pdf,"th the acceptable computation time. it should be noted that the performance of the model is evaluated using a mean absolute error (mae) and a regression score (r-squared) as the accuracy measurement function. finally, the dnn conﬁguration that was used for the surro- gate model",yes
Urgun20202791,2020,Importance Sampling Using Multilabel Radial Basis Classification for Composite Power System Reliability Evaluation,yes,yes,RBF / kernel,high,50,PCE / RSM,0,abstract/keywords,state classification approach to calculate power system reliability indices using a combination of multilabel radial basis function (mlrbf) networks and importance sampling (is) within the framework of monte carlo simulation process. multilabel classification algorithms are differ,Latin hypercube sampling,high,9,Quasi-Monte Carlo / sparse-grid collocation,0,pdf,ng. mll multilabel learning. mlknn multilabel k-nearest neighbor. mlrbf multilabel radial basis function. lhs latin hypercube sampling. lol loss of load. lolp loss of load probability. knn k-nearest neighbor. opf optimal power ﬂow. rbf radial basis function. rts reliability test syst,,unassigned,0,P2 acceleration,0,,,,unassigned,0,,0,,,no
Rodgers2018951,2018,Generation expansion planning considering health and societal damages – A simulation-based optimization approach,yes,yes,GP / kriging,high,11,PCE / RSM,0,pdf,"rt of the approximation of health damages, we do not explicitly consider this pollutant in our model. using a kriging metamodel, a closed-form function that relates changes in dispatching decisions from gep model outputs to health damages from nox and so2 emissions i",Active learning,high,9,Latin hypercube sampling,0,pdf,"d. to ensure the prediction accuracy of the metamodel, and conse- quently yield better gep model outputs, the expected improvement of the metamodel is evaluated to determine when to terminate the algorithm or to execute additional gep simulations to enhance the metamodel. fig. 1.",P2 acceleration,high,10,P1 replacement,0,pdf,"d. to ensure the prediction accuracy of the metamodel, and conse- quently yield better gep model outputs, the expected improvement of the metamodel is evaluated to determine when to terminate the algorithm or to execute additional gep simulations to enhance the metamodel. fig. 1.",,unassigned,0,,0,,,no
Jahangiri20244849,2024,A machine learning approach to analysis of Canadian provincial power system decarbonization,yes,yes,,unassigned,0,GP / kriging,0,,,Historical operational data,high,8,Latin hypercube sampling,0,pdf,"ermining optimized decar - bonization pathways. finally, imports and exports are modeled exoge - nously using historical data since future conditions are unknown, so significant changes to trade patterns would influence optimal decar - bonization pathways. future modelling c",,unassigned,0,P2 acceleration,0,,,Point metrics,high,14,_other,0,pdf,f solar pv 86 – 216 $/kw annualized capital costs of battery storage 216 – 463 $/kw table 2 training and test mse losses of the model and its accuracy in predictions. training loss test loss mean (r 2 ) std (r 2 ) 0.0078 0.08 0.94 0.03 table 3 comparison of coppe,no
Jahangiri2023,2023,A Deep Learning Approach for Exploring the Design Space for the Decarbonization of the Canadian Electricity System,yes,yes,Neural network,high,8,PCE / RSM,0,pdf,rating renewables into the dutch energy system. their results showed that the linear regression model and the long short-term memory model had the highest performance the best in each electrical and heating network. sciazko [20] implemented various interpolation techniques and nn a,,unassigned,0,Quasi-Monte Carlo / sparse-grid collocation,0,,,,unassigned,0,P2 acceleration,0,,,Point metrics,high,25,_other,0,pdf,"ing the model training algorithm aimed to minimize the loss function, which was deﬁned as mean-squared error (mse) between the nn output predictions and the provided data (calculated using eqn. (3)). lower mse values are indicative of greater model accuracy. to p",no
Amaral20251156,2025,Adaptive metamodeling-based simulation optimisation,no,yes,,unassigned,0,GP / kriging,0,,,,unassigned,15,Latin hypercube sampling,0,,,P2 acceleration,high,27,P1 replacement,0,abstract/keywords,"a manufacturing digital twin model and a capacity expansion project at a mining plant. amso outperformed the efficient global optimisation method, achieving solutions 8.1% and 9.7% better on average for the first and second case studies, respectively, with no significant increase in comp",,unassigned,0,,0,,,no
Fu20202904,2020,Statistical Machine Learning Model for Stochastic Optimal Planning of Distribution Networks Considering a Dynamic Correlation and Dimension Reduction,yes,yes,PCE / RSM,high,17,GP / kriging,0,pdf,"al feature space to a low-latitude feature space. b. ppf calculation method based on srsm srsm is an explicit polynomial chaos expansion based on hermite polynomials [25]: y = a 0 + n∑ i1=1 ai1 /gamma11 ( ξi1 ) + n∑ i1=1 i1∑ i2=1 ai1i2/gamma12 ( ξi1,ξi2 ) + n∑ i1=1 i1∑ i2=1 i2∑ i3=1 ai",Latin hypercube sampling,high,10,Quasi-Monte Carlo / sparse-grid collocation,0,pdf,"ulation methods. the nataf trans- form can solve the model problem of correlated nonnormal distributions, and latin hypercube sampling can improve the efﬁciency of monte carlo sampling for ppf calculations [2]. fu et al. used a copula function to simulate the correlation between phot",,unassigned,0,P2 acceleration,0,,,,unassigned,0,,0,,,no
Fu2022,2022,Statistical machine learning model for capacitor planning considering uncertainties in photovoltaic power,yes,yes,,unassigned,0,GP / kriging,0,,,,unassigned,0,Quasi-Monte Carlo / sparse-grid collocation,0,,,,unassigned,0,P2 acceleration,0,,,,unassigned,0,,0,,,no
Koschwitz2018134,2018,Data-driven heating and cooling load predictions for non-residential buildings based on support vector machine regression and NARX Recurrent Neural Network: A comparative study on district scale,yes,yes,RBF / kernel,high,119,Neural network,66,abstract/keywords,"els. in this study, data-driven thermal load forecasting performance of ε-svm regression (ε-svm-r) based on a radial basis function (rbf) and a polynomial kernel is compared to the outcome of two nonlinear autoregressive exogenous recurrent neural networks (narx rnn) of different",Historical operational data,high,33,Latin hypercube sampling,0,abstract/keywords,"nlinear autoregressive exogenous recurrent neural networks (narx rnn) of different depths. for demonstration, historical data from a non-residential district in germany is used for training and testing to predict monthly loads. the evaluation of the resulting predictions sho",,unassigned,0,P2 acceleration,0,,,Point metrics,high,25,_other,0,pdf,"loop architecture. 2.5. performance indicators for performance measurements, the mean average error (mae) and mean squared error (mse) have been chosen to characterize model performances. these measures can be calculated based on (12) and (13). mae ¼ 1 n xn i¼1 /c12/c12/c12 ypr",no
Zhou2024,2024,Machine learning-based digital district heating/cooling with renewable integrations and advanced low-carbon transition,yes,yes,,unassigned,10,Neural network,8,,,,unassigned,0,Quasi-Monte Carlo / sparse-grid collocation,0,,,,unassigned,0,P2 acceleration,0,,,Point metrics,high,9,_other,0,pdf,"rgy demand from different levels, using machine-learning models. the machine-learning based model can provide prediction accuracy and adequate forecasting in - tervals in response to the requirement of smart grids. wei et al. [33] systematically and comprehensively reviewed diff",no
Schulte2016104,2016,Optimization of Medium-Deep Borehole Thermal Energy Storage Systems,no,yes,,unassigned,0,GP / kriging,0,,,,unassigned,0,Quasi-Monte Carlo / sparse-grid collocation,0,,,,unassigned,0,P2 acceleration,0,,,,unassigned,0,,0,,,no
Reynolds2017704,2017,A smart heating set point scheduler using an artificial neural network and genetic algorithm,no,yes,Neural network,high,59,PCE / RSM,0,title,a smart heating set point scheduler using an artificial neural network and genetic algorithm,,unassigned,0,Quasi-Monte Carlo / sparse-grid collocation,0,,,,unassigned,0,P2 acceleration,0,,,,unassigned,0,,0,,,no
Gao2025,2025,"Multi-objective optimization and posteriori multi-criteria decision making on an integrative solid oxide fuel cell cooling, heating and power system with semi-empirical model-driven co-simulation",yes,yes,Neural network,high,8,PCE / RSM,0,pdf,ical model or machine learning model. yuan et al. [20] optimized a chp system energy effi- ciency based on an artificial neural network model of input operating parameters and output efficiency relationship through the genetic al- gorithm calculation. the results showed that the syste,,unassigned,0,Quasi-Monte Carlo / sparse-grid collocation,0,,,,unassigned,0,P2 acceleration,0,,,Point metrics,high,9,_other,0,pdf,erformance. the process can be illustrated as: sst = ssf + sse (49) dft = dff + dfe (50) msf = ssf / dff (51) mse = sse / dfe (52) f = msf / mse (53) where sst is the sum of squares of total objective values; ssf is the sum of squares for factor variation influen,no
Petrova2025,2025,Thermal interference in aquifer thermal energy storage: Insights from stochastic surrogate modelling of well placement,yes,yes,Tree ensembles,high,47,PCE / RSM,0,abstract/keywords,"nimize computational costs, we designed a workflow where the full order physics-based model was replaced by a random forest classifier (rfc) that predicts thermal interference with 97% accuracy accounting for technical and geological uncertainties in a typical deep ht-ates",Quasi-Monte Carlo / sparse-grid collocation,high,8,Latin hypercube sampling,0,pdf,of parameter combinations and sampling uniformly the para- metric space. this is done by using a quasi-random halton sequence with a uniform prior probability density function. physical parameter values of the model range over different scales and have different units (table,P5 uncertainty,high,9,P1 replacement,0,pdf,"uifer properties to predict the evolution of well temperatures for dif- ferent aquifer properties. by using a surrogate modelling approach [28] were able to determine optimal production rate for a site in crystalline rocks. despite significant advancements in uncertainty quantification and regression analysis for optimizing ates design, only limited amount of studies focused on the optimal well spacing by accounting for both tech- n",Problem UQ,high,8,_other,0,pdf,"ble to determine optimal production rate for a site in crystalline rocks. despite significant advancements in uncertainty quantification and regression analysis for optimizing ates design, only limited amount of studies focused on the optimal well spacing by accounting for both tech- n",yes
Zhou20181,2018,A robust optimization approach for integrated community energy system in energy and ancillary service markets,yes,yes,GP / kriging,high,41,PCE / RSM,0,abstract/keywords,"pproach is adopted to handle uncertainty, and confidence intervals of uncertain parameters are predicted by a gaussian process method. finally, simulations of a real regional multi-energy system demonstrate the effectiveness and applicability of the proposed model. © 2018 els",Historical operational data,high,9,Latin hypercube sampling,0,pdf,"l summer day, august 26, 2016, and a typical winter day, january 26, 2016, are chosen as the scheduling days. historical data of em and asm prices in the cali- fornia day-ahead market [ 45], as well as wind speed and solar irradiance, from august 1 e25, 2016 and from january",,unassigned,0,P2 acceleration,0,,,,unassigned,0,,0,,,no
Wang2021,2021,Short-Term Time Wind Speed Forecasting Based on Spatio-Temporal Geostatistical Approach and Kriging Method,no,yes,GP / kriging,high,69,PCE / RSM,0,title,short-term time wind speed forecasting based on spatio-temporal geostatistical approach and kriging method,,unassigned,0,Quasi-Monte Carlo / sparse-grid collocation,0,,,,unassigned,0,P2 acceleration,0,,,,unassigned,0,,0,,,no
Zheng20231907,2023,Distributed Dispatch of Integrated Electricity-Heat Systems With Variable Mass Flow,yes,yes,,unassigned,0,GP / kriging,0,,,Historical operational data,high,8,Latin hypercube sampling,0,pdf,"s two methods. one is a warm start using his- torical data and the other is a ﬂat start. since we do not have historical data, we use the ﬂat start method directly. a. small-scale system this system is composed of a six-bus electric power network and a six-node dhn [ 18]. th",P4 decomposition,high,11,P1 replacement,0,pdf,"equently, mature distributed optimization meth- ods such as the alternating direction of multipliers [ 7] and benders decomposition [ 9], [10], [11] can be readily adopted. however, decomposition for iehs dispatch under vf-vt is another story. first, the vf-vt model (p0) is intrac",Feasibility,high,10,_other,0,pdf,"still a bn-minlp. if there is a feasible solution in (p0), then the optimum ζ∗ in (p1) will be 0 (meaning no constraint violation) and the corresponding optimal solution will be feasible in (p0). the main idea of the alternating procedure here is to solve (p1) by iteratively ﬁxi",no
Ren2024,2024,Data-driven surrogate optimization for deploying heterogeneous multi-energy storage to improve demand response performance at building cluster level,yes,yes,RBF / kernel,high,8,PCE / RSM,0,pdf,"function evaluations [29]. among extensive data-driven modeling techniques, artificial neural networks [30], support vector machine/regression [31], and decision tree-based techniques [32], have been frequently adopted for surrogate modeling of building energy systems. however, mo",,unassigned,10,Historical operational data,8,,,,unassigned,0,P2 acceleration,0,,,Point metrics,high,16,_other,0,pdf,in predicting the individual building energy bills. the r 2 of surrogated models were all above 0.98 and the mean absolute percentage error of the validation for predicting the building cluster energy bill was less than 4%. to evaluate the performance of the optimal deployment plan and co,no
Jalving2023,2023,Beyond price taker: Conceptual design and optimization of integrated energy systems using machine learning market surrogates,yes,yes,Neural network,high,34,GP / kriging,18,abstract/keywords,ine-learning; neural-networks; price takers; renewable energy source; surrogate modeling; alternative energy; artificial neural network; electricity generation; energy market; machine learning; optimization; price dynamics; machine learning,,unassigned,10,Historical operational data,9,,,,unassigned,0,P2 acceleration,0,,,Point metrics,high,28,_other,0,abstract/keywords,"annual revenues by 8% or more compared to a validation simulation, where the proposed approach has a typical relative error of 1% or less. © 2023 elsevier ltd conceptual design; electric load dispatching; neural networks; power markets; renewable energy resources; computat",no
Dong2023,2023,Chance-constrained optimal dispatch of integrated energy systems based on data-driven sparse polynomial chaos expansion,yes,yes,PCE / RSM,high,169,GP / kriging,0,title,chance-constrained optimal dispatch of integrated energy systems based on data-driven sparse polynomial chaos expansion,Historical operational data,high,33,Latin hypercube sampling,0,abstract/keywords,"-driven sparse polynomial chaos expansion method enables the fast computing of the output response using only historical data, i.e., without knowledge pertaining to the distribution functions. moreover, an improved iterative verification structure is proposed, which further",P5 uncertainty,high,10,P1 replacement,0,pdf,"omial ba- sis. finally, a probability density function can be obtained by applying statistical methods to the surrogate model. sustainable energy technologies and assessments 60 (2023) 103546 8 b. dong et al. fig. 4. iterative verification procedure for chance-constrained day-ahead optimal dispatch. chance-constrained day-ahead optimal dispatch based on ddscpe as the chance-constrained optimal dispatch model and the dd",Feasibility,high,8,_other,0,pdf,"con- straints, such as voltage and current magnitude constraints, as shown in ( 8) and ( 9), respectively, a constraint violation implies an actual under- or over-voltage, or a transmission line overload. generally, a low violation probability of the soft constraints is acceptab",yes
Yin2024,2024,Energy management and capacity allocation method of hybrid energy storage system based on port transportation-energy coupling characteristics,yes,yes,PCE / RSM,high,17,RBF / kernel,9,pdf,"sis function (rbf) is used to determine the region of the global optimal solution, and a quadratic polynomial response surface model (rsm) is constructed to determine global convergence. in mps algorithm, the convergence speed control factor is obtained through the multi-correlatio",Historical operational data,high,33,Latin hypercube sampling,0,abstract/keywords,"l-pursuing sampling (mps) algorithm based on the metamodel is presented. the simulation results based on port historical data show that, compared with the traditional scheduling method, the daily operating cost of the collaborative scheduling method is reduced by 7.2 %. comp",,unassigned,0,P2 acceleration,0,,,,unassigned,0,,0,,,no
Eseye201991463,2019,Machine learning based integrated feature selection approach for improved electricity demand forecasting in decentralized energy systems,yes,yes,GP / kriging,high,82,Neural network,24,abstract/keywords,"approach, one of the ml tools-binary genetic algorithm (bga) is applied for the feature selection process and gaussian process regression (gpr) is used for measuring the fitness score of the features. in order to validate the effectiveness of the proposed approach, it is appl",,unassigned,0,Quasi-Monte Carlo / sparse-grid collocation,0,,,,unassigned,0,P2 acceleration,0,,,Point metrics,high,84,_other,0,abstract/keywords,"that the ffann forecast model based on the bga-gpr fs selected training feature subset has achieved an annual mape of 1.96%, which is a very acceptable and promising value for electricity demand forecasting in small-scale decentralized energy systems. © 2019 ieee.",no
Faraji2020157284,2020,Optimal day-ahead self-scheduling and operation of prosumer microgrids using hybrid machine learning-based weather and load forecasting,yes,yes,Neural network,high,58,RBF / kernel,41,abstract/keywords,"achine learning-based method using adaptive neuro-fuzzy inference system (anfis), multilayer perceptron (mlp) artificial neural network (ann), and radial basis function (rbf) ann to precisely predict the load and weather data is one of the most important contributions of this article.",Historical operational data,high,10,Latin hypercube sampling,0,pdf,"ntervals [13]. in time-series forecasting approaches, a model is utilized to forecast future samples based on historical data [27]. in this study, three of the most potent and well-known machine learning algorithms, i.e. anfis model, mlp-ann, and rbf-ann are used for predict",,unassigned,0,P2 acceleration,0,,,Point metrics,high,27,_other,0,pdf,umer microgrid pv photovoltaic r linear regression rbf radial basis function res renewable energy source rmse root mean squared error rtp real-time pricing sc subtractive clustering si solar irradiance oc operation cost std standard deviation soc state of charge tou time of use ws w,no
Wang2017,2017,Design of a fractional order frequency PID controller for an islanded microgrid: A multi-objective extremal optimization method,yes,yes,GP / kriging,high,38,PCE / RSM,0,abstract/keywords,-ii) based fopid/pid controllers and other recently reported single-objective evolutionary algorithms such as kriging-based surrogate modeling and real-coded population extremal optimization-based fopid controllers is demonstrated by the simulation studies on a typic,,unassigned,0,Quasi-Monte Carlo / sparse-grid collocation,0,,,,unassigned,0,P2 acceleration,0,,,,unassigned,0,,0,,,no
Nematollahi2021,2021,Sizing and sitting of DERs in active distribution networks incorporating load prevailing uncertainties using probabilistic approaches,yes,yes,GP / kriging,high,38,PCE / RSM,0,abstract/keywords,"order to deal with uncertainties of pv generation and load forecasting, the lognormal distribution model and gaussian process quantile regression (gpqr) approaches are employed. in order to solve the optimization problem, the lightning attachment procedure optimization (lapo",Historical operational data,high,9,Latin hypercube sampling,0,pdf,"ds for efﬁciency, and ta denotes the ambient temperature. in order to model the intermittencies, a dataset of historical records associated with the solar radiation. such irradiance datasets can effectively be matched with a lognormal or weibull distribution function. these dis",,unassigned,0,P2 acceleration,0,,,Point metrics,high,24,_other,0,pdf,"ensity estimator model. k(x1, x2, σ) = 1√ 2πσ e− (x1−x2)2 2σ2 (35) mean absolute percentage errors (mape) and root mean squared error (rmse) are two employed evaluation metrics that can exhibit the performance of the forecasting model. rmse (yi, ˆyi) = √ 1 n n ∑ i=1 (yi, ˆyi)2 (3",no
Wang20192635,2019,Neural networks for power management optimal strategy in hybrid microgrid,yes,yes,RBF / kernel,high,40,Neural network,8,abstract/keywords,"that optimal power of each component with certain time interval can be obtained. in addition, a new method by radial basis function neural network is proposed to predict the power values of renewable energy and load demand, which are used as the input values in the optimal process",Historical operational data,high,8,Latin hypercube sampling,0,pdf,"of ﬁrst day. the rbf neural network achieves day-ahead forecast by learning the potential characteristics of historical data. comparing with the latest research [ 38], it is easy to ﬁnd the prediction model can obtain the overall trend and fail to predict precisely. the lar",,unassigned,0,P2 acceleration,0,,,Point metrics,high,9,_other,0,pdf,"applied to obtain the predicted values of wind speed (ws), solar radiation (sr) and load demand with smaller mse and are, showing good performance. (3) by deﬁning price to control emissions and integrating the emission cost with the fuel cost function, an object",no
Hussien20211883,2021,Sunflower optimization algorithm-based optimal PI control for enhancing the performance of an autonomous operation of a microgrid,yes,yes,PCE / RSM,high,40,GP / kriging,0,abstract/keywords,the pi controller using the sfo algorithm. the multi-objective function for this research is deduced from the response surface methodology (rsm). the simulation results are tested under three different operating states which are: 1) the system conversion from grid-connected to stand-alon,Factorial / response-surface design,high,32,Latin hypercube sampling,0,abstract/keywords,the pi controller using the sfo algorithm. the multi-objective function for this research is deduced from the response surface methodology (rsm). the simulation results are tested under three different operating states which are: 1) the system conversion from grid-connected to stand-alon,,unassigned,0,P2 acceleration,0,,,,unassigned,0,,0,,,no
Rigo-Mariani20171762,2017,Integrated optimal design of a smart microgrid with storage,yes,yes,GP / kriging,high,47,PCE / RSM,0,abstract/keywords,imization; linear programming; optimal systems; optimization; virtual storage; efficient global optimization; kriging; micro grid; optimal dispatching; sizing; smart grid; dynamic programming,Latin hypercube sampling,high,8,Quasi-Monte Carlo / sparse-grid collocation,0,pdf,sed for the optimization of the microgrid tco. the algorithm uses 10 randomly chosen start- ing points with a latin hypercube sampling (lhs) [ 25]. ei is maximised using alternatively a tr method with several starting points (typically 300 points) or by regularly sampling the search,P2 acceleration,high,27,P1 replacement,0,abstract/keywords,utionary algorithms; global optimization; linear programming; optimal systems; optimization; virtual storage; efficient global optimization; kriging; micro grid; optimal dispatching; sizing; smart grid; dynamic programming,,unassigned,0,,0,,,no
Cao2023,2023,Digital technologies for net-zero energy transition: a preliminary study,yes,yes,,unassigned,8,RBF / kernel,8,,,Historical operational data,high,8,Latin hypercube sampling,0,pdf,itally rep - resented. this requires both suitable representations of entities and their related collected or measured data and representations of physical behavior as function of parameters or process conditions—in other words com - putational models. the overall system a,,unassigned,0,P2 acceleration,0,,,,unassigned,0,,0,,,no
Schulte2020,2020,Multi-objective optimization under uncertainty of geothermal reservoirs using experimental design-based proxy models,yes,yes,GP / kriging,high,76,PCE / RSM,46,abstract/keywords,"y multi-objective particle swarm optimization (mopso), to an ensemble of response surface models, built using gaussian process regression (gpr), for each and every geological scenario. mopso explores the trade-off surface for the competing objectives using the mean reservoir",Factorial / response-surface design,high,44,Active learning,8,pdf,"ed. both wells in our doublet can vary within a wide range of locations, as illustrated in fig. 4. due to the full factorial design of experiments, the sampling of well locations is restricted to 6 locations per well to avoid an inflation of the computational effort. the re-inject",P2 acceleration,high,8,P1 replacement,0,pdf,"t al., 2010), differential evolution (hajizadeh et al., 2010), genetic algorithms (christie et al., 2006) and bayesian optimization algorithms (abdollahzadeh et al., 2012). pso, for instance, has been used extensively in the optimization of hydrocarbon reservoir developments in bo",Problem UQ,high,10,_other,0,pdf,"4as, united kingdom article info keywords: low-enthalpy reservoirs modeler bias response surface methodology uncertainty quantification multi-objective optimization heterogeneity abstract geothermal energy has a high potential to contribute to a more sustainable energy system if the a",yes
Giorgetti2020,2020,Surrogate-Assisted Modeling and Robust Optimization of a Micro Gas Turbine Plant with Carbon Capture,no,yes,GP / kriging,high,60,PCE / RSM,0,abstract/keywords,"ochastic optimization. therefore, a surrogate-based optimization approach has been used, which makes use of a gaussian process regression (gpr) model, trained using the aspenplus data, to quickly find operating points of the plant at a very low computational cost. using the v",,unassigned,0,Quasi-Monte Carlo / sparse-grid collocation,0,,,P5 uncertainty,high,36,P2 acceleration,27,title,surrogate-assisted modeling and robust optimization of a micro gas turbine plant with carbon capture,,unassigned,0,,0,,,no
Yang2024,2024,A Day-Ahead Economic Dispatch Method for Renewable Energy Systems Considering Flexibility Supply and Demand Balancing Capabilities,no,yes,,unassigned,0,GP / kriging,0,,,,unassigned,0,Quasi-Monte Carlo / sparse-grid collocation,0,,,,unassigned,0,P2 acceleration,0,,,,unassigned,0,,0,,,no
Dong2022,2022,Optimization strategy based on robust model predictive control for RES-CCHP system under multiple uncertainties,yes,yes,GP / kriging,high,76,Neural network,8,abstract/keywords,"re, the probability distributions of res generation and load consumption predictions are determined using the gaussian process regression method, and a minimum–maximum rolling optimization model is developed. under the uncertain scenarios of res generation and load consumptio",Historical operational data,high,10,Latin hypercube sampling,0,pdf,"three parts ( fig. 2 ): (1) predicted probability distribution, (2) uncertainty rolling optimization, and (3) historical data update. under this framework, first, a prediction model of the probability distribution was constructed to predict the source-load and its corre - sp",,unassigned,0,P2 acceleration,0,,,Interval calibration,high,9,_other,0,pdf,"the closer the value of r 2 is to 1, more accurate is the prediction. interval prediction evaluation metric: coverage probability ( c α ). c α is expressed as the probability that the observed value falls within the prediction interval at the α confidence level [39] . r 2 and c",no
Liu20222679,2022,Kernel Structure Design for Data-Driven Probabilistic Load Flow Studies,yes,yes,GP / kriging,high,40,PCE / RSM,0,abstract/keywords,"ng from power entities such as renewable generation systems and consumer demands. in this paper, we present a gaussian process (gp) emulator for enabling data-driven plf on practical distribution networks (dns) without requiring knowledge of underlying system parameters. the",,unassigned,0,Quasi-Monte Carlo / sparse-grid collocation,0,,,,unassigned,0,P2 acceleration,0,,,Point metrics,high,9,_other,0,pdf,"the change in likelihood incurred by the proposed design method. then, we present the root mean square error (rmse) r which measures the emulator output’s ﬁt with data. next, we detail the kullback-leibler divergence (kld) d kl which quantitatively measures the di",no
Rafi202132436,2021,A short-term load forecasting method using integrated CNN and LSTM network,yes,yes,Neural network,high,82,Tree ensembles,58,abstract/keywords,s proposed in this paper for short-term load forecasting. the developed method is based on the integration of convolutional neural network (cnn) and long short-term memory (lstm) network. the method is applied to bangladesh power system to provide short-term forecasting of electrical loa,,unassigned,0,Quasi-Monte Carlo / sparse-grid collocation,0,,,,unassigned,0,P2 acceleration,0,,,Point metrics,high,31,_other,0,pdf,"lso known as evaluation metrics). to this end, three types of error metrics such as mean average error (mae), root mean squared error (rmse) and mean volume 9, 2021 32441 s. h. rafi et al.: stlf method using integrated cnn and lstm network figure 15. comparison of load forecasting r",no
Sideratos2020,2020,A novel fuzzy-based ensemble model for load forecasting using hybrid deep neural networks,yes,yes,RBF / kernel,high,42,Neural network,35,abstract/keywords,"proach is applied to model locally the load forecasting problem. following a two-stage approach, initially, a radial basis function neural network (rbfnn) is trained using three-fold cross-validation and the hidden layers of the best three rbfnns are used to transform the input da",,unassigned,0,Quasi-Monte Carlo / sparse-grid collocation,0,,,,unassigned,0,P2 acceleration,0,,,Point metrics,high,25,_other,0,pdf,"tudieswithoutanymodifications.toillustratethemodelperformance, the mean absolute percentage error (mape), the mean absolute error (mae)and the root meansquared error (rmse) are used. 4.2. input data and fuzzy modeling following the data selection strategy discussed in ref. [48],",no
Li2019,2019,Recurrent neural networks based photovoltaic power forecasting approach,yes,yes,RBF / kernel,high,78,Neural network,73,abstract/keywords,"in flanders, belgium. the classical persistence method (persistence), back propagation neural network (bpnn), radial basis function (rbf) neural network and support vector machine (svm), and long short-term memory (lstm) networks are adopted as benchmarks. extensive results show t",Historical operational data,high,8,Latin hypercube sampling,0,pdf,"gure 2, we plot the pv power curves for seven days over a period of time. the unit of pv power is mw, and the historical data is recorded by an electricity transmission system operator in belgium [32]. from the plots, the pv power of one day is very similar to the pv power o",,unassigned,0,P2 acceleration,0,,,Point metrics,high,45,_other,0,pdf,"tion power forecasting. energies 2019, 12, 2538 9 of 17 3.4. forecasting performance evaluation we select the mean absolute error (mae), root mean square error (rmse) and mean absolute percentage error (mape) as the evaluation criteria [35]. the evaluation criteria are as follow",no
Hanifi2024,2024,Advanced hyperparameter optimization of deep learning models for wind power prediction,no,yes,Neural network,high,54,GP / kriging,27,abstract/keywords,"mparison of three advanced techniques – scikit-opt, optuna, and hyperopt – for hyperparameter optimization of convolutional neural network (cnn) and long short-term memory network (lstm) models, a facet that, to our knowledge, has not been systematically explored in existing literature.",Active learning,high,72,Latin hypercube sampling,0,abstract/keywords,rning systems; mean square error; trees (mathematics); weather forecasting; wind power; acquisition function; bayesian optimization; convolutional neural network; gaussian processes; hyper-parameter optimizations; memory network; network models; performance; random initialization;,P2 acceleration,high,30,P1 replacement,0,abstract/keywords,"the results show that the optuna algorithm, using a tree-structured parzen estimator (tpe) search method and expected improvement (ei) acquisition function, has the best efficiency for both cnn and lstm models. in terms of accuracy, it is demonstrated that while for the cnn mode",Point metrics,high,21,_other,0,abstract/keywords,"the accuracy and efficiency of the cnn and lstm models are assessed by comparing the root mean square error (rmse) of the predictions and the required time to tune the models. the results show that the optuna algorithm, using a tree-structured parzen estimator (t",yes
Madhukumar20228891,2022,Regression Model-Based Short-Term Load Forecasting for University Campus Load,yes,yes,GP / kriging,high,82,RBF / kernel,17,abstract/keywords,"sion models in matlab regression toolbox: linear regression, regression trees, support vector machines (svm), gaussian process regression (gpr), and ensemble of trees. it is found that the family of gpr models shows the best load forecasting performance because they are nonpa",,unassigned,0,Quasi-Monte Carlo / sparse-grid collocation,0,,,,unassigned,0,P2 acceleration,0,,,Point metrics,high,45,_other,0,pdf,"d forecasting accuracy is evaluated using the statistic error indices, mean absolute percentage error (mape), mean absolute error (mae), and root mean square error (rmse), to ﬁnd the best ﬁtted regression mod- els. after initial selection among the 19 regression models, the six",no
Wang2023,2023,Improved singular filtering-Gaussian process regression-long short-term memory model for whole-life-cycle remaining capacity estimation of lithium-ion batteries adaptive to fast aging and multi-current variations,yes,yes,GP / kriging,high,160,Neural network,81,title,improved singular filtering-gaussian process regression-long short-term memory model for whole-life-cycle remaining capacity estimation of lithium-ion batteries adaptive to fast aging and multi-,Transfer learning,high,8,Latin hypercube sampling,0,pdf,"attery aging, and current magnification are fully considered. the pre-trained network is obtained through the transfer learning mechanism to reduce the burden of the model on learning tasks. it learns not only the information from the previous time step but also that of the fu",,unassigned,0,P2 acceleration,0,,,Stress test,high,11,_other,0,pdf,"60 ◦ c). the experimental data of capacity test, hybrid power pulse characterization (hppc) test and dynamic stress test (dst) under three working conditions are obtained. the input parameter detection accuracy is analyzed with the model parameters using different initi",no
Tian2020,2020,Short-term wind speed prediction based on LMD and improved FA optimized combined kernel function LSSVM,yes,yes,RBF / kernel,high,78,Neural network,17,abstract/keywords,"he short-term wind speed time series is decomposed into some components by the lmd algorithm. based on lssvm, radial basis function and the polynomial function are used to generate the combined kernel function. the combined kernel function lssvm combines the advantages of the radi",Historical operational data,high,9,Latin hypercube sampling,0,pdf,"wind speed can be improved theoretically. however, most of the current wind speed prediction methods only use historical data of wind speed, rather than these environmental variables. the main reasons are as follows. 1. many new sensors are needed to measure these environmen",,unassigned,0,P2 acceleration,0,,,Point metrics,high,72,_other,0,abstract/keywords,"n and actual wind speed, the box-plot results of predictive error distribution, the comparison results of the relative prediction error, the performance indicators, the pearson's test, the dm test and the taylor diagram results show that the proposed prediction method has higher predi",no
Yang2020415,2020,A novel competitive swarm optimized RBF neural network model for short-term solar power generation forecasting,yes,yes,RBF / kernel,high,62,Neural network,16,abstract/keywords,"s for effective forecasting methods to improve the solar prediction accuracy. in this paper, a novel improved radial basis function neural network model is proposed and applied in forecasting the short-term solar power generation. a recent proposed meta-heuristic approach named co",Historical operational data,high,8,Latin hypercube sampling,0,pdf,"nd (6) min f = √ 1 n m · n m ∑ i =1 ( ˆ y − y m ) 2 (5) where ˆ y and y m denote the prediction value and the measured data set respectively. note that the formulation and all the param- eters should be pre-set or determined before calculating the model output ˆ y , which",,unassigned,0,P2 acceleration,0,,,Point metrics,high,30,_other,0,abstract/keywords,"neration within the existing power system, which calls for effective forecasting methods to improve the solar prediction accuracy. in this paper, a novel improved radial basis function neural network model is proposed and applied in forecasting the short-term solar power generat",no
Shi2024,2024,Short-term Load Forecasting Considering EV Charging Loads with Prediction Interval Evaluation,yes,yes,GP / kriging,high,82,PCE / RSM,0,abstract/keywords,"redictability. to address this issue, this paper proposes a probabilistic load forecasting strategy utilizing gaussian process regression, structured in a day-ahead manner. while many works focus on deterministic prediction, probabilistic forecasting offers additional insight",Historical operational data,high,9,Latin hypercube sampling,0,pdf,"-based load forecasting is performed under three different settings for comparison: case 1: in this case, the historical data without evs is used to forecast the ev-free loads of the utility feeder. all the time indices hd(t), dw (t), dy (t) and my (t), historical load data",,unassigned,0,P2 acceleration,0,,,Interval calibration,high,11,_other,0,pdf,"dicates that the pis are longer in comparison to the actual values. another critical criterion for pis is the coverage probability, which monitors how frequently the actual data points would lie within the constructed pis. the pi coverage probability (picp) can be calculated as:",no
Tan2026,2026,"Gaussian processes in power systems: Techniques, applications, and future works",yes,yes,GP / kriging,high,77,Neural network,8,title,"gaussian processes in power systems: techniques, applications, and future works",Active learning,high,25,Historical operational data,17,pdf,"y beneficial for applications where training data is scarce. additionally, gp training can be interlaced with active learning [14] to overcome data scarcity if generating data is expensive and time-consuming. due to these advantages, gp has garnered increasing attention in t",P5 uncertainty,high,18,P2 acceleration,9,pdf,approximate the ac power flow equations under input uncertainty and is then embedded as a chance- constrained surrogate model in the opf. chance-constrained ac-opf [92] hybrid & sparse gp probabilistic opf [93] standard gp gp can directly obtain the distribution of opf output vari ables for a given input,Problem UQ,high,43,_other,0,abstract/keywords,"tions. in this context, gaussian processes (gps) have emerged as a powerful probabilistic framework, offering uncertainty quantification, non-parametric modeling, and predictive capabilities to enhance power system analysis and control. this paper presents a comprehensive review of gp",yes
Khan2024_DT,2024,Digital Twin and Artificial Intelligence Incorporated With Surrogate Modeling for Hybrid and Sustainable Energy Systems,no,yes,,unassigned,0,GP / kriging,0,,,,unassigned,0,Quasi-Monte Carlo / sparse-grid collocation,0,,,,unassigned,0,P2 acceleration,0,,,,unassigned,0,,0,,,no
malla_sg_optimization_2024,2024,Optimization of Multi-Energy Systems for Efficient Power-to-X Conversion,yes,yes,,unassigned,0,GP / kriging,0,,,,unassigned,0,Quasi-Monte Carlo / sparse-grid collocation,0,,,,unassigned,0,P2 acceleration,0,,,,unassigned,0,,0,,,no
salgueiro_multi-objective_2019,2019,Multi-objective Metaheuristics' Challenges in the Optimization of Microgrids Planning and Management,no,yes,,unassigned,0,GP / kriging,0,,,,unassigned,0,Quasi-Monte Carlo / sparse-grid collocation,0,,,,unassigned,0,P2 acceleration,0,,,,unassigned,0,,0,,,no
vahidinasab_overview_2020,2020,Overview of Electric Energy Distribution Networks Expansion Planning,yes,yes,,unassigned,0,GP / kriging,0,,,Historical operational data,high,16,Latin hypercube sampling,8,pdf,"g the results by generating scenarios out of probability distribution function (pdf), which is extracted from historical data. in power system studies, we can model the uncertain parameters in wind-turbine power outputs and solar radiations by generating pdfs of these uncert",P4 decomposition,high,20,P1 replacement,0,pdf,"hybrid sa and minlp method to solve the dep problem by considering the presence of dg units. a hybrid ts and benders decomposition method is proposed in [114] with the advantage of combining mathematical programming and meta-heuristics techniques, and less computation time. a hyb",Decision-aware,high,10,_other,0,pdf,"he planning problem. in fact, the aim of the planning problem is to search a good solution with an acceptable optimality gap and computational tractability rather than searching a global optimum point [12], [148]. a major shortcoming of ga is that obtaining a global solutio",no
arar_tahir_scientific_2023,2023,Scientific mapping of optimisation applied to microgrids integrated with renewable energy systems,yes,yes,RBF / kernel,high,19,PCE / RSM,0,pdf,ve attained to harness the most power from the wind was determined using a high- performance on-line training radial basis function network-sliding mode algorithm (rbfnsm). an intelligent controller was created that table 5 most frequently cited documents. title author(s) year no.,Latin hypercube sampling,high,8,Quasi-Monte Carlo / sparse-grid collocation,0,pdf,"tion module based on a multi-objective ga, an uncertainty module that created uncertainty scenarios using the latin hypercube sampling method and monte carlo simulation, and a simulation module, which simulated the power system under the actual operating conditions. the integration o",,unassigned,0,P2 acceleration,0,,,,unassigned,0,,0,,,no
batista_optimizing_2023,2023,Optimizing methodologies of hybrid renewable energy systems powered reverse osmosis plants,yes,yes,Neural network,high,9,PCE / RSM,0,pdf,management of a hybrid renewable energy system (hres) powered ro nomenclature ai artificial intelligence ann artificial neural network as ant system bao bat algorithm optimization bso bee swarm optimization bss battery storage system btu brine treatment unit bwro ro plant for brackis,,unassigned,0,Quasi-Monte Carlo / sparse-grid collocation,0,,,,unassigned,0,P2 acceleration,0,,,,unassigned,0,,0,,,no
velasquez_intelligence_2023,2023,Intelligence Techniques in Sustainable Energy: Analysis of a Decade of Advances,yes,yes,Neural network,high,60,RBF / kernel,29,pdf,or {graph convolutional network} or {graph convolutional networks} or {graph learning} or {graph mining} or {graph neural network} or {graph neural networks} or {gravitational search algorithm} or {heuristic algorithm} or {heuristic algorithms} or {imitation learning} or {inerti,,unassigned,8,Transfer learning,8,,,,unassigned,0,P2 acceleration,0,,,,unassigned,0,,0,,,no
Lin2023,2023,Data-driven method of solving computationally expensive combined economic/emission dispatch problems in large-scale power systems: an improved kriging-assisted optimization approach,yes,yes,GP / kriging,high,80,RBF / kernel,9,title,putationally expensive combined economic/emission dispatch problems in large-scale power systems: an improved kriging-assisted optimization approach,Adaptive sampling,high,24,Latin hypercube sampling,0,abstract/keywords,"the fuel cost and emission objective functions are replaced by improved kriging-based surrogate models. a new infilling sampling strategy for updating kriging-based surrogate models online is proposed, which improves their fitting accuracy. through this way, the evaluation time",,unassigned,0,P2 acceleration,0,,,Point metrics,high,17,_other,0,pdf,l is guaranteed. figures 2a–d compare kriging-based surrogate models with or without updating in terms of the mean absolute percentage error (mape) and mean square error (mse). the number of iterations is 100 and the results are averaged over 50 independent tests. because update strategy i,no
Dullinger20181646,2018,A general approach for mixed-integer predictive control of HVAC systems using MILP,yes,yes,RBF / kernel,high,10,PCE / RSM,0,pdf,"outdoor air; pid, proportional integral derivative; pwm, pulse width modulation; qp, quadratic program; rbf, radial basis function; rca, recirculation ai r; rm, refrigeration machine; saf, supply air fan; sos-2, special ordered set of type 2; sup, supply air; tes, thermal energy",,unassigned,0,Quasi-Monte Carlo / sparse-grid collocation,0,,,,unassigned,0,P2 acceleration,0,,,Feasibility,high,8,_other,0,pdf,þ/c1 xh2 o;ida: ð104þ with the weight wu1 ;#supmin v ðk þ iþ the terms penalizing supply air temperature #sup constraint violations by approximation added to (83) read: jp;u1 ;#supmin v ðkþ¼ xnp;milp /c0 1 i¼0 wu1 ;#supmin v ðk þ iþdu1 ;#supmin v ðk þ iþð 105þ jp;u1 ;#supmax v ðkþ,no
Wu2021,2021,Optimal bidding and scheduling of AA-CAES based energy hub considering cascaded consumption of heat,yes,yes,RBF / kernel,high,41,PCE / RSM,0,abstract/keywords,et clearing problem which determines the electricity price based on alternating-current optimal power flow. a radial basis function based surrogate optimization method is developed to solve the bi-level model with a nonlinear lower level problem. the problem is decomposed into sec,Active learning,high,17,Latin hypercube sampling,8,pdf,"t with optimality condition, hence is scalable to the size of the power grid. the proposed method outperforms bayesian optimization (bo) method, the state-of-the-art sur- rogate method. the rest of the paper is organized as follows. the detailed model of the aa-caes based energy h",,unassigned,10,P1 replacement,9,,,,unassigned,0,,0,,,no
Hu2021671,2021,A Bayesian Approach for Estimating Uncertainty in Stochastic Economic Dispatch Considering Wind Power Penetration,yes,yes,GP / kriging,high,38,PCE / RSM,9,abstract/keywords,is; wind power; bayesian approaches; computational costs; correlated uncertainty; economic dispatch problems; gaussian process emulators; latin hypercube sampling; probabilistic structures; wind power penetration; electric load dispatching,Latin hypercube sampling,high,36,Historical operational data,8,abstract/keywords,"nt the low-dimensional hidden probabilistic structure of the data. in this low-dimensional latent space, with latin hypercube sampling (lhs) as the computer experimental design, a gpe is used, for the first time, to serve as a nonparametric, surrogate model for the original complicat",,unassigned,0,P2 acceleration,0,,,Problem UQ,high,9,_other,0,pdf,"of 72 random variables in total. our uq goal is to quantify the statistical moments of q(g,p(ω)), such as the mean and variance for a day-ahead forecast. remark 1: note that since we focus on the quantiﬁcation of uncertainties in the sed problem instead of their modeling, the",no
Sun2020,2020,Optimal carbon storage reservoir management through deep reinforcement learning,yes,yes,Neural network,high,16,GP / kriging,9,pdf,"ill be examined as part of the sensitivity study. 3.3. network implementation and training 3.3.1. deepmtl all deep neural network models are implemented in pytorch. reser- voir simulations are performed using the compositional reservoir sim- ulator cmg–gem, hereafter referred to",,unassigned,8,Quasi-Monte Carlo / sparse-grid collocation,7,,,,unassigned,0,P2 acceleration,0,,,Problem UQ,high,8,_other,0,pdf,"uantitative assessments of alternative scenarios and their tradeoffs, and to perform sensitivity analyses and uncertainty quantification. geosystems, which are intricately linked to fossil energy explo- ration, climate change mitigation, and various renewable energy https://doi.org/10.",no
Torun20192128,2019,High-Dimensional Global Optimization Method for High-Frequency Electronic Design,yes,yes,GP / kriging,high,38,Tree ensembles,9,abstract/keywords,"verages a novel dpt that allows for rapid coverage of high-dimensional sample spaces and utilizes an additive gaussian process (add-gp) with a fully additive decomposition, making it more suitable for high-frequency design optimization. we apply dpt-bo to different optimizati",Active learning,high,66,Latin hypercube sampling,8,pdf,"followed by the conclusion in section vii. ii. g aussian processes and bayesian optimization bo is a class of active learning-based machine learning (ml) algorithms. here, the next sampling point is selected to maximize the reward toward ﬁnding the global optima of a nonconv",P2 acceleration,high,79,P1 replacement,9,abstract/keywords,efficient global optimization of microwave systems is a very challenging task that emerges in importance for rapid design closure and discovery of novel structures. as the operati,Decision-aware,high,12,_other,0,pdf,"hyperpa- rameter of upi and uei, m is number of calls made to ucb so far, (1 − η) is the probability of zero regret for ucb [35], z = (μ(x) − ˜f ∗ − ζ)/σ(x), (.) and φ(.) are the cdf and pdf of normal distribution, respectively. afteru(x) is deﬁned, the next set o",yes
Meng20191219,2019,Structural reliability analysis and uncertainties-based collaborative design and optimization of turbine blades using surrogate model,no,yes,,unassigned,0,GP / kriging,0,,,,unassigned,0,Quasi-Monte Carlo / sparse-grid collocation,0,,,,unassigned,0,P2 acceleration,0,,,,unassigned,0,,0,,,no
Zhang2019270,2019,Wind speed prediction method using Shared Weight Long Short-Term Memory Network and Gaussian Process Regression,yes,yes,GP / kriging,high,148,Neural network,72,title,wind speed prediction method using shared weight long short-term memory network and gaussian process regression,,unassigned,0,Quasi-Monte Carlo / sparse-grid collocation,0,,,,unassigned,0,P2 acceleration,0,,,Interval calibration,high,18,_other,0,pdf,= r y y y y 1 - ( ) ( ¯ ) i te i i i te i i 2 1 2 1 2 (30) 3.2. evaluation metric of interval prediction (1) coverage probability (cp) cpα [33]is defined as the probability that the observation falls within the prediction interval under confidence level ofα. its formula is as fo,no
Babaeiyazdi2021,2021,State of charge prediction of EV Li-ion batteries using EIS: A machine learning approach,yes,yes,GP / kriging,high,82,RBF / kernel,17,abstract/keywords,"ectrochemical impedance spectroscopy (eis) in machine learning models (ml), i.e., linear regression model and gaussian process regression (gpr), to accurately predict the soc of li-ion batteries. first, a feature sensitivity analysis of the data is conducted to extract the mo",Historical operational data,high,9,Latin hypercube sampling,0,pdf,"controller, which is a highly intensive computational burden [ 15]. data-driven models are only dependent on historical data, and they do not need complicated equivalent or mathematical models. however, the challenge of data-driven models is the acquirement of informative i",,unassigned,0,P2 acceleration,0,,,Point metrics,high,47,_other,0,pdf,"/c12 yi /c0 byi byi /c12/c12/c12/c12/c12/c12 /c12 (13) the smaller the mae, the better the prediction. 3.5.3. root mean squared error (rmse) the root square of the above equation provides the standard deviation of the random error term. root mean square error is an estimate of the s",no
Kong2021,2021,Voltage-temperature health feature extraction to improve prognostics and health management of lithium-ion batteries,yes,yes,GP / kriging,high,22,RBF / kernel,9,pdf,able online 17 february 2021 keywords: feature extraction state of health remaining useful life battery aging gaussian process regression abstract prognostics and health management (phm) of lithium-ion batteries are important to ensure the safety of electric vehicles. to date,,unassigned,10,Transfer learning,8,,,,unassigned,0,P2 acceleration,0,,,Point metrics,high,50,_other,0,pdf,"stant voltage eol end of life dc difference capacity pcc pearson correlation coef ﬁcient me maximum error mae mean absolute error rmse root mean square error rmspe root mean square percentage error svm support vector machine j.-z. kong, f. yang, x. zhang et al. energy 223 (2021)",no
Karamichailidou20212137,2021,Wind turbine power curve modeling using radial basis function neural networks and tabu search,yes,yes,RBF / kernel,high,98,Neural network,24,title,wind turbine power curve modeling using radial basis function neural networks and tabu search,Historical operational data,high,8,Latin hypercube sampling,0,pdf,"m algorithm and the parametric model. to generate the wtpc used for comparison, values near the median of the measured data have been employed: 24 /c14 c, 0/c14 and 98/c14 , for temperature, blade pitch angle and wind direction, respectively. the power curve obtained by th",,unassigned,0,P2 acceleration,0,,,Point metrics,high,18,_other,0,pdf,n-symmetric fuzzy means ts tabu search tl tabu list ac aspiration criterion mad median absolute deviation mae mean absolute error r2 coefﬁcient of determination p wind turbine power output (kw) cp power coefﬁcient l tip-speed ratio b blade pitch angle r density of air (kg/m 3) а,no
Zeng2017175,2017,A switching delayed PSO optimized extreme learning machine for short-term load forecasting,yes,yes,RBF / kernel,high,42,PCE / RSM,0,abstract/keywords,ts demonstrate that the proposed learning algorithm can get better forecasting results in comparison with the radial basis function neural network (rbfnn) algorithm. © 2017 elsevier b.v. electric power plant loads; forecasting; knowledge acquisition; learning systems; neural netwo,,unassigned,0,Quasi-Monte Carlo / sparse-grid collocation,0,,,,unassigned,0,P2 acceleration,0,,,Point metrics,high,24,_other,0,pdf,"eratures, as shown in table 3 . as for the performance indicator, mean absolute percentage er- ror (mape) and mean absolute error (mae) are introduced, which are computed as follows: fig. 5. architecture of proposed sdpso-elm based stlf model. mape = 1 n n ∑ i =1 | y k (i ) − ˆ",no
Li2020,2020,Short-term wind power forecasting based on support vector machine with improved dragonfly algorithm,yes,yes,RBF / kernel,high,90,GP / kriging,76,title,short-term wind power forecasting based on support vector machine with improved dragonfly algorithm,Historical operational data,high,8,Latin hypercube sampling,0,pdf,"ind direction and temperature. since the wind is consid- ered as the main factor that affects wind power, the historical data of wind speed and wind direction are chosen as input variables. 144 samples in 6 consecutive days are selected as training samples to predict wind po",,unassigned,0,P2 acceleration,0,,,Point metrics,high,95,_other,0,pdf,machine optimized by dragon ﬂy algorithm nmae normalized mean absolute error de differential evolution nrmse normalized root mean squared error elm extreme learning machine pso particle swarm optimization enn elman neural network rmse root mean squared error ga genetic algorithm rnn radial ne,no
Alkesaiberi2022,2022,Efficient Wind Power Prediction Using Machine Learning Methods: A Comparative Study,yes,yes,GP / kriging,high,76,RBF / kernel,46,abstract/keywords,"me-series data. specifically, we employed bayesian optimization (bo) to optimally tune hyperparameters of the gaussian process regression (gpr), support vector regression (svr) with different kernels, and ensemble learning (es) models (i.e., boosted trees and bagged trees) an",Active learning,high,42,Historical operational data,8,abstract/keywords,"nhanced machine learning models to forecast univariate wind power time-series data. specifically, we employed bayesian optimization (bo) to optimally tune hyperparameters of the gaussian process regression (gpr), support vector regression (svr) with different kernels, and ensemble",P2 acceleration,high,34,P1 replacement,0,abstract/keywords,"nhanced machine learning models to forecast univariate wind power time-series data. specifically, we employed bayesian optimization (bo) to optimally tune hyperparameters of the gaussian process regression (gpr), support vector regression (svr) with different kernels, and ensemble",Point metrics,high,33,_other,0,pdf,"21b. here, we used the bo method for the ogpr and oel methods to obtain the optimal parameters minimizing the mean absolute error between the predicted wind power and the actual wind power in the training stage. table 1 lists the computed values of the hyperparameters of conside",yes
Zhang2022,2022,Model-based fully coupled propulsion-aerodynamics optimization for hybrid electric aircraft energy management strategy,yes,yes,Neural network,high,24,PCE / RSM,0,abstract/keywords,"’ layer comprises the propulsion system modelling, integration approaches, and performance synthesis using an artificial neural network (ann)-based gas turbine surrogate model. the ‘mission-analysis’ layer is designed for multi-energy sources hybrid electric aircraft mission analysis",,unassigned,0,Quasi-Monte Carlo / sparse-grid collocation,0,,,,unassigned,0,P2 acceleration,0,,,Point metrics,high,9,_other,0,pdf,"tt /c17 wi to (22) where xi is iteration variable of take-off weight assumption, and f ðxiþ is de ﬁned as the relative error between take-off weight assumption and required take-off weight. 5. propulsion-mission analysis-ems integrated multi- objective optimization in this",no
Zhu2024318,2024,Research progress on intelligent optimization techniques for energy-efficient design of ship hull forms: Research progress on intelligent..: S. Zhu et al.,yes,yes,GP / kriging,high,32,PCE / RSM,17,pdf,"ue of the prediction point, but also the prediction error (variance), that is, the confidence interval of the gaussian process (gp) regression model. thereby, the prediction probability errors given by the kriging model can be used naturally to dynamically update the model to",Multi-fidelity training,high,34,Latin hypercube sampling,17,pdf,"rodynamic performance evaluation, approximation module and optimiza- tion algorithms. ao et al. [40] proposed multi-fidelity deep net- work assisted optimization methods to reduce the exponential growth in data requirements as the result of increasing design variables cause",P2 acceleration,high,9,P1 replacement,0,pdf,"design optimization and robust design for ship hull in sect. 4. spe- cifically, we elaborate the advances in surrogate-assisted optimization for expensive problems in sect. 5, which is not only the underlying optimization tool but also of prom- ising potential to develop new methods in des",Problem UQ,high,8,_other,0,pdf,"tems 328 s. zhu et al. as seen from fig. 5, ship robust design are fronted with many uncertainties. measuring uncertainty quantification (uq) is a prerequisite for achieving robust design optimi - zation, which can address the effects of on output brought by uncertain inputs. some comm",yes
Alquthami202248419,2022,A Performance Comparison of Machine Learning Algorithms for Load Forecasting in Smart Grid,yes,yes,Tree ensembles,high,56,RBF / kernel,46,pdf,"quently under various operating con- ditions. researchers have employed ml methods such as lr, knn, svm, ann, random forest (rf), ridge regres- sion (rr), gradient boosting (gb), extra trees regressor (etr), stochastic gradient descent (sgd), and gradient boosting (gb) to",,unassigned,0,Quasi-Monte Carlo / sparse-grid collocation,0,,,,unassigned,0,P2 acceleration,0,,,Point metrics,high,17,_other,0,pdf,"ue, and zi is the anticipated value. as can be seen, this technique essentially returns the z and y values of rmse. the values of θ0 andθ1 are chosen at random here, and they are changed with each iteration, reducing the rmse value and determining the best ﬁt line",no
Gbémou2021,2021,A comparative study of machine learning-based methods for global horizontal irradiance forecasting,yes,yes,GP / kriging,high,82,RBF / kernel,63,abstract/keywords,"a comparative study of machine learning methods is given in this paper, with a focus on the most widely used: gaussian process regression (gpr), support vector regression (svr), and artificial neural networks (ann). two years of ghi data with a time step of 10 min are used to",,unassigned,0,Quasi-Monte Carlo / sparse-grid collocation,0,,,,unassigned,0,P2 acceleration,0,,,Interval calibration,high,21,_other,0,pdf,"alculated and displayed for all models, the quality of prediction intervals is assessed. criteria such as the prediction interval coverage probability (picp) or the prediction interval normalized average width (pinaw) can be used for the assessment of prediction intervals [69]. the picp",no
Sánchez-Zabala2024,2024,Building energy performance metamodels for district energy management optimisation platforms,yes,yes,Tree ensembles,high,62,GP / kriging,29,pdf,angular floor plan buildings r + l_plus upgraded metamodel for rectangular or l shape floor plan buildings rf random forest rbfn radial-basis function networks rc resistance capacitance resnet residual network rnns recurrent artificial neural networks rvfl random vector fu,,unassigned,10,Historical operational data,8,,,,unassigned,0,P2 acceleration,0,,,Point metrics,high,17,_other,0,pdf,ance resnet residual network rnns recurrent artificial neural networks rvfl random vector functional link r 2 coefficient of determination sgd stochastic gradient descent src standardized regression coefficient ssa single step ahead svm support vector machine svr support vector regressio,no
Bianchi2020244,2020,Convolutional Neural Network and Stochastic Variational Gaussian Process for Heating Load Forecasting,no,yes,GP / kriging,high,66,Neural network,56,title,convolutional neural network and stochastic variational gaussian process for heating load forecasting,,unassigned,0,Quasi-Monte Carlo / sparse-grid collocation,0,,,,unassigned,0,P2 acceleration,0,,,Point metrics,high,24,_other,0,abstract/keywords,"utoregressive linear model available in the literature. the cnn outperforms the linear model in terms of 48-h prediction accuracy and its parameters are interpretable. the svgp has performance comparable to the linear model but it intrinsically deals with prediction uncertainty,",no
Du2025,2025,Development of a robust data-driven surrogate model to improve energy flexibility of an integrated district heating system with a thermal storage system,yes,yes,Neural network,high,43,RBF / kernel,10,abstract/keywords,"ing were implemented to generate diverse datasets for training the sms and identifying the most robust model. long short-term memory networks were used to develop the models, following careful input-output selection. a new operational strategy was then proposed, focusing on peak sh",Historical operational data,high,18,Latin hypercube sampling,0,pdf,"u et al. energy 336 (2025) 138398 2 control solutions, while the data-driven sm refined these solutions using historical data. this hybrid mpc strategy demonstrated strong opera - tional efficiency. in addition, pinto et al. [ 5 ] combined a data-driven lstm sm with deep rei",,unassigned,0,P2 acceleration,0,,,Point metrics,high,25,_other,0,pdf,nerative adversarial network dh district heating gshp ground source heat pump lstm long short-term memory mae mean absolute error mars multivariate adaptive regression splines mpc model predictive control pcm phase change material rmse root mean square error sm surrogate model s,no
Reich2020,2020,Predictive control of district heating system using multi-stage nonlinear approximation with selective memory,yes,yes,GP / kriging,high,78,PCE / RSM,0,abstract/keywords,"power generators of a local heating network. the approach presented uses machine learning methods, including gaussian process regressions for a repeatedly updated multi-stage approximation of the nonlinear system behavior. for the formation of the approximation models, a sel",Historical operational data,high,9,Latin hypercube sampling,0,pdf,"ivergent operational targets (e.g., operating costs, co2 emissions). model-based approaches, which learn from historical data and map the prospective nonlinear system behavior, are a promising solution. however, multi-objective optimization, which involves predicting the com",,unassigned,0,P2 acceleration,0,,,Decision-aware,high,11,_other,0,pdf,"pared to scenario 1, the absolute improvement potential of these hours is much smaller due to the now smaller cost gap between the units. due to the forward-looking character of the optimizing control, it can be expected that the operating times of the heat generators",no
Chaudhry2024,2024,Improving the potential of fifth-generation district heating and cooling networks through robust design and operational optimization under future energy market and demand uncertainties,yes,yes,,unassigned,21,PCE / RSM,19,,,,unassigned,8,Historical operational data,8,,,,unassigned,9,P2 acceleration,8,,,Point metrics,high,14,_other,0,pdf,iging modeling approach to enhance the performance of the ml model by reducing the root mean squared er- ror (rmse) between the computational model hdss and pck. the ml model is then employed in mo-rdo section 5.2.3 to ﬁnd the optimal trade-oﬀs between environment,no
Lu201991827,2019,Stochastic Optimization of Economic Dispatch with Wind and Photovoltaic Energy Using the Nested Sparse Grid-Based Stochastic Collocation Method,yes,yes,PCE / RSM,high,10,GP / kriging,0,pdf,"their distributions; hence, both the voltage angle of the buses and res outputs were approximated by hermite polynomial chaos expansion [38]. the process of solving equation (9) by using scm can be divided into three steps as follows: step 1: choose an appropriate set of collocation p",Quasi-Monte Carlo / sparse-grid collocation,high,101,Latin hypercube sampling,0,abstract/keywords,nistic dispatch approaches have not been very applicative. this paper investigates a nested sparse grid-based stochastic collocation method (ns-scm) as a possible solution for stochastic economic dispatch (sed) problems. the scm was used to simplify the scenario-based optimization,,unassigned,0,P2 acceleration,0,,,,unassigned,0,,0,,,no
Engelmann20186188,2018,Distributed Stochastic AC Optimal Power Flow based on Polynomial Chaos Expansion,yes,yes,PCE / RSM,high,74,GP / kriging,0,title,distributed stochastic ac optimal power flow based on polynomial chaos expansion,,unassigned,0,Quasi-Monte Carlo / sparse-grid collocation,0,,,,unassigned,0,P2 acceleration,0,,,Feasibility,high,8,_other,0,pdf,or the realizations of x and w. one can see that—despite the fact that the pce is truncated after l terms—the constraint violation rmse is smaller than 10−4 [p.u.] for all realizations of the uncertainty. the mean of the rmse admits 2.35 · 10−6 [p.u.] and the maximum rmse is 22.8,no
Muhlpfordt20174490,2017,Solving optimal power flow with non-Gaussian uncertainties via polynomial chaos expansion,yes,yes,PCE / RSM,high,74,GP / kriging,0,title,solving optimal power flow with non-gaussian uncertainties via polynomial chaos expansion,,unassigned,0,Quasi-Monte Carlo / sparse-grid collocation,0,,,,unassigned,0,P2 acceleration,0,,,Problem UQ,high,9,_other,0,pdf,"om variables, yielding power balance for all realizations. we employ po- lynomial chaos expansion ( pce ) for uncertainty propagation. all random ﬂuctuations are then accounted for by the power injection because pce parameterizes the solution in terms of the realization of the uncer",no
El Mestari2025,2025,Tuning Parameters of Genetic Algorithms for Wind Farm Optimization Using the Design of Experiments Method,yes,yes,,unassigned,0,GP / kriging,0,,,,unassigned,52,Latin hypercube sampling,0,,,,unassigned,0,P2 acceleration,0,,,Point metrics,high,8,_other,0,pdf,"ned using analysis of variance (anova). anova results statistically confirmed the findings, with the adjusted coefficient of determination (r2 = 1.0) indicating a perfect model fit. however, to avoid overfitting, the r2 value was interpreted cautiously. residuals were rigorously analyzed",no
Priesmann2024,2024,Artificial intelligence and design of experiments for resource adequacy assessment in power systems,yes,yes,Neural network,high,60,Tree ensembles,33,pdf,omenclature abbreviations acer agency for the cooperation of energy regulators ai artificial intelligence ann artificial neural network api application programming interface cnn convolutional neural network doe design of experiments eraa european resource adequacy assessment ffnn feed,Factorial / response-surface design,high,62,Historical operational data,16,pdf,"er, in many use cases, simulations have a rather complex nature with nonlinear behavior. metamodeling using a full factorial design (full-fd) and linear or polynomial regression is not possible in these cases. in these cases, more complex designs and more complex methods for metam",,unassigned,0,P2 acceleration,0,,,Point metrics,high,33,_other,0,pdf,"model ’ s prediction against the correct label [ 128 ]. common metrics used to do this are, among others, the mean absolute error (mae), mean absolute percentage error (mape), and the root mean square error (rmse) [ 129 ] (see fig. 13 for the calculation of the different error m",no
Deodhar2018,2018,Experimentally Infused Plant and Controller Optimization Using Iterative Design of Experiments - Theoretical Framework and Airborne Wind Energy Case Study,yes,yes,PCE / RSM,high,35,GP / kriging,0,abstract/keywords,"ccessful iteration. the shrinking of the design space is determined through statistical characterization of a response surface model, and further shrinking is achieved at successive iterations through a numerical model correction factor that is driven by the results of experiments.",,unassigned,42,Latin hypercube sampling,0,,,,unassigned,0,P2 acceleration,0,,,,unassigned,0,,0,,,no
Granacher20221573,2022,Active learning for multi-objective optimization of processes and energy systems,no,yes,GP / kriging,high,27,PCE / RSM,0,abstract/keywords,cally identify the next best function evaluation to improve the confidence of the pareto-frontier definition. gaussian process surrogate models provide a prediction of the mean and the standard deviation of the relevant objectives. design points with high probability to of be,Active learning,high,32,Latin hypercube sampling,0,title,active learning for multi-objective optimization of processes and energy systems,,unassigned,0,P2 acceleration,0,,,,unassigned,0,,0,,,no
Matta2026,2026,Designing a near-optimal isolated microgrid using active learning,yes,yes,GP / kriging,high,82,PCE / RSM,0,abstract/keywords,l microgrid grouping after evaluating only three configurations using both k-nearest neighbour regression and gaussian process regression techniques. the method demonstrated superior computational efficiency while ensuring compliance with operational constraints. © 2025 elsev,Active learning,high,69,Latin hypercube sampling,0,title,designing a near-optimal isolated microgrid using active learning,,unassigned,0,P2 acceleration,0,,,,unassigned,0,,0,,,no
Amoedo2023929,2023,A genetic algorithm-active learning approach in energy systems optimization,no,yes,Tree ensembles,high,27,PCE / RSM,0,abstract/keywords,"erspective. nine different surrogate methods are tested. our results show that artificial neural networks and random forest are the best performing algorithms, with mean square error up to two orders of magnitude better than other more simplistic approaches. a biogas separ",Active learning,high,59,Latin hypercube sampling,0,title,a genetic algorithm-active learning approach in energy systems optimization,,unassigned,0,P2 acceleration,0,,,,unassigned,0,,0,,,no
Zhang2025__6,2025,MLMC-based Resource Adequacy Assessment with Active Learning Trained Surrogate Models,yes,yes,Tree ensembles,high,11,PCE / RSM,0,pdf,"nd profiles and 10 years of demand profiles, respectively. b. surrogate model trained via active learning two random forest regressors, ˆf lol(day) and ˆf en s(day) are built to estimate daily lol [h/day] and ens [mwh/day] based on 24-hour 1 margin time-series zd. random f",Active learning,high,79,Latin hypercube sampling,0,title,mlmc-based resource adequacy assessment with active learning trained surrogate models,,unassigned,0,P2 acceleration,0,,,Point metrics,high,9,_other,0,pdf,"es. for a given training set size, the surrogate models trained using active learning consistently show lower rmse and higher correlation with the reference model than those trained via random sampling. since active learning introduces additional computational ove",no
Wu2024391,2024,Synergistic Integration of Machine Learning and Mathematical Optimization for Unit Commitment,yes,yes,Neural network,high,19,RBF / kernel,8,pdf,"ty of the overall solutions maintained. our method opens a new direction to solve complicated uc. index terms—deep neural network, machine learning, mixed- integer linear programming, surrogate lagrangian relaxation, unit commitment. manuscript received 25 april 2022; revised 24",Historical operational data,high,8,Latin hypercube sampling,0,pdf,"edict solutions for new instances with different patterns of demand. this approach requires a large amount of historical data for high accuracy, leading to difﬁculties for large systems. in [13], regression trees and random forests were used to predict discrepancies between",,unassigned,0,P2 acceleration,0,,,Feasibility,high,9,_other,0,pdf,"ased on the locations of “jumps” of binary decisions. moreover, a loss function considering target values and constraint violations is designed to improve the qual- ity of predictions. finally, graceful degradation is accomplished for unfamiliar cases by using oo or b&c as a backu",no
Taghizadeh2024,2024,Multi-fidelity graph neural networks for efficient power flow analysis under high-dimensional demand and renewable generation uncertainty,yes,yes,Neural network,high,31,RBF / kernel,20,pdf,"ernative, neural networks like the multi-layer perceptron [35], radial basis function neural network [31,36], physics-informed neural network [10,37], and generative adversarial network [38] have been adopted for their ability to model complex, non-linear input–output relationships with gre",Multi-fidelity training,high,128,Active learning,8,abstract/keywords,"models, require significant amounts of training data. this paper proposes an innovative approach combining a multi-fidelity methodology with a gnn-based surrogate model for efficient power flow calculations. this model is trained using both high-fidelity power flow simulat",,unassigned,8,P2 acceleration,8,,,Point metrics,high,24,_other,0,pdf,"formance of the proposed mode (mf-gnn) and the benchmark models in each experiment on the test data set using mean absolute error (mae) defined as: mae = 1 𝑛 𝑛∑ 𝑖=1 || ̂ 𝑦𝑖 − 𝑦𝑖, || (13) where, 𝑛 represents the total number of data points in the test set,̂ 𝑦𝑖 and 𝑦𝑖 are the esti",no
Khayambashi202453,2024,HYBRID CHANCE-CONSTRAINED OPTIMAL POWER FLOW UNDER LOAD AND RENEWABLE GENERATION UNCERTAINTY USING ENHANCED MULTI-FIDELITY GRAPH NEURAL NETWORKS,no,yes,,unassigned,0,GP / kriging,0,,,Multi-fidelity training,high,80,Latin hypercube sampling,0,abstract/keywords,a novel surrogate-based hybrid chance-constrained optimal power flow (hcc-opf) methodology employing enhanced multi-fidelity graph neural networks (emf-gnn) as power flow solver surrogates. this model integrates low-fidelity and high-fidelity simulations to significantly re,,unassigned,27,P2 acceleration,24,,,,unassigned,0,,0,,,no
Chen2025244,2025,Multi-fidelity machine learning with knowledge transfer enhances geothermal energy system design and optimization,yes,yes,RBF / kernel,high,19,GP / kriging,9,pdf,"al neural networks, gaussian processes (fan et al., 2019), support vector machines (zhang et al., 2021a), and radial basis function (rbf) networks (chen et al., 2022), to guide the search of evolutionary algorithms. data-driven optimization can be divided into two types: offline s",Multi-fidelity training,high,101,Active learning,43,abstract/keywords,"geothermal systems. this approach fully leverages existing data throughout the optimization phase by creating multi-fidelity surrogate models, which comprise coarse and fine models. the coarse model strategically selects a subset of variables to develop a low-fidelity repre",P2 acceleration,high,27,P1 replacement,0,pdf,ing in relatively low prediction accuracy and high uncertainty of the final provided optimal solution. online surrogate-assisted optimization has garnered signifi- cant attention for its remarkable efficacy in addressing intricate and resource-intensive problems within limited computational,,unassigned,0,,0,,,no
Morakinyo201973,2019,Estimates of the impact of extreme heat events on cooling energy demand in Hong Kong,no,yes,GP / kriging,high,60,PCE / RSM,0,abstract/keywords,cooling energy requirement i.e. cooling degree days on a typical normal and extremely hot summer day using co-kriging geospatial mapping technique; (b) analyze the annual trend of cooling degree days in the city; and (c) quantify the impact of extreme heat events on,Multi-fidelity training,high,27,Latin hypercube sampling,0,abstract/keywords,of cooling energy requirement i.e. cooling degree days on a typical normal and extremely hot summer day using co-kriging geospatial mapping technique; (b) analyze the annual trend of cooling degree days in the city; and (c) quantify the impact of extreme heat events on,,unassigned,0,P2 acceleration,0,,,,unassigned,0,,0,,,no
Valladares2022,2022,Gaussian process-based prognostics of lithium-ion batteries and design optimization of cathode active materials,yes,yes,GP / kriging,high,175,PCE / RSM,0,abstract/keywords,"of new materials for high-performance libs. characterized by their flexibility and mathematical tractability, gaussian processes (gps) provide a powerful framework for monitoring and optimization tasks. this study employs two gp-based techniques: co-kriging surrogate modelling",Multi-fidelity training,high,64,Active learning,59,pdf,"training and predictive processes. the limitations of current gp architectures can be mitigated by the use of multi-fidelity modeling, i.e., enhancement of high-fidelity expensive data with low-fidelity cheap data. one of the most effective gp-based methods to analyze multi",P2 acceleration,high,40,P1 replacement,0,abstract/keywords,"toring and optimization tasks. this study employs two gp-based techniques: co-kriging surrogate modelling and bayesian optimization. the gp training data comes from the cycling performance test of five cr2032 cells with ni contents of 0.0, 0.4, 0.5, 0.6, and 1.0 in their cathode a",Point metrics,high,9,_other,0,pdf,"mah g   1 , σ n = 0 . 38 mah g   1 , and l = 792 . 8 cycles). as in ref. [ 19 ], the room-mean-squared error (rmse) in the capacity estimation is utilized as a metric to quantify the performance of the forecasting model. the rmse is defined as rmse = ̅̅̅̅̅̅̅̅̅̅̅̅̅",yes
Chen202514792,2025,A Scalable Recurrent Structure with Fast Transfer Learning for Lithium-Ion Battery State of Charge Estimation at Different Ambient Temperatures,yes,yes,GP / kriging,high,82,Neural network,33,abstract/keywords,he soc estimation accuracy and uncertainty management are significant for robust control and energy dispatch. gaussian process regression (gpr) is thus becoming appealing due to its non-parametric and interpretable probabilistic advantages. but the scalability of gpr is still,Transfer learning,high,80,Historical operational data,17,title,a scalable recurrent structure with fast transfer learning for lithium-ion battery state of charge estimation at different ambient temperatures,,unassigned,0,P2 acceleration,0,,,Problem UQ,high,10,_other,0,pdf,"uch as terminal voltage, current, and temperature provided by bms. in this sense, the estimation accuracy and uncertainty quantification are significant, which enables bms to make robust control, optimization, and avoid unexpected failures and losses [8]. the absence of uncertainty qua",no
De Castro20247710,2024,Multi-Fidelity Reinforcement Learning for Minimum Energy Trajectory Planning,yes,yes,GP / kriging,high,41,Neural network,8,abstract/keywords,"al dynamics, making it difficult to optimize. to address this challenge, this paper presents a multi-fidelity gaussian process (mfgp) method that efficiently learns an accurate energy prediction model by combining many low-fidelity samples from a simple motor model with a few",Multi-fidelity training,high,101,Latin hypercube sampling,0,abstract/keywords,"ical and physical dynamics, making it difficult to optimize. to address this challenge, this paper presents a multi-fidelity gaussian process (mfgp) method that efficiently learns an accurate energy prediction model by combining many low-fidelity samples from a simple motor",,unassigned,0,P2 acceleration,0,,,Point metrics,high,39,_other,0,pdf,"s defined as: lmape = 1 n nx ˆfe(x, ˜p) − sochf sochf . (26) as shown in figure 5, both models achieve better mean absolute error as more high-fidelity data is supplied. as we decrease the amount of high-fidelity data, the mape of both models increases, but the multi-fidelity mo",no
Hu2024,2024,Probabilistic net load forecasting based on transformer network and Gaussian process-enabled residual modeling learning method,yes,yes,GP / kriging,high,118,Neural network,47,abstract/keywords,a novel probabilistic net load forecasting approach that combines the strengths of a transformer network with gaussian process regression. the state-of-the-art transformer network is first employed to capture the net load pattern utilizing relatively abundant historical train,,unassigned,10,Transfer learning,8,,,,unassigned,0,P2 acceleration,0,,,Interval calibration,high,19,_other,0,pdf,"100 ( 1   α ) % forecasting interval at the time point t respectively. the following is used to calculate the prediction interval coverage probability (picp): picp = 1 m ∑ m t = 1 ct , ct = { 1 , if yt ∈ [ l t , α , u t , α ] 0 , if yt ∕∈ [ l t , α , u t , α ] . (26) the prediction inter",no
Bayani20231024,2023,Quantifying the Risk of Wildfire Ignition by Power Lines Under Extreme Weather Conditions,yes,yes,RBF / kernel,high,18,Tree ensembles,10,pdf,"the feature importance analysis that deemed no input feature negligible. the nonlinear svr model based on the radial basis function kernel learns the model well and performs better than mlr and lasso. the error evaluation metrics give the small error in the rfr, and this model pre",Historical operational data,high,10,Latin hypercube sampling,0,pdf,(pg&e) declared 414 ﬁre ignition events during 2015–2017 caused by electric power lines [4]. according to the historical data during the manuscript received 25 october 2021; revised 17 march 2022 and 24 may 2022; accepted 21 june 2022. date of publication 26 july 2022; date,,unassigned,0,P2 acceleration,0,,,,unassigned,0,,0,,,no
Subedi2026157,2026,Dynamic Validation of CNN-Based Surrogate Models for Inverter-Based Resources in Open-Source Solvers,yes,yes,,unassigned,0,GP / kriging,0,,,Transfer learning,high,9,Latin hypercube sampling,0,pdf,"epochs on the training data. the summary of the settings used of the training is summarized in table. 2. for transfer learning from ibr1 to ibr2, the convolu- tional layer and the ﬁrst dense layer were frozen to retain the feature representations learned from ibr1, and only t",,unassigned,0,P2 acceleration,0,,,Point metrics,high,17,_other,0,pdf,"e di ﬀerence between the model’s predictions and the actual target values during training. in this study, the mean absolute error (mae) is volume 13, 2026 159 utilized as the loss function [28]. mae calculates the mean of the absolute di ﬀerences between the predicted and true v",no
Khalid20241959,2024,A novel computational paradigm for scheduling of hybrid energy networks considering renewable uncertainty limitations,yes,yes,RBF / kernel,high,44,Neural network,8,abstract/keywords,study employs an optimization paradigm that integrates the black widow optimization (bwo) algorithm with the radial basis function neural network (rbfnn). this paradigm not only considers the uncertainties in the system but also adapts its parameters to attain an optimum balance,,unassigned,0,Quasi-Monte Carlo / sparse-grid collocation,0,,,,unassigned,0,P2 acceleration,0,,,,unassigned,0,,0,,,no
Liu20242534,2024,More Efficient Energy Management for Hybrid AC/DC Microgrids with Hard Constrained Neural Network-Based Conversion Loss Surrogate Models,yes,yes,Neural network,high,8,PCE / RSM,0,pdf,timate the core losses of single-phase inverter trans- formers [29]. sabanci et al. [30] showed that a simple multilayer perceptron (mlp) with only one hidden layer can estimate the dc/dc switching losses with small mean average errors (maes). different nn architectures were teste,,unassigned,0,Quasi-Monte Carlo / sparse-grid collocation,0,,,P4 decomposition,high,45,P1 replacement,38,abstract/keywords,"itment (uc) problem with integer recourse. to solve this uc problem, we propose a finite iteration convergent benders decomposition algorithm with several acceleration techniques, which reduce the computational burden significantly. our case study demonstrates that: 1) the propose",Point metrics,high,18,_other,0,pdf,"f an fcnn. for function approximation tasks, the fcnn is usually trained by minimizing the mean square error (mse) between the network output and the training samples: min θ lj = 1 n n∑ i=1 ⏐⏐u ( zi 0,train ) − ui train ⏐⏐2 , (9) where {z0,train=[p, vdc]t, utrain",no
Chakrabarty2021,2021,Scalable Bayesian optimization for model calibration: Case study on coupled building and HVAC dynamics,yes,yes,GP / kriging,high,11,PCE / RSM,0,pdf,d 30 august 2021 accepted 12 september 2021 available online 17 september 2021 keywords: parameter estimation gaussian processes bayesian methods sensitivity analysis digital twins building energy systems probabilistic machine learning abstract model calibration for building sy,Active learning,high,86,Historical operational data,8,title,scalable bayesian optimization for model calibration: case study on coupled building and hvac dynamics,P2 acceleration,high,69,P1 replacement,0,title,scalable bayesian optimization for model calibration: case study on coupled building and hvac dynamics,Decision-aware,high,10,_other,0,pdf,"sides, and we can thus take the range of these top- ‘ dt samples as the new parameter space. since the simple regret of sgp-bo asymptotically decays to zero with increasing data [34], we expect that the range of the top- ‘ dt samples will be subsets of the initial p",yes
Aghaei Pour2022303,2022,Surrogate assisted interactive multiobjective optimization in energy system design of buildings,yes,yes,GP / kriging,high,29,Tree ensembles,11,pdf,"-rvea assumes that all the objective functions are computationally expensive, and uses kriging (also known as gaussian process regression) as a surrogate model. the main idea of kriging is to predict the values of a function for a given decision variable vector by generat- in",Latin hypercube sampling,high,8,Quasi-Monte Carlo / sparse-grid collocation,0,pdf,"uld be trained globally. therefore, the initial population ( p0 ) is generated by using a method (e.g., using latin hypercube sampling used by mckay et al. 2000). these samples are evaluated by the original objective functions, and then they are stored in the archive a (along with th",P2 acceleration,high,10,P1 replacement,0,pdf,"(hakanen et al. 2016) in which rvea is modified to be able to incorporate the dm’s preferences. typically, in surrogate-assisted optimization problems, model management (i.e., how to select solutions to evaluate with a computationally expensive function) is used to improve the accuracy of t",,unassigned,0,,0,,,no
Palm2022,2022,Gaussian Process Regression Based Multi-Objective Bayesian Optimization for Power System Design,yes,yes,GP / kriging,high,148,PCE / RSM,0,title,gaussian process regression based multi-objective bayesian optimization for power system design,Active learning,high,83,Latin hypercube sampling,8,title,gaussian process regression based multi-objective bayesian optimization for power system design,P2 acceleration,high,66,P1 replacement,0,title,gaussian process regression based multi-objective bayesian optimization for power system design,,unassigned,0,,0,,,no
Kaewdornhan2022130373,2022,Electric Distribution Network with Multi-Microgrids Management Using Surrogate-Assisted Deep Reinforcement Learning Optimization,yes,yes,,unassigned,10,RBF / kernel,9,,,Latin hypercube sampling,high,8,Quasi-Monte Carlo / sparse-grid collocation,0,pdf,"others. hence, the mg is constructed as an actual engineering model (aem) for dpf calculation in pandapower. latin hypercube sampling (lhs) method and the nt with zhao’s pem are applied for the mg behavior generation, which can be shown in fig. 4. it starts with the mg construc- tio",,unassigned,0,P2 acceleration,0,,,Feasibility,high,8,_other,0,pdf,mg operation constraints are taken into account in the ems training to guarantee the oem solution without any constraint violations. a deterministic power flow (dpf) is an essential step of a probabilistic power flow (ppf) because the ppf is an iteration method relying on a large,no
Ma2022737,2022,Two-Level Surrogate-Assisted Transient Parameters Design Optimization of a Wound-Field Synchronous Machine,no,yes,,unassigned,0,GP / kriging,0,,,Latin hypercube sampling,high,24,Quasi-Monte Carlo / sparse-grid collocation,0,abstract/keywords,"esponse (sstr) method is employed to identify all transient parameters simultaneously in a single test, while latin hypercube design is used to capture data features. the optimal wfsm designed by using the proposed method is prototyped and measured. it confirms that the proposed me",,unassigned,0,P2 acceleration,0,,,,unassigned,0,,0,,,no
Baheri2017131,2017,Real-time control using Bayesian optimization: A case study in airborne wind energy systems,yes,yes,GP / kriging,high,44,PCE / RSM,0,abstract/keywords,"auxiliary equipment, the wind speed is only measurable at the awe system's operating altitude. in this work, gaussian process modeling and bayesian optimization are used in real-time to optimize the awe system's operating altitude efficiently, without the use of auxiliary wi",Active learning,high,91,Historical operational data,8,title,real-time control using bayesian optimization: a case study in airborne wind energy systems,P2 acceleration,high,72,P1 replacement,0,title,real-time control using bayesian optimization: a case study in airborne wind energy systems,Problem UQ,high,9,_other,0,pdf,"𝑦𝑇 𝑡 𝐾 −1 𝑡 𝑦𝑡 − 1 2 log ∣ 𝐾𝑡 ∣ − 𝑡 2 log 2𝜋 ) . (18) once the hyper-parameters are optimized, the predictive mean and variance at 𝑧∗, conditioned on these past observations, are expressed as: 𝜇𝑡(𝑧∗ ∣ ) = 𝑘𝑡(𝑧) ( 𝐾𝑡 + 𝐼𝑡𝜎2 𝜖 )−1 𝑦𝑇 𝑡 , (19) 𝜎2 𝑡 (𝑧∗ ∣ ) = 𝑘(𝑧, 𝑧) − 𝑘𝑡(𝑧) ( 𝐾",yes
Baheri20171365,2017,Altitude optimization of Airborne Wind Energy systems: A Bayesian Optimization approach,yes,yes,GP / kriging,high,41,PCE / RSM,0,abstract/keywords,"tion, is applied to the real-time control of an awe system. the underlying objective function is modeled by a gaussian process (gp); then, bayesian optimization utilizes the predictive uncertainty information from the gp to decide the best subsequent operating altitude. in th",Active learning,high,91,Historical operational data,8,title,altitude optimization of airborne wind energy systems: a bayesian optimization approach,P2 acceleration,high,72,P1 replacement,0,title,altitude optimization of airborne wind energy systems: a bayesian optimization approach,Problem UQ,high,9,_other,0,pdf,"ion with bo 2: d ← initialize: {z1:2,p (z1:2)} 3: for each iteration do 4: train a gp model from d 5: compute mean and variance of gp ( eq. (11)- (12) ) 6: compute acquisition function ( eq. (14) ) 7: find z∗ that optimizes acquisition function 8: append {z∗,p (z∗)} to d where",yes
Ceylan2020944,2020,Assessment of agricultural energy consumption of Turkey by MLR and Bayesian optimized SVR and GPR models,no,yes,GP / kriging,high,60,RBF / kernel,33,abstract/keywords,"al of multiple linear regression (mlr) and machine learning tools such as support vector regression (svr) and gaussian process regression (gpr) to forecast the agricultural energy consumption of turkey. in the development of the models, widespread indicators such as agricultu",,unassigned,27,Historical operational data,24,,,P2 acceleration,high,27,P1 replacement,0,abstract/keywords,ght-year historical data from 1990 to 2017 were utilized for the training and testing stages of the models. a bayesian optimization method was applied to improve the prediction capability of svr and gpr models. the performance of the models was measured by various statistical tool,Point metrics,high,54,_other,0,abstract/keywords,"on capability over mlr and bayesian optimized svr model. the root mean square error, mean absolute deviation, mean absolute percentage error, and coefficient of determination (r<sup>2</sup>) values for the bgpr model were determined as 0.0022, 0.0005, 0.2041, and 0.9999 in the training pha",no
Zang2023813,2023,Multiobjective Optimization and Multiphysics Design of a 5 MW High-Speed IPMSM Used in FESS Based on NSGA-II,yes,yes,,unassigned,0,GP / kriging,0,,,Factorial / response-surface design,high,13,Latin hypercube sampling,0,pdf,"sign variable and objective. among the common design of experiment (doe) methods, the experiment times of the box-behnken design (bbd) method is less, and its sampling experimental value does not exceed the value range. therefore, the bbd method is suitable to establish the rs",,unassigned,0,P2 acceleration,0,,,Point metrics,high,9,_other,0,pdf,"neﬁt of correlation and accuracy of the rs model, the determination coefﬁcient r2 and root mean square error (rmse) are used for signiﬁcance test and variance analysis. r2 is deﬁned as r2 =1 − ( n∑ i=1 (yi −fi)2 / n∑ i=1 (yi −¯y)2 ) (23) wheren is the number of sa",no
Reis2025,2025,Symmetry-Guided Surrogate-Assisted NSGA-II for Multi-Objective Optimization of Renewable Energy Systems,yes,yes,GP / kriging,high,39,RBF / kernel,9,pdf,"is is the use of surrogate-assisted moeas (sa-moeas), which combine moeas with machine learning models (e.g., gaussian process regression, radial basis functions) to approximate objective evaluations, significantly accelerating convergence [3–6]. for instance, a recent framew",Adaptive sampling,high,15,Multi-fidelity training,8,pdf,"n et al. [ 10] proposed a surrogate-assisted many-objective evolutionary framework for dynamic problems using adaptive sampling and transfer learning, showing high efficiency in changing environments. emmerich and deutz [ 11] provided a comprehensive tutorial on the mathematic",,unassigned,0,P2 acceleration,0,,,Decision-aware,high,9,_other,0,pdf,"t-augmented nsga-ii for high-dimensional building energy optimization, achieving improvements of up to 15% in pareto front quality and a 12% reduction in runtime over standard nsga-ii. mahmoudi et al. [28] proposed a hybrid gravitational searchalgorithm + nsga-ii framework for hy",no
Katkar2025,2025,Ensemble Surrogate Archive-Assisted Artificial Bee Colony-NSGA-II Metaheuristics for Multi-Modal Optimal Power Flow Framework,yes,yes,GP / kriging,high,111,RBF / kernel,68,abstract/keywords,"oposed to enhance surrogate-based approximation accuracy by integrating radial basis function (rbf), kriging (gaussian process regression), and support vector regression (svr) models. the esma employs a hybrid multi-objective artificial bee colony and nsga-ii algorithm (moabc",Active learning,high,8,Latin hypercube sampling,0,pdf,"sive optimization,” j. membr . comput. , vol. 7, pp. 108–127, 2025. [5] l. wang, l. zhang, r. deng, et al. , “active learning based surrogate ensemble assisted multi-objective optimization framework for reservoir water-ﬂooding optimization,” j. petrol. explor . prod. technol",,unassigned,0,P2 acceleration,0,,,,unassigned,0,,0,,,no
Guan2025,2025,Optimization of energy management strategy for a novel electric-hydraulic vehicle based on NSGA-III genetic algorithm,no,yes,RBF / kernel,high,27,PCE / RSM,0,abstract/keywords,"d, aimed at maximizing the battery’s state of charge while minimizing speed errors. the model is solved using radial basis function approximation and the nsga-iii genetic algorithm. simulation results show energy consumption reductions of 4.5%, 5.2%, 3.5%, and 8% under nedc, ftp-7",,unassigned,0,Quasi-Monte Carlo / sparse-grid collocation,0,,,,unassigned,0,P2 acceleration,0,,,,unassigned,0,,0,,,no
Li2023__2,2023,Learning to Optimize Distributed Optimization: ADMM-based DC-OPF Case Study,yes,yes,Neural network,high,8,PCE / RSM,0,pdf,"ems with hard linear constraints.” arxiv preprint arxiv:2208.10611 (2022). [3] pan, xiang, et al. ”deepopf: a deep neural network approach for security-constrained dc optimal power ﬂow.” ieee transactions on power systems 36.3 (2020): 1725-1735. [4] park, seonho, and pascal v an",,unassigned,0,Quasi-Monte Carlo / sparse-grid collocation,0,,,P3 solution proxy,high,91,P1 replacement,0,title,learning to optimize distributed optimization: admm-based dc-opf case study,,unassigned,0,,0,,,no
Li2023__3,2023,Physics-model-free heat-electricity energy management of multiple microgrids based on surrogate model-enabled multi-agent deep reinforcement learning,yes,yes,GP / kriging,high,41,Neural network,17,abstract/keywords,ces; learning systems; multi agent systems; combined-heat and power; energy management of multiple microgrid; gaussian processes; microgrid; multi agent; multi-agent deep reinforcement learning; physics modeling; reinforcement learnings; sparse variational gaussian process; sur,Historical operational data,high,34,Latin hypercube sampling,0,abstract/keywords,"sed surrogate model and multi-agent deep reinforcement learning (madrl) approach. an important step is to use historical data to train a surrogate model in supervised manner that can imitate the realistic power and thermal flow calculations. meanwhile, the energy management",,unassigned,0,P2 acceleration,0,,,Problem UQ,high,9,_other,0,pdf,"ue f * can be obtained by [43] : f * ⃒ ⃒ ⃒ x , y , x * ∼ n ( μ * , ∑ * ) (36) where μ * and ∑ * represent the mean and variance of test data, respectively, and they can be calculated as [43] : μ * = k ( x * , x )   k ( x , x ) + σ 2 n i )   1 y (37) ∑ * = k ( x * , x * )  k (",no
Shao201858,2018,Kriging Empirical Mode Decomposition via support vector machine learning technique for autonomous operation diagnosing of CHP in microgrid,yes,yes,,unassigned,75,GP / kriging,74,,,,unassigned,0,Quasi-Monte Carlo / sparse-grid collocation,0,,,,unassigned,0,P2 acceleration,0,,,,unassigned,0,,0,,,no
Amjady2017,2017,"Short term wind power prediction based on improved kriging interpolation, Empirical Mode Decomposition, and closed-loop forecasting engine",yes,yes,GP / kriging,high,87,Neural network,24,title,"short term wind power prediction based on improved kriging interpolation, empirical mode decomposition, and closed-loop forecasting engine",Historical operational data,high,10,Latin hypercube sampling,0,pdf,forecast its wind power the same as it is used to forecast the wind power of a wind farm. we should give the historical data of the wind power pertaining to the wind units of the microgrid to the proposed prediction approach. the proposed approach decomposes this wind power,,unassigned,0,P2 acceleration,0,,,Point metrics,high,51,_other,0,pdf,"r prediction mrmrms maximum relevancy, minimum redundancy and maximum synergy mlp multi-layer perceptron rmse root mean squared error bpnn back propagation nn sustainability 2017, 9, 2104 16 of 18 rbfnn radial basis function nn anfis adaptive neuro-fuzzy inference system nnpso nn ba",no
Ghosh2023,2023,Decomposition-Transformation Assisted Optimized Heterogeneous Classification Strategy in NILM,yes,yes,Tree ensembles,high,37,GP / kriging,9,abstract/keywords,"classifier strategy is adopted for performing classification that outperforms a single classifier as well as random forest classifiers on account of its heterogeneous structure. for further performance improvement, a surrogate-based optimization technique is utilized for",Active learning,high,18,Latin hypercube sampling,0,pdf,"ique. for optimizing the hyperparameter settings, a surrogate function- based optimization technique, namely, bayesian optimization, is considered comprising of the probability-of-improvement (pi)-based acquisition function (af). the predictions provided by the heterogeneous class",P2 acceleration,high,42,P1 replacement,0,abstract/keywords,"s random forest classifiers on account of its heterogeneous structure. for further performance improvement, a surrogate-based optimization technique is utilized for determining the appropriate hyperparameter values in contrast to manual tuning which is prominent in existing works. experi",,unassigned,0,,0,,,no
Zhang2025__4,2025,An Accelerated Approach to Time-Sequential Production Simulation for Integrated Generation-Grid-Storage Systems Combining Benders Decomposition and Data-Driven Methods,yes,yes,GP / kriging,high,50,PCE / RSM,0,abstract/keywords,"s variables. to further streamline computation, the framework incorporates a pre-screening mechanism based on gaussian process models. this mechanism uses patterns from past solutions to identify and remove inactive parts of the feasible region and redundant safety constraint",,unassigned,0,Quasi-Monte Carlo / sparse-grid collocation,0,,,P4 decomposition,high,82,P1 replacement,0,title,ed approach to time-sequential production simulation for integrated generation-grid-storage systems combining benders decomposition and data-driven methods,Problem UQ,high,8,_other,0,pdf,"om ieee xplore. restrictions apply. gaussian processes offer strong capabilities in small-sample learning and uncertainty quantification, making them well-suited for classification tasks in complex settings. to enable pre-screening of unit commitment status variables for thermal power",no
Shi2024__2,2024,Load forecasting for regional integrated energy system based on complementary ensemble empirical mode decomposition and multi-model fusion,yes,yes,RBF / kernel,high,82,Neural network,54,abstract/keywords,ing; genetic algorithms; intrinsic mode functions; long short-term memory; particle swarm optimization (pso); radial basis function networks; random processes; support vector machines; complementary ensemble empirical mode decomposition; empirical mode decomposition; integrated en,Historical operational data,high,9,Latin hypercube sampling,0,pdf,"al information. if the forget gate is entirely closed, that is, the output of the forget gate is f t = 0, the historical data would have no impact on the current state. the calculation process of the lstm basic unit is as follows: f t = σ   w f [ h t   1 , x t ] + b f ) (18)",,unassigned,0,P2 acceleration,0,,,Point metrics,high,56,_other,0,pdf,m kernel extreme learning machine lstm long short term memory lssvm least squares support vector machine mape mean absolute percentage error pacf partial autocorrelation function pso-svm particle swarm optimization-support vector machine rbf radial basis function rbf-ae radial basis fusion,no
abbas_optimal_2024,2024,Optimal scheduling and management of grid-connected distributed resources using improved decomposition-based many-objective evolutionary algorithm,yes,yes,,unassigned,0,GP / kriging,0,,,,unassigned,0,Quasi-Monte Carlo / sparse-grid collocation,0,,,,unassigned,0,P2 acceleration,0,,,Feasibility,high,10,_other,0,pdf,"ire time horizon. in the proposed constrained multi- objective optimization problem (cmop), the ith degree of constraint violation ( cvi ) at a given decision vector ⃗𝐱can be computed as: cvi ( ⃗x ) = { max ( 0, hi ( ⃗x )) ,∀i ≤ p max ( 0, |gi (⃗x)−𝜖| ) , else (2) whereas 𝜖is the",no
Gruosso2020618,2020,Joined Probabilistic Load Flow and Sensitivity Analysis of Distribution Networks Based on Polynomial Chaos Method,yes,yes,,unassigned,0,GP / kriging,0,,,Quasi-Monte Carlo / sparse-grid collocation,high,9,Latin hypercube sampling,0,pdf,"a few statistical parameters (2-3). for such reasons, in this paper we will focus on collocation methods. a. stochastic collocation stochastic collocation, is an approximate technique that al- lows the application of gpc method to problems with a greater number of statistical para",,unassigned,0,P2 acceleration,0,,,Point metrics,high,8,_other,0,pdf,". table ii reports the standard deviations predicted by the mc method for a growing number of samples and the relative error compared to the value provided by the reference mc (i.e. with 10,000 samples). if a lower order of accuracy for mc method, e.g. a 5% accuracy (which",no
Sun20191497,2019,A two-step short-term probabilistic wind forecasting methodology based on predictive distribution optimization,yes,yes,RBF / kernel,high,49,GP / kriging,9,abstract/keywords,"en, the optimal unknown parameter (i.e., standard deviation) of the predictive distribution is estimated by a support vector regression surrogate model based on the deterministic forecasts. finally, probabilistic forecasts are generated from the predictive distribution. numerical resu",Historical operational data,high,8,Latin hypercube sampling,0,pdf,ry 2019 0306-2619/ © 2019 elsevier ltd. all rights reserved. t distribution parameters are estimated based on historical data. para- metric approaches generally require low computational cost. gaussian [4] and beta [5] distributions are two commonly used predictive dis- trib,,unassigned,0,P2 acceleration,0,,,Point metrics,high,25,_other,0,pdf,"xplored in this study. 3.2. deterministic forecasting results standard metrics root mean square error (rmse), mean absolute error (mae), mean absolute percentage error (mape), normalized rmse (nrmse), and normalized mae (nmae), are adopted to evaluate the performance of determin",no
Buchanan2024,2024,Probabilistic lithium-ion battery state-of-health prediction using convolutional neural networks and Gaussian process regression,yes,yes,GP / kriging,high,160,Neural network,35,title,probabilistic lithium-ion battery state-of-health prediction using convolutional neural networks and gaussian process regression,Transfer learning,high,8,Latin hypercube sampling,0,pdf,"parate data set to assess its applicability to different battery chemistry’s and sizes, potentially utilizing transfer learning. • this first version of the cnn-gpr was trained and validated with uniform c-rate charge profiles and constant ambient temperature. to improve the p",,unassigned,0,P2 acceleration,0,,,Point metrics,high,74,_other,0,pdf,"of gaussian process regression (gpr) models. the combined cnn- gpr model predicts battery soh to less than 1% mean absolute error using random partial charge segments as input and displays its confidence in the prediction using the variance from the gpr. additionally, the cnn- g",no
Abedinia20161511,2016,Short-term load forecast of electrical power system by radial basis function neural network and new stochastic search algorithm,no,yes,RBF / kernel,high,69,PCE / RSM,0,title,short-term load forecast of electrical power system by radial basis function neural network and new stochastic search algorithm,,unassigned,0,Quasi-Monte Carlo / sparse-grid collocation,0,,,,unassigned,0,P2 acceleration,0,,,,unassigned,0,,0,,,no
Zhu2022,2022,Uncertainty and sensitivity analysis of cooling and heating loads for building energy planning,yes,yes,GP / kriging,high,38,PCE / RSM,0,abstract/keywords,"is examined using two global sensitivity analysis (gsa) methods, including meta modeling method based on tree gaussian process (tgp) and regression method based on standard regression coefficient (src). finally, a case study of office building is conducted. the results show t",Latin hypercube sampling,high,8,Quasi-Monte Carlo / sparse-grid collocation,0,pdf,ir conditioning idf input data file pdf probability density function cdf cumulative distribution function lhs latin hypercube sampling gsa global sensitivity analysis tgp treed gaussian processes mc monte carlo s j first order sensitivity indices t j total effect sensitivity indices,P1 replacement,high,9,P2 acceleration,0,pdf,"ethod using this meta-model [26]. the meta-models, also called surrogate models, are statistical models which approximate the objective function using the design of computer experiments [27]. the variance-based sensitivity method is to determine the contributions of individual factors to the v",Problem UQ,high,20,_other,0,pdf,"(sa) [ 13 , 14 ], spatial analysis [ 15 , 16 ], and optimization [ 17 – 19 ]. several studies have focused on uncertainty quantification of cooling and heating loads. domínguez-munoz et al. [ 20 ] proposed a probabi - listic approach to consider the uncertainty of input factors influen",yes
Azevedo2021630,2021,Influence of model calibration and optimization techniques on the evaluation of thermal comfort and retrofit measures of a Lisbon household using building energy simulation,no,yes,,unassigned,0,GP / kriging,0,,,,unassigned,0,Quasi-Monte Carlo / sparse-grid collocation,0,,,,unassigned,0,P2 acceleration,0,,,,unassigned,0,,0,,,no
Khazeiynasab2021,2021,PMU Measurement Based Generator Parameter Calibration by Black-Box Optimization with A Stochastic Radial Basis Function Surrogate Model,yes,yes,RBF / kernel,high,109,PCE / RSM,0,abstract/keywords,asurement based generator parameter calibration method by a black-box optimization approach with a stochastic radial basis function (rbf) surrogate model. based on comparison between the outputs of the generator model with estimated parameters and the phasor measurement unit (pmu),,unassigned,0,Quasi-Monte Carlo / sparse-grid collocation,0,,,,unassigned,0,P2 acceleration,0,,,,unassigned,0,,0,,,no
Zhang2025__7,2025,Parameter optimization calibration of low-pressure fuel cell energy system based on adaptive response surface algorithm,yes,yes,PCE / RSM,high,35,GP / kriging,0,abstract/keywords,face algorithm; time cost; algorithm; calibration; fuel cell; optimization; quantitative analysis; real time; response surface methodology; cost reduction,,unassigned,47,Latin hypercube sampling,44,,,,unassigned,0,P2 acceleration,0,,,,unassigned,0,,0,,,no
Ullah20255970,2025,Optimized Neuro-Adaptive Third-Order Sliding Mode Control With High-Gain Differentiator for Enhanced Photovoltaic System Performance: Simulation and Experimental Validation,yes,yes,RBF / kernel,high,41,PCE / RSM,0,abstract/keywords,"g mode control (natosmc)—that ensures accurate and robust reference tracking. the control scheme integrates a radial basis function neural network (rbfnn) for generating the reference signal, and a high-gain differentiator (hgd) to estimate system states using differential flatnes",,unassigned,0,Quasi-Monte Carlo / sparse-grid collocation,0,,,,unassigned,0,P2 acceleration,0,,,Point metrics,high,9,_other,0,pdf,"r 148 epochs, as shown in fig. 6(a), with the best validation performance achieved at epoch 142, producing an mse of 6 .0183 × 10−7 illustrated in fig. 6(b). this result aligns with the knowledge base, which reports an mse of 0.036012 at epoch 25, further validat",no
Liang2024__2,2024,Expert knowledge data-driven based actor–critic reinforcement learning framework to solve computationally expensive unit commitment problems with uncertain wind energy,yes,yes,Neural network,high,16,RBF / kernel,9,pdf,"n in the next step, critic network calculates potential action values based on the current state. concretely, convolutional neural network (cnn) architecture is to estimate 𝑄-value pairs ( 𝑄(𝑠𝑡𝑎𝑡𝑒, 𝑎𝑐𝑡𝑖𝑜𝑛)), where international journal of electrical power and energy systems 159 (2024) 11",Historical operational data,high,17,Latin hypercube sampling,0,pdf,m is proposed as a replacement for the original cost function in ceucps. elm surrogate model is trained using historical data pertaining to unit status (comprising 0/1 inte- ger variables) and dispatching decisions (continuous variables). to enhance the accuracy of surrogate,,unassigned,0,P2 acceleration,0,,,Feasibility,high,8,_other,0,pdf,"expert knowledge data-driven based ac reinforcement learning method, the unit states can be obtained without constraint violation. in other words, the feasible on/off states are obtained for safe operation in power systems. it is worth noting that for the large-scale system with",no
Huotari2020,2020,Hybrid ship unit commitment with demand prediction and model predictive control,no,yes,,unassigned,0,GP / kriging,0,,,Historical operational data,high,24,Latin hypercube sampling,0,abstract/keywords,"commitment in complex ship energy systems. the usage of this method is demonstrated with a case study, where measured data was used from a cruise ship operating in the caribbean and the mediterranean. the ship’s energy system is conceptualized to feature a fuel cell and a",,unassigned,0,P2 acceleration,0,,,,unassigned,0,,0,,,no
Wang2022812,2022,A Data-Driven Uncertainty Quantification Method for Stochastic Economic Dispatch,yes,yes,PCE / RSM,high,85,GP / kriging,10,abstract/keywords,this letter proposes a data-driven sparse polynomial chaos expansion-based surrogate model for the stochastic economic dispatch problem considering uncertainty from wind power. the proposed method can provide accurate,,unassigned,0,Quasi-Monte Carlo / sparse-grid collocation,0,,,,unassigned,0,P2 acceleration,0,,,Problem UQ,high,40,_other,0,title,a data-driven uncertainty quantification method for stochastic economic dispatch,no
Pan20244422,2024,Reliability-Constrained Economic Dispatch With Analytical Formulation of Operational Risk Evaluation,yes,yes,PCE / RSM,high,85,Neural network,8,abstract/keywords,the rced-af model can be constructed with decision-dependent reliability constraints expressed by the sparse polynomial chaos expansion. case studies demonstrate that the proposed rced-af model is effective and accurate in the optimization of the reliability and the cost for day-ahead,,unassigned,0,Quasi-Monte Carlo / sparse-grid collocation,0,,,P4 decomposition,high,12,P1 replacement,0,pdf,"all system states cannot be decomposed, eens can only be applied in the objective, not the constraints of the benders decomposition method. besides, as problem size grows, benders decomposition becomes computationally complex, resulting in longer compu- tation times and increased",,unassigned,0,,0,,,no
Li20191438,2019,Compressive Sensing Based Stochastic Economic Dispatch with High Penetration Renewables,yes,yes,PCE / RSM,high,19,GP / kriging,11,pdf,"nsion of random variables. avoiding computationally expensive sampling, un- certainty propagation via general polynomial chaos expansion (gpc) is applied to solve stochastic opf [14], [15], such that the single-period stochastic problem is reformulated as a struc- turally equivalent de",Quasi-Monte Carlo / sparse-grid collocation,high,9,Latin hypercube sampling,0,pdf,tes nominal discharging and charging rate of battery at jth bus respectively. c. uncertainty quantization via stochastic collocation 1) generalized polynomial expansions: the uncertainties of injected power further inﬂuence the state variable such as bus voltage and branch current,,unassigned,0,P2 acceleration,0,,,Feasibility,high,9,_other,0,pdf,"plish the stochastic economic dispatch and reach required accuracy. the maximum observed probability (ϵj ) of constraint violation for three different method is listed in the sixth column of table i. additionally, to check whether the assumption of a gaussian distribution leads t",no
Yan2019625,2019,Analytical Iterative Multistep Interval Forecasts of Wind Generation Based on TLGP,yes,yes,GP / kriging,high,41,PCE / RSM,0,abstract/keywords,forecasting uncertainty and its propagation with multisteps for two wind farms based on the temporally local gaussian process (tlgp) model. the key findings confirm that tlgp forecasting not only has better accuracy but is also more reliable and sharp than other benchmark mo,Historical operational data,high,8,Latin hypercube sampling,0,pdf,erv al forecasts of wind genera tion based on tlgp 627 combining the most recent measurements and the similar historical data has been proposed [26]. the statistical analysis of the forecasting errors in the form of kurtosis and skewness of the distributions showed that tlgp,,unassigned,0,P2 acceleration,0,,,Interval calibration,high,9,_other,0,pdf,"he signiﬁcant predicted variance at each point as shown in fig. 9. the black dashed line represents the ideal coverage probability for ‘perfect’ probabilistic forecasting. it shows in the interval i, interval forecasting with tlgp shows much better reliability than with gp or any",no
Angizeh2023134995,2023,Impact Assessment Framework for Grid Integration of Energy Storage Systems and Renewable Energy Sources Toward Clean Energy Transition,yes,yes,GP / kriging,high,76,PCE / RSM,0,abstract/keywords,uncertainties of the net-load and power generation from renewable energy sources (ress) are characterized by gaussian process regression (gpr) models. these models are fine-tuned using the base forecasts generated using our in-house load forecasting tool and the national ren,,unassigned,0,Quasi-Monte Carlo / sparse-grid collocation,0,,,,unassigned,0,P2 acceleration,0,,,,unassigned,0,,0,,,no
Kanwal2018117,2018,Support vector machine and Gaussian process regression based modeling for photovoltaic power prediction,yes,yes,GP / kriging,high,157,RBF / kernel,76,title,support vector machine and gaussian process regression based modeling for photovoltaic power prediction,,unassigned,0,Quasi-Monte Carlo / sparse-grid collocation,0,,,,unassigned,0,P2 acceleration,0,,,Point metrics,high,70,_other,0,abstract/keywords,"than gpr based modeling technique. performance evaluation of models is conducted with error metrics of rmse, mean absolute error (mae), and mean square error (mse). moreover, prediction quality is qualified based on residual analysis benchmarked by load line analysis of pv syst",no
Oyedeji2023,2023,Computational Models for Forecasting Electric Vehicle Energy Demand,no,yes,GP / kriging,high,54,RBF / kernel,27,abstract/keywords,"in the city of barcelona. five different machine learning algorithms namely support vector regression (svr), gaussian process regression (gpr), artificial neural networks (ann), decision tree (dt), and ensemble learners were used to train the forecasting models. the hyperpar",Active learning,high,24,Latin hypercube sampling,0,abstract/keywords,"rs were used to train the forecasting models. the hyperparameters for each of the ml algorithms were tuned by bayesian optimization algorithm. in order to propose efficient features for modeling ev demand, two different model structures were investigated, named type-i and type-ii",P2 acceleration,high,24,P1 replacement,0,abstract/keywords,"rs were used to train the forecasting models. the hyperparameters for each of the ml algorithms were tuned by bayesian optimization algorithm. in order to propose efficient features for modeling ev demand, two different model structures were investigated, named type-i and type-ii",,unassigned,0,,0,,,no
Mahapatra2022721,2022,Constrained optimal power flow and optimal TCSC allocation using hybrid cuckoo search and ant lion optimizer,yes,yes,RBF / kernel,high,40,PCE / RSM,0,abstract/keywords,"id methods such as fuzzy-gravitational search algorithm (f-gsa), improved gsa-firefly algorithm (igsa-fa) and radial basis function neural network-gsa (rbfnn-gsa). the statistical analysis is also carried out for validating the efficacy of the algorithm when compared with other re",,unassigned,0,Quasi-Monte Carlo / sparse-grid collocation,0,,,,unassigned,0,P2 acceleration,0,,,,unassigned,0,,0,,,no
Mahapatra20161921,2016,Hybrid technique for optimal location and cost sizing of thyristor controlled series compensator to upgrade voltage stability,yes,yes,RBF / kernel,high,44,Neural network,8,abstract/keywords,are compared with traditional gravitational search algorithm (gsa) and other hybrid methods of fuzzy-gsa and radial basis function neural network techniques. © the institution of engineering and technology 2016. electric load flow; learning algorithms; optimization; radial basis,,unassigned,0,Quasi-Monte Carlo / sparse-grid collocation,0,,,,unassigned,0,P2 acceleration,0,,,Point metrics,high,9,_other,0,pdf,ciably reduces the overload of transmission line. fig. 3 below depicts the statistical analysis of individual relative error (%) which coherently establishes the proposed method to be the pre-eminent method among all the hybrid techniques. the formula for individual relativ,no
De Keyser20179702,2017,Convex mapping formulations enabling optimal power split and design of the electric drivetrain in all-electric vehicles,no,yes,,unassigned,0,GP / kriging,0,,,,unassigned,0,Quasi-Monte Carlo / sparse-grid collocation,0,,,,unassigned,0,P2 acceleration,0,,,,unassigned,0,,0,,,no
Mitrovic2023__2,2023,Fast Data-Driven Chance Constrained AC-OPF Using Hybrid Sparse Gaussian Processes,yes,yes,GP / kriging,high,91,PCE / RSM,0,title,fast data-driven chance constrained ac-opf using hybrid sparse gaussian processes,,unassigned,9,Simulation-generated data,8,,,,unassigned,0,P2 acceleration,0,,,Feasibility,high,8,_other,0,pdf,"in all cases, we use the first-order taylor approximation (ta1) as a function of linearization. the empirical constraint violation is computed using 1000 monte- carlo samples that follow (gaussian) uncertainty distribution. we compare our approach to two baselines. (a) determin-",no
Mitrovic2023__3,2023,GP CC-OPF: Gaussian Process based optimization tool for Chance-Constrained Optimal Power Flow[Formula presented],yes,yes,GP / kriging,high,74,PCE / RSM,0,title,gp cc-opf: gaussian process based optimization tool for chance-constrained optimal power flow[formula presented],Simulation-generated data,high,8,Latin hypercube sampling,0,pdf,two ways to provide labeled data for training the linear and gp regression models. the first option is using synthetic data by modeling the power grid. this tool uses pandapower [8] python library for simulating ieee9 and ieee39-bus power grids. the second option is to use,,unassigned,0,P2 acceleration,0,,,,unassigned,0,,0,,,no
Lei20247417,2024,Surrogate Formulation for Chance-Constrained DC Optimal Power Flow With Affine Control Policy,yes,yes,GP / kriging,high,11,PCE / RSM,0,pdf,"nstruct the surrogate model. by takingκl as the input and the um of transmission power ﬂow as the output, the kriging surrogate method is utilized to approximate the closed-form of the um function with the linear trend and exponential correlation [8], as expressed be",Historical operational data,high,10,Latin hypercube sampling,0,pdf,"a data- driven perspective, the um can be regarded as a mapping function ofβ, which can be approximated using historical data. hence, the key idea is to construct a data-driven surrogate model f: β→um (β) to obtain the analytical closed-form of um (β). then, by embedding the",P5 uncertainty,high,65,P1 replacement,0,title,surrogate formulation for chance-constrained dc optimal power flow with affine control policy,Feasibility,high,8,_other,0,pdf,s ranging from 8% to 15%. the number of uncertainty scenarios used for both the cc-dcopf modeling and the max constraint violation probabilities testing is set to 10000. the results are shown in fig. 1. the sampling-based methods presented by m1 and m2 can achieve the optimality,yes
Wu2021__2,2021,Hybrid Improved Bird Swarm Algorithm with Extreme Learning Machine for Short-Term Power Prediction in Photovoltaic Power Generation System,yes,yes,GP / kriging,high,80,RBF / kernel,66,abstract/keywords,"acy compared to existing methods, such as support vector machine (svm), back propagation neural network (bp), gaussian process regression (gpr), and bird swarm algorithm with extreme learning machine (bsaelm) models. accordingly, it achieved great benefits in terms of the uti",,unassigned,0,Quasi-Monte Carlo / sparse-grid collocation,0,,,,unassigned,0,P2 acceleration,0,,,Point metrics,high,30,_other,0,abstract/keywords,"l for predicting short-term pv power. the results revealed that the ibsaelm model is superior in terms of the prediction accuracy compared to existing methods, such as support vector machine (svm), back propagation neural network (bp), gaussian process regression (gpr), and bird",no
Zhou2022__2,2022,Bi-level framework for microgrid capacity planning under dynamic wireless charging of electric vehicles,no,yes,RBF / kernel,high,30,PCE / RSM,0,abstract/keywords,"work. further, an algorithm based on the surrogate model is used to solve the bi-level programming, where the radial basis function interpolation model is utilized to approximate the objective function. finally, in case studies, the influence of parameter variations on the results",,unassigned,0,Quasi-Monte Carlo / sparse-grid collocation,0,,,P1 replacement,high,27,P2 acceleration,0,abstract/keywords,"is used to solve the bi-level programming, where the radial basis function interpolation model is utilized to approximate the objective function. finally, in case studies, the influence of parameter variations on the results is explored. the feasibility and advantages of the proposed microgrid",,unassigned,0,,0,,,no
Kim2021,2021,Probabilistic modeling of wind energy potential for power grid expansion planning,yes,yes,GP / kriging,high,38,PCE / RSM,0,abstract/keywords,"ough weibull distribution, monte carlo simulation (mcs), and the enhanced spatial modeling based on universal kriging. it can be used to establish the expansion plan for transmission and distribution facilities to resolve the variability and uncertainty issues of win",Historical operational data,high,10,Latin hypercube sampling,0,pdf,"ng. we analyzed the probabilistic model based on a weibull distribution and monte carlo simulations using the measured data of existing wind farms and the estimated potential capacity of wind power resources on jeju island, korea, through the enhanced spatial modeling with",,unassigned,0,P2 acceleration,0,,,Point metrics,high,9,_other,0,pdf,cross-validation of the wind power capacity factor at jeju island was performed. the root-mean-squared error (rmse) was calculated as the veri ﬁcation index as follows [ 42]: rmse ¼ ﬃﬃﬃﬃﬃﬃﬃﬃﬃﬃﬃﬃﬃﬃﬃﬃﬃﬃﬃﬃﬃﬃﬃﬃﬃﬃﬃﬃﬃﬃﬃﬃ ﬃ 1 n xn i¼1 /c0 byi /c0 yi /c1 2 vuut (11) where,no
Pérez-Uresti2023,2023,Strategic investment planning for the hydrogen economy – A mixed integer non-linear framework for the development and capacity expansion of hydrogen supply chain networks,yes,yes,,unassigned,0,GP / kriging,0,,,,unassigned,0,Quasi-Monte Carlo / sparse-grid collocation,0,,,,unassigned,0,P2 acceleration,0,,,,unassigned,0,,0,,,no
Shi2026,2026,Wind-Solar-Storage Transmission Expansion Planning With Reinforcement Learning Framework Based on Gaussian Process Regression,no,yes,GP / kriging,high,135,PCE / RSM,0,title,wind-solar-storage transmission expansion planning with reinforcement learning framework based on gaussian process regression,,unassigned,0,Quasi-Monte Carlo / sparse-grid collocation,0,,,,unassigned,0,P2 acceleration,0,,,,unassigned,0,,0,,,no
Yang2025,2025,Adaptive multi-objective Bayesian optimization approach for capacity planning of the interconnected offshore wind farms,yes,yes,GP / kriging,high,11,PCE / RSM,0,pdf,"location schemes and their three corresponding objective values accumulated in each iteration are used in the gaussian process, a non-parametric model to infers a distribution over functions that best describes the relationship between capacities and each objective function.",Active learning,high,77,Historical operational data,10,title,adaptive multi-objective bayesian optimization approach for capacity planning of the interconnected offshore wind farms,P2 acceleration,high,69,P1 replacement,0,title,adaptive multi-objective bayesian optimization approach for capacity planning of the interconnected offshore wind farms,Decision-aware,high,9,_other,0,pdf,"typically, a reference point marginally inferior to the worst-case scenario is deemed suitable for evaluating pareto front quality. in [33], the reference point is a fixed value chosen by the decision-maker. however, due to the intricacies of the collaborative capacity planning m",yes
Simonson202036,2020,Probabilistic Modeling of Thermal Grids using Gaussian Processes,no,yes,GP / kriging,high,66,PCE / RSM,0,title,probabilistic modeling of thermal grids using gaussian processes,Active learning,high,24,Latin hypercube sampling,0,abstract/keywords,"els, something that can be of importance for decision making, and that can be explicitly accounted for in e.g bayesian optimization and stochastic nonlinear model predictive control. in this paper a data driven gaussian process model for the thermal dynamics of the district heatin",P2 acceleration,high,24,P1 replacement,0,abstract/keywords,"els, something that can be of importance for decision making, and that can be explicitly accounted for in e.g bayesian optimization and stochastic nonlinear model predictive control. in this paper a data driven gaussian process model for the thermal dynamics of the district heatin",,unassigned,0,,0,,,no
Weinberger2018555,2018,Investigating influential techno-economic factors for combined heat and power production using optimization and metamodeling,yes,yes,,unassigned,0,GP / kriging,0,,,,unassigned,5,Latin hypercube sampling,0,,,,unassigned,0,P2 acceleration,0,,,,unassigned,0,,0,,,no
Roy2023,2023,Multi-objective optimization of biomass gasification based combined heat and power system employing molten carbonate fuel cell and externally fired gas turbine,no,yes,PCE / RSM,high,30,GP / kriging,0,abstract/keywords,"d. the proposed cogeneration system has undergone extensive thermodynamic and economic analyses. in addition, response surface methodology (rsm) was used for multiobjective optimization. an extensive investigation was conducted to determine how design factors influence exergy efficiency",Factorial / response-surface design,high,24,Latin hypercube sampling,0,abstract/keywords,"d. the proposed cogeneration system has undergone extensive thermodynamic and economic analyses. in addition, response surface methodology (rsm) was used for multiobjective optimization. an extensive investigation was conducted to determine how design factors influence exergy efficiency",,unassigned,0,P2 acceleration,0,,,,unassigned,0,,0,,,no
Ahlström2022596,2022,The role of biomass gasification in the future flexible power system – BECCS or CCU?,no,yes,,unassigned,0,GP / kriging,0,,,,unassigned,0,Quasi-Monte Carlo / sparse-grid collocation,0,,,,unassigned,0,P2 acceleration,0,,,,unassigned,0,,0,,,no
Qi2023,2023,Strategies for flexible operation of power-to-X processes coupled with renewables,no,yes,,unassigned,0,GP / kriging,0,,,,unassigned,0,Quasi-Monte Carlo / sparse-grid collocation,0,,,P2 acceleration,high,24,P1 replacement,0,abstract/keywords,al energy storage; energy; flexible operation; operational flexibility; power; power allocations; power-to-x; surrogate-based optimization; techno-economic analysis; fossil fuels,,unassigned,0,,0,,,no
Walden2023,2023,"Nonlinear operational optimization of an industrial power-to-heat system with a high temperature heat pump, a thermal energy storage and wind energy",no,yes,,unassigned,0,GP / kriging,0,,,,unassigned,0,Quasi-Monte Carlo / sparse-grid collocation,0,,,,unassigned,0,P2 acceleration,0,,,,unassigned,0,,0,,,no
Rixhon2021,2021,The role of electrofuels under uncertainties for the belgian energy transition,yes,yes,PCE / RSM,high,49,GP / kriging,0,abstract/keywords,"these parameters can be highly uncertain, especially for long-term planning. consequently, this work uses the polynomial chaos expansion method to integrate a global sensitivity analysis in order to highlight the influence of the parameters on the total cost of the system. the outcome",,unassigned,0,Quasi-Monte Carlo / sparse-grid collocation,0,,,,unassigned,0,P2 acceleration,0,,,,unassigned,0,,0,,,no
Assareh2023,2023,"Performance analysis of solar-assisted-geothermal combined cooling, heating, and power (CCHP) systems incorporated with a hydrogen generation subsystem",no,yes,,unassigned,0,GP / kriging,0,,,,unassigned,18,Latin hypercube sampling,0,,,,unassigned,0,P2 acceleration,0,,,,unassigned,0,,0,,,no
Zhang2022__2,2022,Development and comparative selection of surrogate models using artificial neural network for an integrated regenerative transcritical cycle,no,yes,Neural network,high,56,PCE / RSM,0,title,development and comparative selection of surrogate models using artificial neural network for an integrated regenerative transcritical cycle,,unassigned,0,Quasi-Monte Carlo / sparse-grid collocation,0,,,,unassigned,0,P2 acceleration,0,,,,unassigned,0,,0,,,no
Xu20184696,2018,Maximum Loadability of Islanded Microgrids With Renewable Energy Generation,yes,yes,PCE / RSM,high,86,GP / kriging,0,abstract/keywords,"that can identify the impact of independent and correlated variables on the img loadability. last, the sparse polynomial chaos expansion method is used to obtain the probabilistic models for img load margins, and an efficient gsa method is proposed to calculate the gs of img loadabilit",Quasi-Monte Carlo / sparse-grid collocation,high,8,Latin hypercube sampling,0,pdf,"renew able energy generation 4701 fig. 1. 33-bus img test system. in order to improve the mcs efﬁciency, the sobol sequence is used to obtain the surrogate model output using the following steps: i. generate 2 n-dimensional sobol sequences with a sample size of n ii. trans",,unassigned,0,P2 acceleration,0,,,,unassigned,0,,0,,,no
Gan2021695,2021,Data-Driven Energy Management System with Gaussian Process Forecasting and MPC for Interconnected Microgrids,yes,yes,GP / kriging,high,104,PCE / RSM,0,abstract/keywords,grids; model predictive control; predictive control systems; renewable energy resources; cost of electricity; gaussian process regression; gaussian processes; microgrid operations; optimal operation; perfect foresights; sharing information; variable renewable energies; inform,Historical operational data,high,8,Latin hypercube sampling,0,pdf,"minimal parametrisation and they are purely data-driven based on correlations between future data points and historical data points. in comparison with methods such as neural net- works, gps does not require as much training data. accuracy of forecasting solar pv generation",,unassigned,0,P2 acceleration,0,,,Point metrics,high,16,_other,0,pdf,"(e.g. linear regression), gps can achieve better estimation accuracy, measured by the root mean square error (rmse) [26]. gps require minimal parametrisation and they are purely data-driven based on correlations between future data points and historical data point",no
Chaturvedi2024149,2024,Reinforcement Learning-Based Integrated Control to Improve the Efficiency of DC Microgrids,yes,yes,Neural network,high,33,PCE / RSM,0,abstract/keywords,"and source current accordingly. the secondary control consists of a proportional integral control (pi), and a deep neural network (dnn) surrogate model with implementation of q-learning as reinforcement method. a novel dnn based surrogate model uses the droop value from the pi c",,unassigned,0,Quasi-Monte Carlo / sparse-grid collocation,0,,,,unassigned,0,P2 acceleration,0,,,,unassigned,0,,0,,,no
Prusty2025,2025,An improved moth swarm algorithm based fractional order type-2 fuzzy PID controller for frequency regulation of microgrid system,no,yes,GP / kriging,high,33,PCE / RSM,0,abstract/keywords,"%, 33.53%, 47.16%, and 55.37% as compared to h-de-ps: 2dof/pid, i-jaya: fuzzy pd/pi-pd, hybrid dfps: tid, and kriging: fopid approaches, respectively. similarly, the improvement in the settling interval for the proposed approach is observed to be 33.83%, 35.82%, 38.1",,unassigned,0,Quasi-Monte Carlo / sparse-grid collocation,0,,,,unassigned,0,P2 acceleration,0,,,,unassigned,0,,0,,,no
Kiani20253021,2025,Learning Robust Model Predictive Control for Voltage Control of Islanded Microgrid,yes,yes,GP / kriging,high,85,RBF / kernel,9,abstract/keywords,o of the uncertainties. this weakness is amended in this paper by employing a combination of a learning-based gaussian process (gp) regression and tube-based rmpc. the advantage of using gp is that both the mean and variance of the loads are predicted at each iteration based,,unassigned,0,Quasi-Monte Carlo / sparse-grid collocation,0,,,,unassigned,0,P2 acceleration,0,,,Problem UQ,high,30,_other,0,abstract/keywords,"arning-based gaussian process (gp) regression and tube-based rmpc. the advantage of using gp is that both the mean and variance of the loads are predicted at each iteration based on the real data, and the resulted values of mean and the bound of confidence are utilized to desi",no
Hussien20226442,2022,Coot Bird Algorithms-Based Tuning PI Controller for Optimal Microgrid Autonomous Operation,yes,yes,PCE / RSM,high,37,GP / kriging,0,abstract/keywords,imum gains for the pi controller are found using the cbmo under a multi-objective optimization framework. the response surface methodology (rsm) is incorporated into the developed procedure to achieve a compromise solution among the different objectives. to prove the effectiveness of the,Factorial / response-surface design,high,29,Latin hypercube sampling,0,abstract/keywords,imum gains for the pi controller are found using the cbmo under a multi-objective optimization framework. the response surface methodology (rsm) is incorporated into the developed procedure to achieve a compromise solution among the different objectives. to prove the effectiveness of the,,unassigned,0,P2 acceleration,0,,,,unassigned,0,,0,,,no
Cao2023__2,2023,Co-optimization of multiple virtual power plants considering electricity-heat-carbon trading: A Stackelberg game strategy,yes,yes,GP / kriging,high,41,PCE / RSM,0,abstract/keywords,"e internal aggregated units and loads based on the price issued. to solve the stackelberg game equilibrium, a kriging metamodel is then adopted to fit the energy scheduling model of the vpp. finally, several cases are analyzed to verify that the proposed strategy can",Latin hypercube sampling,high,9,Quasi-Monte Carlo / sparse-grid collocation,0,pdf,-based demand response iel interruptible electric load ihl interruptible heat load kkt karush-kuhn-tucker lhs latin hypercube sampling mvpp multiple virtual power plant pdr price-based demand response pso particle swarm optimization pv photovoltaics sel shiftable electric load shl sh,,unassigned,0,P2 acceleration,0,,,,unassigned,0,,0,,,no
Liang20222192,2022,Stochastic Optimal Energy Storage Management for Energy Routers Via Compressive Sensing,yes,yes,PCE / RSM,high,38,GP / kriging,0,abstract/keywords,"sing method used in this article is proven to be more efficient than the conventional monte-carlo methods and polynomial chaos expansion method, and the performance of the proposed method is evaluated with numerical examples. © 2005-2012 ieee. compressed sensing; energy management; mon",,unassigned,0,Quasi-Monte Carlo / sparse-grid collocation,0,,,,unassigned,0,P2 acceleration,0,,,,unassigned,0,,0,,,no
Zhang20234075,2023,Surrogated-assisted multimodal multi-objective optimization for hybrid renewable energy system,yes,yes,GP / kriging,high,38,RBF / kernel,9,abstract/keywords,"gorithm that focuses on solving multimodal and time-expensive problems, termed sammea. specifically, we use a gaussian process model to replace the calculation of the objective values. in addition, a special environmental selection strategy is proposed to enhance the diversit",,unassigned,0,Quasi-Monte Carlo / sparse-grid collocation,0,,,,unassigned,0,P2 acceleration,0,,,,unassigned,0,,0,,,no
Yakubu2025,2025,"Modeling, optimization, and thermal management strategies of hydrogen fuel cell systems",no,yes,,unassigned,0,GP / kriging,0,,,,unassigned,0,Quasi-Monte Carlo / sparse-grid collocation,0,,,,unassigned,0,P2 acceleration,0,,,,unassigned,0,,0,,,no
Bian202224179,2022,"Energy, exergy, economy analysis, and multi-objective optimization of a novel integrated energy system by combining artificial neural network and whale optimization algorithm",no,yes,Neural network,high,56,PCE / RSM,0,title,", exergy, economy analysis, and multi-objective optimization of a novel integrated energy system by combining artificial neural network and whale optimization algorithm",,unassigned,0,Quasi-Monte Carlo / sparse-grid collocation,0,,,,unassigned,0,P2 acceleration,0,,,,unassigned,0,,0,,,no
Ata2025,2025,"Comprehensive evaluation of a gas turbine-based multi-generation system for power, heating, cooling, freshwater, hydrogen and ammonia: 4E assessment and multi-objective optimization with RSM desirability approach",no,yes,PCE / RSM,high,27,GP / kriging,0,abstract/keywords,se surface method desirability; response surfaces methods; ammonia; hydrogen; optimization; power generation; response surface methodology; turbine; gas turbines,Factorial / response-surface design,high,21,Latin hypercube sampling,0,abstract/keywords,se surface method desirability; response surfaces methods; ammonia; hydrogen; optimization; power generation; response surface methodology; turbine; gas turbines,,unassigned,0,P2 acceleration,0,,,,unassigned,0,,0,,,no
Hussien202415075,2024,Hybrid Transient Search Algorithm With Levy Flight for Optimal PI Controllers of Islanded Microgrids,yes,yes,PCE / RSM,high,38,GP / kriging,0,abstract/keywords,portional-integral (pi) controllers for robust operation of islanded microgrids. the first step is to use the response surface methodology (rsm) to empirically express the multi-objective function. this function includes the transient variations of the terminal voltages of the microgrids,Factorial / response-surface design,high,30,Latin hypercube sampling,0,abstract/keywords,portional-integral (pi) controllers for robust operation of islanded microgrids. the first step is to use the response surface methodology (rsm) to empirically express the multi-objective function. this function includes the transient variations of the terminal voltages of the microgrids,,unassigned,0,P2 acceleration,0,,,,unassigned,0,,0,,,no
Liang2024__3,2024,Risk-based distributionally robust optimal dispatch for multiple cascading failures in regional integrated energy system using surrogate modeling,no,yes,,unassigned,0,GP / kriging,0,,,,unassigned,0,Quasi-Monte Carlo / sparse-grid collocation,0,,,,unassigned,0,P2 acceleration,0,,,,unassigned,0,,0,,,no
Hussien202190577,2021,LMSRE-based adaptive pi controller for enhancing the performance of an autonomous operation of microgrids,yes,yes,PCE / RSM,high,40,GP / kriging,0,abstract/keywords,"ion for both sunflower optimization (sfo) and particle swarm optimization (pso) algorithms is obtained by the response surface methodology. the system is evaluated under different environments, which are stated as follows: 1) disconnect the system from the grid (islanding), 2) autonomous",Factorial / response-surface design,high,40,Latin hypercube sampling,0,abstract/keywords,"ion for both sunflower optimization (sfo) and particle swarm optimization (pso) algorithms is obtained by the response surface methodology. the system is evaluated under different environments, which are stated as follows: 1) disconnect the system from the grid (islanding), 2) autonomous",,unassigned,0,P2 acceleration,0,,,,unassigned,0,,0,,,no
Dong2024,2024,Design and optimal scheduling of forecasting-based campus multi-energy complementary energy system,yes,yes,Neural network,high,52,RBF / kernel,9,pdf,"he decomposi - tion process and reduce data leakage [ 24 , 25 ]. core forecasting modules are developed using deep neural network (dnn) models. common dnns include convolutional neural networks (cnns), stacked denoising autoencoders, and lstm [ 26 ]. the input data depend on pre",Historical operational data,high,8,Latin hypercube sampling,0,pdf,"nsga-ii is used to establish the pareto frontier set, and drl is used to select the optimal solution. first, historical data are used to train smldae to develop the surrogate model that replaces the original complex model. the noise level, which is a substantial factor in t",,unassigned,0,P2 acceleration,0,,,Point metrics,high,17,_other,0,pdf,high-order fuzzy cognitive mapping neural network hfcmnn hydrogen production system hps heat storage tank hst mean absolute error mae multi-energy complementary energy system mces multi-criteria decision-making mcdm multi-scale mathematical morphological decomposition mmmd fig.,no
Salahinezhad2025,2025,Trade-off analysis for optimal design of trigeneration energy systems integrated with solar and hydrogen subsystems: A novel optimization strategy,yes,yes,PCE / RSM,high,19,GP / kriging,0,pdf,"al time compared to ga (345 s versus 1908 s). this efficiency is due to the trs-rsm-lca strat- egy ’ s use of response surface methodology (rsm) for surrogate modeling, which minimizes the need for iterative simulations. however, certain limitations are noted, as the use of rsm and centr",Factorial / response-surface design,high,24,Latin hypercube sampling,0,pdf,"c absorption chiller f operation status 3e energy , economic , and environmental f bypass bypass fraction ccd central composite design f eir rated ratio of energy input in hp cchp combined cooling , heat , and power f sens rated sensible capacity doe design of experiments f tot , c r",,unassigned,0,P2 acceleration,0,,,Point metrics,high,9,_other,0,pdf,"m temperature provided by ac. as seen, the numerical results and exper- imental data are well-matched, with a maximum error of 6.7 % for the system cop on august 15th, and a maximum error of 5.9 % for the average room temperature on july 28th. fig. 6 presents a comparison",no
Cao2017,2017,Multi-objective optimization of preplanned microgrid islanding based on stochastic short-term simulation,no,yes,PCE / RSM,high,30,GP / kriging,0,abstract/keywords,"sed to compromise the conflicting objectives according to the decision preferences of users. furthermore, the response surface methodology is adopted to improve the efficiency of scheme selection with the help of experimental design technique and regression analysis. finally, the effecti",Factorial / response-surface design,high,24,Latin hypercube sampling,0,abstract/keywords,"sed to compromise the conflicting objectives according to the decision preferences of users. furthermore, the response surface methodology is adopted to improve the efficiency of scheme selection with the help of experimental design technique and regression analysis. finally, the effecti",,unassigned,0,P2 acceleration,0,,,,unassigned,0,,0,,,no
Dong2023__2,2023,Robust optimal scheduling for integrated energy systems based on multi-objective confidence gap decision theory,yes,yes,,unassigned,0,GP / kriging,0,,,,unassigned,0,Quasi-Monte Carlo / sparse-grid collocation,0,,,P4 decomposition,high,11,P1 replacement,0,pdf,"cooling wind pv load (vahid-pakdel et al., 2017) ✓ ✓ ⨯ ✓ ⨯ ⨯ so cplex (mansouri et al., 2020) ✓ ✓ ✓ ✓ ⨯ ✓ so benders decomposition (zheng et al., 2021) ✓ ⨯ ⨯ ⨯ ✓ ✓ so cplex (wang et al., 2022) ✓ ⨯ ⨯ ⨯ ⨯ ✓ so gurobi (peng et al., 2015) ✓ ⨯ ⨯ ✓ ✓ ✓ ro differential evolution (ebrahi",Point metrics,high,17,_other,0,pdf,s 2 and 3 show the fitting metrics of gmm and normal distribution including root mean square error (rmse) and mean absolute error (mae). eqs. (2) and (3) provide the formulas (a) pdf curve of wind power forecasting error (b) pdf fitting curve of pv forecasting error fig. 1. pdf,no
Lalitha20231401,2023,Multi-objective approach for protection of microgrids using surrogate assisted particle swarm optimization (SAPSO),yes,yes,GP / kriging,high,19,RBF / kernel,11,pdf,"the polynomial regression, radial basis function network (rbfn), artificial neural network (ann), kriging or gaussian process (gp) and support vector machines (svm) are incorporated as the surrogate models (yu et al. 2018). the sapso obtains the pareto optimal solution in ca",,unassigned,0,Quasi-Monte Carlo / sparse-grid collocation,0,,,P2 acceleration,high,11,P1 replacement,0,pdf,"s not applied to real- world optimization problems with large number of function evaluations. hence nowadays, surrogate assisted optimization algorithms are used to solve the computationally expensive real-world optimization problems. these surrogate model are classified as radial basis fun",,unassigned,0,,0,,,no
Cuzner2018,2018,Power Conversion and Distribution Equipment Metamodels for Dependable Design of Shipboard Integrated Power and Energy Systems,no,yes,,unassigned,0,GP / kriging,0,,,,unassigned,0,Quasi-Monte Carlo / sparse-grid collocation,0,,,,unassigned,0,P2 acceleration,0,,,,unassigned,0,,0,,,no
Perera2017187,2017,Optimum design of distributed energy hubs using hybrid surrogate models (HSM),yes,yes,,unassigned,30,PCE / RSM,27,,,,unassigned,10,Factorial / response-surface design,7,,,,unassigned,9,P2 acceleration,8,,,Problem UQ,high,10,_other,0,pdf,"sist a global sensitivity analysis (gsa) for a nuclear reactor assembly (banyay, shields and brigham, 2019) . uncertainty quantification is another arena where artificial intelligence and surrogate models are proven to be powerful tools for gaining a clearer understanding of the physic",no
tezer_multi-objective_2025,2025,Multi-objective optimization of hybrid renewable energy systems with green hydrogen integration and hybrid storage strategies,yes,yes,PCE / RSM,high,9,GP / kriging,0,pdf,"lone, while maintaining the same lpsp values. jafarian et al. [33] conducted a study using trnsys simulation, response surface methodology, and life cycle assessment to highlight the trade-offs in multi-objective optimization for energy storage capacity, renewable fraction, and storage t",,unassigned,7,Latin hypercube sampling,0,,,,unassigned,0,P2 acceleration,0,,,,unassigned,0,,0,,,no
tian_building_2025,2025,Building design and operation multi-objective optimization: Energy costs vs. Emissions,yes,yes,RBF / kernel,high,8,PCE / RSM,0,pdf,s based on historical data. shao et al. established an energy consumption prediction model for hotels using a support vector machine with hvac and weather data as input parameters [10] . tian et al. proposed a novel energy consumption predictive model called fcm- gwo-bp neural netw,,unassigned,10,Latin hypercube sampling,8,,,,unassigned,0,P2 acceleration,0,,,Point metrics,high,33,_other,0,pdf,"data [ log ( d ( x ))] + e x ∼ p g [ log ( 1   d ( x ))] (24) 2.5.2. evaluation and comparison indicators the mean absolute error (mae), root mean square error (rmse), and coefficient of determination (r 2 ) are commonly used evaluation metrics for assessing prediction accuracy",no
chen_multi-objective_2025-1,2025,Multi-objective optimization of multi-energy complementary systems integrated biomass-solar-wind energy utilization in rural areas,yes,yes,,unassigned,0,GP / kriging,0,,,,unassigned,0,Quasi-Monte Carlo / sparse-grid collocation,0,,,,unassigned,0,P2 acceleration,0,,,,unassigned,0,,0,,,no
bian_multi-energy_2025,2025,Multi-energy Complementary Planning for Regional Integrated Energy System Considering Flexibility and Economy,no,yes,,unassigned,0,GP / kriging,0,,,,unassigned,0,Quasi-Monte Carlo / sparse-grid collocation,0,,,,unassigned,0,P2 acceleration,0,,,,unassigned,0,,0,,,no
cortes-caicedo_multi-objective_2025,2025,A multi-objective optimization approach based on the Non-Dominated Sorting Genetic Algorithm {II} for power coordination in battery energy storage systems for {DC} distribution network applications,yes,yes,,unassigned,0,GP / kriging,0,,,Historical operational data,high,8,Latin hypercube sampling,0,pdf,wing premises: (i) the demand profile and solar generation data are considered con- stant inputs derived from historical data and statistical analysis; (ii) the locations and capacities of the solar sources and ess are predetermined by the distribution system operator during,,unassigned,0,P2 acceleration,0,,,Decision-aware,high,37,_other,0,abstract/keywords,"nd conditions of medellín, colombia. matlab simulations demonstrate that nsga-ii outperforms other methods in pareto front quality, best solution, average response, and standard deviation. results show that nsga-ii is the optimal choice for minimizing operational costs and losses",no
alahmad_enhancing_2025,2025,Enhancing renewable energy integration through strategic stochastic optimization planning of distributed energy resources (Wind/{PV}/{SBESS}/{MBESS}) in distribution systems,yes,yes,,unassigned,0,GP / kriging,0,,,Historical operational data,high,16,Latin hypercube sampling,0,pdf,"e normal distribution, outlined in (75) [ 31 ], utilizing a specific mean and standard deviation derived from historical data. another variable subject to uncertainty in energy prices, which is depicted by the normal distribution as articulated in (76) [ 31 , 51 ], employing",,unassigned,0,P2 acceleration,0,,,,unassigned,0,,0,,,no
alahmad_optimizing_2025,2025,Optimizing renewable energy and green technologies in distribution systems through stochastic planning of distributed energy resources,yes,yes,Neural network,high,8,PCE / RSM,0,pdf,"grid-connected pev-pl. it integrated wind and pv systems, employing fuzzy logic and recurrent neural networks-long short-term memory (rnn-lstm) for load forecasting. the objective was to mini- mize costs and maximize profits through optimal sizing and operation. to assess the impac",Historical operational data,high,19,Latin hypercube sampling,0,pdf,"solar power, load power, energy prices, and pev ’ s parking time and energy can be addressed by: - extracting historical data on wind speed, solar radiation, load power, energy prices, and the arrival and departure times and energies of pev drivers at the pev-pls. - modeling",,unassigned,0,P2 acceleration,0,,,,unassigned,0,,0,,,no
ali_optimizing_2025,2025,Optimizing Hydrogen Systems and Demand Response for Enhanced Integration of {RES} and {EVs} in Smart Grids,yes,yes,,unassigned,0,GP / kriging,0,,,Historical operational data,high,10,Latin hypercube sampling,0,pdf,"the normal pdf is used to capture the uncertainty in load demand [36], [37], [38]. the study leverages hourly historical data spanning three years encompassing solar irradiance, wind speed, and load demand. each year is split into four seasons, with each season being represe",,unassigned,0,P2 acceleration,0,,,,unassigned,0,,0,,,no
an_multi-objective_2025,2025,Multi-objective optimization for optimal placement of shared battery energy storage systems in urban energy communities,yes,yes,,unassigned,0,GP / kriging,0,,,,unassigned,0,Quasi-Monte Carlo / sparse-grid collocation,0,,,,unassigned,0,P2 acceleration,0,,,,unassigned,0,,0,,,no
anoune_microgrid_2025,2025,Microgrid Optimization Using a Developed Model of Genetic Algorithm Under {MATLAB},no,yes,,unassigned,0,GP / kriging,0,,,,unassigned,0,Quasi-Monte Carlo / sparse-grid collocation,0,,,,unassigned,0,P2 acceleration,0,,,,unassigned,0,,0,,,no
bagheri_miqcp-based_2025,2025,An {MIQCP}-based multi-objective optimal operation strategy for renewables-integrated smart distribution systems considering transformer loss of life and environmental emissions,yes,yes,,unassigned,0,GP / kriging,0,,,,unassigned,0,Quasi-Monte Carlo / sparse-grid collocation,0,,,,unassigned,0,P2 acceleration,0,,,,unassigned,0,,0,,,no
bendriss_novel_2025,2025,A novel improved Frilled Lizard algorithm for solving the optimal planning problem of renewable energy sources within distribution grids under uncertainties,yes,yes,Neural network,high,8,PCE / RSM,0,pdf,"grat- ing renewable energy sources into the ieee 33-bus distribution grid is proposed, using a bi-directional long short-term memory network to manage uncertainties from pv and wind generation. the model, optimized with binary particle swarm optimization (bpso), aimed to minimize e",Historical operational data,high,9,Latin hypercube sampling,0,pdf,"pdfs) is operated to model the stochastic behavior of pv and wt power generation, respectively, based on real historical data collected over a decade from the study area. 3. the optimal locations and number of wts and pv strings, as well as the pf of wts, are determined simu",,unassigned,0,P2 acceleration,0,,,,unassigned,0,,0,,,no
Roy2020,2020,Performance evaluation of a novel biomass-based hybrid energy system employing optimisation and multi-criteria decision-making techniques,no,yes,PCE / RSM,high,33,GP / kriging,0,abstract/keywords,"xamined through exergetic, multi-objective optimisation and multi-criteria decision making (mcdm) techniques. response surface methodology (rsm) has been applied to perform multi-objective optimisation of the proposed system. regression models generated from the analysis of variance (ano",Factorial / response-surface design,high,27,Latin hypercube sampling,0,abstract/keywords,"xamined through exergetic, multi-objective optimisation and multi-criteria decision making (mcdm) techniques. response surface methodology (rsm) has been applied to perform multi-objective optimisation of the proposed system. regression models generated from the analysis of variance (ano",,unassigned,0,P2 acceleration,0,,,,unassigned,0,,0,,,no
Han2024,2024,Hierarchical robust Day-Ahead VPP and DSO coordination based on local market to enhance distribution network voltage stability,yes,yes,GP / kriging,high,38,PCE / RSM,0,abstract/keywords,"ion mechanism. at this time, the worst-case scenario of load and renewable energy generation predicted by the gaussian process (gp) is considered. the mismatched amounts in the lem are aggregated by the vpp and bid into the wholesale energy market (wem) operated by the tso (t",,unassigned,0,Quasi-Monte Carlo / sparse-grid collocation,0,,,,unassigned,0,P2 acceleration,0,,,Problem UQ,high,8,_other,0,pdf,"nal dis - tribution is formed. this is expressed as eq. (63) . f * ( x * )| y n ( f * , σ 2 ( f * )) (63) the mean and variance of a conditional distribution are defined as follows: f * = k ( x , x * ) t   k ( x , x ) + σ 2 n i n )   1 y (64) σ 2 ( f ) * = k ( x * , x * )   k",no
Zhang2024821,2024,Tractable Data Enriched Distributionally Robust Chance-Constrained Conservation Voltage Reduction,yes,yes,GP / kriging,high,74,PCE / RSM,0,abstract/keywords,"method to statistically recover the high-resolution load and pv generation data from low-resolution data with gaussian process regression (gpr) and markov chain (mc) models, which can be used to construct a data-based moment ambiguity set of uncertainty distributions for the",Historical operational data,high,10,Latin hypercube sampling,0,pdf,"r control [20], [21].t h ed r o techniques construct an ambiguity set of probability distribu- tions based on historical data, including all possible uncertainty distributions. thus, the dro can ensure that the operational constraints can be satisﬁed for any distributions in",,unassigned,0,P2 acceleration,0,,,Feasibility,high,9,_other,0,pdf,"203%) with ϵ =0 .1. however, when the violation rate ϵ increases from 0.05 to 0.1, theoretically, the risk of constraint violation will also become higher. the results indicate that there is a tradeoff between the maximization of cvr beneﬁt and the reliability of operational cons",no
Zhang20203731,2020,Two-Stage Optimal Operation Strategy of Isolated Microgrid with TSK Fuzzy Identification of Supply Security,yes,yes,RBF / kernel,high,47,PCE / RSM,0,abstract/keywords,"on isolated power system, it creates a supply-security identification model with the tsk fuzzy approach under radial basis function (rbf) neural network, and deduces optimal weight values with a recursive least square method. for properly avoiding potential risks, security index i",Transfer learning,high,8,Latin hypercube sampling,0,pdf,"dentiﬁcation of dynamic systems. a knowledge-leverage-based fuzzy system is discussed from the perspective of transfer learning in [21], which not only make full use of data from the current scene, but also effectively leverage the existing knowledge from reference scenes. in",,unassigned,0,P2 acceleration,0,,,Feasibility,high,8,_other,0,pdf,"2: initialize population set q and archive set b 3: g = 0, b = ∅, size = 0 4: while g<g max do 5: check total constraint violation 6: if violation > ϵ then 7: embedded constraint handling strategy 8: end if 9: gd based mutation operator 10: crossover operator 11: selection operat",no
Pourmohammadi2023,2023,Robust metamodel-based simulation-optimization approaches for designing hybrid renewable energy systems,yes,yes,PCE / RSM,high,41,GP / kriging,11,abstract/keywords,"the stochastic system do not have closed-form expressions, they can only be estimated via simulation. in the response surface methodology, the simulation input/output data is used first to locally fit first-degree surrogate functions for each supply scenario to perform a stochastic grad",Factorial / response-surface design,high,46,Historical operational data,10,abstract/keywords,"the stochastic system do not have closed-form expressions, they can only be estimated via simulation. in the response surface methodology, the simulation input/output data is used first to locally fit first-degree surrogate functions for each supply scenario to perform a stochastic grad",,unassigned,0,P2 acceleration,0,,,,unassigned,0,,0,,,no
Yang2024__2,2024,Data-driven robust optimization scheduling for microgrid day-ahead to intra-day operations based on renewable energy interval prediction,yes,yes,GP / kriging,high,81,Neural network,8,abstract/keywords,"based on historical power data of renewable energy, a multi-kernel covariance function is applied to improve gaussian process regression (gpr) for adaptively generating renewable energy power prediction intervals at various confidence levels and verifies the construction of",Historical operational data,high,18,Latin hypercube sampling,0,pdf,"subjectively predetermined target deviation factors. additionally, insufficient consideration is given to the historical data and distribution information of uncertain vari- ables, which actually disconnects the relationship between prediction and scheduling. currently, some",,unassigned,0,P2 acceleration,0,,,Stress test,high,11,_other,0,pdf,"n devices and ess within the microgrid during the intra-day phase. 5.6. model comparison and validation under extreme weather scenarios to verify the effectiveness of the proposed model in the paper in handling extreme weather scenarios, data from five days each of sunny, windy, and c",no
Venkatakrishnan2022,2022,Optimally manage the energy between electric vehicle charging stations and electricity distribution system: A hybrid technique,no,yes,RBF / kernel,high,30,PCE / RSM,0,abstract/keywords,lution. © 2021 john wiley & sons ltd. hybrid systems; matlab; optimization; power markets; privacy by design; radial basis function networks; electric vehicle charging; electricity distribution systems; global optimal solutions; integrated energy systems; matrix laboratories; oper,,unassigned,0,Quasi-Monte Carlo / sparse-grid collocation,0,,,,unassigned,0,P2 acceleration,0,,,,unassigned,0,,0,,,no
Uhrich2026211,2026,A Metamodeling Framework for Accelerated Energy Market Optimization Using Active Learning,no,yes,,unassigned,0,GP / kriging,0,,,Active learning,high,59,Latin hypercube sampling,0,title,a metamodeling framework for accelerated energy market optimization using active learning,,unassigned,0,P2 acceleration,0,,,Point metrics,high,42,_other,0,abstract/keywords,"s show that training on only twenty percent of the data reduces the computation time by more than 75%, with a relative error below 10%. these findings demonstrate the potential of metamodeling to enable efficient, high-resolution resource adequacy assessments in evolving en",no
Lu2025740,2025,Advanced Probabilistic Transient Stability Assessment for Operational Planning: A Physics-Informed Graphical Learning Approach,no,yes,,unassigned,0,GP / kriging,0,,,,unassigned,0,Quasi-Monte Carlo / sparse-grid collocation,0,,,,unassigned,0,P2 acceleration,0,,,,unassigned,0,,0,,,no
Franzoso2025,2025,Deep reinforcement learning as a tool for the analysis and optimization of energy flows in multi-energy systems,yes,yes,,unassigned,0,GP / kriging,0,,,,unassigned,0,Quasi-Monte Carlo / sparse-grid collocation,0,,,P3 solution proxy,high,40,P1 replacement,0,abstract/keywords,"lems and uncover non-obvious control solutions. this paper investigates the application of deep reinforcement learning to optimize a multi-energy system in the presence of high renewable energy source penetration. key energy conversion technologies, such as combined heat and powe",,unassigned,0,,0,,,no
Ren20252375,2025,Hybrid Model-Driven and Data-Driven Surrogate-Assisted Method for Transient Stability Preventive Control,no,yes,,unassigned,0,GP / kriging,0,,,,unassigned,0,Quasi-Monte Carlo / sparse-grid collocation,0,,,,unassigned,0,P2 acceleration,0,,,,unassigned,0,,0,,,no
Tian2025,2025,EDformer family: End-to-end multi-task load forecasting frameworks for day-ahead economic dispatch,no,yes,,unassigned,0,GP / kriging,0,,,,unassigned,0,Quasi-Monte Carlo / sparse-grid collocation,0,,,P3 solution proxy,high,33,P1 replacement,0,abstract/keywords,"etrics and actual ed costs through a customized loss function. furthermore, the proposed frameworks adopt the learning to optimize (l2o) technique, utilizing fully connected neural networks based on data transposition strategies to learn the mapping relationships, replacing conve",Point metrics,high,42,_other,0,abstract/keywords,"ime-series load forecasting. however, minimizing the commonly adopted forecasting accuracy metrics, e.g., the mean squared error (mse), cannot directly correspond to the fidelity of day-ahead ed. this misalignment for load forecasting limits the practical effectiveness of the e",no
Yang20251813,2025,Energy-efficient edge intelligence for task-dependency MEC power grid networks,no,yes,,unassigned,0,GP / kriging,0,,,,unassigned,0,Quasi-Monte Carlo / sparse-grid collocation,0,,,P3 solution proxy,high,30,P1 replacement,0,abstract/keywords,"nt and scheduling. to address these challenges, we propose a ddpg-based approach that leverages reinforcement learning to optimize the task scheduling and resource allocation in mec power grid networks, with a particular emphasis on task dependency. by modeling the mec network as",,unassigned,0,,0,,,no
Cestero2025,2025,Optimizing energy management of smart grid using reinforcement learning aided by surrogate models built using physics-informed neural networks,no,yes,Neural network,high,24,PCE / RSM,0,abstract/keywords,cement learnings; renewable energies; smart grid; smart grid control; surrogate modeling; alternative energy; artificial neural network; energy management; learning; smart grid; surrogate method; smart power grids,,unassigned,0,Quasi-Monte Carlo / sparse-grid collocation,0,,,,unassigned,0,P2 acceleration,0,,,,unassigned,0,,0,,,no
Prasad2025,2025,Active and Reactive Power Control in Three-Phase Grid-Connected Electric Vehicles using Zebra Optimization Algorithm and Multimodal Adaptive Spatio-Temporal Graph Neural Network,no,yes,Neural network,high,125,RBF / kernel,27,title,e grid-connected electric vehicles using zebra optimization algorithm and multimodal adaptive spatio-temporal graph neural network,,unassigned,0,Quasi-Monte Carlo / sparse-grid collocation,0,,,,unassigned,0,P2 acceleration,0,,,,unassigned,0,,0,,,no
Karantoumanis2025377,2025,Optimizing concentrated solar power plants using adaptive sampling-based derivative-free algorithms,no,yes,,unassigned,0,GP / kriging,0,,,Adaptive sampling,high,62,Latin hypercube sampling,0,title,optimizing concentrated solar power plants using adaptive sampling-based derivative-free algorithms,P2 acceleration,high,24,P1 replacement,0,abstract/keywords,ated solar power; costs; fuel additives; function evaluation; investments; optimization; solar concentrators; adaptive sampling; black-box optimization; concentrated solar power; derivative-free algorithm; derivative-free optimization; real-world system; sampling-based; solar power systems; surrogate modeling; solar energy,,unassigned,0,,0,,,no
Wang2024__2,2024,A method to bridge energy and process system optimization: Identifying the feasible operating space for a methanation process in power-to-gas energy systems,no,yes,,unassigned,0,GP / kriging,0,,,,unassigned,0,Quasi-Monte Carlo / sparse-grid collocation,0,,,,unassigned,0,P2 acceleration,0,,,,unassigned,0,,0,,,no
Moradi2024108,2024,Learning to optimize power allocation in cell-free massive MIMO networks with hybrid green energy,no,yes,,unassigned,0,GP / kriging,0,,,,unassigned,0,Quasi-Monte Carlo / sparse-grid collocation,0,,,P3 solution proxy,high,70,P1 replacement,0,title,learning to optimize power allocation in cell-free massive mimo networks with hybrid green energy,,unassigned,0,,0,,,no
Chi2024,2024,Hybrid model-data-driven dynamic VAR planning for wind-penetrated power system using spectral surrogate techniques,no,yes,,unassigned,0,GP / kriging,0,,,,unassigned,0,Quasi-Monte Carlo / sparse-grid collocation,0,,,,unassigned,0,P2 acceleration,0,,,,unassigned,0,,0,,,no
liang_high_2024,2024,High fidelity modeling of pumped storage units for optimal operation of a multi-energy co-generation system,yes,yes,,unassigned,0,GP / kriging,0,,,Historical operational data,high,8,Latin hypercube sampling,0,pdf,"tem prototyped in a place in gansu, china. the solar, wind power and electrical load data are chosen from the measured data of a typical day of summer in the area. the original data time scale is 1 h, which does not match the 15 min time scale studied in this paper, theref",,unassigned,0,P2 acceleration,0,,,,unassigned,0,,0,,,no
Rizqi2023,2023,Green energy mix modeling under supply uncertainty: Hybrid system dynamics and adaptive PSO approach,no,yes,,unassigned,0,GP / kriging,0,,,,unassigned,0,Quasi-Monte Carlo / sparse-grid collocation,0,,,P3 solution proxy,high,30,P1 replacement,0,abstract/keywords,"proposes a system dynamics framework integrated with adaptive particle swarm optimization (apso) and machine learning to optimize the energy mix under supply uncertainty. due to energy system dynamicity, the proposed framework considers not only supply, but also demand, energy s",,unassigned,0,,0,,,no
Chung2023,2023,MULTI-FIDELITY MODELING FOR DYNAMIC POWER CONTROL AND OPTIMIZATION OF NUCLEAR-RENEWABLE HYBRID ENERGY SYSTEMS,no,yes,GP / kriging,high,54,PCE / RSM,0,abstract/keywords,nested set of the low-fidelity model's input domain. the multi-fidelity surrogate model was trained using co-kriging method and the surrogate was tested on a synthesized example problem to validate its practicality in controlling a dynamic energy system. © 2023 amer,Multi-fidelity training,high,128,Latin hypercube sampling,0,abstract/keywords,n manage the power distribution between the grid and the industrial process. this study focuses on creating a multi-fidelity model to predict the appropriate control state for satisfying each demand on the given timescale of the nuclear renewable hes. a high-fidelity model,,unassigned,0,P2 acceleration,0,,,,unassigned,0,,0,,,no
Chen2022__2,2022,OPTIMIZATION OF CORE PARAMETERS BASED ON ARTIFICIAL NEURAL NETWORK SURROGATE MODEL,no,yes,Neural network,high,136,PCE / RSM,0,abstract/keywords,"the methodology of artificial intelligence (ai), particularly artificial neural network (ann), would be in favor of nuclear energy system development. these ann simulators may provide more efficient means than the traditional nuclear des",,unassigned,0,Quasi-Monte Carlo / sparse-grid collocation,0,,,,unassigned,0,P2 acceleration,0,,,,unassigned,0,,0,,,no
Van Acker2022,2022,General polynomial chaos in the current–voltage formulation of the optimal power flow problem,yes,yes,PCE / RSM,high,41,GP / kriging,0,abstract/keywords,"block for many applications in network operations and planning. this paper discusses the treatment of general polynomial chaos expansion for the current–voltage formulation of the optimal power flow problem. the power flow equations of the current–voltage formulation are linear, making",,unassigned,0,Quasi-Monte Carlo / sparse-grid collocation,0,,,,unassigned,0,P2 acceleration,0,,,Problem UQ,high,16,_other,0,pdf,"text books, for instance: ‘‘numerical methods for stochastic computations’’ by xiu [10] or ‘‘introduction to uncertainty quantification’’ by sullivan [11]. compared to monte-carlo-based, i.e., scenario-based, stochastic op- timization, the primary advantage of gpc is its ability to ac",no
Yang2022,2022,Bayesian optimization for effective thermal conductivity measurement of thermal energy storage: An experimental and numerical approach,no,yes,GP / kriging,high,27,PCE / RSM,0,abstract/keywords,"for the plate-type thermal energy storage. after a thorough algorithm comparison, bayesian optimization using gaussian process was selected to search for the effective thermal conductivities with high accuracy (root mean square error < 2 k and r-squared between 0.975 and 0.99",Active learning,high,62,Latin hypercube sampling,0,title,bayesian optimization for effective thermal conductivity measurement of thermal energy storage: an experimental and numerical approach,P2 acceleration,high,62,P1 replacement,0,title,bayesian optimization for effective thermal conductivity measurement of thermal energy storage: an experimental and numerical approach,Point metrics,high,21,_other,0,abstract/keywords,ected to search for the effective thermal conductivities with high accuracy (root mean square error < 2 k and r-squared between 0.975 and 0.992). the effective thermal conductivities measured using deionized water as the phase change material were validated by a comsol,yes
Dong2022197,2022,Surrogate-Assisted Cooperation Control of Network-Connected Doubly Fed Induction Generator Wind Farm with Maximized Reactive Power Capacity,no,yes,,unassigned,0,GP / kriging,0,,,,unassigned,0,Quasi-Monte Carlo / sparse-grid collocation,0,,,,unassigned,0,P2 acceleration,0,,,,unassigned,0,,0,,,no
Lei2022,2022,Data-driven assisted chance-constrained energy and reserve scheduling with wind curtailment,no,yes,,unassigned,0,GP / kriging,0,,,,unassigned,0,Quasi-Monte Carlo / sparse-grid collocation,0,,,,unassigned,0,P2 acceleration,0,,,,unassigned,0,,0,,,no
Xiao2021717,2021,Energy Efficiency Modeling for Configuration-Dependent Machining via Machine Learning: A Comparative Study,no,yes,GP / kriging,high,60,RBF / kernel,30,abstract/keywords,"ting tools. three traditional ml algorithms, i.e., artificial neural networks, support vector regression, and gaussian process regression, are evaluated with the help of five error metrics. in case 2, we construct the models in a more realistic situation that considers the dy",,unassigned,0,Quasi-Monte Carlo / sparse-grid collocation,0,,,,unassigned,0,P2 acceleration,0,,,Point metrics,high,21,_other,0,abstract/keywords,"ollected in a shop floor, a comparative study for two different cases is conducted with a particular focus on prediction accuracy, stability, and computational efficiency. in case 1, only cross-sectional data are used to predict energy efficiency, ignoring the deterioration of s",no
Guo202115024,2021,An Alternative Learning-Based Approach for Economic Dispatch in Smart Grid,yes,yes,Neural network,high,34,PCE / RSM,0,abstract/keywords,"relationship. with the help of traditional ed optimization algorithms to obtain the ground truth, we employ a deep neural network (dnn) to learn the ed optimization strategy and use it for online ed. in particular, our main contribution in this article is to theoretically show t",,unassigned,0,Quasi-Monte Carlo / sparse-grid collocation,0,,,P3 solution proxy,high,12,P1 replacement,0,pdf,"f our proposed method. index terms —λ-iteration algorithm, deep neural network (dnn), economic dispatch (ed), learning to optimize, smart grid. i. i ntroduction f or decades, smart grid, as an enhancement of traditional power system, has attracted the attention of many researcher",Point metrics,high,9,_other,0,pdf,"oach the ground truth {p ∗ i (k)}n i=1. the loss function provided to the optimizer is the mean square error (mse) between the ground truth and dnn’s output, i.e., e(/theta1) = ∑ k n∑ i=1   ˆp ∗ i (k)( p(k) d ,/theta1 ) − p∗ i (k)   2 (12) where ˆp∗ i (k) (",no
García-Nieto20216627,2021,A new hybrid model to foretell thermal power efficiency from energy performance certificates at residential dwellings applying a Gaussian process regression,no,yes,GP / kriging,high,132,PCE / RSM,0,title,to foretell thermal power efficiency from energy performance certificates at residential dwellings applying a gaussian process regression,,unassigned,0,Quasi-Monte Carlo / sparse-grid collocation,0,,,,unassigned,0,P2 acceleration,0,,,Point metrics,high,24,_other,0,abstract/keywords,"gs. the second result refers to the statement that we can predict successfully the tpe by using this model. a coefficient of determination equal to 0.9687 was thus established in order to predict the tpe from the observed data, using the gpr approach in combination with the differential",no
Lin2021,2021,A Novel Hybrid Models Based on Gaussian Process Regression for Short-Term Wind Power Forecasting,no,yes,GP / kriging,high,132,Neural network,24,title,a novel hybrid models based on gaussian process regression for short-term wind power forecasting,Active learning,high,24,Latin hypercube sampling,0,abstract/keywords,"ptimized by an improved whale optimization algorithm (iwoa) and a long-short time memory (lstm) improved by a bayesian optimization algorithm (bo) as two base models to predict wind power time series, respectively. a gaussian process regression (gpr) model is used to combine the i",P2 acceleration,high,24,P1 replacement,0,abstract/keywords,"ptimized by an improved whale optimization algorithm (iwoa) and a long-short time memory (lstm) improved by a bayesian optimization algorithm (bo) as two base models to predict wind power time series, respectively. a gaussian process regression (gpr) model is used to combine the i",,unassigned,0,,0,,,no
Xu20203127,2020,An efficient multifidelity model for assessing risk probabilities in power systems under rare events,no,yes,PCE / RSM,high,27,GP / kriging,0,abstract/keywords,monte carlo methods; stochastic models; stochastic systems; computational accuracy; multi-fidelity modeling; polynomial chaos expansion; power system failures; power system model; probabilistic power flow; risk probabilities; system risk assessment; risk assessment,Multi-fidelity training,high,45,Latin hypercube sampling,0,abstract/keywords,ic power system planning; monte carlo methods; stochastic models; stochastic systems; computational accuracy; multi-fidelity modeling; polynomial chaos expansion; power system failures; power system model; probabilistic power flow; risk probabilities; system risk assessment,,unassigned,0,P2 acceleration,0,,,,unassigned,0,,0,,,no
Goudarzi2017667,2017,Smart real-time scheduling of generating units in an electricity market considering environmental aspects and physical constraints of generators,yes,yes,RBF / kernel,high,88,PCE / RSM,0,abstract/keywords,the prediction errors during the training process to enhance the precision and reliability of the results. a radial basis function (rbf) and the proposed lssvm-ca3 were used to check the convergence process. a high accuracy of generator schedule predictions are demonstrated by co,Historical operational data,high,10,Latin hypercube sampling,0,pdf,e the ability to learn the behavior of the power grid through the online observation of the system or through historical data. the anns are then able to predict the possible solutions for the objective function. an enhanced augmented lagrange hopﬁeld neural network (alhn) is,P4 decomposition,high,10,P1 replacement,0,pdf,mixture of the system [7]. niknam et al. [8] proposed a new mathematical solution for the uc problem based on benders decomposition where the solution divides the uc into a master problem and a sub-problem. they have tried to solve the master problem with help of the mixed inte- g,Point metrics,high,97,_other,0,pdf,sh-kuhn-tucker lssvm least square support vector machine mse mean squared error mae mean absolute error nrmse normalized root mean squared error rbf radial basis function rmse root mean squared error pf penalization factor ppf price penalty factor poz prohibited operating zone svm support vect,yes
