time,station,ff,dd,ffx,p
2025-01-01T00:00+00:00,5925,2.9,180,6.4,1008.8
2025-01-01T01:00+00:00,5925,3.2,183,6.5,1008.5
2025-01-01T02:00+00:00,5925,2.7,169,5.7,1008.1
2025-01-01T03:00+00:00,5925,2.8,185,5.7,1007.8
2025-01-01T04:00+00:00,5925,2.8,188,6.1,1007.7
2025-01-01T05:00+00:00,5925,2.7,188,6.1,1007.6
2025-01-01T06:00+00:00,5925,2.9,180,6.5,1007.5
2025-01-01T07:00+00:00,5925,2.6,177,5.5,1007.6
2025-01-01T08:00+00:00,5925,3.3,178,6.5,1007.6
2025-01-01T09:00+00:00,5925,3.5,183,7.5,1007.5
2025-01-01T10:00+00:00,5925,3.9,183,7.7,1007.4
2025-01-01T11:00+00:00,5925,3.3,171,6.5,1006.6
2025-01-01T12:00+00:00,5925,3.4,170,5.9,1005.5
2025-01-01T13:00+00:00,5925,3.6,179,6.8,1004.7
2025-01-01T14:00+00:00,5925,4.0,173,7.5,1004.3
2025-01-01T15:00+00:00,5925,3.7,178,7.0,1004.1
2025-01-01T16:00+00:00,5925,3.9,179,7.7,1003.7
2025-01-01T17:00+00:00,5925,4.2,172,8.0,1003.1
2025-01-01T18:00+00:00,5925,4.2,181,8.1,1002.9
2025-01-01T19:00+00:00,5925,4.3,183,9.1,1002.5
2025-01-01T20:00+00:00,5925,3.6,177,8.8,1002.2
2025-01-01T21:00+00:00,5925,3.9,179,7.1,1001.9
2025-01-01T22:00+00:00,5925,3.9,177,8.2,1001.1
2025-01-01T23:00+00:00,5925,4.0,180,8.3,1000.4
2025-01-02T00:00+00:00,5925,4.2,173,9.9,999.9
2025-01-02T01:00+00:00,5925,3.2,177,6.7,999.3
2025-01-02T02:00+00:00,5925,3.3,184,6.9,998.6
2025-01-02T03:00+00:00,5925,3.2,182,7.4,997.8
2025-01-02T04:00+00:00,5925,4.0,180,7.7,996.9
2025-01-02T05:00+00:00,5925,4.1,174,7.1,996.5
2025-01-02T06:00+00:00,5925,3.6,181,7.2,995.9
2025-01-02T07:00+00:00,5925,3.8,181,6.6,995.3
2025-01-02T08:00+00:00,5925,3.0,180,6.0,994.9
2025-01-02T09:00+00:00,5925,2.2,194,5.2,995.5
2025-01-02T10:00+00:00,5925,2.2,185,4.0,995.1
2025-01-02T11:00+00:00,5925,2.3,186,4.6,993.5
2025-01-02T12:00+00:00,5925,2.5,185,5.5,992.3
2025-01-02T13:00+00:00,5925,3.5,194,6.5,991.2
2025-01-02T14:00+00:00,5925,3.3,188,6.5,990.8
2025-01-02T15:00+00:00,5925,2.6,195,5.4,990.1
2025-01-02T16:00+00:00,5925,1.8,188,4.3,989.7
2025-01-02T17:00+00:00,5925,2.5,193,5.8,989.3
2025-01-02T18:00+00:00,5925,0.8,134,4.2,989.5
2025-01-02T19:00+00:00,5925,2.0,44,3.9,989.5
2025-01-02T20:00+00:00,5925,1.3,79,3.3,989.2
2025-01-02T21:00+00:00,5925,1.6,64,7.7,989.8
2025-01-02T22:00+00:00,5925,2.7,344,7.3,991.2
2025-01-02T23:00+00:00,5925,3.5,316,7.5,992.0
2025-01-03T00:00+00:00,5925,3.4,310,6.7,992.4
2025-01-03T01:00+00:00,5925,3.0,321,6.4,993.1
2025-01-03T02:00+00:00,5925,2.0,274,6.8,993.5
2025-01-03T03:00+00:00,5925,2.7,308,5.9,993.6
2025-01-03T04:00+00:00,5925,4.1,309,10.0,994.3
2025-01-03T05:00+00:00,5925,5.4,310,11.4,994.3
2025-01-03T06:00+00:00,5925,3.4,299,7.8,994.6
2025-01-03T07:00+00:00,5925,3.7,294,9.8,995.1
2025-01-03T08:00+00:00,5925,4.7,286,10.6,995.6
2025-01-03T09:00+00:00,5925,5.8,281,11.9,996.2
2025-01-03T10:00+00:00,5925,4.4,265,11.3,996.0
2025-01-03T11:00+00:00,5925,5.3,268,13.3,995.8
2025-01-03T12:00+00:00,5925,6.9,280,15.1,995.3
2025-01-03T13:00+00:00,5925,6.6,286,15.0,995.4
2025-01-03T14:00+00:00,5925,6.4,285,13.5,995.4
2025-01-03T15:00+00:00,5925,6.7,280,14.8,995.7
2025-01-03T16:00+00:00,5925,5.1,266,13.1,995.7
2025-01-03T17:00+00:00,5925,4.1,267,13.2,995.9
2025-01-03T18:00+00:00,5925,5.5,263,12.7,996.2
2025-01-03T19:00+00:00,5925,5.4,266,14.0,996.5
2025-01-03T20:00+00:00,5925,4.1,256,10.2,996.8
2025-01-03T21:00+00:00,5925,3.9,260,10.1,997.4
2025-01-03T22:00+00:00,5925,4.5,265,11.4,997.6
2025-01-03T23:00+00:00,5925,6.2,270,18.3,997.8
2025-01-04T00:00+00:00,5925,6.5,266,17.3,998.1
2025-01-04T01:00+00:00,5925,6.4,270,15.5,998.9
2025-01-04T02:00+00:00,5925,6.4,275,14.8,999.1
2025-01-04T03:00+00:00,5925,5.9,273,13.4,999.3
2025-01-04T04:00+00:00,5925,4.9,277,10.2,999.7
2025-01-04T05:00+00:00,5925,4.0,275,10.2,1000.5
2025-01-04T06:00+00:00,5925,4.7,280,10.6,1001.0
2025-01-04T07:00+00:00,5925,2.6,270,7.8,1001.5
2025-01-04T08:00+00:00,5925,2.5,268,7.2,1002.0
2025-01-04T09:00+00:00,5925,3.0,263,7.6,1002.5
2025-01-04T10:00+00:00,5925,3.2,264,8.0,1002.4
2025-01-04T11:00+00:00,5925,3.0,285,7.8,1002.0
2025-01-04T12:00+00:00,5925,3.1,247,7.2,1001.8
2025-01-04T13:00+00:00,5925,2.3,257,6.6,1000.7
2025-01-04T14:00+00:00,5925,2.1,295,5.2,1000.7
2025-01-04T15:00+00:00,5925,0.9,315,4.0,1000.2
2025-01-04T16:00+00:00,5925,2.4,127,5.3,999.7
2025-01-04T17:00+00:00,5925,2.6,131,5.6,999.2
2025-01-04T18:00+00:00,5925,3.1,118,6.9,998.6
2025-01-04T19:00+00:00,5925,2.8,113,6.6,997.9
2025-01-04T20:00+00:00,5925,1.8,109,4.1,997.3
2025-01-04T21:00+00:00,5925,1.3,102,3.5,996.5
2025-01-04T22:00+00:00,5925,1.7,106,3.5,996.0
2025-01-04T23:00+00:00,5925,1.3,133,3.6,995.3
2025-01-05T00:00+00:00,5925,1.4,132,3.2,994.9
2025-01-05T01:00+00:00,5925,1.3,128,3.1,994.9
2025-01-05T02:00+00:00,5925,1.1,120,3.0,994.4
2025-01-05T03:00+00:00,5925,1.3,124,3.2,993.8
2025-01-05T04:00+00:00,5925,1.7,135,3.3,993.2
2025-01-05T05:00+00:00,5925,1.7,135,3.3,992.7
2025-01-05T06:00+00:00,5925,1.8,141,3.8,992.5
2025-01-05T07:00+00:00,5925,1.9,141,4.5,992.3
2025-01-05T08:00+00:00,5925,2.3,124,5.5,991.8
2025-01-05T09:00+00:00,5925,2.9,130,6.6,991.3
2025-01-05T10:00+00:00,5925,3.7,132,7.7,990.7
2025-01-05T11:00+00:00,5925,3.6,130,7.9,989.8
2025-01-05T12:00+00:00,5925,3.6,140,7.8,988.9
2025-01-05T13:00+00:00,5925,2.9,140,6.1,987.9
2025-01-05T14:00+00:00,5925,2.4,130,5.9,987.6
2025-01-05T15:00+00:00,5925,2.0,124,4.9,987.7
2025-01-05T16:00+00:00,5925,2.4,141,6.0,987.4
2025-01-05T17:00+00:00,5925,2.3,138,5.0,987.4
2025-01-05T18:00+00:00,5925,2.5,135,4.9,986.9
2025-01-05T19:00+00:00,5925,2.0,152,5.2,986.8
2025-01-05T20:00+00:00,5925,1.7,161,4.0,986.3
2025-01-05T21:00+00:00,5925,2.1,136,4.0,985.9
2025-01-05T22:00+00:00,5925,2.3,143,4.6,985.4
2025-01-05T23:00+00:00,5925,2.4,142,5.5,984.8
2025-01-06T00:00+00:00,5925,2.5,142,5.0,984.5
2025-01-06T01:00+00:00,5925,2.7,148,6.1,984.0
2025-01-06T02:00+00:00,5925,3.0,152,5.6,983.3
2025-01-06T03:00+00:00,5925,2.2,141,5.1,982.9
2025-01-06T04:00+00:00,5925,1.3,148,4.3,982.3
2025-01-06T05:00+00:00,5925,0.9,57,2.7,982.0
2025-01-06T06:00+00:00,5925,1.0,137,3.3,981.8
2025-01-06T07:00+00:00,5925,0.5,355,2.6,981.6
2025-01-06T08:00+00:00,5925,0.6,359,2.9,981.2
2025-01-06T09:00+00:00,5925,1.5,343,4.1,981.2
2025-01-06T10:00+00:00,5925,1.5,333,4.4,980.5
2025-01-06T11:00+00:00,5925,1.6,317,4.1,980.2
2025-01-06T12:00+00:00,5925,0.6,296,3.6,979.5
2025-01-06T13:00+00:00,5925,2.1,234,4.7,979.2
2025-01-06T14:00+00:00,5925,1.5,297,5.3,980.2
2025-01-06T15:00+00:00,5925,1.6,255,5.4,980.8
2025-01-06T16:00+00:00,5925,2.3,238,4.9,981.3
2025-01-06T17:00+00:00,5925,1.9,247,4.9,981.8
2025-01-06T18:00+00:00,5925,0.9,232,3.1,982.2
2025-01-06T19:00+00:00,5925,0.7,189,2.8,982.2
2025-01-06T20:00+00:00,5925,0.5,190,2.3,982.2
2025-01-06T21:00+00:00,5925,0.7,191,2.6,982.0
2025-01-06T22:00+00:00,5925,0.8,99,2.5,982.1
2025-01-06T23:00+00:00,5925,1.0,12,4.1,982.3
2025-01-07T00:00+00:00,5925,1.7,320,3.8,982.1
2025-01-07T01:00+00:00,5925,1.6,264,4.4,983.2
2025-01-07T02:00+00:00,5925,2.7,275,7.4,983.6
2025-01-07T03:00+00:00,5925,2.6,244,5.8,984.2
2025-01-07T04:00+00:00,5925,2.9,221,4.8,984.6
2025-01-07T05:00+00:00,5925,0.6,195,3.8,985.2
2025-01-07T06:00+00:00,5925,1.1,76,3.4,985.8
2025-01-07T07:00+00:00,5925,1.4,32,3.9,986.0
2025-01-07T08:00+00:00,5925,2.1,57,4.2,986.7
2025-01-07T09:00+00:00,5925,1.9,60,3.5,987.1
2025-01-07T10:00+00:00,5925,0.5,338,5.4,987.3
2025-01-07T11:00+00:00,5925,4.0,274,11.1,987.1
2025-01-07T12:00+00:00,5925,5.4,275,12.1,987.1
2025-01-07T13:00+00:00,5925,4.3,270,10.7,987.0
2025-01-07T14:00+00:00,5925,2.6,280,7.6,987.1
2025-01-07T15:00+00:00,5925,2.4,262,8.1,987.5
2025-01-07T16:00+00:00,5925,2.4,198,6.4,987.3
2025-01-07T17:00+00:00,5925,0.5,136,3.0,987.7
2025-01-07T18:00+00:00,5925,1.1,109,2.7,988.0
2025-01-07T19:00+00:00,5925,0.4,98,2.2,988.8
2025-01-07T20:00+00:00,5925,1.1,182,4.4,989.0
2025-01-07T21:00+00:00,5925,1.7,248,6.0,989.7
2025-01-07T22:00+00:00,5925,2.3,244,7.0,989.6
2025-01-07T23:00+00:00,5925,2.2,200,6.1,989.8
2025-01-08T00:00+00:00,5925,2.4,195,4.0,989.8
2025-01-08T01:00+00:00,5925,1.8,203,3.3,990.0
2025-01-08T02:00+00:00,5925,1.7,205,4.3,989.3
2025-01-08T03:00+00:00,5925,2.5,183,7.7,988.5
2025-01-08T04:00+00:00,5925,3.3,186,8.6,987.7
2025-01-08T05:00+00:00,5925,5.0,182,9.7,986.5
2025-01-08T06:00+00:00,5925,4.5,179,8.2,986.5
2025-01-08T07:00+00:00,5925,5.3,172,11.6,986.5
2025-01-08T08:00+00:00,5925,3.5,176,10.0,986.7
2025-01-08T09:00+00:00,5925,2.9,187,7.1,986.8
2025-01-08T10:00+00:00,5925,2.2,204,6.7,986.9
2025-01-08T11:00+00:00,5925,0.6,221,7.6,986.8
2025-01-08T12:00+00:00,5925,3.1,295,8.1,986.6
2025-01-08T13:00+00:00,5925,4.0,295,10.0,986.9
2025-01-08T14:00+00:00,5925,3.4,287,9.6,987.7
2025-01-08T15:00+00:00,5925,2.0,318,5.4,988.2
2025-01-08T16:00+00:00,5925,2.7,344,7.1,988.9
2025-01-08T17:00+00:00,5925,2.2,328,5.5,989.1
2025-01-08T18:00+00:00,5925,1.5,3,4.5,989.2
2025-01-08T19:00+00:00,5925,1.4,40,3.7,989.7
2025-01-08T20:00+00:00,5925,1.5,105,3.8,988.7
2025-01-08T21:00+00:00,5925,1.6,149,6.3,988.6
2025-01-08T22:00+00:00,5925,2.1,172,4.2,987.4
2025-01-08T23:00+00:00,5925,1.9,164,5.1,986.7
2025-01-09T00:00+00:00,5925,2.8,172,5.6,985.9
2025-01-09T01:00+00:00,5925,2.0,160,5.1,985.6
2025-01-09T02:00+00:00,5925,0.8,87,2.2,985.1
2025-01-09T03:00+00:00,5925,1.4,44,3.7,984.1
2025-01-09T04:00+00:00,5925,1.4,342,4.5,983.6
2025-01-09T05:00+00:00,5925,1.9,327,4.8,983.7
2025-01-09T06:00+00:00,5925,2.1,320,5.1,984.6
2025-01-09T07:00+00:00,5925,2.0,272,6.3,986.2
2025-01-09T08:00+00:00,5925,1.8,245,5.2,985.8
2025-01-09T09:00+00:00,5925,1.3,222,3.1,985.6
2025-01-09T10:00+00:00,5925,1.7,187,4.4,985.8
2025-01-09T11:00+00:00,5925,1.5,181,4.8,984.9
2025-01-09T12:00+00:00,5925,0.5,99,1.9,983.5
2025-01-09T13:00+00:00,5925,1.4,62,3.4,982.6
2025-01-09T14:00+00:00,5925,1.4,47,2.9,981.5
2025-01-09T15:00+00:00,5925,0.7,76,3.5,980.5
2025-01-09T16:00+00:00,5925,0.6,182,2.2,979.9
2025-01-09T17:00+00:00,5925,1.3,211,2.9,979.2
2025-01-09T18:00+00:00,5925,1.0,217,2.8,978.5
2025-01-09T19:00+00:00,5925,0.5,247,3.3,978.0
2025-01-09T20:00+00:00,5925,0.6,229,3.7,978.1
2025-01-09T21:00+00:00,5925,1.7,225,4.2,979.5
2025-01-09T22:00+00:00,5925,7.0,272,21.4,983.0
2025-01-09T23:00+00:00,5925,10.8,272,27.3,982.7
2025-01-10T00:00+00:00,5925,13.4,271,30.0,985.7
2025-01-10T01:00+00:00,5925,8.9,289,27.0,989.7
2025-01-10T02:00+00:00,5925,7.6,294,17.5,990.0
2025-01-10T03:00+00:00,5925,7.2,297,15.7,990.4
2025-01-10T04:00+00:00,5925,5.4,307,13.7,991.8
2025-01-10T05:00+00:00,5925,4.8,290,12.0,992.0
2025-01-10T06:00+00:00,5925,5.3,292,11.2,992.9
2025-01-10T07:00+00:00,5925,6.2,288,13.9,993.8
2025-01-10T08:00+00:00,5925,6.1,287,12.4,994.8
2025-01-10T09:00+00:00,5925,6.6,287,14.5,995.2
2025-01-10T10:00+00:00,5925,8.4,281,16.2,994.8
2025-01-10T11:00+00:00,5925,7.2,282,17.7,994.9
2025-01-10T12:00+00:00,5925,8.2,277,17.1,995.2
2025-01-10T13:00+00:00,5925,6.4,275,15.4,995.3
2025-01-10T14:00+00:00,5925,5.8,274,14.8,995.5
2025-01-10T15:00+00:00,5925,7.3,275,15.1,995.7
2025-01-10T16:00+00:00,5925,6.4,277,13.5,995.7
2025-01-10T17:00+00:00,5925,4.5,272,11.3,996.5
2025-01-10T18:00+00:00,5925,4.4,277,12.0,996.8
2025-01-10T19:00+00:00,5925,3.5,277,10.0,996.7
2025-01-10T20:00+00:00,5925,2.7,265,7.5,996.8
2025-01-10T21:00+00:00,5925,3.6,283,10.4,996.5
2025-01-10T22:00+00:00,5925,3.6,274,9.5,996.4
2025-01-10T23:00+00:00,5925,5.1,278,11.0,996.4
2025-01-11T00:00+00:00,5925,5.3,280,10.5,996.3
2025-01-11T01:00+00:00,5925,5.0,276,9.4,996.3
2025-01-11T02:00+00:00,5925,4.9,274,10.3,996.5
2025-01-11T03:00+00:00,5925,3.8,274,8.2,996.3
2025-01-11T04:00+00:00,5925,3.4,270,9.3,996.2
2025-01-11T05:00+00:00,5925,3.8,256,9.5,996.2
2025-01-11T06:00+00:00,5925,4.3,254,9.9,996.3
2025-01-11T07:00+00:00,5925,3.8,256,9.7,996.5
2025-01-11T08:00+00:00,5925,4.5,256,11.0,996.8
2025-01-11T09:00+00:00,5925,4.8,255,12.8,997.5
2025-01-11T10:00+00:00,5925,5.4,257,11.9,997.7
2025-01-11T11:00+00:00,5925,5.8,261,14.3,996.9
2025-01-11T12:00+00:00,5925,6.3,258,15.6,996.6
2025-01-11T13:00+00:00,5925,6.7,260,14.3,996.5
2025-01-11T14:00+00:00,5925,7.4,268,15.7,996.7
2025-01-11T15:00+00:00,5925,7.6,272,17.1,997.1
2025-01-11T16:00+00:00,5925,7.4,276,16.4,997.7
2025-01-11T17:00+00:00,5925,7.5,282,16.6,998.0
2025-01-11T18:00+00:00,5925,7.9,281,16.9,998.2
2025-01-11T19:00+00:00,5925,8.3,280,17.6,998.4
2025-01-11T20:00+00:00,5925,8.0,281,18.0,998.8
2025-01-11T21:00+00:00,5925,8.4,284,17.5,999.0
2025-01-11T22:00+00:00,5925,9.1,283,18.0,999.1
2025-01-11T23:00+00:00,5925,8.3,283,17.0,999.8
2025-01-12T00:00+00:00,5925,8.4,284,16.7,1000.4
2025-01-12T01:00+00:00,5925,8.9,284,18.9,1000.8
2025-01-12T02:00+00:00,5925,8.1,283,17.6,1001.4
2025-01-12T03:00+00:00,5925,7.9,287,18.0,1002.1
2025-01-12T04:00+00:00,5925,7.7,291,15.3,1002.4
2025-01-12T05:00+00:00,5925,7.2,291,14.5,1002.9
2025-01-12T06:00+00:00,5925,6.9,291,13.2,1003.5
2025-01-12T07:00+00:00,5925,6.4,290,14.0,1004.2
2025-01-12T08:00+00:00,5925,7.3,299,15.6,1005.4
2025-01-12T09:00+00:00,5925,7.2,300,15.0,1006.3
2025-01-12T10:00+00:00,5925,7.0,304,16.7,1006.7
2025-01-12T11:00+00:00,5925,8.1,309,17.5,1006.6
2025-01-12T12:00+00:00,5925,7.9,307,17.0,1007.1
2025-01-12T13:00+00:00,5925,7.4,309,17.8,1007.4
2025-01-12T14:00+00:00,5925,6.5,310,15.2,1007.7
2025-01-12T15:00+00:00,5925,7.5,312,16.6,1008.5
2025-01-12T16:00+00:00,5925,6.9,316,16.0,1009.5
2025-01-12T17:00+00:00,5925,6.0,320,16.6,1010.4
2025-01-12T18:00+00:00,5925,6.1,324,13.4,1011.3
2025-01-12T19:00+00:00,5925,6.8,326,18.1,1012.0
2025-01-12T20:00+00:00,5925,6.8,323,16.1,1013.0
2025-01-12T21:00+00:00,5925,6.1,320,14.2,1013.6
2025-01-12T22:00+00:00,5925,7.2,312,14.4,1014.2
2025-01-12T23:00+00:00,5925,6.5,310,13.8,1014.9
2025-01-13T00:00+00:00,5925,5.8,315,13.6,1015.2
2025-01-13T01:00+00:00,5925,6.9,310,15.9,1015.3
2025-01-13T02:00+00:00,5925,5.9,310,12.6,1015.7
2025-01-13T03:00+00:00,5925,6.3,305,13.2,1015.5
2025-01-13T04:00+00:00,5925,7.3,303,15.0,1015.7
2025-01-13T05:00+00:00,5925,7.6,303,14.7,1015.7
2025-01-13T06:00+00:00,5925,7.1,302,14.7,1016.3
2025-01-13T07:00+00:00,5925,6.5,305,13.0,1016.9
2025-01-13T08:00+00:00,5925,5.5,312,11.0,1017.5
2025-01-13T09:00+00:00,5925,4.8,313,11.3,1018.6
2025-01-13T10:00+00:00,5925,4.5,325,10.3,1018.7
2025-01-13T11:00+00:00,5925,5.4,328,9.9,1018.7
2025-01-13T12:00+00:00,5925,5.0,327,10.2,1018.8
2025-01-13T13:00+00:00,5925,5.1,327,10.7,1018.8
2025-01-13T14:00+00:00,5925,4.4,330,9.6,1018.9
2025-01-13T15:00+00:00,5925,3.9,326,9.0,1019.1
2025-01-13T16:00+00:00,5925,3.8,325,8.8,1019.1
2025-01-13T17:00+00:00,5925,4.0,326,7.4,1019.0
2025-01-13T18:00+00:00,5925,3.6,326,6.7,1019.3
2025-01-13T19:00+00:00,5925,3.8,327,7.0,1019.3
2025-01-13T20:00+00:00,5925,3.5,325,7.2,1019.7
2025-01-13T21:00+00:00,5925,2.9,322,6.3,1019.6
2025-01-13T22:00+00:00,5925,2.4,310,5.5,1019.3
2025-01-13T23:00+00:00,5925,1.9,291,4.5,1018.8
2025-01-14T00:00+00:00,5925,1.8,304,4.3,1018.5
2025-01-14T01:00+00:00,5925,1.3,307,3.7,1018.1
2025-01-14T02:00+00:00,5925,1.2,282,3.2,1017.9
2025-01-14T03:00+00:00,5925,1.1,241,2.8,1017.4
2025-01-14T04:00+00:00,5925,1.7,220,2.9,1016.8
2025-01-14T05:00+00:00,5925,1.8,217,3.3,1016.4
2025-01-14T06:00+00:00,5925,1.3,210,2.3,1016.7
2025-01-14T07:00+00:00,5925,1.6,214,2.9,1016.7
2025-01-14T08:00+00:00,5925,1.6,205,3.2,1016.5
2025-01-14T09:00+00:00,5925,1.5,216,3.6,1016.5
2025-01-14T10:00+00:00,5925,1.2,187,3.4,1015.8
2025-01-14T11:00+00:00,5925,1.3,184,3.7,1015.3
2025-01-14T12:00+00:00,5925,1.1,157,3.2,1014.3
2025-01-14T13:00+00:00,5925,2.3,164,5.8,1013.5
2025-01-14T14:00+00:00,5925,1.5,185,4.7,1012.6
2025-01-14T15:00+00:00,5925,2.0,172,4.3,1012.1
2025-01-14T16:00+00:00,5925,1.6,177,3.8,1011.9
2025-01-14T17:00+00:00,5925,2.2,177,3.9,1011.3
2025-01-14T18:00+00:00,5925,2.1,156,5.0,1010.7
2025-01-14T19:00+00:00,5925,1.5,183,3.5,1010.2
2025-01-14T20:00+00:00,5925,1.2,212,3.2,1009.7
2025-01-14T21:00+00:00,5925,1.7,214,3.2,1009.2
2025-01-14T22:00+00:00,5925,1.4,231,3.0,1008.4
2025-01-14T23:00+00:00,5925,1.7,216,2.9,1007.4
2025-01-15T00:00+00:00,5925,1.6,214,3.0,1006.5
2025-01-15T01:00+00:00,5925,1.2,203,2.6,1005.7
2025-01-15T02:00+00:00,5925,1.6,317,6.8,1005.4
2025-01-15T03:00+00:00,5925,5.1,295,12.2,1005.3
2025-01-15T04:00+00:00,5925,4.3,288,11.3,1005.3
2025-01-15T05:00+00:00,5925,5.2,277,12.1,1004.7
2025-01-15T06:00+00:00,5925,6.4,282,13.2,1004.4
2025-01-15T07:00+00:00,5925,7.3,288,14.2,1005.1
2025-01-15T08:00+00:00,5925,5.4,287,10.9,1005.5
2025-01-15T09:00+00:00,5925,5.3,288,10.9,1005.8
2025-01-15T10:00+00:00,5925,4.9,282,10.3,1005.8
2025-01-15T11:00+00:00,5925,4.3,282,11.0,1005.8
2025-01-15T12:00+00:00,5925,5.6,289,11.0,1006.0
2025-01-15T13:00+00:00,5925,5.1,289,10.1,1006.0
2025-01-15T14:00+00:00,5925,5.2,290,10.4,1005.9
2025-01-15T15:00+00:00,5925,4.7,292,10.4,1006.7
2025-01-15T16:00+00:00,5925,5.0,295,9.4,1007.3
2025-01-15T17:00+00:00,5925,4.0,299,8.8,1007.9
2025-01-15T18:00+00:00,5925,3.4,293,8.0,1008.6
2025-01-15T19:00+00:00,5925,4.1,297,8.5,1009.5
2025-01-15T20:00+00:00,5925,3.0,306,7.0,1010.0
2025-01-15T21:00+00:00,5925,3.9,301,7.4,1010.5
2025-01-15T22:00+00:00,5925,2.5,315,5.9,1011.1
2025-01-15T23:00+00:00,5925,2.8,320,6.7,1011.1
2025-01-16T00:00+00:00,5925,2.5,317,6.0,1011.6
2025-01-16T01:00+00:00,5925,2.7,319,6.9,1012.4
2025-01-16T02:00+00:00,5925,2.8,327,6.4,1013.0
2025-01-16T03:00+00:00,5925,1.8,316,4.6,1013.3
2025-01-16T04:00+00:00,5925,2.1,311,4.9,1013.5
2025-01-16T05:00+00:00,5925,2.2,300,4.3,1013.6
2025-01-16T06:00+00:00,5925,2.3,316,6.1,1014.5
2025-01-16T07:00+00:00,5925,2.9,319,6.8,1015.3
2025-01-16T08:00+00:00,5925,2.5,324,5.0,1016.0
2025-01-16T09:00+00:00,5925,2.1,322,4.6,1016.5
2025-01-16T10:00+00:00,5925,2.5,325,4.7,1016.8
2025-01-16T11:00+00:00,5925,2.1,334,4.9,1016.9
2025-01-16T12:00+00:00,5925,1.5,27,4.4,1016.8
2025-01-16T13:00+00:00,5925,1.1,8,4.4,1016.5
2025-01-16T14:00+00:00,5925,1.8,39,4.1,1016.6
2025-01-16T15:00+00:00,5925,1.7,48,4.1,1016.8
2025-01-16T16:00+00:00,5925,1.3,68,3.6,1017.3
2025-01-16T17:00+00:00,5925,1.7,64,3.7,1017.5
2025-01-16T18:00+00:00,5925,1.7,80,3.2,1018.1
2025-01-16T19:00+00:00,5925,1.4,93,3.2,1018.2
2025-01-16T20:00+00:00,5925,1.8,114,3.5,1018.5
2025-01-16T21:00+00:00,5925,1.1,132,2.6,1018.6
2025-01-16T22:00+00:00,5925,1.2,130,3.3,1018.7
2025-01-16T23:00+00:00,5925,1.0,85,3.2,1018.7
2025-01-17T00:00+00:00,5925,2.3,58,6.2,1018.5
2025-01-17T01:00+00:00,5925,1.2,113,5.6,1018.5
2025-01-17T02:00+00:00,5925,1.2,120,2.9,1018.1
2025-01-17T03:00+00:00,5925,1.7,76,3.9,1017.8
2025-01-17T04:00+00:00,5925,1.9,84,4.2,1017.5
2025-01-17T05:00+00:00,5925,2.3,79,4.8,1017.8
2025-01-17T06:00+00:00,5925,2.1,100,5.4,1018.2
2025-01-17T07:00+00:00,5925,2.7,128,7.0,1018.7
2025-01-17T08:00+00:00,5925,3.3,130,7.4,1019.0
2025-01-17T09:00+00:00,5925,3.4,128,7.6,1019.2
2025-01-17T10:00+00:00,5925,3.4,127,6.9,1019.1
2025-01-17T11:00+00:00,5925,3.6,132,7.7,1018.6
2025-01-17T12:00+00:00,5925,3.5,130,7.2,1017.9
2025-01-17T13:00+00:00,5925,3.2,117,6.8,1017.6
2025-01-17T14:00+00:00,5925,4.1,134,8.5,1017.6
2025-01-17T15:00+00:00,5925,3.6,134,8.1,1017.6
2025-01-17T16:00+00:00,5925,2.9,136,5.7,1017.7
2025-01-17T17:00+00:00,5925,3.0,129,5.6,1017.8
2025-01-17T18:00+00:00,5925,3.1,125,6.1,1017.8
2025-01-17T19:00+00:00,5925,2.6,134,5.6,1017.9
2025-01-17T20:00+00:00,5925,2.1,137,5.4,1017.7
2025-01-17T21:00+00:00,5925,2.4,145,5.4,1017.8
2025-01-17T22:00+00:00,5925,3.2,146,6.5,1017.4
2025-01-17T23:00+00:00,5925,2.5,143,6.5,1017.1
2025-01-18T00:00+00:00,5925,1.9,125,4.4,1016.7
2025-01-18T01:00+00:00,5925,1.6,120,4.5,1016.5
2025-01-18T02:00+00:00,5925,1.9,126,5.3,1016.2
2025-01-18T03:00+00:00,5925,1.9,128,4.9,1016.2
2025-01-18T04:00+00:00,5925,2.0,138,5.0,1015.8
2025-01-18T05:00+00:00,5925,2.1,152,5.4,1015.5
2025-01-18T06:00+00:00,5925,2.1,166,4.6,1015.2
2025-01-18T07:00+00:00,5925,2.9,175,5.7,1014.5
2025-01-18T08:00+00:00,5925,2.1,145,5.6,1015.2
2025-01-18T09:00+00:00,5925,2.3,76,6.8,1015.8
2025-01-18T10:00+00:00,5925,2.6,77,6.1,1015.7
2025-01-18T11:00+00:00,5925,2.2,149,5.6,1014.8
2025-01-18T12:00+00:00,5925,3.3,178,7.5,1014.0
2025-01-18T13:00+00:00,5925,2.2,151,5.2,1013.2
2025-01-18T14:00+00:00,5925,2.1,144,5.3,1013.1
2025-01-18T15:00+00:00,5925,2.4,141,4.8,1013.3
2025-01-18T16:00+00:00,5925,2.6,143,5.4,1013.2
2025-01-18T17:00+00:00,5925,2.2,133,5.0,1012.9
2025-01-18T18:00+00:00,5925,2.0,137,5.6,1012.9
2025-01-18T19:00+00:00,5925,2.2,148,4.8,1012.3
2025-01-18T20:00+00:00,5925,2.0,146,5.9,1012.5
2025-01-18T21:00+00:00,5925,2.2,151,4.8,1012.4
2025-01-18T22:00+00:00,5925,2.1,153,4.9,1012.2
2025-01-18T23:00+00:00,5925,2.5,151,5.0,1012.2
2025-01-19T00:00+00:00,5925,2.4,152,4.9,1011.6
2025-01-19T01:00+00:00,5925,2.7,149,6.3,1011.3
2025-01-19T02:00+00:00,5925,2.4,145,5.5,1010.8
2025-01-19T03:00+00:00,5925,2.2,160,5.3,1010.2
2025-01-19T04:00+00:00,5925,2.4,140,5.6,1009.8
2025-01-19T05:00+00:00,5925,2.2,136,5.6,1009.7
2025-01-19T06:00+00:00,5925,2.5,133,5.5,1009.8
2025-01-19T07:00+00:00,5925,2.7,157,6.0,1009.7
2025-01-19T08:00+00:00,5925,2.7,154,5.8,1009.7
2025-01-19T09:00+00:00,5925,3.3,138,6.3,1009.7
2025-01-19T10:00+00:00,5925,3.2,138,7.1,1009.6
2025-01-19T11:00+00:00,5925,3.1,130,6.8,1009.0
2025-01-19T12:00+00:00,5925,3.2,131,6.8,1008.6
2025-01-19T13:00+00:00,5925,3.4,139,6.9,1008.1
2025-01-19T14:00+00:00,5925,3.4,145,7.1,1007.8
2025-01-19T15:00+00:00,5925,3.6,156,7.0,1007.6
2025-01-19T16:00+00:00,5925,3.8,155,6.5,1007.6
2025-01-19T17:00+00:00,5925,3.3,142,7.0,1007.6
2025-01-19T18:00+00:00,5925,3.0,142,7.6,1007.7
2025-01-19T19:00+00:00,5925,3.8,141,7.4,1007.7
2025-01-19T20:00+00:00,5925,3.7,150,8.0,1007.6
2025-01-19T21:00+00:00,5925,4.1,151,9.8,1007.3
2025-01-19T22:00+00:00,5925,3.6,150,7.4,1007.3
2025-01-19T23:00+00:00,5925,4.1,152,8.5,1007.3
2025-01-20T00:00+00:00,5925,3.6,139,7.3,1006.8
2025-01-20T01:00+00:00,5925,3.8,141,7.5,1006.5
2025-01-20T02:00+00:00,5925,4.4,152,9.2,1006.3
2025-01-20T03:00+00:00,5925,4.8,151,9.7,1005.9
2025-01-20T04:00+00:00,5925,4.5,147,9.0,1005.7
2025-01-20T05:00+00:00,5925,4.2,154,9.4,1005.5
2025-01-20T06:00+00:00,5925,4.3,152,9.0,1005.5
2025-01-20T07:00+00:00,5925,4.8,156,9.3,1005.6
2025-01-20T08:00+00:00,5925,5.3,148,10.2,1005.5
2025-01-20T09:00+00:00,5925,4.4,147,9.5,1005.7
2025-01-20T10:00+00:00,5925,4.1,152,9.9,1005.6
2025-01-20T11:00+00:00,5925,4.8,141,9.2,1005.2
2025-01-20T12:00+00:00,5925,4.7,141,9.6,1004.6
2025-01-20T13:00+00:00,5925,4.5,144,9.1,1004.0
2025-01-20T14:00+00:00,5925,4.1,140,8.7,1003.4
2025-01-20T15:00+00:00,5925,4.1,132,8.2,1003.0
2025-01-20T16:00+00:00,5925,3.4,131,7.9,1003.1
2025-01-20T17:00+00:00,5925,3.7,131,8.1,1003.1
2025-01-20T18:00+00:00,5925,3.1,123,7.1,1002.7
2025-01-20T19:00+00:00,5925,2.9,125,6.8,1002.7
2025-01-20T20:00+00:00,5925,4.1,122,8.6,1002.5
2025-01-20T21:00+00:00,5925,4.0,122,9.0,1002.3
2025-01-20T22:00+00:00,5925,3.2,124,8.0,1002.1
2025-01-20T23:00+00:00,5925,4.0,128,8.1,1001.6
2025-01-21T00:00+00:00,5925,3.7,131,8.0,1001.3
2025-01-21T01:00+00:00,5925,3.1,130,7.1,1000.9
2025-01-21T02:00+00:00,5925,3.1,141,6.9,1000.4
2025-01-21T03:00+00:00,5925,3.4,149,6.6,1000.1
2025-01-21T04:00+00:00,5925,2.9,136,6.4,999.8
2025-01-21T05:00+00:00,5925,2.4,131,5.8,999.8
2025-01-21T06:00+00:00,5925,3.0,132,5.9,999.7
2025-01-21T07:00+00:00,5925,3.1,133,5.8,999.7
2025-01-21T08:00+00:00,5925,2.5,135,5.0,999.2
2025-01-21T09:00+00:00,5925,1.8,132,3.9,999.7
2025-01-21T10:00+00:00,5925,2.0,139,4.2,999.8
2025-01-21T11:00+00:00,5925,1.3,159,3.9,999.2
2025-01-21T12:00+00:00,5925,1.2,122,3.4,998.6
2025-01-21T13:00+00:00,5925,0.9,110,3.4,998.0
2025-01-21T14:00+00:00,5925,0.7,131,2.8,998.0
2025-01-21T15:00+00:00,5925,1.2,89,3.9,997.9
2025-01-21T16:00+00:00,5925,1.3,41,4.0,998.2
2025-01-21T17:00+00:00,5925,0.4,45,2.8,998.4
2025-01-21T18:00+00:00,5925,0.9,350,3.8,998.6
2025-01-21T19:00+00:00,5925,1.8,311,4.3,998.2
2025-01-21T20:00+00:00,5925,1.3,302,3.9,998.1
2025-01-21T21:00+00:00,5925,1.7,309,4.2,997.8
2025-01-21T22:00+00:00,5925,2.0,324,4.5,997.9
2025-01-21T23:00+00:00,5925,1.2,307,3.3,997.8
2025-01-22T00:00+00:00,5925,1.7,318,4.6,997.4
2025-01-22T01:00+00:00,5925,1.7,321,3.6,997.6
2025-01-22T02:00+00:00,5925,1.2,323,3.5,997.1
2025-01-22T03:00+00:00,5925,0.7,258,2.7,996.7
2025-01-22T04:00+00:00,5925,0.8,149,2.9,996.9
2025-01-22T05:00+00:00,5925,1.7,62,3.2,996.8
2025-01-22T06:00+00:00,5925,1.4,89,3.1,996.8
2025-01-22T07:00+00:00,5925,1.7,118,3.8,996.9
2025-01-22T08:00+00:00,5925,1.7,109,3.9,996.9
2025-01-22T09:00+00:00,5925,1.4,118,4.3,996.8
2025-01-22T10:00+00:00,5925,2.1,142,4.6,996.7
2025-01-22T11:00+00:00,5925,2.9,167,6.0,995.9
2025-01-22T12:00+00:00,5925,3.3,154,6.8,995.4
2025-01-22T13:00+00:00,5925,3.3,142,6.8,994.9
2025-01-22T14:00+00:00,5925,3.0,141,7.1,994.8
2025-01-22T15:00+00:00,5925,3.4,137,7.4,994.6
2025-01-22T16:00+00:00,5925,4.6,131,8.6,994.4
2025-01-22T17:00+00:00,5925,4.0,139,8.4,994.3
2025-01-22T18:00+00:00,5925,4.0,136,8.5,994.2
2025-01-22T19:00+00:00,5925,3.9,131,8.0,993.8
2025-01-22T20:00+00:00,5925,3.4,128,6.8,993.5
2025-01-22T21:00+00:00,5925,3.2,140,6.5,993.1
2025-01-22T22:00+00:00,5925,2.9,133,6.4,993.1
2025-01-22T23:00+00:00,5925,3.3,132,6.5,992.3
2025-01-23T00:00+00:00,5925,2.7,138,6.4,991.9
2025-01-23T01:00+00:00,5925,3.0,138,6.8,991.5
2025-01-23T02:00+00:00,5925,3.2,133,6.9,990.7
2025-01-23T03:00+00:00,5925,3.3,140,7.2,990.0
2025-01-23T04:00+00:00,5925,3.2,139,7.2,989.6
2025-01-23T05:00+00:00,5925,3.6,142,7.6,989.1
2025-01-23T06:00+00:00,5925,3.0,141,6.5,988.9
2025-01-23T07:00+00:00,5925,3.6,140,7.7,988.9
2025-01-23T08:00+00:00,5925,3.1,140,7.3,988.7
2025-01-23T09:00+00:00,5925,2.9,141,6.9,988.5
2025-01-23T10:00+00:00,5925,2.7,150,6.2,988.4
2025-01-23T11:00+00:00,5925,2.2,136,5.7,987.8
2025-01-23T12:00+00:00,5925,2.6,135,5.9,987.5
2025-01-23T13:00+00:00,5925,1.8,258,9.8,990.0
2025-01-23T14:00+00:00,5925,3.8,308,8.8,990.0
2025-01-23T15:00+00:00,5925,2.0,334,5.9,990.3
2025-01-23T16:00+00:00,5925,0.7,10,4.6,991.0
2025-01-23T17:00+00:00,5925,2.6,299,7.5,992.4
2025-01-23T18:00+00:00,5925,1.4,42,4.4,993.8
2025-01-23T19:00+00:00,5925,1.8,277,5.8,994.5
2025-01-23T20:00+00:00,5925,3.4,283,6.9,994.8
2025-01-23T21:00+00:00,5925,2.3,292,6.6,995.3
2025-01-23T22:00+00:00,5925,1.4,271,4.9,995.5
2025-01-23T23:00+00:00,5925,0.8,269,2.6,995.4
2025-01-24T00:00+00:00,5925,0.5,244,2.4,995.3
2025-01-24T01:00+00:00,5925,1.6,219,3.2,995.2
2025-01-24T02:00+00:00,5925,2.5,224,4.0,995.5
2025-01-24T03:00+00:00,5925,2.7,216,5.3,995.6
2025-01-24T04:00+00:00,5925,2.1,225,3.4,995.6
2025-01-24T05:00+00:00,5925,1.9,220,3.2,995.7
2025-01-24T06:00+00:00,5925,1.6,219,3.1,995.9
2025-01-24T07:00+00:00,5925,2.2,216,4.2,996.3
2025-01-24T08:00+00:00,5925,2.1,217,4.4,996.4
2025-01-24T09:00+00:00,5925,1.7,226,3.6,996.4
2025-01-24T10:00+00:00,5925,1.4,203,3.1,996.6
2025-01-24T11:00+00:00,5925,1.9,205,3.8,996.3
2025-01-24T12:00+00:00,5925,1.3,191,3.0,995.9
2025-01-24T13:00+00:00,5925,1.1,129,3.6,995.4
2025-01-24T14:00+00:00,5925,1.6,138,4.8,994.9
2025-01-24T15:00+00:00,5925,2.6,144,5.6,995.3
2025-01-24T16:00+00:00,5925,2.1,122,4.6,995.3
2025-01-24T17:00+00:00,5925,2.2,122,4.6,995.5
2025-01-24T18:00+00:00,5925,1.8,133,4.9,995.4
2025-01-24T19:00+00:00,5925,1.9,143,4.2,995.7
2025-01-24T20:00+00:00,5925,1.8,131,3.9,995.4
2025-01-24T21:00+00:00,5925,1.9,152,4.6,994.9
2025-01-24T22:00+00:00,5925,1.8,179,4.2,995.2
2025-01-24T23:00+00:00,5925,1.4,131,3.4,995.4
2025-01-25T00:00+00:00,5925,1.1,124,2.7,995.5
2025-01-25T01:00+00:00,5925,1.9,132,4.3,995.7
2025-01-25T02:00+00:00,5925,2.1,139,5.2,995.9
2025-01-25T03:00+00:00,5925,2.1,166,4.6,995.7
2025-01-25T04:00+00:00,5925,1.7,140,4.4,995.5
2025-01-25T05:00+00:00,5925,2.0,148,4.7,996.0
2025-01-25T06:00+00:00,5925,1.7,165,3.9,996.0
2025-01-25T07:00+00:00,5925,2.4,169,5.6,996.3
2025-01-25T08:00+00:00,5925,3.1,151,6.2,995.9
2025-01-25T09:00+00:00,5925,3.2,143,7.4,995.7
2025-01-25T10:00+00:00,5925,3.5,136,8.5,995.7
2025-01-25T11:00+00:00,5925,3.9,142,9.1,995.2
2025-01-25T12:00+00:00,5925,3.6,138,8.2,994.5
2025-01-25T13:00+00:00,5925,3.6,140,7.6,994.2
2025-01-25T14:00+00:00,5925,3.0,126,6.1,994.3
2025-01-25T15:00+00:00,5925,2.4,87,6.4,994.2
2025-01-25T16:00+00:00,5925,3.6,113,7.9,994.4
2025-01-25T17:00+00:00,5925,3.1,97,8.2,994.1
2025-01-25T18:00+00:00,5925,4.6,108,8.8,994.1
2025-01-25T19:00+00:00,5925,3.3,123,8.7,993.2
2025-01-25T20:00+00:00,5925,4.6,132,10.3,993.0
2025-01-25T21:00+00:00,5925,3.7,126,8.8,991.8
2025-01-25T22:00+00:00,5925,3.5,124,7.7,991.6
2025-01-25T23:00+00:00,5925,4.4,119,10.2,990.4
2025-01-26T00:00+00:00,5925,4.2,128,9.9,989.7
2025-01-26T01:00+00:00,5925,3.7,141,9.3,989.3
2025-01-26T02:00+00:00,5925,2.5,144,5.3,988.4
2025-01-26T03:00+00:00,5925,2.0,177,5.4,987.9
2025-01-26T04:00+00:00,5925,1.1,190,2.5,987.9
2025-01-26T05:00+00:00,5925,0.8,237,2.8,988.1
2025-01-26T06:00+00:00,5925,1.3,291,3.5,988.6
2025-01-26T07:00+00:00,5925,1.8,295,5.2,989.5
2025-01-26T08:00+00:00,5925,1.1,274,5.1,990.9
2025-01-26T09:00+00:00,5925,2.7,281,9.3,990.9
2025-01-26T10:00+00:00,5925,1.9,255,12.2,990.7
2025-01-26T11:00+00:00,5925,4.7,239,12.2,991.0
2025-01-26T12:00+00:00,5925,4.1,254,12.8,991.3
2025-01-26T13:00+00:00,5925,4.7,265,10.6,991.4
2025-01-26T14:00+00:00,5925,4.7,267,10.2,991.5
2025-01-26T15:00+00:00,5925,1.8,280,5.5,991.9
2025-01-26T16:00+00:00,5925,1.2,294,5.0,992.3
2025-01-26T17:00+00:00,5925,1.1,279,3.6,992.4
2025-01-26T18:00+00:00,5925,0.8,239,2.5,992.4
2025-01-26T19:00+00:00,5925,1.0,225,2.5,992.5
2025-01-26T20:00+00:00,5925,2.1,181,5.3,992.3
2025-01-26T21:00+00:00,5925,1.8,176,5.2,992.1
2025-01-26T22:00+00:00,5925,2.0,173,4.1,991.2
2025-01-26T23:00+00:00,5925,2.1,183,4.6,991.0
2025-01-27T00:00+00:00,5925,1.4,158,4.8,989.9
2025-01-27T01:00+00:00,5925,1.6,136,3.9,989.0
2025-01-27T02:00+00:00,5925,1.8,128,4.3,988.0
2025-01-27T03:00+00:00,5925,2.5,129,5.8,987.1
2025-01-27T04:00+00:00,5925,1.9,114,4.7,986.4
2025-01-27T05:00+00:00,5925,1.4,60,3.0,986.3
2025-01-27T06:00+00:00,5925,1.4,43,2.8,985.6
2025-01-27T07:00+00:00,5925,1.6,30,4.0,985.5
2025-01-27T08:00+00:00,5925,1.5,332,3.7,985.7
2025-01-27T09:00+00:00,5925,1.0,345,2.8,985.6
2025-01-27T10:00+00:00,5925,0.7,13,3.2,985.6
2025-01-27T11:00+00:00,5925,1.1,43,4.3,985.5
2025-01-27T12:00+00:00,5925,0.6,38,4.2,985.3
2025-01-27T13:00+00:00,5925,1.1,23,3.6,984.8
2025-01-27T14:00+00:00,5925,1.2,76,3.2,984.7
2025-01-27T15:00+00:00,5925,1.1,70,3.2,984.3
2025-01-27T16:00+00:00,5925,2.1,53,4.0,983.8
2025-01-27T17:00+00:00,5925,0.5,87,2.3,983.5
2025-01-27T18:00+00:00,5925,0.6,308,2.6,983.0
2025-01-27T19:00+00:00,5925,0.5,100,2.5,982.0
2025-01-27T20:00+00:00,5925,0.9,315,3.1,982.1
2025-01-27T21:00+00:00,5925,1.2,338,3.1,981.8
2025-01-27T22:00+00:00,5925,2.3,285,12.9,983.7
2025-01-27T23:00+00:00,5925,4.5,238,12.8,983.8
2025-01-28T00:00+00:00,5925,6.0,264,13.8,984.9
2025-01-28T01:00+00:00,5925,4.5,271,10.9,985.1
2025-01-28T02:00+00:00,5925,3.2,245,7.7,984.4
2025-01-28T03:00+00:00,5925,1.9,231,4.9,983.8
2025-01-28T04:00+00:00,5925,1.1,123,3.4,983.2
2025-01-28T05:00+00:00,5925,1.5,149,5.6,982.4
2025-01-28T06:00+00:00,5925,2.9,157,6.8,981.9
2025-01-28T07:00+00:00,5925,3.3,134,7.0,981.0
2025-01-28T08:00+00:00,5925,2.7,135,8.0,979.8
2025-01-28T09:00+00:00,5925,4.2,148,9.0,978.9
2025-01-28T10:00+00:00,5925,6.8,153,14.7,978.4
2025-01-28T11:00+00:00,5925,7.6,149,15.9,977.8
2025-01-28T12:00+00:00,5925,7.0,140,13.5,976.9
2025-01-28T13:00+00:00,5925,6.7,131,12.4,975.8
2025-01-28T14:00+00:00,5925,5.8,160,15.1,976.4
2025-01-28T15:00+00:00,5925,5.2,255,13.9,978.8
2025-01-28T16:00+00:00,5925,6.5,256,16.4,980.2
2025-01-28T17:00+00:00,5925,6.7,269,15.1,981.0
2025-01-28T18:00+00:00,5925,6.7,251,16.2,981.8
2025-01-28T19:00+00:00,5925,3.8,268,11.3,982.7
2025-01-28T20:00+00:00,5925,4.9,292,10.9,983.5
2025-01-28T21:00+00:00,5925,4.7,275,11.4,983.6
2025-01-28T22:00+00:00,5925,4.2,258,11.9,984.4
2025-01-28T23:00+00:00,5925,2.2,233,6.0,985.1
2025-01-29T00:00+00:00,5925,0.9,242,3.0,985.3
2025-01-29T01:00+00:00,5925,0.7,163,2.5,985.9
2025-01-29T02:00+00:00,5925,1.9,170,5.1,986.7
2025-01-29T03:00+00:00,5925,1.2,175,5.1,986.8
2025-01-29T04:00+00:00,5925,3.2,188,6.7,986.9
2025-01-29T05:00+00:00,5925,4.0,205,7.9,987.7
2025-01-29T06:00+00:00,5925,2.9,195,6.5,988.2
2025-01-29T07:00+00:00,5925,2.4,200,5.0,989.1
2025-01-29T08:00+00:00,5925,1.9,216,3.7,989.8
2025-01-29T09:00+00:00,5925,1.7,199,3.9,990.3
2025-01-29T10:00+00:00,5925,2.5,188,5.5,990.8
2025-01-29T11:00+00:00,5925,2.2,173,5.2,991.2
2025-01-29T12:00+00:00,5925,2.5,243,12.4,991.3
2025-01-29T13:00+00:00,5925,6.0,280,14.6,991.5
2025-01-29T14:00+00:00,5925,5.1,268,14.0,992.1
2025-01-29T15:00+00:00,5925,3.3,230,7.8,992.2
2025-01-29T16:00+00:00,5925,1.7,263,6.6,992.6
2025-01-29T17:00+00:00,5925,0.9,168,4.6,993.2
2025-01-29T18:00+00:00,5925,2.0,117,3.5,993.4
2025-01-29T19:00+00:00,5925,0.7,167,2.8,994.1
2025-01-29T20:00+00:00,5925,1.0,218,2.8,994.2
2025-01-29T21:00+00:00,5925,1.1,210,3.1,994.3
2025-01-29T22:00+00:00,5925,0.5,201,1.9,994.3
2025-01-29T23:00+00:00,5925,0.8,210,2.7,994.4
2025-01-30T00:00+00:00,5925,0.7,179,2.5,994.4
2025-01-30T01:00+00:00,5925,1.0,217,2.5,994.3
2025-01-30T02:00+00:00,5925,0.2,95,2.0,994.0
2025-01-30T03:00+00:00,5925,1.2,80,2.7,994.3
2025-01-30T04:00+00:00,5925,0.8,71,2.5,994.4
2025-01-30T05:00+00:00,5925,0.7,67,2.0,994.6
2025-01-30T06:00+00:00,5925,0.6,124,2.2,995.3
2025-01-30T07:00+00:00,5925,0.6,118,2.2,995.8
2025-01-30T08:00+00:00,5925,0.8,120,3.0,995.9
2025-01-30T09:00+00:00,5925,0.9,86,2.4,995.8
2025-01-30T10:00+00:00,5925,1.3,68,3.7,995.9
2025-01-30T11:00+00:00,5925,1.3,72,4.5,995.6
2025-01-30T12:00+00:00,5925,2.2,98,4.8,995.4
2025-01-30T13:00+00:00,5925,2.8,130,7.8,995.3
2025-01-30T14:00+00:00,5925,4.5,126,10.1,995.2
2025-01-30T15:00+00:00,5925,4.1,137,9.1,995.3
2025-01-30T16:00+00:00,5925,1.2,206,5.9,995.9
2025-01-30T17:00+00:00,5925,2.3,220,4.2,996.7
2025-01-30T18:00+00:00,5925,2.7,222,4.4,997.3
2025-01-30T19:00+00:00,5925,2.6,223,4.0,997.4
2025-01-30T20:00+00:00,5925,1.9,218,3.2,997.6
2025-01-30T21:00+00:00,5925,1.3,207,2.8,997.7
2025-01-30T22:00+00:00,5925,0.9,202,2.6,997.8
2025-01-30T23:00+00:00,5925,0.9,207,2.7,998.4
2025-01-31T00:00+00:00,5925,0.3,75,2.0,998.6
2025-01-31T01:00+00:00,5925,0.2,221,4.3,998.9
2025-01-31T02:00+00:00,5925,2.5,231,5.6,998.9
2025-01-31T03:00+00:00,5925,1.8,232,6.1,999.0
2025-01-31T04:00+00:00,5925,1.5,219,3.9,999.3
2025-01-31T05:00+00:00,5925,1.0,229,7.6,999.7
2025-01-31T06:00+00:00,5925,5.4,277,12.1,1000.2
2025-01-31T07:00+00:00,5925,5.5,271,13.1,1001.3
2025-01-31T08:00+00:00,5925,5.2,274,12.3,1002.3
2025-01-31T09:00+00:00,5925,3.8,256,9.5,1003.3
2025-01-31T10:00+00:00,5925,4.9,271,12.8,1003.8
2025-01-31T11:00+00:00,5925,4.6,275,9.9,1004.3
2025-01-31T12:00+00:00,5925,5.2,315,11.0,1005.3
2025-01-31T13:00+00:00,5925,5.3,326,11.4,1006.0
2025-01-31T14:00+00:00,5925,5.1,322,11.2,1006.7
2025-01-31T15:00+00:00,5925,4.5,313,10.2,1007.3
2025-01-31T16:00+00:00,5925,4.0,326,8.0,1007.7
2025-01-31T17:00+00:00,5925,3.6,327,6.9,1007.9
2025-01-31T18:00+00:00,5925,3.3,322,6.6,1008.5
2025-01-31T19:00+00:00,5925,2.8,328,5.7,1008.8
2025-01-31T20:00+00:00,5925,1.3,256,3.6,1009.3
2025-01-31T21:00+00:00,5925,2.0,228,3.3,1009.7
2025-01-31T22:00+00:00,5925,1.4,312,3.1,1010.1
2025-01-31T23:00+00:00,5925,1.2,262,3.2,1010.2
2025-02-01T00:00+00:00,5925,1.1,309,2.6,1010.3
2025-02-01T01:00+00:00,5925,2.1,323,4.8,1010.5
2025-02-01T02:00+00:00,5925,1.2,278,4.0,1010.8
2025-02-01T03:00+00:00,5925,2.0,220,3.3,1010.7
2025-02-01T04:00+00:00,5925,2.0,224,3.5,1010.7
2025-02-01T05:00+00:00,5925,1.5,222,2.8,1010.8
2025-02-01T06:00+00:00,5925,2.1,221,3.3,1010.9
2025-02-01T07:00+00:00,5925,1.7,223,2.7,1011.1
2025-02-01T08:00+00:00,5925,1.5,214,3.0,1011.2
2025-02-01T09:00+00:00,5925,0.9,19,3.6,1011.2
2025-02-01T10:00+00:00,5925,1.3,13,4.6,1011.1
2025-02-01T11:00+00:00,5925,1.3,60,3.9,1010.3
2025-02-01T12:00+00:00,5925,1.6,51,4.3,1009.7
2025-02-01T13:00+00:00,5925,2.2,57,5.8,1009.2
2025-02-01T14:00+00:00,5925,2.3,53,5.1,1009.0
2025-02-01T15:00+00:00,5925,1.8,90,4.0,1008.5
2025-02-01T16:00+00:00,5925,1.7,69,4.5,1008.0
2025-02-01T17:00+00:00,5925,2.5,54,4.3,1007.9
2025-02-01T18:00+00:00,5925,1.5,67,3.3,1007.4
2025-02-01T19:00+00:00,5925,1.4,130,2.7,1007.0
2025-02-01T20:00+00:00,5925,1.0,119,2.5,1006.9
2025-02-01T21:00+00:00,5925,1.1,64,2.8,1006.8
2025-02-01T22:00+00:00,5925,1.6,50,3.0,1006.6
2025-02-01T23:00+00:00,5925,1.6,55,3.1,1006.2
2025-02-02T00:00+00:00,5925,0.9,83,2.6,1005.5
2025-02-02T01:00+00:00,5925,1.6,43,3.7,1005.2
2025-02-02T02:00+00:00,5925,2.6,40,4.8,1005.1
2025-02-02T03:00+00:00,5925,2.1,24,5.3,1004.6
2025-02-02T04:00+00:00,5925,2.6,324,5.3,1004.4
2025-02-02T05:00+00:00,5925,1.6,325,4.1,1004.0
2025-02-02T06:00+00:00,5925,0.8,336,2.4,1003.8
2025-02-02T07:00+00:00,5925,1.1,343,4.6,1004.2
2025-02-02T08:00+00:00,5925,1.4,342,4.3,1004.5
2025-02-02T09:00+00:00,5925,1.4,2,4.0,1004.3
2025-02-02T10:00+00:00,5925,1.1,337,3.4,1004.2
2025-02-02T11:00+00:00,5925,1.3,338,3.8,1004.1
2025-02-02T12:00+00:00,5925,1.8,3,5.1,1003.6
2025-02-02T13:00+00:00,5925,2.5,332,5.0,1003.6
2025-02-02T14:00+00:00,5925,2.4,326,5.6,1003.4
2025-02-02T15:00+00:00,5925,2.8,325,5.6,1003.7
2025-02-02T16:00+00:00,5925,2.4,317,5.0,1003.7
2025-02-02T17:00+00:00,5925,2.2,317,5.3,1004.2
2025-02-02T18:00+00:00,5925,2.3,322,5.1,1004.5
2025-02-02T19:00+00:00,5925,1.4,295,3.4,1004.4
2025-02-02T20:00+00:00,5925,2.2,322,4.7,1004.9
2025-02-02T21:00+00:00,5925,2.0,318,5.0,1005.3
2025-02-02T22:00+00:00,5925,2.0,329,5.3,1005.4
2025-02-02T23:00+00:00,5925,2.0,313,4.5,1005.4
2025-02-03T00:00+00:00,5925,1.9,323,4.5,1005.3
2025-02-03T01:00+00:00,5925,2.0,303,4.2,1005.3
2025-02-03T02:00+00:00,5925,0.6,280,3.6,1005.4
2025-02-03T03:00+00:00,5925,1.2,284,3.8,1005.8
2025-02-03T04:00+00:00,5925,1.4,258,3.8,1006.0
2025-02-03T05:00+00:00,5925,1.3,287,4.7,1006.4
2025-02-03T06:00+00:00,5925,1.4,247,4.1,1006.7
2025-02-03T07:00+00:00,5925,1.7,228,3.4,1006.8
2025-02-03T08:00+00:00,5925,1.7,218,3.8,1007.5
2025-02-03T09:00+00:00,5925,2.1,287,6.3,1007.6
2025-02-03T10:00+00:00,5925,2.9,312,6.0,1007.8
2025-02-03T11:00+00:00,5925,2.7,313,6.2,1007.7
2025-02-03T12:00+00:00,5925,2.0,333,5.7,1007.0
2025-02-03T13:00+00:00,5925,1.9,5,5.8,1006.6
2025-02-03T14:00+00:00,5925,2.5,7,6.3,1006.6
2025-02-03T15:00+00:00,5925,2.2,13,5.7,1006.8
2025-02-03T16:00+00:00,5925,2.8,333,6.1,1007.1
2025-02-03T17:00+00:00,5925,2.6,322,5.1,1007.3
2025-02-03T18:00+00:00,5925,1.5,302,3.4,1007.5
2025-02-03T19:00+00:00,5925,1.2,226,2.9,1007.8
2025-02-03T20:00+00:00,5925,1.9,221,2.8,1008.0
2025-02-03T21:00+00:00,5925,1.7,221,2.5,1008.1
2025-02-03T22:00+00:00,5925,1.7,219,2.8,1008.2
2025-02-03T23:00+00:00,5925,2.2,221,3.0,1008.4
2025-02-04T00:00+00:00,5925,2.1,220,3.0,1008.4
2025-02-04T01:00+00:00,5925,2.1,218,2.9,1008.6
2025-02-04T02:00+00:00,5925,2.3,219,3.4,1008.5
2025-02-04T03:00+00:00,5925,1.5,220,2.7,1008.6
2025-02-04T04:00+00:00,5925,2.0,220,3.2,1008.8
2025-02-04T05:00+00:00,5925,0.5,207,2.9,1009.2
2025-02-04T06:00+00:00,5925,0.7,114,2.1,1009.8
2025-02-04T07:00+00:00,5925,1.2,207,2.7,1010.1
2025-02-04T08:00+00:00,5925,1.8,210,3.3,1010.2
2025-02-04T09:00+00:00,5925,0.8,150,2.6,1010.7
2025-02-04T10:00+00:00,5925,1.2,78,3.0,1010.9
2025-02-04T11:00+00:00,5925,1.1,95,3.5,1010.2
2025-02-04T12:00+00:00,5925,1.1,144,4.1,1009.7
2025-02-04T13:00+00:00,5925,1.7,168,4.5,1009.1
2025-02-04T14:00+00:00,5925,1.7,148,4.4,1008.9
2025-02-04T15:00+00:00,5925,1.6,126,4.3,1008.8
2025-02-04T16:00+00:00,5925,2.0,99,6.0,1009.5
2025-02-04T17:00+00:00,5925,1.8,99,5.4,1009.8
2025-02-04T18:00+00:00,5925,1.3,119,3.1,1010.3
2025-02-04T19:00+00:00,5925,1.2,142,2.2,1010.4
2025-02-04T20:00+00:00,5925,1.3,180,2.8,1010.5
2025-02-04T21:00+00:00,5925,1.4,211,2.8,1010.8
2025-02-04T22:00+00:00,5925,0.7,192,1.9,1011.1
2025-02-04T23:00+00:00,5925,1.1,215,2.3,1011.4
2025-02-05T00:00+00:00,5925,0.3,199,1.8,1011.4
2025-02-05T01:00+00:00,5925,0.3,43,1.5,1011.5
2025-02-05T02:00+00:00,5925,1.0,325,2.6,1011.5
2025-02-05T03:00+00:00,5925,0.9,240,2.6,1011.5
2025-02-05T04:00+00:00,5925,1.6,221,3.8,1012.0
2025-02-05T05:00+00:00,5925,0.8,228,2.9,1012.3
2025-02-05T06:00+00:00,5925,1.9,239,4.0,1013.0
2025-02-05T07:00+00:00,5925,1.8,229,3.7,1013.4
2025-02-05T08:00+00:00,5925,1.8,226,3.9,1013.2
2025-02-05T09:00+00:00,5925,2.0,220,4.6,1013.3
2025-02-05T10:00+00:00,5925,2.6,278,8.8,1013.4
2025-02-05T11:00+00:00,5925,4.5,286,10.3,1013.1
2025-02-05T12:00+00:00,5925,4.8,298,10.3,1013.0
2025-02-05T13:00+00:00,5925,5.7,286,11.0,1012.7
2025-02-05T14:00+00:00,5925,4.2,287,9.8,1012.6
2025-02-05T15:00+00:00,5925,5.1,289,10.4,1013.1
2025-02-05T16:00+00:00,5925,3.6,282,8.5,1013.5
2025-02-05T17:00+00:00,5925,4.0,281,8.3,1014.2
2025-02-05T18:00+00:00,5925,3.2,271,7.9,1014.7
2025-02-05T19:00+00:00,5925,2.4,282,5.9,1015.5
2025-02-05T20:00+00:00,5925,3.5,299,8.6,1015.9
2025-02-05T21:00+00:00,5925,4.3,302,8.1,1016.3
2025-02-05T22:00+00:00,5925,3.1,287,7.5,1016.3
2025-02-05T23:00+00:00,5925,4.0,284,7.8,1016.3
2025-02-06T00:00+00:00,5925,4.1,287,9.2,1016.2
2025-02-06T01:00+00:00,5925,4.1,295,7.9,1016.2
2025-02-06T02:00+00:00,5925,3.7,303,8.7,1016.2
2025-02-06T03:00+00:00,5925,3.5,305,7.1,1016.2
2025-02-06T04:00+00:00,5925,3.3,309,9.0,1016.3
2025-02-06T05:00+00:00,5925,3.6,316,8.5,1016.4
2025-02-06T06:00+00:00,5925,4.0,323,8.3,1016.8
2025-02-06T07:00+00:00,5925,4.2,325,9.1,1017.1
2025-02-06T08:00+00:00,5925,4.3,325,9.0,1017.3
2025-02-06T09:00+00:00,5925,3.6,329,9.6,1017.0
2025-02-06T10:00+00:00,5925,4.0,333,9.1,1017.0
2025-02-06T11:00+00:00,5925,4.3,328,10.0,1016.4
2025-02-06T12:00+00:00,5925,3.7,323,8.9,1015.7
2025-02-06T13:00+00:00,5925,3.3,325,9.1,1015.3
2025-02-06T14:00+00:00,5925,3.0,346,8.9,1015.1
2025-02-06T15:00+00:00,5925,3.6,336,8.3,1014.7
2025-02-06T16:00+00:00,5925,3.4,326,8.4,1014.6
2025-02-06T17:00+00:00,5925,3.7,331,8.2,1014.7
2025-02-06T18:00+00:00,5925,3.1,2,8.6,1014.9
2025-02-06T19:00+00:00,5925,1.9,359,6.0,1014.5
2025-02-06T20:00+00:00,5925,2.5,31,6.6,1014.4
2025-02-06T21:00+00:00,5925,2.0,1,5.2,1014.6
2025-02-06T22:00+00:00,5925,1.8,352,5.4,1014.5
2025-02-06T23:00+00:00,5925,2.4,38,5.1,1014.3
2025-02-07T00:00+00:00,5925,2.7,50,5.2,1014.0
2025-02-07T01:00+00:00,5925,1.8,46,3.5,1013.6
2025-02-07T02:00+00:00,5925,2.1,60,4.3,1013.2
2025-02-07T03:00+00:00,5925,3.0,61,5.0,1013.1
2025-02-07T04:00+00:00,5925,2.4,96,6.7,1012.9
2025-02-07T05:00+00:00,5925,4.0,128,9.1,1012.5
2025-02-07T06:00+00:00,5925,3.8,137,8.3,1012.6
2025-02-07T07:00+00:00,5925,4.4,145,9.8,1012.7
2025-02-07T08:00+00:00,5925,4.8,146,9.9,1012.7
2025-02-07T09:00+00:00,5925,5.3,142,11.2,1012.5
2025-02-07T10:00+00:00,5925,6.3,143,13.8,1011.9
2025-02-07T11:00+00:00,5925,5.5,136,11.6,1011.1
2025-02-07T12:00+00:00,5925,5.9,135,12.2,1010.1
2025-02-07T13:00+00:00,5925,6.2,141,13.1,1009.2
2025-02-07T14:00+00:00,5925,6.9,137,13.1,1008.7
2025-02-07T15:00+00:00,5925,6.8,132,14.4,1008.1
2025-02-07T16:00+00:00,5925,6.3,142,14.5,1008.2
2025-02-07T17:00+00:00,5925,6.7,143,13.6,1008.0
2025-02-07T18:00+00:00,5925,7.7,145,16.6,1008.1
2025-02-07T19:00+00:00,5925,7.8,150,15.4,1008.0
2025-02-07T20:00+00:00,5925,7.1,150,13.4,1007.9
2025-02-07T21:00+00:00,5925,7.8,149,15.9,1007.7
2025-02-07T22:00+00:00,5925,6.6,150,15.7,1008.0
2025-02-07T23:00+00:00,5925,7.6,150,16.5,1007.6
2025-02-08T00:00+00:00,5925,7.6,149,17.1,1007.5
2025-02-08T01:00+00:00,5925,6.8,144,14.2,1007.7
2025-02-08T02:00+00:00,5925,7.6,142,17.9,1007.1
2025-02-08T03:00+00:00,5925,8.1,144,17.7,1006.7
2025-02-08T04:00+00:00,5925,7.1,147,17.7,1006.9
2025-02-08T05:00+00:00,5925,6.8,149,15.4,1007.0
2025-02-08T06:00+00:00,5925,6.0,143,13.1,1007.4
2025-02-08T07:00+00:00,5925,3.8,138,10.9,1008.0
2025-02-08T08:00+00:00,5925,4.2,129,10.2,1008.2
2025-02-08T09:00+00:00,5925,4.5,135,12.7,1008.4
2025-02-08T10:00+00:00,5925,5.3,141,12.1,1008.5
2025-02-08T11:00+00:00,5925,5.3,135,12.2,1008.2
2025-02-08T12:00+00:00,5925,6.1,140,13.2,1007.9
2025-02-08T13:00+00:00,5925,5.0,135,11.6,1007.7
2025-02-08T14:00+00:00,5925,5.4,135,11.0,1007.5
2025-02-08T15:00+00:00,5925,5.1,137,13.0,1007.4
2025-02-08T16:00+00:00,5925,5.2,136,12.6,1007.7
2025-02-08T17:00+00:00,5925,4.7,141,10.2,1007.8
2025-02-08T18:00+00:00,5925,4.9,145,10.8,1007.9
2025-02-08T19:00+00:00,5925,5.5,141,12.4,1008.0
2025-02-08T20:00+00:00,5925,5.9,133,11.8,1007.9
2025-02-08T21:00+00:00,5925,6.0,135,11.6,1007.8
2025-02-08T22:00+00:00,5925,5.2,140,10.9,1007.5
2025-02-08T23:00+00:00,5925,4.8,132,11.9,1007.1
2025-02-09T00:00+00:00,5925,4.5,131,9.9,1006.9
2025-02-09T01:00+00:00,5925,3.5,112,7.8,1006.9
2025-02-09T02:00+00:00,5925,2.6,102,5.7,1006.9
2025-02-09T03:00+00:00,5925,3.2,113,6.8,1006.8
2025-02-09T04:00+00:00,5925,3.4,124,8.0,1006.7
2025-02-09T05:00+00:00,5925,2.8,128,7.6,1006.9
2025-02-09T06:00+00:00,5925,2.4,109,5.4,1007.4
2025-02-09T07:00+00:00,5925,3.2,123,8.3,1007.8
2025-02-09T08:00+00:00,5925,3.9,133,8.7,1007.9
2025-02-09T09:00+00:00,5925,4.5,140,10.2,1008.0
2025-02-09T10:00+00:00,5925,5.0,133,10.6,1008.1
2025-02-09T11:00+00:00,5925,4.2,129,10.7,1008.0
2025-02-09T12:00+00:00,5925,4.8,127,10.5,1007.7
2025-02-09T13:00+00:00,5925,4.8,122,10.2,1007.5
2025-02-09T14:00+00:00,5925,5.6,126,11.6,1007.4
2025-02-09T15:00+00:00,5925,4.5,120,11.5,1007.6
2025-02-09T16:00+00:00,5925,2.6,76,6.8,1007.9
2025-02-09T17:00+00:00,5925,2.9,83,6.5,1008.2
2025-02-09T18:00+00:00,5925,2.3,67,5.9,1008.1
2025-02-09T19:00+00:00,5925,1.8,71,4.7,1007.9
2025-02-09T20:00+00:00,5925,1.6,61,3.0,1007.8
2025-02-09T21:00+00:00,5925,1.8,78,4.8,1007.8
2025-02-09T22:00+00:00,5925,2.3,99,6.1,1007.5
2025-02-09T23:00+00:00,5925,3.4,122,7.9,1007.3
2025-02-10T00:00+00:00,5925,3.4,126,7.3,1007.0
2025-02-10T01:00+00:00,5925,2.9,124,6.5,1007.0
2025-02-10T02:00+00:00,5925,3.3,119,7.6,1006.8
2025-02-10T03:00+00:00,5925,3.3,120,7.5,1006.7
2025-02-10T04:00+00:00,5925,3.8,129,7.9,1006.6
2025-02-10T05:00+00:00,5925,3.4,131,6.8,1006.6
2025-02-10T06:00+00:00,5925,2.6,105,6.4,1007.0
2025-02-10T07:00+00:00,5925,2.3,88,4.8,1007.5
2025-02-10T08:00+00:00,5925,2.1,85,4.4,1007.6
2025-02-10T09:00+00:00,5925,1.8,88,4.3,1007.5
2025-02-10T10:00+00:00,5925,2.0,111,5.5,1007.6
2025-02-10T11:00+00:00,5925,2.8,112,5.9,1007.0
2025-02-10T12:00+00:00,5925,2.5,98,6.4,1006.5
2025-02-10T13:00+00:00,5925,2.7,116,6.9,1006.2
2025-02-10T14:00+00:00,5925,3.8,139,9.1,1006.0
2025-02-10T15:00+00:00,5925,4.0,149,8.4,1006.0
2025-02-10T16:00+00:00,5925,3.5,152,7.0,1006.3
2025-02-10T17:00+00:00,5925,2.8,137,5.8,1006.4
2025-02-10T18:00+00:00,5925,2.3,113,4.3,1006.6
2025-02-10T19:00+00:00,5925,2.4,94,5.9,1006.7
2025-02-10T20:00+00:00,5925,2.2,115,4.7,1006.7
2025-02-10T21:00+00:00,5925,1.9,115,3.8,1006.9
2025-02-10T22:00+00:00,5925,2.1,110,4.4,1006.9
2025-02-10T23:00+00:00,5925,2.0,98,4.5,1006.9
2025-02-11T00:00+00:00,5925,2.1,82,4.9,1006.9
2025-02-11T01:00+00:00,5925,2.9,97,5.3,1006.8
2025-02-11T02:00+00:00,5925,3.3,107,6.0,1006.5
2025-02-11T03:00+00:00,5925,1.9,90,5.5,1006.6
2025-02-11T04:00+00:00,5925,2.8,100,5.7,1006.6
2025-02-11T05:00+00:00,5925,2.5,95,6.1,1006.5
2025-02-11T06:00+00:00,5925,3.3,100,7.1,1006.6
2025-02-11T07:00+00:00,5925,3.2,112,6.9,1006.6
2025-02-11T08:00+00:00,5925,3.8,108,8.0,1006.7
2025-02-11T09:00+00:00,5925,4.2,118,9.6,1006.7
2025-02-11T10:00+00:00,5925,5.5,119,11.3,1006.6
2025-02-11T11:00+00:00,5925,5.3,126,11.5,1006.2
2025-02-11T12:00+00:00,5925,5.7,137,12.7,1005.6
2025-02-11T13:00+00:00,5925,6.3,138,13.3,1005.1
2025-02-11T14:00+00:00,5925,6.1,144,12.0,1004.7
2025-02-11T15:00+00:00,5925,6.6,149,13.1,1004.5
2025-02-11T16:00+00:00,5925,5.3,144,11.2,1004.3
2025-02-11T17:00+00:00,5925,4.5,138,9.6,1004.3
2025-02-11T18:00+00:00,5925,4.5,134,9.0,1004.2
2025-02-11T19:00+00:00,5925,4.6,136,10.2,1004.2
2025-02-11T20:00+00:00,5925,4.7,136,10.1,1003.8
2025-02-11T21:00+00:00,5925,4.8,137,10.6,1003.6
2025-02-11T22:00+00:00,5925,6.2,136,13.8,1003.4
2025-02-11T23:00+00:00,5925,6.4,134,13.6,1003.2
2025-02-12T00:00+00:00,5925,6.1,141,14.1,1003.2
2025-02-12T01:00+00:00,5925,6.8,144,16.2,1003.0
2025-02-12T02:00+00:00,5925,7.3,147,15.9,1002.9
2025-02-12T03:00+00:00,5925,5.0,132,14.6,1002.5
2025-02-12T04:00+00:00,5925,3.9,132,9.3,1002.6
2025-02-12T05:00+00:00,5925,5.1,147,11.8,1002.5
2025-02-12T06:00+00:00,5925,4.6,138,9.5,1002.5
2025-02-12T07:00+00:00,5925,4.8,137,10.9,1002.7
2025-02-12T08:00+00:00,5925,4.7,131,9.2,1002.9
2025-02-12T09:00+00:00,5925,4.8,130,9.8,1002.6
2025-02-12T10:00+00:00,5925,5.1,134,10.8,1002.9
2025-02-12T11:00+00:00,5925,5.5,133,12.2,1002.2
2025-02-12T12:00+00:00,5925,5.6,128,11.0,1001.9
2025-02-12T13:00+00:00,5925,5.4,128,10.8,1001.3
2025-02-12T14:00+00:00,5925,5.1,128,9.8,1001.1
2025-02-12T15:00+00:00,5925,3.8,133,8.4,1001.1
2025-02-12T16:00+00:00,5925,4.0,137,8.8,1001.0
2025-02-12T17:00+00:00,5925,3.8,135,7.8,1001.2
2025-02-12T18:00+00:00,5925,3.0,135,6.3,1001.1
2025-02-12T19:00+00:00,5925,3.3,147,8.0,1000.9
2025-02-12T20:00+00:00,5925,4.5,144,9.5,1000.4
2025-02-12T21:00+00:00,5925,4.7,149,9.5,1000.1
2025-02-12T22:00+00:00,5925,4.6,149,10.0,999.7
2025-02-12T23:00+00:00,5925,3.9,144,9.5,999.5
2025-02-13T00:00+00:00,5925,3.5,141,7.8,999.1
2025-02-13T01:00+00:00,5925,3.6,142,7.6,998.8
2025-02-13T02:00+00:00,5925,2.9,136,6.3,998.2
2025-02-13T03:00+00:00,5925,2.6,139,5.3,998.1
2025-02-13T04:00+00:00,5925,2.2,135,5.2,998.1
2025-02-13T05:00+00:00,5925,2.5,135,5.4,997.9
2025-02-13T06:00+00:00,5925,2.9,136,6.4,997.6
2025-02-13T07:00+00:00,5925,3.3,140,7.4,997.6
2025-02-13T08:00+00:00,5925,3.3,146,6.4,997.4
2025-02-13T09:00+00:00,5925,2.9,145,6.3,997.3
2025-02-13T10:00+00:00,5925,3.5,151,7.3,997.3
2025-02-13T11:00+00:00,5925,3.8,153,7.5,996.6
2025-02-13T12:00+00:00,5925,3.3,156,7.1,995.8
2025-02-13T13:00+00:00,5925,3.7,148,7.7,995.1
2025-02-13T14:00+00:00,5925,3.8,154,8.1,994.7
2025-02-13T15:00+00:00,5925,3.7,151,7.6,994.3
2025-02-13T16:00+00:00,5925,3.6,138,7.0,993.8
2025-02-13T17:00+00:00,5925,3.1,139,7.7,993.6
2025-02-13T18:00+00:00,5925,3.1,139,6.8,994.0
2025-02-13T19:00+00:00,5925,2.3,173,5.1,995.2
2025-02-13T20:00+00:00,5925,1.4,220,4.0,995.3
2025-02-13T21:00+00:00,5925,1.6,326,4.1,995.4
2025-02-13T22:00+00:00,5925,1.6,321,5.2,995.5
2025-02-13T23:00+00:00,5925,3.5,300,7.6,995.7
2025-02-14T00:00+00:00,5925,4.6,299,8.4,995.6
2025-02-14T01:00+00:00,5925,3.8,296,8.2,995.7
2025-02-14T02:00+00:00,5925,3.7,307,7.1,995.4
2025-02-14T03:00+00:00,5925,3.2,312,6.6,995.6
2025-02-14T04:00+00:00,5925,3.6,314,7.4,995.7
2025-02-14T05:00+00:00,5925,3.0,310,6.8,996.0
2025-02-14T06:00+00:00,5925,2.9,326,6.0,996.4
2025-02-14T07:00+00:00,5925,3.4,327,7.6,997.0
2025-02-14T08:00+00:00,5925,4.4,333,9.5,997.9
2025-02-14T09:00+00:00,5925,4.7,328,9.5,998.5
2025-02-14T10:00+00:00,5925,5.5,327,11.4,998.8
2025-02-14T11:00+00:00,5925,7.3,324,14.3,999.1
2025-02-14T12:00+00:00,5925,6.8,317,13.5,999.1
2025-02-14T13:00+00:00,5925,6.7,324,13.6,999.0
2025-02-14T14:00+00:00,5925,6.5,323,13.4,999.3
2025-02-14T15:00+00:00,5925,6.3,322,13.3,999.8
2025-02-14T16:00+00:00,5925,5.3,318,11.7,1000.3
2025-02-14T17:00+00:00,5925,5.6,323,13.2,1001.0
2025-02-14T18:00+00:00,5925,5.8,322,13.8,1001.9
2025-02-14T19:00+00:00,5925,5.6,320,11.3,1002.3
2025-02-14T20:00+00:00,5925,5.0,321,11.7,1002.9
2025-02-14T21:00+00:00,5925,5.8,323,11.4,1003.3
2025-02-14T22:00+00:00,5925,5.9,327,11.4,1003.5
2025-02-14T23:00+00:00,5925,5.5,330,10.9,1004.0
2025-02-15T00:00+00:00,5925,5.7,332,11.6,1004.0
2025-02-15T01:00+00:00,5925,4.8,331,10.2,1004.1
2025-02-15T02:00+00:00,5925,4.1,331,9.0,1004.0
2025-02-15T03:00+00:00,5925,3.4,333,8.7,1004.2
2025-02-15T04:00+00:00,5925,4.4,328,8.8,1004.1
2025-02-15T05:00+00:00,5925,4.0,329,8.0,1004.1
2025-02-15T06:00+00:00,5925,4.5,326,9.7,1004.2
2025-02-15T07:00+00:00,5925,2.6,331,8.2,1004.7
2025-02-15T08:00+00:00,5925,2.2,330,6.4,1004.4
2025-02-15T09:00+00:00,5925,3.2,356,8.5,1004.2
2025-02-15T10:00+00:00,5925,3.5,341,8.3,1004.0
2025-02-15T11:00+00:00,5925,2.6,350,7.0,1003.2
2025-02-15T12:00+00:00,5925,2.7,344,7.4,1002.5
2025-02-15T13:00+00:00,5925,2.1,341,6.0,1001.8
2025-02-15T14:00+00:00,5925,2.1,337,6.2,1001.4
2025-02-15T15:00+00:00,5925,2.5,352,6.5,1001.0
2025-02-15T16:00+00:00,5925,2.5,336,6.8,1001.2
2025-02-15T17:00+00:00,5925,2.5,335,6.2,1001.3
2025-02-15T18:00+00:00,5925,2.7,328,7.0,1001.4
2025-02-15T19:00+00:00,5925,2.6,335,5.8,1001.3
2025-02-15T20:00+00:00,5925,2.7,22,6.3,1001.1
2025-02-15T21:00+00:00,5925,1.9,5,5.6,1001.0
2025-02-15T22:00+00:00,5925,1.0,37,5.0,1000.8
2025-02-15T23:00+00:00,5925,1.7,56,3.6,1000.8
2025-02-16T00:00+00:00,5925,1.8,56,3.8,1000.4
2025-02-16T01:00+00:00,5925,1.9,58,3.7,1000.0
2025-02-16T02:00+00:00,5925,1.6,59,3.2,999.7
2025-02-16T03:00+00:00,5925,1.3,63,3.1,999.5
2025-02-16T04:00+00:00,5925,1.8,58,4.0,999.7
2025-02-16T05:00+00:00,5925,2.0,54,3.4,999.6
2025-02-16T06:00+00:00,5925,2.8,48,5.7,999.9
2025-02-16T07:00+00:00,5925,2.5,44,5.3,1000.2
2025-02-16T08:00+00:00,5925,2.8,41,5.5,1000.3
2025-02-16T09:00+00:00,5925,2.4,40,6.0,1000.1
2025-02-16T10:00+00:00,5925,2.1,46,5.9,1000.1
2025-02-16T11:00+00:00,5925,3.2,55,6.7,999.7
2025-02-16T12:00+00:00,5925,2.3,35,7.1,999.3
2025-02-16T13:00+00:00,5925,2.4,9,7.9,999.1
2025-02-16T14:00+00:00,5925,2.7,19,7.7,998.9
2025-02-16T15:00+00:00,5925,2.6,352,7.5,999.2
2025-02-16T16:00+00:00,5925,2.7,346,6.5,999.8
2025-02-16T17:00+00:00,5925,2.8,350,6.3,1000.2
2025-02-16T18:00+00:00,5925,2.9,340,7.2,1000.4
2025-02-16T19:00+00:00,5925,3.2,22,7.5,1000.8
2025-02-16T20:00+00:00,5925,2.9,23,7.3,1001.2
2025-02-16T21:00+00:00,5925,2.5,31,6.4,1001.4
2025-02-16T22:00+00:00,5925,2.6,33,6.5,1001.5
2025-02-16T23:00+00:00,5925,2.1,357,5.8,1001.6
2025-02-17T00:00+00:00,5925,1.8,1,6.0,1001.9
2025-02-17T01:00+00:00,5925,2.3,24,5.6,1002.0
2025-02-17T02:00+00:00,5925,1.7,358,4.9,1002.0
2025-02-17T03:00+00:00,5925,2.0,321,4.5,1002.2
2025-02-17T04:00+00:00,5925,1.9,322,4.0,1002.5
2025-02-17T05:00+00:00,5925,1.5,31,3.5,1002.9
2025-02-17T06:00+00:00,5925,2.2,33,4.7,1003.3
2025-02-17T07:00+00:00,5925,1.5,40,3.7,1004.0
2025-02-17T08:00+00:00,5925,1.0,73,2.6,1004.4
2025-02-17T09:00+00:00,5925,1.2,82,3.2,1004.3
2025-02-17T10:00+00:00,5925,1.6,95,4.9,1004.2
2025-02-17T11:00+00:00,5925,2.0,138,6.2,1003.6
2025-02-17T12:00+00:00,5925,2.9,145,6.8,1003.1
2025-02-17T13:00+00:00,5925,2.6,147,6.5,1002.5
2025-02-17T14:00+00:00,5925,2.8,137,7.9,1002.1
2025-02-17T15:00+00:00,5925,3.1,151,6.7,1002.2
2025-02-17T16:00+00:00,5925,3.7,161,7.2,1002.3
2025-02-17T17:00+00:00,5925,3.2,147,6.6,1002.6
2025-02-17T18:00+00:00,5925,3.1,133,6.2,1002.5
2025-02-17T19:00+00:00,5925,3.1,129,6.2,1002.5
2025-02-17T20:00+00:00,5925,3.0,128,6.1,1002.6
2025-02-17T21:00+00:00,5925,3.5,127,6.7,1002.6
2025-02-17T22:00+00:00,5925,3.1,110,6.0,1002.4
2025-02-17T23:00+00:00,5925,2.1,97,5.3,1002.5
2025-02-18T00:00+00:00,5925,2.0,40,3.9,1002.6
2025-02-18T01:00+00:00,5925,2.2,46,4.6,1002.7
2025-02-18T02:00+00:00,5925,2.5,41,4.9,1002.9
2025-02-18T03:00+00:00,5925,1.9,33,4.6,1003.3
2025-02-18T04:00+00:00,5925,2.0,329,5.3,1003.8
2025-02-18T05:00+00:00,5925,2.2,341,6.4,1004.3
2025-02-18T06:00+00:00,5925,2.6,334,6.7,1004.6
2025-02-18T07:00+00:00,5925,2.7,332,6.4,1005.5
2025-02-18T08:00+00:00,5925,2.6,342,6.3,1005.9
2025-02-18T09:00+00:00,5925,2.3,354,6.9,1006.5
2025-02-18T10:00+00:00,5925,2.5,353,7.6,1006.9
2025-02-18T11:00+00:00,5925,2.7,2,7.5,1006.9
2025-02-18T12:00+00:00,5925,2.4,41,7.0,1006.6
2025-02-18T13:00+00:00,5925,2.8,347,8.6,1006.5
2025-02-18T14:00+00:00,5925,2.4,344,6.9,1006.6
2025-02-18T15:00+00:00,5925,2.9,333,7.8,1006.8
2025-02-18T16:00+00:00,5925,3.3,333,7.2,1007.3
2025-02-18T17:00+00:00,5925,3.0,331,6.5,1007.8
2025-02-18T18:00+00:00,5925,2.9,327,5.9,1008.4
2025-02-18T19:00+00:00,5925,2.6,325,5.3,1008.6
2025-02-18T20:00+00:00,5925,1.7,327,4.0,1009.2
2025-02-18T21:00+00:00,5925,1.5,330,4.0,1009.6
2025-02-18T22:00+00:00,5925,1.0,267,3.1,1009.5
2025-02-18T23:00+00:00,5925,1.5,219,2.7,1009.8
2025-02-19T00:00+00:00,5925,1.2,215,2.6,1009.9
2025-02-19T01:00+00:00,5925,0.9,216,2.5,1010.1
2025-02-19T02:00+00:00,5925,1.3,220,2.8,1010.2
2025-02-19T03:00+00:00,5925,1.2,213,2.9,1010.2
2025-02-19T04:00+00:00,5925,0.8,219,1.8,1010.5
2025-02-19T05:00+00:00,5925,1.5,55,2.8,1010.5
2025-02-19T06:00+00:00,5925,1.7,66,3.4,1010.8
2025-02-19T07:00+00:00,5925,1.2,124,3.4,1010.8
2025-02-19T08:00+00:00,5925,1.2,101,3.2,1011.2
2025-02-19T09:00+00:00,5925,2.3,108,6.1,1011.1
2025-02-19T10:00+00:00,5925,2.2,87,6.6,1010.9
2025-02-19T11:00+00:00,5925,3.0,120,8.6,1010.1
2025-02-19T12:00+00:00,5925,5.2,138,10.8,1009.5
2025-02-19T13:00+00:00,5925,4.7,130,11.5,1009.0
2025-02-19T14:00+00:00,5925,4.9,124,11.4,1008.8
2025-02-19T15:00+00:00,5925,5.2,127,11.2,1008.7
2025-02-19T16:00+00:00,5925,5.0,127,10.8,1008.7
2025-02-19T17:00+00:00,5925,4.2,125,8.7,1008.8
2025-02-19T18:00+00:00,5925,4.5,126,8.5,1009.3
2025-02-19T19:00+00:00,5925,3.7,132,7.3,1009.3
2025-02-19T20:00+00:00,5925,3.9,135,8.5,1009.6
2025-02-19T21:00+00:00,5925,4.1,134,8.6,1009.6
2025-02-19T22:00+00:00,5925,4.0,130,9.6,1009.5
2025-02-19T23:00+00:00,5925,4.5,137,9.5,1009.5
2025-02-20T00:00+00:00,5925,4.2,140,9.3,1009.5
2025-02-20T01:00+00:00,5925,4.2,139,8.8,1009.7
2025-02-20T02:00+00:00,5925,3.9,140,7.7,1009.3
2025-02-20T03:00+00:00,5925,4.0,141,8.7,1009.1
2025-02-20T04:00+00:00,5925,3.0,136,7.4,1009.6
2025-02-20T05:00+00:00,5925,2.7,139,5.7,1009.5
2025-02-20T06:00+00:00,5925,2.6,144,5.4,1009.7
2025-02-20T07:00+00:00,5925,2.6,138,5.4,1009.9
2025-02-20T08:00+00:00,5925,3.1,135,6.5,1009.8
2025-02-20T09:00+00:00,5925,3.6,153,7.7,1010.0
2025-02-20T10:00+00:00,5925,3.9,153,7.5,1009.9
2025-02-20T11:00+00:00,5925,3.7,154,7.9,1009.7
2025-02-20T12:00+00:00,5925,3.6,129,8.4,1009.2
2025-02-20T13:00+00:00,5925,4.2,128,9.2,1009.1
2025-02-20T14:00+00:00,5925,3.5,141,8.3,1009.0
2025-02-20T15:00+00:00,5925,3.3,130,8.0,1008.9
2025-02-20T16:00+00:00,5925,3.6,139,7.0,1009.1
2025-02-20T17:00+00:00,5925,2.9,133,6.5,1009.5
2025-02-20T18:00+00:00,5925,2.8,119,6.2,1009.7
2025-02-20T19:00+00:00,5925,2.5,126,5.7,1009.9
2025-02-20T20:00+00:00,5925,1.7,125,3.5,1009.9
2025-02-20T21:00+00:00,5925,1.6,108,3.9,1010.0
2025-02-20T22:00+00:00,5925,1.3,126,3.6,1010.0
2025-02-20T23:00+00:00,5925,1.8,137,4.3,1010.2
2025-02-21T00:00+00:00,5925,1.3,116,3.1,1010.4
2025-02-21T01:00+00:00,5925,1.3,119,3.4,1010.3
2025-02-21T02:00+00:00,5925,1.0,121,3.1,1010.3
2025-02-21T03:00+00:00,5925,1.9,135,4.0,1010.1
2025-02-21T04:00+00:00,5925,2.3,144,5.3,1010.4
2025-02-21T05:00+00:00,5925,2.2,131,4.9,1010.7
2025-02-21T06:00+00:00,5925,2.7,135,5.4,1010.7
2025-02-21T07:00+00:00,5925,2.5,140,6.7,1011.4
2025-02-21T08:00+00:00,5925,4.1,149,9.0,1011.3
2025-02-21T09:00+00:00,5925,3.9,150,8.6,1011.4
2025-02-21T10:00+00:00,5925,4.3,148,9.0,1011.4
2025-02-21T11:00+00:00,5925,4.9,148,9.6,1011.1
2025-02-21T12:00+00:00,5925,5.6,135,10.3,1010.9
2025-02-21T13:00+00:00,5925,4.6,139,9.8,1010.5
2025-02-21T14:00+00:00,5925,4.6,138,9.3,1010.2
2025-02-21T15:00+00:00,5925,4.7,139,9.7,1010.0
2025-02-21T16:00+00:00,5925,4.8,143,10.0,1009.8
2025-02-21T17:00+00:00,5925,4.0,140,8.7,1009.9
2025-02-21T18:00+00:00,5925,3.9,138,8.5,1009.9
2025-02-21T19:00+00:00,5925,4.2,144,9.7,1009.6
2025-02-21T20:00+00:00,5925,4.5,137,9.7,1009.2
2025-02-21T21:00+00:00,5925,4.4,136,9.7,1008.7
2025-02-21T22:00+00:00,5925,4.4,135,10.1,1008.2
2025-02-21T23:00+00:00,5925,3.5,126,7.6,1007.7
2025-02-22T00:00+00:00,5925,4.7,135,11.9,1007.6
2025-02-22T01:00+00:00,5925,4.3,128,10.4,1007.4
2025-02-22T02:00+00:00,5925,3.7,123,8.8,1007.1
2025-02-22T03:00+00:00,5925,4.8,129,10.9,1006.6
2025-02-22T04:00+00:00,5925,5.3,122,11.3,1006.2
2025-02-22T05:00+00:00,5925,5.5,129,11.0,1005.6
2025-02-22T06:00+00:00,5925,5.2,130,10.8,1005.8
2025-02-22T07:00+00:00,5925,5.0,127,10.7,1005.8
2025-02-22T08:00+00:00,5925,4.9,135,11.9,1005.2
2025-02-22T09:00+00:00,5925,5.2,122,13.5,1005.2
2025-02-22T10:00+00:00,5925,6.6,130,14.6,1005.1
2025-02-22T11:00+00:00,5925,6.1,132,13.5,1004.7
2025-02-22T12:00+00:00,5925,7.2,136,15.9,1004.3
2025-02-22T13:00+00:00,5925,6.8,141,14.6,1004.0
2025-02-22T14:00+00:00,5925,6.4,142,13.5,1003.7
2025-02-22T15:00+00:00,5925,6.1,144,13.7,1003.5
2025-02-22T16:00+00:00,5925,5.0,148,11.0,1004.1
2025-02-22T17:00+00:00,5925,4.2,132,9.8,1004.9
2025-02-22T18:00+00:00,5925,4.2,135,9.2,1005.2
2025-02-22T19:00+00:00,5925,3.4,128,8.6,1005.6
2025-02-22T20:00+00:00,5925,2.8,144,6.6,1006.0
2025-02-22T21:00+00:00,5925,1.4,151,4.4,1006.0
2025-02-22T22:00+00:00,5925,1.4,137,3.7,1006.4
2025-02-22T23:00+00:00,5925,1.3,130,3.2,1006.6
2025-02-23T00:00+00:00,5925,1.2,130,3.2,1006.7
2025-02-23T01:00+00:00,5925,1.6,128,4.0,1007.4
2025-02-23T02:00+00:00,5925,1.2,101,3.1,1007.8
2025-02-23T03:00+00:00,5925,0.5,105,1.6,1007.9
2025-02-23T04:00+00:00,5925,1.3,148,3.1,1008.1
2025-02-23T05:00+00:00,5925,0.5,113,2.3,1008.0
2025-02-23T06:00+00:00,5925,1.1,220,2.6,1008.4
2025-02-23T07:00+00:00,5925,1.0,216,2.4,1008.8
2025-02-23T08:00+00:00,5925,0.4,171,2.7,1009.1
2025-02-23T09:00+00:00,5925,0.3,63,2.7,1009.3
2025-02-23T10:00+00:00,5925,0.2,119,2.4,1009.3
2025-02-23T11:00+00:00,5925,0.7,60,2.6,1009.3
2025-02-23T12:00+00:00,5925,1.5,51,3.0,1009.1
2025-02-23T13:00+00:00,5925,1.2,58,3.6,1009.1
2025-02-23T14:00+00:00,5925,0.9,193,3.0,1008.9
2025-02-23T15:00+00:00,5925,1.6,215,3.7,1008.8
2025-02-23T16:00+00:00,5925,1.2,220,3.2,1008.7
2025-02-23T17:00+00:00,5925,1.4,216,2.7,1009.0
2025-02-23T18:00+00:00,5925,0.9,226,2.8,1009.0
2025-02-23T19:00+00:00,5925,1.4,222,3.2,1009.0
2025-02-23T20:00+00:00,5925,0.4,71,2.4,1009.2
2025-02-23T21:00+00:00,5925,1.0,66,2.3,1009.2
2025-02-23T22:00+00:00,5925,0.5,128,2.0,1008.9
2025-02-23T23:00+00:00,5925,0.8,203,2.9,1008.9
2025-02-24T00:00+00:00,5925,0.4,53,2.1,1008.8
2025-02-24T01:00+00:00,5925,0.3,45,1.6,1008.6
2025-02-24T02:00+00:00,5925,1.0,56,2.1,1008.4
2025-02-24T03:00+00:00,5925,1.2,59,2.5,1008.4
2025-02-24T04:00+00:00,5925,0.6,83,1.5,1008.0
2025-02-24T05:00+00:00,5925,0.6,102,1.8,1007.6
2025-02-24T06:00+00:00,5925,0.6,123,1.8,1007.9
2025-02-24T07:00+00:00,5925,0.5,125,2.0,1007.7
2025-02-24T08:00+00:00,5925,0.9,203,2.8,1007.6
2025-02-24T09:00+00:00,5925,1.0,203,3.3,1007.3
2025-02-24T10:00+00:00,5925,1.1,67,3.5,1006.8
2025-02-24T11:00+00:00,5925,1.9,65,3.8,1006.0
2025-02-24T12:00+00:00,5925,1.3,98,3.9,1005.3
2025-02-24T13:00+00:00,5925,1.2,127,4.0,1004.3
2025-02-24T14:00+00:00,5925,1.8,91,5.2,1003.8
2025-02-24T15:00+00:00,5925,1.7,99,4.4,1003.3
2025-02-24T16:00+00:00,5925,2.2,102,5.1,1003.1
2025-02-24T17:00+00:00,5925,3.1,142,6.1,1003.1
2025-02-24T18:00+00:00,5925,2.7,148,5.7,1002.7
2025-02-24T19:00+00:00,5925,2.1,148,4.5,1002.3
2025-02-24T20:00+00:00,5925,2.1,141,4.4,1002.1
2025-02-24T21:00+00:00,5925,1.5,150,3.7,1001.6
2025-02-24T22:00+00:00,5925,1.0,147,3.5,1001.3
2025-02-24T23:00+00:00,5925,1.3,93,3.0,1000.8
2025-02-25T00:00+00:00,5925,1.4,123,3.2,1000.5
2025-02-25T01:00+00:00,5925,1.9,137,3.9,1000.2
2025-02-25T02:00+00:00,5925,2.4,136,5.8,999.9
2025-02-25T03:00+00:00,5925,1.4,142,4.7,999.6
2025-02-25T04:00+00:00,5925,2.1,128,4.6,999.5
2025-02-25T05:00+00:00,5925,2.1,131,4.9,999.2
2025-02-25T06:00+00:00,5925,2.2,129,4.6,999.5
2025-02-25T07:00+00:00,5925,2.8,143,5.1,999.6
2025-02-25T08:00+00:00,5925,2.4,134,5.7,999.6
2025-02-25T09:00+00:00,5925,2.2,138,5.7,999.6
2025-02-25T10:00+00:00,5925,2.5,140,6.0,999.3
2025-02-25T11:00+00:00,5925,2.3,134,4.6,999.0
2025-02-25T12:00+00:00,5925,2.4,135,4.6,998.1
2025-02-25T13:00+00:00,5925,2.2,130,4.7,997.4
2025-02-25T14:00+00:00,5925,2.4,110,5.4,996.8
2025-02-25T15:00+00:00,5925,2.7,113,6.1,996.0
2025-02-25T16:00+00:00,5925,3.5,126,6.6,995.5
2025-02-25T17:00+00:00,5925,2.8,137,7.0,995.4
2025-02-25T18:00+00:00,5925,3.2,131,9.0,995.3
2025-02-25T19:00+00:00,5925,3.3,121,7.3,994.6
2025-02-25T20:00+00:00,5925,3.7,132,8.9,994.2
2025-02-25T21:00+00:00,5925,3.2,134,7.6,993.6
2025-02-25T22:00+00:00,5925,2.8,137,6.9,993.5
2025-02-25T23:00+00:00,5925,3.2,142,6.6,993.3
2025-02-26T00:00+00:00,5925,3.3,144,7.4,993.3
2025-02-26T01:00+00:00,5925,2.3,145,5.2,993.1
2025-02-26T02:00+00:00,5925,1.7,170,3.7,993.0
2025-02-26T03:00+00:00,5925,2.2,172,4.6,992.7
2025-02-26T04:00+00:00,5925,1.7,189,3.2,993.1
2025-02-26T05:00+00:00,5925,1.4,240,3.6,993.5
2025-02-26T06:00+00:00,5925,1.3,272,4.3,993.8
2025-02-26T07:00+00:00,5925,0.9,316,2.8,994.3
2025-02-26T08:00+00:00,5925,0.7,34,2.4,994.6
2025-02-26T09:00+00:00,5925,0.4,119,6.6,994.9
2025-02-26T10:00+00:00,5925,3.1,264,7.0,995.3
2025-02-26T11:00+00:00,5925,3.1,252,7.5,995.4
2025-02-26T12:00+00:00,5925,2.8,257,7.0,995.3
2025-02-26T13:00+00:00,5925,3.5,275,8.8,995.2
2025-02-26T14:00+00:00,5925,3.9,280,9.2,995.2
2025-02-26T15:00+00:00,5925,4.6,284,10.2,995.2
2025-02-26T16:00+00:00,5925,4.7,279,10.6,995.3
2025-02-26T17:00+00:00,5925,4.9,276,11.2,995.9
2025-02-26T18:00+00:00,5925,4.5,271,10.2,996.4
2025-02-26T19:00+00:00,5925,4.2,283,10.1,996.8
2025-02-26T20:00+00:00,5925,3.9,287,8.5,997.3
2025-02-26T21:00+00:00,5925,4.4,275,8.6,997.5
2025-02-26T22:00+00:00,5925,3.8,275,8.7,997.8
2025-02-26T23:00+00:00,5925,3.6,279,9.4,997.9
2025-02-27T00:00+00:00,5925,4.5,279,10.2,997.9
2025-02-27T01:00+00:00,5925,4.4,282,9.6,997.7
2025-02-27T02:00+00:00,5925,4.6,283,9.8,997.6
2025-02-27T03:00+00:00,5925,4.2,286,9.7,997.4
2025-02-27T04:00+00:00,5925,4.3,283,9.1,997.4
2025-02-27T05:00+00:00,5925,3.8,279,8.9,997.4
2025-02-27T06:00+00:00,5925,3.0,285,8.7,997.5
2025-02-27T07:00+00:00,5925,4.5,288,9.2,997.8
2025-02-27T08:00+00:00,5925,3.9,277,7.6,998.0
2025-02-27T09:00+00:00,5925,3.7,287,7.8,998.0
2025-02-27T10:00+00:00,5925,3.2,281,7.3,998.0
2025-02-27T11:00+00:00,5925,2.5,276,6.2,997.6
2025-02-27T12:00+00:00,5925,2.4,297,5.9,996.9
2025-02-27T13:00+00:00,5925,1.6,314,3.8,996.6
2025-02-27T14:00+00:00,5925,1.5,317,4.0,996.2
2025-02-27T15:00+00:00,5925,0.8,331,4.7,996.0
2025-02-27T16:00+00:00,5925,0.7,59,2.5,996.2
2025-02-27T17:00+00:00,5925,1.1,295,3.4,996.4
2025-02-27T18:00+00:00,5925,0.7,313,2.4,996.7
2025-02-27T19:00+00:00,5925,0.6,266,3.0,996.9
2025-02-27T20:00+00:00,5925,1.1,212,3.4,997.3
2025-02-27T21:00+00:00,5925,1.7,221,3.2,997.7
2025-02-27T22:00+00:00,5925,3.5,272,9.8,997.6
2025-02-27T23:00+00:00,5925,5.3,276,10.4,998.0
2025-02-28T00:00+00:00,5925,5.1,282,11.4,998.5
2025-02-28T01:00+00:00,5925,4.5,282,8.9,998.9
2025-02-28T02:00+00:00,5925,4.5,290,8.6,999.0
2025-02-28T03:00+00:00,5925,4.9,290,8.7,999.0
2025-02-28T04:00+00:00,5925,3.8,301,8.4,999.0
2025-02-28T05:00+00:00,5925,2.8,286,7.1,999.6
2025-02-28T06:00+00:00,5925,2.9,285,6.3,999.8
2025-02-28T07:00+00:00,5925,2.6,281,7.5,1000.4
2025-02-28T08:00+00:00,5925,4.3,290,8.8,1000.5
2025-02-28T09:00+00:00,5925,4.4,285,8.8,1000.9
2025-02-28T10:00+00:00,5925,4.3,289,9.3,1000.9
2025-02-28T11:00+00:00,5925,4.4,282,10.1,1000.5
2025-02-28T12:00+00:00,5925,4.4,285,9.9,999.8
2025-02-28T13:00+00:00,5925,3.9,265,10.5,999.6
2025-02-28T14:00+00:00,5925,3.7,310,9.1,999.7
2025-02-28T15:00+00:00,5925,3.5,325,7.6,999.9
2025-02-28T16:00+00:00,5925,4.2,317,10.5,1000.5
2025-02-28T17:00+00:00,5925,4.2,307,9.6,1001.2
2025-02-28T18:00+00:00,5925,3.6,295,7.2,1001.6
2025-02-28T19:00+00:00,5925,3.1,286,6.7,1001.6
2025-02-28T20:00+00:00,5925,2.3,272,6.5,1001.9
2025-02-28T21:00+00:00,5925,2.8,276,6.5,1002.1
2025-02-28T22:00+00:00,5925,2.1,263,6.4,1002.2
2025-02-28T23:00+00:00,5925,1.6,216,3.9,1002.5
2025-03-01T00:00+00:00,5925,1.4,249,3.9,1002.9
2025-03-01T01:00+00:00,5925,1.6,227,3.6,1003.2
2025-03-01T02:00+00:00,5925,0.8,256,3.3,1003.2
2025-03-01T03:00+00:00,5925,1.6,231,4.9,1003.5
2025-03-01T04:00+00:00,5925,1.4,255,4.8,1004.0
2025-03-01T05:00+00:00,5925,2.8,293,7.6,1004.3
2025-03-01T06:00+00:00,5925,2.1,311,4.6,1004.7
2025-03-01T07:00+00:00,5925,2.2,293,6.2,1005.4
2025-03-01T08:00+00:00,5925,2.2,312,7.4,1005.8
2025-03-01T09:00+00:00,5925,3.7,330,8.5,1006.6
2025-03-01T10:00+00:00,5925,2.7,333,7.3,1006.5
2025-03-01T11:00+00:00,5925,2.3,342,6.6,1006.6
2025-03-01T12:00+00:00,5925,3.2,301,9.2,1006.2
2025-03-01T13:00+00:00,5925,3.9,308,10.9,1005.9
2025-03-01T14:00+00:00,5925,4.1,318,9.2,1005.9
2025-03-01T15:00+00:00,5925,4.1,333,10.5,1006.3
2025-03-01T16:00+00:00,5925,4.9,329,10.1,1007.0
2025-03-01T17:00+00:00,5925,4.5,336,9.7,1007.8
2025-03-01T18:00+00:00,5925,4.5,334,10.6,1008.5
2025-03-01T19:00+00:00,5925,4.2,328,8.6,1008.7
2025-03-01T20:00+00:00,5925,4.5,328,9.3,1009.2
2025-03-01T21:00+00:00,5925,3.7,330,8.4,1009.8
2025-03-01T22:00+00:00,5925,2.9,322,8.3,1010.2
2025-03-01T23:00+00:00,5925,3.5,305,8.5,1010.2
2025-03-02T00:00+00:00,5925,3.9,304,8.7,1010.3
2025-03-02T01:00+00:00,5925,3.4,299,7.6,1010.2
2025-03-02T02:00+00:00,5925,3.9,316,8.8,1010.1
2025-03-02T03:00+00:00,5925,3.9,313,8.2,1010.2
2025-03-02T04:00+00:00,5925,4.2,309,9.1,1010.2
2025-03-02T05:00+00:00,5925,3.6,309,7.4,1010.2
2025-03-02T06:00+00:00,5925,4.4,300,8.4,1010.2
2025-03-02T07:00+00:00,5925,4.7,304,9.2,1011.0
2025-03-02T08:00+00:00,5925,4.7,316,10.3,1011.5
2025-03-02T09:00+00:00,5925,4.9,318,10.2,1011.2
2025-03-02T10:00+00:00,5925,4.6,315,10.4,1010.8
2025-03-02T11:00+00:00,5925,4.2,311,9.1,1010.4
2025-03-02T12:00+00:00,5925,4.4,311,8.9,1009.7
2025-03-02T13:00+00:00,5925,4.1,319,8.1,1009.1
2025-03-02T14:00+00:00,5925,3.6,317,10.1,1008.8
2025-03-02T15:00+00:00,5925,3.6,311,9.8,1008.5
2025-03-02T16:00+00:00,5925,4.3,318,9.4,1008.5
2025-03-02T17:00+00:00,5925,3.8,323,8.3,1008.5
2025-03-02T18:00+00:00,5925,2.7,318,5.9,1008.9
2025-03-02T19:00+00:00,5925,2.7,319,5.6,1009.3
2025-03-02T20:00+00:00,5925,2.8,325,6.5,1009.3
2025-03-02T21:00+00:00,5925,1.9,309,4.8,1009.5
2025-03-02T22:00+00:00,5925,1.8,237,4.4,1009.3
2025-03-02T23:00+00:00,5925,1.4,269,3.9,1009.3
2025-03-03T00:00+00:00,5925,1.9,276,4.5,1009.5
2025-03-03T01:00+00:00,5925,2.1,223,3.3,1009.3
2025-03-03T02:00+00:00,5925,2.0,220,3.8,1009.2
2025-03-03T03:00+00:00,5925,2.5,218,4.0,1008.4
2025-03-03T04:00+00:00,5925,1.4,227,3.2,1008.9
2025-03-03T05:00+00:00,5925,1.2,243,4.1,1008.7
2025-03-03T06:00+00:00,5925,0.6,234,3.4,1009.0
2025-03-03T07:00+00:00,5925,0.5,346,3.0,1009.6
2025-03-03T08:00+00:00,5925,0.5,262,3.0,1009.2
2025-03-03T09:00+00:00,5925,0.6,93,3.6,1009.1
2025-03-03T10:00+00:00,5925,1.9,15,5.3,1009.1
2025-03-03T11:00+00:00,5925,2.1,34,5.8,1008.4
2025-03-03T12:00+00:00,5925,2.4,20,8.0,1007.5
2025-03-03T13:00+00:00,5925,2.1,21,5.4,1006.9
2025-03-03T14:00+00:00,5925,1.6,354,5.3,1006.4
2025-03-03T15:00+00:00,5925,2.1,357,6.9,1006.2
2025-03-03T16:00+00:00,5925,2.3,329,6.0,1005.7
2025-03-03T17:00+00:00,5925,2.1,332,5.3,1005.9
2025-03-03T18:00+00:00,5925,1.1,309,2.8,1006.2
2025-03-03T19:00+00:00,5925,1.0,234,3.4,1006.5
2025-03-03T20:00+00:00,5925,1.8,217,2.7,1006.8
2025-03-03T21:00+00:00,5925,2.1,218,3.1,1006.6
2025-03-03T22:00+00:00,5925,1.5,213,2.6,1006.7
2025-03-03T23:00+00:00,5925,2.1,218,3.4,1006.6
2025-03-04T00:00+00:00,5925,2.4,219,4.0,1006.5
2025-03-04T01:00+00:00,5925,2.5,218,4.1,1006.4
2025-03-04T02:00+00:00,5925,1.5,212,3.0,1006.5
2025-03-04T03:00+00:00,5925,1.9,215,3.2,1006.2
2025-03-04T04:00+00:00,5925,1.7,217,3.0,1005.9
2025-03-04T05:00+00:00,5925,0.8,189,2.6,1006.2
2025-03-04T06:00+00:00,5925,0.8,82,3.2,1006.4
2025-03-04T07:00+00:00,5925,2.0,221,3.8,1006.7
2025-03-04T08:00+00:00,5925,0.6,156,3.1,1006.8
2025-03-04T09:00+00:00,5925,1.0,69,3.2,1006.7
2025-03-04T10:00+00:00,5925,1.8,50,4.1,1006.7
2025-03-04T11:00+00:00,5925,1.6,55,3.7,1006.3
2025-03-04T12:00+00:00,5925,1.3,54,3.9,1005.7
2025-03-04T13:00+00:00,5925,1.1,54,4.0,1005.1
2025-03-04T14:00+00:00,5925,0.6,98,4.6,1004.6
2025-03-04T15:00+00:00,5925,1.3,135,4.1,1004.3
2025-03-04T16:00+00:00,5925,1.2,87,3.3,1004.3
2025-03-04T17:00+00:00,5925,1.6,75,4.3,1004.7
2025-03-04T18:00+00:00,5925,1.9,55,3.7,1005.1
2025-03-04T19:00+00:00,5925,1.6,47,2.7,1005.4
2025-03-04T20:00+00:00,5925,0.6,224,2.2,1005.7
2025-03-04T21:00+00:00,5925,0.7,221,2.7,1005.7
2025-03-04T22:00+00:00,5925,1.9,218,2.7,1005.6
2025-03-04T23:00+00:00,5925,1.5,214,2.7,1005.7
2025-03-05T00:00+00:00,5925,1.6,215,2.7,1005.7
2025-03-05T01:00+00:00,5925,1.2,211,2.4,1005.6
2025-03-05T02:00+00:00,5925,1.0,207,2.3,1005.3
2025-03-05T03:00+00:00,5925,1.1,206,2.4,1005.2
2025-03-05T04:00+00:00,5925,0.7,208,2.6,1005.2
2025-03-05T05:00+00:00,5925,0.8,13,3.9,1005.4
2025-03-05T06:00+00:00,5925,1.9,37,3.9,1006.2
2025-03-05T07:00+00:00,5925,0.8,324,3.2,1006.3
2025-03-05T08:00+00:00,5925,0.4,322,3.0,1006.8
2025-03-05T09:00+00:00,5925,1.2,52,3.8,1006.9
2025-03-05T10:00+00:00,5925,1.5,62,4.3,1006.7
2025-03-05T11:00+00:00,5925,1.1,93,3.5,1006.4
2025-03-05T12:00+00:00,5925,1.0,118,4.1,1005.6
2025-03-05T13:00+00:00,5925,1.4,87,4.4,1005.2
2025-03-05T14:00+00:00,5925,1.2,79,4.5,1004.4
2025-03-05T15:00+00:00,5925,0.6,61,4.2,1003.8
2025-03-05T16:00+00:00,5925,2.0,331,5.6,1003.6
2025-03-05T17:00+00:00,5925,2.2,328,5.4,1003.7
2025-03-05T18:00+00:00,5925,1.5,1,4.0,1004.0
2025-03-05T19:00+00:00,5925,1.0,31,2.9,1004.0
2025-03-05T20:00+00:00,5925,1.0,219,2.2,1004.1
2025-03-05T21:00+00:00,5925,1.1,220,1.9,1004.2
2025-03-05T22:00+00:00,5925,1.7,221,2.5,1004.1
2025-03-05T23:00+00:00,5925,1.3,213,2.7,1003.8
2025-03-06T00:00+00:00,5925,1.8,220,2.8,1003.7
2025-03-06T01:00+00:00,5925,1.1,212,2.8,1003.2
2025-03-06T02:00+00:00,5925,0.3,189,2.5,1002.7
2025-03-06T03:00+00:00,5925,0.1,117,1.4,1002.6
2025-03-06T04:00+00:00,5925,0.2,172,2.2,1002.7
2025-03-06T05:00+00:00,5925,0.4,204,3.1,1002.7
2025-03-06T06:00+00:00,5925,0.7,159,2.2,1003.1
2025-03-06T07:00+00:00,5925,1.8,129,5.8,1003.2
2025-03-06T08:00+00:00,5925,1.6,127,4.8,1003.4
2025-03-06T09:00+00:00,5925,1.2,117,3.5,1003.2
2025-03-06T10:00+00:00,5925,2.0,124,5.4,1002.9
2025-03-06T11:00+00:00,5925,1.4,114,5.1,1002.2
2025-03-06T12:00+00:00,5925,1.6,69,6.9,1001.3
2025-03-06T13:00+00:00,5925,4.0,147,9.8,1000.7
2025-03-06T14:00+00:00,5925,5.3,139,10.7,999.9
2025-03-06T15:00+00:00,5925,6.1,151,13.8,999.6
2025-03-06T16:00+00:00,5925,7.8,153,13.1,999.6
2025-03-06T17:00+00:00,5925,7.6,150,12.8,999.8
2025-03-06T18:00+00:00,5925,5.5,153,12.9,999.9
2025-03-06T19:00+00:00,5925,4.3,167,9.3,1000.1
2025-03-06T20:00+00:00,5925,3.1,170,7.5,1000.1
2025-03-06T21:00+00:00,5925,0.3,293,3.3,1000.2
2025-03-06T22:00+00:00,5925,3.4,184,6.9,999.9
2025-03-06T23:00+00:00,5925,1.2,171,7.5,999.9
2025-03-07T00:00+00:00,5925,0.8,108,4.1,999.7
2025-03-07T01:00+00:00,5925,0.7,51,2.0,999.3
2025-03-07T02:00+00:00,5925,0.7,351,1.9,999.0
2025-03-07T03:00+00:00,5925,0.4,270,1.4,999.0
2025-03-07T04:00+00:00,5925,0.7,261,2.4,999.2
2025-03-07T05:00+00:00,5925,0.7,343,2.3,999.1
2025-03-07T06:00+00:00,5925,1.4,321,3.3,999.7
2025-03-07T07:00+00:00,5925,1.1,21,2.9,1000.0
2025-03-07T08:00+00:00,5925,1.0,65,2.4,1000.0
2025-03-07T09:00+00:00,5925,1.1,74,3.3,999.9
2025-03-07T10:00+00:00,5925,1.3,53,3.7,999.8
2025-03-07T11:00+00:00,5925,0.9,82,3.5,999.1
2025-03-07T12:00+00:00,5925,0.5,85,4.4,997.9
2025-03-07T13:00+00:00,5925,1.6,334,5.6,996.8
2025-03-07T14:00+00:00,5925,3.8,160,9.2,996.3
2025-03-07T15:00+00:00,5925,5.5,164,10.9,995.8
2025-03-07T16:00+00:00,5925,5.1,168,10.3,995.7
2025-03-07T17:00+00:00,5925,3.5,147,7.1,995.8
2025-03-07T18:00+00:00,5925,3.3,137,7.1,996.2
2025-03-07T19:00+00:00,5925,4.3,163,9.4,996.2
2025-03-07T20:00+00:00,5925,3.2,174,7.1,996.4
2025-03-07T21:00+00:00,5925,2.1,206,4.4,996.5
2025-03-07T22:00+00:00,5925,1.4,211,5.1,996.6
2025-03-07T23:00+00:00,5925,1.0,118,3.8,996.4
2025-03-08T00:00+00:00,5925,0.6,68,2.1,996.0
2025-03-08T01:00+00:00,5925,1.0,153,3.7,995.7
2025-03-08T02:00+00:00,5925,1.8,176,3.3,995.5
2025-03-08T03:00+00:00,5925,0.8,171,3.0,995.3
2025-03-08T04:00+00:00,5925,0.9,75,2.5,995.5
2025-03-08T05:00+00:00,5925,1.0,78,2.3,995.5
2025-03-08T06:00+00:00,5925,0.6,139,2.3,995.8
2025-03-08T07:00+00:00,5925,0.9,166,2.6,995.9
2025-03-08T08:00+00:00,5925,1.6,186,3.7,996.2
2025-03-08T09:00+00:00,5925,1.2,175,4.0,995.9
2025-03-08T10:00+00:00,5925,1.4,113,5.7,995.5
2025-03-08T11:00+00:00,5925,1.7,142,5.9,994.7
2025-03-08T12:00+00:00,5925,3.5,132,9.2,993.7
2025-03-08T13:00+00:00,5925,4.9,149,10.2,993.0
2025-03-08T14:00+00:00,5925,5.9,146,11.6,992.3
2025-03-08T15:00+00:00,5925,5.6,138,11.3,991.8
2025-03-08T16:00+00:00,5925,5.6,145,13.1,991.8
2025-03-08T17:00+00:00,5925,3.9,146,11.5,991.9
2025-03-08T18:00+00:00,5925,2.7,150,6.3,991.9
2025-03-08T19:00+00:00,5925,1.9,185,4.9,992.0
2025-03-08T20:00+00:00,5925,2.3,194,4.5,992.0
2025-03-08T21:00+00:00,5925,1.1,186,2.8,991.9
2025-03-08T22:00+00:00,5925,2.0,166,4.7,991.5
2025-03-08T23:00+00:00,5925,2.7,161,4.9,991.2
2025-03-09T00:00+00:00,5925,1.0,188,3.5,990.8
2025-03-09T01:00+00:00,5925,0.2,135,3.2,990.3
2025-03-09T02:00+00:00,5925,0.7,22,2.0,989.8
2025-03-09T03:00+00:00,5925,1.8,126,6.3,989.5
2025-03-09T04:00+00:00,5925,1.5,144,3.9,989.5
2025-03-09T05:00+00:00,5925,1.6,133,4.3,989.3
2025-03-09T06:00+00:00,5925,1.4,130,3.8,989.3
2025-03-09T07:00+00:00,5925,1.4,119,4.1,989.5
2025-03-09T08:00+00:00,5925,0.4,116,2.6,989.3
2025-03-09T09:00+00:00,5925,2.0,129,5.6,988.9
2025-03-09T10:00+00:00,5925,3.8,138,8.2,988.2
2025-03-09T11:00+00:00,5925,5.1,134,10.3,987.5
2025-03-09T12:00+00:00,5925,6.1,145,12.7,986.5
2025-03-09T13:00+00:00,5925,6.5,132,14.8,985.6
2025-03-09T14:00+00:00,5925,6.1,135,13.4,984.9
2025-03-09T15:00+00:00,5925,6.7,135,13.4,984.5
2025-03-09T16:00+00:00,5925,6.7,146,13.3,984.3
2025-03-09T17:00+00:00,5925,5.9,146,11.9,984.2
2025-03-09T18:00+00:00,5925,5.8,149,11.5,984.1
2025-03-09T19:00+00:00,5925,5.0,143,10.2,983.7
2025-03-09T20:00+00:00,5925,4.0,149,8.3,983.5
2025-03-09T21:00+00:00,5925,3.5,147,7.3,983.3
2025-03-09T22:00+00:00,5925,3.5,143,6.9,982.9
2025-03-09T23:00+00:00,5925,1.5,117,5.4,982.4
2025-03-10T00:00+00:00,5925,1.5,105,2.8,981.8
2025-03-10T01:00+00:00,5925,0.6,94,2.1,981.1
2025-03-10T02:00+00:00,5925,0.6,122,2.3,980.8
2025-03-10T03:00+00:00,5925,0.5,57,2.2,980.4
2025-03-10T04:00+00:00,5925,0.4,243,2.3,980.5
2025-03-10T05:00+00:00,5925,1.0,228,2.5,980.4
2025-03-10T06:00+00:00,5925,0.4,313,2.8,980.5
2025-03-10T07:00+00:00,5925,0.4,230,3.0,980.7
2025-03-10T08:00+00:00,5925,0.8,286,3.1,980.1
2025-03-10T09:00+00:00,5925,2.3,83,5.1,980.7
2025-03-10T10:00+00:00,5925,1.1,60,3.5,980.1
2025-03-10T11:00+00:00,5925,0.7,47,2.8,979.6
2025-03-10T12:00+00:00,5925,0.3,8,3.5,979.0
2025-03-10T13:00+00:00,5925,5.7,178,13.6,978.6
2025-03-10T14:00+00:00,5925,6.1,181,12.2,978.7
2025-03-10T15:00+00:00,5925,7.4,182,13.3,979.1
2025-03-10T16:00+00:00,5925,5.6,186,12.0,979.2
2025-03-10T17:00+00:00,5925,2.4,201,7.1,980.0
2025-03-10T18:00+00:00,5925,1.1,272,5.3,981.3
2025-03-10T19:00+00:00,5925,6.6,275,18.5,983.1
2025-03-10T20:00+00:00,5925,5.7,275,13.5,983.2
2025-03-10T21:00+00:00,5925,3.5,229,8.1,983.5
2025-03-10T22:00+00:00,5925,3.1,243,7.1,983.8
2025-03-10T23:00+00:00,5925,2.2,208,5.3,983.8
2025-03-11T00:00+00:00,5925,1.9,218,3.9,984.2
2025-03-11T01:00+00:00,5925,2.8,214,5.5,984.2
2025-03-11T02:00+00:00,5925,3.3,230,5.5,983.5
2025-03-11T03:00+00:00,5925,2.1,220,4.2,983.2
2025-03-11T04:00+00:00,5925,2.3,224,3.8,983.0
2025-03-11T05:00+00:00,5925,1.8,213,3.2,983.4
2025-03-11T06:00+00:00,5925,2.1,219,3.7,983.1
2025-03-11T07:00+00:00,5925,1.6,219,2.9,983.3
2025-03-11T08:00+00:00,5925,1.6,226,2.8,983.6
2025-03-11T09:00+00:00,5925,0.6,234,2.2,983.1
2025-03-11T10:00+00:00,5925,1.2,50,3.0,982.7
2025-03-11T11:00+00:00,5925,1.6,53,4.4,982.5
2025-03-11T12:00+00:00,5925,2.4,58,5.5,981.4
2025-03-11T13:00+00:00,5925,1.1,69,4.5,980.9
2025-03-11T14:00+00:00,5925,1.8,125,4.8,980.4
2025-03-11T15:00+00:00,5925,2.1,137,5.5,980.4
2025-03-11T16:00+00:00,5925,1.9,148,4.5,980.4
2025-03-11T17:00+00:00,5925,1.8,153,4.4,980.8
2025-03-11T18:00+00:00,5925,1.6,184,2.9,981.0
2025-03-11T19:00+00:00,5925,0.9,203,2.8,981.0
2025-03-11T20:00+00:00,5925,0.6,180,1.7,981.1
2025-03-11T21:00+00:00,5925,1.1,215,3.2,981.3
2025-03-11T22:00+00:00,5925,0.6,215,2.2,981.2
2025-03-11T23:00+00:00,5925,1.5,227,3.9,981.0
2025-03-12T00:00+00:00,5925,1.9,223,3.9,980.5
2025-03-12T01:00+00:00,5925,1.1,208,2.5,980.2
2025-03-12T02:00+00:00,5925,0.7,199,2.5,979.7
2025-03-12T03:00+00:00,5925,0.9,207,2.5,979.5
2025-03-12T04:00+00:00,5925,1.1,133,3.8,979.2
2025-03-12T05:00+00:00,5925,1.1,123,3.7,978.9
2025-03-12T06:00+00:00,5925,1.1,100,3.3,978.7
2025-03-12T07:00+00:00,5925,2.2,145,4.6,978.4
2025-03-12T08:00+00:00,5925,2.1,152,4.6,978.2
2025-03-12T09:00+00:00,5925,1.6,141,5.1,977.5
2025-03-12T10:00+00:00,5925,2.0,157,6.8,977.0
2025-03-12T11:00+00:00,5925,3.3,175,8.5,976.3
2025-03-12T12:00+00:00,5925,6.8,165,14.3,975.1
2025-03-12T13:00+00:00,5925,7.8,173,16.0,974.6
2025-03-12T14:00+00:00,5925,7.6,173,14.0,974.5
2025-03-12T15:00+00:00,5925,7.6,173,14.4,974.0
2025-03-12T16:00+00:00,5925,6.8,167,12.6,974.1
2025-03-12T17:00+00:00,5925,6.0,178,11.7,974.2
2025-03-12T18:00+00:00,5925,5.4,173,9.3,974.5
2025-03-12T19:00+00:00,5925,5.1,173,9.8,974.6
2025-03-12T20:00+00:00,5925,5.1,179,9.2,974.4
2025-03-12T21:00+00:00,5925,4.6,185,8.9,974.2
2025-03-12T22:00+00:00,5925,4.5,179,8.6,974.4
2025-03-12T23:00+00:00,5925,4.3,189,11.9,974.0
2025-03-13T00:00+00:00,5925,5.8,169,13.8,973.6
2025-03-13T01:00+00:00,5925,3.7,142,7.4,972.6
2025-03-13T02:00+00:00,5925,3.8,148,7.8,971.6
2025-03-13T03:00+00:00,5925,3.4,151,7.0,970.9
2025-03-13T04:00+00:00,5925,3.0,146,5.9,970.3
2025-03-13T05:00+00:00,5925,3.4,133,7.4,969.7
2025-03-13T06:00+00:00,5925,4.3,141,9.8,968.8
2025-03-13T07:00+00:00,5925,3.5,155,8.5,968.2
2025-03-13T08:00+00:00,5925,3.5,259,10.6,969.0
2025-03-13T09:00+00:00,5925,4.7,271,11.1,969.6
2025-03-13T10:00+00:00,5925,5.9,265,14.0,970.3
2025-03-13T11:00+00:00,5925,6.5,268,16.3,972.0
2025-03-13T12:00+00:00,5925,5.5,253,14.6,972.6
2025-03-13T13:00+00:00,5925,5.5,261,12.8,973.4
2025-03-13T14:00+00:00,5925,5.8,272,13.4,973.6
2025-03-13T15:00+00:00,5925,6.4,287,14.1,974.6
2025-03-13T16:00+00:00,5925,5.1,292,10.7,975.5
2025-03-13T17:00+00:00,5925,3.6,324,7.5,976.8
2025-03-13T18:00+00:00,5925,4.4,324,9.4,978.5
2025-03-13T19:00+00:00,5925,3.9,326,9.2,980.1
2025-03-13T20:00+00:00,5925,3.1,325,7.1,980.8
2025-03-13T21:00+00:00,5925,1.3,354,3.9,981.5
2025-03-13T22:00+00:00,5925,2.2,327,4.8,981.6
2025-03-13T23:00+00:00,5925,1.8,331,5.1,982.2
2025-03-14T00:00+00:00,5925,2.2,20,5.7,982.2
2025-03-14T01:00+00:00,5925,3.0,47,6.0,982.3
2025-03-14T02:00+00:00,5925,2.7,55,5.6,982.0
2025-03-14T03:00+00:00,5925,1.8,116,4.5,982.1
2025-03-14T04:00+00:00,5925,1.9,127,3.8,982.3
2025-03-14T05:00+00:00,5925,1.7,83,4.4,981.9
2025-03-14T06:00+00:00,5925,2.0,69,4.2,981.2
2025-03-14T07:00+00:00,5925,1.2,132,3.5,982.1
2025-03-14T08:00+00:00,5925,2.3,141,5.0,982.6
2025-03-14T09:00+00:00,5925,0.5,90,2.6,982.7
2025-03-14T10:00+00:00,5925,1.5,344,4.8,982.6
2025-03-14T11:00+00:00,5925,1.8,349,5.2,982.5
2025-03-14T12:00+00:00,5925,2.0,333,4.9,982.7
2025-03-14T13:00+00:00,5925,2.1,328,4.7,982.4
2025-03-14T14:00+00:00,5925,3.9,318,8.0,982.4
2025-03-14T15:00+00:00,5925,5.2,299,11.4,983.4
2025-03-14T16:00+00:00,5925,3.8,290,8.8,984.8
2025-03-14T17:00+00:00,5925,3.5,303,9.0,985.8
2025-03-14T18:00+00:00,5925,4.6,295,9.5,986.0
2025-03-14T19:00+00:00,5925,3.3,295,8.1,986.5
2025-03-14T20:00+00:00,5925,2.9,290,8.1,987.5
2025-03-14T21:00+00:00,5925,2.9,288,6.1,988.4
2025-03-14T22:00+00:00,5925,3.3,314,7.9,988.5
2025-03-14T23:00+00:00,5925,3.8,327,7.8,988.2
2025-03-15T00:00+00:00,5925,4.1,333,9.2,988.5
2025-03-15T01:00+00:00,5925,3.2,336,7.5,988.7
2025-03-15T02:00+00:00,5925,3.7,331,7.6,988.2
2025-03-15T03:00+00:00,5925,3.9,326,7.4,988.4
2025-03-15T04:00+00:00,5925,4.5,328,8.7,988.9
2025-03-15T05:00+00:00,5925,4.4,327,8.4,989.2
2025-03-15T06:00+00:00,5925,4.1,327,8.3,990.0
2025-03-15T07:00+00:00,5925,4.3,327,7.5,990.7
2025-03-15T08:00+00:00,5925,3.8,325,7.6,990.8
2025-03-15T09:00+00:00,5925,3.2,326,6.6,991.1
2025-03-15T10:00+00:00,5925,3.1,325,6.8,991.3
2025-03-15T11:00+00:00,5925,3.2,328,7.2,991.9
2025-03-15T12:00+00:00,5925,3.6,326,7.7,991.8
2025-03-15T13:00+00:00,5925,3.9,327,8.8,991.8
2025-03-15T14:00+00:00,5925,3.3,327,7.6,992.1
2025-03-15T15:00+00:00,5925,3.4,333,7.0,992.2
2025-03-15T16:00+00:00,5925,4.0,330,7.3,992.3
2025-03-15T17:00+00:00,5925,3.3,329,7.3,992.5
2025-03-15T18:00+00:00,5925,3.2,326,7.2,993.2
2025-03-15T19:00+00:00,5925,2.7,338,6.8,993.6
2025-03-15T20:00+00:00,5925,2.7,328,5.8,993.7
2025-03-15T21:00+00:00,5925,2.6,332,6.6,993.7
2025-03-15T22:00+00:00,5925,3.6,330,7.6,993.4
2025-03-15T23:00+00:00,5925,3.5,327,7.2,993.1
2025-03-16T00:00+00:00,5925,3.3,332,6.7,993.2
2025-03-16T01:00+00:00,5925,3.0,334,7.1,993.2
2025-03-16T02:00+00:00,5925,2.8,327,5.8,993.0
2025-03-16T03:00+00:00,5925,3.6,325,6.8,992.7
2025-03-16T04:00+00:00,5925,3.3,324,6.7,993.1
2025-03-16T05:00+00:00,5925,3.3,326,6.9,993.3
2025-03-16T06:00+00:00,5925,3.4,325,6.6,993.4
2025-03-16T07:00+00:00,5925,2.9,315,6.4,993.5
2025-03-16T08:00+00:00,5925,2.6,321,5.5,993.8
2025-03-16T09:00+00:00,5925,2.9,318,5.9,994.0
2025-03-16T10:00+00:00,5925,3.3,321,7.0,994.0
2025-03-16T11:00+00:00,5925,3.1,319,7.3,994.0
2025-03-16T12:00+00:00,5925,2.7,321,6.5,993.8
2025-03-16T13:00+00:00,5925,3.0,327,6.4,993.4
2025-03-16T14:00+00:00,5925,2.8,317,7.8,993.2
2025-03-16T15:00+00:00,5925,3.5,314,6.9,993.1
2025-03-16T16:00+00:00,5925,3.7,316,7.9,993.1
2025-03-16T17:00+00:00,5925,3.9,309,8.9,993.4
2025-03-16T18:00+00:00,5925,3.8,281,7.6,994.0
2025-03-16T19:00+00:00,5925,3.5,291,7.6,994.7
2025-03-16T20:00+00:00,5925,3.9,294,7.8,995.1
2025-03-16T21:00+00:00,5925,3.5,280,7.6,995.2
2025-03-16T22:00+00:00,5925,3.3,305,7.1,995.5
2025-03-16T23:00+00:00,5925,3.6,295,7.5,995.6
2025-03-17T00:00+00:00,5925,3.9,298,8.3,996.2
2025-03-17T01:00+00:00,5925,3.0,303,8.5,996.2
2025-03-17T02:00+00:00,5925,4.0,312,8.8,996.3
2025-03-17T03:00+00:00,5925,4.1,304,8.8,996.6
2025-03-17T04:00+00:00,5925,4.3,304,10.0,996.7
2025-03-17T05:00+00:00,5925,5.3,307,11.6,996.7
2025-03-17T06:00+00:00,5925,5.0,297,10.4,996.8
2025-03-17T07:00+00:00,5925,6.5,302,14.3,997.0
2025-03-17T08:00+00:00,5925,6.3,309,15.6,997.5
2025-03-17T09:00+00:00,5925,5.5,311,13.7,998.6
2025-03-17T10:00+00:00,5925,4.8,310,11.4,999.5
2025-03-17T11:00+00:00,5925,5.1,337,11.0,1000.5
2025-03-17T12:00+00:00,5925,7.0,338,19.4,1001.1
2025-03-17T13:00+00:00,5925,5.4,340,15.0,1001.5
2025-03-17T14:00+00:00,5925,6.0,342,14.0,1002.3
2025-03-17T15:00+00:00,5925,5.7,340,13.8,1003.0
2025-03-17T16:00+00:00,5925,6.1,339,13.8,1003.8
2025-03-17T17:00+00:00,5925,6.3,335,13.6,1005.1
2025-03-17T18:00+00:00,5925,4.8,335,10.9,1005.9
2025-03-17T19:00+00:00,5925,5.1,334,11.2,1007.0
2025-03-17T20:00+00:00,5925,4.8,330,10.3,1007.8
2025-03-17T21:00+00:00,5925,4.3,328,9.2,1008.5
2025-03-17T22:00+00:00,5925,4.3,328,8.6,1008.9
2025-03-17T23:00+00:00,5925,3.9,330,7.4,1009.0
2025-03-18T00:00+00:00,5925,3.7,329,8.8,1009.3
2025-03-18T01:00+00:00,5925,3.5,327,6.6,1009.5
2025-03-18T02:00+00:00,5925,3.0,327,5.7,1009.5
2025-03-18T03:00+00:00,5925,2.3,325,5.1,1009.6
2025-03-18T04:00+00:00,5925,1.8,315,4.1,1010.1
2025-03-18T05:00+00:00,5925,1.4,305,3.7,1010.2
2025-03-18T06:00+00:00,5925,1.6,315,3.9,1010.8
2025-03-18T07:00+00:00,5925,2.1,325,4.9,1011.4
2025-03-18T08:00+00:00,5925,1.7,9,5.4,1011.8
2025-03-18T09:00+00:00,5925,1.7,11,5.9,1011.9
2025-03-18T10:00+00:00,5925,1.9,7,7.3,1011.8
2025-03-18T11:00+00:00,5925,2.6,37,7.7,1011.4
2025-03-18T12:00+00:00,5925,1.8,21,6.0,1010.9
2025-03-18T13:00+00:00,5925,1.3,11,5.9,1010.7
2025-03-18T14:00+00:00,5925,1.2,352,7.6,1010.2
2025-03-18T15:00+00:00,5925,1.5,357,6.4,1009.7
2025-03-18T16:00+00:00,5925,1.4,357,5.7,1009.2
2025-03-18T17:00+00:00,5925,1.6,345,4.5,1009.2
2025-03-18T18:00+00:00,5925,2.4,34,5.9,1009.7
2025-03-18T19:00+00:00,5925,1.1,107,2.9,1009.9
2025-03-18T20:00+00:00,5925,1.7,183,3.7,1010.0
2025-03-18T21:00+00:00,5925,1.9,195,3.7,1010.2
2025-03-18T22:00+00:00,5925,2.6,191,5.4,1010.3
2025-03-18T23:00+00:00,5925,2.4,182,4.7,1010.1
2025-03-19T00:00+00:00,5925,2.1,181,3.9,1010.1
2025-03-19T01:00+00:00,5925,1.3,143,2.5,1009.8
2025-03-19T02:00+00:00,5925,1.3,134,2.7,1009.6
2025-03-19T03:00+00:00,5925,1.0,66,2.4,1009.6
2025-03-19T04:00+00:00,5925,1.2,58,2.3,1009.2
2025-03-19T05:00+00:00,5925,1.1,82,3.0,1009.1
2025-03-19T06:00+00:00,5925,1.3,85,3.4,1009.5
2025-03-19T07:00+00:00,5925,1.3,101,4.2,1009.6
2025-03-19T08:00+00:00,5925,1.8,139,5.9,1009.5
2025-03-19T09:00+00:00,5925,2.8,134,5.9,1009.6
2025-03-19T10:00+00:00,5925,2.3,139,5.9,1009.3
2025-03-19T11:00+00:00,5925,3.0,111,7.3,1009.2
2025-03-19T12:00+00:00,5925,3.0,109,7.3,1008.7
2025-03-19T13:00+00:00,5925,3.1,115,8.1,1008.2
2025-03-19T14:00+00:00,5925,3.9,115,8.6,1007.9
2025-03-19T15:00+00:00,5925,4.2,112,8.5,1007.7
2025-03-19T16:00+00:00,5925,3.8,116,8.4,1007.6
2025-03-19T17:00+00:00,5925,3.9,129,8.6,1007.5
2025-03-19T18:00+00:00,5925,4.0,130,7.7,1007.8
2025-03-19T19:00+00:00,5925,3.2,129,6.4,1007.8
2025-03-19T20:00+00:00,5925,3.0,143,5.9,1007.7
2025-03-19T21:00+00:00,5925,3.0,144,7.3,1007.8
2025-03-19T22:00+00:00,5925,2.7,137,5.4,1007.6
2025-03-19T23:00+00:00,5925,2.9,134,4.9,1007.6
2025-03-20T00:00+00:00,5925,1.8,125,4.4,1007.5
2025-03-20T01:00+00:00,5925,1.4,109,3.5,1007.1
2025-03-20T02:00+00:00,5925,1.2,87,3.3,1007.1
2025-03-20T03:00+00:00,5925,2.4,104,5.5,1007.0
2025-03-20T04:00+00:00,5925,1.5,123,4.1,1007.3
2025-03-20T05:00+00:00,5925,1.3,117,3.7,1007.7
2025-03-20T06:00+00:00,5925,1.0,81,2.5,1007.8
2025-03-20T07:00+00:00,5925,1.1,79,3.1,1008.2
2025-03-20T08:00+00:00,5925,1.4,136,4.5,1008.6
2025-03-20T09:00+00:00,5925,1.3,114,4.3,1008.7
2025-03-20T10:00+00:00,5925,1.7,152,5.2,1008.2
2025-03-20T11:00+00:00,5925,2.1,139,5.9,1007.7
2025-03-20T12:00+00:00,5925,2.3,152,6.1,1006.7
2025-03-20T13:00+00:00,5925,1.9,139,6.4,1005.8
2025-03-20T14:00+00:00,5925,2.3,143,6.2,1005.3
2025-03-20T15:00+00:00,5925,2.9,142,6.6,1004.7
2025-03-20T16:00+00:00,5925,3.5,141,7.2,1004.5
2025-03-20T17:00+00:00,5925,3.3,145,6.6,1004.2
2025-03-20T18:00+00:00,5925,2.1,135,4.3,1003.8
2025-03-20T19:00+00:00,5925,1.4,125,3.9,1004.1
2025-03-20T20:00+00:00,5925,1.4,139,2.9,1003.8
2025-03-20T21:00+00:00,5925,1.0,129,2.8,1003.6
2025-03-20T22:00+00:00,5925,1.3,61,2.5,1003.4
2025-03-20T23:00+00:00,5925,1.3,60,2.3,1003.2
2025-03-21T00:00+00:00,5925,1.2,44,2.5,1003.1
2025-03-21T01:00+00:00,5925,0.3,68,1.8,1002.7
2025-03-21T02:00+00:00,5925,0.7,189,2.4,1002.5
2025-03-21T03:00+00:00,5925,0.7,162,2.1,1002.5
2025-03-21T04:00+00:00,5925,1.5,119,3.7,1002.6
2025-03-21T05:00+00:00,5925,1.2,141,2.6,1002.9
2025-03-21T06:00+00:00,5925,1.3,145,3.1,1003.1
2025-03-21T07:00+00:00,5925,2.0,141,4.9,1003.2
2025-03-21T08:00+00:00,5925,2.6,138,4.8,1003.1
2025-03-21T09:00+00:00,5925,2.2,150,4.9,1002.9
2025-03-21T10:00+00:00,5925,1.7,140,4.8,1002.3
2025-03-21T11:00+00:00,5925,2.9,130,7.9,1001.8
2025-03-21T12:00+00:00,5925,3.5,140,8.1,1001.0
2025-03-21T13:00+00:00,5925,3.7,127,8.3,1000.1
2025-03-21T14:00+00:00,5925,3.4,129,7.9,999.3
2025-03-21T15:00+00:00,5925,3.1,136,9.0,998.8
2025-03-21T16:00+00:00,5925,3.6,130,8.3,998.5
2025-03-21T17:00+00:00,5925,3.3,148,6.7,998.2
2025-03-21T18:00+00:00,5925,3.0,145,6.3,998.2
2025-03-21T19:00+00:00,5925,2.1,103,4.1,998.0
2025-03-21T20:00+00:00,5925,2.3,105,5.1,997.5
2025-03-21T21:00+00:00,5925,1.6,115,4.1,997.1
2025-03-21T22:00+00:00,5925,1.3,147,3.7,996.7
2025-03-21T23:00+00:00,5925,1.5,129,4.0,996.3
2025-03-22T00:00+00:00,5925,1.3,133,3.1,995.6
2025-03-22T01:00+00:00,5925,1.2,127,2.8,994.9
2025-03-22T02:00+00:00,5925,1.6,129,4.4,994.0
2025-03-22T03:00+00:00,5925,2.6,128,5.7,993.6
2025-03-22T04:00+00:00,5925,1.9,119,4.4,993.3
2025-03-22T05:00+00:00,5925,1.1,123,2.9,993.1
2025-03-22T06:00+00:00,5925,1.8,95,5.7,992.6
2025-03-22T07:00+00:00,5925,3.8,90,8.4,992.3
2025-03-22T08:00+00:00,5925,3.9,93,7.8,992.0
2025-03-22T09:00+00:00,5925,2.7,97,6.8,991.6
2025-03-22T10:00+00:00,5925,3.5,91,7.4,991.1
2025-03-22T11:00+00:00,5925,3.9,113,9.3,990.5
2025-03-22T12:00+00:00,5925,3.8,130,8.3,989.7
2025-03-22T13:00+00:00,5925,3.6,131,9.4,989.2
2025-03-22T14:00+00:00,5925,4.1,143,8.6,989.0
2025-03-22T15:00+00:00,5925,4.1,106,9.6,988.5
2025-03-22T16:00+00:00,5925,4.1,95,9.5,988.4
2025-03-22T17:00+00:00,5925,3.1,75,6.9,988.4
2025-03-22T18:00+00:00,5925,4.4,60,9.1,988.5
2025-03-22T19:00+00:00,5925,4.3,62,8.7,988.5
2025-03-22T20:00+00:00,5925,3.4,61,6.9,988.4
2025-03-22T21:00+00:00,5925,2.5,85,7.2,987.9
2025-03-22T22:00+00:00,5925,3.4,87,7.6,987.8
2025-03-22T23:00+00:00,5925,3.2,77,6.8,987.1
2025-03-23T00:00+00:00,5925,1.9,70,4.7,986.7
2025-03-23T01:00+00:00,5925,2.3,102,5.5,985.9
2025-03-23T02:00+00:00,5925,2.4,100,6.2,985.5
2025-03-23T03:00+00:00,5925,2.9,111,7.3,984.9
2025-03-23T04:00+00:00,5925,2.3,104,5.9,984.8
2025-03-23T05:00+00:00,5925,1.9,90,4.9,984.6
2025-03-23T06:00+00:00,5925,1.4,77,4.1,984.5
2025-03-23T07:00+00:00,5925,1.7,131,4.8,984.2
2025-03-23T08:00+00:00,5925,2.8,154,9.4,984.1
2025-03-23T09:00+00:00,5925,7.7,172,15.2,984.2
2025-03-23T10:00+00:00,5925,7.6,171,15.9,984.6
2025-03-23T11:00+00:00,5925,7.1,170,14.3,984.3
2025-03-23T12:00+00:00,5925,6.5,165,14.9,984.1
2025-03-23T13:00+00:00,5925,7.9,171,14.0,983.7
2025-03-23T14:00+00:00,5925,7.9,174,14.9,983.5
2025-03-23T15:00+00:00,5925,7.8,180,14.0,983.3
2025-03-23T16:00+00:00,5925,7.2,180,14.0,983.4
2025-03-23T17:00+00:00,5925,6.4,186,12.8,983.8
2025-03-23T18:00+00:00,5925,5.2,189,10.0,984.7
2025-03-23T19:00+00:00,5925,4.1,299,9.1,986.6
2025-03-23T20:00+00:00,5925,4.0,300,7.8,987.4
2025-03-23T21:00+00:00,5925,2.1,311,6.4,987.5
2025-03-23T22:00+00:00,5925,0.9,222,2.5,987.7
2025-03-23T23:00+00:00,5925,1.6,216,3.4,988.1
2025-03-24T00:00+00:00,5925,0.9,213,2.7,988.1
2025-03-24T01:00+00:00,5925,1.4,203,3.1,988.5
2025-03-24T02:00+00:00,5925,1.0,226,2.4,988.4
2025-03-24T03:00+00:00,5925,2.0,228,4.2,988.2
2025-03-24T04:00+00:00,5925,1.0,226,2.2,988.1
2025-03-24T05:00+00:00,5925,1.8,222,3.3,988.8
2025-03-24T06:00+00:00,5925,1.7,216,3.3,989.1
2025-03-24T07:00+00:00,5925,1.2,219,2.7,989.2
2025-03-24T08:00+00:00,5925,1.2,255,4.3,989.5
2025-03-24T09:00+00:00,5925,1.9,279,5.6,989.6
2025-03-24T10:00+00:00,5925,0.5,20,3.8,989.8
2025-03-24T11:00+00:00,5925,1.5,50,3.9,990.3
2025-03-24T12:00+00:00,5925,1.2,285,5.8,990.2
2025-03-24T13:00+00:00,5925,1.8,292,6.5,990.3
2025-03-24T14:00+00:00,5925,1.8,304,6.3,990.4
2025-03-24T15:00+00:00,5925,3.5,331,9.8,991.0
2025-03-24T16:00+00:00,5925,3.8,306,8.9,991.2
2025-03-24T17:00+00:00,5925,1.5,277,5.6,992.1
2025-03-24T18:00+00:00,5925,2.1,282,6.7,992.6
2025-03-24T19:00+00:00,5925,1.5,305,4.3,993.5
2025-03-24T20:00+00:00,5925,1.5,265,4.4,994.2
2025-03-24T21:00+00:00,5925,2.3,295,6.7,994.4
2025-03-24T22:00+00:00,5925,2.3,264,5.7,994.7
2025-03-24T23:00+00:00,5925,1.6,257,4.9,994.8
2025-03-25T00:00+00:00,5925,1.5,285,4.7,994.9
2025-03-25T01:00+00:00,5925,1.7,303,4.5,994.8
2025-03-25T02:00+00:00,5925,1.3,253,4.8,994.9
2025-03-25T03:00+00:00,5925,1.6,278,5.4,995.2
2025-03-25T04:00+00:00,5925,1.3,245,3.2,995.5
2025-03-25T05:00+00:00,5925,1.1,286,3.6,995.9
2025-03-25T06:00+00:00,5925,1.7,318,4.2,996.2
2025-03-25T07:00+00:00,5925,1.4,292,6.2,996.5
2025-03-25T08:00+00:00,5925,1.9,305,5.1,996.9
2025-03-25T09:00+00:00,5925,0.7,286,2.6,997.3
2025-03-25T10:00+00:00,5925,1.2,61,3.7,997.4
2025-03-25T11:00+00:00,5925,0.2,177,3.6,997.0
2025-03-25T12:00+00:00,5925,0.6,231,2.8,996.5
2025-03-25T13:00+00:00,5925,0.3,271,3.8,995.9
2025-03-25T14:00+00:00,5925,0.5,335,4.3,995.6
2025-03-25T15:00+00:00,5925,0.9,92,3.4,995.1
2025-03-25T16:00+00:00,5925,0.7,74,3.3,995.1
2025-03-25T17:00+00:00,5925,0.3,352,2.8,995.3
2025-03-25T18:00+00:00,5925,0.7,37,2.9,995.6
2025-03-25T19:00+00:00,5925,0.9,43,4.0,996.3
2025-03-25T20:00+00:00,5925,1.2,255,4.2,996.4
2025-03-25T21:00+00:00,5925,1.2,245,3.0,996.4
2025-03-25T22:00+00:00,5925,1.6,255,4.3,996.4
2025-03-25T23:00+00:00,5925,1.7,239,4.6,996.3
2025-03-26T00:00+00:00,5925,0.9,220,2.5,996.3
2025-03-26T01:00+00:00,5925,1.1,218,3.1,996.2
2025-03-26T02:00+00:00,5925,1.8,222,3.8,995.8
2025-03-26T03:00+00:00,5925,0.4,226,3.2,995.7
2025-03-26T04:00+00:00,5925,0.3,289,3.4,995.7
2025-03-26T05:00+00:00,5925,1.3,233,3.9,995.9
2025-03-26T06:00+00:00,5925,1.8,267,5.7,996.2
2025-03-26T07:00+00:00,5925,2.4,292,6.4,996.4
2025-03-26T08:00+00:00,5925,3.2,287,6.6,996.5
2025-03-26T09:00+00:00,5925,2.3,291,6.7,996.2
2025-03-26T10:00+00:00,5925,3.5,316,7.8,996.3
2025-03-26T11:00+00:00,5925,3.0,315,7.4,995.9
2025-03-26T12:00+00:00,5925,2.5,324,6.9,995.4
2025-03-26T13:00+00:00,5925,2.1,331,5.1,994.8
2025-03-26T14:00+00:00,5925,1.5,360,9.8,994.9
2025-03-26T15:00+00:00,5925,4.4,322,10.7,994.8
2025-03-26T16:00+00:00,5925,3.2,317,7.3,994.7
2025-03-26T17:00+00:00,5925,3.7,315,8.6,995.4
2025-03-26T18:00+00:00,5925,3.3,313,9.1,995.8
2025-03-26T19:00+00:00,5925,4.2,316,8.6,996.0
2025-03-26T20:00+00:00,5925,4.4,322,9.6,996.5
2025-03-26T21:00+00:00,5925,4.9,328,11.4,997.3
2025-03-26T22:00+00:00,5925,4.8,324,9.6,997.4
2025-03-26T23:00+00:00,5925,5.1,322,10.9,997.0
2025-03-27T00:00+00:00,5925,4.3,320,9.3,997.3
2025-03-27T01:00+00:00,5925,4.7,321,10.6,996.9
2025-03-27T02:00+00:00,5925,4.8,326,10.0,996.7
2025-03-27T03:00+00:00,5925,4.1,325,7.8,996.7
2025-03-27T04:00+00:00,5925,4.1,326,8.6,996.8
2025-03-27T05:00+00:00,5925,4.4,327,9.6,997.3
2025-03-27T06:00+00:00,5925,4.5,329,9.0,997.7
2025-03-27T07:00+00:00,5925,4.7,331,9.6,997.6
2025-03-27T08:00+00:00,5925,4.9,332,10.2,997.5
2025-03-27T09:00+00:00,5925,5.3,332,10.5,997.5
2025-03-27T10:00+00:00,5925,5.7,333,11.4,997.3
2025-03-27T11:00+00:00,5925,5.3,333,12.4,996.6
2025-03-27T12:00+00:00,5925,5.2,340,11.7,996.5
2025-03-27T13:00+00:00,5925,5.1,340,11.5,995.7
2025-03-27T14:00+00:00,5925,5.6,335,12.6,995.6
2025-03-27T15:00+00:00,5925,4.9,340,12.2,995.6
2025-03-27T16:00+00:00,5925,4.3,337,10.4,995.4
2025-03-27T17:00+00:00,5925,4.4,333,10.1,995.3
2025-03-27T18:00+00:00,5925,3.6,330,6.9,995.5
2025-03-27T19:00+00:00,5925,3.2,343,7.8,996.2
2025-03-27T20:00+00:00,5925,3.7,331,8.9,996.5
2025-03-27T21:00+00:00,5925,4.0,327,7.7,996.6
2025-03-27T22:00+00:00,5925,3.6,324,8.1,996.3
2025-03-27T23:00+00:00,5925,3.3,328,7.0,995.9
2025-03-28T00:00+00:00,5925,4.2,324,8.8,995.4
2025-03-28T01:00+00:00,5925,4.0,326,8.9,994.9
2025-03-28T02:00+00:00,5925,3.7,311,7.7,994.3
2025-03-28T03:00+00:00,5925,3.9,310,8.3,994.0
2025-03-28T04:00+00:00,5925,3.5,309,7.2,993.7
2025-03-28T05:00+00:00,5925,3.2,310,6.6,993.5
2025-03-28T06:00+00:00,5925,3.3,313,7.2,993.3
2025-03-28T07:00+00:00,5925,3.9,313,8.5,993.1
2025-03-28T08:00+00:00,5925,3.3,319,7.3,992.7
2025-03-28T09:00+00:00,5925,3.9,319,8.6,992.1
2025-03-28T10:00+00:00,5925,4.5,320,8.8,991.4
2025-03-28T11:00+00:00,5925,4.1,324,8.4,991.0
2025-03-28T12:00+00:00,5925,3.9,321,8.2,990.1
2025-03-28T13:00+00:00,5925,3.0,324,7.3,989.6
2025-03-28T14:00+00:00,5925,2.0,323,5.6,989.1
2025-03-28T15:00+00:00,5925,2.0,329,5.0,988.5
2025-03-28T16:00+00:00,5925,1.8,287,4.8,988.1
2025-03-28T17:00+00:00,5925,2.3,253,5.4,987.7
2025-03-28T18:00+00:00,5925,1.9,251,4.3,987.5
2025-03-28T19:00+00:00,5925,2.2,249,4.0,987.6
2025-03-28T20:00+00:00,5925,2.5,222,4.7,987.8
2025-03-28T21:00+00:00,5925,2.4,234,5.1,987.4
2025-03-28T22:00+00:00,5925,1.8,290,3.5,986.8
2025-03-28T23:00+00:00,5925,2.2,299,4.7,986.5
2025-03-29T00:00+00:00,5925,1.5,310,3.5,986.3
2025-03-29T01:00+00:00,5925,1.2,281,3.2,985.9
2025-03-29T02:00+00:00,5925,1.7,277,3.5,985.6
2025-03-29T03:00+00:00,5925,1.4,250,3.7,985.5
2025-03-29T04:00+00:00,5925,2.0,287,5.6,985.4
2025-03-29T05:00+00:00,5925,3.1,288,7.6,985.7
2025-03-29T06:00+00:00,5925,3.5,289,7.9,985.8
2025-03-29T07:00+00:00,5925,3.9,290,7.9,986.0
2025-03-29T08:00+00:00,5925,3.9,296,8.1,986.4
2025-03-29T09:00+00:00,5925,2.5,298,6.1,986.7
2025-03-29T10:00+00:00,5925,3.1,300,6.2,986.9
2025-03-29T11:00+00:00,5925,2.9,291,6.4,987.1
2025-03-29T12:00+00:00,5925,2.8,288,5.8,987.3
2025-03-29T13:00+00:00,5925,2.4,291,6.2,987.4
2025-03-29T14:00+00:00,5925,2.4,284,6.3,987.5
2025-03-29T15:00+00:00,5925,2.6,268,6.4,988.0
2025-03-29T16:00+00:00,5925,1.7,288,5.1,988.6
2025-03-29T17:00+00:00,5925,0.8,285,2.9,988.8
2025-03-29T18:00+00:00,5925,1.0,293,3.1,989.6
2025-03-29T19:00+00:00,5925,1.2,297,3.3,990.0
2025-03-29T20:00+00:00,5925,1.4,281,3.1,990.3
2025-03-29T21:00+00:00,5925,1.8,242,3.8,990.5
2025-03-29T22:00+00:00,5925,2.0,253,4.9,990.7
2025-03-29T23:00+00:00,5925,2.2,294,5.7,990.9
2025-03-30T00:00+00:00,5925,2.4,310,6.9,991.0
2025-03-30T01:00+00:00,5925,3.9,302,9.2,991.0
2025-03-30T02:00+00:00,5925,5.0,298,10.3,991.0
2025-03-30T03:00+00:00,5925,4.7,286,8.8,991.2
2025-03-30T04:00+00:00,5925,5.2,290,11.2,991.3
2025-03-30T05:00+00:00,5925,6.3,289,13.0,991.8
2025-03-30T06:00+00:00,5925,6.7,290,12.6,992.2
2025-03-30T07:00+00:00,5925,5.6,292,13.0,992.4
2025-03-30T08:00+00:00,5925,5.9,294,12.8,992.7
2025-03-30T09:00+00:00,5925,7.4,291,16.6,993.1
2025-03-30T10:00+00:00,5925,6.1,287,13.2,993.0
2025-03-30T11:00+00:00,5925,7.5,284,16.2,992.0
2025-03-30T12:00+00:00,5925,7.5,281,17.2,991.3
2025-03-30T13:00+00:00,5925,8.3,280,18.3,990.7
2025-03-30T14:00+00:00,5925,7.7,272,18.3,990.5
2025-03-30T15:00+00:00,5925,6.2,271,13.8,990.2
2025-03-30T16:00+00:00,5925,6.3,278,14.8,989.9
2025-03-30T17:00+00:00,5925,5.1,276,11.9,989.5
2025-03-30T18:00+00:00,5925,5.8,297,18.3,989.9
2025-03-30T19:00+00:00,5925,7.2,301,16.7,990.3
2025-03-30T20:00+00:00,5925,6.7,298,13.0,990.7
2025-03-30T21:00+00:00,5925,6.4,300,12.9,990.5
2025-03-30T22:00+00:00,5925,6.0,291,12.5,990.5
2025-03-30T23:00+00:00,5925,5.7,294,12.1,991.2
2025-03-31T00:00+00:00,5925,4.3,300,10.6,991.1
2025-03-31T01:00+00:00,5925,5.5,292,12.3,991.3
2025-03-31T02:00+00:00,5925,4.0,300,11.0,991.6
2025-03-31T03:00+00:00,5925,3.2,297,8.4,992.0
2025-03-31T04:00+00:00,5925,2.6,282,7.9,992.5
2025-03-31T05:00+00:00,5925,3.7,285,9.1,993.1
2025-03-31T06:00+00:00,5925,4.6,300,10.6,993.4
2025-03-31T07:00+00:00,5925,5.4,302,11.7,994.1
2025-03-31T08:00+00:00,5925,5.5,299,11.5,994.3
2025-03-31T09:00+00:00,5925,5.5,307,11.9,994.8
2025-03-31T10:00+00:00,5925,4.9,306,11.5,995.2
2025-03-31T11:00+00:00,5925,3.9,305,10.2,995.2
2025-03-31T12:00+00:00,5925,3.8,326,10.1,994.8
2025-03-31T13:00+00:00,5925,3.2,328,12.0,994.7
2025-03-31T14:00+00:00,5925,4.3,321,14.1,995.1
2025-03-31T15:00+00:00,5925,3.1,317,11.9,995.4
2025-03-31T16:00+00:00,5925,5.9,324,16.1,996.3
2025-03-31T17:00+00:00,5925,5.4,331,13.6,996.9
2025-03-31T18:00+00:00,5925,5.6,328,11.7,997.9
2025-03-31T19:00+00:00,5925,4.8,324,11.1,998.4
2025-03-31T20:00+00:00,5925,4.3,314,10.1,998.7
2025-03-31T21:00+00:00,5925,5.2,325,11.9,998.9
2025-03-31T22:00+00:00,5925,5.2,325,9.9,998.8
2025-03-31T23:00+00:00,5925,5.4,324,12.8,998.9
2025-04-01T00:00+00:00,5925,4.5,325,9.9,998.8
2025-04-01T01:00+00:00,5925,4.6,324,9.4,998.5
2025-04-01T02:00+00:00,5925,4.4,326,9.6,998.4
2025-04-01T03:00+00:00,5925,4.7,327,11.2,998.5
2025-04-01T04:00+00:00,5925,5.1,327,9.9,998.6
2025-04-01T05:00+00:00,5925,4.3,329,10.8,998.7
2025-04-01T06:00+00:00,5925,4.6,327,10.4,999.2
2025-04-01T07:00+00:00,5925,5.3,328,11.5,999.5
2025-04-01T08:00+00:00,5925,5.5,331,10.8,999.8
2025-04-01T09:00+00:00,5925,5.8,337,12.3,1000.1
2025-04-01T10:00+00:00,5925,5.1,355,13.1,1000.1
2025-04-01T11:00+00:00,5925,5.3,8,12.8,1000.1
2025-04-01T12:00+00:00,5925,4.7,356,11.2,999.9
2025-04-01T13:00+00:00,5925,4.1,2,9.9,999.7
2025-04-01T14:00+00:00,5925,4.4,2,9.9,999.5
2025-04-01T15:00+00:00,5925,4.6,1,11.1,999.5
2025-04-01T16:00+00:00,5925,4.4,2,11.0,999.5
2025-04-01T17:00+00:00,5925,4.4,1,12.1,999.9
2025-04-01T18:00+00:00,5925,3.8,356,10.2,1000.3
2025-04-01T19:00+00:00,5925,3.8,338,9.7,1000.9
2025-04-01T20:00+00:00,5925,4.7,339,11.1,1001.0
2025-04-01T21:00+00:00,5925,4.4,337,10.8,1001.0
2025-04-01T22:00+00:00,5925,4.4,340,10.5,1001.0
2025-04-01T23:00+00:00,5925,3.6,331,9.5,1000.9
2025-04-02T00:00+00:00,5925,3.9,332,8.8,1000.7
2025-04-02T01:00+00:00,5925,3.4,328,7.5,1000.4
2025-04-02T02:00+00:00,5925,2.5,313,5.4,1000.1
2025-04-02T03:00+00:00,5925,3.2,303,6.4,1000.0
2025-04-02T04:00+00:00,5925,2.8,298,5.1,999.9
2025-04-02T05:00+00:00,5925,2.1,284,5.8,1000.1
2025-04-02T06:00+00:00,5925,2.1,285,5.0,1000.3
2025-04-02T07:00+00:00,5925,2.5,321,6.8,1000.7
2025-04-02T08:00+00:00,5925,3.3,333,7.5,1000.9
2025-04-02T09:00+00:00,5925,3.0,336,7.6,1000.9
2025-04-02T10:00+00:00,5925,3.4,331,8.4,1000.4
2025-04-02T11:00+00:00,5925,4.4,331,10.7,999.9
2025-04-02T12:00+00:00,5925,4.3,9,11.1,1000.1
2025-04-02T13:00+00:00,5925,4.3,352,10.2,1000.0
2025-04-02T14:00+00:00,5925,4.0,357,9.9,999.6
2025-04-02T15:00+00:00,5925,4.2,4,11.1,999.5
2025-04-02T16:00+00:00,5925,4.2,27,10.6,999.8
2025-04-02T17:00+00:00,5925,5.2,32,11.9,1000.4
2025-04-02T18:00+00:00,5925,2.7,18,8.8,1000.5
2025-04-02T19:00+00:00,5925,1.6,326,4.0,1001.1
2025-04-02T20:00+00:00,5925,1.3,316,3.5,1001.1
2025-04-02T21:00+00:00,5925,1.7,271,3.4,1001.2
2025-04-02T22:00+00:00,5925,2.1,284,7.0,1001.1
2025-04-02T23:00+00:00,5925,3.2,308,6.9,1001.1
2025-04-03T00:00+00:00,5925,3.2,304,6.1,1001.2
2025-04-03T01:00+00:00,5925,3.0,301,5.6,1001.1
2025-04-03T02:00+00:00,5925,2.3,295,4.5,1001.0
2025-04-03T03:00+00:00,5925,1.8,289,4.2,1001.1
2025-04-03T04:00+00:00,5925,1.6,277,3.5,1001.4
2025-04-03T05:00+00:00,5925,2.1,288,4.5,1001.9
2025-04-03T06:00+00:00,5925,2.7,298,5.3,1002.2
2025-04-03T07:00+00:00,5925,3.2,303,6.0,1002.3
2025-04-03T08:00+00:00,5925,2.5,321,6.4,1002.9
2025-04-03T09:00+00:00,5925,2.5,334,8.0,1002.4
2025-04-03T10:00+00:00,5925,4.0,326,7.6,1002.1
2025-04-03T11:00+00:00,5925,4.9,327,11.1,1001.6
2025-04-03T12:00+00:00,5925,5.3,336,11.0,1001.3
2025-04-03T13:00+00:00,5925,5.8,327,12.2,1001.0
2025-04-03T14:00+00:00,5925,4.8,331,12.3,1000.4
2025-04-03T15:00+00:00,5925,4.7,343,12.1,1000.1
2025-04-03T16:00+00:00,5925,5.0,343,11.0,1000.0
2025-04-03T17:00+00:00,5925,3.3,355,9.4,1000.4
2025-04-03T18:00+00:00,5925,3.3,343,8.1,1001.0
2025-04-03T19:00+00:00,5925,2.6,340,7.8,1001.3
2025-04-03T20:00+00:00,5925,3.3,331,6.8,1001.2
2025-04-03T21:00+00:00,5925,3.4,330,7.2,1001.3
2025-04-03T22:00+00:00,5925,3.6,332,7.6,1001.3
2025-04-03T23:00+00:00,5925,2.8,339,6.4,1001.4
2025-04-04T00:00+00:00,5925,2.1,343,6.6,1001.5
2025-04-04T01:00+00:00,5925,0.9,354,3.5,1001.2
2025-04-04T02:00+00:00,5925,1.0,235,2.6,1001.1
2025-04-04T03:00+00:00,5925,1.8,217,2.6,1001.0
2025-04-04T04:00+00:00,5925,1.9,218,2.6,1001.1
2025-04-04T05:00+00:00,5925,1.7,217,2.6,1001.1
2025-04-04T06:00+00:00,5925,1.5,222,2.3,1001.3
2025-04-04T07:00+00:00,5925,1.0,193,2.3,1001.1
2025-04-04T08:00+00:00,5925,1.1,64,3.3,1001.1
2025-04-04T09:00+00:00,5925,1.1,64,3.5,1001.0
2025-04-04T10:00+00:00,5925,1.2,70,4.9,1000.5
2025-04-04T11:00+00:00,5925,1.1,54,4.9,999.9
2025-04-04T12:00+00:00,5925,1.2,75,7.1,999.1
2025-04-04T13:00+00:00,5925,1.2,31,5.1,998.0
2025-04-04T14:00+00:00,5925,1.0,133,5.2,997.3
2025-04-04T15:00+00:00,5925,1.6,63,5.3,996.5
2025-04-04T16:00+00:00,5925,1.2,85,5.3,995.8
2025-04-04T17:00+00:00,5925,1.1,124,3.8,995.4
2025-04-04T18:00+00:00,5925,1.8,166,3.4,995.2
2025-04-04T19:00+00:00,5925,1.0,184,2.0,995.2
2025-04-04T20:00+00:00,5925,1.8,220,2.9,994.7
2025-04-04T21:00+00:00,5925,2.7,218,4.2,994.2
2025-04-04T22:00+00:00,5925,2.4,219,3.7,993.7
2025-04-04T23:00+00:00,5925,2.0,218,3.3,993.2
2025-04-05T00:00+00:00,5925,2.1,218,3.1,992.6
2025-04-05T01:00+00:00,5925,2.1,218,3.1,992.2
2025-04-05T02:00+00:00,5925,1.9,218,3.0,991.6
2025-04-05T03:00+00:00,5925,1.4,217,2.9,991.2
2025-04-05T04:00+00:00,5925,2.0,216,3.6,990.8
2025-04-05T05:00+00:00,5925,1.3,226,4.0,990.4
2025-04-05T06:00+00:00,5925,3.1,280,8.2,990.3
2025-04-05T07:00+00:00,5925,3.5,281,9.0,990.2
2025-04-05T08:00+00:00,5925,5.0,286,11.1,990.1
2025-04-05T09:00+00:00,5925,4.7,302,11.1,989.6
2025-04-05T10:00+00:00,5925,5.2,305,11.5,988.9
2025-04-05T11:00+00:00,5925,5.1,293,14.0,988.0
2025-04-05T12:00+00:00,5925,6.6,317,16.4,987.4
2025-04-05T13:00+00:00,5925,6.7,321,14.4,986.8
2025-04-05T14:00+00:00,5925,8.1,330,15.5,986.6
2025-04-05T15:00+00:00,5925,8.3,331,18.9,986.9
2025-04-05T16:00+00:00,5925,7.8,337,16.6,987.7
2025-04-05T17:00+00:00,5925,7.3,338,17.4,988.7
2025-04-05T18:00+00:00,5925,5.2,1,13.4,990.5
2025-04-05T19:00+00:00,5925,4.2,346,13.3,992.0
2025-04-05T20:00+00:00,5925,3.9,331,10.4,991.9
2025-04-05T21:00+00:00,5925,5.4,337,12.7,992.6
2025-04-05T22:00+00:00,5925,5.8,352,14.4,993.8
2025-04-05T23:00+00:00,5925,5.7,31,13.1,994.8
2025-04-06T00:00+00:00,5925,3.3,2,10.1,995.4
2025-04-06T01:00+00:00,5925,5.1,344,14.4,995.7
2025-04-06T02:00+00:00,5925,5.2,343,11.4,996.5
2025-04-06T03:00+00:00,5925,6.1,336,12.0,996.9
2025-04-06T04:00+00:00,5925,5.5,337,13.6,997.7
2025-04-06T05:00+00:00,5925,5.5,333,13.2,998.4
2025-04-06T06:00+00:00,5925,7.1,329,15.6,999.0
2025-04-06T07:00+00:00,5925,7.0,329,15.0,999.5
2025-04-06T08:00+00:00,5925,7.3,330,15.6,999.8
2025-04-06T09:00+00:00,5925,7.6,325,15.7,1000.0
2025-04-06T10:00+00:00,5925,6.4,327,14.3,1000.1
2025-04-06T11:00+00:00,5925,6.0,325,13.5,1000.1
2025-04-06T12:00+00:00,5925,6.1,332,13.3,1000.0
2025-04-06T13:00+00:00,5925,5.8,333,12.7,999.7
2025-04-06T14:00+00:00,5925,6.3,326,14.0,999.5
2025-04-06T15:00+00:00,5925,6.2,330,13.3,999.1
2025-04-06T16:00+00:00,5925,6.7,331,12.7,999.1
2025-04-06T17:00+00:00,5925,6.3,328,14.3,999.3
2025-04-06T18:00+00:00,5925,5.5,334,12.1,999.8
2025-04-06T19:00+00:00,5925,4.5,340,10.1,1000.8
2025-04-06T20:00+00:00,5925,4.1,333,9.5,1001.2
2025-04-06T21:00+00:00,5925,5.1,328,10.7,1001.5
2025-04-06T22:00+00:00,5925,4.5,325,9.7,1001.4
2025-04-06T23:00+00:00,5925,3.7,319,8.3,1001.2
2025-04-07T00:00+00:00,5925,4.2,311,9.2,1000.8
2025-04-07T01:00+00:00,5925,3.2,293,7.0,1000.2
2025-04-07T02:00+00:00,5925,3.4,296,7.6,999.8
2025-04-07T03:00+00:00,5925,4.5,307,10.8,999.6
2025-04-07T04:00+00:00,5925,4.8,319,9.5,1000.1
2025-04-07T05:00+00:00,5925,4.5,319,9.3,1000.5
2025-04-07T06:00+00:00,5925,4.5,314,9.3,1000.9
2025-04-07T07:00+00:00,5925,4.5,311,10.2,1001.2
2025-04-07T08:00+00:00,5925,4.8,315,11.4,1001.4
2025-04-07T09:00+00:00,5925,5.8,324,10.5,1001.6
2025-04-07T10:00+00:00,5925,5.6,321,11.9,1001.6
2025-04-07T11:00+00:00,5925,4.9,328,11.2,1001.5
2025-04-07T12:00+00:00,5925,4.7,310,11.0,1001.2
2025-04-07T13:00+00:00,5925,5.1,317,11.4,1001.1
2025-04-07T14:00+00:00,5925,5.9,318,14.7,1000.9
2025-04-07T15:00+00:00,5925,5.7,323,13.7,1001.0
2025-04-07T16:00+00:00,5925,4.9,332,10.5,1001.3
2025-04-07T17:00+00:00,5925,4.6,328,9.9,1001.5
2025-04-07T18:00+00:00,5925,5.0,328,10.2,1002.1
2025-04-07T19:00+00:00,5925,4.4,323,9.9,1002.9
2025-04-07T20:00+00:00,5925,3.2,315,7.2,1003.2
2025-04-07T21:00+00:00,5925,4.1,323,8.0,1003.5
2025-04-07T22:00+00:00,5925,3.8,326,7.7,1003.6
2025-04-07T23:00+00:00,5925,3.0,316,6.7,1003.6
2025-04-08T00:00+00:00,5925,3.2,304,7.4,1003.6
2025-04-08T01:00+00:00,5925,3.8,329,8.5,1003.6
2025-04-08T02:00+00:00,5925,2.3,314,6.5,1003.4
2025-04-08T03:00+00:00,5925,2.4,303,6.0,1003.3
2025-04-08T04:00+00:00,5925,2.9,288,6.6,1003.3
2025-04-08T05:00+00:00,5925,2.9,288,5.9,1003.2
2025-04-08T06:00+00:00,5925,3.1,289,6.4,1003.6
2025-04-08T07:00+00:00,5925,3.7,289,7.6,1003.7
2025-04-08T08:00+00:00,5925,4.0,286,8.0,1004.0
2025-04-08T09:00+00:00,5925,3.9,300,8.9,1003.8
2025-04-08T10:00+00:00,5925,4.8,315,11.9,1003.6
2025-04-08T11:00+00:00,5925,6.1,303,13.3,1003.3
2025-04-08T12:00+00:00,5925,4.5,310,9.7,1003.4
2025-04-08T13:00+00:00,5925,4.6,313,9.5,1003.2
2025-04-08T14:00+00:00,5925,4.7,299,10.0,1002.7
2025-04-08T15:00+00:00,5925,4.5,318,9.3,1002.3
2025-04-08T16:00+00:00,5925,3.7,286,8.5,1002.0
2025-04-08T17:00+00:00,5925,4.5,314,9.7,1002.0
2025-04-08T18:00+00:00,5925,3.5,310,8.8,1002.2
2025-04-08T19:00+00:00,5925,3.3,298,6.7,1002.6
2025-04-08T20:00+00:00,5925,3.0,289,6.6,1002.5
2025-04-08T21:00+00:00,5925,2.8,280,5.4,1002.3
2025-04-08T22:00+00:00,5925,3.5,285,7.0,1002.2
2025-04-08T23:00+00:00,5925,2.5,335,6.8,1002.5
2025-04-09T00:00+00:00,5925,2.1,328,4.4,1002.4
2025-04-09T01:00+00:00,5925,1.3,235,3.1,1001.8
2025-04-09T02:00+00:00,5925,1.9,221,2.8,1001.3
2025-04-09T03:00+00:00,5925,2.0,217,2.9,1001.1
2025-04-09T04:00+00:00,5925,2.2,218,3.3,1001.0
2025-04-09T05:00+00:00,5925,2.0,218,3.1,1001.0
2025-04-09T06:00+00:00,5925,1.2,203,2.7,1001.2
2025-04-09T07:00+00:00,5925,0.8,184,2.7,1001.3
2025-04-09T08:00+00:00,5925,1.3,220,4.1,1001.4
2025-04-09T09:00+00:00,5925,1.9,211,4.8,1001.3
2025-04-09T10:00+00:00,5925,0.3,251,4.6,1000.8
2025-04-09T11:00+00:00,5925,3.9,328,9.8,1000.4
2025-04-09T12:00+00:00,5925,3.2,333,8.2,1000.0
2025-04-09T13:00+00:00,5925,3.5,315,14.6,999.1
2025-04-09T14:00+00:00,5925,4.7,306,12.4,998.6
2025-04-09T15:00+00:00,5925,5.5,308,12.2,998.6
2025-04-09T16:00+00:00,5925,4.5,305,10.2,998.5
2025-04-09T17:00+00:00,5925,4.3,317,10.3,998.8
2025-04-09T18:00+00:00,5925,3.4,315,7.8,999.0
2025-04-09T19:00+00:00,5925,3.5,313,7.4,999.3
2025-04-09T20:00+00:00,5925,3.8,310,8.3,999.3
2025-04-09T21:00+00:00,5925,4.0,299,7.9,999.1
2025-04-09T22:00+00:00,5925,4.6,290,8.7,998.9
2025-04-09T23:00+00:00,5925,5.0,291,11.2,998.6
2025-04-10T00:00+00:00,5925,5.0,287,10.0,997.9
2025-04-10T01:00+00:00,5925,5.3,286,11.4,997.6
2025-04-10T02:00+00:00,5925,6.0,282,14.1,997.4
2025-04-10T03:00+00:00,5925,6.5,290,12.9,997.3
2025-04-10T04:00+00:00,5925,5.3,287,11.3,997.7
2025-04-10T05:00+00:00,5925,5.9,302,13.2,997.7
2025-04-10T06:00+00:00,5925,6.5,305,15.3,998.4
2025-04-10T07:00+00:00,5925,6.8,316,17.5,999.1
2025-04-10T08:00+00:00,5925,7.1,322,15.3,999.8
2025-04-10T09:00+00:00,5925,6.8,325,14.2,999.8
2025-04-10T10:00+00:00,5925,8.0,325,16.0,999.9
2025-04-10T11:00+00:00,5925,5.0,6,15.1,1000.1
2025-04-10T12:00+00:00,5925,4.4,348,11.2,1000.0
2025-04-10T13:00+00:00,5925,6.2,330,17.0,999.6
2025-04-10T14:00+00:00,5925,8.1,327,20.0,999.6
2025-04-10T15:00+00:00,5925,6.5,326,17.1,999.5
2025-04-10T16:00+00:00,5925,7.0,327,15.7,999.5
2025-04-10T17:00+00:00,5925,6.9,328,14.1,999.5
2025-04-10T18:00+00:00,5925,5.7,329,11.6,999.8
2025-04-10T19:00+00:00,5925,4.8,329,9.5,1000.2
2025-04-10T20:00+00:00,5925,4.6,329,8.7,1000.1
2025-04-10T21:00+00:00,5925,3.1,331,7.4,1000.0
2025-04-10T22:00+00:00,5925,1.0,275,4.6,1000.0
2025-04-10T23:00+00:00,5925,2.4,229,3.8,999.9
2025-04-11T00:00+00:00,5925,2.4,228,4.5,999.3
2025-04-11T01:00+00:00,5925,2.6,228,4.2,998.5
2025-04-11T02:00+00:00,5925,1.9,244,4.5,997.5
2025-04-11T03:00+00:00,5925,1.9,264,6.8,996.5
2025-04-11T04:00+00:00,5925,4.1,268,9.0,995.7
2025-04-11T05:00+00:00,5925,5.3,279,10.6,995.1
2025-04-11T06:00+00:00,5925,6.3,270,14.0,994.7
2025-04-11T07:00+00:00,5925,6.7,268,16.0,994.4
2025-04-11T08:00+00:00,5925,8.0,279,18.1,994.1
2025-04-11T09:00+00:00,5925,8.0,273,17.2,993.5
2025-04-11T10:00+00:00,5925,7.3,282,16.6,992.9
2025-04-11T11:00+00:00,5925,8.8,285,17.7,992.5
2025-04-11T12:00+00:00,5925,8.5,289,20.7,992.0
2025-04-11T13:00+00:00,5925,8.1,289,17.8,991.5
2025-04-11T14:00+00:00,5925,8.5,283,19.6,991.3
2025-04-11T15:00+00:00,5925,7.4,305,16.3,991.1
2025-04-11T16:00+00:00,5925,7.8,307,17.4,991.3
2025-04-11T17:00+00:00,5925,7.3,307,16.8,991.6
2025-04-11T18:00+00:00,5925,6.2,312,15.5,992.1
2025-04-11T19:00+00:00,5925,5.4,328,12.7,993.5
2025-04-11T20:00+00:00,5925,4.6,342,11.9,994.6
2025-04-11T21:00+00:00,5925,4.7,339,11.2,995.7
2025-04-11T22:00+00:00,5925,3.6,337,9.8,996.2
2025-04-11T23:00+00:00,5925,6.4,329,13.4,996.0
2025-04-12T00:00+00:00,5925,5.0,332,11.3,996.3
2025-04-12T01:00+00:00,5925,4.7,337,11.3,996.5
2025-04-12T02:00+00:00,5925,3.1,332,7.2,996.3
2025-04-12T03:00+00:00,5925,2.1,336,5.2,996.3
2025-04-12T04:00+00:00,5925,1.5,318,3.6,996.5
2025-04-12T05:00+00:00,5925,1.4,231,3.6,997.0
2025-04-12T06:00+00:00,5925,1.5,214,2.9,997.4
2025-04-12T07:00+00:00,5925,0.9,205,2.6,997.5
2025-04-12T08:00+00:00,5925,0.7,85,2.9,997.5
2025-04-12T09:00+00:00,5925,1.2,146,4.7,997.4
2025-04-12T10:00+00:00,5925,1.5,115,6.6,996.9
2025-04-12T11:00+00:00,5925,1.6,104,6.2,996.3
2025-04-12T12:00+00:00,5925,2.7,108,8.1,995.6
2025-04-12T13:00+00:00,5925,2.7,132,8.3,994.9
2025-04-12T14:00+00:00,5925,3.6,127,8.7,994.2
2025-04-12T15:00+00:00,5925,3.9,136,8.7,993.4
2025-04-12T16:00+00:00,5925,4.3,125,8.9,992.6
2025-04-12T17:00+00:00,5925,4.6,122,9.8,992.0
2025-04-12T18:00+00:00,5925,4.6,127,10.6,991.8
2025-04-12T19:00+00:00,5925,4.5,125,8.4,991.9
2025-04-12T20:00+00:00,5925,4.6,128,9.0,991.5
2025-04-12T21:00+00:00,5925,4.5,146,8.9,991.3
2025-04-12T22:00+00:00,5925,4.7,144,9.2,990.5
2025-04-12T23:00+00:00,5925,5.0,138,9.6,990.1
2025-04-13T00:00+00:00,5925,4.7,145,10.4,989.9
2025-04-13T01:00+00:00,5925,3.1,143,8.9,989.2
2025-04-13T02:00+00:00,5925,2.7,129,6.3,988.9
2025-04-13T03:00+00:00,5925,2.7,130,7.0,989.2
2025-04-13T04:00+00:00,5925,2.3,102,5.7,988.8
2025-04-13T05:00+00:00,5925,2.9,122,6.7,989.0
2025-04-13T06:00+00:00,5925,2.6,126,6.9,989.2
2025-04-13T07:00+00:00,5925,2.5,136,6.6,989.5
2025-04-13T08:00+00:00,5925,3.2,130,7.3,989.7
2025-04-13T09:00+00:00,5925,2.8,139,6.1,990.0
2025-04-13T10:00+00:00,5925,2.7,129,6.9,989.8
2025-04-13T11:00+00:00,5925,3.2,124,7.7,989.7
2025-04-13T12:00+00:00,5925,2.4,145,5.7,989.3
2025-04-13T13:00+00:00,5925,2.0,133,4.9,989.0
2025-04-13T14:00+00:00,5925,1.9,78,5.6,988.9
2025-04-13T15:00+00:00,5925,0.6,103,2.9,988.7
2025-04-13T16:00+00:00,5925,0.7,11,3.2,988.6
2025-04-13T17:00+00:00,5925,1.8,327,3.5,988.5
2025-04-13T18:00+00:00,5925,1.4,328,3.6,988.7
2025-04-13T19:00+00:00,5925,1.4,327,4.0,989.0
2025-04-13T20:00+00:00,5925,0.6,331,2.5,989.1
2025-04-13T21:00+00:00,5925,1.0,319,3.2,988.9
2025-04-13T22:00+00:00,5925,1.1,234,2.4,988.9
2025-04-13T23:00+00:00,5925,1.3,219,2.3,989.2
2025-04-14T00:00+00:00,5925,0.6,173,2.0,989.2
2025-04-14T01:00+00:00,5925,1.1,206,2.5,989.2
2025-04-14T02:00+00:00,5925,1.1,218,2.3,989.2
2025-04-14T03:00+00:00,5925,0.9,207,2.4,989.6
2025-04-14T04:00+00:00,5925,0.7,61,2.6,990.0
2025-04-14T05:00+00:00,5925,1.4,13,3.4,990.4
2025-04-14T06:00+00:00,5925,1.4,12,3.9,991.0
2025-04-14T07:00+00:00,5925,0.8,37,3.2,991.3
2025-04-14T08:00+00:00,5925,1.5,108,4.8,991.9
2025-04-14T09:00+00:00,5925,1.8,116,4.3,991.6
2025-04-14T10:00+00:00,5925,1.5,102,5.5,991.5
2025-04-14T11:00+00:00,5925,2.2,84,5.7,991.0
2025-04-14T12:00+00:00,5925,2.4,98,6.9,990.9
2025-04-14T13:00+00:00,5925,2.9,94,7.6,990.3
2025-04-14T14:00+00:00,5925,3.8,136,8.4,990.0
2025-04-14T15:00+00:00,5925,4.1,128,8.2,989.7
2025-04-14T16:00+00:00,5925,4.5,136,9.6,989.7
2025-04-14T17:00+00:00,5925,3.7,136,8.6,989.3
2025-04-14T18:00+00:00,5925,4.9,131,12.7,989.6
2025-04-14T19:00+00:00,5925,5.0,133,10.8,989.9
2025-04-14T20:00+00:00,5925,5.8,127,11.5,989.6
2025-04-14T21:00+00:00,5925,5.4,127,12.0,989.2
2025-04-14T22:00+00:00,5925,5.8,125,11.7,988.7
2025-04-14T23:00+00:00,5925,5.1,133,10.0,988.1
2025-04-15T00:00+00:00,5925,4.6,135,13.0,987.5
2025-04-15T01:00+00:00,5925,6.8,142,13.7,987.4
2025-04-15T02:00+00:00,5925,5.9,139,11.5,986.8
2025-04-15T03:00+00:00,5925,5.9,136,10.9,986.3
2025-04-15T04:00+00:00,5925,5.3,142,11.7,985.9
2025-04-15T05:00+00:00,5925,5.5,137,11.8,985.8
2025-04-15T06:00+00:00,5925,5.7,132,11.7,985.4
2025-04-15T07:00+00:00,5925,5.5,138,13.5,984.9
2025-04-15T08:00+00:00,5925,5.7,140,13.3,985.1
2025-04-15T09:00+00:00,5925,5.1,156,13.4,984.8
2025-04-15T10:00+00:00,5925,6.0,159,12.3,984.6
2025-04-15T11:00+00:00,5925,6.2,146,12.6,984.3
2025-04-15T12:00+00:00,5925,6.3,155,14.1,984.0
2025-04-15T13:00+00:00,5925,7.4,163,15.8,984.2
2025-04-15T14:00+00:00,5925,7.5,166,15.8,984.2
2025-04-15T15:00+00:00,5925,7.4,167,15.1,984.4
2025-04-15T16:00+00:00,5925,6.1,167,13.9,984.3
2025-04-15T17:00+00:00,5925,7.8,168,14.3,984.5
2025-04-15T18:00+00:00,5925,5.0,165,12.9,984.6
2025-04-15T19:00+00:00,5925,3.9,163,8.1,985.3
2025-04-15T20:00+00:00,5925,3.1,172,7.0,985.6
2025-04-15T21:00+00:00,5925,2.9,171,7.2,985.6
2025-04-15T22:00+00:00,5925,2.2,169,6.1,985.9
2025-04-15T23:00+00:00,5925,0.7,165,3.4,986.4
2025-04-16T00:00+00:00,5925,0.7,12,2.6,986.7
2025-04-16T01:00+00:00,5925,1.1,47,2.2,987.1
2025-04-16T02:00+00:00,5925,0.2,346,2.3,987.6
2025-04-16T03:00+00:00,5925,0.8,220,2.1,987.9
2025-04-16T04:00+00:00,5925,0.4,304,2.8,988.4
2025-04-16T05:00+00:00,5925,1.1,337,3.7,989.1
2025-04-16T06:00+00:00,5925,1.0,358,3.6,989.3
2025-04-16T07:00+00:00,5925,1.7,48,3.3,989.8
2025-04-16T08:00+00:00,5925,1.3,83,4.0,989.8
2025-04-16T09:00+00:00,5925,2.2,107,7.4,989.6
2025-04-16T10:00+00:00,5925,4.6,146,12.4,989.5
2025-04-16T11:00+00:00,5925,7.6,148,16.3,989.5
2025-04-16T12:00+00:00,5925,7.4,162,16.9,989.2
2025-04-16T13:00+00:00,5925,8.3,166,16.7,989.2
2025-04-16T14:00+00:00,5925,8.1,158,20.2,989.1
2025-04-16T15:00+00:00,5925,8.3,148,18.2,989.2
2025-04-16T16:00+00:00,5925,7.3,151,14.4,989.5
2025-04-16T17:00+00:00,5925,6.6,149,14.7,989.9
2025-04-16T18:00+00:00,5925,4.6,146,9.5,990.2
2025-04-16T19:00+00:00,5925,4.5,147,10.0,990.9
2025-04-16T20:00+00:00,5925,3.2,158,6.6,991.3
2025-04-16T21:00+00:00,5925,3.0,160,6.3,991.0
2025-04-16T22:00+00:00,5925,3.4,150,7.6,990.5
2025-04-16T23:00+00:00,5925,3.7,170,6.9,990.3
2025-04-17T00:00+00:00,5925,4.8,163,9.5,989.8
2025-04-17T01:00+00:00,5925,5.4,169,9.7,990.1
2025-04-17T02:00+00:00,5925,4.8,161,8.5,989.7
2025-04-17T03:00+00:00,5925,3.9,147,8.3,989.5
2025-04-17T04:00+00:00,5925,3.8,147,7.6,989.5
2025-04-17T05:00+00:00,5925,3.6,157,8.3,990.3
2025-04-17T06:00+00:00,5925,2.9,141,6.9,990.4
2025-04-17T07:00+00:00,5925,5.0,144,10.3,990.4
2025-04-17T08:00+00:00,5925,5.5,148,11.2,989.9
2025-04-17T09:00+00:00,5925,5.5,150,12.1,990.8
2025-04-17T10:00+00:00,5925,5.6,155,12.1,989.9
2025-04-17T11:00+00:00,5925,6.7,147,13.8,989.5
2025-04-17T12:00+00:00,5925,5.2,169,12.1,988.9
2025-04-17T13:00+00:00,5925,6.6,152,13.9,988.0
2025-04-17T14:00+00:00,5925,7.6,152,14.0,988.2
2025-04-17T15:00+00:00,5925,7.9,163,16.5,989.0
2025-04-17T16:00+00:00,5925,9.2,170,17.7,989.0
2025-04-17T17:00+00:00,5925,5.0,157,11.6,988.6
2025-04-17T18:00+00:00,5925,5.0,150,9.5,988.9
2025-04-17T19:00+00:00,5925,5.8,139,11.1,988.6
2025-04-17T20:00+00:00,5925,5.0,132,10.0,988.0
2025-04-17T21:00+00:00,5925,5.1,151,11.6,987.7
2025-04-17T22:00+00:00,5925,5.1,138,10.8,988.2
2025-04-17T23:00+00:00,5925,4.8,146,10.7,988.2
2025-04-18T00:00+00:00,5925,3.2,155,6.6,988.0
2025-04-18T01:00+00:00,5925,3.1,152,7.5,988.0
2025-04-18T02:00+00:00,5925,2.6,138,5.2,987.6
2025-04-18T03:00+00:00,5925,2.7,130,5.8,987.1
2025-04-18T04:00+00:00,5925,1.3,80,3.8,987.0
2025-04-18T05:00+00:00,5925,0.6,217,5.0,987.4
2025-04-18T06:00+00:00,5925,2.5,290,6.6,987.5
2025-04-18T07:00+00:00,5925,3.6,285,8.4,987.4
2025-04-18T08:00+00:00,5925,3.7,261,11.2,988.7
2025-04-18T09:00+00:00,5925,5.4,268,13.1,988.8
2025-04-18T10:00+00:00,5925,6.0,261,13.3,989.2
2025-04-18T11:00+00:00,5925,6.3,270,13.6,989.2
2025-04-18T12:00+00:00,5925,6.6,266,15.8,989.8
2025-04-18T13:00+00:00,5925,5.8,264,13.2,990.0
2025-04-18T14:00+00:00,5925,5.7,258,13.2,990.5
2025-04-18T15:00+00:00,5925,5.6,255,13.5,990.7
2025-04-18T16:00+00:00,5925,5.4,265,13.2,991.0
2025-04-18T17:00+00:00,5925,5.0,265,12.1,991.3
2025-04-18T18:00+00:00,5925,5.3,271,11.6,991.4
2025-04-18T19:00+00:00,5925,4.4,259,12.8,992.6
2025-04-18T20:00+00:00,5925,3.5,227,7.1,993.2
2025-04-18T21:00+00:00,5925,3.4,220,6.5,993.2
2025-04-18T22:00+00:00,5925,2.7,237,5.5,993.2
2025-04-18T23:00+00:00,5925,2.5,235,4.5,992.9
2025-04-19T00:00+00:00,5925,1.3,215,4.1,992.9
2025-04-19T01:00+00:00,5925,1.9,213,3.9,993.1
2025-04-19T02:00+00:00,5925,0.6,281,2.9,992.7
2025-04-19T03:00+00:00,5925,1.7,217,3.2,992.6
2025-04-19T04:00+00:00,5925,1.0,224,3.0,992.4
2025-04-19T05:00+00:00,5925,0.3,140,2.4,992.2
2025-04-19T06:00+00:00,5925,1.0,128,4.4,992.2
2025-04-19T07:00+00:00,5925,3.5,153,7.7,992.1
2025-04-19T08:00+00:00,5925,4.1,137,9.6,991.4
2025-04-19T09:00+00:00,5925,5.2,131,10.4,991.4
2025-04-19T10:00+00:00,5925,3.9,126,8.2,991.2
2025-04-19T11:00+00:00,5925,4.0,144,8.7,990.9
2025-04-19T12:00+00:00,5925,2.6,138,7.0,990.3
2025-04-19T13:00+00:00,5925,3.5,139,8.3,990.0
2025-04-19T14:00+00:00,5925,3.5,138,9.0,989.2
2025-04-19T15:00+00:00,5925,4.7,136,9.4,988.8
2025-04-19T16:00+00:00,5925,4.9,139,9.7,988.4
2025-04-19T17:00+00:00,5925,4.5,138,8.6,987.9
2025-04-19T18:00+00:00,5925,4.3,144,8.4,987.9
2025-04-19T19:00+00:00,5925,4.0,138,7.8,988.0
2025-04-19T20:00+00:00,5925,4.9,148,10.0,988.0
2025-04-19T21:00+00:00,5925,3.2,153,7.4,988.0
2025-04-19T22:00+00:00,5925,2.8,151,6.0,987.9
2025-04-19T23:00+00:00,5925,2.6,143,6.8,987.7
2025-04-20T00:00+00:00,5925,1.6,119,3.9,987.3
2025-04-20T01:00+00:00,5925,2.2,121,5.4,987.0
2025-04-20T02:00+00:00,5925,2.0,117,5.3,986.8
2025-04-20T03:00+00:00,5925,1.8,109,4.3,986.4
2025-04-20T04:00+00:00,5925,1.2,97,4.9,986.3
2025-04-20T05:00+00:00,5925,1.9,109,4.9,986.6
2025-04-20T06:00+00:00,5925,2.1,122,4.8,986.8
2025-04-20T07:00+00:00,5925,1.9,111,4.9,987.0
2025-04-20T08:00+00:00,5925,1.4,99,4.0,987.4
2025-04-20T09:00+00:00,5925,1.9,113,5.8,987.5
2025-04-20T10:00+00:00,5925,2.0,81,6.2,987.6
2025-04-20T11:00+00:00,5925,1.9,125,6.1,987.6
2025-04-20T12:00+00:00,5925,2.2,143,6.6,987.7
2025-04-20T13:00+00:00,5925,1.4,136,5.6,987.1
2025-04-20T14:00+00:00,5925,2.0,136,6.8,986.6
2025-04-20T15:00+00:00,5925,2.2,121,5.7,986.7
2025-04-20T16:00+00:00,5925,1.2,91,3.9,986.4
2025-04-20T17:00+00:00,5925,2.3,59,5.1,986.0
2025-04-20T18:00+00:00,5925,2.9,43,5.5,986.4
2025-04-20T19:00+00:00,5925,1.7,20,4.9,986.5
2025-04-20T20:00+00:00,5925,2.1,18,4.9,986.7
2025-04-20T21:00+00:00,5925,1.8,351,4.2,986.6
2025-04-20T22:00+00:00,5925,0.5,271,2.8,986.6
2025-04-20T23:00+00:00,5925,1.0,217,2.6,986.6
2025-04-21T00:00+00:00,5925,1.4,215,2.7,986.7
2025-04-21T01:00+00:00,5925,2.5,261,9.2,987.1
2025-04-21T02:00+00:00,5925,3.4,284,8.8,987.5
2025-04-21T03:00+00:00,5925,3.4,288,7.7,987.5
2025-04-21T04:00+00:00,5925,2.9,275,7.5,988.1
2025-04-21T05:00+00:00,5925,2.4,273,7.3,988.6
2025-04-21T06:00+00:00,5925,2.2,268,6.4,988.8
2025-04-21T07:00+00:00,5925,3.3,289,8.4,988.9
2025-04-21T08:00+00:00,5925,3.2,297,8.4,988.8
2025-04-21T09:00+00:00,5925,1.6,295,5.6,989.1
2025-04-21T10:00+00:00,5925,1.4,224,4.0,989.5
2025-04-21T11:00+00:00,5925,0.7,123,4.1,988.9
2025-04-21T12:00+00:00,5925,1.8,77,6.0,989.1
2025-04-21T13:00+00:00,5925,1.6,108,5.4,988.7
2025-04-21T14:00+00:00,5925,1.9,94,6.4,988.2
2025-04-21T15:00+00:00,5925,1.9,82,5.2,988.2
2025-04-21T16:00+00:00,5925,2.1,66,5.0,988.4
2025-04-21T17:00+00:00,5925,2.3,54,5.1,988.4
2025-04-21T18:00+00:00,5925,0.8,65,3.1,988.9
2025-04-21T19:00+00:00,5925,2.9,279,7.1,989.8
2025-04-21T20:00+00:00,5925,5.0,278,10.3,990.7
2025-04-21T21:00+00:00,5925,4.6,297,10.9,991.2
2025-04-21T22:00+00:00,5925,4.2,304,8.8,992.0
2025-04-21T23:00+00:00,5925,3.2,304,8.3,992.4
2025-04-22T00:00+00:00,5925,4.1,297,8.7,992.7
2025-04-22T01:00+00:00,5925,3.5,307,8.1,993.2
2025-04-22T02:00+00:00,5925,4.1,294,8.4,993.3
2025-04-22T03:00+00:00,5925,4.0,287,7.6,993.6
2025-04-22T04:00+00:00,5925,4.1,274,8.5,994.2
2025-04-22T05:00+00:00,5925,4.0,286,8.1,994.9
2025-04-22T06:00+00:00,5925,4.3,283,9.3,995.5
2025-04-22T07:00+00:00,5925,6.1,291,12.5,995.9
2025-04-22T08:00+00:00,5925,5.0,299,10.9,996.3
2025-04-22T09:00+00:00,5925,4.9,310,11.6,996.5
2025-04-22T10:00+00:00,5925,4.5,313,9.5,996.4
2025-04-22T11:00+00:00,5925,4.5,308,9.8,996.0
2025-04-22T12:00+00:00,5925,3.4,318,8.3,995.8
2025-04-22T13:00+00:00,5925,3.4,325,7.4,995.6
2025-04-22T14:00+00:00,5925,3.2,317,7.2,995.3
2025-04-22T15:00+00:00,5925,2.8,329,6.4,994.7
2025-04-22T16:00+00:00,5925,2.9,357,7.9,994.5
2025-04-22T17:00+00:00,5925,2.7,334,7.4,994.6
2025-04-22T18:00+00:00,5925,2.7,330,6.4,995.3
2025-04-22T19:00+00:00,5925,2.5,326,5.1,996.2
2025-04-22T20:00+00:00,5925,2.5,275,5.6,996.4
2025-04-22T21:00+00:00,5925,3.7,280,7.2,996.4
2025-04-22T22:00+00:00,5925,2.3,288,5.7,996.6
2025-04-22T23:00+00:00,5925,1.8,305,4.2,996.5
2025-04-23T00:00+00:00,5925,3.0,303,7.4,996.2
2025-04-23T01:00+00:00,5925,3.5,288,8.4,996.2
2025-04-23T02:00+00:00,5925,3.1,285,7.2,995.9
2025-04-23T03:00+00:00,5925,1.7,261,4.7,995.8
2025-04-23T04:00+00:00,5925,3.0,294,7.6,995.7
2025-04-23T05:00+00:00,5925,3.3,295,7.3,995.6
2025-04-23T06:00+00:00,5925,2.6,300,6.1,995.7
2025-04-23T07:00+00:00,5925,3.1,323,6.9,995.5
2025-04-23T08:00+00:00,5925,2.9,328,6.9,995.3
2025-04-23T09:00+00:00,5925,2.5,334,6.2,994.8
2025-04-23T10:00+00:00,5925,1.9,358,6.4,994.3
2025-04-23T11:00+00:00,5925,2.1,13,6.1,993.7
2025-04-23T12:00+00:00,5925,1.9,68,6.4,993.1
2025-04-23T13:00+00:00,5925,1.4,106,7.4,992.3
2025-04-23T14:00+00:00,5925,1.7,171,5.6,991.4
2025-04-23T15:00+00:00,5925,1.2,215,4.8,990.9
2025-04-23T16:00+00:00,5925,2.4,253,7.5,990.5
2025-04-23T17:00+00:00,5925,2.2,230,4.7,990.0
2025-04-23T18:00+00:00,5925,1.9,200,4.1,990.1
2025-04-23T19:00+00:00,5925,0.9,169,2.4,990.2
2025-04-23T20:00+00:00,5925,1.5,206,3.6,990.1
2025-04-23T21:00+00:00,5925,1.5,218,3.2,989.8
2025-04-23T22:00+00:00,5925,1.7,224,3.3,990.0
2025-04-23T23:00+00:00,5925,0.5,234,3.0,989.5
2025-04-24T00:00+00:00,5925,1.2,54,3.6,989.1
2025-04-24T01:00+00:00,5925,0.6,40,3.4,989.0
2025-04-24T02:00+00:00,5925,0.7,233,2.6,988.9
2025-04-24T03:00+00:00,5925,1.1,48,2.7,989.2
2025-04-24T04:00+00:00,5925,2.8,271,8.3,989.9
2025-04-24T05:00+00:00,5925,5.0,276,14.0,990.0
2025-04-24T06:00+00:00,5925,6.4,274,14.4,990.4
2025-04-24T07:00+00:00,5925,6.7,266,18.0,990.9
2025-04-24T08:00+00:00,5925,7.5,264,17.1,991.4
2025-04-24T09:00+00:00,5925,7.0,265,16.6,992.0
2025-04-24T10:00+00:00,5925,6.9,271,14.9,992.0
2025-04-24T11:00+00:00,5925,8.2,278,16.7,991.5
2025-04-24T12:00+00:00,5925,7.0,278,15.5,991.5
2025-04-24T13:00+00:00,5925,6.8,274,14.2,991.4
2025-04-24T14:00+00:00,5925,6.4,280,14.4,991.5
2025-04-24T15:00+00:00,5925,7.7,276,15.5,991.4
2025-04-24T16:00+00:00,5925,6.8,282,16.1,991.6
2025-04-24T17:00+00:00,5925,6.6,280,15.1,991.3
2025-04-24T18:00+00:00,5925,5.7,288,14.0,992.2
2025-04-24T19:00+00:00,5925,5.1,294,10.4,992.7
2025-04-24T20:00+00:00,5925,6.0,295,10.9,992.4
2025-04-24T21:00+00:00,5925,5.7,288,12.4,992.4
2025-04-24T22:00+00:00,5925,5.6,280,12.5,992.4
2025-04-24T23:00+00:00,5925,5.1,293,11.6,992.4
2025-04-25T00:00+00:00,5925,5.4,287,11.3,992.2
2025-04-25T01:00+00:00,5925,5.5,285,14.9,991.8
2025-04-25T02:00+00:00,5925,6.2,279,12.6,991.6
2025-04-25T03:00+00:00,5925,6.3,282,13.0,991.5
2025-04-25T04:00+00:00,5925,6.4,278,14.4,991.4
2025-04-25T05:00+00:00,5925,6.3,275,14.0,991.6
2025-04-25T06:00+00:00,5925,6.1,274,13.4,992.0
2025-04-25T07:00+00:00,5925,6.9,281,15.7,992.2
2025-04-25T08:00+00:00,5925,6.9,284,12.9,992.3
2025-04-25T09:00+00:00,5925,6.1,282,13.8,992.5
2025-04-25T10:00+00:00,5925,6.9,284,15.5,992.4
2025-04-25T11:00+00:00,5925,7.0,284,14.7,992.2
2025-04-25T12:00+00:00,5925,6.1,282,14.2,992.1
2025-04-25T13:00+00:00,5925,5.8,278,12.6,992.0
2025-04-25T14:00+00:00,5925,6.0,286,13.7,992.1
2025-04-25T15:00+00:00,5925,5.9,285,13.0,992.3
2025-04-25T16:00+00:00,5925,5.6,290,11.9,992.4
2025-04-25T17:00+00:00,5925,5.8,299,10.7,992.6
2025-04-25T18:00+00:00,5925,3.3,321,9.2,993.5
2025-04-25T19:00+00:00,5925,3.7,331,7.7,994.2
2025-04-25T20:00+00:00,5925,4.7,333,10.5,994.5
2025-04-25T21:00+00:00,5925,4.5,331,9.8,994.7
2025-04-25T22:00+00:00,5925,5.0,328,10.2,994.9
2025-04-25T23:00+00:00,5925,4.4,323,10.4,994.9
2025-04-26T00:00+00:00,5925,4.2,323,11.6,994.8
2025-04-26T01:00+00:00,5925,4.4,321,10.7,994.8
2025-04-26T02:00+00:00,5925,4.3,324,9.5,994.7
2025-04-26T03:00+00:00,5925,4.0,323,8.8,995.2
2025-04-26T04:00+00:00,5925,4.4,324,9.7,995.7
2025-04-26T05:00+00:00,5925,4.4,328,9.3,996.5
2025-04-26T06:00+00:00,5925,4.9,328,9.2,997.0
2025-04-26T07:00+00:00,5925,4.5,330,10.8,997.7
2025-04-26T08:00+00:00,5925,4.3,328,9.3,998.0
2025-04-26T09:00+00:00,5925,4.1,330,7.9,998.4
2025-04-26T10:00+00:00,5925,3.4,339,8.9,998.5
2025-04-26T11:00+00:00,5925,3.1,340,7.6,998.2
2025-04-26T12:00+00:00,5925,2.3,332,5.8,998.2
2025-04-26T13:00+00:00,5925,2.5,334,7.0,998.0
2025-04-26T14:00+00:00,5925,3.4,338,8.5,997.9
2025-04-26T15:00+00:00,5925,3.9,5,9.2,997.9
2025-04-26T16:00+00:00,5925,4.2,358,10.7,998.0
2025-04-26T17:00+00:00,5925,3.8,357,9.9,998.6
2025-04-26T18:00+00:00,5925,3.3,341,8.7,999.5
2025-04-26T19:00+00:00,5925,3.8,332,7.5,1000.3
2025-04-26T20:00+00:00,5925,3.8,333,7.5,1001.0
2025-04-26T21:00+00:00,5925,3.9,333,7.1,1001.3
2025-04-26T22:00+00:00,5925,4.0,335,9.2,1001.6
2025-04-26T23:00+00:00,5925,3.5,335,8.6,1001.9
2025-04-27T00:00+00:00,5925,3.3,330,6.6,1001.9
2025-04-27T01:00+00:00,5925,2.5,330,5.8,1002.1
2025-04-27T02:00+00:00,5925,2.1,317,4.5,1002.2
2025-04-27T03:00+00:00,5925,1.3,304,3.1,1002.3
2025-04-27T04:00+00:00,5925,1.3,308,2.9,1002.7
2025-04-27T05:00+00:00,5925,0.8,311,3.4,1003.1
2025-04-27T06:00+00:00,5925,1.9,344,5.3,1003.4
2025-04-27T07:00+00:00,5925,2.1,360,5.4,1003.7
2025-04-27T08:00+00:00,5925,2.0,59,5.8,1004.1
2025-04-27T09:00+00:00,5925,2.6,59,7.5,1004.4
2025-04-27T10:00+00:00,5925,3.1,63,7.7,1004.3
2025-04-27T11:00+00:00,5925,2.2,114,6.7,1004.2
2025-04-27T12:00+00:00,5925,2.3,109,6.4,1003.8
2025-04-27T13:00+00:00,5925,2.3,70,7.1,1003.8
2025-04-27T14:00+00:00,5925,2.4,143,6.6,1003.6
2025-04-27T15:00+00:00,5925,2.4,143,8.1,1003.4
2025-04-27T16:00+00:00,5925,2.4,131,6.6,1003.3
2025-04-27T17:00+00:00,5925,3.1,105,6.5,1003.3
2025-04-27T18:00+00:00,5925,2.4,105,6.0,1003.6
2025-04-27T19:00+00:00,5925,1.9,77,4.4,1004.2
2025-04-27T20:00+00:00,5925,2.0,99,5.0,1004.3
2025-04-27T21:00+00:00,5925,1.6,105,3.5,1004.4
2025-04-27T22:00+00:00,5925,1.3,200,3.0,1004.7
2025-04-27T23:00+00:00,5925,0.5,129,2.4,1004.8
2025-04-28T00:00+00:00,5925,1.5,48,2.5,1004.4
2025-04-28T01:00+00:00,5925,1.9,50,3.8,1004.3
2025-04-28T02:00+00:00,5925,1.9,44,3.0,1004.2
2025-04-28T03:00+00:00,5925,1.9,41,3.1,1004.2
2025-04-28T04:00+00:00,5925,1.4,37,3.2,1004.5
2025-04-28T05:00+00:00,5925,1.4,320,3.0,1004.8
2025-04-28T06:00+00:00,5925,0.6,77,3.5,1005.3
2025-04-28T07:00+00:00,5925,1.5,103,4.8,1005.5
2025-04-28T08:00+00:00,5925,1.6,106,4.6,1005.4
2025-04-28T09:00+00:00,5925,3.3,145,8.2,1005.3
2025-04-28T10:00+00:00,5925,3.7,134,8.3,1005.1
2025-04-28T11:00+00:00,5925,4.3,133,10.0,1004.6
2025-04-28T12:00+00:00,5925,5.0,132,9.7,1004.3
2025-04-28T13:00+00:00,5925,4.2,133,9.6,1003.8
2025-04-28T14:00+00:00,5925,4.0,139,9.2,1003.5
2025-04-28T15:00+00:00,5925,3.9,145,8.3,1003.2
2025-04-28T16:00+00:00,5925,3.9,137,8.8,1003.0
2025-04-28T17:00+00:00,5925,4.2,144,8.5,1002.7
2025-04-28T18:00+00:00,5925,3.3,136,7.1,1002.9
2025-04-28T19:00+00:00,5925,2.6,129,6.1,1003.4
2025-04-28T20:00+00:00,5925,2.6,128,5.1,1003.6
2025-04-28T21:00+00:00,5925,2.5,137,4.9,1003.8
2025-04-28T22:00+00:00,5925,1.3,113,3.2,1004.0
2025-04-28T23:00+00:00,5925,1.4,86,2.7,1003.7
2025-04-29T00:00+00:00,5925,1.5,44,2.4,1003.3
2025-04-29T01:00+00:00,5925,0.9,328,2.5,1003.1
2025-04-29T02:00+00:00,5925,1.4,323,3.1,1003.2
2025-04-29T03:00+00:00,5925,1.2,318,2.7,1003.2
2025-04-29T04:00+00:00,5925,1.4,317,2.9,1003.6
2025-04-29T05:00+00:00,5925,1.5,314,3.2,1004.2
2025-04-29T06:00+00:00,5925,0.5,350,2.8,1004.4
2025-04-29T07:00+00:00,5925,1.0,77,3.0,1004.5
2025-04-29T08:00+00:00,5925,1.2,89,4.2,1004.4
2025-04-29T09:00+00:00,5925,1.5,125,5.3,1004.2
2025-04-29T10:00+00:00,5925,2.0,141,6.8,1003.8
2025-04-29T11:00+00:00,5925,2.1,125,6.2,1003.5
2025-04-29T12:00+00:00,5925,1.7,113,5.7,1003.0
2025-04-29T13:00+00:00,5925,2.3,49,6.3,1002.5
2025-04-29T14:00+00:00,5925,1.7,80,7.5,1001.9
2025-04-29T15:00+00:00,5925,1.6,49,6.0,1001.4
2025-04-29T16:00+00:00,5925,1.5,86,5.5,1001.2
2025-04-29T17:00+00:00,5925,0.6,91,4.5,1001.0
2025-04-29T18:00+00:00,5925,0.7,147,2.7,1001.1
2025-04-29T19:00+00:00,5925,0.5,315,3.3,1001.4
2025-04-29T20:00+00:00,5925,2.1,207,4.5,1001.6
2025-04-29T21:00+00:00,5925,2.7,224,4.4,1001.6
2025-04-29T22:00+00:00,5925,2.5,219,3.9,1001.8
2025-04-29T23:00+00:00,5925,2.0,221,3.2,1001.9
2025-04-30T00:00+00:00,5925,2.0,218,3.3,1001.6
2025-04-30T01:00+00:00,5925,2.7,220,4.1,1001.4
2025-04-30T02:00+00:00,5925,1.0,208,3.3,1001.5
2025-04-30T03:00+00:00,5925,1.1,198,3.2,1001.5
2025-04-30T04:00+00:00,5925,1.9,220,3.2,1001.8
2025-04-30T05:00+00:00,5925,1.1,216,2.2,1002.0
2025-04-30T06:00+00:00,5925,0.5,223,2.9,1002.2
2025-04-30T07:00+00:00,5925,1.0,304,3.4,1002.3
2025-04-30T08:00+00:00,5925,1.7,14,5.0,1002.3
2025-04-30T09:00+00:00,5925,1.7,2,4.8,1002.2
2025-04-30T10:00+00:00,5925,1.8,8,5.3,1002.0
2025-04-30T11:00+00:00,5925,2.2,351,7.3,1001.8
2025-04-30T12:00+00:00,5925,2.6,355,8.1,1001.3
2025-04-30T13:00+00:00,5925,2.1,10,7.4,1000.7
2025-04-30T14:00+00:00,5925,2.5,9,7.4,1000.0
2025-04-30T15:00+00:00,5925,2.9,21,7.6,999.7
2025-04-30T16:00+00:00,5925,3.0,20,7.2,999.5
2025-04-30T17:00+00:00,5925,2.7,331,6.1,999.2
2025-04-30T18:00+00:00,5925,2.0,327,4.6,999.3
2025-04-30T19:00+00:00,5925,1.6,324,4.4,999.7
2025-04-30T20:00+00:00,5925,2.0,218,3.6,999.7
2025-04-30T21:00+00:00,5925,2.6,215,4.1,999.7
2025-04-30T22:00+00:00,5925,2.4,215,3.7,999.8
2025-04-30T23:00+00:00,5925,2.4,216,3.6,999.7
2025-05-01T00:00+00:00,5925,2.3,217,3.7,999.7
2025-05-01T01:00+00:00,5925,1.1,211,4.0,999.7
2025-05-01T02:00+00:00,5925,0.8,54,2.6,999.8
2025-05-01T03:00+00:00,5925,1.5,220,3.0,999.7
2025-05-01T04:00+00:00,5925,1.5,219,2.7,1000.0
2025-05-01T05:00+00:00,5925,1.1,218,2.1,1000.4
2025-05-01T06:00+00:00,5925,0.4,216,1.9,1000.8
2025-05-01T07:00+00:00,5925,0.6,20,4.0,1000.9
2025-05-01T08:00+00:00,5925,1.6,2,5.1,1001.1
2025-05-01T09:00+00:00,5925,2.1,33,6.3,1001.0
2025-05-01T10:00+00:00,5925,1.8,32,5.9,1000.7
2025-05-01T11:00+00:00,5925,1.6,5,5.8,1000.3
2025-05-01T12:00+00:00,5925,2.3,20,7.7,1000.0
2025-05-01T13:00+00:00,5925,2.1,358,8.5,999.6
2025-05-01T14:00+00:00,5925,2.0,332,7.2,999.0
2025-05-01T15:00+00:00,5925,2.5,356,7.1,998.7
2025-05-01T16:00+00:00,5925,2.1,357,6.4,998.2
2025-05-01T17:00+00:00,5925,1.6,27,5.2,997.9
2025-05-01T18:00+00:00,5925,2.0,69,5.4,998.0
2025-05-01T19:00+00:00,5925,1.6,102,4.0,998.6
2025-05-01T20:00+00:00,5925,1.1,187,3.1,998.7
2025-05-01T21:00+00:00,5925,2.0,219,3.3,998.7
2025-05-01T22:00+00:00,5925,1.9,217,2.7,998.9
2025-05-01T23:00+00:00,5925,1.7,217,3.0,998.8
2025-05-02T00:00+00:00,5925,1.5,218,2.6,998.7
2025-05-02T01:00+00:00,5925,1.2,215,2.1,998.6
2025-05-02T02:00+00:00,5925,1.6,219,3.0,998.4
2025-05-02T03:00+00:00,5925,1.1,220,2.7,998.1
2025-05-02T04:00+00:00,5925,0.7,65,2.2,998.0
2025-05-02T05:00+00:00,5925,0.4,70,2.0,998.5
2025-05-02T06:00+00:00,5925,2.1,146,5.1,998.6
2025-05-02T07:00+00:00,5925,2.5,145,6.1,998.5
2025-05-02T08:00+00:00,5925,1.7,142,5.0,998.4
2025-05-02T09:00+00:00,5925,2.0,140,5.5,998.1
2025-05-02T10:00+00:00,5925,2.0,141,5.3,997.6
2025-05-02T11:00+00:00,5925,1.2,139,4.9,997.0
2025-05-02T12:00+00:00,5925,1.3,139,5.6,996.5
2025-05-02T13:00+00:00,5925,2.2,59,6.8,995.7
2025-05-02T14:00+00:00,5925,2.0,34,6.0,995.1
2025-05-02T15:00+00:00,5925,1.3,75,5.4,994.4
2025-05-02T16:00+00:00,5925,0.2,184,6.7,994.1
2025-05-02T17:00+00:00,5925,3.8,146,6.5,993.6
2025-05-02T18:00+00:00,5925,2.8,150,5.7,993.5
2025-05-02T19:00+00:00,5925,2.4,158,5.1,993.6
2025-05-02T20:00+00:00,5925,1.5,208,3.6,993.7
2025-05-02T21:00+00:00,5925,1.9,220,3.1,993.3
2025-05-02T22:00+00:00,5925,0.8,256,2.0,993.1
2025-05-02T23:00+00:00,5925,1.6,214,3.5,993.1
2025-05-03T00:00+00:00,5925,2.1,217,4.1,992.6
2025-05-03T01:00+00:00,5925,2.5,221,4.0,992.3
2025-05-03T02:00+00:00,5925,2.4,213,3.8,992.1
2025-05-03T03:00+00:00,5925,1.9,215,3.4,991.5
2025-05-03T04:00+00:00,5925,2.4,216,4.5,991.8
2025-05-03T05:00+00:00,5925,1.5,216,3.0,991.9
2025-05-03T06:00+00:00,5925,0.6,89,2.0,991.8
2025-05-03T07:00+00:00,5925,0.9,75,2.5,991.4
2025-05-03T08:00+00:00,5925,0.3,92,2.4,991.1
2025-05-03T09:00+00:00,5925,1.1,70,3.1,990.7
2025-05-03T10:00+00:00,5925,1.4,109,4.3,989.9
2025-05-03T11:00+00:00,5925,2.1,198,5.6,989.1
2025-05-03T12:00+00:00,5925,1.5,215,6.5,988.6
2025-05-03T13:00+00:00,5925,2.2,279,8.3,987.8
2025-05-03T14:00+00:00,5925,5.1,268,10.9,987.6
2025-05-03T15:00+00:00,5925,6.6,245,14.6,989.8
2025-05-03T16:00+00:00,5925,1.0,210,7.3,988.1
2025-05-03T17:00+00:00,5925,1.0,12,3.5,986.6
2025-05-03T18:00+00:00,5925,1.5,235,7.4,986.8
2025-05-03T19:00+00:00,5925,2.2,200,4.6,987.3
2025-05-03T20:00+00:00,5925,2.2,207,5.0,986.3
2025-05-03T21:00+00:00,5925,1.8,262,4.8,985.9
2025-05-03T22:00+00:00,5925,2.3,235,5.1,985.8
2025-05-03T23:00+00:00,5925,3.1,218,5.3,985.5
2025-05-04T00:00+00:00,5925,2.8,220,4.9,984.9
2025-05-04T01:00+00:00,5925,2.8,217,4.8,984.8
2025-05-04T02:00+00:00,5925,2.7,255,8.3,985.6
2025-05-04T03:00+00:00,5925,3.8,278,7.8,985.4
2025-05-04T04:00+00:00,5925,5.2,275,12.6,985.6
2025-05-04T05:00+00:00,5925,4.8,253,11.5,985.7
2025-05-04T06:00+00:00,5925,4.6,275,10.2,986.4
2025-05-04T07:00+00:00,5925,4.9,296,11.2,986.6
2025-05-04T08:00+00:00,5925,4.2,279,11.3,987.0
2025-05-04T09:00+00:00,5925,4.3,266,10.4,987.0
2025-05-04T10:00+00:00,5925,3.8,283,11.0,987.5
2025-05-04T11:00+00:00,5925,3.5,334,9.2,987.9
2025-05-04T12:00+00:00,5925,4.2,336,9.0,987.7
2025-05-04T13:00+00:00,5925,5.2,330,10.3,987.9
2025-05-04T14:00+00:00,5925,3.4,338,8.8,988.0
2025-05-04T15:00+00:00,5925,3.3,337,7.4,987.9
2025-05-04T16:00+00:00,5925,2.3,332,5.7,987.5
2025-05-04T17:00+00:00,5925,2.7,332,6.5,987.5
2025-05-04T18:00+00:00,5925,2.5,335,6.5,987.7
2025-05-04T19:00+00:00,5925,2.1,328,5.3,988.1
2025-05-04T20:00+00:00,5925,2.4,338,5.9,988.0
2025-05-04T21:00+00:00,5925,2.7,338,6.4,988.2
2025-05-04T22:00+00:00,5925,3.1,346,7.8,988.8
2025-05-04T23:00+00:00,5925,2.8,351,7.4,988.9
2025-05-05T00:00+00:00,5925,3.1,329,6.5,988.8
2025-05-05T01:00+00:00,5925,4.0,332,8.0,988.6
2025-05-05T02:00+00:00,5925,3.5,332,7.1,988.7
2025-05-05T03:00+00:00,5925,3.9,329,7.8,989.3
2025-05-05T04:00+00:00,5925,3.4,327,7.3,990.0
2025-05-05T05:00+00:00,5925,3.4,328,7.3,989.8
2025-05-05T06:00+00:00,5925,2.9,326,6.3,989.9
2025-05-05T07:00+00:00,5925,2.9,331,6.7,989.9
2025-05-05T08:00+00:00,5925,3.0,330,7.4,990.0
2025-05-05T09:00+00:00,5925,3.4,329,7.4,990.2
2025-05-05T10:00+00:00,5925,3.5,338,7.7,990.1
2025-05-05T11:00+00:00,5925,3.2,20,8.8,990.1
2025-05-05T12:00+00:00,5925,3.8,32,8.6,990.0
2025-05-05T13:00+00:00,5925,3.0,36,6.8,989.8
2025-05-05T14:00+00:00,5925,3.1,35,7.6,990.2
2025-05-05T15:00+00:00,5925,3.1,7,9.0,990.1
2025-05-05T16:00+00:00,5925,3.1,349,8.3,990.5
2025-05-05T17:00+00:00,5925,3.7,333,8.9,990.8
2025-05-05T18:00+00:00,5925,3.9,336,9.6,991.4
2025-05-05T19:00+00:00,5925,4.1,341,9.1,992.2
2025-05-05T20:00+00:00,5925,4.2,333,9.8,992.5
2025-05-05T21:00+00:00,5925,4.1,334,8.7,992.4
2025-05-05T22:00+00:00,5925,3.9,336,8.3,992.7
2025-05-05T23:00+00:00,5925,3.5,330,7.8,992.6
2025-05-06T00:00+00:00,5925,3.8,328,8.5,992.4
2025-05-06T01:00+00:00,5925,4.1,327,8.0,992.2
2025-05-06T02:00+00:00,5925,4.0,327,8.7,992.3
2025-05-06T03:00+00:00,5925,3.6,327,7.3,992.4
2025-05-06T04:00+00:00,5925,3.4,317,7.9,992.6
2025-05-06T05:00+00:00,5925,2.7,304,5.3,992.7
2025-05-06T06:00+00:00,5925,3.4,311,7.2,992.9
2025-05-06T07:00+00:00,5925,4.2,301,8.3,993.2
2025-05-06T08:00+00:00,5925,3.3,309,7.6,993.3
2025-05-06T09:00+00:00,5925,3.8,322,7.8,993.4
2025-05-06T10:00+00:00,5925,3.5,316,8.4,993.5
2025-05-06T11:00+00:00,5925,3.8,316,8.0,993.4
2025-05-06T12:00+00:00,5925,3.7,317,9.0,993.2
2025-05-06T13:00+00:00,5925,3.7,330,9.2,992.5
2025-05-06T14:00+00:00,5925,4.3,325,9.6,992.4
2025-05-06T15:00+00:00,5925,4.4,326,8.4,992.5
2025-05-06T16:00+00:00,5925,4.6,329,8.9,992.9
2025-05-06T17:00+00:00,5925,3.0,347,7.4,993.2
2025-05-06T18:00+00:00,5925,2.9,335,6.2,993.5
2025-05-06T19:00+00:00,5925,3.0,330,6.3,994.0
2025-05-06T20:00+00:00,5925,2.7,333,6.2,994.6
2025-05-06T21:00+00:00,5925,2.7,330,5.8,994.8
2025-05-06T22:00+00:00,5925,2.8,328,4.8,995.1
2025-05-06T23:00+00:00,5925,2.4,326,4.7,994.9
2025-05-07T00:00+00:00,5925,2.6,309,5.1,994.7
2025-05-07T01:00+00:00,5925,2.7,310,5.6,994.3
2025-05-07T02:00+00:00,5925,2.0,306,4.7,994.4
2025-05-07T03:00+00:00,5925,2.5,305,5.8,994.4
2025-05-07T04:00+00:00,5925,2.5,289,5.6,994.5
2025-05-07T05:00+00:00,5925,2.6,287,5.0,994.7
2025-05-07T06:00+00:00,5925,2.5,295,5.9,994.9
2025-05-07T07:00+00:00,5925,3.2,307,6.2,995.1
2025-05-07T08:00+00:00,5925,3.5,327,9.8,995.1
2025-05-07T09:00+00:00,5925,3.9,334,9.4,995.1
2025-05-07T10:00+00:00,5925,4.5,332,10.3,994.9
2025-05-07T11:00+00:00,5925,3.5,339,9.2,994.6
2025-05-07T12:00+00:00,5925,3.2,331,8.1,994.4
2025-05-07T13:00+00:00,5925,2.6,345,8.6,994.0
2025-05-07T14:00+00:00,5925,2.9,332,7.0,993.5
2025-05-07T15:00+00:00,5925,2.0,54,7.8,993.6
2025-05-07T16:00+00:00,5925,2.6,60,6.3,993.4
2025-05-07T17:00+00:00,5925,2.4,76,6.7,993.1
2025-05-07T18:00+00:00,5925,2.1,88,4.9,993.5
2025-05-07T19:00+00:00,5925,1.5,75,4.3,994.0
2025-05-07T20:00+00:00,5925,1.6,52,3.0,994.1
2025-05-07T21:00+00:00,5925,2.4,22,6.3,993.8
2025-05-07T22:00+00:00,5925,2.3,352,6.0,993.7
2025-05-07T23:00+00:00,5925,2.6,1,6.1,993.3
2025-05-08T00:00+00:00,5925,2.2,351,6.5,993.0
2025-05-08T01:00+00:00,5925,2.1,351,5.7,992.5
2025-05-08T02:00+00:00,5925,2.4,344,6.5,992.6
2025-05-08T03:00+00:00,5925,2.0,360,6.5,992.4
2025-05-08T04:00+00:00,5925,2.5,347,6.4,992.4
2025-05-08T05:00+00:00,5925,2.5,347,6.2,992.5
2025-05-08T06:00+00:00,5925,2.5,357,7.5,992.7
2025-05-08T07:00+00:00,5925,2.5,358,7.3,993.1
2025-05-08T08:00+00:00,5925,2.5,9,6.3,993.2
2025-05-08T09:00+00:00,5925,2.3,352,6.2,993.7
2025-05-08T10:00+00:00,5925,2.4,346,6.0,994.0
2025-05-08T11:00+00:00,5925,2.1,344,5.3,994.0
2025-05-08T12:00+00:00,5925,2.2,308,4.8,993.8
2025-05-08T13:00+00:00,5925,1.5,283,4.8,993.7
2025-05-08T14:00+00:00,5925,3.0,230,5.3,993.2
2025-05-08T15:00+00:00,5925,3.4,230,6.6,993.2
2025-05-08T16:00+00:00,5925,2.7,244,7.3,993.2
2025-05-08T17:00+00:00,5925,2.9,311,7.2,993.5
2025-05-08T18:00+00:00,5925,2.8,319,7.4,994.0
2025-05-08T19:00+00:00,5925,2.5,328,5.2,994.6
2025-05-08T20:00+00:00,5925,2.3,344,6.5,995.3
2025-05-08T21:00+00:00,5925,2.3,338,5.5,995.5
2025-05-08T22:00+00:00,5925,2.5,345,5.7,995.9
2025-05-08T23:00+00:00,5925,2.7,352,6.3,996.2
2025-05-09T00:00+00:00,5925,2.6,339,7.2,996.3
2025-05-09T01:00+00:00,5925,2.5,352,5.9,996.2
2025-05-09T02:00+00:00,5925,2.2,337,5.8,996.2
2025-05-09T03:00+00:00,5925,2.3,344,5.6,996.4
2025-05-09T04:00+00:00,5925,2.4,337,5.9,996.9
2025-05-09T05:00+00:00,5925,2.0,334,6.0,997.6
2025-05-09T06:00+00:00,5925,2.1,346,6.7,998.0
2025-05-09T07:00+00:00,5925,2.4,335,6.0,998.4
2025-05-09T08:00+00:00,5925,2.0,334,6.2,998.4
2025-05-09T09:00+00:00,5925,2.7,347,7.6,998.5
2025-05-09T10:00+00:00,5925,2.5,5,7.7,998.2
2025-05-09T11:00+00:00,5925,2.6,360,8.6,998.2
2025-05-09T12:00+00:00,5925,2.4,342,8.4,998.1
2025-05-09T13:00+00:00,5925,3.4,334,8.5,998.0
2025-05-09T14:00+00:00,5925,4.0,30,10.9,998.0
2025-05-09T15:00+00:00,5925,3.4,21,10.3,998.0
2025-05-09T16:00+00:00,5925,3.5,355,10.2,997.9
2025-05-09T17:00+00:00,5925,2.8,358,9.0,998.1
2025-05-09T18:00+00:00,5925,3.7,24,8.9,998.7
2025-05-09T19:00+00:00,5925,3.8,34,7.8,999.6
2025-05-09T20:00+00:00,5925,2.4,19,7.0,1000.2
2025-05-09T21:00+00:00,5925,1.9,328,4.6,1000.5
2025-05-09T22:00+00:00,5925,1.3,251,3.3,1000.8
2025-05-09T23:00+00:00,5925,2.2,217,3.6,1000.9
2025-05-10T00:00+00:00,5925,2.3,216,3.3,1000.8
2025-05-10T01:00+00:00,5925,2.3,216,3.6,1000.7
2025-05-10T02:00+00:00,5925,2.4,218,3.4,1000.7
2025-05-10T03:00+00:00,5925,2.4,221,3.4,1000.5
2025-05-10T04:00+00:00,5925,2.3,221,3.6,1000.7
2025-05-10T05:00+00:00,5925,1.0,207,2.6,1000.9
2025-05-10T06:00+00:00,5925,0.8,150,2.4,1001.1
2025-05-10T07:00+00:00,5925,0.6,41,4.0,1001.1
2025-05-10T08:00+00:00,5925,1.1,357,5.3,1000.8
2025-05-10T09:00+00:00,5925,1.5,56,4.9,1000.7
2025-05-10T10:00+00:00,5925,1.9,25,6.3,1000.2
2025-05-10T11:00+00:00,5925,1.4,82,6.0,999.6
2025-05-10T12:00+00:00,5925,1.2,29,5.3,999.0
2025-05-10T13:00+00:00,5925,1.2,54,5.9,998.4
2025-05-10T14:00+00:00,5925,1.0,49,5.2,997.6
2025-05-10T15:00+00:00,5925,1.5,97,5.2,997.3
2025-05-10T16:00+00:00,5925,1.2,126,4.6,996.9
2025-05-10T17:00+00:00,5925,1.2,183,4.7,996.7
2025-05-10T18:00+00:00,5925,1.6,169,4.2,996.5
2025-05-10T19:00+00:00,5925,2.3,185,4.8,996.6
2025-05-10T20:00+00:00,5925,2.8,219,4.8,996.7
2025-05-10T21:00+00:00,5925,2.5,221,3.9,996.6
2025-05-10T22:00+00:00,5925,2.8,220,4.6,996.3
2025-05-10T23:00+00:00,5925,1.9,218,3.3,996.0
2025-05-11T00:00+00:00,5925,2.5,214,4.1,995.7
2025-05-11T01:00+00:00,5925,0.2,168,4.4,996.2
2025-05-11T02:00+00:00,5925,1.4,338,3.9,996.2
2025-05-11T03:00+00:00,5925,2.4,331,5.8,995.8
2025-05-11T04:00+00:00,5925,2.7,332,6.4,996.0
2025-05-11T05:00+00:00,5925,4.3,333,8.5,996.2
2025-05-11T06:00+00:00,5925,3.4,335,8.6,996.4
2025-05-11T07:00+00:00,5925,3.2,336,7.6,996.7
2025-05-11T08:00+00:00,5925,2.8,341,7.3,996.9
2025-05-11T09:00+00:00,5925,2.9,1,7.9,997.0
2025-05-11T10:00+00:00,5925,2.8,11,8.4,996.7
2025-05-11T11:00+00:00,5925,2.5,354,8.7,996.4
2025-05-11T12:00+00:00,5925,3.3,335,9.1,995.7
2025-05-11T13:00+00:00,5925,3.3,344,9.3,995.2
2025-05-11T14:00+00:00,5925,3.9,341,9.8,994.5
2025-05-11T15:00+00:00,5925,3.7,344,9.5,994.3
2025-05-11T16:00+00:00,5925,3.0,358,9.0,993.7
2025-05-11T17:00+00:00,5925,3.2,23,8.3,993.7
2025-05-11T18:00+00:00,5925,3.8,41,7.5,994.0
2025-05-11T19:00+00:00,5925,3.0,48,6.4,994.2
2025-05-11T20:00+00:00,5925,3.2,52,5.3,994.4
2025-05-11T21:00+00:00,5925,2.6,47,4.8,994.3
2025-05-11T22:00+00:00,5925,1.3,17,3.2,994.4
2025-05-11T23:00+00:00,5925,1.6,341,4.1,994.2
2025-05-12T00:00+00:00,5925,1.7,26,3.9,993.6
2025-05-12T01:00+00:00,5925,1.6,20,5.0,993.4
2025-05-12T02:00+00:00,5925,1.7,30,4.2,993.3
2025-05-12T03:00+00:00,5925,1.9,6,5.0,993.1
2025-05-12T04:00+00:00,5925,1.6,336,4.5,993.3
2025-05-12T05:00+00:00,5925,1.7,2,5.3,993.7
2025-05-12T06:00+00:00,5925,1.4,343,4.5,994.1
2025-05-12T07:00+00:00,5925,2.0,4,6.5,994.3
2025-05-12T08:00+00:00,5925,1.8,23,5.8,994.4
2025-05-12T09:00+00:00,5925,2.3,9,6.9,994.5
2025-05-12T10:00+00:00,5925,2.6,12,10.6,994.4
2025-05-12T11:00+00:00,5925,2.9,360,9.2,994.3
2025-05-12T12:00+00:00,5925,2.2,6,9.2,994.2
2025-05-12T13:00+00:00,5925,2.7,13,9.1,994.0
2025-05-12T14:00+00:00,5925,1.5,13,7.9,993.6
2025-05-12T15:00+00:00,5925,2.5,66,7.7,993.5
2025-05-12T16:00+00:00,5925,3.0,40,8.8,993.6
2025-05-12T17:00+00:00,5925,3.5,60,7.3,993.6
2025-05-12T18:00+00:00,5925,3.0,72,7.3,994.1
2025-05-12T19:00+00:00,5925,1.8,105,4.1,994.5
2025-05-12T20:00+00:00,5925,1.3,63,5.2,995.2
2025-05-12T21:00+00:00,5925,2.7,24,6.3,995.6
2025-05-12T22:00+00:00,5925,1.9,347,5.1,995.8
2025-05-12T23:00+00:00,5925,1.2,8,4.5,995.9
2025-05-13T00:00+00:00,5925,1.7,323,3.9,995.9
2025-05-13T01:00+00:00,5925,1.9,332,4.6,995.9
2025-05-13T02:00+00:00,5925,1.5,355,4.6,996.3
2025-05-13T03:00+00:00,5925,1.6,350,4.8,996.2
2025-05-13T04:00+00:00,5925,0.4,36,3.0,996.6
2025-05-13T05:00+00:00,5925,1.8,332,5.7,997.0
2025-05-13T06:00+00:00,5925,2.0,358,5.5,997.4
2025-05-13T07:00+00:00,5925,1.5,350,5.1,997.7
2025-05-13T08:00+00:00,5925,1.4,345,4.8,997.7
2025-05-13T09:00+00:00,5925,1.6,342,5.6,997.6
2025-05-13T10:00+00:00,5925,1.9,338,6.0,997.4
2025-05-13T11:00+00:00,5925,1.7,6,7.3,997.1
2025-05-13T12:00+00:00,5925,1.6,325,7.3,996.9
2025-05-13T13:00+00:00,5925,1.4,24,8.6,996.5
2025-05-13T14:00+00:00,5925,2.3,359,7.9,996.2
2025-05-13T15:00+00:00,5925,2.4,345,8.0,996.0
2025-05-13T16:00+00:00,5925,3.0,324,7.1,995.8
2025-05-13T17:00+00:00,5925,3.1,349,7.8,995.8
2025-05-13T18:00+00:00,5925,3.3,343,7.7,996.0
2025-05-13T19:00+00:00,5925,2.3,357,6.3,996.3
2025-05-13T20:00+00:00,5925,0.9,45,4.2,996.5
2025-05-13T21:00+00:00,5925,2.1,217,3.3,996.6
2025-05-13T22:00+00:00,5925,2.2,216,3.7,997.0
2025-05-13T23:00+00:00,5925,2.0,219,2.8,997.0
2025-05-14T00:00+00:00,5925,1.7,220,3.0,997.0
2025-05-14T01:00+00:00,5925,2.0,218,3.1,996.8
2025-05-14T02:00+00:00,5925,2.2,217,3.4,996.6
2025-05-14T03:00+00:00,5925,1.7,218,2.9,996.6
2025-05-14T04:00+00:00,5925,1.8,216,2.9,996.6
2025-05-14T05:00+00:00,5925,1.6,219,2.8,996.5
2025-05-14T06:00+00:00,5925,1.2,222,2.6,996.6
2025-05-14T07:00+00:00,5925,0.5,208,2.4,996.6
2025-05-14T08:00+00:00,5925,0.6,211,3.0,996.4
2025-05-14T09:00+00:00,5925,0.4,144,2.8,995.9
2025-05-14T10:00+00:00,5925,1.8,216,6.5,995.3
2025-05-14T11:00+00:00,5925,1.4,293,6.9,994.5
2025-05-14T12:00+00:00,5925,2.1,283,8.0,993.7
2025-05-14T13:00+00:00,5925,2.3,279,10.3,993.1
2025-05-14T14:00+00:00,5925,2.3,282,8.6,992.5
2025-05-14T15:00+00:00,5925,3.4,272,8.4,992.0
2025-05-14T16:00+00:00,5925,3.3,267,7.9,991.2
2025-05-14T17:00+00:00,5925,3.8,251,7.8,990.5
2025-05-14T18:00+00:00,5925,4.0,228,6.8,990.2
2025-05-14T19:00+00:00,5925,4.0,244,9.9,990.3
2025-05-14T20:00+00:00,5925,3.7,249,8.2,990.0
2025-05-14T21:00+00:00,5925,4.2,252,8.5,989.3
2025-05-14T22:00+00:00,5925,4.3,263,8.9,988.9
2025-05-14T23:00+00:00,5925,4.4,267,10.6,988.7
2025-05-15T00:00+00:00,5925,4.6,312,9.5,988.2
2025-05-15T01:00+00:00,5925,4.3,295,9.5,987.7
2025-05-15T02:00+00:00,5925,4.4,271,8.7,987.1
2025-05-15T03:00+00:00,5925,4.3,267,8.9,986.5
2025-05-15T04:00+00:00,5925,4.3,267,9.3,986.4
2025-05-15T05:00+00:00,5925,3.4,265,8.2,986.3
2025-05-15T06:00+00:00,5925,3.6,266,8.5,986.2
2025-05-15T07:00+00:00,5925,4.5,283,10.0,986.3
2025-05-15T08:00+00:00,5925,4.4,299,9.9,986.5
2025-05-15T09:00+00:00,5925,5.2,315,13.8,986.9
2025-05-15T10:00+00:00,5925,7.2,335,18.2,988.6
2025-05-15T11:00+00:00,5925,5.8,342,14.2,989.8
2025-05-15T12:00+00:00,5925,4.5,340,10.8,990.7
2025-05-15T13:00+00:00,5925,2.0,35,5.7,991.0
2025-05-15T14:00+00:00,5925,1.1,212,5.1,991.0
2025-05-15T15:00+00:00,5925,2.8,278,6.4,991.0
2025-05-15T16:00+00:00,5925,3.0,297,7.9,990.8
2025-05-15T17:00+00:00,5925,3.9,316,9.5,991.2
2025-05-15T18:00+00:00,5925,4.4,323,10.3,991.9
2025-05-15T19:00+00:00,5925,4.3,327,14.1,993.0
2025-05-15T20:00+00:00,5925,4.8,336,10.7,993.7
2025-05-15T21:00+00:00,5925,3.4,331,9.5,994.1
2025-05-15T22:00+00:00,5925,4.8,328,10.0,994.7
2025-05-15T23:00+00:00,5925,5.6,330,10.5,995.2
2025-05-16T00:00+00:00,5925,4.8,326,9.5,995.4
2025-05-16T01:00+00:00,5925,3.6,326,9.5,995.3
2025-05-16T02:00+00:00,5925,3.4,302,7.9,994.9
2025-05-16T03:00+00:00,5925,4.1,304,7.9,995.1
2025-05-16T04:00+00:00,5925,3.8,308,9.0,994.8
2025-05-16T05:00+00:00,5925,4.6,310,11.8,994.4
2025-05-16T06:00+00:00,5925,5.3,311,10.5,994.6
2025-05-16T07:00+00:00,5925,5.4,320,11.4,994.5
2025-05-16T08:00+00:00,5925,5.1,319,11.1,994.3
2025-05-16T09:00+00:00,5925,4.9,326,9.8,994.3
2025-05-16T10:00+00:00,5925,4.6,307,10.1,994.2
2025-05-16T11:00+00:00,5925,5.2,318,10.5,993.7
2025-05-16T12:00+00:00,5925,4.4,321,9.5,993.3
2025-05-16T13:00+00:00,5925,4.3,307,11.4,992.7
2025-05-16T14:00+00:00,5925,4.0,316,11.1,992.0
2025-05-16T15:00+00:00,5925,4.0,310,13.2,992.1
2025-05-16T16:00+00:00,5925,5.0,325,14.4,992.2
2025-05-16T17:00+00:00,5925,4.5,296,10.5,992.0
2025-05-16T18:00+00:00,5925,5.2,289,12.5,992.3
2025-05-16T19:00+00:00,5925,4.9,284,9.7,992.3
2025-05-16T20:00+00:00,5925,4.9,278,10.8,992.2
2025-05-16T21:00+00:00,5925,6.1,286,12.0,992.3
2025-05-16T22:00+00:00,5925,5.7,285,12.8,992.3
2025-05-16T23:00+00:00,5925,5.2,278,10.6,992.2
2025-05-17T00:00+00:00,5925,4.9,281,9.9,992.1
2025-05-17T01:00+00:00,5925,5.3,287,10.3,992.0
2025-05-17T02:00+00:00,5925,5.3,287,9.9,992.0
2025-05-17T03:00+00:00,5925,3.9,282,8.2,991.8
2025-05-17T04:00+00:00,5925,3.9,288,7.8,991.9
2025-05-17T05:00+00:00,5925,4.7,298,10.3,992.2
2025-05-17T06:00+00:00,5925,4.6,295,10.0,992.2
2025-05-17T07:00+00:00,5925,4.8,295,10.2,992.3
2025-05-17T08:00+00:00,5925,4.6,297,10.3,992.5
2025-05-17T09:00+00:00,5925,3.7,288,7.4,992.4
2025-05-17T10:00+00:00,5925,4.4,276,10.1,992.3
2025-05-17T11:00+00:00,5925,4.4,268,10.0,991.8
2025-05-17T12:00+00:00,5925,5.3,272,11.7,991.2
2025-05-17T13:00+00:00,5925,5.2,268,11.2,990.5
2025-05-17T14:00+00:00,5925,5.2,269,12.4,989.9
2025-05-17T15:00+00:00,5925,6.3,269,14.8,989.6
2025-05-17T16:00+00:00,5925,6.9,254,13.8,989.7
2025-05-17T17:00+00:00,5925,5.4,260,12.6,989.5
2025-05-17T18:00+00:00,5925,5.0,247,10.0,989.5
2025-05-17T19:00+00:00,5925,3.3,250,7.7,989.7
2025-05-17T20:00+00:00,5925,2.9,280,6.4,989.9
2025-05-17T21:00+00:00,5925,3.6,287,8.5,990.0
2025-05-17T22:00+00:00,5925,3.9,267,8.8,990.1
2025-05-17T23:00+00:00,5925,3.5,330,9.9,991.1
2025-05-18T00:00+00:00,5925,2.5,354,9.2,990.9
2025-05-18T01:00+00:00,5925,1.9,289,4.1,990.7
2025-05-18T02:00+00:00,5925,2.3,290,5.3,990.4
2025-05-18T03:00+00:00,5925,1.6,296,3.5,990.5
2025-05-18T04:00+00:00,5925,2.3,316,5.6,990.8
2025-05-18T05:00+00:00,5925,3.0,320,7.0,991.2
2025-05-18T06:00+00:00,5925,1.6,309,4.6,991.4
2025-05-18T07:00+00:00,5925,2.4,317,6.6,991.8
2025-05-18T08:00+00:00,5925,3.1,305,7.1,992.2
2025-05-18T09:00+00:00,5925,2.9,317,8.8,992.4
2025-05-18T10:00+00:00,5925,2.9,306,9.5,992.5
2025-05-18T11:00+00:00,5925,3.4,301,10.1,992.4
2025-05-18T12:00+00:00,5925,4.3,314,14.5,992.4
2025-05-18T13:00+00:00,5925,3.8,284,8.7,992.7
2025-05-18T14:00+00:00,5925,3.9,239,9.4,992.4
2025-05-18T15:00+00:00,5925,4.1,249,9.3,992.6
2025-05-18T16:00+00:00,5925,4.1,248,9.6,992.4
2025-05-18T17:00+00:00,5925,4.4,235,8.7,992.4
2025-05-18T18:00+00:00,5925,4.6,230,7.3,992.3
2025-05-18T19:00+00:00,5925,4.1,225,8.3,992.5
2025-05-18T20:00+00:00,5925,3.5,228,5.9,992.7
2025-05-18T21:00+00:00,5925,3.2,236,6.3,993.1
2025-05-18T22:00+00:00,5925,2.6,253,5.6,993.4
2025-05-18T23:00+00:00,5925,2.4,243,5.1,993.4
2025-05-19T00:00+00:00,5925,2.3,223,5.0,993.5
2025-05-19T01:00+00:00,5925,2.3,225,4.6,993.6
2025-05-19T02:00+00:00,5925,1.4,212,3.7,993.5
2025-05-19T03:00+00:00,5925,2.1,225,6.2,993.6
2025-05-19T04:00+00:00,5925,3.2,259,8.1,994.1
2025-05-19T05:00+00:00,5925,3.8,278,7.9,994.4
2025-05-19T06:00+00:00,5925,4.6,284,9.6,994.7
2025-05-19T07:00+00:00,5925,5.2,281,11.0,994.9
2025-05-19T08:00+00:00,5925,5.4,281,12.3,995.3
2025-05-19T09:00+00:00,5925,5.6,287,10.5,995.7
2025-05-19T10:00+00:00,5925,4.6,283,11.9,995.8
2025-05-19T11:00+00:00,5925,5.4,301,11.9,995.9
2025-05-19T12:00+00:00,5925,4.7,315,10.5,995.7
2025-05-19T13:00+00:00,5925,5.1,315,11.0,995.7
2025-05-19T14:00+00:00,5925,4.0,295,8.7,995.5
2025-05-19T15:00+00:00,5925,4.5,299,9.6,995.3
2025-05-19T16:00+00:00,5925,4.3,321,9.8,995.4
2025-05-19T17:00+00:00,5925,3.8,324,7.7,995.5
2025-05-19T18:00+00:00,5925,3.8,326,9.1,995.5
2025-05-19T19:00+00:00,5925,2.7,327,6.3,995.8
2025-05-19T20:00+00:00,5925,2.3,322,6.4,996.5
2025-05-19T21:00+00:00,5925,2.7,318,6.1,996.9
2025-05-19T22:00+00:00,5925,2.4,314,5.9,997.1
2025-05-19T23:00+00:00,5925,1.1,307,3.8,997.3
2025-05-20T00:00+00:00,5925,1.6,257,4.2,997.4
2025-05-20T01:00+00:00,5925,1.5,227,3.5,997.3
2025-05-20T02:00+00:00,5925,1.9,221,3.3,997.1
2025-05-20T03:00+00:00,5925,1.9,228,3.2,996.9
2025-05-20T04:00+00:00,5925,1.1,228,2.6,996.7
2025-05-20T05:00+00:00,5925,1.6,196,3.5,996.8
2025-05-20T06:00+00:00,5925,1.9,285,5.0,997.1
2025-05-20T07:00+00:00,5925,2.3,339,5.6,997.4
2025-05-20T08:00+00:00,5925,2.2,342,6.1,997.4
2025-05-20T09:00+00:00,5925,1.8,325,5.8,997.1
2025-05-20T10:00+00:00,5925,1.4,18,5.4,996.6
2025-05-20T11:00+00:00,5925,2.0,63,7.2,996.3
2025-05-20T12:00+00:00,5925,2.1,19,7.5,995.6
2025-05-20T13:00+00:00,5925,2.2,26,7.1,995.2
2025-05-20T14:00+00:00,5925,2.4,62,6.1,994.7
2025-05-20T15:00+00:00,5925,2.9,43,7.6,994.3
2025-05-20T16:00+00:00,5925,3.2,54,8.7,993.8
2025-05-20T17:00+00:00,5925,2.7,77,8.3,994.0
2025-05-20T18:00+00:00,5925,2.7,74,6.6,993.8
2025-05-20T19:00+00:00,5925,2.1,79,4.6,993.8
2025-05-20T20:00+00:00,5925,2.0,77,4.2,994.0
2025-05-20T21:00+00:00,5925,1.8,112,4.2,993.7
2025-05-20T22:00+00:00,5925,0.8,77,3.0,993.7
2025-05-20T23:00+00:00,5925,0.7,88,2.3,993.6
2025-05-21T00:00+00:00,5925,1.1,55,2.0,993.3
2025-05-21T01:00+00:00,5925,0.7,6,2.1,993.0
2025-05-21T02:00+00:00,5925,0.4,319,1.7,992.7
2025-05-21T03:00+00:00,5925,0.3,317,1.9,992.6
2025-05-21T04:00+00:00,5925,0.8,19,2.6,992.4
2025-05-21T05:00+00:00,5925,0.4,303,2.5,992.7
2025-05-21T06:00+00:00,5925,0.6,113,2.7,992.6
2025-05-21T07:00+00:00,5925,1.4,103,4.1,992.5
2025-05-21T08:00+00:00,5925,1.9,89,4.3,992.5
2025-05-21T09:00+00:00,5925,1.4,95,4.0,992.3
2025-05-21T10:00+00:00,5925,2.0,110,5.5,992.0
2025-05-21T11:00+00:00,5925,3.2,144,6.8,991.4
2025-05-21T12:00+00:00,5925,3.3,146,7.0,990.7
2025-05-21T13:00+00:00,5925,3.3,171,7.0,990.1
2025-05-21T14:00+00:00,5925,3.3,166,7.6,989.5
2025-05-21T15:00+00:00,5925,3.5,175,7.7,989.1
2025-05-21T16:00+00:00,5925,3.2,172,6.9,988.8
2025-05-21T17:00+00:00,5925,3.2,158,6.1,988.7
2025-05-21T18:00+00:00,5925,3.1,143,6.1,988.9
2025-05-21T19:00+00:00,5925,3.2,177,6.8,989.0
2025-05-21T20:00+00:00,5925,2.0,199,4.7,988.9
2025-05-21T21:00+00:00,5925,0.6,211,2.6,988.8
2025-05-21T22:00+00:00,5925,1.4,167,3.9,988.9
2025-05-21T23:00+00:00,5925,1.9,226,2.9,988.4
2025-05-22T00:00+00:00,5925,1.2,223,2.9,988.0
2025-05-22T01:00+00:00,5925,1.5,221,3.9,987.5
2025-05-22T02:00+00:00,5925,1.4,216,2.8,987.4
2025-05-22T03:00+00:00,5925,1.4,220,3.8,987.1
2025-05-22T04:00+00:00,5925,2.4,235,5.4,987.4
2025-05-22T05:00+00:00,5925,2.4,271,8.3,987.6
2025-05-22T06:00+00:00,5925,2.5,273,7.9,987.7
2025-05-22T07:00+00:00,5925,3.7,278,8.4,987.9
2025-05-22T08:00+00:00,5925,3.3,284,8.6,987.9
2025-05-22T09:00+00:00,5925,3.2,294,7.4,988.1
2025-05-22T10:00+00:00,5925,2.8,299,6.7,987.9
2025-05-22T11:00+00:00,5925,2.5,310,5.8,987.6
2025-05-22T12:00+00:00,5925,2.4,320,5.2,987.3
2025-05-22T13:00+00:00,5925,3.4,313,6.8,987.1
2025-05-22T14:00+00:00,5925,3.9,310,8.2,987.0
2025-05-22T15:00+00:00,5925,5.2,305,10.7,987.7
2025-05-22T16:00+00:00,5925,3.5,302,8.2,987.8
2025-05-22T17:00+00:00,5925,3.4,296,8.3,988.1
2025-05-22T18:00+00:00,5925,4.8,294,10.8,988.6
2025-05-22T19:00+00:00,5925,5.3,283,12.9,989.1
2025-05-22T20:00+00:00,5925,5.8,278,12.8,989.6
2025-05-22T21:00+00:00,5925,6.0,316,16.9,990.8
2025-05-22T22:00+00:00,5925,5.5,317,11.6,991.6
2025-05-22T23:00+00:00,5925,4.3,313,10.4,992.0
2025-05-23T00:00+00:00,5925,4.6,303,8.8,991.9
2025-05-23T01:00+00:00,5925,5.2,302,10.4,992.2
2025-05-23T02:00+00:00,5925,5.3,304,10.0,992.2
2025-05-23T03:00+00:00,5925,5.0,323,9.3,992.5
2025-05-23T04:00+00:00,5925,5.5,326,11.8,992.7
2025-05-23T05:00+00:00,5925,5.1,326,11.3,993.3
2025-05-23T06:00+00:00,5925,5.7,327,11.1,993.5
2025-05-23T07:00+00:00,5925,5.3,325,10.6,993.6
2025-05-23T08:00+00:00,5925,4.9,325,10.1,993.7
2025-05-23T09:00+00:00,5925,5.2,330,10.9,994.0
2025-05-23T10:00+00:00,5925,4.8,332,11.3,993.7
2025-05-23T11:00+00:00,5925,5.0,329,13.0,993.5
2025-05-23T12:00+00:00,5925,5.4,328,11.1,993.4
2025-05-23T13:00+00:00,5925,4.0,334,9.8,993.1
2025-05-23T14:00+00:00,5925,4.1,320,9.4,992.7
2025-05-23T15:00+00:00,5925,4.4,314,10.4,992.5
2025-05-23T16:00+00:00,5925,3.7,297,8.5,992.4
2025-05-23T17:00+00:00,5925,3.5,314,7.7,993.0
2025-05-23T18:00+00:00,5925,3.5,298,7.2,993.5
2025-05-23T19:00+00:00,5925,4.1,300,7.9,994.2
2025-05-23T20:00+00:00,5925,4.0,285,8.9,994.8
2025-05-23T21:00+00:00,5925,3.8,280,8.5,995.1
2025-05-23T22:00+00:00,5925,3.6,274,7.5,995.5
2025-05-23T23:00+00:00,5925,3.2,286,7.7,995.5
2025-05-24T00:00+00:00,5925,3.2,287,7.5,995.7
2025-05-24T01:00+00:00,5925,1.4,275,5.1,995.6
2025-05-24T02:00+00:00,5925,2.2,273,5.0,995.4
2025-05-24T03:00+00:00,5925,3.8,287,7.3,995.7
2025-05-24T04:00+00:00,5925,3.6,286,9.1,995.9
2025-05-24T05:00+00:00,5925,5.3,289,9.6,996.3
2025-05-24T06:00+00:00,5925,5.1,289,10.0,996.6
2025-05-24T07:00+00:00,5925,3.6,296,10.2,997.0
2025-05-24T08:00+00:00,5925,2.6,305,7.2,997.1
2025-05-24T09:00+00:00,5925,3.3,309,7.7,997.1
2025-05-24T10:00+00:00,5925,4.1,309,11.6,997.0
2025-05-24T11:00+00:00,5925,4.0,298,9.8,996.9
2025-05-24T12:00+00:00,5925,4.1,311,9.3,996.6
2025-05-24T13:00+00:00,5925,4.2,325,9.4,996.7
2025-05-24T14:00+00:00,5925,4.1,286,9.4,996.7
2025-05-24T15:00+00:00,5925,3.0,289,7.7,996.4
2025-05-24T16:00+00:00,5925,2.9,305,7.7,996.2
2025-05-24T17:00+00:00,5925,2.7,300,6.7,996.3
2025-05-24T18:00+00:00,5925,2.8,292,6.0,996.5
2025-05-24T19:00+00:00,5925,2.0,281,4.2,996.7
2025-05-24T20:00+00:00,5925,1.3,262,3.7,997.0
2025-05-24T21:00+00:00,5925,1.6,220,2.9,996.9
2025-05-24T22:00+00:00,5925,2.2,218,3.4,996.9
2025-05-24T23:00+00:00,5925,2.2,215,3.9,996.8
2025-05-25T00:00+00:00,5925,2.1,220,3.6,996.7
2025-05-25T01:00+00:00,5925,2.2,217,3.8,996.6
2025-05-25T02:00+00:00,5925,2.3,217,4.1,996.3
2025-05-25T03:00+00:00,5925,1.9,213,4.3,996.4
2025-05-25T04:00+00:00,5925,1.4,216,3.2,996.4
2025-05-25T05:00+00:00,5925,0.3,183,1.7,996.4
2025-05-25T06:00+00:00,5925,0.9,82,2.8,996.2
2025-05-25T07:00+00:00,5925,0.9,42,2.6,995.9
2025-05-25T08:00+00:00,5925,1.0,5,4.5,995.6
2025-05-25T09:00+00:00,5925,0.6,327,6.4,995.2
2025-05-25T10:00+00:00,5925,2.9,275,10.4,994.5
2025-05-25T11:00+00:00,5925,3.1,297,9.5,994.0
2025-05-25T12:00+00:00,5925,4.8,264,10.1,993.7
2025-05-25T13:00+00:00,5925,4.9,269,10.8,993.5
2025-05-25T14:00+00:00,5925,5.7,273,12.0,993.4
2025-05-25T15:00+00:00,5925,6.8,274,13.6,993.6
2025-05-25T16:00+00:00,5925,5.0,262,12.0,993.8
2025-05-25T17:00+00:00,5925,4.1,259,9.8,993.7
2025-05-25T18:00+00:00,5925,5.0,266,11.8,993.7
2025-05-25T19:00+00:00,5925,5.7,272,11.7,994.1
2025-05-25T20:00+00:00,5925,4.1,281,9.1,994.1
2025-05-25T21:00+00:00,5925,3.7,280,7.6,993.8
2025-05-25T22:00+00:00,5925,3.2,278,7.8,993.8
2025-05-25T23:00+00:00,5925,3.1,276,7.9,993.5
2025-05-26T00:00+00:00,5925,2.8,283,6.3,993.0
2025-05-26T01:00+00:00,5925,2.8,272,7.2,992.7
2025-05-26T02:00+00:00,5925,2.6,268,6.4,992.6
2025-05-26T03:00+00:00,5925,3.1,276,7.2,992.7
2025-05-26T04:00+00:00,5925,3.0,275,6.0,993.1
2025-05-26T05:00+00:00,5925,3.1,277,7.7,993.3
2025-05-26T06:00+00:00,5925,4.4,275,10.6,993.6
2025-05-26T07:00+00:00,5925,5.2,273,10.9,993.8
2025-05-26T08:00+00:00,5925,5.6,284,12.0,994.4
2025-05-26T09:00+00:00,5925,5.3,285,11.3,994.3
2025-05-26T10:00+00:00,5925,5.2,283,10.5,994.0
2025-05-26T11:00+00:00,5925,5.1,272,11.9,993.8
2025-05-26T12:00+00:00,5925,5.9,273,13.5,993.5
2025-05-26T13:00+00:00,5925,5.4,282,11.9,993.3
2025-05-26T14:00+00:00,5925,5.8,266,13.6,993.4
2025-05-26T15:00+00:00,5925,6.6,282,16.1,993.4
2025-05-26T16:00+00:00,5925,6.4,272,16.6,993.8
2025-05-26T17:00+00:00,5925,4.5,277,10.9,994.3
2025-05-26T18:00+00:00,5925,2.8,322,11.4,994.9
2025-05-26T19:00+00:00,5925,3.5,345,14.8,996.7
2025-05-26T20:00+00:00,5925,1.4,288,7.2,997.3
2025-05-26T21:00+00:00,5925,4.2,256,9.5,997.5
2025-05-26T22:00+00:00,5925,4.2,263,9.7,997.6
2025-05-26T23:00+00:00,5925,4.3,274,9.6,997.7
2025-05-27T00:00+00:00,5925,5.3,280,10.1,997.6
2025-05-27T01:00+00:00,5925,5.0,277,10.2,997.5
2025-05-27T02:00+00:00,5925,5.1,280,9.9,997.6
2025-05-27T03:00+00:00,5925,4.5,280,9.9,997.8
2025-05-27T04:00+00:00,5925,4.1,283,8.2,998.2
2025-05-27T05:00+00:00,5925,4.1,289,9.0,998.6
2025-05-27T06:00+00:00,5925,4.5,285,9.7,998.9
2025-05-27T07:00+00:00,5925,4.3,285,10.4,999.3
2025-05-27T08:00+00:00,5925,3.9,304,8.9,999.1
2025-05-27T09:00+00:00,5925,4.7,321,10.1,999.0
2025-05-27T10:00+00:00,5925,4.3,326,9.4,998.7
2025-05-27T11:00+00:00,5925,4.3,324,8.8,998.5
2025-05-27T12:00+00:00,5925,4.6,325,10.5,998.0
2025-05-27T13:00+00:00,5925,3.4,326,8.7,997.7
2025-05-27T14:00+00:00,5925,4.3,299,11.6,997.4
2025-05-27T15:00+00:00,5925,5.8,290,14.7,997.1
2025-05-27T16:00+00:00,5925,5.9,287,12.0,997.0
2025-05-27T17:00+00:00,5925,5.8,292,12.0,997.3
2025-05-27T18:00+00:00,5925,4.8,295,9.7,997.5
2025-05-27T19:00+00:00,5925,4.0,281,9.6,997.9
2025-05-27T20:00+00:00,5925,4.8,274,9.7,998.6
2025-05-27T21:00+00:00,5925,5.4,278,10.0,998.7
2025-05-27T22:00+00:00,5925,4.1,279,8.6,998.8
2025-05-27T23:00+00:00,5925,3.6,279,7.7,998.7
2025-05-28T00:00+00:00,5925,3.6,272,7.8,998.4
2025-05-28T01:00+00:00,5925,4.0,270,9.5,998.1
2025-05-28T02:00+00:00,5925,3.5,269,7.8,997.6
2025-05-28T03:00+00:00,5925,3.2,271,6.3,997.1
2025-05-28T04:00+00:00,5925,3.1,277,6.2,997.0
2025-05-28T05:00+00:00,5925,3.2,285,7.7,996.9
2025-05-28T06:00+00:00,5925,4.5,281,9.2,996.9
2025-05-28T07:00+00:00,5925,5.3,279,11.8,996.8
2025-05-28T08:00+00:00,5925,4.8,275,10.8,996.6
2025-05-28T09:00+00:00,5925,6.0,280,14.7,996.0
2025-05-28T10:00+00:00,5925,5.9,263,15.8,995.6
2025-05-28T11:00+00:00,5925,7.3,263,16.9,995.4
2025-05-28T12:00+00:00,5925,7.0,271,16.2,994.9
2025-05-28T13:00+00:00,5925,5.0,264,13.1,994.3
2025-05-28T14:00+00:00,5925,6.1,270,14.7,993.5
2025-05-28T15:00+00:00,5925,6.8,274,14.1,992.7
2025-05-28T16:00+00:00,5925,7.3,277,16.1,993.0
2025-05-28T17:00+00:00,5925,5.8,273,14.3,993.1
2025-05-28T18:00+00:00,5925,6.1,271,13.6,993.2
2025-05-28T19:00+00:00,5925,5.9,272,12.8,993.2
2025-05-28T20:00+00:00,5925,6.8,272,14.8,993.6
2025-05-28T21:00+00:00,5925,5.6,282,14.3,994.4
2025-05-28T22:00+00:00,5925,4.4,288,11.0,993.8
2025-05-28T23:00+00:00,5925,4.7,286,10.3,993.4
2025-05-29T00:00+00:00,5925,5.7,297,11.8,993.7
2025-05-29T01:00+00:00,5925,6.0,282,12.0,993.6
2025-05-29T02:00+00:00,5925,6.4,282,13.5,994.1
2025-05-29T03:00+00:00,5925,5.9,283,12.3,994.6
2025-05-29T04:00+00:00,5925,6.1,280,12.2,995.2
2025-05-29T05:00+00:00,5925,5.7,289,11.7,995.7
2025-05-29T06:00+00:00,5925,5.2,301,12.0,996.4
2025-05-29T07:00+00:00,5925,5.1,302,11.9,996.9
2025-05-29T08:00+00:00,5925,6.7,301,14.7,997.4
2025-05-29T09:00+00:00,5925,5.5,304,11.7,998.1
2025-05-29T10:00+00:00,5925,6.3,301,14.2,998.4
2025-05-29T11:00+00:00,5925,5.7,311,14.1,998.2
2025-05-29T12:00+00:00,5925,7.1,326,19.0,998.4
2025-05-29T13:00+00:00,5925,8.9,327,19.5,998.6
2025-05-29T14:00+00:00,5925,8.1,330,17.2,998.8
2025-05-29T15:00+00:00,5925,6.0,332,13.5,998.9
2025-05-29T16:00+00:00,5925,5.5,329,13.6,998.9
2025-05-29T17:00+00:00,5925,5.5,325,12.8,999.2
2025-05-29T18:00+00:00,5925,5.3,328,10.7,999.8
2025-05-29T19:00+00:00,5925,4.1,315,8.8,1000.3
2025-05-29T20:00+00:00,5925,4.1,307,8.9,1000.8
2025-05-29T21:00+00:00,5925,3.9,308,8.0,1001.0
2025-05-29T22:00+00:00,5925,3.4,317,7.2,1001.0
2025-05-29T23:00+00:00,5925,3.0,297,6.5,1001.0
2025-05-30T00:00+00:00,5925,2.3,264,5.3,1001.2
2025-05-30T01:00+00:00,5925,1.8,258,4.8,1001.0
2025-05-30T02:00+00:00,5925,3.7,276,8.6,1000.7
2025-05-30T03:00+00:00,5925,4.3,286,9.1,1001.0
2025-05-30T04:00+00:00,5925,4.8,275,10.2,1001.2
2025-05-30T05:00+00:00,5925,5.1,275,10.3,1001.4
2025-05-30T06:00+00:00,5925,3.6,280,8.3,1001.6
2025-05-30T07:00+00:00,5925,2.4,297,5.5,1001.5
2025-05-30T08:00+00:00,5925,2.7,276,7.2,1001.3
2025-05-30T09:00+00:00,5925,2.3,275,6.0,1001.4
2025-05-30T10:00+00:00,5925,2.2,277,5.3,1001.1
2025-05-30T11:00+00:00,5925,3.5,305,8.8,1000.8
2025-05-30T12:00+00:00,5925,3.8,293,8.3,1000.5
2025-05-30T13:00+00:00,5925,3.1,280,7.6,1000.4
2025-05-30T14:00+00:00,5925,2.0,297,6.3,1000.1
2025-05-30T15:00+00:00,5925,2.6,301,6.8,999.9
2025-05-30T16:00+00:00,5925,1.0,307,4.8,999.7
2025-05-30T17:00+00:00,5925,2.3,148,4.4,999.6
2025-05-30T18:00+00:00,5925,1.2,183,3.4,999.6
2025-05-30T19:00+00:00,5925,1.6,173,3.0,999.7
2025-05-30T20:00+00:00,5925,1.7,202,3.3,999.9
2025-05-30T21:00+00:00,5925,1.9,219,4.2,999.8
2025-05-30T22:00+00:00,5925,1.6,215,3.2,999.7
2025-05-30T23:00+00:00,5925,1.6,217,2.7,999.8
2025-05-31T00:00+00:00,5925,1.4,217,2.5,999.6
2025-05-31T01:00+00:00,5925,1.1,198,2.5,999.7
2025-05-31T02:00+00:00,5925,1.1,199,2.0,999.7
2025-05-31T03:00+00:00,5925,2.2,229,3.8,999.8
2025-05-31T04:00+00:00,5925,2.0,230,3.5,1000.1
2025-05-31T05:00+00:00,5925,1.1,219,2.6,1000.2
2025-05-31T06:00+00:00,5925,0.5,195,1.7,1000.1
2025-05-31T07:00+00:00,5925,0.9,206,2.9,1000.2
2025-05-31T08:00+00:00,5925,0.6,228,3.0,999.9
2025-05-31T09:00+00:00,5925,1.3,48,5.2,999.7
2025-05-31T10:00+00:00,5925,1.6,68,5.2,999.5
2025-05-31T11:00+00:00,5925,0.6,246,6.2,999.0
2025-05-31T12:00+00:00,5925,2.3,219,7.8,998.6
2025-05-31T13:00+00:00,5925,1.7,200,7.3,998.1
2025-05-31T14:00+00:00,5925,0.6,126,6.0,997.6
2025-05-31T15:00+00:00,5925,2.6,141,5.4,997.1
2025-05-31T16:00+00:00,5925,2.5,132,6.6,996.8
2025-05-31T17:00+00:00,5925,4.1,170,9.2,996.8
2025-05-31T18:00+00:00,5925,4.3,174,8.6,996.9
2025-05-31T19:00+00:00,5925,2.6,170,5.7,996.8
2025-05-31T20:00+00:00,5925,2.8,182,6.2,997.1
2025-05-31T21:00+00:00,5925,1.0,348,5.8,997.6
2025-05-31T22:00+00:00,5925,3.2,33,6.7,997.9
2025-05-31T23:00+00:00,5925,1.6,26,4.4,997.5
2025-06-01T00:00+00:00,5925,1.0,315,2.5,996.9
2025-06-01T01:00+00:00,5925,1.8,225,3.6,996.6
2025-06-01T02:00+00:00,5925,1.6,214,2.6,996.3
2025-06-01T03:00+00:00,5925,1.7,215,3.5,996.5
2025-06-01T04:00+00:00,5925,0.4,78,2.8,996.7
2025-06-01T05:00+00:00,5925,1.7,44,4.8,996.7
2025-06-01T06:00+00:00,5925,0.5,46,2.2,996.7
2025-06-01T07:00+00:00,5925,1.0,69,3.4,996.5
2025-06-01T08:00+00:00,5925,1.7,39,4.9,996.2
2025-06-01T09:00+00:00,5925,1.2,54,4.1,995.8
2025-06-01T10:00+00:00,5925,1.3,43,5.0,995.9
2025-06-01T11:00+00:00,5925,1.7,336,5.5,995.6
2025-06-01T12:00+00:00,5925,1.3,56,6.7,994.9
2025-06-01T13:00+00:00,5925,0.2,39,5.3,994.3
2025-06-01T14:00+00:00,5925,1.1,128,5.7,993.6
2025-06-01T15:00+00:00,5925,1.4,135,8.5,993.3
2025-06-01T16:00+00:00,5925,5.9,207,17.9,994.6
2025-06-01T17:00+00:00,5925,0.5,262,5.0,994.3
2025-06-01T18:00+00:00,5925,2.1,203,4.8,993.8
2025-06-01T19:00+00:00,5925,2.4,221,4.4,993.6
2025-06-01T20:00+00:00,5925,3.1,223,5.3,994.1
2025-06-01T21:00+00:00,5925,2.5,226,5.0,994.4
2025-06-01T22:00+00:00,5925,1.9,200,3.8,994.3
2025-06-01T23:00+00:00,5925,1.9,216,4.2,994.0
2025-06-02T00:00+00:00,5925,1.2,28,5.2,994.4
2025-06-02T01:00+00:00,5925,1.3,203,3.6,994.6
2025-06-02T02:00+00:00,5925,1.9,212,3.9,994.2
2025-06-02T03:00+00:00,5925,2.3,218,4.6,994.4
2025-06-02T04:00+00:00,5925,2.1,229,3.4,994.4
2025-06-02T05:00+00:00,5925,1.1,238,4.8,994.9
2025-06-02T06:00+00:00,5925,1.0,207,2.6,995.5
2025-06-02T07:00+00:00,5925,0.5,137,2.4,995.5
2025-06-02T08:00+00:00,5925,0.9,200,3.1,995.8
2025-06-02T09:00+00:00,5925,1.6,231,5.2,995.9
2025-06-02T10:00+00:00,5925,0.4,84,5.1,995.5
2025-06-02T11:00+00:00,5925,1.6,122,6.4,994.9
2025-06-02T12:00+00:00,5925,3.5,219,7.9,994.6
2025-06-02T13:00+00:00,5925,3.8,248,8.6,994.3
2025-06-02T14:00+00:00,5925,2.3,283,8.1,993.6
2025-06-02T15:00+00:00,5925,1.4,247,6.0,992.9
2025-06-02T16:00+00:00,5925,2.6,225,5.3,992.6
2025-06-02T17:00+00:00,5925,3.7,288,12.5,994.0
2025-06-02T18:00+00:00,5925,5.6,275,12.3,994.4
2025-06-02T19:00+00:00,5925,5.4,280,12.9,995.5
2025-06-02T20:00+00:00,5925,3.4,301,8.6,995.4
2025-06-02T21:00+00:00,5925,1.9,314,5.4,995.7
2025-06-02T22:00+00:00,5925,2.0,323,4.4,995.4
2025-06-02T23:00+00:00,5925,1.6,317,3.8,995.2
2025-06-03T00:00+00:00,5925,1.3,304,4.3,994.9
2025-06-03T01:00+00:00,5925,2.0,280,4.7,994.9
2025-06-03T02:00+00:00,5925,1.8,257,4.3,995.1
2025-06-03T03:00+00:00,5925,1.8,232,4.2,994.9
2025-06-03T04:00+00:00,5925,2.3,265,6.8,994.9
2025-06-03T05:00+00:00,5925,4.2,279,8.5,995.5
2025-06-03T06:00+00:00,5925,3.8,274,7.9,995.8
2025-06-03T07:00+00:00,5925,3.1,281,7.0,995.8
2025-06-03T08:00+00:00,5925,2.4,293,5.6,996.3
2025-06-03T09:00+00:00,5925,2.2,297,5.5,996.4
2025-06-03T10:00+00:00,5925,1.6,255,4.7,996.5
2025-06-03T11:00+00:00,5925,1.8,228,4.5,996.5
2025-06-03T12:00+00:00,5925,1.8,254,5.8,995.8
2025-06-03T13:00+00:00,5925,1.6,227,5.6,995.6
2025-06-03T14:00+00:00,5925,1.2,240,6.2,995.2
2025-06-03T15:00+00:00,5925,2.5,169,6.0,994.9
2025-06-03T16:00+00:00,5925,2.6,172,5.8,994.5
2025-06-03T17:00+00:00,5925,3.6,176,6.5,994.5
2025-06-03T18:00+00:00,5925,4.5,173,9.3,994.7
2025-06-03T19:00+00:00,5925,3.4,169,6.9,994.6
2025-06-03T20:00+00:00,5925,2.1,182,5.1,994.9
2025-06-03T21:00+00:00,5925,1.8,183,4.7,994.9
2025-06-03T22:00+00:00,5925,1.7,179,4.1,994.9
2025-06-03T23:00+00:00,5925,1.4,178,4.1,994.7
2025-06-04T00:00+00:00,5925,1.2,191,3.3,994.7
2025-06-04T01:00+00:00,5925,0.8,63,2.1,994.6
2025-06-04T02:00+00:00,5925,0.9,60,2.1,994.3
2025-06-04T03:00+00:00,5925,0.5,198,2.4,994.1
2025-06-04T04:00+00:00,5925,0.9,193,2.3,994.5
2025-06-04T05:00+00:00,5925,0.5,102,3.5,994.2
2025-06-04T06:00+00:00,5925,2.0,101,4.5,994.5
2025-06-04T07:00+00:00,5925,2.0,138,5.1,994.5
2025-06-04T08:00+00:00,5925,2.6,137,6.4,994.3
2025-06-04T09:00+00:00,5925,2.5,104,6.1,993.8
2025-06-04T10:00+00:00,5925,3.1,111,9.1,993.2
2025-06-04T11:00+00:00,5925,4.8,141,9.9,992.6
2025-06-04T12:00+00:00,5925,4.7,139,10.2,991.8
2025-06-04T13:00+00:00,5925,4.7,135,10.4,991.1
2025-06-04T14:00+00:00,5925,4.5,135,10.3,990.3
2025-06-04T15:00+00:00,5925,4.8,137,9.1,989.8
2025-06-04T16:00+00:00,5925,4.2,137,9.7,989.0
2025-06-04T17:00+00:00,5925,4.3,144,8.6,988.7
2025-06-04T18:00+00:00,5925,4.8,165,10.3,988.6
2025-06-04T19:00+00:00,5925,4.7,166,9.4,988.7
2025-06-04T20:00+00:00,5925,4.5,169,9.7,987.9
2025-06-04T21:00+00:00,5925,7.2,178,13.0,987.8
2025-06-04T22:00+00:00,5925,5.1,177,11.9,987.8
2025-06-04T23:00+00:00,5925,2.9,177,8.2,988.1
2025-06-05T00:00+00:00,5925,3.7,286,11.5,991.0
2025-06-05T01:00+00:00,5925,5.1,299,11.9,992.0
2025-06-05T02:00+00:00,5925,4.6,300,10.6,992.5
2025-06-05T03:00+00:00,5925,4.5,284,8.4,993.0
2025-06-05T04:00+00:00,5925,3.6,271,8.7,993.6
2025-06-05T05:00+00:00,5925,4.2,272,11.7,994.0
2025-06-05T06:00+00:00,5925,4.0,272,9.4,994.4
2025-06-05T07:00+00:00,5925,4.1,260,9.2,994.5
2025-06-05T08:00+00:00,5925,3.3,276,6.5,994.3
2025-06-05T09:00+00:00,5925,1.6,275,5.7,994.1
2025-06-05T10:00+00:00,5925,1.4,172,5.7,993.8
2025-06-05T11:00+00:00,5925,2.7,147,7.7,993.4
2025-06-05T12:00+00:00,5925,3.0,131,8.0,992.7
2025-06-05T13:00+00:00,5925,3.2,127,8.4,992.0
2025-06-05T14:00+00:00,5925,3.6,128,7.8,991.1
2025-06-05T15:00+00:00,5925,2.4,83,7.0,990.0
2025-06-05T16:00+00:00,5925,3.9,163,11.7,989.1
2025-06-05T17:00+00:00,5925,6.0,305,12.3,990.5
2025-06-05T18:00+00:00,5925,5.0,302,10.7,992.0
2025-06-05T19:00+00:00,5925,4.7,325,10.5,993.1
2025-06-05T20:00+00:00,5925,4.7,329,9.3,994.0
2025-06-05T21:00+00:00,5925,3.3,324,6.9,994.3
2025-06-05T22:00+00:00,5925,2.8,313,5.6,994.4
2025-06-05T23:00+00:00,5925,2.5,293,6.0,994.3
2025-06-06T00:00+00:00,5925,2.4,281,4.5,994.2
2025-06-06T01:00+00:00,5925,2.1,268,5.7,994.1
2025-06-06T02:00+00:00,5925,1.6,241,3.8,994.0
2025-06-06T03:00+00:00,5925,1.6,210,3.0,994.0
2025-06-06T04:00+00:00,5925,2.0,225,4.3,994.4
2025-06-06T05:00+00:00,5925,1.8,224,3.2,994.5
2025-06-06T06:00+00:00,5925,0.8,211,2.9,994.6
2025-06-06T07:00+00:00,5925,1.1,171,3.3,994.7
2025-06-06T08:00+00:00,5925,2.7,182,7.2,994.6
2025-06-06T09:00+00:00,5925,3.6,167,7.8,994.7
2025-06-06T10:00+00:00,5925,2.7,175,6.7,994.5
2025-06-06T11:00+00:00,5925,1.9,175,6.0,994.4
2025-06-06T12:00+00:00,5925,1.0,110,5.3,993.7
2025-06-06T13:00+00:00,5925,2.2,117,6.9,993.4
2025-06-06T14:00+00:00,5925,2.9,148,6.9,993.2
2025-06-06T15:00+00:00,5925,2.5,156,8.0,992.9
2025-06-06T16:00+00:00,5925,3.2,154,8.8,992.2
2025-06-06T17:00+00:00,5925,3.3,149,7.8,992.4
2025-06-06T18:00+00:00,5925,1.8,104,4.8,992.4
2025-06-06T19:00+00:00,5925,2.6,55,5.1,992.9
2025-06-06T20:00+00:00,5925,1.8,38,4.1,993.4
2025-06-06T21:00+00:00,5925,1.7,7,4.2,993.4
2025-06-06T22:00+00:00,5925,1.0,323,4.3,993.7
2025-06-06T23:00+00:00,5925,3.4,327,7.1,994.2
2025-06-07T00:00+00:00,5925,3.8,329,8.3,994.3
2025-06-07T01:00+00:00,5925,3.3,315,8.0,994.4
2025-06-07T02:00+00:00,5925,1.9,325,4.5,994.1
2025-06-07T03:00+00:00,5925,1.6,328,4.4,994.2
2025-06-07T04:00+00:00,5925,2.0,317,4.8,994.2
2025-06-07T05:00+00:00,5925,1.9,322,4.3,993.8
2025-06-07T06:00+00:00,5925,1.7,324,4.4,993.4
2025-06-07T07:00+00:00,5925,1.0,355,4.6,993.4
2025-06-07T08:00+00:00,5925,2.0,50,4.5,993.0
2025-06-07T09:00+00:00,5925,1.7,40,5.0,992.6
2025-06-07T10:00+00:00,5925,1.6,45,5.2,992.2
2025-06-07T11:00+00:00,5925,1.6,97,6.0,992.2
2025-06-07T12:00+00:00,5925,1.7,51,7.8,991.3
2025-06-07T13:00+00:00,5925,3.0,319,16.7,992.5
2025-06-07T14:00+00:00,5925,5.0,311,11.9,992.5
2025-06-07T15:00+00:00,5925,3.3,315,8.2,992.1
2025-06-07T16:00+00:00,5925,2.7,316,7.1,992.0
2025-06-07T17:00+00:00,5925,2.1,296,8.0,992.2
2025-06-07T18:00+00:00,5925,2.7,281,9.1,992.5
2025-06-07T19:00+00:00,5925,2.2,275,7.3,993.2
2025-06-07T20:00+00:00,5925,4.0,290,8.1,994.1
2025-06-07T21:00+00:00,5925,3.1,274,7.0,994.2
2025-06-07T22:00+00:00,5925,2.8,275,6.3,994.1
2025-06-07T23:00+00:00,5925,2.0,253,6.8,993.6
2025-06-08T00:00+00:00,5925,3.3,287,7.4,993.7
2025-06-08T01:00+00:00,5925,4.1,279,9.2,993.7
2025-06-08T02:00+00:00,5925,4.0,286,8.7,993.5
2025-06-08T03:00+00:00,5925,2.3,271,5.6,993.6
2025-06-08T04:00+00:00,5925,0.8,289,3.1,993.1
2025-06-08T05:00+00:00,5925,1.2,244,4.9,993.8
2025-06-08T06:00+00:00,5925,2.6,259,6.5,994.6
2025-06-08T07:00+00:00,5925,1.8,222,4.9,994.5
2025-06-08T08:00+00:00,5925,1.2,252,4.0,994.3
2025-06-08T09:00+00:00,5925,1.5,210,4.6,993.8
2025-06-08T10:00+00:00,5925,1.8,243,4.9,994.6
2025-06-08T11:00+00:00,5925,2.4,278,6.2,995.5
2025-06-08T12:00+00:00,5925,1.7,240,4.9,995.7
2025-06-08T13:00+00:00,5925,2.2,213,5.7,995.2
2025-06-08T14:00+00:00,5925,2.0,198,5.3,994.7
2025-06-08T15:00+00:00,5925,1.7,179,4.3,994.5
2025-06-08T16:00+00:00,5925,1.4,226,4.7,994.5
2025-06-08T17:00+00:00,5925,2.4,247,8.3,995.2
2025-06-08T18:00+00:00,5925,3.8,267,9.3,995.9
2025-06-08T19:00+00:00,5925,6.3,286,16.1,995.6
2025-06-08T20:00+00:00,5925,7.1,287,17.2,996.9
2025-06-08T21:00+00:00,5925,6.6,291,15.1,997.7
2025-06-08T22:00+00:00,5925,7.0,287,15.1,998.4
2025-06-08T23:00+00:00,5925,6.9,288,15.5,999.0
2025-06-09T00:00+00:00,5925,5.8,291,13.0,999.6
2025-06-09T01:00+00:00,5925,5.4,309,11.8,1000.2
2025-06-09T02:00+00:00,5925,4.6,306,10.2,1000.7
2025-06-09T03:00+00:00,5925,6.5,302,14.9,1001.5
2025-06-09T04:00+00:00,5925,6.8,297,13.7,1002.5
2025-06-09T05:00+00:00,5925,4.0,294,9.0,1003.3
2025-06-09T06:00+00:00,5925,4.1,282,10.5,1003.7
2025-06-09T07:00+00:00,5925,4.0,289,9.2,1004.1
2025-06-09T08:00+00:00,5925,4.6,301,12.9,1004.1
2025-06-09T09:00+00:00,5925,5.4,305,13.5,1004.2
2025-06-09T10:00+00:00,5925,3.8,293,10.9,1004.1
2025-06-09T11:00+00:00,5925,3.6,254,9.7,1003.6
2025-06-09T12:00+00:00,5925,3.2,283,8.9,1003.6
2025-06-09T13:00+00:00,5925,3.3,285,9.9,1003.1
2025-06-09T14:00+00:00,5925,3.5,308,8.1,1002.7
2025-06-09T15:00+00:00,5925,3.1,314,8.4,1002.4
2025-06-09T16:00+00:00,5925,2.2,319,6.4,1002.2
2025-06-09T17:00+00:00,5925,1.7,334,4.9,1002.4
2025-06-09T18:00+00:00,5925,2.5,74,6.2,1002.9
2025-06-09T19:00+00:00,5925,3.3,63,6.5,1003.1
2025-06-09T20:00+00:00,5925,2.5,64,5.8,1003.6
2025-06-09T21:00+00:00,5925,1.6,63,4.2,1003.6
2025-06-09T22:00+00:00,5925,1.7,85,4.5,1003.6
2025-06-09T23:00+00:00,5925,1.9,122,5.6,1003.5
2025-06-10T00:00+00:00,5925,1.3,115,4.0,1003.1
2025-06-10T01:00+00:00,5925,2.0,58,3.9,1002.4
2025-06-10T02:00+00:00,5925,1.3,64,3.7,1001.9
2025-06-10T03:00+00:00,5925,1.6,51,2.6,1001.4
2025-06-10T04:00+00:00,5925,1.9,114,5.7,1001.3
2025-06-10T05:00+00:00,5925,2.2,130,5.0,1001.2
2025-06-10T06:00+00:00,5925,2.2,138,4.9,1001.0
2025-06-10T07:00+00:00,5925,2.5,149,5.5,1000.7
2025-06-10T08:00+00:00,5925,3.2,150,7.8,1000.2
2025-06-10T09:00+00:00,5925,4.8,155,10.6,999.5
2025-06-10T10:00+00:00,5925,4.8,158,10.1,998.8
2025-06-10T11:00+00:00,5925,4.9,159,10.3,998.0
2025-06-10T12:00+00:00,5925,5.3,163,10.6,997.3
2025-06-10T13:00+00:00,5925,5.1,165,10.8,996.3
2025-06-10T14:00+00:00,5925,5.2,157,10.5,995.3
2025-06-10T15:00+00:00,5925,4.9,160,9.3,994.5
2025-06-10T16:00+00:00,5925,4.9,165,9.5,994.1
2025-06-10T17:00+00:00,5925,4.1,168,8.4,993.7
2025-06-10T18:00+00:00,5925,4.1,170,7.7,993.4
2025-06-10T19:00+00:00,5925,4.1,186,7.5,993.2
2025-06-10T20:00+00:00,5925,2.4,198,5.9,993.8
2025-06-10T21:00+00:00,5925,1.9,208,4.3,994.1
2025-06-10T22:00+00:00,5925,2.1,230,3.9,994.5
2025-06-10T23:00+00:00,5925,1.7,277,3.9,994.6
2025-06-11T00:00+00:00,5925,2.0,230,3.2,994.6
2025-06-11T01:00+00:00,5925,1.8,232,3.2,994.8
2025-06-11T02:00+00:00,5925,2.6,237,7.3,995.1
2025-06-11T03:00+00:00,5925,3.3,265,7.8,995.3
2025-06-11T04:00+00:00,5925,4.2,273,8.8,995.8
2025-06-11T05:00+00:00,5925,4.1,307,8.9,996.6
2025-06-11T06:00+00:00,5925,3.7,326,8.2,997.3
2025-06-11T07:00+00:00,5925,3.7,314,8.6,997.7
2025-06-11T08:00+00:00,5925,4.4,319,9.5,997.8
2025-06-11T09:00+00:00,5925,4.3,302,9.7,998.0
2025-06-11T10:00+00:00,5925,4.4,315,10.8,997.8
2025-06-11T11:00+00:00,5925,6.2,322,13.7,997.7
2025-06-11T12:00+00:00,5925,5.0,317,12.6,997.8
2025-06-11T13:00+00:00,5925,4.7,330,10.9,997.9
2025-06-11T14:00+00:00,5925,4.6,334,11.9,997.7
2025-06-11T15:00+00:00,5925,4.7,333,10.6,997.8
2025-06-11T16:00+00:00,5925,4.0,335,9.7,997.8
2025-06-11T17:00+00:00,5925,3.9,344,9.2,998.1
2025-06-11T18:00+00:00,5925,3.4,359,7.8,998.7
2025-06-11T19:00+00:00,5925,2.9,2,7.0,999.3
2025-06-11T20:00+00:00,5925,2.9,342,6.8,1000.0
2025-06-11T21:00+00:00,5925,3.3,335,7.8,1000.5
2025-06-11T22:00+00:00,5925,2.4,358,6.6,1001.0
2025-06-11T23:00+00:00,5925,2.9,330,6.5,1001.1
2025-06-12T00:00+00:00,5925,2.4,338,5.8,1001.2
2025-06-12T01:00+00:00,5925,2.3,340,5.5,1001.2
2025-06-12T02:00+00:00,5925,2.3,338,6.1,1001.1
2025-06-12T03:00+00:00,5925,1.7,336,4.5,1001.1
2025-06-12T04:00+00:00,5925,1.4,13,4.8,1001.0
2025-06-12T05:00+00:00,5925,1.7,28,4.6,1001.4
2025-06-12T06:00+00:00,5925,2.1,40,4.5,1001.5
2025-06-12T07:00+00:00,5925,2.5,52,5.7,1001.8
2025-06-12T08:00+00:00,5925,2.3,53,6.0,1001.6
2025-06-12T09:00+00:00,5925,2.6,77,7.8,1001.5
2025-06-12T10:00+00:00,5925,2.5,48,6.9,1001.5
2025-06-12T11:00+00:00,5925,2.2,33,7.3,1001.2
2025-06-12T12:00+00:00,5925,1.7,38,6.4,1000.8
2025-06-12T13:00+00:00,5925,2.0,54,6.9,1000.3
2025-06-12T14:00+00:00,5925,2.1,67,6.2,1000.0
2025-06-12T15:00+00:00,5925,2.2,62,6.5,999.7
2025-06-12T16:00+00:00,5925,1.7,74,6.6,999.6
2025-06-12T17:00+00:00,5925,1.5,19,6.1,999.6
2025-06-12T18:00+00:00,5925,3.0,24,7.4,999.9
2025-06-12T19:00+00:00,5925,3.5,35,7.5,1000.4
2025-06-12T20:00+00:00,5925,1.5,2,5.1,1000.8
2025-06-12T21:00+00:00,5925,1.2,299,3.3,1001.1
2025-06-12T22:00+00:00,5925,1.1,221,2.2,1001.4
2025-06-12T23:00+00:00,5925,1.2,324,4.3,1001.9
2025-06-13T00:00+00:00,5925,2.0,343,5.2,1001.9
2025-06-13T01:00+00:00,5925,2.0,1,4.9,1002.0
2025-06-13T02:00+00:00,5925,1.7,352,4.5,1002.2
2025-06-13T03:00+00:00,5925,1.8,349,4.9,1002.4
2025-06-13T04:00+00:00,5925,0.8,245,3.1,1003.0
2025-06-13T05:00+00:00,5925,0.5,287,4.7,1003.5
2025-06-13T06:00+00:00,5925,1.9,352,5.5,1004.0
2025-06-13T07:00+00:00,5925,2.1,38,5.4,1004.3
2025-06-13T08:00+00:00,5925,1.7,24,6.2,1004.3
2025-06-13T09:00+00:00,5925,2.3,18,7.0,1004.3
2025-06-13T10:00+00:00,5925,2.6,14,8.9,1004.3
2025-06-13T11:00+00:00,5925,3.2,348,9.2,1004.2
2025-06-13T12:00+00:00,5925,2.9,336,8.7,1003.7
2025-06-13T13:00+00:00,5925,2.7,348,8.9,1003.6
2025-06-13T14:00+00:00,5925,3.2,14,9.1,1003.6
2025-06-13T15:00+00:00,5925,2.6,6,8.4,1003.3
2025-06-13T16:00+00:00,5925,3.4,8,8.8,1003.1
2025-06-13T17:00+00:00,5925,4.7,32,9.7,1003.0
2025-06-13T18:00+00:00,5925,3.5,19,8.6,1003.0
2025-06-13T19:00+00:00,5925,4.3,35,8.0,1003.3
2025-06-13T20:00+00:00,5925,2.2,338,5.7,1003.7
2025-06-13T21:00+00:00,5925,2.2,332,5.2,1003.8
2025-06-13T22:00+00:00,5925,2.1,333,5.1,1003.8
2025-06-13T23:00+00:00,5925,0.9,262,4.1,1003.8
2025-06-14T00:00+00:00,5925,1.7,219,4.1,1003.4
2025-06-14T01:00+00:00,5925,1.2,218,2.8,1003.0
2025-06-14T02:00+00:00,5925,2.0,217,3.9,1002.6
2025-06-14T03:00+00:00,5925,1.5,214,2.9,1002.4
2025-06-14T04:00+00:00,5925,1.3,219,2.5,1002.6
2025-06-14T05:00+00:00,5925,0.4,200,2.2,1002.6
2025-06-14T06:00+00:00,5925,0.9,48,2.8,1003.0
2025-06-14T07:00+00:00,5925,1.0,55,3.9,1002.9
2025-06-14T08:00+00:00,5925,1.4,51,5.2,1002.9
2025-06-14T09:00+00:00,5925,2.1,79,6.5,1002.5
2025-06-14T10:00+00:00,5925,1.7,67,6.2,1002.4
2025-06-14T11:00+00:00,5925,1.5,115,5.6,1002.0
2025-06-14T12:00+00:00,5925,1.3,61,5.7,1001.6
2025-06-14T13:00+00:00,5925,1.6,33,6.9,1001.2
2025-06-14T14:00+00:00,5925,2.1,65,6.0,1000.8
2025-06-14T15:00+00:00,5925,1.7,68,5.9,1000.1
2025-06-14T16:00+00:00,5925,2.0,122,5.3,999.8
2025-06-14T17:00+00:00,5925,1.3,103,4.3,999.5
2025-06-14T18:00+00:00,5925,1.6,93,5.0,999.7
2025-06-14T19:00+00:00,5925,2.2,161,4.5,999.7
2025-06-14T20:00+00:00,5925,2.0,208,3.7,1000.2
2025-06-14T21:00+00:00,5925,1.5,222,3.1,1000.2
2025-06-14T22:00+00:00,5925,1.5,219,2.8,1000.1
2025-06-14T23:00+00:00,5925,1.6,217,3.4,1000.0
2025-06-15T00:00+00:00,5925,1.9,218,3.0,999.9
2025-06-15T01:00+00:00,5925,1.8,216,2.9,999.8
2025-06-15T02:00+00:00,5925,2.2,217,3.8,999.7
2025-06-15T03:00+00:00,5925,1.5,214,3.1,999.6
2025-06-15T04:00+00:00,5925,0.4,192,2.5,999.7
2025-06-15T05:00+00:00,5925,0.1,81,3.4,999.5
2025-06-15T06:00+00:00,5925,1.2,50,3.4,999.5
2025-06-15T07:00+00:00,5925,1.1,58,3.2,999.7
2025-06-15T08:00+00:00,5925,1.4,73,5.2,999.5
2025-06-15T09:00+00:00,5925,2.3,132,6.5,999.0
2025-06-15T10:00+00:00,5925,2.6,144,6.4,998.7
2025-06-15T11:00+00:00,5925,2.1,137,6.2,998.1
2025-06-15T12:00+00:00,5925,1.9,137,6.4,997.4
2025-06-15T13:00+00:00,5925,2.1,118,6.7,996.7
2025-06-15T14:00+00:00,5925,2.1,105,6.6,996.0
2025-06-15T15:00+00:00,5925,2.3,126,6.8,995.3
2025-06-15T16:00+00:00,5925,2.2,144,6.2,994.8
2025-06-15T17:00+00:00,5925,2.3,146,5.3,994.5
2025-06-15T18:00+00:00,5925,2.1,145,4.0,994.4
2025-06-15T19:00+00:00,5925,1.5,115,3.9,994.7
2025-06-15T20:00+00:00,5925,1.6,78,4.1,995.1
2025-06-15T21:00+00:00,5925,0.7,157,2.2,995.3
2025-06-15T22:00+00:00,5925,3.4,243,10.7,996.4
2025-06-15T23:00+00:00,5925,3.3,276,9.8,995.9
2025-06-16T00:00+00:00,5925,5.0,304,14.8,996.5
2025-06-16T01:00+00:00,5925,5.2,290,15.3,996.6
2025-06-16T02:00+00:00,5925,5.3,280,13.3,996.7
2025-06-16T03:00+00:00,5925,6.0,271,13.8,997.6
2025-06-16T04:00+00:00,5925,4.0,287,11.7,997.7
2025-06-16T05:00+00:00,5925,4.7,282,10.9,997.6
2025-06-16T06:00+00:00,5925,7.0,274,15.6,997.8
2025-06-16T07:00+00:00,5925,6.6,272,14.4,998.1
2025-06-16T08:00+00:00,5925,8.1,277,17.2,998.5
2025-06-16T09:00+00:00,5925,8.0,281,16.6,1000.0
2025-06-16T10:00+00:00,5925,7.1,302,16.1,1001.2
2025-06-16T11:00+00:00,5925,7.1,300,15.9,1001.9
2025-06-16T12:00+00:00,5925,8.1,305,16.6,1002.5
2025-06-16T13:00+00:00,5925,7.0,304,15.4,1002.3
2025-06-16T14:00+00:00,5925,6.7,310,15.1,1002.6
2025-06-16T15:00+00:00,5925,5.9,314,12.3,1002.7
2025-06-16T16:00+00:00,5925,4.5,323,9.9,1002.5
2025-06-16T17:00+00:00,5925,5.2,328,11.0,1002.9
2025-06-16T18:00+00:00,5925,4.5,328,10.7,1003.0
2025-06-16T19:00+00:00,5925,4.8,328,9.1,1003.4
2025-06-16T20:00+00:00,5925,5.2,329,10.5,1003.5
2025-06-16T21:00+00:00,5925,5.2,329,9.9,1003.8
2025-06-16T22:00+00:00,5925,5.3,324,11.0,1003.8
2025-06-16T23:00+00:00,5925,5.3,317,10.8,1004.0
2025-06-17T00:00+00:00,5925,5.3,315,12.0,1003.8
2025-06-17T01:00+00:00,5925,4.8,319,10.8,1004.1
2025-06-17T02:00+00:00,5925,4.4,320,9.7,1003.7
2025-06-17T03:00+00:00,5925,4.3,323,10.7,1003.8
2025-06-17T04:00+00:00,5925,3.8,324,9.8,1004.0
2025-06-17T05:00+00:00,5925,3.7,323,7.7,1004.1
2025-06-17T06:00+00:00,5925,4.5,327,9.3,1004.1
2025-06-17T07:00+00:00,5925,5.0,329,9.6,1004.3
2025-06-17T08:00+00:00,5925,4.7,326,10.0,1003.8
2025-06-17T09:00+00:00,5925,5.5,329,11.8,1003.8
2025-06-17T10:00+00:00,5925,5.2,329,10.9,1003.8
2025-06-17T11:00+00:00,5925,5.1,324,11.9,1003.7
2025-06-17T12:00+00:00,5925,4.7,328,10.8,1003.5
2025-06-17T13:00+00:00,5925,4.4,333,11.1,1003.2
2025-06-17T14:00+00:00,5925,5.0,328,10.8,1003.0
2025-06-17T15:00+00:00,5925,5.1,329,10.5,1002.6
2025-06-17T16:00+00:00,5925,4.7,324,10.6,1002.3
2025-06-17T17:00+00:00,5925,3.9,331,9.5,1002.2
2025-06-17T18:00+00:00,5925,3.3,332,7.3,1002.2
2025-06-17T19:00+00:00,5925,3.5,328,7.1,1002.4
2025-06-17T20:00+00:00,5925,2.6,325,5.2,1002.7
2025-06-17T21:00+00:00,5925,1.5,285,4.1,1003.0
2025-06-17T22:00+00:00,5925,2.3,219,3.3,1002.7
2025-06-17T23:00+00:00,5925,2.1,219,3.3,1002.5
2025-06-18T00:00+00:00,5925,2.0,222,3.3,1002.4
2025-06-18T01:00+00:00,5925,2.0,219,3.0,1002.2
2025-06-18T02:00+00:00,5925,2.2,218,3.6,1002.0
2025-06-18T03:00+00:00,5925,2.3,218,3.6,1002.0
2025-06-18T04:00+00:00,5925,1.8,216,3.2,1002.1
2025-06-18T05:00+00:00,5925,1.6,218,3.0,1002.4
2025-06-18T06:00+00:00,5925,0.9,196,2.3,1002.4
2025-06-18T07:00+00:00,5925,0.7,144,3.1,1002.3
2025-06-18T08:00+00:00,5925,0.8,87,4.3,1002.0
2025-06-18T09:00+00:00,5925,0.8,50,4.9,1001.8
2025-06-18T10:00+00:00,5925,1.3,91,6.1,1001.4
2025-06-18T11:00+00:00,5925,1.2,26,6.5,1001.1
2025-06-18T12:00+00:00,5925,1.5,345,7.4,1000.5
2025-06-18T13:00+00:00,5925,1.4,1,6.3,1000.2
2025-06-18T14:00+00:00,5925,1.1,353,6.7,999.6
2025-06-18T15:00+00:00,5925,2.0,275,6.5,999.5
2025-06-18T16:00+00:00,5925,3.1,293,6.8,999.1
2025-06-18T17:00+00:00,5925,2.8,307,6.2,999.1
2025-06-18T18:00+00:00,5925,2.4,323,5.4,999.2
2025-06-18T19:00+00:00,5925,1.4,327,3.1,999.1
2025-06-18T20:00+00:00,5925,1.3,244,3.7,999.5
2025-06-18T21:00+00:00,5925,2.7,214,5.3,999.7
2025-06-18T22:00+00:00,5925,3.4,216,5.4,999.8
2025-06-18T23:00+00:00,5925,3.4,217,5.4,999.5
2025-06-19T00:00+00:00,5925,3.1,222,5.0,999.2
2025-06-19T01:00+00:00,5925,3.0,215,4.9,999.0
2025-06-19T02:00+00:00,5925,1.0,203,2.6,998.8
2025-06-19T03:00+00:00,5925,0.9,209,5.6,998.8
2025-06-19T04:00+00:00,5925,2.6,277,7.2,999.0
2025-06-19T05:00+00:00,5925,4.0,278,8.7,999.2
2025-06-19T06:00+00:00,5925,5.3,279,11.2,999.3
2025-06-19T07:00+00:00,5925,5.6,287,11.7,999.5
2025-06-19T08:00+00:00,5925,4.7,298,9.3,999.5
2025-06-19T09:00+00:00,5925,3.3,306,8.4,999.2
2025-06-19T10:00+00:00,5925,3.4,312,8.5,999.1
2025-06-19T11:00+00:00,5925,4.0,312,11.7,998.7
2025-06-19T12:00+00:00,5925,3.5,311,10.2,998.4
2025-06-19T13:00+00:00,5925,4.1,321,8.9,998.0
2025-06-19T14:00+00:00,5925,4.3,320,10.2,997.6
2025-06-19T15:00+00:00,5925,4.5,310,10.1,997.3
2025-06-19T16:00+00:00,5925,5.4,325,10.7,997.1
2025-06-19T17:00+00:00,5925,5.0,329,10.4,997.5
2025-06-19T18:00+00:00,5925,5.1,342,11.8,998.5
2025-06-19T19:00+00:00,5925,4.1,355,11.3,999.3
2025-06-19T20:00+00:00,5925,4.1,340,9.6,1000.2
2025-06-19T21:00+00:00,5925,4.6,334,13.3,1001.0
2025-06-19T22:00+00:00,5925,4.3,328,10.1,1001.9
2025-06-19T23:00+00:00,5925,4.2,328,8.3,1002.2
2025-06-20T00:00+00:00,5925,3.8,328,8.5,1002.4
2025-06-20T01:00+00:00,5925,3.3,329,6.8,1002.6
2025-06-20T02:00+00:00,5925,2.6,327,4.9,1002.5
2025-06-20T03:00+00:00,5925,2.2,325,4.3,1002.7
2025-06-20T04:00+00:00,5925,2.4,325,4.8,1003.0
2025-06-20T05:00+00:00,5925,2.5,331,5.6,1003.2
2025-06-20T06:00+00:00,5925,2.7,336,6.4,1003.5
2025-06-20T07:00+00:00,5925,2.1,331,6.5,1003.6
2025-06-20T08:00+00:00,5925,2.1,13,5.9,1003.5
2025-06-20T09:00+00:00,5925,3.0,349,8.2,1003.4
2025-06-20T10:00+00:00,5925,2.8,1,8.6,1003.1
2025-06-20T11:00+00:00,5925,3.4,341,8.8,1002.7
2025-06-20T12:00+00:00,5925,3.4,332,8.8,1002.3
2025-06-20T13:00+00:00,5925,4.0,327,10.3,1001.9
2025-06-20T14:00+00:00,5925,3.4,334,8.9,1001.2
2025-06-20T15:00+00:00,5925,4.5,335,11.0,1001.1
2025-06-20T16:00+00:00,5925,4.4,336,10.9,1000.9
2025-06-20T17:00+00:00,5925,4.3,334,10.4,1001.0
2025-06-20T18:00+00:00,5925,4.0,349,10.4,1001.3
2025-06-20T19:00+00:00,5925,3.7,4,9.1,1001.8
2025-06-20T20:00+00:00,5925,2.9,5,8.0,1002.6
2025-06-20T21:00+00:00,5925,2.2,356,5.9,1003.3
2025-06-20T22:00+00:00,5925,3.2,37,7.7,1003.8
2025-06-20T23:00+00:00,5925,3.0,37,5.9,1004.0
2025-06-21T00:00+00:00,5925,1.4,27,3.8,1004.1
2025-06-21T01:00+00:00,5925,1.1,297,3.0,1004.0
2025-06-21T02:00+00:00,5925,1.5,215,2.6,1003.7
2025-06-21T03:00+00:00,5925,1.8,216,2.7,1003.6
2025-06-21T04:00+00:00,5925,1.6,216,2.6,1003.8
2025-06-21T05:00+00:00,5925,0.3,166,3.0,1004.2
2025-06-21T06:00+00:00,5925,2.1,57,4.9,1004.4
2025-06-21T07:00+00:00,5925,2.2,48,4.9,1004.4
2025-06-21T08:00+00:00,5925,1.5,43,5.0,1004.4
2025-06-21T09:00+00:00,5925,1.1,101,5.1,1004.2
2025-06-21T10:00+00:00,5925,1.6,57,7.0,1003.8
2025-06-21T11:00+00:00,5925,2.1,60,8.7,1003.4
2025-06-21T12:00+00:00,5925,1.7,70,8.4,1002.9
2025-06-21T13:00+00:00,5925,1.8,94,6.8,1002.3
2025-06-21T14:00+00:00,5925,1.6,63,5.5,1001.8
2025-06-21T15:00+00:00,5925,1.7,62,6.4,1001.3
2025-06-21T16:00+00:00,5925,1.5,81,5.9,1000.8
2025-06-21T17:00+00:00,5925,2.1,100,5.3,1000.7
2025-06-21T18:00+00:00,5925,2.3,92,5.4,1000.7
2025-06-21T19:00+00:00,5925,1.7,124,3.7,1000.9
2025-06-21T20:00+00:00,5925,1.2,127,3.3,1001.4
2025-06-21T21:00+00:00,5925,0.3,248,2.4,1001.8
2025-06-21T22:00+00:00,5925,1.6,223,3.0,1001.8
2025-06-21T23:00+00:00,5925,2.3,216,3.5,1001.6
2025-06-22T00:00+00:00,5925,2.0,216,3.0,1001.5
2025-06-22T01:00+00:00,5925,2.0,217,3.1,1001.3
2025-06-22T02:00+00:00,5925,1.5,216,2.7,1000.9
2025-06-22T03:00+00:00,5925,1.3,213,2.5,1001.0
2025-06-22T04:00+00:00,5925,1.2,220,2.0,1001.3
2025-06-22T05:00+00:00,5925,0.5,244,2.5,1001.4
2025-06-22T06:00+00:00,5925,0.6,49,2.7,1001.5
2025-06-22T07:00+00:00,5925,0.9,69,3.4,1001.3
2025-06-22T08:00+00:00,5925,1.0,88,3.6,1001.2
2025-06-22T09:00+00:00,5925,1.6,98,6.0,1000.9
2025-06-22T10:00+00:00,5925,1.8,145,6.1,1000.4
2025-06-22T11:00+00:00,5925,2.0,97,6.4,999.8
2025-06-22T12:00+00:00,5925,1.3,162,6.4,999.1
2025-06-22T13:00+00:00,5925,1.3,169,5.8,998.5
2025-06-22T14:00+00:00,5925,0.6,73,5.1,997.6
2025-06-22T15:00+00:00,5925,2.8,63,7.6,997.1
2025-06-22T16:00+00:00,5925,3.2,63,7.2,996.7
2025-06-22T17:00+00:00,5925,2.9,67,6.0,996.5
2025-06-22T18:00+00:00,5925,2.7,109,5.9,996.2
2025-06-22T19:00+00:00,5925,2.3,128,4.7,996.0
2025-06-22T20:00+00:00,5925,1.7,127,3.2,996.2
2025-06-22T21:00+00:00,5925,1.4,136,3.6,995.8
2025-06-22T22:00+00:00,5925,1.5,178,3.1,995.5
2025-06-22T23:00+00:00,5925,0.8,234,1.7,995.2
2025-06-23T00:00+00:00,5925,1.1,215,1.9,994.8
2025-06-23T01:00+00:00,5925,1.8,220,3.4,994.3
2025-06-23T02:00+00:00,5925,1.3,214,2.3,993.8
2025-06-23T03:00+00:00,5925,0.8,28,2.5,993.4
2025-06-23T04:00+00:00,5925,0.6,329,2.2,993.7
2025-06-23T05:00+00:00,5925,0.7,206,2.3,993.2
2025-06-23T06:00+00:00,5925,0.7,118,2.8,993.0
2025-06-23T07:00+00:00,5925,0.7,79,2.6,993.4
2025-06-23T08:00+00:00,5925,0.7,89,3.1,993.2
2025-06-23T09:00+00:00,5925,1.3,94,3.9,993.3
2025-06-23T10:00+00:00,5925,3.6,270,11.8,993.4
2025-06-23T11:00+00:00,5925,4.3,291,9.6,993.4
2025-06-23T12:00+00:00,5925,1.8,272,6.3,992.3
2025-06-23T13:00+00:00,5925,1.6,249,6.0,991.2
2025-06-23T14:00+00:00,5925,2.4,242,7.8,989.8
2025-06-23T15:00+00:00,5925,3.3,234,8.6,988.9
2025-06-23T16:00+00:00,5925,5.4,190,14.9,989.2
2025-06-23T17:00+00:00,5925,6.8,202,19.4,991.4
2025-06-23T18:00+00:00,5925,4.7,199,10.3,990.9
2025-06-23T19:00+00:00,5925,4.6,201,10.1,991.2
2025-06-23T20:00+00:00,5925,2.4,209,6.5,992.5
2025-06-23T21:00+00:00,5925,2.3,245,7.0,992.1
2025-06-23T22:00+00:00,5925,3.5,270,8.1,993.0
2025-06-23T23:00+00:00,5925,3.9,286,7.7,993.3
2025-06-24T00:00+00:00,5925,4.4,279,9.4,993.7
2025-06-24T01:00+00:00,5925,4.2,282,9.5,994.0
2025-06-24T02:00+00:00,5925,4.0,282,9.0,994.1
2025-06-24T03:00+00:00,5925,3.2,272,7.3,994.3
2025-06-24T04:00+00:00,5925,3.2,297,6.7,994.9
2025-06-24T05:00+00:00,5925,2.8,298,6.9,994.9
2025-06-24T06:00+00:00,5925,2.6,274,6.0,995.2
2025-06-24T07:00+00:00,5925,3.7,268,8.8,995.4
2025-06-24T08:00+00:00,5925,4.7,281,11.3,995.2
2025-06-24T09:00+00:00,5925,6.3,262,15.0,994.7
2025-06-24T10:00+00:00,5925,7.3,263,15.6,994.3
2025-06-24T11:00+00:00,5925,6.2,264,15.5,994.1
2025-06-24T12:00+00:00,5925,7.0,288,15.7,993.3
2025-06-24T13:00+00:00,5925,6.0,275,14.3,992.6
2025-06-24T14:00+00:00,5925,7.1,268,15.7,992.3
2025-06-24T15:00+00:00,5925,7.2,274,17.0,991.9
2025-06-24T16:00+00:00,5925,7.5,284,16.3,991.4
2025-06-24T17:00+00:00,5925,5.8,280,13.1,991.5
2025-06-24T18:00+00:00,5925,3.8,249,8.3,991.8
2025-06-24T19:00+00:00,5925,3.5,240,7.5,992.1
2025-06-24T20:00+00:00,5925,3.3,230,5.5,992.6
2025-06-24T21:00+00:00,5925,2.5,254,5.7,992.7
2025-06-24T22:00+00:00,5925,2.4,234,5.1,993.1
2025-06-24T23:00+00:00,5925,1.9,222,3.7,993.1
2025-06-25T00:00+00:00,5925,2.1,225,3.3,993.2
2025-06-25T01:00+00:00,5925,2.3,237,4.7,993.3
2025-06-25T02:00+00:00,5925,2.7,255,5.4,993.3
2025-06-25T03:00+00:00,5925,2.8,248,6.9,993.3
2025-06-25T04:00+00:00,5925,3.6,288,6.8,993.5
2025-06-25T05:00+00:00,5925,3.8,276,8.0,993.7
2025-06-25T06:00+00:00,5925,3.6,266,8.2,994.3
2025-06-25T07:00+00:00,5925,3.4,263,8.0,994.4
2025-06-25T08:00+00:00,5925,4.0,262,7.9,994.5
2025-06-25T09:00+00:00,5925,4.5,270,12.4,994.2
2025-06-25T10:00+00:00,5925,5.1,246,12.3,993.8
2025-06-25T11:00+00:00,5925,5.7,258,13.3,993.5
2025-06-25T12:00+00:00,5925,6.8,269,15.7,993.1
2025-06-25T13:00+00:00,5925,6.7,268,15.2,992.7
2025-06-25T14:00+00:00,5925,6.6,262,15.5,992.4
2025-06-25T15:00+00:00,5925,6.1,260,13.7,992.0
2025-06-25T16:00+00:00,5925,5.6,270,12.3,991.9
2025-06-25T17:00+00:00,5925,5.2,270,14.4,992.0
2025-06-25T18:00+00:00,5925,4.7,274,10.9,992.0
2025-06-25T19:00+00:00,5925,4.2,275,8.8,992.1
2025-06-25T20:00+00:00,5925,2.6,270,6.2,992.3
2025-06-25T21:00+00:00,5925,2.3,239,3.9,992.4
2025-06-25T22:00+00:00,5925,2.4,241,4.2,992.5
2025-06-25T23:00+00:00,5925,2.3,228,3.6,992.4
2025-06-26T00:00+00:00,5925,2.8,215,5.2,992.3
2025-06-26T01:00+00:00,5925,2.7,216,4.6,992.2
2025-06-26T02:00+00:00,5925,1.8,216,3.6,992.4
2025-06-26T03:00+00:00,5925,1.1,195,2.3,992.9
2025-06-26T04:00+00:00,5925,0.9,79,3.0,993.1
2025-06-26T05:00+00:00,5925,0.3,48,2.0,993.1
2025-06-26T06:00+00:00,5925,0.4,191,1.9,993.3
2025-06-26T07:00+00:00,5925,0.9,81,2.8,993.5
2025-06-26T08:00+00:00,5925,1.4,87,4.2,993.2
2025-06-26T09:00+00:00,5925,1.6,111,4.7,993.0
2025-06-26T10:00+00:00,5925,1.4,88,4.7,993.3
2025-06-26T11:00+00:00,5925,2.3,52,7.8,993.2
2025-06-26T12:00+00:00,5925,1.9,90,7.2,992.4
2025-06-26T13:00+00:00,5925,1.8,111,6.0,992.5
2025-06-26T14:00+00:00,5925,2.3,145,4.8,992.4
2025-06-26T15:00+00:00,5925,3.0,155,7.3,991.5
2025-06-26T16:00+00:00,5925,2.0,159,5.5,991.5
2025-06-26T17:00+00:00,5925,3.0,196,5.9,992.4
2025-06-26T18:00+00:00,5925,5.4,261,18.4,994.4
2025-06-26T19:00+00:00,5925,5.6,301,11.7,995.4
2025-06-26T20:00+00:00,5925,5.5,308,12.6,997.1
2025-06-26T21:00+00:00,5925,3.3,278,8.6,997.7
2025-06-26T22:00+00:00,5925,4.8,271,13.4,998.0
2025-06-26T23:00+00:00,5925,5.5,281,13.0,997.1
2025-06-27T00:00+00:00,5925,5.4,287,12.8,997.1
2025-06-27T01:00+00:00,5925,6.0,278,13.8,997.1
2025-06-27T02:00+00:00,5925,6.6,283,13.7,997.8
2025-06-27T03:00+00:00,5925,6.0,287,12.6,997.9
2025-06-27T04:00+00:00,5925,6.1,286,13.0,998.6
2025-06-27T05:00+00:00,5925,5.5,286,10.9,999.0
2025-06-27T06:00+00:00,5925,4.6,274,9.3,999.0
2025-06-27T07:00+00:00,5925,5.2,289,10.8,999.2
2025-06-27T08:00+00:00,5925,5.1,300,11.7,999.3
2025-06-27T09:00+00:00,5925,5.3,291,12.0,999.3
2025-06-27T10:00+00:00,5925,4.7,290,11.4,999.0
2025-06-27T11:00+00:00,5925,5.7,287,12.9,998.9
2025-06-27T12:00+00:00,5925,6.4,289,12.8,998.4
2025-06-27T13:00+00:00,5925,6.3,287,14.0,998.2
2025-06-27T14:00+00:00,5925,7.0,273,14.6,998.1
2025-06-27T15:00+00:00,5925,6.1,280,14.1,998.5
2025-06-27T16:00+00:00,5925,5.5,296,16.0,999.0
2025-06-27T17:00+00:00,5925,4.3,284,11.9,999.3
2025-06-27T18:00+00:00,5925,4.1,306,10.1,999.3
2025-06-27T19:00+00:00,5925,4.8,297,11.1,999.6
2025-06-27T20:00+00:00,5925,5.9,274,11.8,1000.4
2025-06-27T21:00+00:00,5925,3.8,302,9.6,1001.3
2025-06-27T22:00+00:00,5925,4.0,325,8.9,1002.0
2025-06-27T23:00+00:00,5925,4.8,330,10.0,1002.2
2025-06-28T00:00+00:00,5925,4.4,329,8.9,1002.4
2025-06-28T01:00+00:00,5925,3.8,328,8.1,1002.5
2025-06-28T02:00+00:00,5925,4.0,327,7.6,1003.1
2025-06-28T03:00+00:00,5925,4.2,330,8.2,1003.2
2025-06-28T04:00+00:00,5925,4.1,330,7.6,1003.3
2025-06-28T05:00+00:00,5925,3.5,333,7.5,1003.7
2025-06-28T06:00+00:00,5925,3.3,327,7.3,1003.8
2025-06-28T07:00+00:00,5925,4.1,326,8.7,1004.2
2025-06-28T08:00+00:00,5925,4.6,331,8.8,1004.4
2025-06-28T09:00+00:00,5925,4.4,330,8.5,1004.2
2025-06-28T10:00+00:00,5925,4.4,323,9.6,1003.7
2025-06-28T11:00+00:00,5925,5.2,325,10.7,1002.9
2025-06-28T12:00+00:00,5925,5.9,317,13.5,1002.2
2025-06-28T13:00+00:00,5925,5.7,309,13.3,1001.9
2025-06-28T14:00+00:00,5925,5.9,311,14.2,1001.4
2025-06-28T15:00+00:00,5925,5.9,318,12.0,1001.0
2025-06-28T16:00+00:00,5925,5.2,317,11.4,1001.0
2025-06-28T17:00+00:00,5925,4.3,317,9.9,1000.8
2025-06-28T18:00+00:00,5925,4.8,326,10.4,1000.8
2025-06-28T19:00+00:00,5925,3.1,300,7.2,1000.9
2025-06-28T20:00+00:00,5925,3.0,298,5.3,1001.4
2025-06-28T21:00+00:00,5925,2.3,246,5.0,1001.8
2025-06-28T22:00+00:00,5925,2.4,242,5.0,1001.8
2025-06-28T23:00+00:00,5925,3.0,275,5.4,1001.5
2025-06-29T00:00+00:00,5925,3.3,280,6.4,1001.4
2025-06-29T01:00+00:00,5925,2.4,269,5.8,1001.3
2025-06-29T02:00+00:00,5925,2.7,290,5.4,1001.1
2025-06-29T03:00+00:00,5925,2.3,308,5.1,1001.1
2025-06-29T04:00+00:00,5925,3.5,305,6.9,1001.1
2025-06-29T05:00+00:00,5925,3.9,297,8.4,1001.3
2025-06-29T06:00+00:00,5925,3.9,301,8.6,1001.3
2025-06-29T07:00+00:00,5925,3.9,309,9.3,1001.4
2025-06-29T08:00+00:00,5925,3.0,323,7.0,1001.2
2025-06-29T09:00+00:00,5925,4.5,316,9.4,1001.0
2025-06-29T10:00+00:00,5925,3.7,323,9.6,1000.8
2025-06-29T11:00+00:00,5925,4.6,316,11.5,1000.3
2025-06-29T12:00+00:00,5925,4.5,306,10.8,999.9
2025-06-29T13:00+00:00,5925,4.0,323,10.6,999.2
2025-06-29T14:00+00:00,5925,4.5,319,10.7,998.7
2025-06-29T15:00+00:00,5925,4.7,321,10.6,998.2
2025-06-29T16:00+00:00,5925,5.0,322,10.1,997.8
2025-06-29T17:00+00:00,5925,3.9,326,8.1,997.7
2025-06-29T18:00+00:00,5925,3.0,325,6.1,997.6
2025-06-29T19:00+00:00,5925,2.2,304,4.4,997.6
2025-06-29T20:00+00:00,5925,1.6,261,3.3,997.8
2025-06-29T21:00+00:00,5925,1.5,286,4.5,998.2
2025-06-29T22:00+00:00,5925,0.9,265,4.1,998.4
2025-06-29T23:00+00:00,5925,1.9,215,3.3,998.4
2025-06-30T00:00+00:00,5925,2.2,216,4.0,998.4
2025-06-30T01:00+00:00,5925,2.5,215,4.4,998.6
2025-06-30T02:00+00:00,5925,1.8,220,4.0,998.7
2025-06-30T03:00+00:00,5925,1.4,246,4.6,998.8
2025-06-30T04:00+00:00,5925,2.0,297,5.8,998.9
2025-06-30T05:00+00:00,5925,3.0,306,7.0,999.2
2025-06-30T06:00+00:00,5925,3.2,301,7.1,999.3
2025-06-30T07:00+00:00,5925,3.0,319,7.3,999.3
2025-06-30T08:00+00:00,5925,3.4,320,7.9,999.5
2025-06-30T09:00+00:00,5925,4.0,318,9.9,999.5
2025-06-30T10:00+00:00,5925,4.1,316,9.0,999.1
2025-06-30T11:00+00:00,5925,4.7,318,11.6,998.4
2025-06-30T12:00+00:00,5925,4.7,323,10.1,997.9
2025-06-30T13:00+00:00,5925,4.9,321,13.2,997.4
2025-06-30T14:00+00:00,5925,4.6,344,10.9,997.0
2025-06-30T15:00+00:00,5925,4.0,340,9.7,996.6
2025-06-30T16:00+00:00,5925,3.9,347,10.1,996.3
2025-06-30T17:00+00:00,5925,3.6,352,10.2,996.0
2025-06-30T18:00+00:00,5925,3.8,340,8.8,996.0
2025-06-30T19:00+00:00,5925,3.0,330,9.1,996.3
2025-06-30T20:00+00:00,5925,2.1,335,5.6,997.1
2025-06-30T21:00+00:00,5925,2.5,323,5.5,997.5
2025-06-30T22:00+00:00,5925,2.4,341,6.8,997.9
2025-06-30T23:00+00:00,5925,2.5,333,5.4,998.2
2025-07-01T00:00+00:00,5925,1.7,334,4.7,998.6
2025-07-01T01:00+00:00,5925,1.2,310,3.3,998.7
2025-07-01T02:00+00:00,5925,0.6,230,3.2,998.6
2025-07-01T03:00+00:00,5925,1.2,330,4.7,998.9
2025-07-01T04:00+00:00,5925,1.3,224,2.6,999.0
2025-07-01T05:00+00:00,5925,1.1,320,4.5,999.5
2025-07-01T06:00+00:00,5925,1.8,345,5.1,999.7
2025-07-01T07:00+00:00,5925,1.2,12,4.2,999.8
2025-07-01T08:00+00:00,5925,2.1,54,5.9,999.6
2025-07-01T09:00+00:00,5925,1.7,30,6.5,999.5
2025-07-01T10:00+00:00,5925,1.8,17,6.3,999.1
2025-07-01T11:00+00:00,5925,2.8,61,7.3,998.8
2025-07-01T12:00+00:00,5925,1.7,349,7.8,998.4
2025-07-01T13:00+00:00,5925,2.1,327,6.9,998.0
2025-07-01T14:00+00:00,5925,2.0,17,6.6,997.6
2025-07-01T15:00+00:00,5925,2.1,333,7.4,997.1
2025-07-01T16:00+00:00,5925,1.9,356,7.2,996.8
2025-07-01T17:00+00:00,5925,2.2,332,5.5,996.8
2025-07-01T18:00+00:00,5925,2.4,348,6.0,996.8
2025-07-01T19:00+00:00,5925,3.7,35,6.7,997.0
2025-07-01T20:00+00:00,5925,1.8,21,4.6,997.4
2025-07-01T21:00+00:00,5925,0.6,267,2.3,997.8
2025-07-01T22:00+00:00,5925,2.2,218,4.1,998.1
2025-07-01T23:00+00:00,5925,2.2,217,3.5,998.2
2025-07-02T00:00+00:00,5925,2.3,216,4.1,997.9
2025-07-02T01:00+00:00,5925,1.6,215,3.3,998.1
2025-07-02T02:00+00:00,5925,1.2,212,3.9,998.2
2025-07-02T03:00+00:00,5925,1.8,219,3.4,998.4
2025-07-02T04:00+00:00,5925,0.7,203,2.8,998.6
2025-07-02T05:00+00:00,5925,0.2,121,1.9,998.8
2025-07-02T06:00+00:00,5925,1.5,70,4.0,998.9
2025-07-02T07:00+00:00,5925,1.9,118,4.3,999.0
2025-07-02T08:00+00:00,5925,1.4,99,4.6,998.8
2025-07-02T09:00+00:00,5925,1.8,91,5.3,998.7
2025-07-02T10:00+00:00,5925,2.5,88,7.0,998.4
2025-07-02T11:00+00:00,5925,2.9,117,8.6,997.8
2025-07-02T12:00+00:00,5925,3.9,139,9.4,997.4
2025-07-02T13:00+00:00,5925,4.2,125,10.0,996.7
2025-07-02T14:00+00:00,5925,3.9,126,10.1,996.3
2025-07-02T15:00+00:00,5925,4.1,133,9.2,995.8
2025-07-02T16:00+00:00,5925,4.4,138,9.2,995.4
2025-07-02T17:00+00:00,5925,5.1,133,10.8,994.9
2025-07-02T18:00+00:00,5925,4.8,140,9.9,994.7
2025-07-02T19:00+00:00,5925,3.4,142,8.5,994.9
2025-07-02T20:00+00:00,5925,4.6,150,9.6,995.2
2025-07-02T21:00+00:00,5925,4.4,160,9.8,995.2
2025-07-02T22:00+00:00,5925,3.9,171,8.9,995.2
2025-07-02T23:00+00:00,5925,3.1,178,6.9,995.3
2025-07-03T00:00+00:00,5925,3.7,175,7.1,995.1
2025-07-03T01:00+00:00,5925,3.0,181,6.0,994.7
2025-07-03T02:00+00:00,5925,1.8,191,5.9,995.2
2025-07-03T03:00+00:00,5925,1.9,202,4.1,995.5
2025-07-03T04:00+00:00,5925,1.0,221,2.8,995.7
2025-07-03T05:00+00:00,5925,0.3,250,1.6,995.9
2025-07-03T06:00+00:00,5925,0.7,217,2.4,996.2
2025-07-03T07:00+00:00,5925,1.6,187,4.1,996.4
2025-07-03T08:00+00:00,5925,1.1,165,4.2,996.4
2025-07-03T09:00+00:00,5925,2.5,240,8.2,996.3
2025-07-03T10:00+00:00,5925,1.8,289,6.3,996.5
2025-07-03T11:00+00:00,5925,2.0,264,8.2,996.4
2025-07-03T12:00+00:00,5925,2.2,257,8.7,996.2
2025-07-03T13:00+00:00,5925,1.9,272,7.0,995.6
2025-07-03T14:00+00:00,5925,2.3,278,8.8,995.9
2025-07-03T15:00+00:00,5925,4.3,282,13.8,996.5
2025-07-03T16:00+00:00,5925,6.1,324,15.1,997.8
2025-07-03T17:00+00:00,5925,4.4,277,10.9,999.3
2025-07-03T18:00+00:00,5925,5.6,280,14.2,999.1
2025-07-03T19:00+00:00,5925,3.0,277,10.8,999.9
2025-07-03T20:00+00:00,5925,5.9,295,15.0,1000.5
2025-07-03T21:00+00:00,5925,7.3,296,16.7,1001.3
2025-07-03T22:00+00:00,5925,4.6,314,10.0,1001.3
2025-07-03T23:00+00:00,5925,4.2,292,9.2,1001.2
2025-07-04T00:00+00:00,5925,4.3,308,9.6,1001.1
2025-07-04T01:00+00:00,5925,4.5,313,10.0,1001.2
2025-07-04T02:00+00:00,5925,4.3,318,9.5,1001.3
2025-07-04T03:00+00:00,5925,4.2,325,8.6,1001.4
2025-07-04T04:00+00:00,5925,4.0,322,9.4,1001.5
2025-07-04T05:00+00:00,5925,3.8,327,7.7,1001.9
2025-07-04T06:00+00:00,5925,4.7,325,8.7,1001.9
2025-07-04T07:00+00:00,5925,4.5,326,8.8,1002.1
2025-07-04T08:00+00:00,5925,3.6,330,7.7,1002.2
2025-07-04T09:00+00:00,5925,2.8,332,7.7,1002.1
2025-07-04T10:00+00:00,5925,3.8,321,10.3,1002.4
2025-07-04T11:00+00:00,5925,5.6,318,11.0,1002.5
2025-07-04T12:00+00:00,5925,4.7,317,9.5,1002.6
2025-07-04T13:00+00:00,5925,4.8,314,9.6,1002.6
2025-07-04T14:00+00:00,5925,4.4,300,9.3,1002.1
2025-07-04T15:00+00:00,5925,5.6,303,11.5,1002.0
2025-07-04T16:00+00:00,5925,4.3,303,9.4,1001.6
2025-07-04T17:00+00:00,5925,4.2,297,8.5,1001.6
2025-07-04T18:00+00:00,5925,3.5,288,8.0,1002.0
2025-07-04T19:00+00:00,5925,4.0,283,8.2,1002.0
2025-07-04T20:00+00:00,5925,3.4,291,8.0,1002.3
2025-07-04T21:00+00:00,5925,3.0,314,6.8,1002.3
2025-07-04T22:00+00:00,5925,2.2,325,5.3,1002.1
2025-07-04T23:00+00:00,5925,1.8,333,4.8,1002.3
2025-07-05T00:00+00:00,5925,1.6,332,4.2,1002.2
2025-07-05T01:00+00:00,5925,1.1,243,5.3,1002.1
2025-07-05T02:00+00:00,5925,1.3,212,2.8,1001.9
2025-07-05T03:00+00:00,5925,1.8,219,3.2,1001.6
2025-07-05T04:00+00:00,5925,1.1,214,2.6,1001.3
2025-07-05T05:00+00:00,5925,0.4,105,2.5,1001.2
2025-07-05T06:00+00:00,5925,1.4,119,3.8,1000.9
2025-07-05T07:00+00:00,5925,2.2,160,7.0,1000.4
2025-07-05T08:00+00:00,5925,3.2,155,6.9,999.7
2025-07-05T09:00+00:00,5925,3.6,143,8.1,999.2
2025-07-05T10:00+00:00,5925,4.0,139,8.8,998.2
2025-07-05T11:00+00:00,5925,4.3,140,9.5,997.5
2025-07-05T12:00+00:00,5925,3.5,163,9.7,996.6
2025-07-05T13:00+00:00,5925,4.4,141,10.4,995.7
2025-07-05T14:00+00:00,5925,3.5,136,9.2,994.6
2025-07-05T15:00+00:00,5925,3.3,117,8.6,993.7
2025-07-05T16:00+00:00,5925,2.6,115,7.4,993.2
2025-07-05T17:00+00:00,5925,3.3,126,7.7,993.0
2025-07-05T18:00+00:00,5925,3.5,139,7.1,992.7
2025-07-05T19:00+00:00,5925,2.9,127,6.3,993.0
2025-07-05T20:00+00:00,5925,2.3,68,4.4,993.3
2025-07-05T21:00+00:00,5925,1.1,67,3.5,993.3
2025-07-05T22:00+00:00,5925,1.4,324,4.2,993.0
2025-07-05T23:00+00:00,5925,1.3,1,3.6,992.7
2025-07-06T00:00+00:00,5925,1.6,219,4.3,992.4
2025-07-06T01:00+00:00,5925,2.6,218,4.1,992.1
2025-07-06T02:00+00:00,5925,2.4,217,4.2,991.9
2025-07-06T03:00+00:00,5925,1.9,215,3.2,991.8
2025-07-06T04:00+00:00,5925,1.8,215,3.6,991.8
2025-07-06T05:00+00:00,5925,0.7,184,2.1,991.8
2025-07-06T06:00+00:00,5925,0.7,171,2.2,991.6
2025-07-06T07:00+00:00,5925,0.9,196,4.2,991.5
2025-07-06T08:00+00:00,5925,0.7,101,4.9,991.0
2025-07-06T09:00+00:00,5925,1.3,128,5.6,990.5
2025-07-06T10:00+00:00,5925,2.3,174,6.1,989.9
2025-07-06T11:00+00:00,5925,2.3,154,6.7,989.1
2025-07-06T12:00+00:00,5925,3.4,158,8.6,988.4
2025-07-06T13:00+00:00,5925,3.5,131,10.3,987.3
2025-07-06T14:00+00:00,5925,4.2,132,10.7,986.2
2025-07-06T15:00+00:00,5925,4.8,140,11.4,985.3
2025-07-06T16:00+00:00,5925,6.0,130,12.9,984.2
2025-07-06T17:00+00:00,5925,5.4,142,11.2,984.5
2025-07-06T18:00+00:00,5925,7.8,207,24.3,986.4
2025-07-06T19:00+00:00,5925,3.4,256,10.8,986.5
2025-07-06T20:00+00:00,5925,4.4,302,13.3,986.6
2025-07-06T21:00+00:00,5925,3.5,299,13.4,986.7
2025-07-06T22:00+00:00,5925,3.5,294,7.9,986.2
2025-07-06T23:00+00:00,5925,4.1,286,9.8,985.5
2025-07-07T00:00+00:00,5925,2.6,275,7.2,985.1
2025-07-07T01:00+00:00,5925,3.2,250,8.3,985.3
2025-07-07T02:00+00:00,5925,4.3,274,9.1,984.7
2025-07-07T03:00+00:00,5925,4.5,263,11.7,985.1
2025-07-07T04:00+00:00,5925,5.5,275,11.1,985.1
2025-07-07T05:00+00:00,5925,4.9,262,11.8,985.8
2025-07-07T06:00+00:00,5925,3.5,278,8.5,985.4
2025-07-07T07:00+00:00,5925,3.8,264,8.7,986.0
2025-07-07T08:00+00:00,5925,4.0,275,9.9,985.5
2025-07-07T09:00+00:00,5925,4.5,273,10.7,986.5
2025-07-07T10:00+00:00,5925,4.0,276,9.9,985.9
2025-07-07T11:00+00:00,5925,3.9,284,8.5,985.6
2025-07-07T12:00+00:00,5925,4.1,276,9.2,985.8
2025-07-07T13:00+00:00,5925,3.7,286,8.5,985.3
2025-07-07T14:00+00:00,5925,4.2,285,10.2,984.9
2025-07-07T15:00+00:00,5925,3.1,299,8.2,984.3
2025-07-07T16:00+00:00,5925,3.3,290,7.8,984.0
2025-07-07T17:00+00:00,5925,3.1,263,7.6,983.8
2025-07-07T18:00+00:00,5925,2.4,256,7.1,984.1
2025-07-07T19:00+00:00,5925,2.2,226,4.6,984.0
2025-07-07T20:00+00:00,5925,1.7,196,3.2,984.3
2025-07-07T21:00+00:00,5925,1.8,180,4.3,984.6
2025-07-07T22:00+00:00,5925,2.5,224,5.5,985.3
2025-07-07T23:00+00:00,5925,2.6,238,7.7,985.4
2025-07-08T00:00+00:00,5925,5.6,269,15.2,985.5
2025-07-08T01:00+00:00,5925,5.8,266,13.4,986.3
2025-07-08T02:00+00:00,5925,4.4,270,10.2,985.8
2025-07-08T03:00+00:00,5925,4.4,264,10.5,985.8
2025-07-08T04:00+00:00,5925,4.2,267,8.7,985.6
2025-07-08T05:00+00:00,5925,4.4,277,9.9,986.2
2025-07-08T06:00+00:00,5925,3.6,249,9.9,986.8
2025-07-08T07:00+00:00,5925,3.9,283,8.9,986.3
2025-07-08T08:00+00:00,5925,4.2,281,9.4,986.3
2025-07-08T09:00+00:00,5925,4.9,283,9.5,986.4
2025-07-08T10:00+00:00,5925,5.4,283,9.8,986.4
2025-07-08T11:00+00:00,5925,4.5,286,9.3,986.4
2025-07-08T12:00+00:00,5925,4.0,286,8.7,985.9
2025-07-08T13:00+00:00,5925,5.5,282,14.4,986.4
2025-07-08T14:00+00:00,5925,6.5,276,15.2,987.4
2025-07-08T15:00+00:00,5925,6.1,291,13.8,988.1
2025-07-08T16:00+00:00,5925,6.4,302,15.0,988.5
2025-07-08T17:00+00:00,5925,6.4,300,12.8,989.5
2025-07-08T18:00+00:00,5925,6.8,293,14.7,989.9
2025-07-08T19:00+00:00,5925,6.1,287,12.4,990.5
2025-07-08T20:00+00:00,5925,6.3,283,13.4,991.0
2025-07-08T21:00+00:00,5925,5.4,290,11.3,991.2
2025-07-08T22:00+00:00,5925,6.5,284,13.5,991.6
2025-07-08T23:00+00:00,5925,6.8,285,13.6,992.0
2025-07-09T00:00+00:00,5925,6.4,281,12.4,991.8
2025-07-09T01:00+00:00,5925,5.8,285,11.3,991.9
2025-07-09T02:00+00:00,5925,5.4,284,10.9,991.9
2025-07-09T03:00+00:00,5925,5.9,289,11.9,991.9
2025-07-09T04:00+00:00,5925,5.7,288,11.7,992.2
2025-07-09T05:00+00:00,5925,5.6,293,11.0,992.6
2025-07-09T06:00+00:00,5925,6.2,294,12.4,993.1
2025-07-09T07:00+00:00,5925,5.3,294,10.4,993.2
2025-07-09T08:00+00:00,5925,6.2,295,15.6,993.5
2025-07-09T09:00+00:00,5925,7.8,307,18.3,993.5
2025-07-09T10:00+00:00,5925,8.4,302,19.3,993.6
2025-07-09T11:00+00:00,5925,7.1,298,19.7,993.8
2025-07-09T12:00+00:00,5925,7.9,294,16.1,994.0
2025-07-09T13:00+00:00,5925,7.6,292,18.2,994.0
2025-07-09T14:00+00:00,5925,6.6,307,14.4,993.8
2025-07-09T15:00+00:00,5925,7.7,312,18.0,994.3
2025-07-09T16:00+00:00,5925,7.9,311,19.3,994.5
2025-07-09T17:00+00:00,5925,7.1,297,15.0,994.9
2025-07-09T18:00+00:00,5925,6.3,303,13.3,995.1
2025-07-09T19:00+00:00,5925,5.6,288,11.6,995.2
2025-07-09T20:00+00:00,5925,5.9,285,11.8,995.7
2025-07-09T21:00+00:00,5925,5.5,285,11.7,996.2
2025-07-09T22:00+00:00,5925,5.5,282,10.9,996.5
2025-07-09T23:00+00:00,5925,5.7,288,11.4,996.5
2025-07-10T00:00+00:00,5925,6.1,290,11.5,996.5
2025-07-10T01:00+00:00,5925,5.6,295,11.0,996.5
2025-07-10T02:00+00:00,5925,5.0,294,10.2,996.2
2025-07-10T03:00+00:00,5925,5.5,289,11.6,996.2
2025-07-10T04:00+00:00,5925,6.3,288,11.7,996.3
2025-07-10T05:00+00:00,5925,5.8,290,13.1,996.4
2025-07-10T06:00+00:00,5925,6.0,292,11.5,996.2
2025-07-10T07:00+00:00,5925,6.1,296,12.6,996.6
2025-07-10T08:00+00:00,5925,4.9,284,10.5,996.4
2025-07-10T09:00+00:00,5925,5.4,279,12.9,996.4
2025-07-10T10:00+00:00,5925,4.8,299,12.1,996.4
2025-07-10T11:00+00:00,5925,6.2,310,13.5,996.4
2025-07-10T12:00+00:00,5925,3.3,327,10.7,996.2
2025-07-10T13:00+00:00,5925,3.6,316,8.7,996.2
2025-07-10T14:00+00:00,5925,4.9,303,12.3,996.3
2025-07-10T15:00+00:00,5925,3.9,307,13.6,996.0
2025-07-10T16:00+00:00,5925,4.7,297,10.5,995.6
2025-07-10T17:00+00:00,5925,5.0,288,10.3,995.4
2025-07-10T18:00+00:00,5925,5.4,268,12.6,995.6
2025-07-10T19:00+00:00,5925,4.0,271,9.9,996.0
2025-07-10T20:00+00:00,5925,5.8,271,13.1,995.9
2025-07-10T21:00+00:00,5925,5.1,273,10.5,995.9
2025-07-10T22:00+00:00,5925,4.8,283,9.3,996.0
2025-07-10T23:00+00:00,5925,4.4,279,9.1,995.6
2025-07-11T00:00+00:00,5925,3.3,237,8.2,995.6
2025-07-11T01:00+00:00,5925,2.2,239,5.2,995.4
2025-07-11T02:00+00:00,5925,3.2,290,7.2,995.1
2025-07-11T03:00+00:00,5925,3.7,296,7.8,995.1
2025-07-11T04:00+00:00,5925,4.6,287,8.8,995.2
2025-07-11T05:00+00:00,5925,4.9,293,9.1,995.1
2025-07-11T06:00+00:00,5925,4.9,296,11.3,995.5
2025-07-11T07:00+00:00,5925,4.0,296,8.9,995.8
2025-07-11T08:00+00:00,5925,3.6,283,9.1,995.8
2025-07-11T09:00+00:00,5925,2.4,303,6.6,995.4
2025-07-11T10:00+00:00,5925,2.8,311,7.0,995.1
2025-07-11T11:00+00:00,5925,2.8,309,8.1,994.5
2025-07-11T12:00+00:00,5925,3.4,318,9.4,994.4
2025-07-11T13:00+00:00,5925,5.0,309,13.2,994.4
2025-07-11T14:00+00:00,5925,3.6,292,8.8,993.8
2025-07-11T15:00+00:00,5925,4.7,273,10.2,993.8
2025-07-11T16:00+00:00,5925,4.7,275,11.2,993.4
2025-07-11T17:00+00:00,5925,5.2,277,11.2,993.4
2025-07-11T18:00+00:00,5925,5.9,277,11.7,993.5
2025-07-11T19:00+00:00,5925,4.6,273,10.0,993.6
2025-07-11T20:00+00:00,5925,3.5,282,7.9,993.8
2025-07-11T21:00+00:00,5925,2.7,246,5.4,993.6
2025-07-11T22:00+00:00,5925,2.8,266,6.8,993.5
2025-07-11T23:00+00:00,5925,4.0,288,7.4,993.3
2025-07-12T00:00+00:00,5925,3.7,286,6.9,993.2
2025-07-12T01:00+00:00,5925,1.1,229,4.7,993.2
2025-07-12T02:00+00:00,5925,1.1,154,2.3,993.2
2025-07-12T03:00+00:00,5925,1.4,225,3.0,993.0
2025-07-12T04:00+00:00,5925,2.2,224,4.1,992.6
2025-07-12T05:00+00:00,5925,1.8,219,4.2,992.5
2025-07-12T06:00+00:00,5925,1.2,198,3.2,992.6
2025-07-12T07:00+00:00,5925,0.9,214,3.1,992.7
2025-07-12T08:00+00:00,5925,0.7,180,3.8,992.6
2025-07-12T09:00+00:00,5925,1.8,178,6.2,992.5
2025-07-12T10:00+00:00,5925,2.3,160,6.4,992.1
2025-07-12T11:00+00:00,5925,2.1,170,5.9,991.8
2025-07-12T12:00+00:00,5925,0.9,37,7.1,991.5
2025-07-12T13:00+00:00,5925,2.0,180,13.5,991.8
2025-07-12T14:00+00:00,5925,3.3,177,9.8,992.1
2025-07-12T15:00+00:00,5925,4.1,231,10.1,992.4
2025-07-12T16:00+00:00,5925,1.1,214,3.9,991.6
2025-07-12T17:00+00:00,5925,2.9,230,5.2,992.1
2025-07-12T18:00+00:00,5925,0.7,211,4.7,992.1
2025-07-12T19:00+00:00,5925,1.1,202,2.9,992.1
2025-07-12T20:00+00:00,5925,0.8,173,2.4,992.4
2025-07-12T21:00+00:00,5925,1.0,161,2.4,992.5
2025-07-12T22:00+00:00,5925,1.7,223,2.9,992.5
2025-07-12T23:00+00:00,5925,1.4,226,2.4,992.2
2025-07-13T00:00+00:00,5925,1.0,214,2.5,992.0
2025-07-13T01:00+00:00,5925,1.0,227,2.6,991.9
2025-07-13T02:00+00:00,5925,0.8,206,1.7,991.6
2025-07-13T03:00+00:00,5925,0.4,194,1.7,991.6
2025-07-13T04:00+00:00,5925,0.9,183,3.5,991.9
2025-07-13T05:00+00:00,5925,0.8,230,2.5,991.8
2025-07-13T06:00+00:00,5925,0.0,0,2.2,992.0
2025-07-13T07:00+00:00,5925,0.3,30,2.7,992.1
2025-07-13T08:00+00:00,5925,1.0,68,4.1,991.9
2025-07-13T09:00+00:00,5925,1.3,62,4.0,992.3
2025-07-13T10:00+00:00,5925,0.7,81,5.4,992.0
2025-07-13T11:00+00:00,5925,1.2,110,6.5,991.8
2025-07-13T12:00+00:00,5925,2.4,121,6.6,991.4
2025-07-13T13:00+00:00,5925,1.7,182,5.7,991.3
2025-07-13T14:00+00:00,5925,2.3,159,6.3,990.9
2025-07-13T15:00+00:00,5925,4.3,152,8.0,991.0
2025-07-13T16:00+00:00,5925,6.0,179,11.9,991.0
2025-07-13T17:00+00:00,5925,6.0,187,12.4,991.3
2025-07-13T18:00+00:00,5925,4.4,200,10.1,991.0
2025-07-13T19:00+00:00,5925,3.7,203,6.8,991.4
2025-07-13T20:00+00:00,5925,3.0,180,6.9,992.1
2025-07-13T21:00+00:00,5925,1.1,215,3.6,992.1
2025-07-13T22:00+00:00,5925,1.7,219,3.2,992.3
2025-07-13T23:00+00:00,5925,2.4,233,4.3,992.4
2025-07-14T00:00+00:00,5925,2.4,218,4.3,992.4
2025-07-14T01:00+00:00,5925,2.8,224,4.5,992.4
2025-07-14T02:00+00:00,5925,2.0,227,3.9,992.6
2025-07-14T03:00+00:00,5925,1.2,209,3.0,992.9
2025-07-14T04:00+00:00,5925,0.9,210,2.6,993.3
2025-07-14T05:00+00:00,5925,0.9,218,2.6,993.8
2025-07-14T06:00+00:00,5925,1.7,222,3.5,994.2
2025-07-14T07:00+00:00,5925,1.1,246,3.8,994.3
2025-07-14T08:00+00:00,5925,3.0,266,10.1,994.4
2025-07-14T09:00+00:00,5925,4.2,273,9.9,994.4
2025-07-14T10:00+00:00,5925,3.7,279,9.3,994.3
2025-07-14T11:00+00:00,5925,3.6,262,8.4,994.4
2025-07-14T12:00+00:00,5925,3.5,236,8.4,994.1
2025-07-14T13:00+00:00,5925,5.0,290,21.5,994.5
2025-07-14T14:00+00:00,5925,2.2,311,12.0,993.7
2025-07-14T15:00+00:00,5925,6.3,262,15.0,994.4
2025-07-14T16:00+00:00,5925,6.6,255,17.0,994.2
2025-07-14T17:00+00:00,5925,7.9,274,17.1,994.9
2025-07-14T18:00+00:00,5925,7.1,270,17.2,995.5
2025-07-14T19:00+00:00,5925,8.0,271,17.0,995.6
2025-07-14T20:00+00:00,5925,7.2,274,16.1,996.0
2025-07-14T21:00+00:00,5925,6.4,273,13.6,996.6
2025-07-14T22:00+00:00,5925,5.2,274,12.6,997.1
2025-07-14T23:00+00:00,5925,5.0,272,12.7,997.1
2025-07-15T00:00+00:00,5925,4.1,268,10.2,997.1
2025-07-15T01:00+00:00,5925,5.1,273,11.6,997.0
2025-07-15T02:00+00:00,5925,5.2,273,11.3,996.7
2025-07-15T03:00+00:00,5925,5.4,275,11.5,996.7
2025-07-15T04:00+00:00,5925,4.5,275,10.0,996.7
2025-07-15T05:00+00:00,5925,3.7,278,8.7,996.9
2025-07-15T06:00+00:00,5925,3.5,286,9.8,997.0
2025-07-15T07:00+00:00,5925,5.2,295,10.2,996.9
2025-07-15T08:00+00:00,5925,4.6,288,10.7,996.7
2025-07-15T09:00+00:00,5925,4.8,290,10.4,996.2
2025-07-15T10:00+00:00,5925,4.2,303,10.9,995.7
2025-07-15T11:00+00:00,5925,4.0,307,11.4,995.2
2025-07-15T12:00+00:00,5925,4.2,295,11.0,994.5
2025-07-15T13:00+00:00,5925,4.2,274,10.5,994.0
2025-07-15T14:00+00:00,5925,4.2,252,11.4,993.5
2025-07-15T15:00+00:00,5925,3.8,275,8.9,993.0
2025-07-15T16:00+00:00,5925,3.0,282,7.0,993.1
2025-07-15T17:00+00:00,5925,5.7,266,13.9,993.5
2025-07-15T18:00+00:00,5925,5.9,269,14.7,993.7
2025-07-15T19:00+00:00,5925,7.5,277,16.1,994.4
2025-07-15T20:00+00:00,5925,5.3,293,11.3,995.2
2025-07-15T21:00+00:00,5925,4.4,284,10.2,994.8
2025-07-15T22:00+00:00,5925,5.8,278,11.4,995.2
2025-07-15T23:00+00:00,5925,6.0,285,11.2,995.4
2025-07-16T00:00+00:00,5925,4.3,279,9.9,995.5
2025-07-16T01:00+00:00,5925,3.3,275,7.2,995.5
2025-07-16T02:00+00:00,5925,2.9,287,7.0,995.4
2025-07-16T03:00+00:00,5925,2.1,294,5.1,995.2
2025-07-16T04:00+00:00,5925,2.1,291,5.3,995.3
2025-07-16T05:00+00:00,5925,3.7,293,8.7,995.3
2025-07-16T06:00+00:00,5925,4.0,286,8.2,995.4
2025-07-16T07:00+00:00,5925,3.8,278,8.2,994.9
2025-07-16T08:00+00:00,5925,4.6,276,10.9,994.8
2025-07-16T09:00+00:00,5925,5.3,266,12.6,994.7
2025-07-16T10:00+00:00,5925,5.7,252,12.5,994.1
2025-07-16T11:00+00:00,5925,5.1,285,13.9,993.6
2025-07-16T12:00+00:00,5925,6.5,274,14.9,993.0
2025-07-16T13:00+00:00,5925,6.6,282,15.2,992.6
2025-07-16T14:00+00:00,5925,5.6,275,12.1,992.1
2025-07-16T15:00+00:00,5925,5.4,265,14.7,991.5
2025-07-16T16:00+00:00,5925,6.7,276,13.6,990.9
2025-07-16T17:00+00:00,5925,6.0,280,12.9,990.5
2025-07-16T18:00+00:00,5925,5.0,290,10.5,991.2
2025-07-16T19:00+00:00,5925,4.3,318,13.3,991.6
2025-07-16T20:00+00:00,5925,2.7,273,5.8,992.0
2025-07-16T21:00+00:00,5925,4.1,267,8.7,991.5
2025-07-16T22:00+00:00,5925,3.8,239,7.7,992.2
2025-07-16T23:00+00:00,5925,2.0,267,6.2,991.4
2025-07-17T00:00+00:00,5925,4.3,270,13.0,991.6
2025-07-17T01:00+00:00,5925,6.4,280,13.6,990.7
2025-07-17T02:00+00:00,5925,6.3,276,12.6,991.4
2025-07-17T03:00+00:00,5925,5.4,274,12.0,992.0
2025-07-17T04:00+00:00,5925,4.0,276,9.0,991.9
2025-07-17T05:00+00:00,5925,3.9,277,9.1,992.4
2025-07-17T06:00+00:00,5925,4.5,287,9.4,992.7
2025-07-17T07:00+00:00,5925,4.5,302,11.0,993.1
2025-07-17T08:00+00:00,5925,5.2,294,10.8,993.6
2025-07-17T09:00+00:00,5925,5.0,290,10.6,993.8
2025-07-17T10:00+00:00,5925,4.8,285,11.1,994.0
2025-07-17T11:00+00:00,5925,4.9,291,13.5,993.6
2025-07-17T12:00+00:00,5925,6.5,283,16.0,993.3
2025-07-17T13:00+00:00,5925,6.8,288,14.4,993.5
2025-07-17T14:00+00:00,5925,5.6,298,12.9,993.2
2025-07-17T15:00+00:00,5925,6.7,288,14.5,993.4
2025-07-17T16:00+00:00,5925,6.4,282,12.9,993.3
2025-07-17T17:00+00:00,5925,5.9,270,13.2,993.4
2025-07-17T18:00+00:00,5925,4.2,267,10.1,993.5
2025-07-17T19:00+00:00,5925,4.4,279,10.1,993.8
2025-07-17T20:00+00:00,5925,4.9,277,10.4,994.1
2025-07-17T21:00+00:00,5925,3.4,291,8.3,994.2
2025-07-17T22:00+00:00,5925,3.6,284,8.0,993.8
2025-07-17T23:00+00:00,5925,4.0,278,8.6,993.5
2025-07-18T00:00+00:00,5925,4.2,275,9.3,993.3
2025-07-18T01:00+00:00,5925,3.4,277,7.7,993.2
2025-07-18T02:00+00:00,5925,3.1,277,8.9,992.6
2025-07-18T03:00+00:00,5925,2.6,265,6.9,992.4
2025-07-18T04:00+00:00,5925,3.7,259,9.0,992.3
2025-07-18T05:00+00:00,5925,3.9,267,9.5,992.3
2025-07-18T06:00+00:00,5925,4.1,266,10.0,992.4
2025-07-18T07:00+00:00,5925,5.4,269,12.3,992.5
2025-07-18T08:00+00:00,5925,6.9,273,14.5,992.6
2025-07-18T09:00+00:00,5925,5.9,274,12.4,992.6
2025-07-18T10:00+00:00,5925,5.8,268,13.3,992.5
2025-07-18T11:00+00:00,5925,5.2,274,12.3,992.5
2025-07-18T12:00+00:00,5925,6.0,274,13.6,992.4
2025-07-18T13:00+00:00,5925,5.6,273,12.5,991.9
2025-07-18T14:00+00:00,5925,5.0,282,13.1,992.4
2025-07-18T15:00+00:00,5925,4.2,285,9.1,992.3
2025-07-18T16:00+00:00,5925,3.3,298,8.6,992.7
2025-07-18T17:00+00:00,5925,2.4,245,5.5,992.4
2025-07-18T18:00+00:00,5925,2.5,257,5.3,992.6
2025-07-18T19:00+00:00,5925,2.7,285,5.9,992.5
2025-07-18T20:00+00:00,5925,2.5,252,5.8,992.6
2025-07-18T21:00+00:00,5925,1.9,284,4.8,993.1
2025-07-18T22:00+00:00,5925,1.7,240,4.5,993.3
2025-07-18T23:00+00:00,5925,0.7,234,3.6,993.3
2025-07-19T00:00+00:00,5925,0.7,218,3.4,993.0
2025-07-19T01:00+00:00,5925,2.8,228,4.5,992.7
2025-07-19T02:00+00:00,5925,2.1,223,4.4,992.3
2025-07-19T03:00+00:00,5925,1.7,216,3.2,992.4
2025-07-19T04:00+00:00,5925,2.0,220,4.0,992.4
2025-07-19T05:00+00:00,5925,2.1,220,3.9,992.5
2025-07-19T06:00+00:00,5925,0.5,208,2.2,992.3
2025-07-19T07:00+00:00,5925,0.8,89,2.6,992.4
2025-07-19T08:00+00:00,5925,0.7,71,2.9,992.1
2025-07-19T09:00+00:00,5925,1.6,77,4.9,991.8
2025-07-19T10:00+00:00,5925,1.2,61,5.0,991.3
2025-07-19T11:00+00:00,5925,1.4,40,5.4,991.0
2025-07-19T12:00+00:00,5925,1.0,153,4.8,990.5
2025-07-19T13:00+00:00,5925,0.7,99,5.3,989.8
2025-07-19T14:00+00:00,5925,2.3,70,6.3,989.3
2025-07-19T15:00+00:00,5925,1.9,37,5.9,988.9
2025-07-19T16:00+00:00,5925,2.1,126,7.3,988.6
2025-07-19T17:00+00:00,5925,2.6,135,7.0,988.4
2025-07-19T18:00+00:00,5925,3.1,117,5.6,988.2
2025-07-19T19:00+00:00,5925,2.0,127,4.4,988.2
2025-07-19T20:00+00:00,5925,1.4,72,3.0,988.9
2025-07-19T21:00+00:00,5925,2.0,47,4.7,989.1
2025-07-19T22:00+00:00,5925,0.4,3,2.1,989.2
2025-07-19T23:00+00:00,5925,1.5,228,3.1,989.5
2025-07-20T00:00+00:00,5925,2.3,215,3.4,989.1
2025-07-20T01:00+00:00,5925,1.8,219,3.6,989.2
2025-07-20T02:00+00:00,5925,2.6,233,6.6,989.0
2025-07-20T03:00+00:00,5925,2.6,232,6.5,988.6
2025-07-20T04:00+00:00,5925,1.6,214,3.1,988.7
2025-07-20T05:00+00:00,5925,1.2,186,4.9,989.0
2025-07-20T06:00+00:00,5925,1.1,224,4.1,989.1
2025-07-20T07:00+00:00,5925,0.6,289,4.8,988.9
2025-07-20T08:00+00:00,5925,2.2,283,5.7,988.6
2025-07-20T09:00+00:00,5925,1.1,226,4.8,988.2
2025-07-20T10:00+00:00,5925,0.3,168,4.3,988.1
2025-07-20T11:00+00:00,5925,1.1,287,4.9,987.8
2025-07-20T12:00+00:00,5925,0.8,79,4.3,987.4
2025-07-20T13:00+00:00,5925,1.6,152,4.9,986.9
2025-07-20T14:00+00:00,5925,1.4,98,4.7,986.6
2025-07-20T15:00+00:00,5925,2.3,54,5.5,986.3
2025-07-20T16:00+00:00,5925,1.9,88,5.1,985.8
2025-07-20T17:00+00:00,5925,3.1,108,6.3,985.6
2025-07-20T18:00+00:00,5925,3.6,137,7.3,985.6
2025-07-20T19:00+00:00,5925,3.0,141,6.9,985.7
2025-07-20T20:00+00:00,5925,3.1,134,5.6,985.8
2025-07-20T21:00+00:00,5925,3.1,133,6.7,985.8
2025-07-20T22:00+00:00,5925,1.7,135,4.6,985.6
2025-07-20T23:00+00:00,5925,1.7,119,3.7,985.3
2025-07-21T00:00+00:00,5925,0.5,152,2.8,985.2
2025-07-21T01:00+00:00,5925,1.0,95,2.8,984.8
2025-07-21T02:00+00:00,5925,2.0,47,3.4,984.6
2025-07-21T03:00+00:00,5925,1.9,47,3.3,984.5
2025-07-21T04:00+00:00,5925,1.8,48,3.2,984.6
2025-07-21T05:00+00:00,5925,0.5,251,3.2,985.4
2025-07-21T06:00+00:00,5925,1.2,282,6.1,985.4
2025-07-21T07:00+00:00,5925,3.2,283,8.5,985.3
2025-07-21T08:00+00:00,5925,1.3,282,5.5,984.8
2025-07-21T09:00+00:00,5925,1.3,305,5.4,984.7
2025-07-21T10:00+00:00,5925,1.0,303,5.0,984.3
2025-07-21T11:00+00:00,5925,0.9,23,5.6,983.8
2025-07-21T12:00+00:00,5925,1.3,112,5.6,982.7
2025-07-21T13:00+00:00,5925,1.6,64,6.6,982.4
2025-07-21T14:00+00:00,5925,1.9,77,5.8,981.9
2025-07-21T15:00+00:00,5925,2.2,260,15.9,982.9
2025-07-21T16:00+00:00,5925,8.9,271,20.5,983.8
2025-07-21T17:00+00:00,5925,9.8,274,21.6,985.2
2025-07-21T18:00+00:00,5925,6.6,263,17.6,986.4
2025-07-21T19:00+00:00,5925,7.1,278,17.1,987.6
2025-07-21T20:00+00:00,5925,6.0,272,13.7,988.4
2025-07-21T21:00+00:00,5925,5.1,273,12.2,988.5
2025-07-21T22:00+00:00,5925,5.8,274,13.8,988.8
2025-07-21T23:00+00:00,5925,4.8,280,10.9,988.8
2025-07-22T00:00+00:00,5925,4.4,272,11.7,989.1
2025-07-22T01:00+00:00,5925,4.7,288,10.9,989.5
2025-07-22T02:00+00:00,5925,1.5,301,5.7,989.2
2025-07-22T03:00+00:00,5925,2.6,271,7.2,989.7
2025-07-22T04:00+00:00,5925,3.4,281,8.2,989.9
2025-07-22T05:00+00:00,5925,3.5,274,7.6,990.2
2025-07-22T06:00+00:00,5925,3.3,278,7.6,990.4
2025-07-22T07:00+00:00,5925,4.8,272,10.8,990.7
2025-07-22T08:00+00:00,5925,5.5,272,13.3,991.2
2025-07-22T09:00+00:00,5925,6.8,283,17.2,991.5
2025-07-22T10:00+00:00,5925,6.1,266,14.7,991.8
2025-07-22T11:00+00:00,5925,6.3,259,14.0,991.9
2025-07-22T12:00+00:00,5925,5.9,259,12.8,991.6
2025-07-22T13:00+00:00,5925,5.4,282,12.5,991.2
2025-07-22T14:00+00:00,5925,5.2,281,11.8,990.9
2025-07-22T15:00+00:00,5925,5.5,279,11.9,990.7
2025-07-22T16:00+00:00,5925,5.0,266,11.9,991.0
2025-07-22T17:00+00:00,5925,5.0,249,11.2,991.3
2025-07-22T18:00+00:00,5925,3.3,287,8.7,991.8
2025-07-22T19:00+00:00,5925,1.8,288,6.1,992.2
2025-07-22T20:00+00:00,5925,3.3,254,7.7,993.1
2025-07-22T21:00+00:00,5925,3.6,274,7.8,993.3
2025-07-22T22:00+00:00,5925,4.7,277,9.6,993.5
2025-07-22T23:00+00:00,5925,4.3,288,7.8,993.5
2025-07-23T00:00+00:00,5925,2.3,281,5.7,993.7
2025-07-23T01:00+00:00,5925,1.7,219,3.2,993.6
2025-07-23T02:00+00:00,5925,1.8,270,3.8,993.7
2025-07-23T03:00+00:00,5925,1.8,285,4.9,994.0
2025-07-23T04:00+00:00,5925,2.0,254,4.3,994.2
2025-07-23T05:00+00:00,5925,1.9,288,4.0,994.4
2025-07-23T06:00+00:00,5925,2.3,284,4.8,994.4
2025-07-23T07:00+00:00,5925,1.5,258,4.4,994.4
2025-07-23T08:00+00:00,5925,2.6,258,6.9,994.5
2025-07-23T09:00+00:00,5925,2.7,228,7.9,994.2
2025-07-23T10:00+00:00,5925,2.7,168,5.6,994.0
2025-07-23T11:00+00:00,5925,2.0,180,4.3,993.5
2025-07-23T12:00+00:00,5925,1.4,181,4.6,992.9
2025-07-23T13:00+00:00,5925,1.3,107,8.4,992.1
2025-07-23T14:00+00:00,5925,3.3,168,8.4,991.5
2025-07-23T15:00+00:00,5925,2.6,141,7.1,991.0
2025-07-23T16:00+00:00,5925,2.2,114,6.7,990.5
2025-07-23T17:00+00:00,5925,3.2,61,6.1,990.3
2025-07-23T18:00+00:00,5925,2.8,63,5.9,990.4
2025-07-23T19:00+00:00,5925,2.3,63,5.1,990.7
2025-07-23T20:00+00:00,5925,1.1,46,2.8,991.0
2025-07-23T21:00+00:00,5925,0.7,251,5.1,991.4
2025-07-23T22:00+00:00,5925,1.4,269,4.3,991.4
2025-07-23T23:00+00:00,5925,1.1,280,3.2,991.3
2025-07-24T00:00+00:00,5925,1.4,222,2.5,991.2
2025-07-24T01:00+00:00,5925,2.0,233,4.1,991.2
2025-07-24T02:00+00:00,5925,2.4,293,7.4,990.9
2025-07-24T03:00+00:00,5925,2.1,299,4.7,990.7
2025-07-24T04:00+00:00,5925,1.1,237,3.3,990.7
2025-07-24T05:00+00:00,5925,1.5,211,2.8,990.8
2025-07-24T06:00+00:00,5925,1.1,204,2.7,991.0
2025-07-24T07:00+00:00,5925,1.2,33,3.8,991.1
2025-07-24T08:00+00:00,5925,1.6,42,4.9,991.0
2025-07-24T09:00+00:00,5925,2.2,96,6.1,990.8
2025-07-24T10:00+00:00,5925,2.3,84,6.9,990.7
2025-07-24T11:00+00:00,5925,1.9,113,5.9,990.3
2025-07-24T12:00+00:00,5925,1.3,96,5.4,989.9
2025-07-24T13:00+00:00,5925,2.2,102,7.0,989.1
2025-07-24T14:00+00:00,5925,3.3,162,7.5,988.8
2025-07-24T15:00+00:00,5925,2.2,296,14.7,990.2
2025-07-24T16:00+00:00,5925,5.1,304,15.3,990.0
2025-07-24T17:00+00:00,5925,3.2,327,9.2,990.5
2025-07-24T18:00+00:00,5925,3.0,320,7.3,992.1
2025-07-24T19:00+00:00,5925,3.6,292,7.2,991.8
2025-07-24T20:00+00:00,5925,4.0,279,8.9,992.3
2025-07-24T21:00+00:00,5925,3.8,287,8.8,992.4
2025-07-24T22:00+00:00,5925,4.4,282,9.6,992.9
2025-07-24T23:00+00:00,5925,4.7,281,10.0,993.4
2025-07-25T00:00+00:00,5925,5.2,281,9.4,993.5
2025-07-25T01:00+00:00,5925,3.0,288,8.7,993.4
2025-07-25T02:00+00:00,5925,3.3,278,7.0,993.2
2025-07-25T03:00+00:00,5925,4.3,291,8.4,993.7
2025-07-25T04:00+00:00,5925,3.8,284,7.6,994.0
2025-07-25T05:00+00:00,5925,3.6,290,7.9,994.1
2025-07-25T06:00+00:00,5925,3.0,280,6.9,994.3
2025-07-25T07:00+00:00,5925,3.2,305,6.2,994.0
2025-07-25T08:00+00:00,5925,1.8,292,5.3,994.0
2025-07-25T09:00+00:00,5925,1.6,295,5.7,994.3
2025-07-25T10:00+00:00,5925,0.5,314,3.5,994.2
2025-07-25T11:00+00:00,5925,0.7,187,4.2,993.8
2025-07-25T12:00+00:00,5925,1.3,139,4.3,993.3
2025-07-25T13:00+00:00,5925,1.7,129,6.2,992.9
2025-07-25T14:00+00:00,5925,2.3,68,5.8,993.1
2025-07-25T15:00+00:00,5925,1.3,128,4.3,992.7
2025-07-25T16:00+00:00,5925,0.7,100,3.0,992.2
2025-07-25T17:00+00:00,5925,1.0,76,2.7,992.4
2025-07-25T18:00+00:00,5925,0.4,160,2.4,992.3
2025-07-25T19:00+00:00,5925,1.8,323,4.2,993.0
2025-07-25T20:00+00:00,5925,0.9,331,2.8,992.4
2025-07-25T21:00+00:00,5925,1.2,228,2.9,992.7
2025-07-25T22:00+00:00,5925,2.4,215,4.6,992.9
2025-07-25T23:00+00:00,5925,2.4,225,4.6,993.0
2025-07-26T00:00+00:00,5925,1.8,265,4.1,992.6
2025-07-26T01:00+00:00,5925,3.4,284,7.7,992.7
2025-07-26T02:00+00:00,5925,3.7,284,7.7,993.0
2025-07-26T03:00+00:00,5925,2.0,289,6.7,992.1
2025-07-26T04:00+00:00,5925,1.7,256,4.1,992.2
2025-07-26T05:00+00:00,5925,1.6,299,4.6,991.8
2025-07-26T06:00+00:00,5925,2.3,296,5.9,991.8
2025-07-26T07:00+00:00,5925,2.8,306,6.5,992.9
2025-07-26T08:00+00:00,5925,2.1,322,5.9,992.2
2025-07-26T09:00+00:00,5925,1.7,318,3.8,992.1
2025-07-26T10:00+00:00,5925,2.8,304,6.5,992.5
2025-07-26T11:00+00:00,5925,2.8,327,6.0,992.6
2025-07-26T12:00+00:00,5925,2.8,327,5.8,991.9
2025-07-26T13:00+00:00,5925,2.6,332,6.9,991.5
2025-07-26T14:00+00:00,5925,2.0,325,5.5,990.9
2025-07-26T15:00+00:00,5925,1.3,293,5.4,991.4
2025-07-26T16:00+00:00,5925,2.7,273,6.4,990.3
2025-07-26T17:00+00:00,5925,2.7,317,5.5,989.9
2025-07-26T18:00+00:00,5925,2.5,295,5.3,989.7
2025-07-26T19:00+00:00,5925,3.2,292,6.2,990.1
2025-07-26T20:00+00:00,5925,3.5,303,6.8,990.3
2025-07-26T21:00+00:00,5925,3.4,304,6.5,990.1
2025-07-26T22:00+00:00,5925,2.6,294,6.0,990.0
2025-07-26T23:00+00:00,5925,2.4,302,5.1,989.8
2025-07-27T00:00+00:00,5925,3.1,314,6.8,989.3
2025-07-27T01:00+00:00,5925,3.6,319,7.0,988.8
2025-07-27T02:00+00:00,5925,3.8,313,8.7,988.4
2025-07-27T03:00+00:00,5925,3.9,310,8.1,988.5
2025-07-27T04:00+00:00,5925,3.8,307,7.6,988.4
2025-07-27T05:00+00:00,5925,3.6,316,9.3,987.7
2025-07-27T06:00+00:00,5925,4.7,318,10.3,987.8
2025-07-27T07:00+00:00,5925,5.0,319,11.3,988.1
2025-07-27T08:00+00:00,5925,5.5,317,12.3,988.0
2025-07-27T09:00+00:00,5925,4.8,322,12.0,988.2
2025-07-27T10:00+00:00,5925,4.6,321,12.6,987.7
2025-07-27T11:00+00:00,5925,5.3,319,12.4,988.0
2025-07-27T12:00+00:00,5925,6.2,318,13.5,987.6
2025-07-27T13:00+00:00,5925,5.5,316,13.1,987.6
2025-07-27T14:00+00:00,5925,4.7,323,9.1,987.6
2025-07-27T15:00+00:00,5925,4.6,328,10.0,987.5
2025-07-27T16:00+00:00,5925,4.5,327,9.9,987.1
2025-07-27T17:00+00:00,5925,3.4,304,7.2,987.3
2025-07-27T18:00+00:00,5925,4.4,294,8.5,987.3
2025-07-27T19:00+00:00,5925,3.7,289,7.7,987.1
2025-07-27T20:00+00:00,5925,3.9,281,8.6,987.3
2025-07-27T21:00+00:00,5925,5.2,278,11.4,987.3
2025-07-27T22:00+00:00,5925,5.1,274,11.1,987.4
2025-07-27T23:00+00:00,5925,5.0,284,10.0,987.1
2025-07-28T00:00+00:00,5925,4.9,279,11.2,986.7
2025-07-28T01:00+00:00,5925,5.1,274,11.6,986.4
2025-07-28T02:00+00:00,5925,4.6,273,10.0,986.2
2025-07-28T03:00+00:00,5925,5.1,279,10.8,986.2
2025-07-28T04:00+00:00,5925,5.4,279,10.6,986.0
2025-07-28T05:00+00:00,5925,5.9,276,11.9,986.5
2025-07-28T06:00+00:00,5925,5.9,273,13.1,986.7
2025-07-28T07:00+00:00,5925,6.0,276,12.3,986.8
2025-07-28T08:00+00:00,5925,5.9,283,12.1,986.9
2025-07-28T09:00+00:00,5925,6.6,282,12.6,987.1
2025-07-28T10:00+00:00,5925,6.0,277,11.6,987.3
2025-07-28T11:00+00:00,5925,5.4,283,11.8,987.0
2025-07-28T12:00+00:00,5925,5.9,282,11.4,986.7
2025-07-28T13:00+00:00,5925,5.8,286,13.0,986.5
2025-07-28T14:00+00:00,5925,6.2,288,13.3,986.0
2025-07-28T15:00+00:00,5925,6.0,294,12.3,986.9
2025-07-28T16:00+00:00,5925,5.1,293,10.4,987.3
2025-07-28T17:00+00:00,5925,5.5,286,11.3,987.6
2025-07-28T18:00+00:00,5925,5.1,298,11.3,988.4
2025-07-28T19:00+00:00,5925,4.7,292,10.8,988.8
2025-07-28T20:00+00:00,5925,5.4,297,11.4,989.6
2025-07-28T21:00+00:00,5925,4.0,304,9.0,989.9
2025-07-28T22:00+00:00,5925,5.1,304,11.5,990.1
2025-07-28T23:00+00:00,5925,5.1,311,13.4,990.2
2025-07-29T00:00+00:00,5925,5.7,308,13.6,990.4
2025-07-29T01:00+00:00,5925,5.4,309,11.1,990.9
2025-07-29T02:00+00:00,5925,4.7,308,12.0,991.1
2025-07-29T03:00+00:00,5925,5.7,304,12.0,991.8
2025-07-29T04:00+00:00,5925,6.2,299,11.5,992.5
2025-07-29T05:00+00:00,5925,4.5,313,9.9,992.9
2025-07-29T06:00+00:00,5925,5.6,304,12.2,992.9
2025-07-29T07:00+00:00,5925,6.7,302,13.4,993.1
2025-07-29T08:00+00:00,5925,6.4,309,14.0,993.2
2025-07-29T09:00+00:00,5925,5.4,306,12.3,993.2
2025-07-29T10:00+00:00,5925,5.3,302,13.3,993.3
2025-07-29T11:00+00:00,5925,4.4,287,8.6,993.3
2025-07-29T12:00+00:00,5925,5.7,291,12.8,992.9
2025-07-29T13:00+00:00,5925,6.6,282,14.4,993.1
2025-07-29T14:00+00:00,5925,6.5,280,14.1,993.0
2025-07-29T15:00+00:00,5925,5.7,288,12.7,993.3
2025-07-29T16:00+00:00,5925,5.1,297,12.7,993.8
2025-07-29T17:00+00:00,5925,4.6,283,11.5,994.3
2025-07-29T18:00+00:00,5925,5.1,277,11.0,994.5
2025-07-29T19:00+00:00,5925,4.6,278,9.7,994.9
2025-07-29T20:00+00:00,5925,5.8,276,12.3,995.3
2025-07-29T21:00+00:00,5925,5.4,271,11.6,995.4
2025-07-29T22:00+00:00,5925,5.3,273,11.8,995.4
2025-07-29T23:00+00:00,5925,6.0,275,12.4,995.3
2025-07-30T00:00+00:00,5925,5.9,276,12.1,995.4
2025-07-30T01:00+00:00,5925,5.9,279,11.5,995.4
2025-07-30T02:00+00:00,5925,5.6,286,12.2,995.1
2025-07-30T03:00+00:00,5925,5.0,289,9.8,995.5
2025-07-30T04:00+00:00,5925,4.7,276,9.8,995.6
2025-07-30T05:00+00:00,5925,4.9,287,9.6,995.9
2025-07-30T06:00+00:00,5925,5.3,283,10.3,996.2
2025-07-30T07:00+00:00,5925,4.6,278,11.2,996.5
2025-07-30T08:00+00:00,5925,4.4,288,9.9,996.3
2025-07-30T09:00+00:00,5925,3.7,277,8.7,996.2
2025-07-30T10:00+00:00,5925,3.4,276,8.1,996.2
2025-07-30T11:00+00:00,5925,4.1,297,8.6,995.7
2025-07-30T12:00+00:00,5925,3.9,293,8.7,995.4
2025-07-30T13:00+00:00,5925,3.6,280,8.6,995.3
2025-07-30T14:00+00:00,5925,3.4,303,9.3,995.1
2025-07-30T15:00+00:00,5925,3.1,309,7.9,994.7
2025-07-30T16:00+00:00,5925,2.7,314,6.2,994.5
2025-07-30T17:00+00:00,5925,2.0,309,5.2,994.5
2025-07-30T18:00+00:00,5925,2.1,291,4.4,994.9
2025-07-30T19:00+00:00,5925,3.9,313,10.6,995.9
2025-07-30T20:00+00:00,5925,3.9,296,8.4,996.2
2025-07-30T21:00+00:00,5925,2.3,265,5.1,996.3
2025-07-30T22:00+00:00,5925,2.0,231,5.4,996.2
2025-07-30T23:00+00:00,5925,1.9,243,4.7,995.9
2025-07-31T00:00+00:00,5925,2.3,263,7.3,995.8
2025-07-31T01:00+00:00,5925,4.5,270,12.0,995.8
2025-07-31T02:00+00:00,5925,5.1,273,11.4,995.9
2025-07-31T03:00+00:00,5925,4.7,271,9.7,995.9
2025-07-31T04:00+00:00,5925,4.0,273,9.8,996.2
2025-07-31T05:00+00:00,5925,4.4,252,10.4,996.3
2025-07-31T06:00+00:00,5925,4.7,267,10.5,996.4
2025-07-31T07:00+00:00,5925,4.4,273,9.8,996.5
2025-07-31T08:00+00:00,5925,5.1,272,11.0,996.5
2025-07-31T09:00+00:00,5925,5.4,268,14.1,996.4
2025-07-31T10:00+00:00,5925,5.1,268,13.1,995.8
2025-07-31T11:00+00:00,5925,6.2,272,13.6,995.5
2025-07-31T12:00+00:00,5925,4.9,263,14.2,994.9
2025-07-31T13:00+00:00,5925,5.2,259,13.2,994.5
2025-07-31T14:00+00:00,5925,4.1,271,12.4,993.8
2025-07-31T15:00+00:00,5925,5.2,270,11.7,993.7
2025-07-31T16:00+00:00,5925,5.4,274,11.4,993.7
2025-07-31T17:00+00:00,5925,4.4,291,10.1,994.0
2025-07-31T18:00+00:00,5925,3.6,281,9.7,994.1
2025-07-31T19:00+00:00,5925,2.7,248,6.9,994.5
2025-07-31T20:00+00:00,5925,3.7,244,9.1,994.9
2025-07-31T21:00+00:00,5925,3.9,244,8.8,994.9
2025-07-31T22:00+00:00,5925,3.5,258,8.9,994.9
2025-07-31T23:00+00:00,5925,4.2,247,9.8,994.7
2025-08-01T00:00+00:00,5925,3.5,237,8.2,994.5
2025-08-01T01:00+00:00,5925,2.2,239,4.4,994.2
2025-08-01T02:00+00:00,5925,2.0,239,3.6,993.8
2025-08-01T03:00+00:00,5925,0.9,262,2.5,993.7
2025-08-01T04:00+00:00,5925,1.6,218,3.0,993.6
2025-08-01T05:00+00:00,5925,2.2,222,3.8,993.4
2025-08-01T06:00+00:00,5925,1.6,231,3.7,993.2
2025-08-01T07:00+00:00,5925,1.7,211,5.1,993.0
2025-08-01T08:00+00:00,5925,2.6,198,6.0,992.7
2025-08-01T09:00+00:00,5925,2.4,188,6.4,992.5
2025-08-01T10:00+00:00,5925,2.8,188,7.3,992.3
2025-08-01T11:00+00:00,5925,1.6,281,5.7,991.8
2025-08-01T12:00+00:00,5925,3.4,283,8.9,991.6
2025-08-01T13:00+00:00,5925,5.0,268,13.7,991.6
2025-08-01T14:00+00:00,5925,2.5,267,9.1,991.2
2025-08-01T15:00+00:00,5925,1.8,257,6.7,990.7
2025-08-01T16:00+00:00,5925,4.2,241,8.9,991.1
2025-08-01T17:00+00:00,5925,6.2,221,11.2,991.2
2025-08-01T18:00+00:00,5925,4.6,209,8.5,991.4
2025-08-01T19:00+00:00,5925,3.2,203,7.0,991.3
2025-08-01T20:00+00:00,5925,2.6,202,5.3,991.2
2025-08-01T21:00+00:00,5925,2.0,191,4.3,991.5
2025-08-01T22:00+00:00,5925,2.2,183,4.6,991.4
2025-08-01T23:00+00:00,5925,2.0,210,4.7,991.3
2025-08-02T00:00+00:00,5925,1.8,220,3.7,991.2
2025-08-02T01:00+00:00,5925,2.4,218,3.9,991.2
2025-08-02T02:00+00:00,5925,2.8,221,4.9,990.9
2025-08-02T03:00+00:00,5925,2.0,216,3.5,991.2
2025-08-02T04:00+00:00,5925,1.6,216,3.6,991.2
2025-08-02T05:00+00:00,5925,1.0,198,2.3,991.1
2025-08-02T06:00+00:00,5925,0.2,201,1.8,991.1
2025-08-02T07:00+00:00,5925,1.5,90,4.8,991.1
2025-08-02T08:00+00:00,5925,0.9,101,4.1,991.2
2025-08-02T09:00+00:00,5925,1.9,125,5.9,991.1
2025-08-02T10:00+00:00,5925,1.8,128,7.5,990.8
2025-08-02T11:00+00:00,5925,2.4,119,6.7,990.4
2025-08-02T12:00+00:00,5925,3.4,145,8.4,990.2
2025-08-02T13:00+00:00,5925,3.8,137,8.4,989.9
2025-08-02T14:00+00:00,5925,3.9,138,10.5,989.9
2025-08-02T15:00+00:00,5925,4.4,148,8.7,989.9
2025-08-02T16:00+00:00,5925,3.0,152,7.3,989.5
2025-08-02T17:00+00:00,5925,2.5,163,5.8,989.6
2025-08-02T18:00+00:00,5925,2.2,186,4.5,989.9
2025-08-02T19:00+00:00,5925,5.5,275,12.9,990.9
2025-08-02T20:00+00:00,5925,5.3,266,12.3,991.3
2025-08-02T21:00+00:00,5925,4.6,267,12.5,992.2
2025-08-02T22:00+00:00,5925,4.4,272,10.0,992.4
2025-08-02T23:00+00:00,5925,4.5,273,10.0,992.9
2025-08-03T00:00+00:00,5925,4.0,276,9.4,992.6
2025-08-03T01:00+00:00,5925,4.1,281,8.4,992.9
2025-08-03T02:00+00:00,5925,4.7,282,11.4,993.2
2025-08-03T03:00+00:00,5925,4.6,276,9.2,993.4
2025-08-03T04:00+00:00,5925,5.2,279,10.5,993.7
2025-08-03T05:00+00:00,5925,5.2,282,10.3,994.1
2025-08-03T06:00+00:00,5925,4.2,282,10.1,994.4
2025-08-03T07:00+00:00,5925,5.7,276,12.8,994.6
2025-08-03T08:00+00:00,5925,6.2,277,12.0,995.2
2025-08-03T09:00+00:00,5925,6.0,281,12.1,995.3
2025-08-03T10:00+00:00,5925,6.3,283,12.0,995.6
2025-08-03T11:00+00:00,5925,5.2,281,11.6,995.8
2025-08-03T12:00+00:00,5925,5.6,288,12.2,995.4
2025-08-03T13:00+00:00,5925,5.8,286,13.7,995.7
2025-08-03T14:00+00:00,5925,5.0,273,11.5,995.6
2025-08-03T15:00+00:00,5925,5.6,281,11.4,995.5
2025-08-03T16:00+00:00,5925,6.6,289,14.1,995.7
2025-08-03T17:00+00:00,5925,6.3,288,12.2,996.3
2025-08-03T18:00+00:00,5925,4.6,316,11.2,996.9
2025-08-03T19:00+00:00,5925,4.4,291,9.5,997.5
2025-08-03T20:00+00:00,5925,4.8,285,10.9,998.1
2025-08-03T21:00+00:00,5925,5.0,282,10.2,998.6
2025-08-03T22:00+00:00,5925,5.9,280,11.4,998.5
2025-08-03T23:00+00:00,5925,4.8,276,9.7,999.1
2025-08-04T00:00+00:00,5925,5.0,275,11.0,998.8
2025-08-04T01:00+00:00,5925,4.7,278,10.1,998.2
2025-08-04T02:00+00:00,5925,4.9,277,11.2,998.7
2025-08-04T03:00+00:00,5925,5.0,280,11.1,998.8
2025-08-04T04:00+00:00,5925,5.3,287,10.6,999.0
2025-08-04T05:00+00:00,5925,4.7,287,9.2,999.5
2025-08-04T06:00+00:00,5925,5.2,289,11.4,999.7
2025-08-04T07:00+00:00,5925,6.3,284,13.1,999.8
2025-08-04T08:00+00:00,5925,5.8,287,12.4,999.8
2025-08-04T09:00+00:00,5925,5.2,294,11.3,999.8
2025-08-04T10:00+00:00,5925,4.9,281,11.4,999.6
2025-08-04T11:00+00:00,5925,4.0,288,9.9,999.2
2025-08-04T12:00+00:00,5925,4.3,278,9.5,998.9
2025-08-04T13:00+00:00,5925,4.8,295,11.4,998.7
2025-08-04T14:00+00:00,5925,5.9,286,12.9,999.0
2025-08-04T15:00+00:00,5925,6.8,295,14.0,999.9
2025-08-04T16:00+00:00,5925,4.6,278,11.9,999.9
2025-08-04T17:00+00:00,5925,3.9,273,8.8,999.7
2025-08-04T18:00+00:00,5925,4.5,282,9.7,999.6
2025-08-04T19:00+00:00,5925,4.6,282,9.1,999.9
2025-08-04T20:00+00:00,5925,4.9,283,12.7,1000.0
2025-08-04T21:00+00:00,5925,4.5,289,9.7,1000.7
2025-08-04T22:00+00:00,5925,3.9,283,8.1,1000.4
2025-08-04T23:00+00:00,5925,3.2,292,6.8,1000.3
2025-08-05T00:00+00:00,5925,3.2,287,7.0,1000.1
2025-08-05T01:00+00:00,5925,3.5,288,8.0,999.8
2025-08-05T02:00+00:00,5925,3.3,286,6.5,999.7
2025-08-05T03:00+00:00,5925,2.7,286,6.1,999.8
2025-08-05T04:00+00:00,5925,1.5,283,4.1,999.6
2025-08-05T05:00+00:00,5925,2.0,286,4.8,999.5
2025-08-05T06:00+00:00,5925,1.4,223,3.4,999.7
2025-08-05T07:00+00:00,5925,1.6,312,5.0,999.7
2025-08-05T08:00+00:00,5925,0.9,299,4.6,999.3
2025-08-05T09:00+00:00,5925,1.7,215,5.5,998.9
2025-08-05T10:00+00:00,5925,2.2,268,5.7,998.4
2025-08-05T11:00+00:00,5925,2.3,260,7.7,997.8
2025-08-05T12:00+00:00,5925,1.8,238,6.4,997.1
2025-08-05T13:00+00:00,5925,0.7,297,5.6,996.7
2025-08-05T14:00+00:00,5925,2.4,109,6.5,996.2
2025-08-05T15:00+00:00,5925,3.1,121,7.7,995.8
2025-08-05T16:00+00:00,5925,2.2,169,6.4,995.5
2025-08-05T17:00+00:00,5925,3.6,165,7.0,995.5
2025-08-05T18:00+00:00,5925,3.9,172,7.5,995.4
2025-08-05T19:00+00:00,5925,2.4,190,5.1,995.7
2025-08-05T20:00+00:00,5925,1.3,211,3.5,996.3
2025-08-05T21:00+00:00,5925,1.5,256,4.1,996.8
2025-08-05T22:00+00:00,5925,5.2,309,17.6,998.8
2025-08-05T23:00+00:00,5925,4.0,287,9.5,999.2
2025-08-06T00:00+00:00,5925,4.6,289,10.4,999.7
2025-08-06T01:00+00:00,5925,5.1,302,13.0,1000.2
2025-08-06T02:00+00:00,5925,5.6,308,11.6,1001.0
2025-08-06T03:00+00:00,5925,5.6,301,11.8,1001.5
2025-08-06T04:00+00:00,5925,4.0,297,9.2,1002.4
2025-08-06T05:00+00:00,5925,2.4,303,7.4,1002.7
2025-08-06T06:00+00:00,5925,3.1,318,8.7,1003.0
2025-08-06T07:00+00:00,5925,4.3,320,13.6,1003.3
2025-08-06T08:00+00:00,5925,5.6,312,12.2,1003.6
2025-08-06T09:00+00:00,5925,5.3,311,11.7,1003.6
2025-08-06T10:00+00:00,5925,6.2,316,14.3,1003.5
2025-08-06T11:00+00:00,5925,6.8,323,12.9,1003.5
2025-08-06T12:00+00:00,5925,6.4,324,14.1,1003.1
2025-08-06T13:00+00:00,5925,5.6,321,13.0,1002.6
2025-08-06T14:00+00:00,5925,4.9,328,11.3,1002.4
2025-08-06T15:00+00:00,5925,4.5,321,12.4,1002.1
2025-08-06T16:00+00:00,5925,3.5,320,8.8,1001.8
2025-08-06T17:00+00:00,5925,3.5,333,7.2,1001.5
2025-08-06T18:00+00:00,5925,2.5,341,6.4,1001.6
2025-08-06T19:00+00:00,5925,1.4,345,4.5,1002.1
2025-08-06T20:00+00:00,5925,0.8,249,2.5,1002.3
2025-08-06T21:00+00:00,5925,1.2,214,3.9,1002.6
2025-08-06T22:00+00:00,5925,2.3,216,4.4,1002.6
2025-08-06T23:00+00:00,5925,0.4,348,4.1,1002.6
2025-08-07T00:00+00:00,5925,1.5,43,2.7,1002.4
2025-08-07T01:00+00:00,5925,0.5,88,2.7,1002.3
2025-08-07T02:00+00:00,5925,1.6,222,2.8,1002.1
2025-08-07T03:00+00:00,5925,0.5,63,2.8,1001.9
2025-08-07T04:00+00:00,5925,0.7,79,3.3,1001.8
2025-08-07T05:00+00:00,5925,1.0,202,2.5,1001.8
2025-08-07T06:00+00:00,5925,1.4,106,5.0,1001.6
2025-08-07T07:00+00:00,5925,2.3,104,6.3,1001.4
2025-08-07T08:00+00:00,5925,4.0,130,8.7,1000.8
2025-08-07T09:00+00:00,5925,5.4,134,11.9,1000.5
2025-08-07T10:00+00:00,5925,5.5,138,11.3,1000.2
2025-08-07T11:00+00:00,5925,5.9,142,12.9,999.8
2025-08-07T12:00+00:00,5925,5.0,149,11.2,999.7
2025-08-07T13:00+00:00,5925,4.6,144,10.9,999.0
2025-08-07T14:00+00:00,5925,4.3,151,10.9,998.8
2025-08-07T15:00+00:00,5925,4.7,129,10.4,998.5
2025-08-07T16:00+00:00,5925,4.4,138,8.9,998.2
2025-08-07T17:00+00:00,5925,4.5,141,9.0,998.0
2025-08-07T18:00+00:00,5925,3.5,143,8.5,997.9
2025-08-07T19:00+00:00,5925,3.2,144,6.8,998.1
2025-08-07T20:00+00:00,5925,1.7,149,4.0,998.2
2025-08-07T21:00+00:00,5925,1.8,180,4.0,998.4
2025-08-07T22:00+00:00,5925,1.7,188,4.2,998.1
2025-08-07T23:00+00:00,5925,1.6,221,2.8,998.5
2025-08-08T00:00+00:00,5925,1.2,216,2.4,998.5
2025-08-08T01:00+00:00,5925,1.1,213,2.0,998.6
2025-08-08T02:00+00:00,5925,0.7,217,1.8,998.6
2025-08-08T03:00+00:00,5925,0.8,330,2.4,998.5
2025-08-08T04:00+00:00,5925,0.9,332,2.4,998.8
2025-08-08T05:00+00:00,5925,1.1,54,2.2,999.2
2025-08-08T06:00+00:00,5925,0.6,79,2.3,999.1
2025-08-08T07:00+00:00,5925,0.9,67,3.0,999.6
2025-08-08T08:00+00:00,5925,0.9,80,3.2,999.8
2025-08-08T09:00+00:00,5925,1.1,94,3.6,999.9
2025-08-08T10:00+00:00,5925,1.6,112,5.4,999.5
2025-08-08T11:00+00:00,5925,1.9,130,6.3,998.9
2025-08-08T12:00+00:00,5925,2.5,183,7.3,998.7
2025-08-08T13:00+00:00,5925,2.4,250,7.9,998.2
2025-08-08T14:00+00:00,5925,4.0,279,11.2,998.0
2025-08-08T15:00+00:00,5925,4.2,259,10.2,997.7
2025-08-08T16:00+00:00,5925,4.8,242,10.3,997.6
2025-08-08T17:00+00:00,5925,4.1,231,9.1,997.6
2025-08-08T18:00+00:00,5925,2.7,220,5.5,997.7
2025-08-08T19:00+00:00,5925,2.4,225,4.3,998.5
2025-08-08T20:00+00:00,5925,2.3,225,4.1,998.7
2025-08-08T21:00+00:00,5925,2.2,224,3.7,998.8
2025-08-08T22:00+00:00,5925,1.9,208,3.7,998.7
2025-08-08T23:00+00:00,5925,1.2,217,2.4,999.0
2025-08-09T00:00+00:00,5925,1.9,213,4.7,999.1
2025-08-09T01:00+00:00,5925,2.6,225,4.6,999.2
2025-08-09T02:00+00:00,5925,2.7,231,4.9,999.3
2025-08-09T03:00+00:00,5925,2.3,255,4.9,999.2
2025-08-09T04:00+00:00,5925,2.4,230,5.6,999.7
2025-08-09T05:00+00:00,5925,0.8,74,2.4,1000.0
2025-08-09T06:00+00:00,5925,0.5,117,2.0,1000.3
2025-08-09T07:00+00:00,5925,0.6,24,3.0,1000.3
2025-08-09T08:00+00:00,5925,0.6,62,3.1,1000.5
2025-08-09T09:00+00:00,5925,1.2,72,3.2,1000.4
2025-08-09T10:00+00:00,5925,1.5,74,4.5,1000.2
2025-08-09T11:00+00:00,5925,2.2,55,6.1,1000.0
2025-08-09T12:00+00:00,5925,1.5,124,5.4,999.8
2025-08-09T13:00+00:00,5925,1.8,91,5.7,999.5
2025-08-09T14:00+00:00,5925,1.8,79,6.0,999.0
2025-08-09T15:00+00:00,5925,2.3,79,5.7,998.7
2025-08-09T16:00+00:00,5925,1.9,107,6.1,998.6
2025-08-09T17:00+00:00,5925,2.7,116,5.4,998.6
2025-08-09T18:00+00:00,5925,2.4,121,5.0,998.6
2025-08-09T19:00+00:00,5925,1.5,129,3.4,999.0
2025-08-09T20:00+00:00,5925,1.1,151,2.0,999.2
2025-08-09T21:00+00:00,5925,1.8,212,3.0,999.2
2025-08-09T22:00+00:00,5925,2.3,225,3.8,999.2
2025-08-09T23:00+00:00,5925,1.9,217,3.6,999.0
2025-08-10T00:00+00:00,5925,1.5,213,3.2,998.8
2025-08-10T01:00+00:00,5925,1.2,208,2.7,998.8
2025-08-10T02:00+00:00,5925,1.0,203,2.4,998.8
2025-08-10T03:00+00:00,5925,1.4,208,2.7,999.0
2025-08-10T04:00+00:00,5925,2.2,215,4.0,998.9
2025-08-10T05:00+00:00,5925,1.6,220,4.2,999.2
2025-08-10T06:00+00:00,5925,0.7,218,1.9,999.5
2025-08-10T07:00+00:00,5925,0.3,204,2.3,999.6
2025-08-10T08:00+00:00,5925,1.4,327,8.0,1000.0
2025-08-10T09:00+00:00,5925,3.8,282,7.3,999.9
2025-08-10T10:00+00:00,5925,3.5,282,8.0,1000.0
2025-08-10T11:00+00:00,5925,3.6,290,9.0,1000.0
2025-08-10T12:00+00:00,5925,4.2,307,10.4,1000.1
2025-08-10T13:00+00:00,5925,4.1,305,10.4,999.9
2025-08-10T14:00+00:00,5925,4.4,299,10.7,999.9
2025-08-10T15:00+00:00,5925,4.7,309,10.7,1000.1
2025-08-10T16:00+00:00,5925,4.6,330,10.6,999.9
2025-08-10T17:00+00:00,5925,4.3,334,9.2,1000.3
2025-08-10T18:00+00:00,5925,4.7,333,9.4,1000.8
2025-08-10T19:00+00:00,5925,4.6,333,10.5,1002.0
2025-08-10T20:00+00:00,5925,4.7,332,10.9,1002.5
2025-08-10T21:00+00:00,5925,4.7,331,9.4,1003.3
2025-08-10T22:00+00:00,5925,4.7,332,10.1,1003.8
2025-08-10T23:00+00:00,5925,4.3,331,8.7,1004.4
2025-08-11T00:00+00:00,5925,3.8,332,7.4,1004.6
2025-08-11T01:00+00:00,5925,3.2,335,6.9,1004.9
2025-08-11T02:00+00:00,5925,4.2,334,8.3,1005.2
2025-08-11T03:00+00:00,5925,3.1,334,8.2,1005.1
2025-08-11T04:00+00:00,5925,3.3,330,8.0,1005.1
2025-08-11T05:00+00:00,5925,3.1,329,6.1,1005.2
2025-08-11T06:00+00:00,5925,3.0,331,6.9,1005.2
2025-08-11T07:00+00:00,5925,3.3,342,7.4,1005.3
2025-08-11T08:00+00:00,5925,2.7,17,7.1,1005.3
2025-08-11T09:00+00:00,5925,2.4,38,7.3,1004.9
2025-08-11T10:00+00:00,5925,1.8,29,6.7,1004.3
2025-08-11T11:00+00:00,5925,1.8,25,6.7,1003.8
2025-08-11T12:00+00:00,5925,1.9,23,6.8,1003.2
2025-08-11T13:00+00:00,5925,2.4,27,6.5,1002.3
2025-08-11T14:00+00:00,5925,2.2,35,7.2,1001.6
2025-08-11T15:00+00:00,5925,2.5,38,7.0,1001.0
2025-08-11T16:00+00:00,5925,2.3,24,6.4,1000.4
2025-08-11T17:00+00:00,5925,2.6,31,6.7,1000.4
2025-08-11T18:00+00:00,5925,2.7,15,7.0,1000.5
2025-08-11T19:00+00:00,5925,2.3,3,6.6,1001.0
2025-08-11T20:00+00:00,5925,2.3,355,5.3,1001.1
2025-08-11T21:00+00:00,5925,2.0,342,4.9,1001.2
2025-08-11T22:00+00:00,5925,1.7,356,4.6,1001.2
2025-08-11T23:00+00:00,5925,1.5,336,4.5,1001.3
2025-08-12T00:00+00:00,5925,1.0,341,4.4,1001.1
2025-08-12T01:00+00:00,5925,0.7,226,2.0,1001.0
2025-08-12T02:00+00:00,5925,1.4,207,2.9,1001.1
2025-08-12T03:00+00:00,5925,0.4,205,2.4,1001.1
2025-08-12T04:00+00:00,5925,1.1,213,2.7,1001.2
2025-08-12T05:00+00:00,5925,1.4,214,3.2,1001.2
2025-08-12T06:00+00:00,5925,0.8,209,3.4,1001.2
2025-08-12T07:00+00:00,5925,1.6,51,4.2,1001.1
2025-08-12T08:00+00:00,5925,1.7,57,4.4,1001.2
2025-08-12T09:00+00:00,5925,2.2,51,5.9,1001.0
2025-08-12T10:00+00:00,5925,2.6,75,6.8,1000.8
2025-08-12T11:00+00:00,5925,2.6,87,6.9,1000.2
2025-08-12T12:00+00:00,5925,3.0,100,8.2,999.7
2025-08-12T13:00+00:00,5925,3.2,121,7.6,999.2
2025-08-12T14:00+00:00,5925,3.1,112,8.5,998.8
2025-08-12T15:00+00:00,5925,2.8,143,6.7,998.2
2025-08-12T16:00+00:00,5925,2.4,125,6.9,997.8
2025-08-12T17:00+00:00,5925,3.6,73,7.8,997.6
2025-08-12T18:00+00:00,5925,3.1,74,7.8,997.6
2025-08-12T19:00+00:00,5925,3.0,64,7.1,997.9
2025-08-12T20:00+00:00,5925,1.3,93,4.4,997.8
2025-08-12T21:00+00:00,5925,0.8,97,2.7,997.9
2025-08-12T22:00+00:00,5925,1.7,133,4.6,997.8
2025-08-12T23:00+00:00,5925,0.7,148,3.4,997.6
2025-08-13T00:00+00:00,5925,1.6,147,4.8,997.5
2025-08-13T01:00+00:00,5925,1.7,133,3.6,997.1
2025-08-13T02:00+00:00,5925,1.7,149,4.2,996.9
2025-08-13T03:00+00:00,5925,2.3,145,5.2,996.9
2025-08-13T04:00+00:00,5925,1.7,136,4.7,997.0
2025-08-13T05:00+00:00,5925,1.1,82,4.8,997.4
2025-08-13T06:00+00:00,5925,1.2,63,3.3,997.7
2025-08-13T07:00+00:00,5925,1.5,55,3.6,997.7
2025-08-13T08:00+00:00,5925,1.1,115,4.8,997.7
2025-08-13T09:00+00:00,5925,1.9,147,4.7,997.5
2025-08-13T10:00+00:00,5925,2.6,149,6.9,997.3
2025-08-13T11:00+00:00,5925,2.3,160,7.0,996.9
2025-08-13T12:00+00:00,5925,2.6,155,7.0,996.5
2025-08-13T13:00+00:00,5925,2.6,166,7.5,996.2
2025-08-13T14:00+00:00,5925,3.1,147,9.5,995.9
2025-08-13T15:00+00:00,5925,3.4,152,8.5,995.8
2025-08-13T16:00+00:00,5925,3.7,134,8.0,995.6
2025-08-13T17:00+00:00,5925,3.6,137,7.5,995.6
2025-08-13T18:00+00:00,5925,3.3,143,7.3,995.7
2025-08-13T19:00+00:00,5925,2.9,132,6.0,996.2
2025-08-13T20:00+00:00,5925,2.6,133,5.0,996.3
2025-08-13T21:00+00:00,5925,1.2,150,3.5,996.5
2025-08-13T22:00+00:00,5925,1.1,163,3.8,996.6
2025-08-13T23:00+00:00,5925,0.7,109,2.1,996.6
2025-08-14T00:00+00:00,5925,0.7,52,1.9,996.5
2025-08-14T01:00+00:00,5925,1.0,4,3.2,996.7
2025-08-14T02:00+00:00,5925,0.9,358,3.1,996.7
2025-08-14T03:00+00:00,5925,0.2,47,1.8,996.8
2025-08-14T04:00+00:00,5925,0.8,207,1.9,997.1
2025-08-14T05:00+00:00,5925,0.9,158,4.3,997.7
2025-08-14T06:00+00:00,5925,1.3,139,3.7,998.0
2025-08-14T07:00+00:00,5925,1.3,131,3.7,998.2
2025-08-14T08:00+00:00,5925,2.3,122,5.7,998.4
2025-08-14T09:00+00:00,5925,2.6,141,6.0,998.5
2025-08-14T10:00+00:00,5925,2.7,124,7.2,998.5
2025-08-14T11:00+00:00,5925,2.7,123,7.4,998.0
2025-08-14T12:00+00:00,5925,3.1,121,8.1,997.8
2025-08-14T13:00+00:00,5925,2.9,118,7.3,997.6
2025-08-14T14:00+00:00,5925,3.0,68,8.0,997.4
2025-08-14T15:00+00:00,5925,2.6,86,7.3,997.3
2025-08-14T16:00+00:00,5925,2.3,95,6.1,997.0
2025-08-14T17:00+00:00,5925,2.3,96,5.0,997.0
2025-08-14T18:00+00:00,5925,2.0,92,4.3,997.4
2025-08-14T19:00+00:00,5925,1.2,64,2.9,997.9
2025-08-14T20:00+00:00,5925,1.5,223,3.0,998.1
2025-08-14T21:00+00:00,5925,2.3,216,3.5,998.4
2025-08-14T22:00+00:00,5925,2.3,214,3.7,998.7
2025-08-14T23:00+00:00,5925,2.0,216,3.1,998.7
2025-08-15T00:00+00:00,5925,2.4,217,3.5,998.7
2025-08-15T01:00+00:00,5925,1.7,216,3.9,998.8
2025-08-15T02:00+00:00,5925,1.9,217,3.2,998.7
2025-08-15T03:00+00:00,5925,1.2,203,2.4,998.9
2025-08-15T04:00+00:00,5925,1.3,214,2.5,998.9
2025-08-15T05:00+00:00,5925,0.9,196,2.5,999.3
2025-08-15T06:00+00:00,5925,1.6,215,3.4,999.5
2025-08-15T07:00+00:00,5925,0.7,206,2.6,999.5
2025-08-15T08:00+00:00,5925,0.2,96,2.4,999.5
2025-08-15T09:00+00:00,5925,0.7,102,3.3,999.3
2025-08-15T10:00+00:00,5925,1.2,64,3.8,999.2
2025-08-15T11:00+00:00,5925,0.9,21,5.0,998.8
2025-08-15T12:00+00:00,5925,1.1,88,4.8,998.2
2025-08-15T13:00+00:00,5925,0.6,78,5.1,997.7
2025-08-15T14:00+00:00,5925,1.5,42,6.8,997.1
2025-08-15T15:00+00:00,5925,2.1,56,6.2,996.7
2025-08-15T16:00+00:00,5925,1.7,340,5.4,996.3
2025-08-15T17:00+00:00,5925,2.9,327,6.2,996.2
2025-08-15T18:00+00:00,5925,2.0,330,4.3,996.2
2025-08-15T19:00+00:00,5925,1.9,235,5.3,996.5
2025-08-15T20:00+00:00,5925,2.2,219,5.3,996.6
2025-08-15T21:00+00:00,5925,2.1,224,3.2,996.7
2025-08-15T22:00+00:00,5925,2.6,216,4.0,996.7
2025-08-15T23:00+00:00,5925,2.6,217,4.6,996.6
2025-08-16T00:00+00:00,5925,2.9,215,4.5,996.3
2025-08-16T01:00+00:00,5925,2.4,215,3.9,995.9
2025-08-16T02:00+00:00,5925,2.5,217,3.9,995.7
2025-08-16T03:00+00:00,5925,1.3,197,2.8,995.6
2025-08-16T04:00+00:00,5925,1.1,174,2.4,995.7
2025-08-16T05:00+00:00,5925,1.5,200,3.8,995.6
2025-08-16T06:00+00:00,5925,1.7,266,6.8,995.8
2025-08-16T07:00+00:00,5925,2.4,260,7.7,995.7
2025-08-16T08:00+00:00,5925,4.4,280,10.6,995.9
2025-08-16T09:00+00:00,5925,6.7,297,14.3,996.0
2025-08-16T10:00+00:00,5925,6.1,290,11.8,995.8
2025-08-16T11:00+00:00,5925,4.8,288,10.2,995.6
2025-08-16T12:00+00:00,5925,3.8,308,9.8,994.8
2025-08-16T13:00+00:00,5925,5.5,308,12.5,994.4
2025-08-16T14:00+00:00,5925,5.5,299,13.2,994.3
2025-08-16T15:00+00:00,5925,5.6,300,12.6,993.8
2025-08-16T16:00+00:00,5925,5.2,309,10.4,994.4
2025-08-16T17:00+00:00,5925,5.2,310,11.3,994.2
2025-08-16T18:00+00:00,5925,4.6,299,9.4,994.5
2025-08-16T19:00+00:00,5925,4.5,302,9.3,995.2
2025-08-16T20:00+00:00,5925,4.5,300,8.4,995.1
2025-08-16T21:00+00:00,5925,4.4,297,10.1,995.3
2025-08-16T22:00+00:00,5925,3.9,311,9.7,995.4
2025-08-16T23:00+00:00,5925,5.5,313,11.5,995.5
2025-08-17T00:00+00:00,5925,5.5,315,11.1,995.5
2025-08-17T01:00+00:00,5925,4.1,313,8.7,995.4
2025-08-17T02:00+00:00,5925,4.1,311,10.5,995.2
2025-08-17T03:00+00:00,5925,4.4,322,10.5,995.1
2025-08-17T04:00+00:00,5925,4.6,318,10.1,994.8
2025-08-17T05:00+00:00,5925,4.9,309,11.1,995.3
2025-08-17T06:00+00:00,5925,4.7,312,10.2,995.6
2025-08-17T07:00+00:00,5925,3.5,316,8.1,995.7
2025-08-17T08:00+00:00,5925,3.8,308,8.3,995.7
2025-08-17T09:00+00:00,5925,2.7,319,7.7,995.5
2025-08-17T10:00+00:00,5925,3.5,320,9.3,995.1
2025-08-17T11:00+00:00,5925,3.9,325,9.5,994.7
2025-08-17T12:00+00:00,5925,4.4,328,9.3,994.3
2025-08-17T13:00+00:00,5925,4.2,329,9.1,994.0
2025-08-17T14:00+00:00,5925,4.9,331,10.5,993.4
2025-08-17T15:00+00:00,5925,4.2,331,9.9,993.2
2025-08-17T16:00+00:00,5925,4.2,331,9.3,993.2
2025-08-17T17:00+00:00,5925,4.8,335,10.8,993.4
2025-08-17T18:00+00:00,5925,4.6,338,11.1,994.1
2025-08-17T19:00+00:00,5925,3.6,335,7.5,994.8
2025-08-17T20:00+00:00,5925,4.3,333,9.5,995.5
2025-08-17T21:00+00:00,5925,4.6,335,10.5,996.3
2025-08-17T22:00+00:00,5925,4.1,336,9.0,996.6
2025-08-17T23:00+00:00,5925,3.1,330,8.4,996.9
2025-08-18T00:00+00:00,5925,2.8,317,6.1,997.0
2025-08-18T01:00+00:00,5925,2.9,304,6.1,997.1
2025-08-18T02:00+00:00,5925,1.8,311,5.1,997.1
2025-08-18T03:00+00:00,5925,3.2,309,6.9,997.3
2025-08-18T04:00+00:00,5925,3.2,304,6.4,997.6
2025-08-18T05:00+00:00,5925,2.7,291,5.4,997.8
2025-08-18T06:00+00:00,5925,2.8,314,5.6,998.2
2025-08-18T07:00+00:00,5925,2.7,319,6.1,998.5
2025-08-18T08:00+00:00,5925,2.1,2,6.3,998.7
2025-08-18T09:00+00:00,5925,2.0,10,5.9,998.5
2025-08-18T10:00+00:00,5925,2.7,350,10.3,998.4
2025-08-18T11:00+00:00,5925,3.8,327,9.8,998.1
2025-08-18T12:00+00:00,5925,2.9,336,7.8,997.8
2025-08-18T13:00+00:00,5925,3.0,340,8.2,997.6
2025-08-18T14:00+00:00,5925,3.3,329,8.5,997.0
2025-08-18T15:00+00:00,5925,3.0,331,8.5,996.7
2025-08-18T16:00+00:00,5925,3.1,326,8.0,996.4
2025-08-18T17:00+00:00,5925,2.6,334,6.3,996.2
2025-08-18T18:00+00:00,5925,1.9,347,7.4,996.4
2025-08-18T19:00+00:00,5925,4.6,46,9.3,997.1
2025-08-18T20:00+00:00,5925,4.8,41,9.3,997.6
2025-08-18T21:00+00:00,5925,3.7,43,7.1,997.7
2025-08-18T22:00+00:00,5925,1.8,348,4.4,997.6
2025-08-18T23:00+00:00,5925,2.5,334,5.3,997.7
2025-08-19T00:00+00:00,5925,2.3,334,5.8,997.4
2025-08-19T01:00+00:00,5925,2.2,334,5.9,996.9
2025-08-19T02:00+00:00,5925,1.7,334,5.0,996.7
2025-08-19T03:00+00:00,5925,1.5,326,4.0,996.4
2025-08-19T04:00+00:00,5925,0.5,287,3.6,996.5
2025-08-19T05:00+00:00,5925,1.0,306,5.0,996.4
2025-08-19T06:00+00:00,5925,1.5,353,4.5,996.4
2025-08-19T07:00+00:00,5925,1.8,330,4.7,996.2
2025-08-19T08:00+00:00,5925,1.1,1,4.2,996.3
2025-08-19T09:00+00:00,5925,1.4,342,4.9,996.2
2025-08-19T10:00+00:00,5925,1.5,5,6.0,995.5
2025-08-19T11:00+00:00,5925,1.5,65,5.6,994.9
2025-08-19T12:00+00:00,5925,1.2,32,5.5,994.3
2025-08-19T13:00+00:00,5925,1.7,145,5.4,993.5
2025-08-19T14:00+00:00,5925,1.3,93,6.3,992.9
2025-08-19T15:00+00:00,5925,1.3,52,5.8,992.2
2025-08-19T16:00+00:00,5925,1.6,70,5.8,991.8
2025-08-19T17:00+00:00,5925,2.2,74,5.3,991.2
2025-08-19T18:00+00:00,5925,2.3,70,4.7,991.1
2025-08-19T19:00+00:00,5925,2.1,97,4.0,991.2
2025-08-19T20:00+00:00,5925,1.4,117,3.2,991.2
2025-08-19T21:00+00:00,5925,1.2,169,3.3,991.2
2025-08-19T22:00+00:00,5925,0.8,224,2.0,990.9
2025-08-19T23:00+00:00,5925,1.1,351,3.0,990.4
2025-08-20T00:00+00:00,5925,1.3,327,3.4,990.0
2025-08-20T01:00+00:00,5925,1.2,327,2.5,989.7
2025-08-20T02:00+00:00,5925,1.0,236,3.0,989.5
2025-08-20T03:00+00:00,5925,1.7,222,3.2,989.3
2025-08-20T04:00+00:00,5925,1.8,228,4.0,989.2
2025-08-20T05:00+00:00,5925,1.1,210,3.3,989.5
2025-08-20T06:00+00:00,5925,0.6,179,2.4,989.5
2025-08-20T07:00+00:00,5925,0.6,334,4.2,989.3
2025-08-20T08:00+00:00,5925,1.2,27,4.7,989.0
2025-08-20T09:00+00:00,5925,0.4,35,5.1,989.0
2025-08-20T10:00+00:00,5925,1.5,46,5.2,988.8
2025-08-20T11:00+00:00,5925,1.7,44,6.9,988.1
2025-08-20T12:00+00:00,5925,1.2,11,5.6,987.5
2025-08-20T13:00+00:00,5925,1.5,355,6.2,987.0
2025-08-20T14:00+00:00,5925,1.7,7,6.5,986.5
2025-08-20T15:00+00:00,5925,2.1,349,6.0,986.0
2025-08-20T16:00+00:00,5925,1.7,21,5.8,985.7
2025-08-20T17:00+00:00,5925,2.0,331,5.9,985.9
2025-08-20T18:00+00:00,5925,1.7,328,3.7,986.0
2025-08-20T19:00+00:00,5925,1.5,25,4.3,986.2
2025-08-20T20:00+00:00,5925,0.6,192,2.7,986.5
2025-08-20T21:00+00:00,5925,1.9,219,3.8,986.6
2025-08-20T22:00+00:00,5925,2.0,219,3.1,986.0
2025-08-20T23:00+00:00,5925,1.5,214,3.5,986.4
2025-08-21T00:00+00:00,5925,1.9,217,3.8,985.8
2025-08-21T01:00+00:00,5925,0.8,24,6.4,986.0
2025-08-21T02:00+00:00,5925,1.0,302,3.7,985.6
2025-08-21T03:00+00:00,5925,1.3,212,2.8,985.3
2025-08-21T04:00+00:00,5925,0.2,134,2.4,985.4
2025-08-21T05:00+00:00,5925,1.9,359,5.7,985.2
2025-08-21T06:00+00:00,5925,1.6,16,6.0,985.6
2025-08-21T07:00+00:00,5925,1.3,24,4.4,985.5
2025-08-21T08:00+00:00,5925,1.4,317,4.4,985.7
2025-08-21T09:00+00:00,5925,2.8,54,5.7,986.2
2025-08-21T10:00+00:00,5925,2.9,48,5.6,986.4
2025-08-21T11:00+00:00,5925,2.0,9,5.6,986.2
2025-08-21T12:00+00:00,5925,3.3,33,6.7,986.0
2025-08-21T13:00+00:00,5925,2.6,51,6.5,986.0
2025-08-21T14:00+00:00,5925,2.7,56,6.0,985.4
2025-08-21T15:00+00:00,5925,3.7,42,6.2,984.8
2025-08-21T16:00+00:00,5925,3.1,33,6.9,984.6
2025-08-21T17:00+00:00,5925,3.0,28,6.7,984.6
2025-08-21T18:00+00:00,5925,2.6,332,5.2,985.1
2025-08-21T19:00+00:00,5925,3.5,330,9.5,985.6
2025-08-21T20:00+00:00,5925,4.1,329,7.3,986.0
2025-08-21T21:00+00:00,5925,3.4,326,7.5,985.8
2025-08-21T22:00+00:00,5925,3.7,313,8.5,986.3
2025-08-21T23:00+00:00,5925,4.2,306,8.5,986.3
2025-08-22T00:00+00:00,5925,4.4,307,10.3,986.5
2025-08-22T01:00+00:00,5925,4.5,307,9.5,987.1
2025-08-22T02:00+00:00,5925,3.7,311,7.8,987.3
2025-08-22T03:00+00:00,5925,3.9,307,8.3,987.4
2025-08-22T04:00+00:00,5925,3.5,307,7.8,987.7
2025-08-22T05:00+00:00,5925,4.5,312,9.8,988.4
2025-08-22T06:00+00:00,5925,4.6,305,9.3,989.2
2025-08-22T07:00+00:00,5925,5.0,309,11.0,990.0
2025-08-22T08:00+00:00,5925,6.5,308,14.2,990.7
2025-08-22T09:00+00:00,5925,6.4,307,15.3,991.3
2025-08-22T10:00+00:00,5925,6.2,305,13.6,991.8
2025-08-22T11:00+00:00,5925,7.0,308,14.4,992.0
2025-08-22T12:00+00:00,5925,6.4,311,13.9,992.1
2025-08-22T13:00+00:00,5925,6.2,320,15.3,992.4
2025-08-22T14:00+00:00,5925,5.3,321,10.9,992.1
2025-08-22T15:00+00:00,5925,5.0,320,12.7,992.0
2025-08-22T16:00+00:00,5925,4.7,322,10.4,992.1
2025-08-22T17:00+00:00,5925,3.1,330,8.4,992.2
2025-08-22T18:00+00:00,5925,3.3,328,6.1,992.6
2025-08-22T19:00+00:00,5925,3.2,328,6.2,993.6
2025-08-22T20:00+00:00,5925,3.5,328,8.0,994.2
2025-08-22T21:00+00:00,5925,3.1,330,6.5,994.4
2025-08-22T22:00+00:00,5925,3.3,328,6.2,994.7
2025-08-22T23:00+00:00,5925,2.6,321,5.4,994.9
2025-08-23T00:00+00:00,5925,3.0,311,5.7,995.1
2025-08-23T01:00+00:00,5925,3.2,313,6.9,994.9
2025-08-23T02:00+00:00,5925,3.0,300,5.5,994.9
2025-08-23T03:00+00:00,5925,2.1,268,5.2,994.9
2025-08-23T04:00+00:00,5925,2.1,277,5.6,994.8
2025-08-23T05:00+00:00,5925,2.1,235,4.4,994.9
2025-08-23T06:00+00:00,5925,1.5,272,4.6,994.8
2025-08-23T07:00+00:00,5925,2.1,311,5.4,994.9
2025-08-23T08:00+00:00,5925,1.1,306,4.2,995.5
2025-08-23T09:00+00:00,5925,1.7,281,5.5,995.4
2025-08-23T10:00+00:00,5925,3.4,278,9.4,994.8
2025-08-23T11:00+00:00,5925,4.2,318,9.6,994.7
2025-08-23T12:00+00:00,5925,4.1,318,9.8,994.7
2025-08-23T13:00+00:00,5925,4.4,313,10.3,994.2
2025-08-23T14:00+00:00,5925,4.0,297,9.6,994.4
2025-08-23T15:00+00:00,5925,4.3,306,8.6,994.4
2025-08-23T16:00+00:00,5925,4.4,285,9.8,994.6
2025-08-23T17:00+00:00,5925,4.3,278,10.3,994.4
2025-08-23T18:00+00:00,5925,5.0,279,11.9,994.7
2025-08-23T19:00+00:00,5925,4.2,271,9.1,994.9
2025-08-23T20:00+00:00,5925,4.0,273,9.6,995.5
2025-08-23T21:00+00:00,5925,5.2,308,14.0,997.4
2025-08-23T22:00+00:00,5925,4.2,311,10.7,997.6
2025-08-23T23:00+00:00,5925,3.5,297,7.5,997.7
2025-08-24T00:00+00:00,5925,3.5,293,7.4,998.0
2025-08-24T01:00+00:00,5925,3.5,293,6.8,998.5
2025-08-24T02:00+00:00,5925,2.5,301,6.4,999.0
2025-08-24T03:00+00:00,5925,2.4,293,5.9,999.1
2025-08-24T04:00+00:00,5925,2.3,305,6.2,999.3
2025-08-24T05:00+00:00,5925,3.3,296,6.3,999.7
2025-08-24T06:00+00:00,5925,2.4,304,5.5,999.9
2025-08-24T07:00+00:00,5925,3.0,301,6.5,1000.2
2025-08-24T08:00+00:00,5925,2.5,312,7.1,1000.3
2025-08-24T09:00+00:00,5925,2.6,327,8.1,1000.3
2025-08-24T10:00+00:00,5925,2.6,326,7.2,1000.1
2025-08-24T11:00+00:00,5925,1.5,302,6.0,999.8
2025-08-24T12:00+00:00,5925,1.7,320,6.9,999.1
2025-08-24T13:00+00:00,5925,2.1,340,6.7,998.7
2025-08-24T14:00+00:00,5925,1.9,298,7.2,998.0
2025-08-24T15:00+00:00,5925,2.3,317,8.2,997.7
2025-08-24T16:00+00:00,5925,2.7,316,7.1,997.3
2025-08-24T17:00+00:00,5925,2.1,326,4.5,997.1
2025-08-24T18:00+00:00,5925,1.1,300,3.4,997.5
2025-08-24T19:00+00:00,5925,1.6,201,4.8,998.1
2025-08-24T20:00+00:00,5925,2.3,204,4.3,998.2
2025-08-24T21:00+00:00,5925,2.8,226,4.3,998.1
2025-08-24T22:00+00:00,5925,2.7,219,4.2,998.2
2025-08-24T23:00+00:00,5925,2.6,223,4.0,998.4
2025-08-25T00:00+00:00,5925,1.7,214,3.1,998.1
2025-08-25T01:00+00:00,5925,1.8,222,4.3,998.2
2025-08-25T02:00+00:00,5925,1.3,214,4.9,998.2
2025-08-25T03:00+00:00,5925,2.1,222,4.1,998.1
2025-08-25T04:00+00:00,5925,2.1,222,4.1,998.1
2025-08-25T05:00+00:00,5925,1.2,243,5.3,998.5
2025-08-25T06:00+00:00,5925,0.9,251,3.5,998.6
2025-08-25T07:00+00:00,5925,2.6,287,7.2,998.9
2025-08-25T08:00+00:00,5925,2.6,306,6.5,999.0
2025-08-25T09:00+00:00,5925,2.0,18,6.5,999.0
2025-08-25T10:00+00:00,5925,2.1,34,7.1,998.8
2025-08-25T11:00+00:00,5925,3.1,298,9.0,998.5
2025-08-25T12:00+00:00,5925,3.5,314,9.8,997.8
2025-08-25T13:00+00:00,5925,2.9,289,9.3,997.0
2025-08-25T14:00+00:00,5925,2.8,269,8.0,996.3
2025-08-25T15:00+00:00,5925,1.9,267,7.9,995.6
2025-08-25T16:00+00:00,5925,3.5,301,7.8,995.4
2025-08-25T17:00+00:00,5925,2.7,291,7.8,995.1
2025-08-25T18:00+00:00,5925,2.5,245,6.0,995.1
2025-08-25T19:00+00:00,5925,2.5,185,5.0,995.3
2025-08-25T20:00+00:00,5925,2.0,203,3.9,995.3
2025-08-25T21:00+00:00,5925,2.2,219,3.2,995.2
2025-08-25T22:00+00:00,5925,2.2,218,3.4,995.1
2025-08-25T23:00+00:00,5925,2.5,218,3.5,995.1
2025-08-26T00:00+00:00,5925,2.4,215,4.2,994.6
2025-08-26T01:00+00:00,5925,2.4,218,3.8,994.4
2025-08-26T02:00+00:00,5925,2.0,216,3.5,994.3
2025-08-26T03:00+00:00,5925,2.5,218,4.3,994.2
2025-08-26T04:00+00:00,5925,2.0,220,3.9,994.2
2025-08-26T05:00+00:00,5925,1.2,221,2.5,994.5
2025-08-26T06:00+00:00,5925,0.9,196,2.0,994.7
2025-08-26T07:00+00:00,5925,0.9,85,2.9,994.8
2025-08-26T08:00+00:00,5925,1.1,76,3.4,995.1
2025-08-26T09:00+00:00,5925,0.6,84,2.4,995.1
2025-08-26T10:00+00:00,5925,0.9,130,4.4,994.6
2025-08-26T11:00+00:00,5925,0.5,41,6.3,994.0
2025-08-26T12:00+00:00,5925,1.7,47,6.0,993.5
2025-08-26T13:00+00:00,5925,1.1,189,7.2,993.2
2025-08-26T14:00+00:00,5925,2.6,287,8.0,992.6
2025-08-26T15:00+00:00,5925,3.9,269,10.9,992.4
2025-08-26T16:00+00:00,5925,4.3,248,10.5,992.3
2025-08-26T17:00+00:00,5925,2.8,181,6.0,992.2
2025-08-26T18:00+00:00,5925,3.3,170,5.8,992.5
2025-08-26T19:00+00:00,5925,2.9,179,5.3,992.9
2025-08-26T20:00+00:00,5925,2.3,219,4.2,992.7
2025-08-26T21:00+00:00,5925,2.3,219,4.1,992.6
2025-08-26T22:00+00:00,5925,1.9,230,3.0,992.9
2025-08-26T23:00+00:00,5925,1.2,230,2.2,992.9
2025-08-27T00:00+00:00,5925,1.7,219,2.7,992.5
2025-08-27T01:00+00:00,5925,1.5,219,2.6,992.4
2025-08-27T02:00+00:00,5925,1.1,220,2.2,992.5
2025-08-27T03:00+00:00,5925,1.0,213,1.9,992.4
2025-08-27T04:00+00:00,5925,0.8,213,1.7,992.7
2025-08-27T05:00+00:00,5925,0.9,212,1.9,993.3
2025-08-27T06:00+00:00,5925,0.3,144,2.6,993.5
2025-08-27T07:00+00:00,5925,0.8,57,2.6,993.6
2025-08-27T08:00+00:00,5925,0.9,317,4.9,994.4
2025-08-27T09:00+00:00,5925,3.7,275,8.6,994.2
2025-08-27T10:00+00:00,5925,3.9,269,9.7,994.0
2025-08-27T11:00+00:00,5925,4.1,281,9.9,993.8
2025-08-27T12:00+00:00,5925,2.8,257,6.8,993.7
2025-08-27T13:00+00:00,5925,2.3,278,5.2,993.1
2025-08-27T14:00+00:00,5925,1.2,213,6.6,992.6
2025-08-27T15:00+00:00,5925,3.0,153,6.5,992.5
2025-08-27T16:00+00:00,5925,3.1,140,6.2,992.2
2025-08-27T17:00+00:00,5925,2.5,108,6.0,991.9
2025-08-27T18:00+00:00,5925,1.9,114,5.0,991.8
2025-08-27T19:00+00:00,5925,1.4,140,3.4,992.1
2025-08-27T20:00+00:00,5925,1.7,174,3.6,991.9
2025-08-27T21:00+00:00,5925,1.2,201,2.9,991.5
2025-08-27T22:00+00:00,5925,1.0,182,2.2,991.2
2025-08-27T23:00+00:00,5925,0.8,164,1.6,990.8
2025-08-28T00:00+00:00,5925,1.1,126,2.6,990.5
2025-08-28T01:00+00:00,5925,1.2,84,3.6,990.0
2025-08-28T02:00+00:00,5925,1.5,100,3.3,989.3
2025-08-28T03:00+00:00,5925,2.0,131,4.9,989.0
2025-08-28T04:00+00:00,5925,0.6,171,3.2,988.8
2025-08-28T05:00+00:00,5925,1.2,127,4.7,988.8
2025-08-28T06:00+00:00,5925,2.8,142,7.9,988.6
2025-08-28T07:00+00:00,5925,4.7,147,10.6,987.7
2025-08-28T08:00+00:00,5925,5.7,152,13.4,987.5
2025-08-28T09:00+00:00,5925,6.6,151,13.9,986.9
2025-08-28T10:00+00:00,5925,7.3,160,13.9,986.4
2025-08-28T11:00+00:00,5925,8.0,169,16.7,985.9
2025-08-28T12:00+00:00,5925,7.3,171,13.9,985.5
2025-08-28T13:00+00:00,5925,8.0,174,14.9,985.2
2025-08-28T14:00+00:00,5925,8.2,172,15.4,984.9
2025-08-28T15:00+00:00,5925,7.5,172,13.1,984.7
2025-08-28T16:00+00:00,5925,7.1,171,14.0,984.6
2025-08-28T17:00+00:00,5925,6.8,174,12.3,984.6
2025-08-28T18:00+00:00,5925,6.2,173,11.0,984.6
2025-08-28T19:00+00:00,5925,5.1,171,8.8,985.4
2025-08-28T20:00+00:00,5925,3.0,193,8.8,986.2
2025-08-28T21:00+00:00,5925,3.6,278,8.7,986.5
2025-08-28T22:00+00:00,5925,3.5,253,8.2,986.4
2025-08-28T23:00+00:00,5925,2.7,247,5.8,986.4
2025-08-29T00:00+00:00,5925,2.0,252,5.3,985.6
2025-08-29T01:00+00:00,5925,0.8,171,2.8,984.7
2025-08-29T02:00+00:00,5925,1.8,127,3.9,984.4
2025-08-29T03:00+00:00,5925,2.8,159,6.8,983.8
2025-08-29T04:00+00:00,5925,3.4,159,7.0,984.1
2025-08-29T05:00+00:00,5925,3.3,162,7.4,983.6
2025-08-29T06:00+00:00,5925,1.3,144,7.3,984.1
2025-08-29T07:00+00:00,5925,2.9,148,7.4,984.1
2025-08-29T08:00+00:00,5925,5.2,170,9.5,984.6
2025-08-29T09:00+00:00,5925,5.3,176,10.2,985.1
2025-08-29T10:00+00:00,5925,5.4,298,11.5,985.5
2025-08-29T11:00+00:00,5925,4.9,283,9.3,985.3
2025-08-29T12:00+00:00,5925,3.3,275,8.5,984.9
2025-08-29T13:00+00:00,5925,3.0,297,7.4,984.2
2025-08-29T14:00+00:00,5925,3.0,302,6.7,984.2
2025-08-29T15:00+00:00,5925,3.1,298,6.8,983.6
2025-08-29T16:00+00:00,5925,2.4,297,6.0,983.4
2025-08-29T17:00+00:00,5925,1.7,241,4.1,983.1
2025-08-29T18:00+00:00,5925,1.7,170,4.2,983.7
2025-08-29T19:00+00:00,5925,5.2,174,15.5,983.6
2025-08-29T20:00+00:00,5925,8.9,175,17.8,984.2
2025-08-29T21:00+00:00,5925,8.0,178,15.4,983.8
2025-08-29T22:00+00:00,5925,7.3,182,15.7,983.8
2025-08-29T23:00+00:00,5925,3.9,200,12.4,985.6
2025-08-30T00:00+00:00,5925,0.9,265,5.3,984.6
2025-08-30T01:00+00:00,5925,1.3,157,4.7,985.2
2025-08-30T02:00+00:00,5925,0.8,205,3.2,985.4
2025-08-30T03:00+00:00,5925,1.2,250,3.9,986.5
2025-08-30T04:00+00:00,5925,2.4,296,6.2,986.8
2025-08-30T05:00+00:00,5925,2.8,297,5.9,987.3
2025-08-30T06:00+00:00,5925,2.3,288,6.4,987.5
2025-08-30T07:00+00:00,5925,2.6,282,6.3,987.9
2025-08-30T08:00+00:00,5925,3.0,278,6.9,988.4
2025-08-30T09:00+00:00,5925,3.3,285,7.7,988.1
2025-08-30T10:00+00:00,5925,2.8,309,6.7,988.2
2025-08-30T11:00+00:00,5925,3.1,308,7.2,988.5
2025-08-30T12:00+00:00,5925,2.8,310,6.9,988.6
2025-08-30T13:00+00:00,5925,2.1,315,6.7,988.2
2025-08-30T14:00+00:00,5925,4.0,306,10.3,988.1
2025-08-30T15:00+00:00,5925,4.7,281,9.6,988.6
2025-08-30T16:00+00:00,5925,4.5,286,10.1,988.9
2025-08-30T17:00+00:00,5925,4.0,291,9.0,989.2
2025-08-30T18:00+00:00,5925,3.1,297,7.3,989.8
2025-08-30T19:00+00:00,5925,3.2,274,7.2,990.1
2025-08-30T20:00+00:00,5925,2.7,312,7.6,990.1
2025-08-30T21:00+00:00,5925,4.2,299,8.9,990.1
2025-08-30T22:00+00:00,5925,3.3,295,8.4,990.4
2025-08-30T23:00+00:00,5925,3.6,302,7.7,990.4
2025-08-31T00:00+00:00,5925,3.9,297,9.8,990.4
2025-08-31T01:00+00:00,5925,4.7,292,9.5,990.8
2025-08-31T02:00+00:00,5925,4.0,282,8.4,990.9
2025-08-31T03:00+00:00,5925,3.6,303,7.8,991.1
2025-08-31T04:00+00:00,5925,3.5,304,7.8,991.5
2025-08-31T05:00+00:00,5925,3.4,302,8.0,992.0
2025-08-31T06:00+00:00,5925,3.4,293,8.1,992.2
2025-08-31T07:00+00:00,5925,4.5,295,9.1,992.5
2025-08-31T08:00+00:00,5925,5.0,302,9.5,992.9
2025-08-31T09:00+00:00,5925,4.6,309,9.4,992.9
2025-08-31T10:00+00:00,5925,5.1,314,11.7,992.9
2025-08-31T11:00+00:00,5925,4.7,315,11.3,993.0
2025-08-31T12:00+00:00,5925,5.1,326,10.3,993.0
2025-08-31T13:00+00:00,5925,4.6,322,10.0,992.7
2025-08-31T14:00+00:00,5925,3.8,324,7.8,992.5
2025-08-31T15:00+00:00,5925,3.2,334,9.6,992.5
2025-08-31T16:00+00:00,5925,3.3,333,7.8,992.2
2025-08-31T17:00+00:00,5925,2.4,337,6.3,992.0
2025-08-31T18:00+00:00,5925,2.7,326,5.5,992.1
2025-08-31T19:00+00:00,5925,1.9,325,4.2,992.6
2025-08-31T20:00+00:00,5925,1.6,321,3.0,992.5
2025-08-31T21:00+00:00,5925,1.3,231,2.8,992.1
2025-08-31T22:00+00:00,5925,2.0,220,3.3,992.1
2025-08-31T23:00+00:00,5925,2.4,216,3.8,991.8
2025-09-01T00:00+00:00,5925,2.8,219,4.3,991.5
2025-09-01T01:00+00:00,5925,2.0,218,3.3,991.1
2025-09-01T02:00+00:00,5925,1.5,216,3.3,990.7
2025-09-01T03:00+00:00,5925,1.2,214,2.4,990.4
2025-09-01T04:00+00:00,5925,0.6,171,2.5,990.3
2025-09-01T05:00+00:00,5925,0.9,216,2.6,990.4
2025-09-01T06:00+00:00,5925,0.4,81,2.1,990.1
2025-09-01T07:00+00:00,5925,1.2,92,3.6,990.2
2025-09-01T08:00+00:00,5925,2.7,134,6.8,990.2
2025-09-01T09:00+00:00,5925,2.8,118,6.8,989.7
2025-09-01T10:00+00:00,5925,3.2,127,8.5,989.3
2025-09-01T11:00+00:00,5925,3.4,139,8.4,989.2
2025-09-01T12:00+00:00,5925,5.0,136,9.6,988.9
2025-09-01T13:00+00:00,5925,3.6,130,9.8,988.7
2025-09-01T14:00+00:00,5925,4.2,139,9.2,988.6
2025-09-01T15:00+00:00,5925,4.0,133,9.2,988.6
2025-09-01T16:00+00:00,5925,3.8,133,7.7,988.4
2025-09-01T17:00+00:00,5925,3.7,130,7.3,988.4
2025-09-01T18:00+00:00,5925,2.5,119,6.1,988.5
2025-09-01T19:00+00:00,5925,2.6,114,5.0,988.6
2025-09-01T20:00+00:00,5925,2.3,134,5.3,989.0
2025-09-01T21:00+00:00,5925,1.9,144,3.9,988.8
2025-09-01T22:00+00:00,5925,1.2,89,2.8,988.5
2025-09-01T23:00+00:00,5925,1.0,56,2.6,988.6
2025-09-02T00:00+00:00,5925,1.1,70,2.5,988.0
2025-09-02T01:00+00:00,5925,1.3,60,2.5,987.8
2025-09-02T02:00+00:00,5925,1.4,61,3.0,987.7
2025-09-02T03:00+00:00,5925,1.2,106,3.3,987.4
2025-09-02T04:00+00:00,5925,0.0,0,4.9,988.5
2025-09-02T05:00+00:00,5925,3.2,275,10.7,988.7
2025-09-02T06:00+00:00,5925,2.6,268,7.9,988.9
2025-09-02T07:00+00:00,5925,4.9,267,11.9,989.3
2025-09-02T08:00+00:00,5925,4.5,276,11.0,989.5
2025-09-02T09:00+00:00,5925,3.8,271,10.5,989.9
2025-09-02T10:00+00:00,5925,4.7,270,12.6,990.2
2025-09-02T11:00+00:00,5925,6.5,274,14.1,990.2
2025-09-02T12:00+00:00,5925,4.5,293,10.6,990.3
2025-09-02T13:00+00:00,5925,4.3,292,9.7,991.0
2025-09-02T14:00+00:00,5925,3.9,276,8.6,991.0
2025-09-02T15:00+00:00,5925,3.1,278,6.7,990.8
2025-09-02T16:00+00:00,5925,3.5,277,10.1,991.2
2025-09-02T17:00+00:00,5925,4.3,287,8.6,991.0
2025-09-02T18:00+00:00,5925,3.9,277,9.4,991.3
2025-09-02T19:00+00:00,5925,3.4,275,7.7,991.9
2025-09-02T20:00+00:00,5925,3.5,281,7.4,992.2
2025-09-02T21:00+00:00,5925,3.4,274,7.9,992.7
2025-09-02T22:00+00:00,5925,4.1,277,9.0,993.0
2025-09-02T23:00+00:00,5925,3.6,281,9.2,993.0
2025-09-03T00:00+00:00,5925,4.6,277,10.2,993.1
2025-09-03T01:00+00:00,5925,3.7,287,7.9,993.3
2025-09-03T02:00+00:00,5925,3.6,286,8.3,993.4
2025-09-03T03:00+00:00,5925,3.6,275,8.4,994.0
2025-09-03T04:00+00:00,5925,3.9,287,7.6,994.2
2025-09-03T05:00+00:00,5925,3.5,286,7.0,994.5
2025-09-03T06:00+00:00,5925,4.3,288,8.5,994.8
2025-09-03T07:00+00:00,5925,4.5,286,10.3,995.1
2025-09-03T08:00+00:00,5925,4.6,289,11.2,995.4
2025-09-03T09:00+00:00,5925,3.7,299,8.9,995.6
2025-09-03T10:00+00:00,5925,3.7,310,8.0,995.6
2025-09-03T11:00+00:00,5925,3.2,316,8.5,995.3
2025-09-03T12:00+00:00,5925,2.6,316,7.0,995.1
2025-09-03T13:00+00:00,5925,2.6,320,6.4,994.5
2025-09-03T14:00+00:00,5925,2.3,309,6.9,994.2
2025-09-03T15:00+00:00,5925,2.6,307,6.6,994.0
2025-09-03T16:00+00:00,5925,2.0,293,5.7,993.8
2025-09-03T17:00+00:00,5925,2.0,291,4.8,993.8
2025-09-03T18:00+00:00,5925,1.3,283,3.6,994.2
2025-09-03T19:00+00:00,5925,1.5,217,3.8,994.5
2025-09-03T20:00+00:00,5925,3.1,224,4.8,994.7
2025-09-03T21:00+00:00,5925,2.8,220,4.6,994.6
2025-09-03T22:00+00:00,5925,2.5,219,4.0,994.4
2025-09-03T23:00+00:00,5925,2.0,217,3.4,994.6
2025-09-04T00:00+00:00,5925,1.6,210,2.7,994.6
2025-09-04T01:00+00:00,5925,2.0,218,3.7,994.6
2025-09-04T02:00+00:00,5925,1.0,217,2.6,994.4
2025-09-04T03:00+00:00,5925,0.8,218,2.5,994.5
2025-09-04T04:00+00:00,5925,0.8,8,3.4,994.9
2025-09-04T05:00+00:00,5925,0.5,17,2.7,995.3
2025-09-04T06:00+00:00,5925,1.4,215,2.7,995.9
2025-09-04T07:00+00:00,5925,0.7,200,2.2,996.0
2025-09-04T08:00+00:00,5925,0.6,221,3.0,996.2
2025-09-04T09:00+00:00,5925,0.5,124,3.1,996.3
2025-09-04T10:00+00:00,5925,0.7,48,4.1,995.9
2025-09-04T11:00+00:00,5925,1.5,88,4.8,995.8
2025-09-04T12:00+00:00,5925,1.4,128,6.0,995.6
2025-09-04T13:00+00:00,5925,1.7,149,5.1,994.8
2025-09-04T14:00+00:00,5925,1.5,156,5.2,994.4
2025-09-04T15:00+00:00,5925,3.2,88,7.7,994.3
2025-09-04T16:00+00:00,5925,3.1,136,6.4,994.1
2025-09-04T17:00+00:00,5925,2.9,138,6.2,993.8
2025-09-04T18:00+00:00,5925,2.3,131,4.8,993.7
2025-09-04T19:00+00:00,5925,2.4,116,4.9,993.7
2025-09-04T20:00+00:00,5925,3.0,133,6.5,993.4
2025-09-04T21:00+00:00,5925,1.8,163,5.4,993.5
2025-09-04T22:00+00:00,5925,2.4,171,4.9,993.5
2025-09-04T23:00+00:00,5925,1.8,174,4.1,994.0
2025-09-05T00:00+00:00,5925,1.9,174,4.4,993.6
2025-09-05T01:00+00:00,5925,3.6,172,6.6,993.4
2025-09-05T02:00+00:00,5925,2.4,242,9.5,994.3
2025-09-05T03:00+00:00,5925,3.7,240,10.0,994.3
2025-09-05T04:00+00:00,5925,6.2,249,14.6,994.7
2025-09-05T05:00+00:00,5925,5.2,263,12.4,995.5
2025-09-05T06:00+00:00,5925,4.8,283,12.6,996.0
2025-09-05T07:00+00:00,5925,4.6,272,10.8,996.4
2025-09-05T08:00+00:00,5925,5.3,274,13.5,996.9
2025-09-05T09:00+00:00,5925,6.3,275,14.5,997.3
2025-09-05T10:00+00:00,5925,5.6,288,15.4,997.5
2025-09-05T11:00+00:00,5925,6.1,289,14.0,997.5
2025-09-05T12:00+00:00,5925,5.5,285,11.3,997.4
2025-09-05T13:00+00:00,5925,4.8,284,11.6,997.3
2025-09-05T14:00+00:00,5925,5.4,283,11.3,997.4
2025-09-05T15:00+00:00,5925,5.1,282,13.0,997.6
2025-09-05T16:00+00:00,5925,5.2,274,10.4,997.8
2025-09-05T17:00+00:00,5925,6.3,280,14.0,998.1
2025-09-05T18:00+00:00,5925,6.9,280,13.6,999.2
2025-09-05T19:00+00:00,5925,8.2,272,17.5,1000.1
2025-09-05T20:00+00:00,5925,7.4,268,17.6,1000.9
2025-09-05T21:00+00:00,5925,8.1,271,16.7,1001.4
2025-09-05T22:00+00:00,5925,8.0,280,18.7,1001.6
2025-09-05T23:00+00:00,5925,6.1,280,13.7,1001.9
2025-09-06T00:00+00:00,5925,4.6,276,12.2,1002.5
2025-09-06T01:00+00:00,5925,4.4,272,10.6,1002.5
2025-09-06T02:00+00:00,5925,5.1,278,11.4,1002.3
2025-09-06T03:00+00:00,5925,4.8,269,10.8,1002.4
2025-09-06T04:00+00:00,5925,5.8,287,11.7,1002.7
2025-09-06T05:00+00:00,5925,6.1,292,11.6,1003.0
2025-09-06T06:00+00:00,5925,5.2,285,11.6,1003.2
2025-09-06T07:00+00:00,5925,6.5,287,12.2,1003.6
2025-09-06T08:00+00:00,5925,5.4,302,11.6,1003.6
2025-09-06T09:00+00:00,5925,5.2,311,10.7,1003.8
2025-09-06T10:00+00:00,5925,4.2,314,9.9,1003.5
2025-09-06T11:00+00:00,5925,4.0,315,10.5,1003.1
2025-09-06T12:00+00:00,5925,4.1,315,9.7,1003.0
2025-09-06T13:00+00:00,5925,3.9,326,9.5,1002.6
2025-09-06T14:00+00:00,5925,2.9,340,7.4,1002.3
2025-09-06T15:00+00:00,5925,4.1,325,8.7,1002.0
2025-09-06T16:00+00:00,5925,3.6,326,7.8,1002.0
2025-09-06T17:00+00:00,5925,3.5,319,6.9,1002.1
2025-09-06T18:00+00:00,5925,2.4,339,5.3,1002.4
2025-09-06T19:00+00:00,5925,2.1,323,4.0,1002.6
2025-09-06T20:00+00:00,5925,1.7,333,4.1,1002.9
2025-09-06T21:00+00:00,5925,1.8,337,4.7,1002.9
2025-09-06T22:00+00:00,5925,1.6,333,4.5,1002.6
2025-09-06T23:00+00:00,5925,1.5,220,2.8,1002.6
2025-09-07T00:00+00:00,5925,1.8,216,2.8,1002.3
2025-09-07T01:00+00:00,5925,1.9,216,3.1,1002.0
2025-09-07T02:00+00:00,5925,1.8,219,3.5,1002.1
2025-09-07T03:00+00:00,5925,0.8,255,2.2,1001.8
2025-09-07T04:00+00:00,5925,0.7,241,2.2,1001.5
2025-09-07T05:00+00:00,5925,0.9,330,3.8,1001.5
2025-09-07T06:00+00:00,5925,1.5,329,4.0,1001.6
2025-09-07T07:00+00:00,5925,2.2,5,7.0,1001.5
2025-09-07T08:00+00:00,5925,1.9,348,6.4,1001.3
2025-09-07T09:00+00:00,5925,1.8,338,5.1,1000.9
2025-09-07T10:00+00:00,5925,1.4,336,5.7,1000.5
2025-09-07T11:00+00:00,5925,1.7,358,5.7,1000.1
2025-09-07T12:00+00:00,5925,1.3,21,5.9,999.5
2025-09-07T13:00+00:00,5925,1.6,19,5.7,998.9
2025-09-07T14:00+00:00,5925,1.1,28,5.4,998.5
2025-09-07T15:00+00:00,5925,1.5,46,5.5,998.0
2025-09-07T16:00+00:00,5925,1.1,55,4.3,997.6
2025-09-07T17:00+00:00,5925,1.2,81,4.2,997.5
2025-09-07T18:00+00:00,5925,1.5,12,4.7,997.7
2025-09-07T19:00+00:00,5925,2.2,25,5.8,998.0
2025-09-07T20:00+00:00,5925,2.2,23,5.7,998.0
2025-09-07T21:00+00:00,5925,1.6,347,5.3,997.8
2025-09-07T22:00+00:00,5925,1.7,330,4.2,997.3
2025-09-07T23:00+00:00,5925,1.5,341,4.3,996.9
2025-09-08T00:00+00:00,5925,1.9,21,5.0,996.8
2025-09-08T01:00+00:00,5925,2.9,37,5.5,996.4
2025-09-08T02:00+00:00,5925,1.8,24,5.2,996.2
2025-09-08T03:00+00:00,5925,1.8,350,5.5,995.9
2025-09-08T04:00+00:00,5925,1.3,332,4.8,995.9
2025-09-08T05:00+00:00,5925,1.8,222,3.4,996.3
2025-09-08T06:00+00:00,5925,1.6,253,3.6,996.5
2025-09-08T07:00+00:00,5925,2.7,254,5.2,996.5
2025-09-08T08:00+00:00,5925,2.1,235,4.7,996.3
2025-09-08T09:00+00:00,5925,0.8,237,3.3,996.2
2025-09-08T10:00+00:00,5925,0.8,305,3.6,995.7
2025-09-08T11:00+00:00,5925,0.8,329,4.4,995.5
2025-09-08T12:00+00:00,5925,1.8,23,7.2,995.1
2025-09-08T13:00+00:00,5925,2.3,18,6.9,994.6
2025-09-08T14:00+00:00,5925,1.3,346,7.0,994.3
2025-09-08T15:00+00:00,5925,3.5,319,7.2,994.2
2025-09-08T16:00+00:00,5925,3.2,305,6.7,994.0
2025-09-08T17:00+00:00,5925,2.2,301,5.6,994.1
2025-09-08T18:00+00:00,5925,1.9,302,3.4,994.5
2025-09-08T19:00+00:00,5925,1.4,242,2.9,994.8
2025-09-08T20:00+00:00,5925,1.7,222,3.0,994.9
2025-09-08T21:00+00:00,5925,1.3,250,4.0,995.1
2025-09-08T22:00+00:00,5925,1.6,233,3.0,994.9
2025-09-08T23:00+00:00,5925,1.5,260,4.4,994.5
2025-09-09T00:00+00:00,5925,2.2,232,3.8,994.5
2025-09-09T01:00+00:00,5925,1.8,240,3.9,994.3
2025-09-09T02:00+00:00,5925,2.4,224,4.1,994.0
2025-09-09T03:00+00:00,5925,1.7,235,3.7,993.8
2025-09-09T04:00+00:00,5925,2.0,222,4.1,994.1
2025-09-09T05:00+00:00,5925,1.4,226,3.8,994.0
2025-09-09T06:00+00:00,5925,1.1,260,3.7,993.8
2025-09-09T07:00+00:00,5925,0.9,333,3.7,994.1
2025-09-09T08:00+00:00,5925,1.0,67,4.6,993.8
2025-09-09T09:00+00:00,5925,1.5,64,4.8,993.4
2025-09-09T10:00+00:00,5925,1.6,86,5.2,993.0
2025-09-09T11:00+00:00,5925,2.2,110,5.5,992.5
2025-09-09T12:00+00:00,5925,2.5,82,7.3,992.3
2025-09-09T13:00+00:00,5925,2.5,112,7.9,991.9
2025-09-09T14:00+00:00,5925,2.9,163,7.1,991.6
2025-09-09T15:00+00:00,5925,3.1,139,6.9,991.5
2025-09-09T16:00+00:00,5925,3.6,130,7.3,991.5
2025-09-09T17:00+00:00,5925,2.2,92,5.7,991.6
2025-09-09T18:00+00:00,5925,1.8,61,3.8,992.2
2025-09-09T19:00+00:00,5925,1.8,59,3.2,992.5
2025-09-09T20:00+00:00,5925,1.5,56,2.7,993.2
2025-09-09T21:00+00:00,5925,3.3,273,10.1,994.0
2025-09-09T22:00+00:00,5925,3.8,266,10.1,993.7
2025-09-09T23:00+00:00,5925,2.3,262,6.8,993.7
2025-09-10T00:00+00:00,5925,2.5,264,7.5,993.6
2025-09-10T01:00+00:00,5925,4.0,283,9.1,993.2
2025-09-10T02:00+00:00,5925,3.1,279,9.0,993.1
2025-09-10T03:00+00:00,5925,1.7,279,5.2,993.1
2025-09-10T04:00+00:00,5925,1.1,307,4.4,993.1
2025-09-10T05:00+00:00,5925,0.7,123,2.7,992.7
2025-09-10T06:00+00:00,5925,1.5,99,3.2,992.7
2025-09-10T07:00+00:00,5925,1.0,109,3.5,992.3
2025-09-10T08:00+00:00,5925,1.7,98,4.0,992.3
2025-09-10T09:00+00:00,5925,2.9,112,6.2,992.0
2025-09-10T10:00+00:00,5925,3.7,138,7.4,991.8
2025-09-10T11:00+00:00,5925,3.0,146,6.3,991.1
2025-09-10T12:00+00:00,5925,2.8,148,5.7,990.2
2025-09-10T13:00+00:00,5925,3.0,141,6.8,989.7
2025-09-10T14:00+00:00,5925,3.4,127,7.6,988.9
2025-09-10T15:00+00:00,5925,4.6,123,10.2,988.0
2025-09-10T16:00+00:00,5925,4.3,106,9.9,987.1
2025-09-10T17:00+00:00,5925,4.8,110,9.8,986.4
2025-09-10T18:00+00:00,5925,4.3,112,9.5,985.7
2025-09-10T19:00+00:00,5925,4.4,115,10.9,984.9
2025-09-10T20:00+00:00,5925,4.1,102,8.7,984.1
2025-09-10T21:00+00:00,5925,2.5,167,9.5,984.5
2025-09-10T22:00+00:00,5925,5.3,257,14.3,984.6
2025-09-10T23:00+00:00,5925,5.4,263,13.6,985.4
2025-09-11T00:00+00:00,5925,4.7,263,10.9,986.2
2025-09-11T01:00+00:00,5925,5.6,273,12.1,986.6
2025-09-11T02:00+00:00,5925,6.3,273,14.3,987.4
2025-09-11T03:00+00:00,5925,5.8,276,13.0,988.0
2025-09-11T04:00+00:00,5925,5.8,272,12.0,988.7
2025-09-11T05:00+00:00,5925,4.9,271,12.1,989.5
2025-09-11T06:00+00:00,5925,4.3,262,11.5,990.2
2025-09-11T07:00+00:00,5925,4.3,271,10.7,990.5
2025-09-11T08:00+00:00,5925,4.3,273,10.4,991.3
2025-09-11T09:00+00:00,5925,3.7,272,8.9,991.9
2025-09-11T10:00+00:00,5925,2.7,289,7.1,992.0
2025-09-11T11:00+00:00,5925,2.8,282,7.8,991.8
2025-09-11T12:00+00:00,5925,3.0,258,8.3,991.5
2025-09-11T13:00+00:00,5925,3.4,288,8.8,991.5
2025-09-11T14:00+00:00,5925,4.1,277,9.5,991.5
2025-09-11T15:00+00:00,5925,4.7,273,10.1,991.6
2025-09-11T16:00+00:00,5925,3.7,250,8.4,992.0
2025-09-11T17:00+00:00,5925,3.0,258,8.0,992.5
2025-09-11T18:00+00:00,5925,1.6,233,4.8,993.5
2025-09-11T19:00+00:00,5925,1.6,225,4.2,994.2
2025-09-11T20:00+00:00,5925,1.5,200,3.2,994.5
2025-09-11T21:00+00:00,5925,2.4,217,4.1,994.7
2025-09-11T22:00+00:00,5925,2.7,220,5.0,994.8
2025-09-11T23:00+00:00,5925,1.5,216,5.2,995.2
2025-09-12T00:00+00:00,5925,2.3,220,3.9,995.3
2025-09-12T01:00+00:00,5925,2.2,258,7.6,995.6
2025-09-12T02:00+00:00,5925,4.1,281,11.0,995.9
2025-09-12T03:00+00:00,5925,4.1,282,9.3,996.4
2025-09-12T04:00+00:00,5925,3.5,286,9.7,996.9
2025-09-12T05:00+00:00,5925,2.4,316,5.2,997.5
2025-09-12T06:00+00:00,5925,2.5,313,5.9,998.1
2025-09-12T07:00+00:00,5925,2.8,322,6.5,998.4
2025-09-12T08:00+00:00,5925,3.4,326,7.2,998.7
2025-09-12T09:00+00:00,5925,1.9,350,5.8,999.0
2025-09-12T10:00+00:00,5925,1.2,84,3.6,999.1
2025-09-12T11:00+00:00,5925,0.9,326,3.3,999.3
2025-09-12T12:00+00:00,5925,0.6,140,2.9,999.5
2025-09-12T13:00+00:00,5925,1.1,187,3.2,999.3
2025-09-12T14:00+00:00,5925,0.8,195,3.2,999.5
2025-09-12T15:00+00:00,5925,0.9,214,2.9,999.5
2025-09-12T16:00+00:00,5925,1.0,181,3.0,999.7
2025-09-12T17:00+00:00,5925,1.1,109,2.9,999.9
2025-09-12T18:00+00:00,5925,0.4,118,1.8,1000.5
2025-09-12T19:00+00:00,5925,0.7,164,2.9,1001.0
2025-09-12T20:00+00:00,5925,1.5,215,4.1,1001.2
2025-09-12T21:00+00:00,5925,2.5,301,6.2,1001.2
2025-09-12T22:00+00:00,5925,1.9,304,5.1,1001.2
2025-09-12T23:00+00:00,5925,1.6,308,5.0,1001.2
2025-09-13T00:00+00:00,5925,2.2,310,7.0,1000.9
2025-09-13T01:00+00:00,5925,2.0,237,6.1,1000.9
2025-09-13T02:00+00:00,5925,1.3,286,4.7,1001.0
2025-09-13T03:00+00:00,5925,0.9,202,2.7,1000.9
2025-09-13T04:00+00:00,5925,1.7,223,3.3,1000.5
2025-09-13T05:00+00:00,5925,0.9,227,3.8,1000.7
2025-09-13T06:00+00:00,5925,1.9,222,4.2,1000.9
2025-09-13T07:00+00:00,5925,0.3,204,2.8,1000.8
2025-09-13T08:00+00:00,5925,1.5,50,3.7,1000.4
2025-09-13T09:00+00:00,5925,1.4,56,3.9,1000.3
2025-09-13T10:00+00:00,5925,1.1,112,4.2,999.9
2025-09-13T11:00+00:00,5925,1.3,94,4.4,999.1
2025-09-13T12:00+00:00,5925,1.9,105,5.3,998.4
2025-09-13T13:00+00:00,5925,2.1,84,5.4,998.1
2025-09-13T14:00+00:00,5925,2.7,96,7.9,997.3
2025-09-13T15:00+00:00,5925,3.1,133,7.7,996.9
2025-09-13T16:00+00:00,5925,1.8,52,5.2,996.9
2025-09-13T17:00+00:00,5925,2.7,336,6.0,996.9
2025-09-13T18:00+00:00,5925,0.9,301,4.0,996.8
2025-09-13T19:00+00:00,5925,1.4,291,4.6,996.7
2025-09-13T20:00+00:00,5925,1.6,309,3.5,996.7
2025-09-13T21:00+00:00,5925,0.9,324,3.1,996.5
2025-09-13T22:00+00:00,5925,0.2,284,2.6,995.8
2025-09-13T23:00+00:00,5925,0.5,169,2.5,995.3
2025-09-14T00:00+00:00,5925,0.8,209,2.8,994.9
2025-09-14T01:00+00:00,5925,1.7,213,3.1,994.7
2025-09-14T02:00+00:00,5925,1.0,264,3.7,994.4
2025-09-14T03:00+00:00,5925,1.7,251,5.8,993.4
2025-09-14T04:00+00:00,5925,1.8,255,6.3,993.4
2025-09-14T05:00+00:00,5925,3.0,271,8.0,993.6
2025-09-14T06:00+00:00,5925,2.8,268,7.9,993.5
2025-09-14T07:00+00:00,5925,3.6,288,8.6,994.1
2025-09-14T08:00+00:00,5925,4.6,295,9.4,994.4
2025-09-14T09:00+00:00,5925,5.0,286,9.7,994.9
2025-09-14T10:00+00:00,5925,4.5,281,8.7,995.2
2025-09-14T11:00+00:00,5925,4.8,278,10.6,995.4
2025-09-14T12:00+00:00,5925,4.5,273,11.9,995.6
2025-09-14T13:00+00:00,5925,6.6,286,14.2,995.8
2025-09-14T14:00+00:00,5925,5.4,285,12.9,995.8
2025-09-14T15:00+00:00,5925,4.0,262,10.2,995.9
2025-09-14T16:00+00:00,5925,5.7,268,14.6,996.3
2025-09-14T17:00+00:00,5925,5.8,271,16.2,996.8
2025-09-14T18:00+00:00,5925,6.2,274,13.5,997.9
2025-09-14T19:00+00:00,5925,3.9,265,11.2,998.4
2025-09-14T20:00+00:00,5925,2.2,262,7.1,998.7
2025-09-14T21:00+00:00,5925,2.0,251,5.5,999.0
2025-09-14T22:00+00:00,5925,2.7,232,5.0,998.6
2025-09-14T23:00+00:00,5925,1.7,234,4.9,998.5
2025-09-15T00:00+00:00,5925,1.2,219,4.5,998.6
2025-09-15T01:00+00:00,5925,2.3,215,5.2,998.5
2025-09-15T02:00+00:00,5925,2.0,215,3.9,998.2
2025-09-15T03:00+00:00,5925,1.6,214,3.0,997.9
2025-09-15T04:00+00:00,5925,1.0,195,2.9,997.6
2025-09-15T05:00+00:00,5925,0.4,175,2.8,997.6
2025-09-15T06:00+00:00,5925,1.2,203,4.0,997.9
2025-09-15T07:00+00:00,5925,0.5,142,2.2,997.7
2025-09-15T08:00+00:00,5925,0.7,133,3.1,997.6
2025-09-15T09:00+00:00,5925,1.6,174,3.7,997.6
2025-09-15T10:00+00:00,5925,2.4,175,4.9,997.0
2025-09-15T11:00+00:00,5925,2.9,174,5.9,996.8
2025-09-15T12:00+00:00,5925,3.6,176,6.8,996.4
2025-09-15T13:00+00:00,5925,3.6,167,6.9,995.7
2025-09-15T14:00+00:00,5925,3.9,170,7.4,994.9
2025-09-15T15:00+00:00,5925,3.6,177,7.7,994.6
2025-09-15T16:00+00:00,5925,4.2,161,8.1,994.2
2025-09-15T17:00+00:00,5925,3.2,138,7.4,994.1
2025-09-15T18:00+00:00,5925,3.1,134,6.3,994.1
2025-09-15T19:00+00:00,5925,1.9,116,4.8,994.3
2025-09-15T20:00+00:00,5925,1.4,105,5.7,994.4
2025-09-15T21:00+00:00,5925,1.4,143,3.9,994.1
2025-09-15T22:00+00:00,5925,0.9,210,3.0,994.1
2025-09-15T23:00+00:00,5925,1.1,201,2.7,993.8
2025-09-16T00:00+00:00,5925,0.7,243,3.8,994.3
2025-09-16T01:00+00:00,5925,4.6,295,17.4,994.9
2025-09-16T02:00+00:00,5925,4.0,291,12.2,995.6
2025-09-16T03:00+00:00,5925,2.2,270,7.2,995.7
2025-09-16T04:00+00:00,5925,3.4,277,10.6,996.3
2025-09-16T05:00+00:00,5925,4.3,288,11.4,996.8
2025-09-16T06:00+00:00,5925,3.3,282,11.5,998.0
2025-09-16T07:00+00:00,5925,4.7,292,11.1,999.2
2025-09-16T08:00+00:00,5925,4.1,291,9.5,999.0
2025-09-16T09:00+00:00,5925,3.2,284,7.7,999.6
2025-09-16T10:00+00:00,5925,3.3,300,8.6,999.2
2025-09-16T11:00+00:00,5925,3.1,257,9.7,999.5
2025-09-16T12:00+00:00,5925,3.5,244,8.6,998.9
2025-09-16T13:00+00:00,5925,3.3,253,9.2,998.6
2025-09-16T14:00+00:00,5925,3.6,264,8.9,997.9
2025-09-16T15:00+00:00,5925,4.7,282,11.6,998.0
2025-09-16T16:00+00:00,5925,3.1,267,8.1,998.4
2025-09-16T17:00+00:00,5925,2.5,266,7.7,998.4
2025-09-16T18:00+00:00,5925,2.1,268,7.0,998.7
2025-09-16T19:00+00:00,5925,1.1,257,3.8,999.0
2025-09-16T20:00+00:00,5925,2.2,290,9.0,999.6
2025-09-16T21:00+00:00,5925,4.1,292,9.4,1000.0
2025-09-16T22:00+00:00,5925,3.3,282,8.2,1000.1
2025-09-16T23:00+00:00,5925,2.2,258,6.9,1000.2
2025-09-17T00:00+00:00,5925,1.2,266,4.6,1000.4
2025-09-17T01:00+00:00,5925,2.4,247,7.4,1000.4
2025-09-17T02:00+00:00,5925,3.1,250,7.3,1000.7
2025-09-17T03:00+00:00,5925,3.3,245,7.1,1000.8
2025-09-17T04:00+00:00,5925,3.0,249,8.0,1000.7
2025-09-17T05:00+00:00,5925,4.5,258,12.3,1001.0
2025-09-17T06:00+00:00,5925,4.4,257,10.6,1001.5
2025-09-17T07:00+00:00,5925,3.6,260,9.2,1002.0
2025-09-17T08:00+00:00,5925,4.4,261,10.4,1002.1
2025-09-17T09:00+00:00,5925,4.7,281,11.7,1002.3
2025-09-17T10:00+00:00,5925,4.8,273,10.8,1002.2
2025-09-17T11:00+00:00,5925,4.5,271,12.5,1002.3
2025-09-17T12:00+00:00,5925,5.6,268,12.6,1001.9
2025-09-17T13:00+00:00,5925,4.9,268,13.1,1001.2
2025-09-17T14:00+00:00,5925,6.1,282,12.8,1001.2
2025-09-17T15:00+00:00,5925,5.7,286,12.6,1001.3
2025-09-17T16:00+00:00,5925,5.3,282,12.5,1001.2
2025-09-17T17:00+00:00,5925,4.7,279,10.0,1001.5
2025-09-17T18:00+00:00,5925,2.2,269,6.0,1002.1
2025-09-17T19:00+00:00,5925,2.2,278,5.5,1002.7
2025-09-17T20:00+00:00,5925,1.7,269,4.8,1003.1
2025-09-17T21:00+00:00,5925,1.6,244,4.6,1003.5
2025-09-17T22:00+00:00,5925,1.9,218,3.2,1003.7
2025-09-17T23:00+00:00,5925,1.3,277,5.4,1003.8
2025-09-18T00:00+00:00,5925,1.2,253,3.7,1004.0
2025-09-18T01:00+00:00,5925,1.3,232,4.1,1004.0
2025-09-18T02:00+00:00,5925,1.0,242,4.3,1004.1
2025-09-18T03:00+00:00,5925,1.9,218,3.2,1004.1
2025-09-18T04:00+00:00,5925,2.0,218,3.0,1004.1
2025-09-18T05:00+00:00,5925,1.8,214,3.4,1004.1
2025-09-18T06:00+00:00,5925,1.9,228,3.4,1004.1
2025-09-18T07:00+00:00,5925,1.4,250,4.2,1004.4
2025-09-18T08:00+00:00,5925,2.8,327,6.3,1004.8
2025-09-18T09:00+00:00,5925,1.2,288,4.7,1004.7
2025-09-18T10:00+00:00,5925,1.8,200,5.9,1004.3
2025-09-18T11:00+00:00,5925,3.1,183,6.1,1004.1
2025-09-18T12:00+00:00,5925,2.3,181,5.3,1003.6
2025-09-18T13:00+00:00,5925,2.1,188,5.1,1003.1
2025-09-18T14:00+00:00,5925,1.8,161,4.5,1002.7
2025-09-18T15:00+00:00,5925,2.2,200,7.2,1002.4
2025-09-18T16:00+00:00,5925,2.8,253,7.4,1002.5
2025-09-18T17:00+00:00,5925,1.4,264,4.8,1002.6
2025-09-18T18:00+00:00,5925,0.3,198,3.2,1003.1
2025-09-18T19:00+00:00,5925,1.3,213,3.0,1003.5
2025-09-18T20:00+00:00,5925,2.1,216,3.2,1003.6
2025-09-18T21:00+00:00,5925,2.7,229,3.8,1003.7
2025-09-18T22:00+00:00,5925,2.2,219,3.9,1004.1
2025-09-18T23:00+00:00,5925,1.2,212,4.4,1004.4
2025-09-19T00:00+00:00,5925,1.9,231,5.2,1004.6
2025-09-19T01:00+00:00,5925,1.2,196,2.8,1004.7
2025-09-19T02:00+00:00,5925,1.2,219,4.1,1004.8
2025-09-19T03:00+00:00,5925,1.1,273,5.5,1005.1
2025-09-19T04:00+00:00,5925,1.2,206,3.2,1005.4
2025-09-19T05:00+00:00,5925,0.5,74,2.8,1005.5
2025-09-19T06:00+00:00,5925,0.8,201,2.7,1005.8
2025-09-19T07:00+00:00,5925,2.3,286,8.0,1006.4
2025-09-19T08:00+00:00,5925,2.0,286,5.5,1006.7
2025-09-19T09:00+00:00,5925,2.3,274,6.2,1006.5
2025-09-19T10:00+00:00,5925,2.3,288,5.7,1006.4
2025-09-19T11:00+00:00,5925,2.6,287,6.7,1006.3
2025-09-19T12:00+00:00,5925,2.1,277,6.8,1005.7
2025-09-19T13:00+00:00,5925,1.7,268,7.2,1005.3
2025-09-19T14:00+00:00,5925,1.7,283,5.9,1004.9
2025-09-19T15:00+00:00,5925,0.9,182,6.2,1004.8
2025-09-19T16:00+00:00,5925,3.2,145,6.5,1004.7
2025-09-19T17:00+00:00,5925,2.6,139,6.4,1004.8
2025-09-19T18:00+00:00,5925,1.5,131,3.2,1005.1
2025-09-19T19:00+00:00,5925,0.8,149,2.6,1005.2
2025-09-19T20:00+00:00,5925,1.6,210,2.9,1005.1
2025-09-19T21:00+00:00,5925,1.4,207,3.0,1004.8
2025-09-19T22:00+00:00,5925,1.2,202,2.6,1004.6
2025-09-19T23:00+00:00,5925,1.0,206,2.7,1004.4
2025-09-20T00:00+00:00,5925,1.2,60,2.7,1004.2
2025-09-20T01:00+00:00,5925,0.4,151,2.0,1003.8
2025-09-20T02:00+00:00,5925,1.0,192,2.7,1003.6
2025-09-20T03:00+00:00,5925,1.0,146,3.5,1003.2
2025-09-20T04:00+00:00,5925,1.9,144,4.4,1003.0
2025-09-20T05:00+00:00,5925,2.6,140,5.4,1002.9
2025-09-20T06:00+00:00,5925,2.7,129,4.9,1002.9
2025-09-20T07:00+00:00,5925,2.0,157,4.8,1002.9
2025-09-20T08:00+00:00,5925,2.5,144,5.2,1002.6
2025-09-20T09:00+00:00,5925,2.9,138,6.1,1002.1
2025-09-20T10:00+00:00,5925,3.0,140,6.9,1001.8
2025-09-20T11:00+00:00,5925,3.4,142,8.8,1001.1
2025-09-20T12:00+00:00,5925,4.6,136,11.2,1000.2
2025-09-20T13:00+00:00,5925,6.0,142,13.5,999.3
2025-09-20T14:00+00:00,5925,6.1,144,11.4,998.7
2025-09-20T15:00+00:00,5925,6.6,149,14.3,998.2
2025-09-20T16:00+00:00,5925,5.5,150,11.7,997.9
2025-09-20T17:00+00:00,5925,5.1,148,10.5,997.6
2025-09-20T18:00+00:00,5925,5.3,148,10.5,997.7
2025-09-20T19:00+00:00,5925,5.1,141,10.6,997.4
2025-09-20T20:00+00:00,5925,3.0,148,7.9,997.1
2025-09-20T21:00+00:00,5925,3.2,162,7.1,996.8
2025-09-20T22:00+00:00,5925,2.0,156,5.9,996.4
2025-09-20T23:00+00:00,5925,1.9,150,5.1,996.0
2025-09-21T00:00+00:00,5925,2.7,153,8.5,995.7
2025-09-21T01:00+00:00,5925,1.4,159,5.5,995.3
2025-09-21T02:00+00:00,5925,0.9,169,3.5,994.9
2025-09-21T03:00+00:00,5925,1.4,152,5.1,994.6
2025-09-21T04:00+00:00,5925,1.3,177,4.9,994.3
2025-09-21T05:00+00:00,5925,1.5,87,3.8,994.4
2025-09-21T06:00+00:00,5925,1.1,80,3.2,994.8
2025-09-21T07:00+00:00,5925,2.2,124,5.4,994.9
2025-09-21T08:00+00:00,5925,2.3,135,7.2,994.9
2025-09-21T09:00+00:00,5925,3.1,152,7.1,994.7
2025-09-21T10:00+00:00,5925,4.2,144,9.2,994.2
2025-09-21T11:00+00:00,5925,4.8,153,9.9,993.3
2025-09-21T12:00+00:00,5925,5.8,155,13.2,992.6
2025-09-21T13:00+00:00,5925,7.1,154,14.3,992.2
2025-09-21T14:00+00:00,5925,7.9,167,14.8,991.5
2025-09-21T15:00+00:00,5925,6.0,163,12.7,991.2
2025-09-21T16:00+00:00,5925,5.9,156,13.0,990.8
2025-09-21T17:00+00:00,5925,3.4,151,8.1,990.7
2025-09-21T18:00+00:00,5925,4.4,157,10.5,990.5
2025-09-21T19:00+00:00,5925,4.9,159,11.1,990.3
2025-09-21T20:00+00:00,5925,6.6,158,12.1,990.1
2025-09-21T21:00+00:00,5925,3.6,167,10.1,990.0
2025-09-21T22:00+00:00,5925,2.8,162,6.9,989.8
2025-09-21T23:00+00:00,5925,2.1,177,5.7,989.3
2025-09-22T00:00+00:00,5925,1.7,170,4.3,989.2
2025-09-22T01:00+00:00,5925,0.8,133,4.8,989.2
2025-09-22T02:00+00:00,5925,2.2,138,5.1,989.5
2025-09-22T03:00+00:00,5925,0.7,147,2.7,990.2
2025-09-22T04:00+00:00,5925,0.7,234,3.5,990.4
2025-09-22T05:00+00:00,5925,2.3,280,6.3,990.9
2025-09-22T06:00+00:00,5925,2.9,285,7.1,991.2
2025-09-22T07:00+00:00,5925,2.9,305,7.7,992.2
2025-09-22T08:00+00:00,5925,2.7,304,7.5,992.0
2025-09-22T09:00+00:00,5925,1.1,344,4.9,991.6
2025-09-22T10:00+00:00,5925,2.0,79,5.8,991.3
2025-09-22T11:00+00:00,5925,2.2,136,7.7,991.1
2025-09-22T12:00+00:00,5925,1.8,128,8.0,990.3
2025-09-22T13:00+00:00,5925,3.9,149,9.7,990.0
2025-09-22T14:00+00:00,5925,5.2,148,10.6,989.2
2025-09-22T15:00+00:00,5925,4.7,160,10.7,989.0
2025-09-22T16:00+00:00,5925,4.6,172,9.2,989.1
2025-09-22T17:00+00:00,5925,2.9,192,7.2,989.6
2025-09-22T18:00+00:00,5925,1.9,263,6.0,990.1
2025-09-22T19:00+00:00,5925,2.4,279,6.9,990.9
2025-09-22T20:00+00:00,5925,3.6,289,9.4,991.5
2025-09-22T21:00+00:00,5925,5.2,301,10.4,992.5
2025-09-22T22:00+00:00,5925,5.7,302,11.4,993.2
2025-09-22T23:00+00:00,5925,4.7,307,9.9,993.7
2025-09-23T00:00+00:00,5925,4.5,315,10.0,994.4
2025-09-23T01:00+00:00,5925,4.8,314,9.7,995.3
2025-09-23T02:00+00:00,5925,4.5,319,10.2,995.7
2025-09-23T03:00+00:00,5925,4.9,325,9.5,996.3
2025-09-23T04:00+00:00,5925,5.5,328,10.4,996.7
2025-09-23T05:00+00:00,5925,5.3,326,9.6,997.1
2025-09-23T06:00+00:00,5925,5.0,326,10.4,997.6
2025-09-23T07:00+00:00,5925,4.6,327,9.3,998.1
2025-09-23T08:00+00:00,5925,4.7,327,9.0,998.4
2025-09-23T09:00+00:00,5925,4.2,327,8.9,998.8
2025-09-23T10:00+00:00,5925,4.3,321,7.8,998.9
2025-09-23T11:00+00:00,5925,5.1,325,10.0,998.8
2025-09-23T12:00+00:00,5925,4.9,327,10.8,998.7
2025-09-23T13:00+00:00,5925,4.7,336,10.0,998.1
2025-09-23T14:00+00:00,5925,4.0,334,8.6,997.9
2025-09-23T15:00+00:00,5925,4.7,330,10.1,997.7
2025-09-23T16:00+00:00,5925,4.6,333,10.1,998.1
2025-09-23T17:00+00:00,5925,4.1,342,9.5,998.2
2025-09-23T18:00+00:00,5925,3.2,354,8.1,998.7
2025-09-23T19:00+00:00,5925,3.6,334,8.7,998.6
2025-09-23T20:00+00:00,5925,3.3,343,8.8,998.4
2025-09-23T21:00+00:00,5925,4.4,340,10.4,998.5
2025-09-23T22:00+00:00,5925,3.2,348,7.8,998.4
2025-09-23T23:00+00:00,5925,3.1,345,8.6,998.4
2025-09-24T00:00+00:00,5925,3.3,332,8.0,998.2
2025-09-24T01:00+00:00,5925,3.7,328,6.9,997.8
2025-09-24T02:00+00:00,5925,2.8,318,5.8,997.9
2025-09-24T03:00+00:00,5925,3.1,322,6.5,997.9
2025-09-24T04:00+00:00,5925,2.6,325,5.8,997.7
2025-09-24T05:00+00:00,5925,2.5,324,5.4,997.6
2025-09-24T06:00+00:00,5925,2.7,325,5.5,997.6
2025-09-24T07:00+00:00,5925,2.8,324,6.0,997.7
2025-09-24T08:00+00:00,5925,3.1,328,5.9,997.9
2025-09-24T09:00+00:00,5925,3.3,329,6.1,998.0
2025-09-24T10:00+00:00,5925,2.3,339,7.1,998.0
2025-09-24T11:00+00:00,5925,3.0,333,6.2,997.7
2025-09-24T12:00+00:00,5925,2.3,343,5.9,997.6
2025-09-24T13:00+00:00,5925,2.4,346,5.9,997.3
2025-09-24T14:00+00:00,5925,2.2,336,5.3,996.9
2025-09-24T15:00+00:00,5925,2.1,352,6.2,996.8
2025-09-24T16:00+00:00,5925,2.5,2,6.2,996.8
2025-09-24T17:00+00:00,5925,2.5,349,7.1,996.9
2025-09-24T18:00+00:00,5925,2.1,357,5.8,997.1
2025-09-24T19:00+00:00,5925,2.7,22,6.9,997.0
2025-09-24T20:00+00:00,5925,2.8,24,7.0,997.0
2025-09-24T21:00+00:00,5925,2.6,26,7.8,997.3
2025-09-24T22:00+00:00,5925,2.2,2,6.7,997.0
2025-09-24T23:00+00:00,5925,2.2,355,6.5,996.8
2025-09-25T00:00+00:00,5925,2.6,25,6.0,996.9
2025-09-25T01:00+00:00,5925,1.6,346,4.9,996.7
2025-09-25T02:00+00:00,5925,1.7,16,4.7,996.8
2025-09-25T03:00+00:00,5925,2.2,36,4.8,996.8
2025-09-25T04:00+00:00,5925,1.7,331,4.4,996.8
2025-09-25T05:00+00:00,5925,2.0,21,4.9,996.8
2025-09-25T06:00+00:00,5925,3.5,40,6.4,997.1
2025-09-25T07:00+00:00,5925,3.1,50,5.7,997.8
2025-09-25T08:00+00:00,5925,3.0,52,5.2,998.0
2025-09-25T09:00+00:00,5925,2.7,57,6.1,997.9
2025-09-25T10:00+00:00,5925,2.6,65,6.2,998.5
2025-09-25T11:00+00:00,5925,2.2,84,5.3,998.5
2025-09-25T12:00+00:00,5925,3.1,67,6.7,998.4
2025-09-25T13:00+00:00,5925,3.1,63,6.1,998.5
2025-09-25T14:00+00:00,5925,3.4,67,6.5,998.7
2025-09-25T15:00+00:00,5925,2.6,71,5.9,999.2
2025-09-25T16:00+00:00,5925,2.3,69,4.8,999.5
2025-09-25T17:00+00:00,5925,2.8,72,6.6,999.9
2025-09-25T18:00+00:00,5925,2.9,93,5.9,1000.1
2025-09-25T19:00+00:00,5925,2.8,69,6.2,1000.4
2025-09-25T20:00+00:00,5925,3.1,64,6.0,1000.8
2025-09-25T21:00+00:00,5925,2.8,66,6.0,1001.0
2025-09-25T22:00+00:00,5925,3.0,66,6.1,1001.3
2025-09-25T23:00+00:00,5925,2.1,74,4.8,1001.4
2025-09-26T00:00+00:00,5925,2.2,72,5.2,1001.3
2025-09-26T01:00+00:00,5925,2.6,92,6.2,1001.4
2025-09-26T02:00+00:00,5925,2.6,68,5.7,1001.1
2025-09-26T03:00+00:00,5925,2.7,94,7.7,1001.4
2025-09-26T04:00+00:00,5925,2.1,70,4.4,1001.3
2025-09-26T05:00+00:00,5925,2.6,66,5.8,1001.2
2025-09-26T06:00+00:00,5925,3.2,76,6.5,1001.6
2025-09-26T07:00+00:00,5925,3.1,89,6.8,1002.0
2025-09-26T08:00+00:00,5925,2.8,95,6.2,1002.2
2025-09-26T09:00+00:00,5925,2.6,110,6.2,1002.3
2025-09-26T10:00+00:00,5925,3.3,112,6.8,1002.4
2025-09-26T11:00+00:00,5925,3.7,117,7.0,1002.3
2025-09-26T12:00+00:00,5925,2.6,112,7.5,1002.3
2025-09-26T13:00+00:00,5925,3.0,120,7.6,1002.3
2025-09-26T14:00+00:00,5925,3.1,124,7.4,1002.4
2025-09-26T15:00+00:00,5925,3.5,126,8.1,1002.4
2025-09-26T16:00+00:00,5925,2.9,97,5.6,1002.5
2025-09-26T17:00+00:00,5925,2.7,112,6.6,1002.6
2025-09-26T18:00+00:00,5925,2.8,113,8.1,1002.9
2025-09-26T19:00+00:00,5925,4.1,113,8.3,1003.1
2025-09-26T20:00+00:00,5925,4.1,119,8.8,1003.4
2025-09-26T21:00+00:00,5925,4.4,116,9.0,1003.4
2025-09-26T22:00+00:00,5925,3.8,124,9.7,1003.3
2025-09-26T23:00+00:00,5925,4.9,127,10.3,1003.2
2025-09-27T00:00+00:00,5925,4.1,121,8.6,1003.1
2025-09-27T01:00+00:00,5925,3.9,126,9.2,1003.0
2025-09-27T02:00+00:00,5925,5.0,120,11.2,1002.4
2025-09-27T03:00+00:00,5925,4.4,130,8.9,1002.4
2025-09-27T04:00+00:00,5925,3.4,120,7.1,1002.3
2025-09-27T05:00+00:00,5925,4.0,126,8.2,1002.3
2025-09-27T06:00+00:00,5925,4.1,128,8.0,1002.5
2025-09-27T07:00+00:00,5925,3.8,140,7.6,1002.6
2025-09-27T08:00+00:00,5925,3.6,135,8.1,1002.6
2025-09-27T09:00+00:00,5925,3.5,139,7.9,1002.7
2025-09-27T10:00+00:00,5925,4.2,140,9.3,1002.7
2025-09-27T11:00+00:00,5925,4.0,142,8.3,1002.5
2025-09-27T12:00+00:00,5925,3.5,135,7.9,1002.3
2025-09-27T13:00+00:00,5925,3.5,131,7.6,1002.0
2025-09-27T14:00+00:00,5925,4.0,132,8.9,1001.4
2025-09-27T15:00+00:00,5925,4.0,150,8.2,1001.0
2025-09-27T16:00+00:00,5925,3.6,150,6.6,1001.2
2025-09-27T17:00+00:00,5925,2.4,167,5.9,1001.1
2025-09-27T18:00+00:00,5925,2.1,175,4.8,1001.2
2025-09-27T19:00+00:00,5925,1.0,172,3.3,1001.4
2025-09-27T20:00+00:00,5925,1.3,86,2.8,1001.3
2025-09-27T21:00+00:00,5925,1.3,74,3.5,1001.2
2025-09-27T22:00+00:00,5925,2.6,55,4.6,1001.3
2025-09-27T23:00+00:00,5925,1.7,48,3.3,1001.2
2025-09-28T00:00+00:00,5925,1.5,44,3.3,1000.8
2025-09-28T01:00+00:00,5925,1.5,42,2.8,1000.4
2025-09-28T02:00+00:00,5925,2.0,52,3.8,1000.4
2025-09-28T03:00+00:00,5925,0.8,98,2.5,1000.3
2025-09-28T04:00+00:00,5925,0.5,5,2.2,1000.1
2025-09-28T05:00+00:00,5925,1.0,25,3.1,1000.1
2025-09-28T06:00+00:00,5925,1.4,330,3.0,1000.2
2025-09-28T07:00+00:00,5925,1.4,356,4.0,1000.3
2025-09-28T08:00+00:00,5925,1.1,355,3.6,1000.2
2025-09-28T09:00+00:00,5925,1.5,348,4.3,1000.4
2025-09-28T10:00+00:00,5925,2.2,330,5.3,1000.2
2025-09-28T11:00+00:00,5925,3.0,321,7.4,999.6
2025-09-28T12:00+00:00,5925,3.1,325,8.1,999.0
2025-09-28T13:00+00:00,5925,3.6,326,7.5,998.4
2025-09-28T14:00+00:00,5925,4.3,326,9.2,997.9
2025-09-28T15:00+00:00,5925,3.6,329,6.8,997.8
2025-09-28T16:00+00:00,5925,2.7,1,6.5,997.8
2025-09-28T17:00+00:00,5925,2.6,8,6.3,998.0
2025-09-28T18:00+00:00,5925,2.3,335,5.3,998.5
2025-09-28T19:00+00:00,5925,2.0,356,5.6,998.8
2025-09-28T20:00+00:00,5925,2.8,333,6.1,998.9
2025-09-28T21:00+00:00,5925,2.9,336,6.6,999.0
2025-09-28T22:00+00:00,5925,2.6,331,5.7,998.9
2025-09-28T23:00+00:00,5925,2.8,310,5.6,998.9
2025-09-29T00:00+00:00,5925,3.3,317,6.2,998.8
2025-09-29T01:00+00:00,5925,3.7,326,7.4,998.8
2025-09-29T02:00+00:00,5925,3.1,326,6.0,999.0
2025-09-29T03:00+00:00,5925,2.6,321,6.6,999.0
2025-09-29T04:00+00:00,5925,2.7,319,7.2,999.1
2025-09-29T05:00+00:00,5925,2.4,323,5.7,999.6
2025-09-29T06:00+00:00,5925,1.9,312,4.6,999.9
2025-09-29T07:00+00:00,5925,3.4,325,8.4,1000.1
2025-09-29T08:00+00:00,5925,4.0,326,8.2,1000.2
2025-09-29T09:00+00:00,5925,3.6,329,7.4,1000.3
2025-09-29T10:00+00:00,5925,4.0,330,9.3,1000.4
2025-09-29T11:00+00:00,5925,3.1,329,6.8,1000.1
2025-09-29T12:00+00:00,5925,3.3,331,8.2,999.7
2025-09-29T13:00+00:00,5925,3.6,23,8.1,999.6
2025-09-29T14:00+00:00,5925,3.2,336,6.9,999.7
2025-09-29T15:00+00:00,5925,3.2,339,7.5,999.9
2025-09-29T16:00+00:00,5925,3.0,337,7.2,1000.3
2025-09-29T17:00+00:00,5925,3.0,336,7.9,1000.8
2025-09-29T18:00+00:00,5925,2.6,341,6.6,1001.2
2025-09-29T19:00+00:00,5925,3.1,338,7.5,1001.5
2025-09-29T20:00+00:00,5925,2.4,357,6.3,1001.6
2025-09-29T21:00+00:00,5925,3.0,336,6.1,1002.0
2025-09-29T22:00+00:00,5925,3.2,332,6.3,1002.2
2025-09-29T23:00+00:00,5925,2.2,319,4.3,1002.3
2025-09-30T00:00+00:00,5925,2.1,321,4.8,1002.1
2025-09-30T01:00+00:00,5925,2.4,311,4.7,1001.9
2025-09-30T02:00+00:00,5925,1.9,320,4.2,1002.0
2025-09-30T03:00+00:00,5925,1.7,324,3.9,1001.8
2025-09-30T04:00+00:00,5925,1.8,331,4.5,1001.9
2025-09-30T05:00+00:00,5925,2.6,329,4.7,1002.3
2025-09-30T06:00+00:00,5925,2.5,332,6.0,1002.6
2025-09-30T07:00+00:00,5925,2.6,333,6.2,1003.0
2025-09-30T08:00+00:00,5925,2.1,343,6.5,1003.0
2025-09-30T09:00+00:00,5925,2.0,4,5.4,1003.1
2025-09-30T10:00+00:00,5925,2.5,3,6.9,1002.9
2025-09-30T11:00+00:00,5925,2.9,333,7.7,1002.9
2025-09-30T12:00+00:00,5925,2.7,336,7.3,1002.6
2025-09-30T13:00+00:00,5925,3.1,329,7.7,1002.6
2025-09-30T14:00+00:00,5925,3.6,329,9.4,1002.9
2025-09-30T15:00+00:00,5925,3.9,329,8.2,1003.0
2025-09-30T16:00+00:00,5925,3.4,329,6.9,1003.0
2025-09-30T17:00+00:00,5925,3.2,330,7.1,1003.2
2025-09-30T18:00+00:00,5925,3.8,327,6.8,1003.6
2025-09-30T19:00+00:00,5925,2.9,330,5.5,1004.1
2025-09-30T20:00+00:00,5925,2.9,329,6.2,1004.3
2025-09-30T21:00+00:00,5925,3.4,331,7.1,1004.3
2025-09-30T22:00+00:00,5925,3.3,328,5.9,1004.3
2025-09-30T23:00+00:00,5925,3.8,328,8.1,1004.4
2025-10-01T00:00+00:00,5925,3.6,327,8.0,1004.4
2025-10-01T01:00+00:00,5925,2.4,318,5.6,1004.3
2025-10-01T02:00+00:00,5925,2.6,299,5.3,1004.4
2025-10-01T03:00+00:00,5925,2.8,314,6.5,1004.4
2025-10-01T04:00+00:00,5925,2.9,313,6.0,1004.3
2025-10-01T05:00+00:00,5925,3.1,305,6.4,1004.8
2025-10-01T06:00+00:00,5925,3.2,312,7.3,1005.2
2025-10-01T07:00+00:00,5925,3.6,324,7.9,1005.3
2025-10-01T08:00+00:00,5925,3.8,326,9.5,1005.5
2025-10-01T09:00+00:00,5925,4.1,325,9.9,1005.6
2025-10-01T10:00+00:00,5925,4.6,321,9.2,1005.5
2025-10-01T11:00+00:00,5925,4.6,311,10.5,1005.2
2025-10-01T12:00+00:00,5925,4.2,313,8.8,1005.3
2025-10-01T13:00+00:00,5925,4.0,304,8.7,1005.3
2025-10-01T14:00+00:00,5925,4.3,327,9.7,1005.1
2025-10-01T15:00+00:00,5925,5.1,329,10.0,1005.1
2025-10-01T16:00+00:00,5925,4.4,324,9.6,1005.3
2025-10-01T17:00+00:00,5925,4.0,321,10.1,1005.7
2025-10-01T18:00+00:00,5925,4.2,329,8.4,1006.4
2025-10-01T19:00+00:00,5925,4.6,334,9.8,1006.6
2025-10-01T20:00+00:00,5925,5.0,334,11.2,1006.8
2025-10-01T21:00+00:00,5925,4.5,331,10.5,1006.8
2025-10-01T22:00+00:00,5925,3.7,330,6.9,1006.7
2025-10-01T23:00+00:00,5925,3.5,329,7.1,1006.7
2025-10-02T00:00+00:00,5925,3.4,328,7.5,1006.6
2025-10-02T01:00+00:00,5925,3.5,328,7.7,1006.5
2025-10-02T02:00+00:00,5925,4.3,328,8.2,1006.2
2025-10-02T03:00+00:00,5925,3.5,324,7.4,1006.0
2025-10-02T04:00+00:00,5925,3.1,326,6.8,1006.0
2025-10-02T05:00+00:00,5925,3.0,326,6.8,1006.2
2025-10-02T06:00+00:00,5925,3.8,329,8.3,1006.7
2025-10-02T07:00+00:00,5925,3.7,333,9.7,1007.1
2025-10-02T08:00+00:00,5925,4.1,334,10.2,1007.1
2025-10-02T09:00+00:00,5925,4.3,331,9.5,1006.9
2025-10-02T10:00+00:00,5925,4.0,351,10.2,1006.7
2025-10-02T11:00+00:00,5925,4.7,347,12.0,1006.2
2025-10-02T12:00+00:00,5925,4.2,356,10.4,1005.6
2025-10-02T13:00+00:00,5925,4.6,346,12.4,1005.4
2025-10-02T14:00+00:00,5925,4.4,339,10.5,1005.1
2025-10-02T15:00+00:00,5925,3.7,342,9.1,1004.8
2025-10-02T16:00+00:00,5925,3.7,356,9.7,1005.2
2025-10-02T17:00+00:00,5925,2.7,9,7.2,1005.5
2025-10-02T18:00+00:00,5925,2.3,351,7.7,1005.9
2025-10-02T19:00+00:00,5925,2.4,330,4.9,1006.3
2025-10-02T20:00+00:00,5925,2.3,327,4.3,1006.3
2025-10-02T21:00+00:00,5925,2.1,326,4.2,1006.3
2025-10-02T22:00+00:00,5925,2.6,330,4.8,1006.0
2025-10-02T23:00+00:00,5925,2.4,327,5.1,1005.9
2025-10-03T00:00+00:00,5925,1.0,247,3.7,1005.8
2025-10-03T01:00+00:00,5925,1.6,300,3.8,1005.5
2025-10-03T02:00+00:00,5925,1.6,294,4.5,1004.9
2025-10-03T03:00+00:00,5925,2.8,306,6.3,1004.5
2025-10-03T04:00+00:00,5925,1.0,293,4.5,1004.4
2025-10-03T05:00+00:00,5925,1.5,304,5.5,1004.4
2025-10-03T06:00+00:00,5925,2.5,315,5.6,1004.6
2025-10-03T07:00+00:00,5925,3.0,316,7.3,1004.8
2025-10-03T08:00+00:00,5925,3.6,315,8.8,1004.7
2025-10-03T09:00+00:00,5925,4.2,327,8.4,1004.4
2025-10-03T10:00+00:00,5925,3.9,337,10.6,1003.7
2025-10-03T11:00+00:00,5925,4.5,326,9.9,1003.0
2025-10-03T12:00+00:00,5925,4.5,325,9.8,1002.3
2025-10-03T13:00+00:00,5925,4.2,327,9.7,1001.9
2025-10-03T14:00+00:00,5925,4.7,327,11.2,1001.2
2025-10-03T15:00+00:00,5925,4.9,324,9.4,1000.7
2025-10-03T16:00+00:00,5925,4.3,329,8.0,1000.4
2025-10-03T17:00+00:00,5925,3.4,328,6.5,1000.3
2025-10-03T18:00+00:00,5925,2.3,325,4.0,1000.3
2025-10-03T19:00+00:00,5925,1.8,322,2.9,1000.7
2025-10-03T20:00+00:00,5925,1.5,324,2.7,1000.5
2025-10-03T21:00+00:00,5925,1.0,301,2.7,1000.1
2025-10-03T22:00+00:00,5925,1.7,233,3.8,999.8
2025-10-03T23:00+00:00,5925,2.6,219,4.8,999.3
2025-10-04T00:00+00:00,5925,2.4,218,3.9,999.0
2025-10-04T01:00+00:00,5925,2.3,215,3.8,998.1
2025-10-04T02:00+00:00,5925,2.3,215,3.5,997.5
2025-10-04T03:00+00:00,5925,2.2,215,3.5,996.8
2025-10-04T04:00+00:00,5925,1.9,209,3.2,995.9
2025-10-04T05:00+00:00,5925,1.7,209,2.9,995.3
2025-10-04T06:00+00:00,5925,1.1,187,2.9,994.9
2025-10-04T07:00+00:00,5925,1.0,186,3.2,994.5
2025-10-04T08:00+00:00,5925,1.4,88,4.0,994.2
2025-10-04T09:00+00:00,5925,1.8,108,5.0,993.1
2025-10-04T10:00+00:00,5925,3.9,162,8.0,992.1
2025-10-04T11:00+00:00,5925,4.3,158,8.9,990.9
2025-10-04T12:00+00:00,5925,3.9,166,8.9,989.5
2025-10-04T13:00+00:00,5925,3.7,157,7.8,988.4
2025-10-04T14:00+00:00,5925,3.6,143,7.2,987.5
2025-10-04T15:00+00:00,5925,2.8,132,6.8,985.9
2025-10-04T16:00+00:00,5925,4.0,153,9.4,984.5
2025-10-04T17:00+00:00,5925,3.6,163,7.4,983.4
2025-10-04T18:00+00:00,5925,2.0,137,5.8,983.1
2025-10-04T19:00+00:00,5925,2.1,148,7.1,983.1
2025-10-04T20:00+00:00,5925,1.8,215,13.8,985.5
2025-10-04T21:00+00:00,5925,8.0,284,18.6,986.5
2025-10-04T22:00+00:00,5925,5.1,270,15.2,987.1
2025-10-04T23:00+00:00,5925,7.8,274,17.1,988.1
2025-10-05T00:00+00:00,5925,8.5,287,18.3,989.0
2025-10-05T01:00+00:00,5925,7.4,286,19.3,989.6
2025-10-05T02:00+00:00,5925,6.1,292,14.5,989.7
2025-10-05T03:00+00:00,5925,4.7,273,11.3,990.1
2025-10-05T04:00+00:00,5925,5.2,274,12.5,989.2
2025-10-05T05:00+00:00,5925,6.2,284,14.3,989.8
2025-10-05T06:00+00:00,5925,5.9,266,15.1,990.3
2025-10-05T07:00+00:00,5925,5.8,271,14.0,991.1
2025-10-05T08:00+00:00,5925,6.0,273,13.8,991.8
2025-10-05T09:00+00:00,5925,5.3,283,13.3,993.0
2025-10-05T10:00+00:00,5925,4.9,279,11.3,993.1
2025-10-05T11:00+00:00,5925,4.7,273,11.8,993.2
2025-10-05T12:00+00:00,5925,4.4,274,11.2,992.9
2025-10-05T13:00+00:00,5925,4.4,261,11.1,992.4
2025-10-05T14:00+00:00,5925,4.6,275,12.0,992.0
2025-10-05T15:00+00:00,5925,4.5,273,11.9,992.1
2025-10-05T16:00+00:00,5925,5.0,274,10.5,992.4
2025-10-05T17:00+00:00,5925,4.6,270,12.5,993.1
2025-10-05T18:00+00:00,5925,6.1,275,14.0,993.7
2025-10-05T19:00+00:00,5925,6.4,276,14.8,994.2
2025-10-05T20:00+00:00,5925,4.9,270,11.5,994.7
2025-10-05T21:00+00:00,5925,4.9,271,11.2,994.8
2025-10-05T22:00+00:00,5925,5.7,272,12.5,994.8
2025-10-05T23:00+00:00,5925,6.1,272,13.7,994.7
2025-10-06T00:00+00:00,5925,5.8,271,13.8,995.1
2025-10-06T01:00+00:00,5925,4.0,267,10.9,995.2
2025-10-06T02:00+00:00,5925,4.1,275,9.8,995.3
2025-10-06T03:00+00:00,5925,4.0,269,9.9,995.3
2025-10-06T04:00+00:00,5925,4.8,272,9.9,995.5
2025-10-06T05:00+00:00,5925,4.6,273,10.1,995.8
2025-10-06T06:00+00:00,5925,4.9,273,11.4,996.4
2025-10-06T07:00+00:00,5925,4.8,271,11.3,996.9
2025-10-06T08:00+00:00,5925,4.4,272,11.7,997.5
2025-10-06T09:00+00:00,5925,4.2,273,9.1,997.8
2025-10-06T10:00+00:00,5925,5.4,280,13.0,998.1
2025-10-06T11:00+00:00,5925,5.5,280,11.5,998.4
2025-10-06T12:00+00:00,5925,4.9,272,11.5,998.4
2025-10-06T13:00+00:00,5925,5.5,280,12.6,998.2
2025-10-06T14:00+00:00,5925,6.1,279,13.5,997.9
2025-10-06T15:00+00:00,5925,5.0,268,12.2,998.0
2025-10-06T16:00+00:00,5925,6.4,273,13.9,998.4
2025-10-06T17:00+00:00,5925,6.5,273,14.0,998.9
2025-10-06T18:00+00:00,5925,5.8,281,12.2,998.7
2025-10-06T19:00+00:00,5925,6.2,285,11.6,999.0
2025-10-06T20:00+00:00,5925,5.6,280,12.5,999.0
2025-10-06T21:00+00:00,5925,6.0,274,12.6,999.6
2025-10-06T22:00+00:00,5925,4.3,278,11.9,999.6
2025-10-06T23:00+00:00,5925,4.3,284,9.6,999.5
2025-10-07T00:00+00:00,5925,5.2,274,11.1,999.3
2025-10-07T01:00+00:00,5925,5.0,274,12.9,999.2
2025-10-07T02:00+00:00,5925,4.3,277,9.4,999.5
2025-10-07T03:00+00:00,5925,3.9,286,8.4,999.3
2025-10-07T04:00+00:00,5925,3.8,279,8.1,999.7
2025-10-07T05:00+00:00,5925,3.6,281,9.0,1000.1
2025-10-07T06:00+00:00,5925,4.4,292,9.1,1000.7
2025-10-07T07:00+00:00,5925,5.7,286,11.2,1001.3
2025-10-07T08:00+00:00,5925,5.3,292,10.4,1001.6
2025-10-07T09:00+00:00,5925,5.4,300,11.7,1001.6
2025-10-07T10:00+00:00,5925,5.8,299,14.7,1001.6
2025-10-07T11:00+00:00,5925,5.4,294,10.6,1001.5
2025-10-07T12:00+00:00,5925,5.5,310,12.2,1001.3
2025-10-07T13:00+00:00,5925,5.0,308,10.8,1001.4
2025-10-07T14:00+00:00,5925,6.0,311,13.2,1001.4
2025-10-07T15:00+00:00,5925,5.1,316,11.6,1001.5
2025-10-07T16:00+00:00,5925,4.6,317,10.5,1001.9
2025-10-07T17:00+00:00,5925,3.4,311,7.2,1002.3
2025-10-07T18:00+00:00,5925,3.2,308,7.0,1003.0
2025-10-07T19:00+00:00,5925,3.8,320,8.1,1003.1
2025-10-07T20:00+00:00,5925,3.3,315,8.0,1003.1
2025-10-07T21:00+00:00,5925,3.7,307,7.4,1003.1
2025-10-07T22:00+00:00,5925,3.9,303,7.4,1002.9
2025-10-07T23:00+00:00,5925,3.3,310,7.2,1002.5
2025-10-08T00:00+00:00,5925,3.6,309,8.7,1002.4
2025-10-08T01:00+00:00,5925,1.7,331,4.9,1002.4
2025-10-08T02:00+00:00,5925,1.2,322,3.9,1002.0
2025-10-08T03:00+00:00,5925,1.2,286,3.8,1002.0
2025-10-08T04:00+00:00,5925,1.9,220,3.3,1001.4
2025-10-08T05:00+00:00,5925,1.5,204,2.9,1001.6
2025-10-08T06:00+00:00,5925,1.4,208,2.9,1001.8
2025-10-08T07:00+00:00,5925,1.8,223,3.4,1001.8
2025-10-08T08:00+00:00,5925,0.6,216,3.0,1001.9
2025-10-08T09:00+00:00,5925,1.9,316,5.1,1001.4
2025-10-08T10:00+00:00,5925,2.0,321,5.3,1001.0
2025-10-08T11:00+00:00,5925,2.1,321,5.7,1000.4
2025-10-08T12:00+00:00,5925,3.0,296,7.1,999.8
2025-10-08T13:00+00:00,5925,3.2,297,7.6,999.6
2025-10-08T14:00+00:00,5925,3.5,314,8.8,999.2
2025-10-08T15:00+00:00,5925,2.8,300,6.8,999.0
2025-10-08T16:00+00:00,5925,2.4,304,6.0,998.9
2025-10-08T17:00+00:00,5925,2.4,293,5.6,998.9
2025-10-08T18:00+00:00,5925,2.2,290,4.9,999.0
2025-10-08T19:00+00:00,5925,1.5,249,3.7,999.1
2025-10-08T20:00+00:00,5925,1.9,290,4.3,998.9
2025-10-08T21:00+00:00,5925,1.9,291,4.4,999.0
2025-10-08T22:00+00:00,5925,1.0,290,4.4,998.9
2025-10-08T23:00+00:00,5925,0.7,270,3.2,998.7
2025-10-09T00:00+00:00,5925,1.3,286,4.1,998.5
2025-10-09T01:00+00:00,5925,2.4,291,5.6,998.4
2025-10-09T02:00+00:00,5925,3.5,288,8.3,998.1
2025-10-09T03:00+00:00,5925,3.0,278,7.0,998.0
2025-10-09T04:00+00:00,5925,3.1,282,6.9,998.1
2025-10-09T05:00+00:00,5925,3.3,283,7.0,998.1
2025-10-09T06:00+00:00,5925,4.0,279,9.1,998.4
2025-10-09T07:00+00:00,5925,4.1,281,8.8,998.8
2025-10-09T08:00+00:00,5925,3.0,274,7.5,999.2
2025-10-09T09:00+00:00,5925,3.8,279,8.6,999.6
2025-10-09T10:00+00:00,5925,3.5,276,8.6,999.9
2025-10-09T11:00+00:00,5925,3.9,277,8.7,999.9
2025-10-09T12:00+00:00,5925,3.4,273,8.2,999.8
2025-10-09T13:00+00:00,5925,3.9,275,9.0,999.8
2025-10-09T14:00+00:00,5925,4.3,272,9.8,999.8
2025-10-09T15:00+00:00,5925,3.3,285,7.8,1000.3
2025-10-09T16:00+00:00,5925,3.0,284,6.3,1000.7
2025-10-09T17:00+00:00,5925,2.7,282,5.4,1001.2
2025-10-09T18:00+00:00,5925,3.1,285,6.6,1001.9
2025-10-09T19:00+00:00,5925,4.0,287,8.2,1002.9
2025-10-09T20:00+00:00,5925,3.5,281,7.5,1003.1
2025-10-09T21:00+00:00,5925,4.7,295,9.2,1004.0
2025-10-09T22:00+00:00,5925,4.8,319,10.4,1004.5
2025-10-09T23:00+00:00,5925,3.1,316,9.3,1004.6
2025-10-10T00:00+00:00,5925,2.5,300,5.8,1004.7
2025-10-10T01:00+00:00,5925,2.3,297,5.9,1004.9
2025-10-10T02:00+00:00,5925,2.3,287,5.6,1005.1
2025-10-10T03:00+00:00,5925,2.4,277,5.7,1004.7
2025-10-10T04:00+00:00,5925,1.4,254,5.1,1004.6
2025-10-10T05:00+00:00,5925,2.1,273,6.2,1004.8
2025-10-10T06:00+00:00,5925,3.2,277,7.6,1005.1
2025-10-10T07:00+00:00,5925,4.5,287,10.4,1005.3
2025-10-10T08:00+00:00,5925,5.1,280,11.3,1005.7
2025-10-10T09:00+00:00,5925,6.0,292,13.5,1005.8
2025-10-10T10:00+00:00,5925,6.7,283,13.9,1006.0
2025-10-10T11:00+00:00,5925,6.6,292,14.1,1006.4
2025-10-10T12:00+00:00,5925,5.4,308,11.7,1006.0
2025-10-10T13:00+00:00,5925,5.3,310,12.8,1006.5
2025-10-10T14:00+00:00,5925,5.7,307,11.9,1006.2
2025-10-10T15:00+00:00,5925,5.8,307,12.2,1006.8
2025-10-10T16:00+00:00,5925,5.2,309,11.0,1007.3
2025-10-10T17:00+00:00,5925,6.6,296,13.8,1007.7
2025-10-10T18:00+00:00,5925,5.9,300,11.6,1007.9
2025-10-10T19:00+00:00,5925,5.7,292,11.7,1007.9
2025-10-10T20:00+00:00,5925,5.2,288,11.2,1008.1
2025-10-10T21:00+00:00,5925,5.1,293,10.9,1008.2
2025-10-10T22:00+00:00,5925,6.6,292,13.4,1008.7
2025-10-10T23:00+00:00,5925,6.4,286,13.1,1008.7
2025-10-11T00:00+00:00,5925,5.8,287,11.7,1008.8
2025-10-11T01:00+00:00,5925,6.4,284,13.5,1008.7
2025-10-11T02:00+00:00,5925,6.1,285,11.5,1008.6
2025-10-11T03:00+00:00,5925,6.5,289,13.2,1008.6
2025-10-11T04:00+00:00,5925,7.5,292,13.7,1008.6
2025-10-11T05:00+00:00,5925,6.2,289,12.4,1008.9
2025-10-11T06:00+00:00,5925,7.2,284,14.7,1008.9
2025-10-11T07:00+00:00,5925,7.0,288,13.8,1008.6
2025-10-11T08:00+00:00,5925,5.8,283,14.0,1009.0
2025-10-11T09:00+00:00,5925,7.3,286,14.7,1009.0
2025-10-11T10:00+00:00,5925,6.7,287,15.9,1008.8
2025-10-11T11:00+00:00,5925,7.5,290,14.6,1008.7
2025-10-11T12:00+00:00,5925,6.3,283,14.1,1008.2
2025-10-11T13:00+00:00,5925,5.7,275,13.1,1008.0
2025-10-11T14:00+00:00,5925,6.4,279,13.6,1007.8
2025-10-11T15:00+00:00,5925,6.1,275,12.2,1007.7
2025-10-11T16:00+00:00,5925,5.8,273,11.8,1007.7
2025-10-11T17:00+00:00,5925,5.1,277,11.2,1007.9
2025-10-11T18:00+00:00,5925,5.1,278,10.8,1008.1
2025-10-11T19:00+00:00,5925,5.8,283,11.9,1008.2
2025-10-11T20:00+00:00,5925,4.8,287,9.8,1008.6
2025-10-11T21:00+00:00,5925,4.2,293,9.2,1008.7
2025-10-11T22:00+00:00,5925,4.8,306,9.8,1008.7
2025-10-11T23:00+00:00,5925,4.3,318,10.7,1008.7
2025-10-12T00:00+00:00,5925,3.9,313,8.3,1008.5
2025-10-12T01:00+00:00,5925,4.3,312,8.5,1007.9
2025-10-12T02:00+00:00,5925,3.6,315,7.4,1007.6
2025-10-12T03:00+00:00,5925,3.6,323,7.2,1007.4
2025-10-12T04:00+00:00,5925,2.7,318,7.2,1007.1
2025-10-12T05:00+00:00,5925,2.5,292,5.5,1007.0
2025-10-12T06:00+00:00,5925,1.6,284,4.9,1007.1
2025-10-12T07:00+00:00,5925,1.8,316,5.9,1006.9
2025-10-12T08:00+00:00,5925,3.1,329,8.5,1006.9
2025-10-12T09:00+00:00,5925,4.4,330,9.2,1006.9
2025-10-12T10:00+00:00,5925,3.7,323,9.0,1006.6
2025-10-12T11:00+00:00,5925,4.6,327,9.5,1005.7
2025-10-12T12:00+00:00,5925,4.6,321,9.6,1005.1
2025-10-12T13:00+00:00,5925,4.0,316,8.8,1004.5
2025-10-12T14:00+00:00,5925,4.2,321,9.4,1004.2
2025-10-12T15:00+00:00,5925,3.6,314,9.0,1004.1
2025-10-12T16:00+00:00,5925,4.0,325,8.0,1004.1
2025-10-12T17:00+00:00,5925,3.4,322,7.4,1004.1
2025-10-12T18:00+00:00,5925,2.9,316,6.5,1004.3
2025-10-12T19:00+00:00,5925,3.4,325,7.8,1004.2
2025-10-12T20:00+00:00,5925,3.9,319,9.1,1004.4
2025-10-12T21:00+00:00,5925,4.6,309,10.3,1004.2
2025-10-12T22:00+00:00,5925,4.2,304,9.0,1004.0
2025-10-12T23:00+00:00,5925,4.5,300,11.2,1003.8
2025-10-13T00:00+00:00,5925,5.5,300,11.5,1003.7
2025-10-13T01:00+00:00,5925,5.0,295,11.1,1003.4
2025-10-13T02:00+00:00,5925,4.5,284,10.0,1003.3
2025-10-13T03:00+00:00,5925,3.8,277,10.0,1003.3
2025-10-13T04:00+00:00,5925,3.1,269,8.5,1003.2
2025-10-13T05:00+00:00,5925,3.2,268,8.9,1003.0
2025-10-13T06:00+00:00,5925,3.6,276,8.8,1003.3
2025-10-13T07:00+00:00,5925,4.0,279,9.4,1003.4
2025-10-13T08:00+00:00,5925,3.0,264,8.0,1003.6
2025-10-13T09:00+00:00,5925,3.6,272,10.1,1003.4
2025-10-13T10:00+00:00,5925,4.5,294,9.2,1003.8
2025-10-13T11:00+00:00,5925,3.9,287,9.0,1003.5
2025-10-13T12:00+00:00,5925,4.0,271,8.6,1003.1
2025-10-13T13:00+00:00,5925,4.1,259,9.5,1002.7
2025-10-13T14:00+00:00,5925,4.8,275,9.5,1002.5
2025-10-13T15:00+00:00,5925,3.1,292,7.9,1002.4
2025-10-13T16:00+00:00,5925,3.5,303,9.0,1002.5
2025-10-13T17:00+00:00,5925,3.0,278,7.5,1002.9
2025-10-13T18:00+00:00,5925,2.7,270,6.2,1002.9
2025-10-13T19:00+00:00,5925,2.6,271,6.6,1002.9
2025-10-13T20:00+00:00,5925,2.6,293,6.3,1003.0
2025-10-13T21:00+00:00,5925,1.6,300,5.3,1003.3
2025-10-13T22:00+00:00,5925,1.7,316,4.4,1003.4
2025-10-13T23:00+00:00,5925,1.2,309,3.3,1003.2
2025-10-14T00:00+00:00,5925,1.1,283,3.2,1003.3
2025-10-14T01:00+00:00,5925,1.5,257,5.2,1003.2
2025-10-14T02:00+00:00,5925,1.7,326,4.1,1003.0
2025-10-14T03:00+00:00,5925,1.6,325,3.3,1002.7
2025-10-14T04:00+00:00,5925,1.0,268,4.6,1002.5
2025-10-14T05:00+00:00,5925,1.2,321,4.0,1002.5
2025-10-14T06:00+00:00,5925,1.6,306,4.2,1002.7
2025-10-14T07:00+00:00,5925,1.8,216,3.3,1002.9
2025-10-14T08:00+00:00,5925,2.8,315,6.7,1003.0
2025-10-14T09:00+00:00,5925,3.4,319,7.5,1003.0
2025-10-14T10:00+00:00,5925,2.7,313,7.2,1002.9
2025-10-14T11:00+00:00,5925,3.8,319,8.2,1002.4
2025-10-14T12:00+00:00,5925,3.3,321,8.3,1002.0
2025-10-14T13:00+00:00,5925,3.5,308,8.5,1001.5
2025-10-14T14:00+00:00,5925,3.3,281,7.7,1001.2
2025-10-14T15:00+00:00,5925,2.3,304,6.8,1000.9
2025-10-14T16:00+00:00,5925,2.0,300,4.7,1000.7
2025-10-14T17:00+00:00,5925,1.1,337,3.4,1001.0
2025-10-14T18:00+00:00,5925,1.1,83,2.4,1001.3
2025-10-14T19:00+00:00,5925,0.6,27,3.1,1001.5
2025-10-14T20:00+00:00,5925,1.8,47,4.2,1002.2
2025-10-14T21:00+00:00,5925,1.3,344,4.4,1002.1
2025-10-14T22:00+00:00,5925,1.7,221,3.9,1001.9
2025-10-14T23:00+00:00,5925,2.3,240,5.5,1001.9
2025-10-15T00:00+00:00,5925,2.6,280,7.5,1002.2
2025-10-15T01:00+00:00,5925,3.4,291,6.8,1002.1
2025-10-15T02:00+00:00,5925,2.4,308,7.2,1002.2
2025-10-15T03:00+00:00,5925,2.9,300,7.9,1002.1
2025-10-15T04:00+00:00,5925,3.3,300,7.0,1002.2
2025-10-15T05:00+00:00,5925,2.8,285,6.3,1002.2
2025-10-15T06:00+00:00,5925,2.3,282,5.9,1002.7
2025-10-15T07:00+00:00,5925,1.1,253,3.9,1003.1
2025-10-15T08:00+00:00,5925,2.1,287,6.1,1003.2
2025-10-15T09:00+00:00,5925,2.1,283,5.7,1003.2
2025-10-15T10:00+00:00,5925,2.7,291,6.6,1003.3
2025-10-15T11:00+00:00,5925,2.6,310,6.3,1003.2
2025-10-15T12:00+00:00,5925,1.7,277,5.3,1002.9
2025-10-15T13:00+00:00,5925,1.6,303,5.2,1002.6
2025-10-15T14:00+00:00,5925,2.0,256,5.2,1002.6
2025-10-15T15:00+00:00,5925,2.3,234,5.1,1002.4
2025-10-15T16:00+00:00,5925,1.9,274,4.7,1002.6
2025-10-15T17:00+00:00,5925,3.0,299,7.0,1003.0
2025-10-15T18:00+00:00,5925,2.6,319,6.5,1003.2
2025-10-15T19:00+00:00,5925,2.9,327,7.4,1003.5
2025-10-15T20:00+00:00,5925,2.6,315,5.7,1003.5
2025-10-15T21:00+00:00,5925,2.1,303,4.6,1003.6
2025-10-15T22:00+00:00,5925,2.2,300,4.6,1003.4
2025-10-15T23:00+00:00,5925,2.3,298,4.1,1003.3
2025-10-16T00:00+00:00,5925,1.9,313,4.7,1003.2
2025-10-16T01:00+00:00,5925,1.7,313,4.2,1003.0
2025-10-16T02:00+00:00,5925,1.9,299,3.5,1002.7
2025-10-16T03:00+00:00,5925,1.6,291,4.0,1002.5
2025-10-16T04:00+00:00,5925,1.3,309,3.3,1002.3
2025-10-16T05:00+00:00,5925,1.8,228,3.6,1002.4
2025-10-16T06:00+00:00,5925,2.0,224,4.1,1002.7
2025-10-16T07:00+00:00,5925,1.6,215,4.1,1002.9
2025-10-16T08:00+00:00,5925,2.1,220,4.3,1003.1
2025-10-16T09:00+00:00,5925,1.4,210,3.7,1002.9
2025-10-16T10:00+00:00,5925,0.5,8,5.0,1002.7
2025-10-16T11:00+00:00,5925,1.1,330,4.6,1002.2
2025-10-16T12:00+00:00,5925,0.8,316,5.8,1001.8
2025-10-16T13:00+00:00,5925,1.7,319,5.8,1001.4
2025-10-16T14:00+00:00,5925,1.3,350,4.9,1001.1
2025-10-16T15:00+00:00,5925,0.2,260,4.4,1001.0
2025-10-16T16:00+00:00,5925,2.7,171,5.6,1001.1
2025-10-16T17:00+00:00,5925,2.6,169,4.9,1001.3
2025-10-16T18:00+00:00,5925,2.3,206,4.2,1001.3
2025-10-16T19:00+00:00,5925,2.3,223,3.3,1001.5
2025-10-16T20:00+00:00,5925,2.0,218,3.1,1001.8
2025-10-16T21:00+00:00,5925,2.2,213,3.2,1001.6
2025-10-16T22:00+00:00,5925,2.3,221,3.9,1001.3
2025-10-16T23:00+00:00,5925,2.3,221,3.7,1001.3
2025-10-17T00:00+00:00,5925,2.7,219,4.2,1001.1
2025-10-17T01:00+00:00,5925,2.0,217,3.9,1000.8
2025-10-17T02:00+00:00,5925,1.1,198,2.7,1000.4
2025-10-17T03:00+00:00,5925,1.4,206,3.3,1000.2
2025-10-17T04:00+00:00,5925,1.0,199,3.0,1000.2
2025-10-17T05:00+00:00,5925,1.7,210,3.0,1000.0
2025-10-17T06:00+00:00,5925,2.3,221,3.6,1000.4
2025-10-17T07:00+00:00,5925,2.0,216,4.0,1000.8
2025-10-17T08:00+00:00,5925,1.7,211,3.1,1000.9
2025-10-17T09:00+00:00,5925,1.7,213,3.2,1001.1
2025-10-17T10:00+00:00,5925,1.8,224,3.9,1001.1
2025-10-17T11:00+00:00,5925,1.3,274,4.7,1000.8
2025-10-17T12:00+00:00,5925,1.4,268,4.6,1000.4
2025-10-17T13:00+00:00,5925,1.6,248,4.8,1000.2
2025-10-17T14:00+00:00,5925,2.7,230,5.9,999.9
2025-10-17T15:00+00:00,5925,2.1,242,5.2,999.8
2025-10-17T16:00+00:00,5925,2.0,255,5.1,999.8
2025-10-17T17:00+00:00,5925,1.2,254,4.4,1000.0
2025-10-17T18:00+00:00,5925,1.4,216,4.1,1000.1
2025-10-17T19:00+00:00,5925,1.7,284,6.9,1000.3
2025-10-17T20:00+00:00,5925,1.8,249,6.5,1000.8
2025-10-17T21:00+00:00,5925,2.0,273,7.1,1000.8
2025-10-17T22:00+00:00,5925,2.9,271,7.7,1000.5
2025-10-17T23:00+00:00,5925,3.6,268,8.4,1000.5
2025-10-18T00:00+00:00,5925,3.0,266,7.9,1000.5
2025-10-18T01:00+00:00,5925,3.6,274,8.0,1000.4
2025-10-18T02:00+00:00,5925,3.5,269,7.5,1000.2
2025-10-18T03:00+00:00,5925,2.5,262,6.8,1000.3
2025-10-18T04:00+00:00,5925,2.1,276,5.1,1000.4
2025-10-18T05:00+00:00,5925,2.1,271,5.9,1000.8
2025-10-18T06:00+00:00,5925,1.7,263,5.8,1001.2
2025-10-18T07:00+00:00,5925,3.1,289,6.3,1001.9
2025-10-18T08:00+00:00,5925,4.2,321,9.7,1002.6
2025-10-18T09:00+00:00,5925,4.8,328,11.7,1003.3
2025-10-18T10:00+00:00,5925,4.5,326,13.6,1003.7
2025-10-18T11:00+00:00,5925,4.9,325,10.4,1003.7
2025-10-18T12:00+00:00,5925,5.5,318,11.3,1003.5
2025-10-18T13:00+00:00,5925,5.4,325,11.1,1003.6
2025-10-18T14:00+00:00,5925,5.4,328,11.1,1003.8
2025-10-18T15:00+00:00,5925,4.5,326,9.3,1003.7
2025-10-18T16:00+00:00,5925,3.5,327,8.3,1004.2
2025-10-18T17:00+00:00,5925,2.6,326,5.7,1004.8
2025-10-18T18:00+00:00,5925,1.9,326,4.6,1005.4
2025-10-18T19:00+00:00,5925,2.7,324,6.0,1006.0
2025-10-18T20:00+00:00,5925,3.2,327,6.3,1006.0
2025-10-18T21:00+00:00,5925,3.1,329,5.4,1006.2
2025-10-18T22:00+00:00,5925,1.0,308,3.5,1006.2
2025-10-18T23:00+00:00,5925,1.8,216,3.8,1006.0
2025-10-19T00:00+00:00,5925,2.1,216,3.6,1006.0
2025-10-19T01:00+00:00,5925,2.2,217,3.7,1005.5
2025-10-19T02:00+00:00,5925,2.5,215,3.7,1005.2
2025-10-19T03:00+00:00,5925,1.9,214,3.3,1004.9
2025-10-19T04:00+00:00,5925,1.7,212,3.1,1004.7
2025-10-19T05:00+00:00,5925,1.1,198,2.6,1004.5
2025-10-19T06:00+00:00,5925,1.0,205,2.8,1004.5
2025-10-19T07:00+00:00,5925,0.5,92,1.7,1004.5
2025-10-19T08:00+00:00,5925,1.2,70,3.1,1004.4
2025-10-19T09:00+00:00,5925,1.6,68,4.8,1004.0
2025-10-19T10:00+00:00,5925,2.1,91,5.3,1003.3
2025-10-19T11:00+00:00,5925,2.3,111,6.6,1002.3
2025-10-19T12:00+00:00,5925,1.7,119,5.4,1001.4
2025-10-19T13:00+00:00,5925,2.9,129,6.8,1000.4
2025-10-19T14:00+00:00,5925,3.3,140,7.1,999.8
2025-10-19T15:00+00:00,5925,3.2,135,7.3,998.9
2025-10-19T16:00+00:00,5925,3.7,125,7.7,998.7
2025-10-19T17:00+00:00,5925,3.7,125,7.4,998.2
2025-10-19T18:00+00:00,5925,4.1,127,8.3,998.0
2025-10-19T19:00+00:00,5925,3.8,121,8.1,997.5
2025-10-19T20:00+00:00,5925,3.9,129,7.6,997.0
2025-10-19T21:00+00:00,5925,3.5,124,7.9,996.4
2025-10-19T22:00+00:00,5925,3.3,132,7.5,995.9
2025-10-19T23:00+00:00,5925,2.9,133,6.4,995.2
2025-10-20T00:00+00:00,5925,2.2,143,5.2,994.9
2025-10-20T01:00+00:00,5925,2.0,135,5.2,994.3
2025-10-20T02:00+00:00,5925,1.7,123,4.6,994.0
2025-10-20T03:00+00:00,5925,1.8,107,4.2,993.7
2025-10-20T04:00+00:00,5925,1.9,129,4.5,993.4
2025-10-20T05:00+00:00,5925,2.2,140,5.3,993.1
2025-10-20T06:00+00:00,5925,2.5,147,5.7,993.1
2025-10-20T07:00+00:00,5925,3.3,149,8.7,993.0
2025-10-20T08:00+00:00,5925,4.3,144,9.4,993.0
2025-10-20T09:00+00:00,5925,5.7,136,11.1,992.5
2025-10-20T10:00+00:00,5925,5.7,137,12.1,992.1
2025-10-20T11:00+00:00,5925,5.8,138,12.1,991.5
2025-10-20T12:00+00:00,5925,6.2,149,12.5,991.0
2025-10-20T13:00+00:00,5925,6.4,145,13.4,990.3
2025-10-20T14:00+00:00,5925,6.6,145,14.0,990.0
2025-10-20T15:00+00:00,5925,5.8,136,13.0,989.5
2025-10-20T16:00+00:00,5925,5.1,133,10.7,989.0
2025-10-20T17:00+00:00,5925,5.3,132,11.8,988.8
2025-10-20T18:00+00:00,5925,5.2,130,11.1,988.6
2025-10-20T19:00+00:00,5925,5.2,131,10.3,988.1
2025-10-20T20:00+00:00,5925,5.8,132,11.2,987.7
2025-10-20T21:00+00:00,5925,6.0,130,12.2,987.1
2025-10-20T22:00+00:00,5925,6.6,133,12.9,986.8
2025-10-20T23:00+00:00,5925,5.7,139,12.1,986.5
2025-10-21T00:00+00:00,5925,4.8,136,10.3,986.2
2025-10-21T01:00+00:00,5925,3.7,132,8.5,985.7
2025-10-21T02:00+00:00,5925,3.8,129,7.1,985.3
2025-10-21T03:00+00:00,5925,3.0,126,6.3,984.9
2025-10-21T04:00+00:00,5925,2.4,127,5.4,984.9
2025-10-21T05:00+00:00,5925,2.1,131,4.7,984.9
2025-10-21T06:00+00:00,5925,1.9,114,3.9,985.2
2025-10-21T07:00+00:00,5925,2.8,129,5.7,985.7
2025-10-21T08:00+00:00,5925,2.4,146,5.7,985.8
2025-10-21T09:00+00:00,5925,1.8,138,5.4,986.0
2025-10-21T10:00+00:00,5925,2.2,126,5.6,986.2
2025-10-21T11:00+00:00,5925,2.3,103,5.9,985.7
2025-10-21T12:00+00:00,5925,2.4,77,6.2,985.3
2025-10-21T13:00+00:00,5925,2.9,105,7.9,984.6
2025-10-21T14:00+00:00,5925,3.5,96,8.7,984.5
2025-10-21T15:00+00:00,5925,4.4,90,8.8,984.5
2025-10-21T16:00+00:00,5925,3.7,76,8.1,984.7
2025-10-21T17:00+00:00,5925,3.3,67,6.5,984.8
2025-10-21T18:00+00:00,5925,2.4,50,5.7,984.8
2025-10-21T19:00+00:00,5925,1.8,48,3.9,984.8
2025-10-21T20:00+00:00,5925,1.8,39,3.5,985.1
2025-10-21T21:00+00:00,5925,1.7,35,3.5,984.9
2025-10-21T22:00+00:00,5925,1.6,357,4.4,984.9
2025-10-21T23:00+00:00,5925,1.4,336,3.6,984.7
2025-10-22T00:00+00:00,5925,1.2,344,3.3,984.6
2025-10-22T01:00+00:00,5925,1.3,333,3.5,984.4
2025-10-22T02:00+00:00,5925,1.4,19,3.3,984.0
2025-10-22T03:00+00:00,5925,1.2,26,2.6,983.6
2025-10-22T04:00+00:00,5925,1.7,46,3.1,983.2
2025-10-22T05:00+00:00,5925,1.7,68,5.1,983.1
2025-10-22T06:00+00:00,5925,2.8,115,6.5,983.1
2025-10-22T07:00+00:00,5925,3.2,127,6.7,983.4
2025-10-22T08:00+00:00,5925,3.6,130,7.3,983.3
2025-10-22T09:00+00:00,5925,3.5,132,6.8,983.3
2025-10-22T10:00+00:00,5925,2.6,138,6.2,983.2
2025-10-22T11:00+00:00,5925,2.8,134,6.7,982.7
2025-10-22T12:00+00:00,5925,3.6,132,7.4,982.3
2025-10-22T13:00+00:00,5925,3.0,141,6.7,982.3
2025-10-22T14:00+00:00,5925,2.9,140,6.9,982.9
2025-10-22T15:00+00:00,5925,1.0,165,5.5,983.5
2025-10-22T16:00+00:00,5925,4.7,285,9.3,984.4
2025-10-22T17:00+00:00,5925,2.2,263,6.5,984.5
2025-10-22T18:00+00:00,5925,0.5,282,3.0,984.3
2025-10-22T19:00+00:00,5925,1.7,212,3.3,984.4
2025-10-22T20:00+00:00,5925,1.0,192,2.6,984.3
2025-10-22T21:00+00:00,5925,1.8,211,3.5,984.5
2025-10-22T22:00+00:00,5925,1.7,212,3.4,984.1
2025-10-22T23:00+00:00,5925,2.0,221,3.2,984.0
2025-10-23T00:00+00:00,5925,0.5,210,2.5,983.3
2025-10-23T01:00+00:00,5925,0.6,103,2.3,982.4
2025-10-23T02:00+00:00,5925,0.8,199,2.7,981.8
2025-10-23T03:00+00:00,5925,0.6,119,3.6,981.2
2025-10-23T04:00+00:00,5925,1.7,129,4.1,980.5
2025-10-23T05:00+00:00,5925,1.0,123,3.4,979.7
2025-10-23T06:00+00:00,5925,1.9,131,4.4,978.9
2025-10-23T07:00+00:00,5925,1.9,132,5.5,978.2
2025-10-23T08:00+00:00,5925,2.7,117,5.6,976.8
2025-10-23T09:00+00:00,5925,2.2,126,5.9,975.7
2025-10-23T10:00+00:00,5925,1.7,182,5.3,974.3
2025-10-23T11:00+00:00,5925,3.2,155,8.9,973.3
2025-10-23T12:00+00:00,5925,5.1,159,11.9,971.8
2025-10-23T13:00+00:00,5925,5.7,166,12.8,971.0
2025-10-23T14:00+00:00,5925,5.2,169,12.1,970.3
2025-10-23T15:00+00:00,5925,7.2,174,13.2,970.5
2025-10-23T16:00+00:00,5925,5.7,213,17.1,972.9
2025-10-23T17:00+00:00,5925,7.9,254,18.6,974.6
2025-10-23T18:00+00:00,5925,8.4,276,20.7,975.5
2025-10-23T19:00+00:00,5925,7.1,280,14.5,975.5
2025-10-23T20:00+00:00,5925,6.5,273,18.2,976.2
2025-10-23T21:00+00:00,5925,5.3,271,13.3,977.0
2025-10-23T22:00+00:00,5925,4.5,272,10.9,976.6
2025-10-23T23:00+00:00,5925,3.7,271,9.7,977.1
2025-10-24T00:00+00:00,5925,4.8,277,11.8,976.7
2025-10-24T01:00+00:00,5925,5.0,281,12.7,976.4
2025-10-24T02:00+00:00,5925,6.6,282,14.8,976.0
2025-10-24T03:00+00:00,5925,7.9,282,19.7,976.4
2025-10-24T04:00+00:00,5925,7.6,279,17.3,976.9
2025-10-24T05:00+00:00,5925,8.0,283,16.7,977.8
2025-10-24T06:00+00:00,5925,8.2,283,17.6,979.2
2025-10-24T07:00+00:00,5925,9.1,283,20.5,980.4
2025-10-24T08:00+00:00,5925,7.1,284,16.2,981.8
2025-10-24T09:00+00:00,5925,7.1,280,19.1,983.2
2025-10-24T10:00+00:00,5925,8.2,285,17.9,984.1
2025-10-24T11:00+00:00,5925,7.2,281,15.4,984.0
2025-10-24T12:00+00:00,5925,7.5,266,18.0,984.7
2025-10-24T13:00+00:00,5925,7.3,265,17.3,984.6
2025-10-24T14:00+00:00,5925,8.4,278,19.4,985.2
2025-10-24T15:00+00:00,5925,7.0,295,15.4,986.5
2025-10-24T16:00+00:00,5925,5.3,278,13.4,987.6
2025-10-24T17:00+00:00,5925,4.9,277,11.7,988.7
2025-10-24T18:00+00:00,5925,4.7,269,13.0,989.0
2025-10-24T19:00+00:00,5925,3.8,249,11.3,989.3
2025-10-24T20:00+00:00,5925,4.1,254,10.1,989.8
2025-10-24T21:00+00:00,5925,4.4,251,10.9,990.3
2025-10-24T22:00+00:00,5925,3.4,224,8.3,990.3
2025-10-24T23:00+00:00,5925,1.5,215,4.9,990.1
2025-10-25T00:00+00:00,5925,1.7,203,3.4,990.0
2025-10-25T01:00+00:00,5925,2.6,223,4.7,989.7
2025-10-25T02:00+00:00,5925,2.9,222,4.7,989.3
2025-10-25T03:00+00:00,5925,2.7,220,5.2,989.0
2025-10-25T04:00+00:00,5925,2.3,218,3.7,988.2
2025-10-25T05:00+00:00,5925,2.2,213,3.8,987.7
2025-10-25T06:00+00:00,5925,2.6,198,6.6,987.3
2025-10-25T07:00+00:00,5925,1.7,211,4.2,987.6
2025-10-25T08:00+00:00,5925,1.5,207,3.0,987.6
2025-10-25T09:00+00:00,5925,1.7,211,3.3,987.7
2025-10-25T10:00+00:00,5925,1.6,239,5.3,987.3
2025-10-25T11:00+00:00,5925,1.7,189,4.6,986.3
2025-10-25T12:00+00:00,5925,2.0,174,4.7,985.5
2025-10-25T13:00+00:00,5925,1.6,237,8.7,984.4
2025-10-25T14:00+00:00,5925,2.2,284,7.7,983.6
2025-10-25T15:00+00:00,5925,1.5,172,6.2,984.8
2025-10-25T16:00+00:00,5925,3.6,298,10.0,985.6
2025-10-25T17:00+00:00,5925,3.2,265,8.9,985.2
2025-10-25T18:00+00:00,5925,4.4,248,10.0,984.6
2025-10-25T19:00+00:00,5925,5.0,251,11.4,984.5
2025-10-25T20:00+00:00,5925,4.4,236,10.4,984.7
2025-10-25T21:00+00:00,5925,2.4,208,5.3,984.8
2025-10-25T22:00+00:00,5925,1.0,201,6.4,984.7
2025-10-25T23:00+00:00,5925,1.9,220,4.0,984.9
2025-10-26T00:00+00:00,5925,2.2,229,4.0,984.8
2025-10-26T01:00+00:00,5925,1.8,223,5.3,984.8
2025-10-26T02:00+00:00,5925,2.5,225,5.3,984.5
2025-10-26T03:00+00:00,5925,2.8,242,6.2,984.6
2025-10-26T04:00+00:00,5925,3.0,264,7.1,984.5
2025-10-26T05:00+00:00,5925,0.9,281,4.1,984.2
2025-10-26T06:00+00:00,5925,1.4,283,5.5,984.7
2025-10-26T07:00+00:00,5925,1.0,248,3.3,984.7
2025-10-26T08:00+00:00,5925,1.0,198,3.5,984.6
2025-10-26T09:00+00:00,5925,2.4,204,6.2,984.6
2025-10-26T10:00+00:00,5925,3.6,257,14.9,984.8
2025-10-26T11:00+00:00,5925,5.8,248,14.2,984.7
2025-10-26T12:00+00:00,5925,6.2,253,15.2,985.1
2025-10-26T13:00+00:00,5925,6.3,272,16.4,984.6
2025-10-26T14:00+00:00,5925,7.7,273,18.9,984.6
2025-10-26T15:00+00:00,5925,7.1,269,17.6,984.5
2025-10-26T16:00+00:00,5925,6.0,265,14.6,984.9
2025-10-26T17:00+00:00,5925,4.9,268,13.8,985.5
2025-10-26T18:00+00:00,5925,4.3,282,11.5,986.2
2025-10-26T19:00+00:00,5925,2.6,268,9.3,986.5
2025-10-26T20:00+00:00,5925,3.9,266,9.3,986.5
2025-10-26T21:00+00:00,5925,4.9,267,12.4,986.6
2025-10-26T22:00+00:00,5925,5.4,267,14.9,986.7
2025-10-26T23:00+00:00,5925,4.1,266,11.7,986.7
2025-10-27T00:00+00:00,5925,3.6,282,10.9,987.1
2025-10-27T01:00+00:00,5925,4.2,277,12.0,987.1
2025-10-27T02:00+00:00,5925,2.7,265,9.7,987.0
2025-10-27T03:00+00:00,5925,3.1,254,12.4,986.5
2025-10-27T04:00+00:00,5925,3.3,235,9.1,986.0
2025-10-27T05:00+00:00,5925,3.8,233,8.8,985.6
2025-10-27T06:00+00:00,5925,4.6,238,10.5,985.4
2025-10-27T07:00+00:00,5925,4.8,226,10.7,985.1
2025-10-27T08:00+00:00,5925,4.0,208,8.7,984.6
2025-10-27T09:00+00:00,5925,4.2,215,19.3,984.3
2025-10-27T10:00+00:00,5925,4.0,257,13.4,983.8
2025-10-27T11:00+00:00,5925,3.5,182,8.5,982.7
2025-10-27T12:00+00:00,5925,1.6,194,4.9,982.2
2025-10-27T13:00+00:00,5925,2.0,233,9.1,982.1
2025-10-27T14:00+00:00,5925,3.5,232,9.1,981.9
2025-10-27T15:00+00:00,5925,6.3,231,13.1,981.3
2025-10-27T16:00+00:00,5925,7.4,241,14.6,981.8
2025-10-27T17:00+00:00,5925,5.6,255,15.7,981.6
2025-10-27T18:00+00:00,5925,7.7,267,19.9,981.6
2025-10-27T19:00+00:00,5925,9.4,275,20.1,982.0
2025-10-27T20:00+00:00,5925,9.8,276,24.6,982.2
2025-10-27T21:00+00:00,5925,10.1,281,23.4,983.2
2025-10-27T22:00+00:00,5925,8.8,278,20.4,983.8
2025-10-27T23:00+00:00,5925,9.2,281,20.0,985.7
2025-10-28T00:00+00:00,5925,5.8,281,12.0,986.5
2025-10-28T01:00+00:00,5925,5.0,273,13.5,987.4
2025-10-28T02:00+00:00,5925,5.8,271,13.6,988.1
2025-10-28T03:00+00:00,5925,6.1,281,14.1,988.6
2025-10-28T04:00+00:00,5925,5.6,281,14.5,989.7
2025-10-28T05:00+00:00,5925,4.2,259,10.8,990.2
2025-10-28T06:00+00:00,5925,4.3,263,12.3,991.0
2025-10-28T07:00+00:00,5925,4.7,269,14.3,991.9
2025-10-28T08:00+00:00,5925,5.3,273,14.4,991.9
2025-10-28T09:00+00:00,5925,7.3,279,19.4,991.8
2025-10-28T10:00+00:00,5925,6.9,280,16.9,991.9
2025-10-28T11:00+00:00,5925,5.6,266,15.3,991.8
2025-10-28T12:00+00:00,5925,4.1,246,12.3,991.1
2025-10-28T13:00+00:00,5925,5.5,251,15.6,990.4
2025-10-28T14:00+00:00,5925,5.2,235,13.0,990.1
2025-10-28T15:00+00:00,5925,3.8,228,8.1,990.0
2025-10-28T16:00+00:00,5925,2.1,210,4.5,990.1
2025-10-28T17:00+00:00,5925,2.1,199,4.2,990.4
2025-10-28T18:00+00:00,5925,2.4,191,4.9,990.7
2025-10-28T19:00+00:00,5925,2.9,225,5.2,990.9
2025-10-28T20:00+00:00,5925,4.0,228,9.0,991.1
2025-10-28T21:00+00:00,5925,4.8,228,9.3,991.2
2025-10-28T22:00+00:00,5925,4.8,237,11.4,991.6
2025-10-28T23:00+00:00,5925,5.0,248,13.9,992.0
2025-10-29T00:00+00:00,5925,5.0,250,12.3,992.2
2025-10-29T01:00+00:00,5925,5.2,249,13.4,992.5
2025-10-29T02:00+00:00,5925,4.1,251,12.1,992.9
2025-10-29T03:00+00:00,5925,3.7,251,11.1,993.3
2025-10-29T04:00+00:00,5925,3.5,265,8.8,994.0
2025-10-29T05:00+00:00,5925,3.3,255,8.5,994.3
2025-10-29T06:00+00:00,5925,2.9,242,5.9,994.8
2025-10-29T07:00+00:00,5925,2.5,236,4.9,995.2
2025-10-29T08:00+00:00,5925,2.6,232,5.2,995.1
2025-10-29T09:00+00:00,5925,1.2,237,5.2,994.6
2025-10-29T10:00+00:00,5925,2.6,191,5.7,994.3
2025-10-29T11:00+00:00,5925,3.0,168,6.6,993.3
2025-10-29T12:00+00:00,5925,4.2,154,9.3,992.2
2025-10-29T13:00+00:00,5925,5.5,144,9.8,991.3
2025-10-29T14:00+00:00,5925,4.4,138,9.3,990.7
2025-10-29T15:00+00:00,5925,4.1,134,8.9,989.7
2025-10-29T16:00+00:00,5925,3.9,130,8.5,988.9
2025-10-29T17:00+00:00,5925,2.9,134,6.3,988.4
2025-10-29T18:00+00:00,5925,3.5,143,7.5,987.3
2025-10-29T19:00+00:00,5925,2.9,140,6.7,986.4
2025-10-29T20:00+00:00,5925,1.0,168,2.8,986.2
2025-10-29T21:00+00:00,5925,1.5,199,3.7,985.9
2025-10-29T22:00+00:00,5925,2.2,219,3.6,985.6
2025-10-29T23:00+00:00,5925,1.4,206,3.1,985.4
2025-10-30T00:00+00:00,5925,1.6,214,3.2,985.3
2025-10-30T01:00+00:00,5925,0.8,192,3.1,984.9
2025-10-30T02:00+00:00,5925,1.0,198,2.7,985.2
2025-10-30T03:00+00:00,5925,1.1,200,2.8,985.1
2025-10-30T04:00+00:00,5925,1.3,209,3.3,985.3
2025-10-30T05:00+00:00,5925,0.7,189,2.8,985.1
2025-10-30T06:00+00:00,5925,1.2,219,3.1,985.5
2025-10-30T07:00+00:00,5925,1.7,214,3.2,985.8
2025-10-30T08:00+00:00,5925,0.8,183,3.1,985.6
2025-10-30T09:00+00:00,5925,0.9,204,3.1,986.3
2025-10-30T10:00+00:00,5925,0.8,339,9.4,987.8
2025-10-30T11:00+00:00,5925,2.0,291,11.0,988.6
2025-10-30T12:00+00:00,5925,5.9,267,14.3,989.7
2025-10-30T13:00+00:00,5925,7.7,274,16.8,991.2
2025-10-30T14:00+00:00,5925,6.6,268,16.0,992.0
2025-10-30T15:00+00:00,5925,5.5,251,11.8,992.6
2025-10-30T16:00+00:00,5925,4.9,241,10.9,993.4
2025-10-30T17:00+00:00,5925,3.7,252,10.1,994.5
2025-10-30T18:00+00:00,5925,3.1,257,8.5,995.2
2025-10-30T19:00+00:00,5925,3.4,273,7.5,995.7
2025-10-30T20:00+00:00,5925,3.3,278,7.1,996.0
2025-10-30T21:00+00:00,5925,1.1,281,4.9,996.7
2025-10-30T22:00+00:00,5925,1.9,60,5.4,996.6
2025-10-30T23:00+00:00,5925,0.9,313,2.7,997.0
2025-10-31T00:00+00:00,5925,2.3,226,4.6,997.1
2025-10-31T01:00+00:00,5925,0.7,259,3.8,997.3
2025-10-31T02:00+00:00,5925,1.5,210,3.0,997.4
2025-10-31T03:00+00:00,5925,1.0,199,2.7,997.8
2025-10-31T04:00+00:00,5925,1.8,217,3.1,997.8
2025-10-31T05:00+00:00,5925,0.3,225,2.6,997.5
2025-10-31T06:00+00:00,5925,1.1,33,2.9,997.8
2025-10-31T07:00+00:00,5925,2.5,52,4.0,998.2
2025-10-31T08:00+00:00,5925,1.9,55,3.4,998.2
2025-10-31T09:00+00:00,5925,1.7,105,5.3,998.1
2025-10-31T10:00+00:00,5925,2.2,107,5.9,998.0
2025-10-31T11:00+00:00,5925,3.2,130,6.9,997.7
2025-10-31T12:00+00:00,5925,2.6,135,5.9,997.3
2025-10-31T13:00+00:00,5925,2.5,139,5.7,997.0
2025-10-31T14:00+00:00,5925,2.6,121,6.0,996.9
2025-10-31T15:00+00:00,5925,3.5,109,6.4,997.0
2025-10-31T16:00+00:00,5925,2.4,90,5.9,997.3
2025-10-31T17:00+00:00,5925,2.2,84,4.7,997.3
2025-10-31T18:00+00:00,5925,1.9,106,4.9,997.6
2025-10-31T19:00+00:00,5925,1.1,137,3.6,997.5
2025-10-31T20:00+00:00,5925,0.9,188,3.0,997.6
2025-10-31T21:00+00:00,5925,0.7,134,2.3,997.4
2025-10-31T22:00+00:00,5925,0.6,355,2.0,997.3
2025-10-31T23:00+00:00,5925,0.9,20,2.3,997.3
2025-11-01T00:00+00:00,5925,1.0,2,3.0,997.3
2025-11-01T01:00+00:00,5925,0.8,19,2.9,997.5
2025-11-01T02:00+00:00,5925,0.4,302,2.6,997.5
2025-11-01T03:00+00:00,5925,0.7,173,2.5,996.8
2025-11-01T04:00+00:00,5925,0.4,137,2.4,997.3
2025-11-01T05:00+00:00,5925,0.3,119,1.9,997.3
2025-11-01T06:00+00:00,5925,0.8,45,2.8,997.6
2025-11-01T07:00+00:00,5925,1.0,61,2.2,997.7
2025-11-01T08:00+00:00,5925,1.0,124,2.7,997.7
2025-11-01T09:00+00:00,5925,1.7,137,4.0,997.3
2025-11-01T10:00+00:00,5925,2.2,134,5.0,996.7
2025-11-01T11:00+00:00,5925,2.4,142,5.7,995.6
2025-11-01T12:00+00:00,5925,2.5,143,5.7,994.7
2025-11-01T13:00+00:00,5925,1.7,139,9.2,993.5
2025-11-01T14:00+00:00,5925,4.4,155,9.6,992.7
2025-11-01T15:00+00:00,5925,4.3,155,9.7,992.9
2025-11-01T16:00+00:00,5925,2.7,147,8.5,993.0
2025-11-01T17:00+00:00,5925,1.6,142,4.1,993.2
2025-11-01T18:00+00:00,5925,1.6,211,3.5,993.8
2025-11-01T19:00+00:00,5925,1.6,243,4.3,994.2
2025-11-01T20:00+00:00,5925,1.2,271,5.2,994.7
2025-11-01T21:00+00:00,5925,1.9,248,6.3,994.5
2025-11-01T22:00+00:00,5925,0.2,156,4.0,994.4
2025-11-01T23:00+00:00,5925,0.9,129,3.9,994.6
2025-11-02T00:00+00:00,5925,1.1,229,5.3,994.5
2025-11-02T01:00+00:00,5925,0.8,163,3.1,994.4
2025-11-02T02:00+00:00,5925,0.8,181,2.5,994.2
2025-11-02T03:00+00:00,5925,0.6,197,2.6,993.7
2025-11-02T04:00+00:00,5925,0.5,109,1.3,993.7
2025-11-02T05:00+00:00,5925,0.2,152,2.1,993.5
2025-11-02T06:00+00:00,5925,0.4,169,2.6,993.6
2025-11-02T07:00+00:00,5925,1.1,199,2.5,994.2
2025-11-02T08:00+00:00,5925,0.8,178,2.6,994.0
2025-11-02T09:00+00:00,5925,0.9,120,3.0,993.3
2025-11-02T10:00+00:00,5925,1.0,123,3.0,993.1
2025-11-02T11:00+00:00,5925,0.9,81,3.2,992.4
2025-11-02T12:00+00:00,5925,1.6,69,4.1,991.9
2025-11-02T13:00+00:00,5925,1.1,131,6.1,991.6
2025-11-02T14:00+00:00,5925,2.0,119,4.9,991.5
2025-11-02T15:00+00:00,5925,1.4,136,4.7,991.1
2025-11-02T16:00+00:00,5925,1.0,57,2.7,990.8
2025-11-02T17:00+00:00,5925,0.4,325,2.0,990.8
2025-11-02T18:00+00:00,5925,0.5,295,2.7,990.5
2025-11-02T19:00+00:00,5925,0.8,287,3.0,990.1
2025-11-02T20:00+00:00,5925,4.1,270,10.9,990.9
2025-11-02T21:00+00:00,5925,4.9,261,13.0,991.1
2025-11-02T22:00+00:00,5925,6.2,278,15.7,991.6
2025-11-02T23:00+00:00,5925,6.2,285,14.4,992.6
2025-11-03T00:00+00:00,5925,5.2,280,12.8,993.2
2025-11-03T01:00+00:00,5925,4.2,296,10.5,993.2
2025-11-03T02:00+00:00,5925,4.7,293,11.0,993.1
2025-11-03T03:00+00:00,5925,5.0,288,10.4,993.6
2025-11-03T04:00+00:00,5925,4.6,277,10.5,994.4
2025-11-03T05:00+00:00,5925,4.7,279,10.2,995.1
2025-11-03T06:00+00:00,5925,5.0,282,11.2,995.6
2025-11-03T07:00+00:00,5925,5.7,284,11.9,996.3
2025-11-03T08:00+00:00,5925,6.2,282,15.3,997.1
2025-11-03T09:00+00:00,5925,7.6,280,16.7,997.7
2025-11-03T10:00+00:00,5925,8.6,284,18.0,998.7
2025-11-03T11:00+00:00,5925,8.0,284,17.1,999.1
2025-11-03T12:00+00:00,5925,7.3,295,16.8,999.6
2025-11-03T13:00+00:00,5925,6.9,296,16.2,1000.0
2025-11-03T14:00+00:00,5925,6.3,299,14.3,1000.7
2025-11-03T15:00+00:00,5925,7.0,299,15.0,1001.3
2025-11-03T16:00+00:00,5925,5.2,292,13.6,1002.1
2025-11-03T17:00+00:00,5925,4.9,293,11.1,1002.9
2025-11-03T18:00+00:00,5925,4.5,286,9.1,1003.5
2025-11-03T19:00+00:00,5925,4.0,297,9.3,1004.0
2025-11-03T20:00+00:00,5925,3.3,287,7.7,1004.3
2025-11-03T21:00+00:00,5925,2.7,293,6.0,1004.5
2025-11-03T22:00+00:00,5925,1.7,277,6.1,1004.7
2025-11-03T23:00+00:00,5925,2.4,228,4.7,1004.8
2025-11-04T00:00+00:00,5925,1.0,277,4.2,1004.9
2025-11-04T01:00+00:00,5925,1.5,244,3.7,1005.1
2025-11-04T02:00+00:00,5925,2.6,248,6.6,1004.9
2025-11-04T03:00+00:00,5925,2.8,267,6.8,1005.1
2025-11-04T04:00+00:00,5925,2.9,268,6.7,1005.2
2025-11-04T05:00+00:00,5925,3.6,266,7.9,1005.1
2025-11-04T06:00+00:00,5925,1.3,270,5.8,1005.2
2025-11-04T07:00+00:00,5925,1.1,281,4.2,1005.7
2025-11-04T08:00+00:00,5925,0.7,306,4.3,1005.9
2025-11-04T09:00+00:00,5925,0.8,347,6.0,1005.9
2025-11-04T10:00+00:00,5925,1.9,65,4.2,1005.9
2025-11-04T11:00+00:00,5925,1.9,71,4.2,1005.3
2025-11-04T12:00+00:00,5925,2.0,68,4.9,1005.1
2025-11-04T13:00+00:00,5925,1.8,107,4.2,1004.8
2025-11-04T14:00+00:00,5925,1.5,90,3.6,1004.7
2025-11-04T15:00+00:00,5925,1.8,124,3.8,1004.7
2025-11-04T16:00+00:00,5925,1.4,108,3.5,1004.7
2025-11-04T17:00+00:00,5925,1.7,126,3.4,1004.7
2025-11-04T18:00+00:00,5925,1.8,140,3.5,1005.1
2025-11-04T19:00+00:00,5925,2.0,146,4.2,1004.8
2025-11-04T20:00+00:00,5925,1.0,167,3.3,1005.1
2025-11-04T21:00+00:00,5925,1.0,179,2.2,1004.9
2025-11-04T22:00+00:00,5925,0.7,86,2.5,1004.7
2025-11-04T23:00+00:00,5925,1.4,66,2.4,1004.6
2025-11-05T00:00+00:00,5925,1.6,56,2.8,1004.4
2025-11-05T01:00+00:00,5925,0.8,57,2.0,1004.1
2025-11-05T02:00+00:00,5925,1.5,131,4.3,1004.0
2025-11-05T03:00+00:00,5925,2.5,122,6.8,1004.1
2025-11-05T04:00+00:00,5925,3.0,122,5.5,1004.2
2025-11-05T05:00+00:00,5925,2.0,132,4.8,1004.3
2025-11-05T06:00+00:00,5925,2.2,129,5.4,1004.6
2025-11-05T07:00+00:00,5925,2.7,133,5.9,1004.7
2025-11-05T08:00+00:00,5925,2.4,148,5.9,1004.7
2025-11-05T09:00+00:00,5925,2.5,145,5.7,1004.5
2025-11-05T10:00+00:00,5925,2.0,130,5.7,1004.0
2025-11-05T11:00+00:00,5925,3.1,126,7.6,1003.0
2025-11-05T12:00+00:00,5925,4.4,145,9.8,1002.4
2025-11-05T13:00+00:00,5925,4.3,130,8.8,1001.9
2025-11-05T14:00+00:00,5925,4.5,126,9.5,1001.8
2025-11-05T15:00+00:00,5925,3.9,131,9.2,1001.8
2025-11-05T16:00+00:00,5925,3.4,125,7.6,1001.4
2025-11-05T17:00+00:00,5925,4.1,123,8.6,1001.1
2025-11-05T18:00+00:00,5925,4.3,128,8.6,1001.1
2025-11-05T19:00+00:00,5925,4.0,125,7.8,1000.8
2025-11-05T20:00+00:00,5925,3.4,125,6.5,1000.5
2025-11-05T21:00+00:00,5925,3.5,133,7.1,1000.3
2025-11-05T22:00+00:00,5925,4.1,128,9.5,1000.1
2025-11-05T23:00+00:00,5925,4.2,133,7.8,999.9
2025-11-06T00:00+00:00,5925,4.3,127,9.4,999.2
2025-11-06T01:00+00:00,5925,4.5,130,9.1,998.6
2025-11-06T02:00+00:00,5925,4.2,139,9.1,997.9
2025-11-06T03:00+00:00,5925,3.9,140,8.6,997.6
2025-11-06T04:00+00:00,5925,3.2,133,6.7,997.3
2025-11-06T05:00+00:00,5925,3.7,133,7.9,996.9
2025-11-06T06:00+00:00,5925,3.8,127,9.4,997.0
2025-11-06T07:00+00:00,5925,4.0,131,9.4,997.4
2025-11-06T08:00+00:00,5925,3.8,134,9.3,997.3
2025-11-06T09:00+00:00,5925,4.7,140,11.6,996.8
2025-11-06T10:00+00:00,5925,6.3,139,13.4,996.6
2025-11-06T11:00+00:00,5925,6.8,143,14.0,995.8
2025-11-06T12:00+00:00,5925,6.8,140,15.3,995.4
2025-11-06T13:00+00:00,5925,7.0,143,15.4,994.8
2025-11-06T14:00+00:00,5925,7.0,143,14.8,994.6
2025-11-06T15:00+00:00,5925,6.9,134,13.5,994.7
2025-11-06T16:00+00:00,5925,5.8,141,12.8,994.9
2025-11-06T17:00+00:00,5925,5.7,134,10.8,995.2
2025-11-06T18:00+00:00,5925,5.3,141,11.0,995.3
2025-11-06T19:00+00:00,5925,5.7,138,12.3,995.4
2025-11-06T20:00+00:00,5925,5.9,131,11.7,995.7
2025-11-06T21:00+00:00,5925,6.1,131,11.9,995.6
2025-11-06T22:00+00:00,5925,6.0,135,11.5,995.5
2025-11-06T23:00+00:00,5925,5.7,136,11.3,995.3
2025-11-07T00:00+00:00,5925,6.8,133,13.4,995.1
2025-11-07T01:00+00:00,5925,5.8,133,11.3,994.9
2025-11-07T02:00+00:00,5925,6.7,134,13.0,994.8
2025-11-07T03:00+00:00,5925,6.3,136,13.3,994.6
2025-11-07T04:00+00:00,5925,5.7,134,9.9,994.6
2025-11-07T05:00+00:00,5925,5.1,131,10.0,994.5
2025-11-07T06:00+00:00,5925,5.5,132,12.0,994.7
2025-11-07T07:00+00:00,5925,6.3,135,13.3,995.1
2025-11-07T08:00+00:00,5925,6.0,132,13.0,995.3
2025-11-07T09:00+00:00,5925,5.6,137,11.6,995.5
2025-11-07T10:00+00:00,5925,6.5,135,12.6,995.5
2025-11-07T11:00+00:00,5925,6.4,138,14.1,994.6
2025-11-07T12:00+00:00,5925,6.6,143,13.1,994.2
2025-11-07T13:00+00:00,5925,7.4,144,16.0,993.8
2025-11-07T14:00+00:00,5925,7.3,145,15.8,993.8
2025-11-07T15:00+00:00,5925,6.3,145,13.5,994.0
2025-11-07T16:00+00:00,5925,5.1,152,10.1,994.4
2025-11-07T17:00+00:00,5925,5.0,153,9.7,994.6
2025-11-07T18:00+00:00,5925,4.4,162,9.3,994.7
2025-11-07T19:00+00:00,5925,3.4,155,9.2,994.7
2025-11-07T20:00+00:00,5925,4.3,143,8.9,994.7
2025-11-07T21:00+00:00,5925,3.8,144,8.4,994.6
2025-11-07T22:00+00:00,5925,5.0,138,9.6,994.6
2025-11-07T23:00+00:00,5925,4.8,137,8.5,994.4
2025-11-08T00:00+00:00,5925,4.0,134,8.5,994.2
2025-11-08T01:00+00:00,5925,4.1,135,7.7,994.0
2025-11-08T02:00+00:00,5925,2.2,134,5.7,993.6
2025-11-08T03:00+00:00,5925,2.6,141,6.1,993.3
2025-11-08T04:00+00:00,5925,2.8,134,7.3,993.5
2025-11-08T05:00+00:00,5925,1.6,158,4.4,993.4
2025-11-08T06:00+00:00,5925,1.6,184,3.4,993.4
2025-11-08T07:00+00:00,5925,0.8,184,2.5,994.2
2025-11-08T08:00+00:00,5925,0.9,146,3.8,994.2
2025-11-08T09:00+00:00,5925,1.8,147,4.1,994.1
2025-11-08T10:00+00:00,5925,2.0,138,4.4,993.8
2025-11-08T11:00+00:00,5925,2.1,82,5.7,993.7
2025-11-08T12:00+00:00,5925,1.8,79,6.2,993.2
2025-11-08T13:00+00:00,5925,2.9,118,5.9,993.0
2025-11-08T14:00+00:00,5925,2.5,97,6.3,993.0
2025-11-08T15:00+00:00,5925,2.8,83,5.6,993.2
2025-11-08T16:00+00:00,5925,2.1,92,4.3,993.5
2025-11-08T17:00+00:00,5925,2.2,77,4.5,993.7
2025-11-08T18:00+00:00,5925,1.9,105,4.4,993.8
2025-11-08T19:00+00:00,5925,2.4,135,5.1,994.2
2025-11-08T20:00+00:00,5925,1.6,146,3.7,994.7
2025-11-08T21:00+00:00,5925,1.0,211,4.7,994.9
2025-11-08T22:00+00:00,5925,2.8,277,7.4,995.4
2025-11-08T23:00+00:00,5925,3.1,265,9.2,995.4
2025-11-09T00:00+00:00,5925,2.2,274,7.4,995.1
2025-11-09T01:00+00:00,5925,2.7,276,8.0,995.2
2025-11-09T02:00+00:00,5925,2.6,236,7.5,994.9
2025-11-09T03:00+00:00,5925,2.1,277,5.3,995.1
2025-11-09T04:00+00:00,5925,2.1,225,4.8,995.3
2025-11-09T05:00+00:00,5925,3.4,280,7.2,995.2
2025-11-09T06:00+00:00,5925,3.7,277,8.2,995.8
2025-11-09T07:00+00:00,5925,1.6,270,5.8,996.0
2025-11-09T08:00+00:00,5925,1.5,223,3.4,996.4
2025-11-09T09:00+00:00,5925,3.6,295,9.1,996.7
2025-11-09T10:00+00:00,5925,3.8,246,9.9,996.8
2025-11-09T11:00+00:00,5925,3.9,268,9.9,996.5
2025-11-09T12:00+00:00,5925,3.5,263,9.9,996.0
2025-11-09T13:00+00:00,5925,4.4,273,11.3,996.0
2025-11-09T14:00+00:00,5925,3.7,263,9.2,996.4
2025-11-09T15:00+00:00,5925,2.7,266,7.0,996.0
2025-11-09T16:00+00:00,5925,1.7,243,5.5,995.9
2025-11-09T17:00+00:00,5925,2.4,224,4.7,996.3
2025-11-09T18:00+00:00,5925,2.0,221,4.0,996.7
2025-11-09T19:00+00:00,5925,1.7,185,3.5,996.7
2025-11-09T20:00+00:00,5925,2.0,195,4.2,996.7
2025-11-09T21:00+00:00,5925,1.9,197,3.8,996.6
2025-11-09T22:00+00:00,5925,1.9,214,3.4,996.5
2025-11-09T23:00+00:00,5925,1.4,205,3.1,996.5
2025-11-10T00:00+00:00,5925,1.2,256,4.5,996.4
2025-11-10T01:00+00:00,5925,1.9,282,5.2,996.3
2025-11-10T02:00+00:00,5925,1.8,286,5.7,996.3
2025-11-10T03:00+00:00,5925,1.7,294,5.1,995.9
2025-11-10T04:00+00:00,5925,0.8,259,4.3,995.9
2025-11-10T05:00+00:00,5925,1.2,214,3.8,995.7
2025-11-10T06:00+00:00,5925,2.0,284,6.5,995.9
2025-11-10T07:00+00:00,5925,3.7,288,7.6,996.3
2025-11-10T08:00+00:00,5925,3.1,283,7.1,996.3
2025-11-10T09:00+00:00,5925,2.8,273,7.1,996.3
2025-11-10T10:00+00:00,5925,2.6,274,6.8,996.2
2025-11-10T11:00+00:00,5925,2.5,280,6.5,995.7
2025-11-10T12:00+00:00,5925,2.3,288,6.4,995.5
2025-11-10T13:00+00:00,5925,0.8,353,3.6,995.2
2025-11-10T14:00+00:00,5925,1.4,83,4.2,994.9
2025-11-10T15:00+00:00,5925,1.5,48,3.3,994.8
2025-11-10T16:00+00:00,5925,1.3,73,3.3,995.1
2025-11-10T17:00+00:00,5925,1.2,89,2.8,995.5
2025-11-10T18:00+00:00,5925,1.5,148,3.0,995.6
2025-11-10T19:00+00:00,5925,1.6,188,3.6,995.4
2025-11-10T20:00+00:00,5925,1.9,219,3.6,995.4
2025-11-10T21:00+00:00,5925,2.2,224,3.4,995.3
2025-11-10T22:00+00:00,5925,1.3,214,3.3,995.4
2025-11-10T23:00+00:00,5925,1.5,209,3.0,995.4
2025-11-11T00:00+00:00,5925,1.0,203,2.8,995.3
2025-11-11T01:00+00:00,5925,1.2,203,2.5,995.5
2025-11-11T02:00+00:00,5925,1.4,207,2.7,995.7
2025-11-11T03:00+00:00,5925,0.9,196,2.5,995.8
2025-11-11T04:00+00:00,5925,0.3,109,2.8,995.8
2025-11-11T05:00+00:00,5925,0.4,150,2.6,995.9
2025-11-11T06:00+00:00,5925,1.2,205,3.0,996.4
2025-11-11T07:00+00:00,5925,1.4,203,3.3,996.8
2025-11-11T08:00+00:00,5925,1.2,208,3.2,997.1
2025-11-11T09:00+00:00,5925,1.3,209,3.4,997.1
2025-11-11T10:00+00:00,5925,2.4,250,8.8,997.0
2025-11-11T11:00+00:00,5925,3.8,267,8.6,996.7
2025-11-11T12:00+00:00,5925,3.7,276,9.7,996.5
2025-11-11T13:00+00:00,5925,4.3,277,10.7,996.6
2025-11-11T14:00+00:00,5925,5.2,278,11.2,996.8
2025-11-11T15:00+00:00,5925,5.0,271,9.7,997.0
2025-11-11T16:00+00:00,5925,4.0,271,9.1,997.4
2025-11-11T17:00+00:00,5925,2.8,259,7.8,997.6
2025-11-11T18:00+00:00,5925,2.5,266,6.6,998.0
2025-11-11T19:00+00:00,5925,3.1,272,7.6,998.4
2025-11-11T20:00+00:00,5925,2.5,284,7.8,998.8
2025-11-11T21:00+00:00,5925,0.9,359,4.4,999.2
2025-11-11T22:00+00:00,5925,0.4,157,2.6,999.2
2025-11-11T23:00+00:00,5925,1.9,215,3.4,999.1
2025-11-12T00:00+00:00,5925,1.4,213,3.0,999.0
2025-11-12T01:00+00:00,5925,1.2,203,2.7,999.1
2025-11-12T02:00+00:00,5925,1.0,201,2.9,999.1
2025-11-12T03:00+00:00,5925,0.4,157,2.2,999.3
2025-11-12T04:00+00:00,5925,1.2,60,3.4,999.6
2025-11-12T05:00+00:00,5925,1.0,81,3.0,999.9
2025-11-12T06:00+00:00,5925,1.4,57,2.7,1000.4
2025-11-12T07:00+00:00,5925,1.2,94,2.8,1000.9
2025-11-12T08:00+00:00,5925,1.5,166,4.3,1000.9
2025-11-12T09:00+00:00,5925,1.6,169,3.7,1000.8
2025-11-12T10:00+00:00,5925,1.3,153,3.6,1000.9
2025-11-12T11:00+00:00,5925,1.1,128,3.7,1000.7
2025-11-12T12:00+00:00,5925,1.6,113,4.5,1000.4
2025-11-12T13:00+00:00,5925,1.7,143,3.8,999.9
2025-11-12T14:00+00:00,5925,2.5,151,5.2,999.8
2025-11-12T15:00+00:00,5925,2.5,151,5.8,1000.4
2025-11-12T16:00+00:00,5925,2.8,137,6.1,1000.4
2025-11-12T17:00+00:00,5925,2.6,141,5.4,1000.8
2025-11-12T18:00+00:00,5925,3.2,160,6.9,1000.8
2025-11-12T19:00+00:00,5925,3.6,161,7.2,1000.7
2025-11-12T20:00+00:00,5925,2.8,158,6.4,1001.0
2025-11-12T21:00+00:00,5925,3.8,153,8.0,1000.5
2025-11-12T22:00+00:00,5925,3.2,151,6.3,1000.9
2025-11-12T23:00+00:00,5925,2.6,136,6.0,1000.7
2025-11-13T00:00+00:00,5925,3.1,148,7.0,1000.3
2025-11-13T01:00+00:00,5925,3.3,155,7.0,1000.3
2025-11-13T02:00+00:00,5925,3.6,141,7.1,1000.0
2025-11-13T03:00+00:00,5925,3.4,143,6.6,999.9
2025-11-13T04:00+00:00,5925,3.1,168,6.7,1000.4
2025-11-13T05:00+00:00,5925,2.8,168,6.3,1000.4
2025-11-13T06:00+00:00,5925,2.4,168,5.0,1000.5
2025-11-13T07:00+00:00,5925,2.5,170,4.8,1000.9
2025-11-13T08:00+00:00,5925,3.0,162,5.8,1001.3
2025-11-13T09:00+00:00,5925,2.9,173,6.1,1001.5
2025-11-13T10:00+00:00,5925,3.3,172,5.8,1001.4
2025-11-13T11:00+00:00,5925,2.9,159,5.9,1001.0
2025-11-13T12:00+00:00,5925,2.6,161,5.3,1000.8
2025-11-13T13:00+00:00,5925,3.1,154,7.2,1000.3
2025-11-13T14:00+00:00,5925,3.7,171,6.8,1000.2
2025-11-13T15:00+00:00,5925,3.0,149,6.7,1000.3
2025-11-13T16:00+00:00,5925,3.0,146,6.9,1000.4
2025-11-13T17:00+00:00,5925,3.5,147,7.1,1000.5
2025-11-13T18:00+00:00,5925,3.2,152,6.0,1000.3
2025-11-13T19:00+00:00,5925,3.2,150,6.3,1000.3
2025-11-13T20:00+00:00,5925,3.1,153,6.6,1000.3
2025-11-13T21:00+00:00,5925,3.1,154,6.5,1000.7
2025-11-13T22:00+00:00,5925,2.3,143,5.3,1000.7
2025-11-13T23:00+00:00,5925,2.3,136,5.3,1000.2
2025-11-14T00:00+00:00,5925,2.8,138,5.5,999.8
2025-11-14T01:00+00:00,5925,2.9,150,6.2,999.7
2025-11-14T02:00+00:00,5925,2.6,150,5.3,999.1
2025-11-14T03:00+00:00,5925,3.1,153,6.5,998.5
2025-11-14T04:00+00:00,5925,2.7,163,6.1,998.4
2025-11-14T05:00+00:00,5925,3.4,163,6.5,998.1
2025-11-14T06:00+00:00,5925,3.3,151,7.4,997.8
2025-11-14T07:00+00:00,5925,3.5,158,8.1,998.1
2025-11-14T08:00+00:00,5925,2.7,180,5.4,998.2
2025-11-14T09:00+00:00,5925,2.8,174,6.1,997.9
2025-11-14T10:00+00:00,5925,1.9,175,4.4,997.4
2025-11-14T11:00+00:00,5925,3.8,151,7.8,996.3
2025-11-14T12:00+00:00,5925,3.3,161,8.3,995.6
2025-11-14T13:00+00:00,5925,3.2,163,7.1,994.9
2025-11-14T14:00+00:00,5925,2.7,172,5.9,994.7
2025-11-14T15:00+00:00,5925,2.7,177,5.6,994.7
2025-11-14T16:00+00:00,5925,2.8,165,5.7,994.6
2025-11-14T17:00+00:00,5925,2.7,152,5.3,994.5
2025-11-14T18:00+00:00,5925,2.6,152,5.3,994.3
2025-11-14T19:00+00:00,5925,1.7,175,3.5,994.2
2025-11-14T20:00+00:00,5925,1.7,198,3.6,994.1
2025-11-14T21:00+00:00,5925,1.6,200,3.0,993.8
2025-11-14T22:00+00:00,5925,2.1,195,4.0,993.6
2025-11-14T23:00+00:00,5925,1.8,187,3.7,993.6
2025-11-15T00:00+00:00,5925,1.3,188,2.9,993.2
2025-11-15T01:00+00:00,5925,0.7,200,2.7,993.6
2025-11-15T02:00+00:00,5925,0.5,204,2.4,993.5
2025-11-15T03:00+00:00,5925,0.2,123,1.5,993.7
2025-11-15T04:00+00:00,5925,0.4,165,2.6,993.5
2025-11-15T05:00+00:00,5925,1.0,169,2.4,993.6
2025-11-15T06:00+00:00,5925,1.2,150,3.0,993.8
2025-11-15T07:00+00:00,5925,1.6,150,3.6,994.1
2025-11-15T08:00+00:00,5925,1.8,151,4.3,994.0
2025-11-15T09:00+00:00,5925,1.6,162,3.6,994.3
2025-11-15T10:00+00:00,5925,1.5,126,3.4,994.2
2025-11-15T11:00+00:00,5925,1.6,127,3.8,993.6
2025-11-15T12:00+00:00,5925,1.4,70,4.6,993.2
2025-11-15T13:00+00:00,5925,2.1,72,4.8,993.0
2025-11-15T14:00+00:00,5925,2.3,74,4.7,992.6
2025-11-15T15:00+00:00,5925,1.8,52,4.9,992.6
2025-11-15T16:00+00:00,5925,1.6,57,3.6,992.7
2025-11-15T17:00+00:00,5925,1.4,112,3.3,992.6
2025-11-15T18:00+00:00,5925,1.8,103,4.0,992.1
2025-11-15T19:00+00:00,5925,1.7,131,4.8,992.1
2025-11-15T20:00+00:00,5925,1.7,147,3.9,992.2
2025-11-15T21:00+00:00,5925,1.8,142,3.4,991.9
2025-11-15T22:00+00:00,5925,1.5,152,3.1,991.5
2025-11-15T23:00+00:00,5925,1.4,140,2.9,991.2
2025-11-16T00:00+00:00,5925,1.1,124,3.1,990.9
2025-11-16T01:00+00:00,5925,0.8,149,2.7,990.9
2025-11-16T02:00+00:00,5925,2.6,227,6.2,990.9
2025-11-16T03:00+00:00,5925,1.5,257,4.5,990.7
2025-11-16T04:00+00:00,5925,2.2,311,4.4,990.5
2025-11-16T05:00+00:00,5925,1.7,315,3.8,990.4
2025-11-16T06:00+00:00,5925,0.8,243,3.1,990.7
2025-11-16T07:00+00:00,5925,1.6,237,5.1,991.0
2025-11-16T08:00+00:00,5925,1.5,236,4.9,990.9
2025-11-16T09:00+00:00,5925,1.5,203,4.3,990.3
2025-11-16T10:00+00:00,5925,3.0,184,5.9,990.0
2025-11-16T11:00+00:00,5925,3.6,184,7.2,989.5
2025-11-16T12:00+00:00,5925,2.9,179,5.6,988.7
2025-11-16T13:00+00:00,5925,2.3,160,5.0,988.0
2025-11-16T14:00+00:00,5925,2.5,147,5.8,987.6
2025-11-16T15:00+00:00,5925,2.8,156,5.4,987.5
2025-11-16T16:00+00:00,5925,2.3,145,5.3,987.4
2025-11-16T17:00+00:00,5925,2.8,150,5.9,987.3
2025-11-16T18:00+00:00,5925,2.3,145,4.8,986.9
2025-11-16T19:00+00:00,5925,2.2,136,5.2,986.4
2025-11-16T20:00+00:00,5925,2.2,141,4.7,985.8
2025-11-16T21:00+00:00,5925,1.5,135,3.6,985.4
2025-11-16T22:00+00:00,5925,0.9,180,2.6,984.7
2025-11-16T23:00+00:00,5925,0.4,149,3.1,984.7
2025-11-17T00:00+00:00,5925,0.7,281,3.2,984.6
2025-11-17T01:00+00:00,5925,2.3,289,4.7,984.3
2025-11-17T02:00+00:00,5925,2.5,282,6.6,984.2
2025-11-17T03:00+00:00,5925,1.8,307,4.5,983.8
2025-11-17T04:00+00:00,5925,1.5,318,4.6,983.7
2025-11-17T05:00+00:00,5925,0.4,247,2.8,982.7
2025-11-17T06:00+00:00,5925,1.6,206,3.5,982.6
2025-11-17T07:00+00:00,5925,1.5,204,3.3,982.2
2025-11-17T08:00+00:00,5925,2.3,189,4.7,981.5
2025-11-17T09:00+00:00,5925,1.5,191,3.0,981.0
2025-11-17T10:00+00:00,5925,1.3,204,2.7,980.4
2025-11-17T11:00+00:00,5925,0.4,190,2.6,979.8
2025-11-17T12:00+00:00,5925,0.5,195,2.9,979.3
2025-11-17T13:00+00:00,5925,1.0,241,3.1,978.7
2025-11-17T14:00+00:00,5925,1.8,224,4.1,979.6
2025-11-17T15:00+00:00,5925,5.4,312,15.6,982.0
2025-11-17T16:00+00:00,5925,6.0,305,13.9,984.7
2025-11-17T17:00+00:00,5925,7.2,303,16.7,987.4
2025-11-17T18:00+00:00,5925,6.7,303,14.5,989.1
2025-11-17T19:00+00:00,5925,6.5,303,14.4,990.2
2025-11-17T20:00+00:00,5925,6.2,294,11.9,990.8
2025-11-17T21:00+00:00,5925,5.8,289,11.3,991.6
2025-11-17T22:00+00:00,5925,6.1,290,11.7,992.0
2025-11-17T23:00+00:00,5925,5.9,300,12.0,993.2
2025-11-18T00:00+00:00,5925,6.0,301,13.0,994.0
2025-11-18T01:00+00:00,5925,5.5,305,10.9,994.8
2025-11-18T02:00+00:00,5925,5.3,317,12.2,995.9
2025-11-18T03:00+00:00,5925,4.0,306,10.6,996.8
2025-11-18T04:00+00:00,5925,4.0,304,8.9,997.6
2025-11-18T05:00+00:00,5925,4.0,299,8.0,998.1
2025-11-18T06:00+00:00,5925,4.0,299,8.6,998.9
2025-11-18T07:00+00:00,5925,3.7,300,7.6,999.6
2025-11-18T08:00+00:00,5925,3.7,303,8.0,999.9
2025-11-18T09:00+00:00,5925,3.6,306,8.4,1000.1
2025-11-18T10:00+00:00,5925,3.1,304,9.0,1000.3
2025-11-18T11:00+00:00,5925,3.4,296,8.1,999.5
2025-11-18T12:00+00:00,5925,3.9,294,9.2,998.9
2025-11-18T13:00+00:00,5925,3.9,282,8.5,998.6
2025-11-18T14:00+00:00,5925,3.6,277,7.8,998.2
2025-11-18T15:00+00:00,5925,4.1,283,8.3,997.9
2025-11-18T16:00+00:00,5925,2.4,252,6.1,997.6
2025-11-18T17:00+00:00,5925,2.0,234,4.4,997.7
2025-11-18T18:00+00:00,5925,1.5,273,4.6,997.6
2025-11-18T19:00+00:00,5925,1.8,216,3.4,997.0
2025-11-18T20:00+00:00,5925,2.1,213,4.1,996.9
2025-11-18T21:00+00:00,5925,2.6,222,3.8,996.9
2025-11-18T22:00+00:00,5925,1.8,210,3.7,996.7
2025-11-18T23:00+00:00,5925,2.2,225,3.4,996.5
2025-11-19T00:00+00:00,5925,1.8,220,3.3,995.9
2025-11-19T01:00+00:00,5925,1.1,208,2.7,995.5
2025-11-19T02:00+00:00,5925,0.5,168,2.3,994.7
2025-11-19T03:00+00:00,5925,0.4,162,2.5,994.2
2025-11-19T04:00+00:00,5925,0.9,177,3.2,994.0
2025-11-19T05:00+00:00,5925,0.9,202,3.0,993.7
2025-11-19T06:00+00:00,5925,0.3,121,2.3,994.0
2025-11-19T07:00+00:00,5925,0.3,58,1.5,994.5
2025-11-19T08:00+00:00,5925,0.9,83,2.5,994.4
2025-11-19T09:00+00:00,5925,0.8,129,2.9,994.3
2025-11-19T10:00+00:00,5925,1.7,105,4.4,993.8
2025-11-19T11:00+00:00,5925,2.1,145,4.5,993.1
2025-11-19T12:00+00:00,5925,1.2,110,4.5,992.3
2025-11-19T13:00+00:00,5925,2.0,112,4.6,991.5
2025-11-19T14:00+00:00,5925,2.1,104,5.4,990.8
2025-11-19T15:00+00:00,5925,2.8,75,6.9,990.1
2025-11-19T16:00+00:00,5925,3.7,130,7.5,989.7
2025-11-19T17:00+00:00,5925,4.9,138,11.5,989.0
2025-11-19T18:00+00:00,5925,4.8,142,10.4,988.6
2025-11-19T19:00+00:00,5925,5.1,139,11.0,987.9
2025-11-19T20:00+00:00,5925,5.4,149,10.3,987.6
2025-11-19T21:00+00:00,5925,4.7,151,9.8,986.9
2025-11-19T22:00+00:00,5925,4.5,147,9.1,986.3
2025-11-19T23:00+00:00,5925,4.6,148,9.2,985.6
2025-11-20T00:00+00:00,5925,4.0,148,8.4,985.1
2025-11-20T01:00+00:00,5925,3.4,148,7.1,984.7
2025-11-20T02:00+00:00,5925,2.8,147,6.6,984.5
2025-11-20T03:00+00:00,5925,1.4,184,3.3,984.5
2025-11-20T04:00+00:00,5925,1.7,218,3.7,984.8
2025-11-20T05:00+00:00,5925,0.7,255,4.3,984.9
2025-11-20T06:00+00:00,5925,1.7,221,4.6,985.2
2025-11-20T07:00+00:00,5925,1.2,245,4.0,986.0
2025-11-20T08:00+00:00,5925,1.1,242,4.1,986.7
2025-11-20T09:00+00:00,5925,1.9,230,4.6,987.6
2025-11-20T10:00+00:00,5925,2.2,228,4.4,987.9
2025-11-20T11:00+00:00,5925,3.4,263,9.7,987.6
2025-11-20T12:00+00:00,5925,2.1,262,9.1,987.9
2025-11-20T13:00+00:00,5925,2.3,261,8.6,988.4
2025-11-20T14:00+00:00,5925,2.4,261,6.8,988.9
2025-11-20T15:00+00:00,5925,2.8,276,8.5,989.1
2025-11-20T16:00+00:00,5925,3.9,282,9.1,990.0
2025-11-20T17:00+00:00,5925,2.6,280,6.4,990.5
2025-11-20T18:00+00:00,5925,2.2,257,6.4,990.9
2025-11-20T19:00+00:00,5925,2.8,282,7.7,991.0
2025-11-20T20:00+00:00,5925,3.8,281,8.9,991.9
2025-11-20T21:00+00:00,5925,3.8,289,7.7,992.0
2025-11-20T22:00+00:00,5925,3.5,282,6.9,992.2
2025-11-20T23:00+00:00,5925,2.9,286,8.0,992.2
2025-11-21T00:00+00:00,5925,3.6,290,7.5,992.2
2025-11-21T01:00+00:00,5925,3.2,312,8.1,991.8
2025-11-21T02:00+00:00,5925,4.2,327,8.2,991.6
2025-11-21T03:00+00:00,5925,4.4,333,8.9,991.9
2025-11-21T04:00+00:00,5925,3.7,326,8.4,992.2
2025-11-21T05:00+00:00,5925,4.3,327,8.6,992.4
2025-11-21T06:00+00:00,5925,4.4,326,8.7,992.6
2025-11-21T07:00+00:00,5925,4.5,325,9.1,993.1
2025-11-21T08:00+00:00,5925,4.3,325,8.4,993.5
2025-11-21T09:00+00:00,5925,5.3,327,9.8,993.7
2025-11-21T10:00+00:00,5925,5.0,324,10.5,994.2
2025-11-21T11:00+00:00,5925,4.9,321,10.1,994.5
2025-11-21T12:00+00:00,5925,5.3,328,10.2,994.5
2025-11-21T13:00+00:00,5925,5.6,324,11.7,994.6
2025-11-21T14:00+00:00,5925,5.2,323,11.4,995.6
2025-11-21T15:00+00:00,5925,5.2,325,10.3,996.4
2025-11-21T16:00+00:00,5925,5.8,327,11.6,996.0
2025-11-21T17:00+00:00,5925,5.6,325,12.9,997.0
2025-11-21T18:00+00:00,5925,5.2,326,12.2,997.8
2025-11-21T19:00+00:00,5925,4.7,320,10.9,998.1
2025-11-21T20:00+00:00,5925,5.5,316,12.2,998.6
2025-11-21T21:00+00:00,5925,6.4,317,15.5,998.9
2025-11-21T22:00+00:00,5925,6.6,317,12.9,999.5
2025-11-21T23:00+00:00,5925,5.8,320,13.5,1000.3
2025-11-22T00:00+00:00,5925,5.3,319,11.9,1000.7
2025-11-22T01:00+00:00,5925,5.0,318,10.7,1000.9
2025-11-22T02:00+00:00,5925,4.9,315,11.6,1001.5
2025-11-22T03:00+00:00,5925,5.5,315,12.1,1002.0
2025-11-22T04:00+00:00,5925,5.0,314,10.9,1002.5
2025-11-22T05:00+00:00,5925,5.3,311,11.6,1002.7
2025-11-22T06:00+00:00,5925,5.8,307,15.8,1003.1
2025-11-22T07:00+00:00,5925,5.6,312,13.9,1003.2
2025-11-22T08:00+00:00,5925,5.3,313,14.0,1003.5
2025-11-22T09:00+00:00,5925,6.2,307,13.2,1003.7
2025-11-22T10:00+00:00,5925,6.0,312,14.2,1003.5
2025-11-22T11:00+00:00,5925,6.5,311,13.9,1003.0
2025-11-22T12:00+00:00,5925,5.6,320,12.0,1002.3
2025-11-22T13:00+00:00,5925,6.4,319,16.3,1001.9
2025-11-22T14:00+00:00,5925,6.6,307,15.3,1001.6
2025-11-22T15:00+00:00,5925,6.7,303,13.5,1001.6
2025-11-22T16:00+00:00,5925,6.4,303,14.4,1002.2
2025-11-22T17:00+00:00,5925,6.1,308,14.4,1002.0
2025-11-22T18:00+00:00,5925,6.3,311,14.1,1001.8
2025-11-22T19:00+00:00,5925,6.7,308,16.2,1001.4
2025-11-22T20:00+00:00,5925,5.9,308,14.3,1001.2
2025-11-22T21:00+00:00,5925,6.5,305,14.1,1000.7
2025-11-22T22:00+00:00,5925,6.0,303,14.8,1000.2
2025-11-22T23:00+00:00,5925,5.9,304,13.3,999.8
2025-11-23T00:00+00:00,5925,5.4,302,11.5,999.5
2025-11-23T01:00+00:00,5925,5.1,299,11.1,999.6
2025-11-23T02:00+00:00,5925,6.1,293,11.7,998.9
2025-11-23T03:00+00:00,5925,5.7,295,12.2,998.4
2025-11-23T04:00+00:00,5925,4.9,298,10.5,998.0
2025-11-23T05:00+00:00,5925,5.9,300,14.8,997.8
2025-11-23T06:00+00:00,5925,5.6,300,12.5,997.7
2025-11-23T07:00+00:00,5925,5.4,304,12.7,997.9
2025-11-23T08:00+00:00,5925,4.8,298,11.9,997.8
2025-11-23T09:00+00:00,5925,5.2,293,11.9,997.7
2025-11-23T10:00+00:00,5925,4.5,284,10.1,997.4
2025-11-23T11:00+00:00,5925,5.2,298,11.1,996.4
2025-11-23T12:00+00:00,5925,4.0,289,8.4,995.8
2025-11-23T13:00+00:00,5925,3.6,296,7.7,995.4
2025-11-23T14:00+00:00,5925,2.3,301,6.2,995.1
2025-11-23T15:00+00:00,5925,1.8,301,4.7,994.9
2025-11-23T16:00+00:00,5925,1.6,322,3.2,994.6
2025-11-23T17:00+00:00,5925,0.5,262,3.8,994.5
2025-11-23T18:00+00:00,5925,1.7,191,4.1,994.0
2025-11-23T19:00+00:00,5925,2.0,179,3.9,993.3
2025-11-23T20:00+00:00,5925,1.4,167,4.3,992.6
2025-11-23T21:00+00:00,5925,1.5,150,4.1,991.4
2025-11-23T22:00+00:00,5925,1.9,141,3.9,990.7
2025-11-23T23:00+00:00,5925,1.9,132,4.1,989.7
2025-11-24T00:00+00:00,5925,1.9,126,4.4,988.4
2025-11-24T01:00+00:00,5925,2.6,133,5.7,987.6
2025-11-24T02:00+00:00,5925,1.5,127,3.3,986.6
2025-11-24T03:00+00:00,5925,2.1,132,4.5,985.7
2025-11-24T04:00+00:00,5925,2.6,134,6.6,985.1
2025-11-24T05:00+00:00,5925,2.5,123,6.7,984.7
2025-11-24T06:00+00:00,5925,3.2,123,7.7,985.3
2025-11-24T07:00+00:00,5925,2.1,103,6.0,985.1
2025-11-24T08:00+00:00,5925,3.2,120,6.5,985.3
2025-11-24T09:00+00:00,5925,2.1,137,5.2,985.4
2025-11-24T10:00+00:00,5925,1.4,121,3.7,985.1
2025-11-24T11:00+00:00,5925,2.1,122,5.6,984.3
2025-11-24T12:00+00:00,5925,2.3,121,5.7,983.3
2025-11-24T13:00+00:00,5925,2.4,99,5.3,982.9
2025-11-24T14:00+00:00,5925,2.5,57,5.3,982.4
2025-11-24T15:00+00:00,5925,2.4,64,5.6,981.5
2025-11-24T16:00+00:00,5925,2.0,59,5.0,981.0
2025-11-24T17:00+00:00,5925,1.5,38,3.4,981.0
2025-11-24T18:00+00:00,5925,1.5,23,3.5,980.9
2025-11-24T19:00+00:00,5925,1.3,39,2.5,980.8
2025-11-24T20:00+00:00,5925,1.2,338,3.5,980.4
2025-11-24T21:00+00:00,5925,1.6,325,3.6,979.7
2025-11-24T22:00+00:00,5925,1.8,318,3.2,980.1
2025-11-24T23:00+00:00,5925,1.7,321,4.1,980.2
2025-11-25T00:00+00:00,5925,1.2,273,4.3,980.1
2025-11-25T01:00+00:00,5925,1.9,261,5.8,980.3
2025-11-25T02:00+00:00,5925,1.5,240,4.0,980.0
2025-11-25T03:00+00:00,5925,1.5,238,3.8,979.7
2025-11-25T04:00+00:00,5925,1.3,238,3.4,979.8
2025-11-25T05:00+00:00,5925,1.2,268,4.7,980.3
2025-11-25T06:00+00:00,5925,2.6,283,6.9,980.4
2025-11-25T07:00+00:00,5925,2.0,281,5.7,980.8
2025-11-25T08:00+00:00,5925,2.4,295,6.2,981.0
2025-11-25T09:00+00:00,5925,2.0,309,5.1,981.0
2025-11-25T10:00+00:00,5925,2.2,324,4.6,980.8
2025-11-25T11:00+00:00,5925,2.5,312,5.5,980.4
2025-11-25T12:00+00:00,5925,1.9,282,4.8,980.7
2025-11-25T13:00+00:00,5925,3.0,293,6.6,980.7
2025-11-25T14:00+00:00,5925,3.4,283,8.2,980.9
2025-11-25T15:00+00:00,5925,4.0,290,8.1,981.3
2025-11-25T16:00+00:00,5925,3.5,285,7.5,981.5
2025-11-25T17:00+00:00,5925,3.4,287,7.1,981.6
2025-11-25T18:00+00:00,5925,3.8,290,8.3,982.1
2025-11-25T19:00+00:00,5925,4.1,290,8.5,982.4
2025-11-25T20:00+00:00,5925,4.0,292,8.3,983.0
2025-11-25T21:00+00:00,5925,4.8,297,10.2,983.0
2025-11-25T22:00+00:00,5925,4.8,299,11.3,983.2
2025-11-25T23:00+00:00,5925,5.1,299,11.7,983.4
2025-11-26T00:00+00:00,5925,5.4,302,10.3,983.8
2025-11-26T01:00+00:00,5925,5.9,302,11.5,983.6
2025-11-26T02:00+00:00,5925,5.0,303,11.2,984.2
2025-11-26T03:00+00:00,5925,4.9,306,10.2,984.5
2025-11-26T04:00+00:00,5925,5.9,305,12.0,984.7
2025-11-26T05:00+00:00,5925,5.7,300,12.9,984.9
2025-11-26T06:00+00:00,5925,7.0,302,14.5,986.2
2025-11-26T07:00+00:00,5925,5.8,307,12.6,987.1
2025-11-26T08:00+00:00,5925,5.6,308,11.5,988.1
2025-11-26T09:00+00:00,5925,4.7,301,10.7,988.9
2025-11-26T10:00+00:00,5925,5.9,301,12.4,989.5
2025-11-26T11:00+00:00,5925,6.2,300,13.3,989.5
2025-11-26T12:00+00:00,5925,5.3,305,11.7,990.1
2025-11-26T13:00+00:00,5925,3.9,313,9.1,990.5
2025-11-26T14:00+00:00,5925,4.8,310,11.7,991.5
2025-11-26T15:00+00:00,5925,5.1,312,11.3,992.4
2025-11-26T16:00+00:00,5925,4.8,309,11.1,993.3
2025-11-26T17:00+00:00,5925,4.4,315,10.4,994.1
2025-11-26T18:00+00:00,5925,3.6,315,8.6,995.1
2025-11-26T19:00+00:00,5925,4.9,304,11.9,995.7
2025-11-26T20:00+00:00,5925,5.3,303,13.3,996.4
2025-11-26T21:00+00:00,5925,5.6,299,11.5,997.4
2025-11-26T22:00+00:00,5925,5.8,298,11.8,997.8
2025-11-26T23:00+00:00,5925,6.2,303,12.9,998.2
2025-11-27T00:00+00:00,5925,6.2,302,12.2,998.7
2025-11-27T01:00+00:00,5925,5.5,302,11.5,998.9
2025-11-27T02:00+00:00,5925,5.6,303,11.1,999.0
2025-11-27T03:00+00:00,5925,5.4,301,12.9,999.7
2025-11-27T04:00+00:00,5925,5.2,302,10.2,1000.1
2025-11-27T05:00+00:00,5925,5.2,299,10.5,1000.5
2025-11-27T06:00+00:00,5925,3.7,302,10.1,1001.5
2025-11-27T07:00+00:00,5925,3.8,302,8.7,1002.1
2025-11-27T08:00+00:00,5925,4.1,303,9.1,1002.4
2025-11-27T09:00+00:00,5925,4.2,311,9.6,1003.1
2025-11-27T10:00+00:00,5925,4.4,316,10.0,1003.2
2025-11-27T11:00+00:00,5925,4.5,317,10.4,1003.2
2025-11-27T12:00+00:00,5925,3.8,317,8.7,1003.0
2025-11-27T13:00+00:00,5925,4.1,313,8.8,1002.7
2025-11-27T14:00+00:00,5925,3.9,309,8.6,1002.7
2025-11-27T15:00+00:00,5925,4.0,317,8.7,1003.0
2025-11-27T16:00+00:00,5925,4.3,328,7.6,1003.2
2025-11-27T17:00+00:00,5925,3.6,326,6.9,1003.3
2025-11-27T18:00+00:00,5925,2.9,317,5.4,1003.5
2025-11-27T19:00+00:00,5925,3.1,293,6.0,1003.7
2025-11-27T20:00+00:00,5925,2.2,292,5.3,1004.1
2025-11-27T21:00+00:00,5925,2.0,296,4.5,1004.1
2025-11-27T22:00+00:00,5925,2.8,304,5.2,1003.8
2025-11-27T23:00+00:00,5925,2.2,320,5.5,1003.7
2025-11-28T00:00+00:00,5925,1.8,319,4.4,1003.1
2025-11-28T01:00+00:00,5925,1.5,317,3.9,1003.0
2025-11-28T02:00+00:00,5925,2.4,307,5.2,1002.6
2025-11-28T03:00+00:00,5925,2.2,319,6.2,1002.1
2025-11-28T04:00+00:00,5925,2.0,305,4.9,1002.4
2025-11-28T05:00+00:00,5925,3.6,300,8.7,1002.1
2025-11-28T06:00+00:00,5925,3.2,307,7.9,1002.2
2025-11-28T07:00+00:00,5925,3.2,299,8.6,1002.2
2025-11-28T08:00+00:00,5925,4.7,296,10.4,1001.9
2025-11-28T09:00+00:00,5925,4.6,292,9.7,1001.9
2025-11-28T10:00+00:00,5925,4.0,298,8.7,1001.4
2025-11-28T11:00+00:00,5925,3.2,277,7.2,1000.8
2025-11-28T12:00+00:00,5925,2.8,302,7.2,999.9
2025-11-28T13:00+00:00,5925,2.8,311,8.1,999.2
2025-11-28T14:00+00:00,5925,2.2,304,5.3,999.1
2025-11-28T15:00+00:00,5925,2.2,300,6.3,998.9
2025-11-28T16:00+00:00,5925,2.2,310,6.1,998.9
2025-11-28T17:00+00:00,5925,2.5,294,6.5,999.1
2025-11-28T18:00+00:00,5925,2.4,291,5.1,999.0
2025-11-28T19:00+00:00,5925,2.2,292,5.6,998.9
2025-11-28T20:00+00:00,5925,2.1,298,6.3,998.6
2025-11-28T21:00+00:00,5925,0.8,325,3.0,998.5
2025-11-28T22:00+00:00,5925,1.0,252,3.9,998.1
2025-11-28T23:00+00:00,5925,2.1,228,4.6,997.8
2025-11-29T00:00+00:00,5925,1.0,217,2.9,997.0
2025-11-29T01:00+00:00,5925,1.0,189,2.6,997.1
2025-11-29T02:00+00:00,5925,1.7,220,3.9,996.9
2025-11-29T03:00+00:00,5925,1.0,221,3.0,996.4
2025-11-29T04:00+00:00,5925,1.1,59,2.8,996.4
2025-11-29T05:00+00:00,5925,0.3,144,2.9,996.2
2025-11-29T06:00+00:00,5925,0.3,38,2.9,996.2
2025-11-29T07:00+00:00,5925,2.0,56,3.7,996.8
2025-11-29T08:00+00:00,5925,0.8,65,2.8,996.5
2025-11-29T09:00+00:00,5925,0.7,182,3.2,995.8
2025-11-29T10:00+00:00,5925,1.6,66,4.0,995.4
2025-11-29T11:00+00:00,5925,1.8,66,3.8,995.1
2025-11-29T12:00+00:00,5925,1.7,109,5.2,994.8
2025-11-29T13:00+00:00,5925,0.9,135,2.9,994.4
2025-11-29T14:00+00:00,5925,1.5,111,3.7,994.3
2025-11-29T15:00+00:00,5925,0.7,249,5.5,994.2
2025-11-29T16:00+00:00,5925,3.7,292,8.1,994.1
2025-11-29T17:00+00:00,5925,1.5,299,5.4,994.3
2025-11-29T18:00+00:00,5925,1.5,318,4.6,994.3
2025-11-29T19:00+00:00,5925,1.7,291,5.8,994.1
2025-11-29T20:00+00:00,5925,1.2,306,4.2,994.0
2025-11-29T21:00+00:00,5925,1.4,104,3.2,994.3
2025-11-29T22:00+00:00,5925,1.0,115,2.4,994.3
2025-11-29T23:00+00:00,5925,0.9,118,2.3,993.8
2025-11-30T00:00+00:00,5925,0.6,126,2.4,993.5
2025-11-30T01:00+00:00,5925,1.4,54,3.1,993.5
2025-11-30T02:00+00:00,5925,0.6,15,2.0,993.3
2025-11-30T03:00+00:00,5925,0.9,96,2.6,993.3
2025-11-30T04:00+00:00,5925,1.1,129,3.1,993.4
2025-11-30T05:00+00:00,5925,0.9,182,3.1,993.2
2025-11-30T06:00+00:00,5925,0.5,164,3.0,993.4
2025-11-30T07:00+00:00,5925,1.0,54,2.0,993.8
2025-11-30T08:00+00:00,5925,0.6,4,2.8,994.0
2025-11-30T09:00+00:00,5925,1.1,328,2.6,994.1
2025-11-30T10:00+00:00,5925,1.0,71,3.0,993.7
2025-11-30T11:00+00:00,5925,1.1,353,3.9,993.5
2025-11-30T12:00+00:00,5925,2.1,43,4.2,993.4
2025-11-30T13:00+00:00,5925,1.0,17,3.0,993.3
2025-11-30T14:00+00:00,5925,1.0,59,3.5,993.6
2025-11-30T15:00+00:00,5925,1.1,85,3.3,994.0
2025-11-30T16:00+00:00,5925,0.8,91,2.4,994.0
2025-11-30T17:00+00:00,5925,1.1,99,2.8,994.2
2025-11-30T18:00+00:00,5925,0.9,113,3.8,994.5
2025-11-30T19:00+00:00,5925,0.5,152,2.6,994.9
2025-11-30T20:00+00:00,5925,0.8,68,2.4,995.4
2025-11-30T21:00+00:00,5925,1.1,61,2.5,995.6
2025-11-30T22:00+00:00,5925,0.5,318,4.2,995.9
2025-11-30T23:00+00:00,5925,1.2,79,2.8,996.0
2025-12-01T00:00+00:00,5925,1.0,89,2.3,996.2
2025-12-01T01:00+00:00,5925,1.0,107,2.3,996.5
2025-12-01T02:00+00:00,5925,1.0,122,2.2,996.7
2025-12-01T03:00+00:00,5925,1.5,54,2.7,997.0
2025-12-01T04:00+00:00,5925,1.5,51,2.8,997.6
2025-12-01T05:00+00:00,5925,0.9,66,2.5,997.9
2025-12-01T06:00+00:00,5925,0.7,92,1.9,998.6
2025-12-01T07:00+00:00,5925,0.6,159,2.3,999.1
2025-12-01T08:00+00:00,5925,1.0,291,6.0,999.5
2025-12-01T09:00+00:00,5925,3.4,270,7.9,999.7
2025-12-01T10:00+00:00,5925,4.1,286,8.1,999.9
2025-12-01T11:00+00:00,5925,3.7,293,8.7,999.7
2025-12-01T12:00+00:00,5925,4.2,287,8.8,999.3
2025-12-01T13:00+00:00,5925,3.4,296,8.2,999.2
2025-12-01T14:00+00:00,5925,2.6,310,5.2,999.2
2025-12-01T15:00+00:00,5925,2.5,327,5.3,999.5
2025-12-01T16:00+00:00,5925,2.2,328,5.9,999.6
2025-12-01T17:00+00:00,5925,2.1,71,4.7,999.9
2025-12-01T18:00+00:00,5925,2.0,98,4.5,1000.0
2025-12-01T19:00+00:00,5925,2.2,92,5.0,999.9
2025-12-01T20:00+00:00,5925,2.5,93,4.8,999.7
2025-12-01T21:00+00:00,5925,2.7,79,5.6,999.2
2025-12-01T22:00+00:00,5925,2.4,91,5.3,999.0
2025-12-01T23:00+00:00,5925,2.2,96,5.1,998.6
2025-12-02T00:00+00:00,5925,3.0,127,8.7,998.0
2025-12-02T01:00+00:00,5925,4.1,142,9.3,997.7
2025-12-02T02:00+00:00,5925,3.8,145,7.8,997.6
2025-12-02T03:00+00:00,5925,3.3,134,7.9,997.3
2025-12-02T04:00+00:00,5925,4.1,127,9.5,997.0
2025-12-02T05:00+00:00,5925,4.0,119,9.9,997.1
2025-12-02T06:00+00:00,5925,4.9,124,10.2,997.1
2025-12-02T07:00+00:00,5925,4.6,125,9.9,997.5
2025-12-02T08:00+00:00,5925,4.4,124,9.3,997.7
2025-12-02T09:00+00:00,5925,3.5,137,8.1,998.1
2025-12-02T10:00+00:00,5925,3.3,150,6.8,997.8
2025-12-02T11:00+00:00,5925,3.7,152,7.6,997.6
2025-12-02T12:00+00:00,5925,3.8,140,7.2,997.5
2025-12-02T13:00+00:00,5925,3.8,132,7.2,997.3
2025-12-02T14:00+00:00,5925,3.3,142,7.2,997.3
2025-12-02T15:00+00:00,5925,3.3,140,7.1,997.3
2025-12-02T16:00+00:00,5925,3.4,136,6.7,997.5
2025-12-02T17:00+00:00,5925,3.4,136,6.9,997.6
2025-12-02T18:00+00:00,5925,3.4,132,7.0,997.6
2025-12-02T19:00+00:00,5925,2.9,138,6.3,997.8
2025-12-02T20:00+00:00,5925,3.2,134,6.7,997.6
2025-12-02T21:00+00:00,5925,3.1,138,7.2,997.5
2025-12-02T22:00+00:00,5925,3.3,133,6.5,997.6
2025-12-02T23:00+00:00,5925,2.8,134,6.3,997.5
2025-12-03T00:00+00:00,5925,3.0,133,7.4,997.1
2025-12-03T01:00+00:00,5925,3.6,131,7.8,997.1
2025-12-03T02:00+00:00,5925,3.8,131,8.4,996.7
2025-12-03T03:00+00:00,5925,3.3,139,7.5,996.2
2025-12-03T04:00+00:00,5925,3.2,140,6.4,996.0
2025-12-03T05:00+00:00,5925,2.9,139,6.7,996.0
2025-12-03T06:00+00:00,5925,3.1,146,6.7,996.2
2025-12-03T07:00+00:00,5925,3.1,140,6.5,996.5
2025-12-03T08:00+00:00,5925,2.6,141,6.5,996.6
2025-12-03T09:00+00:00,5925,3.1,152,6.3,996.7
2025-12-03T10:00+00:00,5925,3.4,148,7.5,996.2
2025-12-03T11:00+00:00,5925,3.7,147,8.2,995.7
2025-12-03T12:00+00:00,5925,4.1,150,9.4,995.1
2025-12-03T13:00+00:00,5925,4.2,148,7.9,994.7
2025-12-03T14:00+00:00,5925,4.2,144,8.6,994.6
2025-12-03T15:00+00:00,5925,4.0,147,9.4,994.7
2025-12-03T16:00+00:00,5925,3.9,153,7.6,994.7
2025-12-03T17:00+00:00,5925,3.6,159,9.8,995.1
2025-12-03T18:00+00:00,5925,5.5,152,11.3,994.9
2025-12-03T19:00+00:00,5925,4.2,165,8.4,994.9
2025-12-03T20:00+00:00,5925,4.3,159,9.2,995.1
2025-12-03T21:00+00:00,5925,5.0,157,9.9,995.1
2025-12-03T22:00+00:00,5925,3.6,163,8.4,994.9
2025-12-03T23:00+00:00,5925,4.1,151,8.4,994.7
2025-12-04T00:00+00:00,5925,3.1,147,7.1,994.4
2025-12-04T01:00+00:00,5925,2.7,153,6.4,994.4
2025-12-04T02:00+00:00,5925,2.4,147,5.9,994.0
2025-12-04T03:00+00:00,5925,2.4,147,5.2,993.8
2025-12-04T04:00+00:00,5925,3.6,171,7.1,993.7
2025-12-04T05:00+00:00,5925,3.4,165,7.7,993.4
2025-12-04T06:00+00:00,5925,3.4,145,7.0,993.4
2025-12-04T07:00+00:00,5925,3.2,146,7.1,993.5
2025-12-04T08:00+00:00,5925,3.2,141,6.6,993.5
2025-12-04T09:00+00:00,5925,3.3,140,6.3,993.3
2025-12-04T10:00+00:00,5925,3.0,150,6.6,992.6
2025-12-04T11:00+00:00,5925,3.3,155,6.3,991.9
2025-12-04T12:00+00:00,5925,3.0,140,6.0,991.2
2025-12-04T13:00+00:00,5925,4.1,129,9.3,990.5
2025-12-04T14:00+00:00,5925,3.1,109,7.2,990.3
2025-12-04T15:00+00:00,5925,3.4,125,6.6,990.1
2025-12-04T16:00+00:00,5925,2.7,136,6.5,989.9
2025-12-04T17:00+00:00,5925,2.2,134,7.3,989.7
2025-12-04T18:00+00:00,5925,2.2,151,5.1,989.6
2025-12-04T19:00+00:00,5925,1.6,172,4.0,989.1
2025-12-04T20:00+00:00,5925,0.9,175,2.5,988.6
2025-12-04T21:00+00:00,5925,1.2,126,2.6,987.9
2025-12-04T22:00+00:00,5925,2.0,90,5.2,987.4
2025-12-04T23:00+00:00,5925,2.6,84,6.5,986.9
2025-12-05T00:00+00:00,5925,2.5,81,6.2,986.5
2025-12-05T01:00+00:00,5925,3.1,94,6.6,986.3
2025-12-05T02:00+00:00,5925,2.7,103,6.9,986.3
2025-12-05T03:00+00:00,5925,2.7,120,6.0,985.8
2025-12-05T04:00+00:00,5925,2.7,123,5.6,985.8
2025-12-05T05:00+00:00,5925,2.4,124,5.1,986.2
2025-12-05T06:00+00:00,5925,1.1,150,3.1,986.6
2025-12-05T07:00+00:00,5925,0.9,219,2.8,987.3
2025-12-05T08:00+00:00,5925,2.2,284,6.4,988.1
2025-12-05T09:00+00:00,5925,2.9,275,8.2,989.2
2025-12-05T10:00+00:00,5925,4.1,273,11.2,989.6
2025-12-05T11:00+00:00,5925,4.3,275,9.5,989.7
2025-12-05T12:00+00:00,5925,4.0,276,10.9,990.0
2025-12-05T13:00+00:00,5925,4.0,271,9.7,990.9
2025-12-05T14:00+00:00,5925,4.5,274,11.2,991.3
2025-12-05T15:00+00:00,5925,4.5,275,10.1,992.2
2025-12-05T16:00+00:00,5925,3.9,278,9.9,992.7
2025-12-05T17:00+00:00,5925,4.0,278,9.6,993.2
2025-12-05T18:00+00:00,5925,3.5,282,9.3,993.6
2025-12-05T19:00+00:00,5925,4.1,283,11.2,994.0
2025-12-05T20:00+00:00,5925,4.6,281,11.8,994.5
2025-12-05T21:00+00:00,5925,4.4,288,11.3,994.8
2025-12-05T22:00+00:00,5925,4.7,284,11.3,994.8
2025-12-05T23:00+00:00,5925,3.9,302,9.4,994.8
2025-12-06T00:00+00:00,5925,2.5,309,6.8,994.7
2025-12-06T01:00+00:00,5925,2.0,306,5.6,994.7
2025-12-06T02:00+00:00,5925,2.3,310,5.2,994.6
2025-12-06T03:00+00:00,5925,2.3,294,5.1,994.4
2025-12-06T04:00+00:00,5925,1.2,319,3.1,994.2
2025-12-06T05:00+00:00,5925,1.5,320,2.8,994.2
2025-12-06T06:00+00:00,5925,1.1,225,3.2,994.0
2025-12-06T07:00+00:00,5925,0.8,183,2.5,994.2
2025-12-06T08:00+00:00,5925,1.3,133,3.0,994.1
2025-12-06T09:00+00:00,5925,2.2,177,3.8,994.1
2025-12-06T10:00+00:00,5925,1.9,135,4.6,993.3
2025-12-06T11:00+00:00,5925,1.7,140,4.9,992.6
2025-12-06T12:00+00:00,5925,0.6,93,3.2,992.2
2025-12-06T13:00+00:00,5925,0.7,80,2.9,992.0
2025-12-06T14:00+00:00,5925,1.1,41,2.7,992.1
2025-12-06T15:00+00:00,5925,1.4,34,3.3,992.4
2025-12-06T16:00+00:00,5925,1.4,351,3.9,993.0
2025-12-06T17:00+00:00,5925,1.1,356,4.1,993.2
2025-12-06T18:00+00:00,5925,0.6,30,2.4,993.4
2025-12-06T19:00+00:00,5925,1.2,212,2.9,993.6
2025-12-06T20:00+00:00,5925,0.8,207,3.1,994.0
2025-12-06T21:00+00:00,5925,0.3,205,3.4,994.1
2025-12-06T22:00+00:00,5925,1.0,198,2.8,994.2
2025-12-06T23:00+00:00,5925,0.8,193,3.1,994.0
2025-12-07T00:00+00:00,5925,1.2,199,2.5,993.8
2025-12-07T01:00+00:00,5925,0.8,217,2.8,994.3
2025-12-07T02:00+00:00,5925,1.1,217,3.2,994.3
2025-12-07T03:00+00:00,5925,1.4,203,3.5,994.5
2025-12-07T04:00+00:00,5925,1.5,218,3.1,994.4
2025-12-07T05:00+00:00,5925,1.6,211,3.1,994.2
2025-12-07T06:00+00:00,5925,0.5,189,3.0,994.7
2025-12-07T07:00+00:00,5925,0.3,91,2.4,994.5
2025-12-07T08:00+00:00,5925,0.4,140,2.9,995.1
2025-12-07T09:00+00:00,5925,1.8,212,4.0,995.2
2025-12-07T10:00+00:00,5925,0.3,315,2.8,995.2
2025-12-07T11:00+00:00,5925,1.6,276,6.8,994.7
2025-12-07T12:00+00:00,5925,4.1,269,10.4,994.5
2025-12-07T13:00+00:00,5925,3.5,265,8.8,994.6
2025-12-07T14:00+00:00,5925,2.7,265,8.2,994.7
2025-12-07T15:00+00:00,5925,1.7,255,7.1,994.8
2025-12-07T16:00+00:00,5925,2.0,225,4.1,995.1
2025-12-07T17:00+00:00,5925,1.6,199,3.3,995.1
2025-12-07T18:00+00:00,5925,1.2,198,2.7,995.4
2025-12-07T19:00+00:00,5925,1.0,185,2.5,995.6
2025-12-07T20:00+00:00,5925,1.8,195,4.1,995.8
2025-12-07T21:00+00:00,5925,1.5,196,3.1,995.7
2025-12-07T22:00+00:00,5925,1.9,191,3.9,995.9
2025-12-07T23:00+00:00,5925,1.4,165,3.9,995.7
2025-12-08T00:00+00:00,5925,1.8,174,4.1,995.6
2025-12-08T01:00+00:00,5925,1.7,176,4.2,995.8
2025-12-08T02:00+00:00,5925,1.6,166,3.6,995.8
2025-12-08T03:00+00:00,5925,1.9,157,4.1,995.8
2025-12-08T04:00+00:00,5925,1.4,188,3.8,995.8
2025-12-08T05:00+00:00,5925,1.2,178,2.8,996.2
2025-12-08T06:00+00:00,5925,1.6,176,3.0,996.7
2025-12-08T07:00+00:00,5925,1.8,168,3.2,997.5
2025-12-08T08:00+00:00,5925,1.9,187,3.7,997.9
2025-12-08T09:00+00:00,5925,2.0,196,3.7,998.7
2025-12-08T10:00+00:00,5925,1.8,194,3.6,999.0
2025-12-08T11:00+00:00,5925,1.0,164,3.2,998.8
2025-12-08T12:00+00:00,5925,0.7,172,2.7,998.9
2025-12-08T13:00+00:00,5925,1.3,78,2.8,999.5
2025-12-08T14:00+00:00,5925,0.8,79,2.8,999.7
2025-12-08T15:00+00:00,5925,1.0,130,3.2,1000.2
2025-12-08T16:00+00:00,5925,0.8,144,2.1,1000.5
2025-12-08T17:00+00:00,5925,1.3,118,2.6,1000.9
2025-12-08T18:00+00:00,5925,1.0,109,2.3,1001.1
2025-12-08T19:00+00:00,5925,0.8,154,2.5,1001.6
2025-12-08T20:00+00:00,5925,1.3,182,2.8,1001.6
2025-12-08T21:00+00:00,5925,1.3,158,2.9,1001.4
2025-12-08T22:00+00:00,5925,1.8,176,4.5,1001.0
2025-12-08T23:00+00:00,5925,1.7,160,4.0,1001.0
2025-12-09T00:00+00:00,5925,0.9,127,2.8,1000.9
2025-12-09T01:00+00:00,5925,0.8,136,2.6,1001.0
2025-12-09T02:00+00:00,5925,0.7,137,2.5,1001.0
2025-12-09T03:00+00:00,5925,1.1,124,2.7,1001.1
2025-12-09T04:00+00:00,5925,2.0,148,4.4,1000.8
2025-12-09T05:00+00:00,5925,1.5,175,3.2,1000.9
2025-12-09T06:00+00:00,5925,1.5,154,4.3,1000.8
2025-12-09T07:00+00:00,5925,1.5,181,3.9,1001.1
2025-12-09T08:00+00:00,5925,2.0,192,4.4,1001.2
2025-12-09T09:00+00:00,5925,1.6,190,3.7,1001.3
2025-12-09T10:00+00:00,5925,1.0,187,2.9,1000.7
2025-12-09T11:00+00:00,5925,1.5,166,3.7,1000.2
2025-12-09T12:00+00:00,5925,1.6,162,3.7,999.9
2025-12-09T13:00+00:00,5925,1.8,142,4.8,999.0
2025-12-09T14:00+00:00,5925,1.7,158,3.7,999.0
2025-12-09T15:00+00:00,5925,2.2,132,4.3,998.9
2025-12-09T16:00+00:00,5925,2.0,139,4.2,998.8
2025-12-09T17:00+00:00,5925,2.3,145,4.9,998.8
2025-12-09T18:00+00:00,5925,2.3,141,4.8,998.8
2025-12-09T19:00+00:00,5925,1.5,147,3.9,998.9
2025-12-09T20:00+00:00,5925,1.7,177,3.7,999.0
2025-12-09T21:00+00:00,5925,1.4,164,4.5,999.0
2025-12-09T22:00+00:00,5925,1.9,186,4.4,999.0
2025-12-09T23:00+00:00,5925,1.7,194,3.1,998.8
2025-12-10T00:00+00:00,5925,1.1,186,2.9,998.8
2025-12-10T01:00+00:00,5925,1.3,214,3.1,998.9
2025-12-10T02:00+00:00,5925,1.7,212,3.5,998.7
2025-12-10T03:00+00:00,5925,1.0,202,3.1,999.0
2025-12-10T04:00+00:00,5925,0.9,111,2.4,999.0
2025-12-10T05:00+00:00,5925,1.5,151,2.8,999.2
2025-12-10T06:00+00:00,5925,1.8,194,3.7,999.3
2025-12-10T07:00+00:00,5925,1.1,195,3.0,1000.0
2025-12-10T08:00+00:00,5925,1.2,204,3.2,1000.4
2025-12-10T09:00+00:00,5925,0.6,82,2.7,1001.1
2025-12-10T10:00+00:00,5925,1.2,122,2.8,1001.1
2025-12-10T11:00+00:00,5925,1.8,189,3.9,1001.2
2025-12-10T12:00+00:00,5925,1.2,182,2.9,1000.8
2025-12-10T13:00+00:00,5925,1.7,172,3.6,1000.9
2025-12-10T14:00+00:00,5925,1.5,158,3.4,1001.3
2025-12-10T15:00+00:00,5925,1.5,185,3.3,1001.8
2025-12-10T16:00+00:00,5925,1.9,189,4.0,1002.1
2025-12-10T17:00+00:00,5925,1.1,180,3.0,1002.3
2025-12-10T18:00+00:00,5925,1.6,204,3.3,1002.4
2025-12-10T19:00+00:00,5925,1.3,184,2.7,1002.7
2025-12-10T20:00+00:00,5925,1.0,194,3.0,1003.1
2025-12-10T21:00+00:00,5925,0.7,178,3.0,1003.4
2025-12-10T22:00+00:00,5925,0.8,135,2.1,1003.6
2025-12-10T23:00+00:00,5925,0.6,176,2.5,1004.0
2025-12-11T00:00+00:00,5925,1.0,196,2.7,1003.8
2025-12-11T01:00+00:00,5925,0.8,192,2.5,1003.7
2025-12-11T02:00+00:00,5925,0.5,97,2.9,1003.6
2025-12-11T03:00+00:00,5925,1.1,49,2.3,1003.5
2025-12-11T04:00+00:00,5925,2.1,297,7.9,1003.3
2025-12-11T05:00+00:00,5925,0.9,355,6.6,1003.2
2025-12-11T06:00+00:00,5925,1.1,357,4.5,1003.4
2025-12-11T07:00+00:00,5925,0.7,37,2.6,1003.5
2025-12-11T08:00+00:00,5925,1.9,287,6.4,1003.4
2025-12-11T09:00+00:00,5925,4.8,297,9.0,1003.8
2025-12-11T10:00+00:00,5925,3.6,298,7.7,1003.7
2025-12-11T11:00+00:00,5925,2.4,275,6.3,1003.4
2025-12-11T12:00+00:00,5925,2.8,290,7.0,1003.4
2025-12-11T13:00+00:00,5925,2.4,322,6.3,1003.3
2025-12-11T14:00+00:00,5925,2.0,296,5.2,1003.2
2025-12-11T15:00+00:00,5925,1.6,284,5.1,1003.2
2025-12-11T16:00+00:00,5925,2.4,287,5.0,1003.5
2025-12-11T17:00+00:00,5925,1.8,303,3.8,1003.4
2025-12-11T18:00+00:00,5925,1.8,281,5.4,1003.5
2025-12-11T19:00+00:00,5925,1.1,191,2.5,1003.5
2025-12-11T20:00+00:00,5925,2.0,216,4.4,1003.2
2025-12-11T21:00+00:00,5925,2.0,218,3.2,1003.1
2025-12-11T22:00+00:00,5925,1.0,201,3.2,1003.0
2025-12-11T23:00+00:00,5925,0.7,169,1.8,1002.9
2025-12-12T00:00+00:00,5925,0.3,162,2.9,1002.6
2025-12-12T01:00+00:00,5925,1.2,208,3.1,1003.0
2025-12-12T02:00+00:00,5925,1.2,207,4.0,1003.0
2025-12-12T03:00+00:00,5925,1.1,207,3.2,1002.9
2025-12-12T04:00+00:00,5925,1.2,55,3.1,1003.4
2025-12-12T05:00+00:00,5925,1.2,59,3.1,1003.4
2025-12-12T06:00+00:00,5925,0.3,216,3.0,1003.5
2025-12-12T07:00+00:00,5925,1.4,50,3.6,1004.4
2025-12-12T08:00+00:00,5925,1.5,55,3.7,1004.9
2025-12-12T09:00+00:00,5925,0.5,136,2.5,1005.4
2025-12-12T10:00+00:00,5925,1.0,193,2.9,1005.2
2025-12-12T11:00+00:00,5925,1.0,54,3.0,1005.2
2025-12-12T12:00+00:00,5925,0.6,75,2.9,1004.6
2025-12-12T13:00+00:00,5925,1.0,82,2.8,1004.7
2025-12-12T14:00+00:00,5925,0.9,84,2.3,1004.5
2025-12-12T15:00+00:00,5925,0.6,80,3.4,1004.8
2025-12-12T16:00+00:00,5925,1.3,84,3.3,1004.8
2025-12-12T17:00+00:00,5925,0.9,82,3.2,1005.1
2025-12-12T18:00+00:00,5925,0.9,67,2.9,1005.3
2025-12-12T19:00+00:00,5925,1.0,90,2.8,1005.7
2025-12-12T20:00+00:00,5925,1.1,61,3.0,1005.9
2025-12-12T21:00+00:00,5925,1.7,74,3.4,1006.0
2025-12-12T22:00+00:00,5925,1.3,79,3.0,1006.4
2025-12-12T23:00+00:00,5925,1.4,66,3.3,1006.4
2025-12-13T00:00+00:00,5925,1.6,74,3.3,1006.3
2025-12-13T01:00+00:00,5925,1.7,88,3.6,1006.4
2025-12-13T02:00+00:00,5925,1.6,65,3.3,1006.4
2025-12-13T03:00+00:00,5925,1.3,71,2.7,1006.2
2025-12-13T04:00+00:00,5925,1.3,57,3.0,1006.2
2025-12-13T05:00+00:00,5925,1.7,66,3.7,1006.4
2025-12-13T06:00+00:00,5925,1.1,103,3.7,1006.7
2025-12-13T07:00+00:00,5925,1.1,53,2.3,1007.3
2025-12-13T08:00+00:00,5925,1.2,146,3.1,1007.5
2025-12-13T09:00+00:00,5925,1.4,193,3.2,1007.8
2025-12-13T10:00+00:00,5925,1.4,65,3.5,1007.8
2025-12-13T11:00+00:00,5925,1.4,105,3.1,1007.5
2025-12-13T12:00+00:00,5925,1.3,110,3.0,1006.9
2025-12-13T13:00+00:00,5925,1.3,88,3.4,1007.1
2025-12-13T14:00+00:00,5925,1.5,70,3.5,1007.3
2025-12-13T15:00+00:00,5925,1.2,112,2.9,1007.4
2025-12-13T16:00+00:00,5925,1.1,124,2.5,1007.7
2025-12-13T17:00+00:00,5925,1.0,136,2.7,1007.7
2025-12-13T18:00+00:00,5925,0.6,49,3.7,1007.7
2025-12-13T19:00+00:00,5925,2.2,293,5.1,1007.9
2025-12-13T20:00+00:00,5925,1.8,296,5.4,1007.8
2025-12-13T21:00+00:00,5925,2.1,300,5.7,1008.4
2025-12-13T22:00+00:00,5925,1.8,287,4.8,1008.0
2025-12-13T23:00+00:00,5925,1.6,311,4.5,1007.8
2025-12-14T00:00+00:00,5925,1.6,290,5.2,1007.7
2025-12-14T01:00+00:00,5925,2.1,292,5.3,1007.6
2025-12-14T02:00+00:00,5925,2.0,260,5.5,1007.6
2025-12-14T03:00+00:00,5925,1.7,262,5.7,1007.6
2025-12-14T04:00+00:00,5925,2.1,297,5.2,1008.0
2025-12-14T05:00+00:00,5925,2.9,310,6.3,1008.0
2025-12-14T06:00+00:00,5925,2.4,312,6.4,1008.2
2025-12-14T07:00+00:00,5925,2.1,314,5.0,1008.4
2025-12-14T08:00+00:00,5925,2.0,311,5.1,1008.7
2025-12-14T09:00+00:00,5925,1.9,300,5.7,1008.9
2025-12-14T10:00+00:00,5925,1.1,253,4.6,1008.5
2025-12-14T11:00+00:00,5925,1.1,304,3.9,1008.0
2025-12-14T12:00+00:00,5925,0.6,278,3.2,1007.8
2025-12-14T13:00+00:00,5925,0.8,193,2.9,1007.1
2025-12-14T14:00+00:00,5925,1.0,104,3.2,1007.0
2025-12-14T15:00+00:00,5925,1.5,113,3.8,1007.0
2025-12-14T16:00+00:00,5925,2.3,140,4.5,1007.0
2025-12-14T17:00+00:00,5925,1.4,132,3.9,1007.0
2025-12-14T18:00+00:00,5925,2.1,146,6.1,1006.9
2025-12-14T19:00+00:00,5925,2.4,171,5.2,1006.9
2025-12-14T20:00+00:00,5925,2.7,173,6.2,1006.8
2025-12-14T21:00+00:00,5925,2.6,139,6.0,1006.6
2025-12-14T22:00+00:00,5925,2.8,152,5.6,1006.5
2025-12-14T23:00+00:00,5925,2.6,147,4.9,1006.3
2025-12-15T00:00+00:00,5925,3.0,153,5.9,1006.3
2025-12-15T01:00+00:00,5925,2.6,161,5.6,1005.9
2025-12-15T02:00+00:00,5925,2.8,132,6.2,1005.8
2025-12-15T03:00+00:00,5925,3.1,144,6.6,1005.6
2025-12-15T04:00+00:00,5925,3.4,139,7.3,1005.4
2025-12-15T05:00+00:00,5925,3.6,158,6.8,1005.3
2025-12-15T06:00+00:00,5925,3.3,144,7.8,1005.3
2025-12-15T07:00+00:00,5925,3.4,156,7.3,1005.2
2025-12-15T08:00+00:00,5925,3.7,157,7.4,1005.3
2025-12-15T09:00+00:00,5925,3.1,153,7.0,1005.5
2025-12-15T10:00+00:00,5925,3.3,144,7.3,1005.5
2025-12-15T11:00+00:00,5925,3.4,132,6.9,1004.8
2025-12-15T12:00+00:00,5925,3.6,137,7.2,1004.6
2025-12-15T13:00+00:00,5925,3.4,163,6.8,1004.1
2025-12-15T14:00+00:00,5925,3.5,134,7.8,1003.7
2025-12-15T15:00+00:00,5925,4.0,149,9.2,1003.7
2025-12-15T16:00+00:00,5925,3.5,141,7.6,1003.5
2025-12-15T17:00+00:00,5925,3.7,141,8.5,1003.6
2025-12-15T18:00+00:00,5925,4.5,144,8.5,1003.5
2025-12-15T19:00+00:00,5925,3.5,134,7.3,1003.5
2025-12-15T20:00+00:00,5925,3.8,126,9.1,1003.6
2025-12-15T21:00+00:00,5925,4.0,120,8.3,1003.6
2025-12-15T22:00+00:00,5925,3.5,119,8.1,1003.5
2025-12-15T23:00+00:00,5925,3.4,121,7.9,1003.4
2025-12-16T00:00+00:00,5925,2.9,123,6.4,1002.9
2025-12-16T01:00+00:00,5925,3.5,125,7.7,1002.9
2025-12-16T02:00+00:00,5925,3.1,133,6.4,1002.5
2025-12-16T03:00+00:00,5925,3.4,132,7.6,1001.6
2025-12-16T04:00+00:00,5925,3.1,136,6.8,1001.4
2025-12-16T05:00+00:00,5925,3.1,142,8.2,1001.4
2025-12-16T06:00+00:00,5925,4.2,138,8.6,1001.3
2025-12-16T07:00+00:00,5925,4.0,140,7.5,1001.5
2025-12-16T08:00+00:00,5925,4.2,135,9.9,1001.4
2025-12-16T09:00+00:00,5925,4.1,136,8.1,1001.8
2025-12-16T10:00+00:00,5925,4.3,141,10.1,1001.3
2025-12-16T11:00+00:00,5925,4.1,141,8.2,1000.5
2025-12-16T12:00+00:00,5925,4.1,133,8.6,1000.1
2025-12-16T13:00+00:00,5925,3.5,133,7.8,999.6
2025-12-16T14:00+00:00,5925,3.2,139,6.7,999.8
2025-12-16T15:00+00:00,5925,2.5,126,6.1,999.8
2025-12-16T16:00+00:00,5925,2.8,129,5.8,1000.1
2025-12-16T17:00+00:00,5925,3.2,133,6.3,1000.1
2025-12-16T18:00+00:00,5925,3.8,135,7.7,1000.1
2025-12-16T19:00+00:00,5925,3.1,138,6.6,1000.0
2025-12-16T20:00+00:00,5925,3.7,137,8.0,1000.1
2025-12-16T21:00+00:00,5925,3.8,136,7.9,999.8
2025-12-16T22:00+00:00,5925,3.4,134,7.4,999.8
2025-12-16T23:00+00:00,5925,3.1,138,6.8,999.6
2025-12-17T00:00+00:00,5925,2.9,135,6.5,999.3
2025-12-17T01:00+00:00,5925,3.3,138,7.1,999.0
2025-12-17T02:00+00:00,5925,2.9,140,6.6,998.7
2025-12-17T03:00+00:00,5925,4.3,138,8.2,998.8
2025-12-17T04:00+00:00,5925,3.2,141,6.9,999.1
2025-12-17T05:00+00:00,5925,2.2,132,5.4,999.3
2025-12-17T06:00+00:00,5925,2.4,129,4.2,1000.2
2025-12-17T07:00+00:00,5925,2.9,136,5.6,1000.9
2025-12-17T08:00+00:00,5925,2.7,153,5.7,1001.2
2025-12-17T09:00+00:00,5925,2.7,162,6.4,1002.1
2025-12-17T10:00+00:00,5925,2.5,170,5.3,1002.0
2025-12-17T11:00+00:00,5925,3.2,180,5.5,1002.1
2025-12-17T12:00+00:00,5925,2.4,181,4.4,1001.8
2025-12-17T13:00+00:00,5925,3.0,178,5.2,1001.6
2025-12-17T14:00+00:00,5925,2.6,177,4.6,1002.0
2025-12-17T15:00+00:00,5925,2.9,175,5.2,1002.2
2025-12-17T16:00+00:00,5925,2.7,179,5.4,1002.2
2025-12-17T17:00+00:00,5925,2.6,182,4.9,1002.6
2025-12-17T18:00+00:00,5925,2.0,185,4.2,1003.0
2025-12-17T19:00+00:00,5925,1.7,186,3.6,1003.3
2025-12-17T20:00+00:00,5925,1.6,196,3.2,1003.6
2025-12-17T21:00+00:00,5925,1.5,191,2.8,1004.2
2025-12-17T22:00+00:00,5925,1.2,174,2.6,1004.8
2025-12-17T23:00+00:00,5925,1.3,190,2.8,1004.8
2025-12-18T00:00+00:00,5925,1.4,198,2.6,1004.9
2025-12-18T01:00+00:00,5925,1.3,199,2.8,1005.1
2025-12-18T02:00+00:00,5925,1.5,204,3.2,1005.1
2025-12-18T03:00+00:00,5925,0.5,217,2.5,1004.8
2025-12-18T04:00+00:00,5925,0.9,170,2.0,1004.9
2025-12-18T05:00+00:00,5925,1.0,126,2.0,1005.3
2025-12-18T06:00+00:00,5925,1.2,129,2.5,1005.7
2025-12-18T07:00+00:00,5925,1.5,142,3.1,1006.2
2025-12-18T08:00+00:00,5925,2.0,157,4.1,1006.4
2025-12-18T09:00+00:00,5925,1.6,157,3.4,1006.7
2025-12-18T10:00+00:00,5925,1.4,153,3.4,1006.9
2025-12-18T11:00+00:00,5925,0.8,160,2.7,1006.6
2025-12-18T12:00+00:00,5925,0.5,126,2.3,1006.4
2025-12-18T13:00+00:00,5925,0.7,191,3.0,1006.2
2025-12-18T14:00+00:00,5925,1.1,182,3.0,1005.8
2025-12-18T15:00+00:00,5925,1.8,156,4.3,1006.0
2025-12-18T16:00+00:00,5925,1.8,155,4.3,1006.3
2025-12-18T17:00+00:00,5925,2.0,158,5.4,1006.2
2025-12-18T18:00+00:00,5925,2.6,163,4.7,1006.2
2025-12-18T19:00+00:00,5925,2.6,145,5.7,1006.3
2025-12-18T20:00+00:00,5925,1.7,150,4.2,1006.2
2025-12-18T21:00+00:00,5925,2.1,147,4.5,1005.9
2025-12-18T22:00+00:00,5925,2.2,142,4.2,1005.6
2025-12-18T23:00+00:00,5925,1.8,138,3.6,1005.4
2025-12-19T00:00+00:00,5925,1.9,148,3.9,1004.6
2025-12-19T01:00+00:00,5925,1.6,170,4.6,1004.7
2025-12-19T02:00+00:00,5925,1.2,158,2.9,1004.3
2025-12-19T03:00+00:00,5925,1.8,144,3.7,1004.2
2025-12-19T04:00+00:00,5925,1.7,133,4.2,1004.1
2025-12-19T05:00+00:00,5925,1.9,159,4.2,1004.0
2025-12-19T06:00+00:00,5925,1.5,192,3.0,1004.4
2025-12-19T07:00+00:00,5925,1.4,199,3.2,1004.5
2025-12-19T08:00+00:00,5925,1.2,207,3.0,1004.9
2025-12-19T09:00+00:00,5925,1.3,226,3.4,1005.2
2025-12-19T10:00+00:00,5925,1.3,230,3.3,1005.1
2025-12-19T11:00+00:00,5925,0.6,279,2.9,1004.6
2025-12-19T12:00+00:00,5925,1.3,212,3.3,1004.3
2025-12-19T13:00+00:00,5925,1.2,195,2.9,1003.8
2025-12-19T14:00+00:00,5925,0.3,304,2.9,1004.2
2025-12-19T15:00+00:00,5925,0.9,334,3.4,1004.3
2025-12-19T16:00+00:00,5925,0.7,90,2.1,1004.3
2025-12-19T17:00+00:00,5925,0.5,229,3.2,1004.3
2025-12-19T18:00+00:00,5925,1.0,268,3.7,1004.5
2025-12-19T19:00+00:00,5925,1.9,283,4.7,1004.5
2025-12-19T20:00+00:00,5925,1.6,287,4.3,1004.4
2025-12-19T21:00+00:00,5925,1.9,291,4.4,1004.1
2025-12-19T22:00+00:00,5925,2.1,312,4.6,1004.0
2025-12-19T23:00+00:00,5925,0.9,279,3.2,1003.4
2025-12-20T00:00+00:00,5925,1.2,212,3.2,1003.0
2025-12-20T01:00+00:00,5925,1.4,176,4.1,1002.7
2025-12-20T02:00+00:00,5925,2.0,188,4.5,1002.5
2025-12-20T03:00+00:00,5925,1.2,187,4.2,1002.1
2025-12-20T04:00+00:00,5925,1.1,195,2.9,1001.9
2025-12-20T05:00+00:00,5925,0.7,56,2.5,1001.6
2025-12-20T06:00+00:00,5925,0.4,326,2.9,1001.8
2025-12-20T07:00+00:00,5925,1.0,221,2.9,1001.9
2025-12-20T08:00+00:00,5925,1.0,208,3.1,1001.6
2025-12-20T09:00+00:00,5925,1.2,183,2.9,1001.5
2025-12-20T10:00+00:00,5925,1.0,166,3.3,1000.9
2025-12-20T11:00+00:00,5925,1.7,158,3.7,1000.3
2025-12-20T12:00+00:00,5925,1.4,155,3.6,999.8
2025-12-20T13:00+00:00,5925,0.9,147,3.3,999.6
2025-12-20T14:00+00:00,5925,1.5,142,3.7,999.5
2025-12-20T15:00+00:00,5925,1.9,135,5.3,999.5
2025-12-20T16:00+00:00,5925,1.9,134,4.2,999.3
2025-12-20T17:00+00:00,5925,1.9,149,4.0,999.1
2025-12-20T18:00+00:00,5925,2.2,148,5.1,999.0
2025-12-20T19:00+00:00,5925,2.2,145,4.8,999.0
2025-12-20T20:00+00:00,5925,2.0,132,4.6,999.1
2025-12-20T21:00+00:00,5925,2.1,160,4.3,999.1
2025-12-20T22:00+00:00,5925,2.2,163,5.0,999.0
2025-12-20T23:00+00:00,5925,2.1,168,4.3,998.7
2025-12-21T00:00+00:00,5925,2.5,157,5.3,998.6
2025-12-21T01:00+00:00,5925,2.5,146,5.7,998.7
2025-12-21T02:00+00:00,5925,2.8,141,5.5,998.7
2025-12-21T03:00+00:00,5925,2.7,163,5.6,998.6
2025-12-21T04:00+00:00,5925,2.3,163,5.2,998.5
2025-12-21T05:00+00:00,5925,2.0,158,5.0,998.4
2025-12-21T06:00+00:00,5925,2.4,150,4.4,998.6
2025-12-21T07:00+00:00,5925,2.5,150,5.3,998.7
2025-12-21T08:00+00:00,5925,2.8,167,5.8,999.0
2025-12-21T09:00+00:00,5925,2.8,165,6.1,999.0
2025-12-21T10:00+00:00,5925,2.8,167,5.1,998.7
2025-12-21T11:00+00:00,5925,2.3,140,5.5,998.1
2025-12-21T12:00+00:00,5925,2.2,113,4.9,997.8
2025-12-21T13:00+00:00,5925,3.1,109,5.8,997.5
2025-12-21T14:00+00:00,5925,3.3,116,8.7,997.5
2025-12-21T15:00+00:00,5925,3.6,134,8.1,997.6
2025-12-21T16:00+00:00,5925,3.7,131,8.5,997.6
2025-12-21T17:00+00:00,5925,3.5,135,8.4,997.5
2025-12-21T18:00+00:00,5925,3.5,135,7.1,997.5
2025-12-21T19:00+00:00,5925,3.1,132,6.1,997.6
2025-12-21T20:00+00:00,5925,4.0,126,9.0,997.8
2025-12-21T21:00+00:00,5925,4.8,133,9.8,997.8
2025-12-21T22:00+00:00,5925,4.5,133,9.9,997.7
2025-12-21T23:00+00:00,5925,4.7,135,10.4,997.6
2025-12-22T00:00+00:00,5925,4.5,139,11.2,997.3
2025-12-22T01:00+00:00,5925,6.1,149,12.6,997.1
2025-12-22T02:00+00:00,5925,5.4,149,11.2,996.8
2025-12-22T03:00+00:00,5925,5.2,139,10.7,996.3
2025-12-22T04:00+00:00,5925,4.6,138,10.8,996.2
2025-12-22T05:00+00:00,5925,5.0,135,10.0,996.0
2025-12-22T06:00+00:00,5925,4.2,133,9.9,996.0
2025-12-22T07:00+00:00,5925,5.2,142,11.7,996.3
2025-12-22T08:00+00:00,5925,5.2,146,11.6,996.5
2025-12-22T09:00+00:00,5925,5.7,136,11.9,996.5
2025-12-22T10:00+00:00,5925,5.3,135,10.6,996.2
2025-12-22T11:00+00:00,5925,6.1,144,14.4,995.5
2025-12-22T12:00+00:00,5925,6.2,147,13.7,995.3
2025-12-22T13:00+00:00,5925,6.2,136,14.5,994.9
2025-12-22T14:00+00:00,5925,5.4,138,13.9,994.9
2025-12-22T15:00+00:00,5925,5.8,146,13.7,994.8
2025-12-22T16:00+00:00,5925,6.2,149,14.3,994.9
2025-12-22T17:00+00:00,5925,6.0,149,13.1,994.9
2025-12-22T18:00+00:00,5925,5.7,145,14.3,995.1
2025-12-22T19:00+00:00,5925,6.2,147,15.2,995.1
2025-12-22T20:00+00:00,5925,6.1,143,13.3,995.2
2025-12-22T21:00+00:00,5925,5.6,144,12.6,995.2
2025-12-22T22:00+00:00,5925,5.8,141,12.7,994.8
2025-12-22T23:00+00:00,5925,5.9,138,13.6,994.4
2025-12-23T00:00+00:00,5925,6.0,147,13.4,994.4
2025-12-23T01:00+00:00,5925,5.9,144,12.5,994.3
2025-12-23T02:00+00:00,5925,5.3,142,12.8,994.3
2025-12-23T03:00+00:00,5925,5.5,146,11.8,994.1
2025-12-23T04:00+00:00,5925,5.1,147,11.2,993.8
2025-12-23T05:00+00:00,5925,5.0,147,11.9,994.0
2025-12-23T06:00+00:00,5925,4.3,138,10.9,994.3
2025-12-23T07:00+00:00,5925,3.8,123,9.8,994.8
2025-12-23T08:00+00:00,5925,4.0,114,8.7,995.3
2025-12-23T09:00+00:00,5925,5.2,120,10.0,995.8
2025-12-23T10:00+00:00,5925,5.2,122,10.9,995.9
2025-12-23T11:00+00:00,5925,5.3,121,10.3,995.7
2025-12-23T12:00+00:00,5925,4.2,121,10.2,995.6
2025-12-23T13:00+00:00,5925,3.4,123,8.4,995.8
2025-12-23T14:00+00:00,5925,2.4,121,5.4,996.2
2025-12-23T15:00+00:00,5925,2.2,115,5.5,996.4
2025-12-23T16:00+00:00,5925,2.9,71,6.3,996.8
2025-12-23T17:00+00:00,5925,3.8,57,7.6,997.1
2025-12-23T18:00+00:00,5925,3.7,52,7.4,997.5
2025-12-23T19:00+00:00,5925,3.1,50,5.8,997.9
2025-12-23T20:00+00:00,5925,3.1,43,5.9,998.1
2025-12-23T21:00+00:00,5925,3.9,38,7.4,998.2
2025-12-23T22:00+00:00,5925,3.3,31,8.5,998.5
2025-12-23T23:00+00:00,5925,3.8,35,7.9,998.5
2025-12-24T00:00+00:00,5925,2.7,355,6.6,998.7
2025-12-24T01:00+00:00,5925,2.8,353,6.7,998.9
2025-12-24T02:00+00:00,5925,2.8,357,7.0,999.0
2025-12-24T03:00+00:00,5925,2.9,345,7.1,999.1
2025-12-24T04:00+00:00,5925,2.6,347,6.3,999.0
2025-12-24T05:00+00:00,5925,2.9,356,6.9,999.1
2025-12-24T06:00+00:00,5925,2.8,358,6.5,999.6
2025-12-24T07:00+00:00,5925,2.8,360,6.8,1000.1
2025-12-24T08:00+00:00,5925,2.5,357,7.3,1000.9
2025-12-24T09:00+00:00,5925,2.5,7,6.9,1001.6
2025-12-24T10:00+00:00,5925,2.6,355,6.9,1002.0
2025-12-24T11:00+00:00,5925,2.5,349,6.7,1002.1
2025-12-24T12:00+00:00,5925,2.5,345,6.4,1002.2
2025-12-24T13:00+00:00,5925,3.2,359,8.5,1002.5
2025-12-24T14:00+00:00,5925,3.5,355,9.0,1002.7
2025-12-24T15:00+00:00,5925,3.1,2,8.2,1003.6
2025-12-24T16:00+00:00,5925,3.2,349,8.1,1004.0
2025-12-24T17:00+00:00,5925,3.1,355,8.2,1004.5
2025-12-24T18:00+00:00,5925,3.2,1,8.1,1005.2
2025-12-24T19:00+00:00,5925,3.3,356,8.4,1005.7
2025-12-24T20:00+00:00,5925,3.4,353,8.0,1006.5
2025-12-24T21:00+00:00,5925,3.1,356,8.2,1006.6
2025-12-24T22:00+00:00,5925,3.0,346,9.3,1007.3
2025-12-24T23:00+00:00,5925,3.0,345,7.3,1007.7
2025-12-25T00:00+00:00,5925,3.0,343,7.0,1008.0
2025-12-25T01:00+00:00,5925,3.1,340,7.4,1008.1
2025-12-25T02:00+00:00,5925,2.7,348,7.1,1008.6
2025-12-25T03:00+00:00,5925,2.7,352,7.0,1008.7
2025-12-25T04:00+00:00,5925,2.9,343,7.3,1009.0
2025-12-25T05:00+00:00,5925,2.2,348,6.0,1009.1
2025-12-25T06:00+00:00,5925,2.5,338,6.6,1009.5
2025-12-25T07:00+00:00,5925,2.1,354,6.4,1010.2
2025-12-25T08:00+00:00,5925,2.3,331,5.6,1010.4
2025-12-25T09:00+00:00,5925,1.8,357,5.1,1010.8
2025-12-25T10:00+00:00,5925,1.8,12,5.3,1010.8
2025-12-25T11:00+00:00,5925,2.0,15,5.3,1010.5
2025-12-25T12:00+00:00,5925,2.2,36,4.6,1010.1
2025-12-25T13:00+00:00,5925,1.9,50,4.3,1009.9
2025-12-25T14:00+00:00,5925,2.1,44,4.9,1009.9
2025-12-25T15:00+00:00,5925,2.3,61,4.4,1009.9
2025-12-25T16:00+00:00,5925,1.9,55,4.0,1009.9
2025-12-25T17:00+00:00,5925,2.5,47,4.9,1010.0
2025-12-25T18:00+00:00,5925,1.5,59,4.5,1010.2
2025-12-25T19:00+00:00,5925,1.6,61,3.7,1010.2
2025-12-25T20:00+00:00,5925,1.4,57,3.2,1010.3
2025-12-25T21:00+00:00,5925,1.3,104,3.0,1010.3
2025-12-25T22:00+00:00,5925,1.3,71,4.3,1010.3
2025-12-25T23:00+00:00,5925,1.9,51,4.6,1010.2
2025-12-26T00:00+00:00,5925,2.7,45,5.2,1010.1
2025-12-26T01:00+00:00,5925,2.0,52,4.4,1009.8
2025-12-26T02:00+00:00,5925,2.9,48,5.8,1009.9
2025-12-26T03:00+00:00,5925,1.6,15,4.2,1009.5
2025-12-26T04:00+00:00,5925,1.0,33,3.3,1009.3
2025-12-26T05:00+00:00,5925,0.8,40,2.9,1009.0
2025-12-26T06:00+00:00,5925,2.2,43,4.9,1009.6
2025-12-26T07:00+00:00,5925,1.6,25,4.2,1009.7
2025-12-26T08:00+00:00,5925,1.9,324,3.6,1010.0
2025-12-26T09:00+00:00,5925,1.6,321,4.0,1010.1
2025-12-26T10:00+00:00,5925,0.2,296,3.2,1009.9
2025-12-26T11:00+00:00,5925,0.8,308,3.2,1009.3
2025-12-26T12:00+00:00,5925,1.2,322,2.7,1008.9
2025-12-26T13:00+00:00,5925,1.5,334,4.1,1008.9
2025-12-26T14:00+00:00,5925,1.3,338,4.8,1008.6
2025-12-26T15:00+00:00,5925,0.5,11,1.9,1008.7
2025-12-26T16:00+00:00,5925,0.9,338,3.4,1008.8
2025-12-26T17:00+00:00,5925,0.7,250,2.8,1009.0
2025-12-26T18:00+00:00,5925,1.2,243,3.4,1009.2
2025-12-26T19:00+00:00,5925,2.1,232,4.0,1009.7
2025-12-26T20:00+00:00,5925,1.3,240,3.4,1009.9
2025-12-26T21:00+00:00,5925,1.4,227,4.2,1009.9
2025-12-26T22:00+00:00,5925,1.2,218,3.5,1009.8
2025-12-26T23:00+00:00,5925,1.5,297,4.7,1009.9
2025-12-27T00:00+00:00,5925,1.8,303,4.1,1009.6
2025-12-27T01:00+00:00,5925,2.3,299,5.6,1009.6
2025-12-27T02:00+00:00,5925,2.7,303,5.3,1009.5
2025-12-27T03:00+00:00,5925,2.5,304,5.0,1009.3
2025-12-27T04:00+00:00,5925,2.1,303,5.4,1009.1
2025-12-27T05:00+00:00,5925,1.5,277,3.8,1008.6
2025-12-27T06:00+00:00,5925,0.7,285,3.6,1009.0
2025-12-27T07:00+00:00,5925,1.4,282,3.9,1008.9
2025-12-27T08:00+00:00,5925,2.5,295,4.8,1008.6
2025-12-27T09:00+00:00,5925,1.2,271,3.9,1008.1
2025-12-27T10:00+00:00,5925,1.1,237,4.1,1006.9
2025-12-27T11:00+00:00,5925,1.6,33,4.3,1006.3
2025-12-27T12:00+00:00,5925,1.4,344,6.1,1005.3
2025-12-27T13:00+00:00,5925,2.8,319,6.4,1004.5
2025-12-27T14:00+00:00,5925,2.0,289,5.8,1004.2
2025-12-27T15:00+00:00,5925,1.6,288,4.9,1003.3
2025-12-27T16:00+00:00,5925,5.0,273,13.5,1001.9
2025-12-27T17:00+00:00,5925,5.6,293,13.1,1002.2
2025-12-27T18:00+00:00,5925,5.6,287,12.9,1001.3
2025-12-27T19:00+00:00,5925,4.9,274,11.9,1000.5
2025-12-27T20:00+00:00,5925,6.1,271,16.9,999.5
2025-12-27T21:00+00:00,5925,7.4,275,15.3,999.8
2025-12-27T22:00+00:00,5925,7.3,286,16.6,999.9
2025-12-27T23:00+00:00,5925,5.7,301,13.4,1001.6
2025-12-28T00:00+00:00,5925,6.1,322,14.7,1002.5
2025-12-28T01:00+00:00,5925,5.7,314,12.6,1002.6
2025-12-28T02:00+00:00,5925,5.4,310,12.4,1003.1
2025-12-28T03:00+00:00,5925,6.9,305,14.6,1003.3
2025-12-28T04:00+00:00,5925,6.6,304,13.5,1003.4
2025-12-28T05:00+00:00,5925,6.3,307,13.5,1003.4
2025-12-28T06:00+00:00,5925,6.1,304,12.3,1004.0
2025-12-28T07:00+00:00,5925,6.1,310,13.7,1004.5
2025-12-28T08:00+00:00,5925,5.7,313,14.2,1005.2
2025-12-28T09:00+00:00,5925,5.1,312,12.2,1005.7
2025-12-28T10:00+00:00,5925,6.0,315,13.8,1005.8
2025-12-28T11:00+00:00,5925,7.1,315,17.1,1005.5
2025-12-28T12:00+00:00,5925,6.4,319,15.6,1004.9
2025-12-28T13:00+00:00,5925,5.8,315,13.2,1004.7
2025-12-28T14:00+00:00,5925,5.5,309,12.5,1004.5
2025-12-28T15:00+00:00,5925,4.6,309,10.2,1004.6
2025-12-28T16:00+00:00,5925,4.7,315,9.6,1004.7
2025-12-28T17:00+00:00,5925,4.6,311,10.9,1004.7
2025-12-28T18:00+00:00,5925,3.9,307,10.0,1004.5
2025-12-28T19:00+00:00,5925,3.8,300,8.0,1004.5
2025-12-28T20:00+00:00,5925,3.0,296,7.9,1004.3
2025-12-28T21:00+00:00,5925,2.4,267,8.6,1003.7
2025-12-28T22:00+00:00,5925,2.9,285,9.8,1003.4
2025-12-28T23:00+00:00,5925,2.1,232,4.6,1003.0
2025-12-29T00:00+00:00,5925,2.1,207,3.7,1002.4
2025-12-29T01:00+00:00,5925,2.0,199,4.3,1002.0
2025-12-29T02:00+00:00,5925,1.6,225,6.3,1001.6
2025-12-29T03:00+00:00,5925,1.5,242,5.7,1000.9
2025-12-29T04:00+00:00,5925,1.6,274,5.4,1000.3
2025-12-29T05:00+00:00,5925,2.5,244,5.6,999.3
2025-12-29T06:00+00:00,5925,3.8,217,6.3,998.4
2025-12-29T07:00+00:00,5925,0.9,26,5.8,998.7
2025-12-29T08:00+00:00,5925,1.1,313,7.8,998.0
2025-12-29T09:00+00:00,5925,4.2,271,11.7,997.3
2025-12-29T10:00+00:00,5925,3.7,313,8.9,997.0
2025-12-29T11:00+00:00,5925,3.9,304,11.2,996.4
2025-12-29T12:00+00:00,5925,5.0,301,11.0,995.9
2025-12-29T13:00+00:00,5925,4.1,302,10.1,995.6
2025-12-29T14:00+00:00,5925,4.5,292,8.5,995.5
2025-12-29T15:00+00:00,5925,4.3,288,8.2,995.2
2025-12-29T16:00+00:00,5925,4.0,295,8.1,994.9
2025-12-29T17:00+00:00,5925,3.7,307,8.1,995.2
2025-12-29T18:00+00:00,5925,4.7,301,10.8,995.4
2025-12-29T19:00+00:00,5925,3.9,285,9.1,995.2
2025-12-29T20:00+00:00,5925,3.7,270,9.9,995.1
2025-12-29T21:00+00:00,5925,4.4,274,10.1,994.8
2025-12-29T22:00+00:00,5925,5.1,276,12.0,994.8
2025-12-29T23:00+00:00,5925,5.3,267,13.2,994.6
2025-12-30T00:00+00:00,5925,5.7,271,14.2,994.4
2025-12-30T01:00+00:00,5925,5.8,264,15.0,994.3
2025-12-30T02:00+00:00,5925,6.3,263,15.8,994.2
2025-12-30T03:00+00:00,5925,7.2,274,16.3,994.0
2025-12-30T04:00+00:00,5925,8.1,280,17.9,993.8
2025-12-30T05:00+00:00,5925,8.1,290,17.0,994.8
2025-12-30T06:00+00:00,5925,6.4,298,14.1,995.9
2025-12-30T07:00+00:00,5925,6.0,288,11.5,996.8
2025-12-30T08:00+00:00,5925,5.1,311,13.1,998.1
2025-12-30T09:00+00:00,5925,7.2,324,15.2,998.9
2025-12-30T10:00+00:00,5925,7.6,314,15.9,999.1
2025-12-30T11:00+00:00,5925,6.3,315,13.4,998.7
2025-12-30T12:00+00:00,5925,6.0,315,16.0,998.5
2025-12-30T13:00+00:00,5925,6.4,309,14.5,998.1
2025-12-30T14:00+00:00,5925,5.1,305,14.6,997.9
2025-12-30T15:00+00:00,5925,5.4,306,13.9,998.0
2025-12-30T16:00+00:00,5925,6.8,302,14.3,998.0
2025-12-30T17:00+00:00,5925,7.9,305,15.6,998.0
2025-12-30T18:00+00:00,5925,7.7,305,16.5,998.4
2025-12-30T19:00+00:00,5925,8.2,301,16.0,999.0
2025-12-30T20:00+00:00,5925,7.6,305,18.5,999.8
2025-12-30T21:00+00:00,5925,7.0,301,13.8,1000.0
2025-12-30T22:00+00:00,5925,9.2,302,18.1,999.7
2025-12-30T23:00+00:00,5925,7.6,303,15.7,999.7
2025-12-31T00:00+00:00,5925,7.6,305,16.3,999.5
2025-12-31T01:00+00:00,5925,7.7,306,18.9,999.2
2025-12-31T02:00+00:00,5925,7.1,306,16.1,999.2
2025-12-31T03:00+00:00,5925,6.9,305,15.1,999.1
2025-12-31T04:00+00:00,5925,7.1,303,15.1,998.8
2025-12-31T05:00+00:00,5925,7.0,305,14.2,998.9
2025-12-31T06:00+00:00,5925,4.9,285,12.7,999.1
2025-12-31T07:00+00:00,5925,5.4,275,11.1,999.3
2025-12-31T08:00+00:00,5925,6.7,284,13.4,999.5
2025-12-31T09:00+00:00,5925,7.3,287,14.5,999.3
2025-12-31T10:00+00:00,5925,7.7,283,14.9,999.0
2025-12-31T11:00+00:00,5925,7.8,285,18.1,998.5
2025-12-31T12:00+00:00,5925,8.0,277,15.5,997.4
2025-12-31T13:00+00:00,5925,7.6,275,17.7,996.4
2025-12-31T14:00+00:00,5925,7.4,273,18.8,995.8
2025-12-31T15:00+00:00,5925,7.6,267,18.2,994.8
2025-12-31T16:00+00:00,5925,7.1,265,18.8,993.6
2025-12-31T17:00+00:00,5925,9.0,268,21.5,993.1
2025-12-31T18:00+00:00,5925,9.8,271,22.3,993.1
2025-12-31T19:00+00:00,5925,9.7,269,21.6,993.2
2025-12-31T20:00+00:00,5925,9.5,268,20.8,993.4
2025-12-31T21:00+00:00,5925,8.9,272,20.6,993.3
2025-12-31T22:00+00:00,5925,8.3,271,18.4,993.3
2025-12-31T23:00+00:00,5925,7.8,273,19.3,993.0
2026-01-01T00:00+00:00,5925,8.3,276,16.9,993.0
