time;Gb(i);Gd(i);Gr(i);solar_irradiance_total
20230101:0010;0;0;0;0
20230101:0110;0;0;0;0
20230101:0210;0;0;0;0
20230101:0310;0;0;0;0
20230101:0410;0;0;0;0
20230101:0510;0;0;0;0
20230101:0610;0;0;0;0
20230101:0710;113.51;18.1;0.51;132.12
20230101:0810;353.45;88.35;2.97;444.77
20230101:0910;434.58;130.49;4.84;569.91
20230101:1010;313.51;175.06;5.3;493.87
20230101:1110;576.99;136.09;6.53;719.61
20230101:1210;531.94;125.39;5.85;663.18
20230101:1310;326.32;118.94;3.91;449.17
20230101:1410;135.85;65.76;1.6;203.21
20230101:1510;0;0;0;0
20230101:1610;0;0;0;0
20230101:1710;0;0;0;0
20230101:1810;0;0;0;0
20230101:1910;0;0;0;0
20230101:2010;0;0;0;0
20230101:2110;0;0;0;0
20230101:2210;0;0;0;0
20230101:2310;0;0;0;0
20230102:0010;0;0;0;0
20230102:0110;0;0;0;0
20230102:0210;0;0;0;0
20230102:0310;0;0;0;0
20230102:0410;0;0;0;0
20230102:0510;0;0;0;0
20230102:0610;0;0;0;0
20230102:0710;0;6.23;0.15;6.38
20230102:0810;56.79;74.9;1.85;133.54
20230102:0910;29.47;101.75;2.57;133.79
20230102:1010;18.7;114.16;2.88;135.74
20230102:1110;23.42;123.24;3.12;149.78
20230102:1210;0;78.27;1.93;80.2
20230102:1310;0;59.59;1.47;61.06
20230102:1410;0;26.68;0.66;27.34
20230102:1510;0;0;0;0
20230102:1610;0;0;0;0
20230102:1710;0;0;0;0
20230102:1810;0;0;0;0
20230102:1910;0;0;0;0
20230102:2010;0;0;0;0
20230102:2110;0;0;0;0
20230102:2210;0;0;0;0
20230102:2310;0;0;0;0
20230103:0010;0;0;0;0
20230103:0110;0;0;0;0
20230103:0210;0;0;0;0
20230103:0310;0;0;0;0
20230103:0410;0;0;0;0
20230103:0510;0;0;0;0
20230103:0610;0;0;0;0
20230103:0710;0;1.78;0.04;1.82
20230103:0810;0;39.14;0.97;40.11
20230103:0910;70.47;119.1;3.06;192.63
20230103:1010;2.66;90.28;2.24;95.18
20230103:1110;20.74;121.73;3.08;145.55
20230103:1210;0;67.6;1.67;69.27
20230103:1310;33.11;90.03;2.29;125.43
20230103:1410;17.02;40.77;1.01;58.8
20230103:1510;0;0;0;0
20230103:1610;0;0;0;0
20230103:1710;0;0;0;0
20230103:1810;0;0;0;0
20230103:1910;0;0;0;0
20230103:2010;0;0;0;0
20230103:2110;0;0;0;0
20230103:2210;0;0;0;0
20230103:2310;0;0;0;0
20230104:0010;0;0;0;0
20230104:0110;0;0;0;0
20230104:0210;0;0;0;0
20230104:0310;0;0;0;0
20230104:0410;0;0;0;0
20230104:0510;0;0;0;0
20230104:0610;0;0;0;0
20230104:0710;110.23;17.86;0.51;128.6
20230104:0810;326.23;93.77;2.95;422.95
20230104:0910;508.84;117.14;5.17;631.15
20230104:1010;647.06;113.71;6.66;767.43
20230104:1110;604.12;134.16;6.77;745.05
20230104:1210;537.99;129.94;6.02;673.95
20230104:1310;304.8;126.34;3.98;435.12
20230104:1410;159.26;71.8;1.8;232.86
20230104:1510;0;0;0;0
20230104:1610;0;0;0;0
20230104:1710;0;0;0;0
20230104:1810;0;0;0;0
20230104:1910;0;0;0;0
20230104:2010;0;0;0;0
20230104:2110;0;0;0;0
20230104:2210;0;0;0;0
20230104:2310;0;0;0;0
20230105:0010;0;0;0;0
20230105:0110;0;0;0;0
20230105:0210;0;0;0;0
20230105:0310;0;0;0;0
20230105:0410;0;0;0;0
20230105:0510;0;0;0;0
20230105:0610;0;0;0;0
20230105:0710;138.26;18.02;0.55;156.83
20230105:0810;18.64;60.02;1.49;80.15
20230105:0910;40.76;108.01;2.75;151.52
20230105:1010;55.46;137.25;3.54;196.25
20230105:1110;0;35.58;0.88;36.46
20230105:1210;121.88;151.69;4.04;277.61
20230105:1310;228.39;128.91;3.69;360.99
20230105:1410;259.93;66.21;2.09;328.23
20230105:1510;0;0;0;0
20230105:1610;0;0;0;0
20230105:1710;0;0;0;0
20230105:1810;0;0;0;0
20230105:1910;0;0;0;0
20230105:2010;0;0;0;0
20230105:2110;0;0;0;0
20230105:2210;0;0;0;0
20230105:2310;0;0;0;0
20230106:0010;0;0;0;0
20230106:0110;0;0;0;0
20230106:0210;0;0;0;0
20230106:0310;0;0;0;0
20230106:0410;0;0;0;0
20230106:0510;0;0;0;0
20230106:0610;0;0;0;0
20230106:0710;0;7.12;0.18;7.3
20230106:0810;18.53;60.92;1.52;80.97
20230106:0910;31.88;104.03;2.64;138.55
20230106:1010;236.68;177;5.03;418.71
20230106:1110;322.44;184.04;5.69;512.17
20230106:1210;479.63;143.99;5.87;629.49
20230106:1310;203.08;129.84;3.63;336.55
20230106:1410;154.29;72.51;1.85;228.65
20230106:1510;0;0;0;0
20230106:1610;0;0;0;0
20230106:1710;0;0;0;0
20230106:1810;0;0;0;0
20230106:1910;0;0;0;0
20230106:2010;0;0;0;0
20230106:2110;0;0;0;0
20230106:2210;0;0;0;0
20230106:2310;0;0;0;0
20230107:0010;0;0;0;0
20230107:0110;0;0;0;0
20230107:0210;0;0;0;0
20230107:0310;0;0;0;0
20230107:0410;0;0;0;0
20230107:0510;0;0;0;0
20230107:0610;0;0;0;0
20230107:0710;104.81;18.92;0.53;124.26
20230107:0810;334.87;93.94;3.03;431.84
20230107:0910;530.5;112.59;5.32;648.41
20230107:1010;222.5;178.46;5.01;405.97
20230107:1110;366.75;185.08;5.98;557.81
20230107:1210;479.54;146.68;5.94;632.16
20230107:1310;35.04;95.89;2.44;133.37
20230107:1410;243.65;71.96;2.15;317.76
20230107:1510;0;0;0;0
20230107:1610;0;0;0;0
20230107:1710;0;0;0;0
20230107:1810;0;0;0;0
20230107:1910;0;0;0;0
20230107:2010;0;0;0;0
20230107:2110;0;0;0;0
20230107:2210;0;0;0;0
20230107:2310;0;0;0;0
20230108:0010;0;0;0;0
20230108:0110;0;0;0;0
20230108:0210;0;0;0;0
20230108:0310;0;0;0;0
20230108:0410;0;0;0;0
20230108:0510;0;0;0;0
20230108:0610;0;0;0;0
20230108:0710;0;1.78;0.04;1.82
20230108:0810;7.31;53.9;1.34;62.55
20230108:0910;335.51;151.08;4.7;491.29
20230108:1010;0;59.59;1.47;61.06
20230108:1110;0;35.58;0.88;36.46
20230108:1210;0;49.81;1.23;51.04
20230108:1310;2.9;65.4;1.63;69.93
20230108:1410;0;16.9;0.42;17.32
20230108:1510;0;0;0;0
20230108:1610;0;0;0;0
20230108:1710;0;0;0;0
20230108:1810;0;0;0;0
20230108:1910;0;0;0;0
20230108:2010;0;0;0;0
20230108:2110;0;0;0;0
20230108:2210;0;0;0;0
20230108:2310;0;0;0;0
20230109:0010;0;0;0;0
20230109:0110;0;0;0;0
20230109:0210;0;0;0;0
20230109:0310;0;0;0;0
20230109:0410;0;0;0;0
20230109:0510;0;0;0;0
20230109:0610;0;0;0;0
20230109:0710;18.24;13.83;0.35;32.42
20230109:0810;21.74;62.45;1.56;85.75
20230109:0910;0;37.36;0.92;38.28
20230109:1010;2.59;90.25;2.24;95.08
20230109:1110;22.69;127.46;3.23;153.38
20230109:1210;49.19;133.98;3.45;186.62
20230109:1310;0;60.48;1.49;61.97
20230109:1410;0;26.68;0.66;27.34
20230109:1510;0;0;0;0
20230109:1610;0;0;0;0
20230109:1710;0;0;0;0
20230109:1810;0;0;0;0
20230109:1910;0;0;0;0
20230109:2010;0;0;0;0
20230109:2110;0;0;0;0
20230109:2210;0;0;0;0
20230109:2310;0;0;0;0
20230110:0010;0;0;0;0
20230110:0110;0;0;0;0
20230110:0210;0;0;0;0
20230110:0310;0;0;0;0
20230110:0410;0;0;0;0
20230110:0510;0;0;0;0
20230110:0610;0;0;0;0
20230110:0710;0;6.23;0.15;6.38
20230110:0810;0;44.47;1.1;45.57
20230110:0910;11.34;91.18;2.29;104.81
20230110:1010;38.66;135.91;3.47;178.04
20230110:1110;157.94;179.93;4.9;342.77
20230110:1210;421.91;161.8;5.87;589.58
20230110:1310;347.18;128.99;4.42;480.59
20230110:1410;7.6;43.25;1.08;51.93
20230110:1510;0;0;0;0
20230110:1610;0;0;0;0
20230110:1710;0;0;0;0
20230110:1810;0;0;0;0
20230110:1910;0;0;0;0
20230110:2010;0;0;0;0
20230110:2110;0;0;0;0
20230110:2210;0;0;0;0
20230110:2310;0;0;0;0
20230111:0010;0;0;0;0
20230111:0110;0;0;0;0
20230111:0210;0;0;0;0
20230111:0310;0;0;0;0
20230111:0410;0;0;0;0
20230111:0510;0;0;0;0
20230111:0610;0;0;0;0
20230111:0710;95.35;20.99;0.57;116.91
20230111:0810;377.49;87.64;3.25;468.38
20230111:0910;312.55;152.62;4.68;469.85
20230111:1010;230.68;183.57;5.21;419.46
20230111:1110;39.88;144.15;3.69;187.72
20230111:1210;12.78;110.12;2.77;125.67
20230111:1310;8.46;81.67;2.04;92.17
20230111:1410;11.2;46.68;1.17;59.05
20230111:1510;0;0;0;0
20230111:1610;0;0;0;0
20230111:1710;0;0;0;0
20230111:1810;0;0;0;0
20230111:1910;0;0;0;0
20230111:2010;0;0;0;0
20230111:2110;0;0;0;0
20230111:2210;0;0;0;0
20230111:2310;0;0;0;0
20230112:0010;0;0;0;0
20230112:0110;0;0;0;0
20230112:0210;0;0;0;0
20230112:0310;0;0;0;0
20230112:0410;0;0;0;0
20230112:0510;0;0;0;0
20230112:0610;0;0;0;0
20230112:0710;160.22;20.9;0.68;181.8
20230112:0810;345.72;94.79;3.21;443.72
20230112:0910;545.42;109.58;5.54;660.54
20230112:1010;611.55;130.47;6.86;748.88
20230112:1110;398.96;187.68;6.35;592.99
20230112:1210;548.3;134.49;6.44;689.23
20230112:1310;441.5;113.42;4.86;559.78
20230112:1410;117.39;77.74;1.98;197.11
20230112:1510;0;0;0;0
20230112:1610;0;0;0;0
20230112:1710;0;0;0;0
20230112:1810;0;0;0;0
20230112:1910;0;0;0;0
20230112:2010;0;0;0;0
20230112:2110;0;0;0;0
20230112:2210;0;0;0;0
20230112:2310;0;0;0;0
20230113:0010;0;0;0;0
20230113:0110;0;0;0;0
20230113:0210;0;0;0;0
20230113:0310;0;0;0;0
20230113:0410;0;0;0;0
20230113:0510;0;0;0;0
20230113:0610;0;0;0;0
20230113:0710;0;7.12;0.18;7.3
20230113:0810;118.76;95.82;2.42;217
20230113:0910;19.44;101.01;2.55;123
20230113:1010;0;92.5;2.29;94.79
20230113:1110;86.2;166.32;4.37;256.89
20230113:1210;123.52;163.75;4.4;291.67
20230113:1310;105.19;126.16;3.34;234.69
20230113:1410;0;34.69;0.86;35.55
20230113:1510;0;0;0;0
20230113:1610;0;0;0;0
20230113:1710;0;0;0;0
20230113:1810;0;0;0;0
20230113:1910;0;0;0;0
20230113:2010;0;0;0;0
20230113:2110;0;0;0;0
20230113:2210;0;0;0;0
20230113:2310;0;0;0;0
20230114:0010;0;0;0;0
20230114:0110;0;0;0;0
20230114:0210;0;0;0;0
20230114:0310;0;0;0;0
20230114:0410;0;0;0;0
20230114:0510;0;0;0;0
20230114:0610;0;0;0;0
20230114:0710;143.1;23.04;0.7;166.84
20230114:0810;418.31;84.34;3.52;506.17
20230114:0910;532.21;118.27;5.63;656.11
20230114:1010;676.99;113.05;7.23;797.27
20230114:1110;673.04;122.1;7.52;802.66
20230114:1210;573.14;133.9;6.7;713.74
20230114:1310;507.21;100.57;5.23;613.01
20230114:1410;209;85.76;2.44;297.2
20230114:1510;0;0;0;0
20230114:1610;0;0;0;0
20230114:1710;0;0;0;0
20230114:1810;0;0;0;0
20230114:1910;0;0;0;0
20230114:2010;0;0;0;0
20230114:2110;0;0;0;0
20230114:2210;0;0;0;0
20230114:2310;0;0;0;0
20230115:0010;0;0;0;0
20230115:0110;0;0;0;0
20230115:0210;0;0;0;0
20230115:0310;0;0;0;0
20230115:0410;0;0;0;0
20230115:0510;0;0;0;0
20230115:0610;0;0;0;0
20230115:0710;0;8.89;0.22;9.11
20230115:0810;6.84;55.53;1.38;63.75
20230115:0910;43.79;117.56;3.01;164.36
20230115:1010;0;64.04;1.58;65.62
20230115:1110;0;38.25;0.95;39.2
20230115:1210;0;24.01;0.59;24.6
20230115:1310;0;26.68;0.66;27.34
20230115:1410;0;19.57;0.48;20.05
20230115:1510;0;0;0;0
20230115:1610;0;0;0;0
20230115:1710;0;0;0;0
20230115:1810;0;0;0;0
20230115:1910;0;0;0;0
20230115:2010;0;0;0;0
20230115:2110;0;0;0;0
20230115:2210;0;0;0;0
20230115:2310;0;0;0;0
20230116:0010;0;0;0;0
20230116:0110;0;0;0;0
20230116:0210;0;0;0;0
20230116:0310;0;0;0;0
20230116:0410;0;0;0;0
20230116:0510;0;0;0;0
20230116:0610;0;0;0;0
20230116:0710;22.4;19.14;0.48;42.02
20230116:0810;189.4;107.75;2.86;300.01
20230116:0910;181.95;155.69;4.26;341.9
20230116:1010;265.75;192.35;5.65;463.75
20230116:1110;118.36;180.41;4.84;303.61
20230116:1210;17.26;122.71;3.1;143.07
20230116:1310;0;40.02;0.99;41.01
20230116:1410;0;21.35;0.53;21.88
20230116:1510;0;0.83;0.02;0.85
20230116:1610;0;0;0;0
20230116:1710;0;0;0;0
20230116:1810;0;0;0;0
20230116:1910;0;0;0;0
20230116:2010;0;0;0;0
20230116:2110;0;0;0;0
20230116:2210;0;0;0;0
20230116:2310;0;0;0;0
20230117:0010;0;0;0;0
20230117:0110;0;0;0;0
20230117:0210;0;0;0;0
20230117:0310;0;0;0;0
20230117:0410;0;0;0;0
20230117:0510;0;0;0;0
20230117:0610;0;0;0;0
20230117:0710;144.52;26.3;0.79;171.61
20230117:0810;43.47;79.39;2;124.86
20230117:0910;2.69;84.97;2.11;89.77
20230117:1010;101.13;169.19;4.48;274.8
20230117:1110;21.59;137.9;3.5;162.99
20230117:1210;26.92;132.97;3.39;163.28
20230117:1310;34.6;109.03;2.79;146.42
20230117:1410;23.52;62;1.56;87.08
20230117:1510;0;0.83;0.02;0.85
20230117:1610;0;0;0;0
20230117:1710;0;0;0;0
20230117:1810;0;0;0;0
20230117:1910;0;0;0;0
20230117:2010;0;0;0;0
20230117:2110;0;0;0;0
20230117:2210;0;0;0;0
20230117:2310;0;0;0;0
20230118:0010;0;0;0;0
20230118:0110;0;0;0;0
20230118:0210;0;0;0;0
20230118:0310;0;0;0;0
20230118:0410;0;0;0;0
20230118:0510;0;0;0;0
20230118:0610;0;0;0;0
20230118:0710;6.99;15.74;0.4;23.13
20230118:0810;416.31;85.36;3.67;505.34
20230118:0910;149.63;151.92;4.11;305.66
20230118:1010;2.45;105.37;2.62;110.44
20230118:1110;0;36.47;0.9;37.37
20230118:1210;373.94;181.12;6.16;561.22
20230118:1310;442.57;123.59;5.28;571.44
20230118:1410;339.99;75.71;3.1;418.8
20230118:1510;0;2.48;0.07;2.55
20230118:1610;0;0;0;0
20230118:1710;0;0;0;0
20230118:1810;0;0;0;0
20230118:1910;0;0;0;0
20230118:2010;0;0;0;0
20230118:2110;0;0;0;0
20230118:2210;0;0;0;0
20230118:2310;0;0;0;0
20230119:0010;0;0;0;0
20230119:0110;0;0;0;0
20230119:0210;0;0;0;0
20230119:0310;0;0;0;0
20230119:0410;0;0;0;0
20230119:0510;0;0;0;0
20230119:0610;0;0;0;0
20230119:0710;6.76;16.64;0.42;23.82
20230119:0810;6.53;60.84;1.52;68.89
20230119:0910;26.5;114.29;2.9;143.69
20230119:1010;201.81;192.05;5.41;399.27
20230119:1110;158.49;194.16;5.34;357.99
20230119:1210;0;58.7;1.45;60.15
20230119:1310;2.61;76.02;1.89;80.52
20230119:1410;3.24;46.79;1.17;51.2
20230119:1510;0;1.66;0.04;1.7
20230119:1610;0;0;0;0
20230119:1710;0;0;0;0
20230119:1810;0;0;0;0
20230119:1910;0;0;0;0
20230119:2010;0;0;0;0
20230119:2110;0;0;0;0
20230119:2210;0;0;0;0
20230119:2310;0;0;0;0
20230120:0010;0;0;0;0
20230120:0110;0;0;0;0
20230120:0210;0;0;0;0
20230120:0310;0;0;0;0
20230120:0410;0;0;0;0
20230120:0510;0;0;0;0
20230120:0610;0;0;0;0
20230120:0710;32.66;24.34;0.62;57.62
20230120:0810;212.76;114.38;3.14;330.28
20230120:0910;76.17;140.24;3.65;220.06
20230120:1010;277.56;199.8;5.96;483.32
20230120:1110;194.91;202.18;5.69;402.78
20230120:1210;301.1;194.09;6;501.19
20230120:1310;61.93;127.41;3.32;192.66
20230120:1410;101.97;89.31;2.33;193.61
20230120:1510;0;1.66;0.04;1.7
20230120:1610;0;0;0;0
20230120:1710;0;0;0;0
20230120:1810;0;0;0;0
20230120:1910;0;0;0;0
20230120:2010;0;0;0;0
20230120:2110;0;0;0;0
20230120:2210;0;0;0;0
20230120:2310;0;0;0;0
20230121:0010;0;0;0;0
20230121:0110;0;0;0;0
20230121:0210;0;0;0;0
20230121:0310;0;0;0;0
20230121:0410;0;0;0;0
20230121:0510;0;0;0;0
20230121:0610;0;0;0;0
20230121:0710;0;3.56;0.09;3.65
20230121:0810;0;47.14;1.17;48.31
20230121:0910;10.41;100.74;2.53;113.68
20230121:1010;0;86.27;2.13;88.4
20230121:1110;125.88;190.97;5.17;322.02
20230121:1210;0;77.38;1.91;79.29
20230121:1310;0;49.81;1.23;51.04
20230121:1410;0;29.35;0.73;30.08
20230121:1510;0;2.48;0.07;2.55
20230121:1610;0;0;0;0
20230121:1710;0;0;0;0
20230121:1810;0;0;0;0
20230121:1910;0;0;0;0
20230121:2010;0;0;0;0
20230121:2110;0;0;0;0
20230121:2210;0;0;0;0
20230121:2310;0;0;0;0
20230122:0010;0;0;0;0
20230122:0110;0;0;0;0
20230122:0210;0;0;0;0
20230122:0310;0;0;0;0
20230122:0410;0;0;0;0
20230122:0510;0;0;0;0
20230122:0610;0;0;0;0
20230122:0710;0;15.12;0.37;15.49
20230122:0810;0;42.69;1.06;43.75
20230122:0910;0;41.8;1.03;42.83
20230122:1010;0;61.37;1.52;62.89
20230122:1110;0;64.93;1.6;66.53
20230122:1210;0;85.39;2.11;87.5
20230122:1310;17.69;104.05;2.64;124.38
20230122:1410;0;48.03;1.19;49.22
20230122:1510;0;4.14;0.11;4.25
20230122:1610;0;0;0;0
20230122:1710;0;0;0;0
20230122:1810;0;0;0;0
20230122:1910;0;0;0;0
20230122:2010;0;0;0;0
20230122:2110;0;0;0;0
20230122:2210;0;0;0;0
20230122:2310;0;0;0;0
20230123:0010;0;0;0;0
20230123:0110;0;0;0;0
20230123:0210;0;0;0;0
20230123:0310;0;0;0;0
20230123:0410;0;0;0;0
20230123:0510;0;0;0;0
20230123:0610;0;0;0;0
20230123:0710;0;9.78;0.24;10.02
20230123:0810;0;16.01;0.4;16.41
20230123:0910;0;34.69;0.86;35.55
20230123:1010;4.72;113.78;2.84;121.34
20230123:1110;0;29.35;0.73;30.08
20230123:1210;0;61.37;1.52;62.89
20230123:1310;17.5;105.79;2.68;125.97
20230123:1410;0;30.24;0.75;30.99
20230123:1510;0;4.14;0.11;4.25
20230123:1610;0;0;0;0
20230123:1710;0;0;0;0
20230123:1810;0;0;0;0
20230123:1910;0;0;0;0
20230123:2010;0;0;0;0
20230123:2110;0;0;0;0
20230123:2210;0;0;0;0
20230123:2310;0;0;0;0
20230124:0010;0;0;0;0
20230124:0110;0;0;0;0
20230124:0210;0;0;0;0
20230124:0310;0;0;0;0
20230124:0410;0;0;0;0
20230124:0510;0;0;0;0
20230124:0610;0;0;0;0
20230124:0710;0;16.01;0.4;16.41
20230124:0810;0;19.57;0.48;20.05
20230124:0910;2.53;86.68;2.15;91.36
20230124:1010;0;80.94;2;82.94
20230124:1110;0;75.6;1.87;77.47
20230124:1210;0;60.48;1.49;61.97
20230124:1310;0;54.26;1.34;55.6
20230124:1410;5.94;57.99;1.45;65.38
20230124:1510;0;3.31;0.09;3.4
20230124:1610;0;0;0;0
20230124:1710;0;0;0;0
20230124:1810;0;0;0;0
20230124:1910;0;0;0;0
20230124:2010;0;0;0;0
20230124:2110;0;0;0;0
20230124:2210;0;0;0;0
20230124:2310;0;0;0;0
20230125:0010;0;0;0;0
20230125:0110;0;0;0;0
20230125:0210;0;0;0;0
20230125:0310;0;0;0;0
20230125:0410;0;0;0;0
20230125:0510;0;0;0;0
20230125:0610;0;0;0;0
20230125:0710;5.5;22.93;0.57;29
20230125:0810;9.05;71.19;1.78;82.02
20230125:0910;0;74.71;1.85;76.56
20230125:1010;0;59.59;1.47;61.06
20230125:1110;0;64.93;1.6;66.53
20230125:1210;0;54.26;1.34;55.6
20230125:1310;0;57.81;1.43;59.24
20230125:1410;0;29.35;0.73;30.08
20230125:1510;0;4.14;0.11;4.25
20230125:1610;0;0;0;0
20230125:1710;0;0;0;0
20230125:1810;0;0;0;0
20230125:1910;0;0;0;0
20230125:2010;0;0;0;0
20230125:2110;0;0;0;0
20230125:2210;0;0;0;0
20230125:2310;0;0;0;0
20230126:0010;0;0;0;0
20230126:0110;0;0;0;0
20230126:0210;0;0;0;0
20230126:0310;0;0;0;0
20230126:0410;0;0;0;0
20230126:0510;0;0;0;0
20230126:0610;0;0;0;0
20230126:0710;5.31;21.98;0.55;27.84
20230126:0810;0;54.26;1.34;55.6
20230126:0910;0;52.48;1.3;53.78
20230126:1010;0;50.7;1.25;51.95
20230126:1110;0;56.03;1.38;57.41
20230126:1210;0;51.59;1.28;52.87
20230126:1310;0;43.58;1.08;44.66
20230126:1410;0;24.9;0.62;25.52
20230126:1510;0;3.31;0.09;3.4
20230126:1610;0;0;0;0
20230126:1710;0;0;0;0
20230126:1810;0;0;0;0
20230126:1910;0;0;0;0
20230126:2010;0;0;0;0
20230126:2110;0;0;0;0
20230126:2210;0;0;0;0
20230126:2310;0;0;0;0
20230127:0010;0;0;0;0
20230127:0110;0;0;0;0
20230127:0210;0;0;0;0
20230127:0310;0;0;0;0
20230127:0410;0;0;0;0
20230127:0510;0;0;0;0
20230127:0610;0;0;0;0
20230127:0710;20.53;29.74;0.75;51.02
20230127:0810;0;53.37;1.32;54.69
20230127:0910;9.84;107.71;2.7;120.25
20230127:1010;0;80.05;1.98;82.03
20230127:1110;13.35;145.81;3.67;162.83
20230127:1210;4.51;120.86;3.01;128.38
20230127:1310;35.92;127.93;3.3;167.15
20230127:1410;0;51.59;1.28;52.87
20230127:1510;0;7.45;0.2;7.65
20230127:1610;0;0;0;0
20230127:1710;0;0;0;0
20230127:1810;0;0;0;0
20230127:1910;0;0;0;0
20230127:2010;0;0;0;0
20230127:2110;0;0;0;0
20230127:2210;0;0;0;0
20230127:2310;0;0;0;0
20230128:0010;0;0;0;0
20230128:0110;0;0;0;0
20230128:0210;0;0;0;0
20230128:0310;0;0;0;0
20230128:0410;0;0;0;0
20230128:0510;0;0;0;0
20230128:0610;0;0;0;0
20230128:0710;0;17.79;0.44;18.23
20230128:0810;52.08;97.47;2.51;152.06
20230128:0910;0;72.93;1.8;74.73
20230128:1010;0;44.47;1.1;45.57
20230128:1110;22.07;153.87;3.91;179.85
20230128:1210;0;68.49;1.69;70.18
20230128:1310;0;44.47;1.1;45.57
20230128:1410;0;44.47;1.1;45.57
20230128:1510;0;21.52;0.57;22.09
20230128:1610;0;0;0;0
20230128:1710;0;0;0;0
20230128:1810;0;0;0;0
20230128:1910;0;0;0;0
20230128:2010;0;0;0;0
20230128:2110;0;0;0;0
20230128:2210;0;0;0;0
20230128:2310;0;0;0;0
20230129:0010;0;0;0;0
20230129:0110;0;0;0;0
20230129:0210;0;0;0;0
20230129:0310;0;0;0;0
20230129:0410;0;0;0;0
20230129:0510;0;0;0;0
20230129:0610;0;0;0;0
20230129:0710;9.59;29.03;0.73;39.35
20230129:0810;8.56;73.69;1.85;84.1
20230129:0910;0;72.04;1.78;73.82
20230129:1010;15.72;143.65;3.63;163
20230129:1110;28.46;164.31;4.2;196.97
20230129:1210;239.09;210.54;6.27;455.9
20230129:1310;56.24;141.7;3.72;201.66
20230129:1410;27.31;85.13;2.18;114.62
20230129:1510;0;17.38;0.46;17.84
20230129:1610;0;0;0;0
20230129:1710;0;0;0;0
20230129:1810;0;0;0;0
20230129:1910;0;0;0;0
20230129:2010;0;0;0;0
20230129:2110;0;0;0;0
20230129:2210;0;0;0;0
20230129:2310;0;0;0;0
20230130:0010;0;0;0;0
20230130:0110;0;0;0;0
20230130:0210;0;0;0;0
20230130:0310;0;0;0;0
20230130:0410;0;0;0;0
20230130:0510;0;0;0;0
20230130:0610;0;0;0;0
20230130:0710;9.27;29.91;0.75;39.93
20230130:0810;5.62;72.2;1.8;79.62
20230130:0910;4.78;101.33;2.53;108.64
20230130:1010;244.89;213.22;6.35;464.46
20230130:1110;390.9;218.27;7.54;616.71
20230130:1210;535.43;172.26;7.83;715.52
20230130:1310;0;81.83;2.02;83.85
20230130:1410;0;30.24;0.75;30.99
20230130:1510;0;9.11;0.24;9.35
20230130:1610;0;0;0;0
20230130:1710;0;0;0;0
20230130:1810;0;0;0;0
20230130:1910;0;0;0;0
20230130:2010;0;0;0;0
20230130:2110;0;0;0;0
20230130:2210;0;0;0;0
20230130:2310;0;0;0;0
20230131:0010;0;0;0;0
20230131:0110;0;0;0;0
20230131:0210;0;0;0;0
20230131:0310;0;0;0;0
20230131:0410;0;0;0;0
20230131:0510;0;0;0;0
20230131:0610;0;0;0;0
20230131:0710;0;22.24;0.55;22.79
20230131:0810;471.25;87.06;4.73;563.04
20230131:0910;0;80.94;2;82.94
20230131:1010;22.07;153.03;3.89;178.99
20230131:1110;178.77;219.91;6.24;404.92
20230131:1210;65.25;177.36;4.68;247.29
20230131:1310;61.92;146.41;3.87;212.2
20230131:1410;15.85;79.67;2.02;97.54
20230131:1510;0;8.28;0.22;8.5
20230131:1610;0;0;0;0
20230131:1710;0;0;0;0
20230131:1810;0;0;0;0
20230131:1910;0;0;0;0
20230131:2010;0;0;0;0
20230131:2110;0;0;0;0
20230131:2210;0;0;0;0
20230131:2310;0;0;0;0
20230201:0010;0;0;0;0
20230201:0110;0;0;0;0
20230201:0210;0;0;0;0
20230201:0310;0;0;0;0
20230201:0410;0;0;0;0
20230201:0510;0;0;0;0
20230201:0610;0;0;0;0
20230201:0710;0;12.45;0.31;12.76
20230201:0810;0;57.81;1.43;59.24
20230201:0910;0;68.49;1.69;70.18
20230201:1010;56.9;177.2;4.64;238.74
20230201:1110;49.13;181.44;4.73;235.3
20230201:1210;4.31;124.35;3.1;131.76
20230201:1310;578.49;111.42;7.03;696.94
20230201:1410;387.3;92.77;4.44;484.51
20230201:1510;0;21.52;0.57;22.09
20230201:1610;0;0;0;0
20230201:1710;0;0;0;0
20230201:1810;0;0;0;0
20230201:1910;0;0;0;0
20230201:2010;0;0;0;0
20230201:2110;0;0;0;0
20230201:2210;0;0;0;0
20230201:2310;0;0;0;0
20230202:0010;0;0;0;0
20230202:0110;0;0;0;0
20230202:0210;0;0;0;0
20230202:0310;0;0;0;0
20230202:0410;0;0;0;0
20230202:0510;0;0;0;0
20230202:0610;0;0;0;0
20230202:0710;58.84;49.54;1.21;109.59
20230202:0810;153.51;128.37;3.56;285.44
20230202:0910;4.63;104.85;2.62;112.1
20230202:1010;0;75.6;1.87;77.47
20230202:1110;23.3;165.69;4.22;193.21
20230202:1210;2.14;117.74;2.92;122.8
20230202:1310;0;60.48;1.49;61.97
20230202:1410;0;53.37;1.32;54.69
20230202:1510;0;20.69;0.55;21.24
20230202:1610;0;0;0;0
20230202:1710;0;0;0;0
20230202:1810;0;0;0;0
20230202:1910;0;0;0;0
20230202:2010;0;0;0;0
20230202:2110;0;0;0;0
20230202:2210;0;0;0;0
20230202:2310;0;0;0;0
20230203:0010;0;0;0;0
20230203:0110;0;0;0;0
20230203:0210;0;0;0;0
20230203:0310;0;0;0;0
20230203:0410;0;0;0;0
20230203:0510;0;0;0;0
20230203:0610;0;0;0;0
20230203:0710;12.21;35.26;0.88;48.35
20230203:0810;13.27;83.51;2.11;98.89
20230203:0910;2.29;95.52;2.37;100.18
20230203:1010;86.03;192.01;5.14;283.18
20230203:1110;2.1;130.19;3.23;135.52
20230203:1210;0;64.04;1.58;65.62
20230203:1310;0;52.48;1.3;53.78
20230203:1410;0;25.79;0.64;26.43
20230203:1510;0;13.34;0.33;13.67
20230203:1610;0;0;0;0
20230203:1710;0;0;0;0
20230203:1810;0;0;0;0
20230203:1910;0;0;0;0
20230203:2010;0;0;0;0
20230203:2110;0;0;0;0
20230203:2210;0;0;0;0
20230203:2310;0;0;0;0
20230204:0010;0;0;0;0
20230204:0110;0;0;0;0
20230204:0210;0;0;0;0
20230204:0310;0;0;0;0
20230204:0410;0;0;0;0
20230204:0510;0;0;0;0
20230204:0610;0;0;0;0
20230204:0710;23.67;43.33;1.08;68.08
20230204:0810;18.31;91.83;2.33;112.47
20230204:0910;322.35;189.62;6.24;518.21
20230204:1010;10.66;146.97;3.69;161.32
20230204:1110;0;70.27;1.74;72.01
20230204:1210;18.89;157.62;4;180.51
20230204:1310;94.44;166.46;4.53;265.43
20230204:1410;0;49.81;1.23;51.04
20230204:1510;0;21.35;0.53;21.88
20230204:1610;0;0;0;0
20230204:1710;0;0;0;0
20230204:1810;0;0;0;0
20230204:1910;0;0;0;0
20230204:2010;0;0;0;0
20230204:2110;0;0;0;0
20230204:2210;0;0;0;0
20230204:2310;0;0;0;0
20230205:0010;0;0;0;0
20230205:0110;0;0;0;0
20230205:0210;0;0;0;0
20230205:0310;0;0;0;0
20230205:0410;0;0;0;0
20230205:0510;0;0;0;0
20230205:0610;0;0;0;0
20230205:0710;233.25;64.03;2.04;299.32
20230205:0810;435.74;110.73;5.1;551.57
20230205:0910;622.36;126.77;7.72;756.85
20230205:1010;680.55;154.82;9.17;844.54
20230205:1110;336.76;242.75;7.87;587.38
20230205:1210;95.7;203.48;5.5;304.68
20230205:1310;28.25;140.15;3.61;172.01
20230205:1410;78.06;116.47;3.14;197.67
20230205:1510;166.66;55.39;1.74;223.79
20230205:1610;0;0;0;0
20230205:1710;0;0;0;0
20230205:1810;0;0;0;0
20230205:1910;0;0;0;0
20230205:2010;0;0;0;0
20230205:2110;0;0;0;0
20230205:2210;0;0;0;0
20230205:2310;0;0;0;0
20230206:0010;0;0;0;0
20230206:0110;0;0;0;0
20230206:0210;0;0;0;0
20230206:0310;0;0;0;0
20230206:0410;0;0;0;0
20230206:0510;0;0;0;0
20230206:0610;0;0;0;0
20230206:0710;0;0;0;0
20230206:0810;0;69.38;1.71;71.09
20230206:0910;113.41;181.36;4.95;299.72
20230206:1010;530.04;203.76;8.62;742.42
20230206:1110;749.85;142.68;9.96;902.49
20230206:1210;496.93;204.39;8.44;709.76
20230206:1310;223.57;191.35;5.83;420.75
20230206:1410;240.2;131.07;4.31;375.58
20230206:1510;201.98;53.88;1.93;257.79
20230206:1610;0;0;0;0
20230206:1710;0;0;0;0
20230206:1810;0;0;0;0
20230206:1910;0;0;0;0
20230206:2010;0;0;0;0
20230206:2110;0;0;0;0
20230206:2210;0;0;0;0
20230206:2310;0;0;0;0
20230207:0010;0;0;0;0
20230207:0110;0;0;0;0
20230207:0210;0;0;0;0
20230207:0310;0;0;0;0
20230207:0410;0;0;0;0
20230207:0510;0;0;0;0
20230207:0610;0;0;0;0
20230207:0710;223.12;67.36;2.15;292.63
20230207:0810;428.31;115.98;5.25;549.54
20230207:0910;640.43;126.21;8.02;774.66
20230207:1010;778.75;124.1;9.85;912.7
20230207:1110;790.3;133.13;10.31;933.74
20230207:1210;750.02;125.09;9.72;884.83
20230207:1310;597.67;123.56;7.83;729.06
20230207:1410;272.03;131.47;4.57;408.07
20230207:1510;178.69;59.77;1.96;240.42
20230207:1610;0;0;0;0
20230207:1710;0;0;0;0
20230207:1810;0;0;0;0
20230207:1910;0;0;0;0
20230207:2010;0;0;0;0
20230207:2110;0;0;0;0
20230207:2210;0;0;0;0
20230207:2310;0;0;0;0
20230208:0010;0;0;0;0
20230208:0110;0;0;0;0
20230208:0210;0;0;0;0
20230208:0310;0;0;0;0
20230208:0410;0;0;0;0
20230208:0510;0;0;0;0
20230208:0610;0;0;0;0
20230208:0710;234.08;69.5;2.29;305.87
20230208:0810;444.39;111.52;5.39;561.3
20230208:0910;119.8;187.12;5.14;312.06
20230208:1010;0;116.52;2.88;119.4
20230208:1110;185.34;241.38;6.95;433.67
20230208:1210;684.63;149.89;9.5;844.02
20230208:1310;578.73;130.52;7.83;717.08
20230208:1410;279.59;131.55;4.68;415.82
20230208:1510;198.52;57.94;2.09;258.55
20230208:1610;0;0;0;0
20230208:1710;0;0;0;0
20230208:1810;0;0;0;0
20230208:1910;0;0;0;0
20230208:2010;0;0;0;0
20230208:2110;0;0;0;0
20230208:2210;0;0;0;0
20230208:2310;0;0;0;0
20230209:0010;0;0;0;0
20230209:0110;0;0;0;0
20230209:0210;0;0;0;0
20230209:0310;0;0;0;0
20230209:0410;0;0;0;0
20230209:0510;0;0;0;0
20230209:0610;0;0;0;0
20230209:0710;240.94;69.09;2.37;312.4
20230209:0810;457.51;110.05;5.54;573.1
20230209:0910;644.55;127.78;8.24;780.57
20230209:1010;775.35;127.01;10.02;912.38
20230209:1110;775.12;139.94;10.42;925.48
20230209:1210;716.71;138.67;9.74;865.12
20230209:1310;612.21;122.65;8.11;742.97
20230209:1410;293.8;132.71;4.86;431.37
20230209:1510;210.91;60.11;2.24;273.26
20230209:1610;0;0;0;0
20230209:1710;0;0;0;0
20230209:1810;0;0;0;0
20230209:1910;0;0;0;0
20230209:2010;0;0;0;0
20230209:2110;0;0;0;0
20230209:2210;0;0;0;0
20230209:2310;0;0;0;0
20230210:0010;0;0;0;0
20230210:0110;0;0;0;0
20230210:0210;0;0;0;0
20230210:0310;0;0;0;0
20230210:0410;0;0;0;0
20230210:0510;0;0;0;0
20230210:0610;0;0;0;0
20230210:0710;230.85;71.63;2.42;304.9
20230210:0810;448.6;112.93;5.58;567.11
20230210:0910;625.12;131.64;8.2;764.96
20230210:1010;772.6;127.52;10.09;910.21
20230210:1110;760.7;144.32;10.42;915.44
20230210:1210;702.42;144.48;9.76;856.66
20230210:1310;562.53;139.41;7.96;709.9
20230210:1410;122.12;135.41;3.87;261.4
20230210:1510;198.49;62.2;2.26;262.95
20230210:1610;0;0;0;0
20230210:1710;0;0;0;0
20230210:1810;0;0;0;0
20230210:1910;0;0;0;0
20230210:2010;0;0;0;0
20230210:2110;0;0;0;0
20230210:2210;0;0;0;0
20230210:2310;0;0;0;0
20230211:0010;0;0;0;0
20230211:0110;0;0;0;0
20230211:0210;0;0;0;0
20230211:0310;0;0;0;0
20230211:0410;0;0;0;0
20230211:0510;0;0;0;0
20230211:0610;0;0;0;0
20230211:0710;32.07;58.63;1.49;92.19
20230211:0810;0;49.81;1.23;51.04
20230211:0910;268.17;202.26;6.44;476.87
20230211:1010;178.42;232.78;6.73;417.93
20230211:1110;204.3;245.75;7.25;457.3
20230211:1210;80.86;208.08;5.61;294.55
20230211:1310;46.9;162.87;4.29;214.06
20230211:1410;6.69;87.42;2.2;96.31
20230211:1510;8.76;43.39;1.1;53.25
20230211:1610;0;0;0;0
20230211:1710;0;0;0;0
20230211:1810;0;0;0;0
20230211:1910;0;0;0;0
20230211:2010;0;0;0;0
20230211:2110;0;0;0;0
20230211:2210;0;0;0;0
20230211:2310;0;0;0;0
20230212:0010;0;0;0;0
20230212:0110;0;0;0;0
20230212:0210;0;0;0;0
20230212:0310;0;0;0;0
20230212:0410;0;0;0;0
20230212:0510;0;0;0;0
20230212:0610;0;0;0;0
20230212:0710;40.55;62.23;1.6;104.38
20230212:0810;51.3;123.31;3.25;177.86
20230212:0910;188.1;202.17;5.96;396.23
20230212:1010;685.59;152.45;9.74;847.78
20230212:1110;660.38;176.74;10.05;847.17
20230212:1210;261.96;236.16;7.45;505.57
20230212:1310;2.02;115.94;2.88;120.84
20230212:1410;13.18;97.6;2.48;113.26
20230212:1510;28.35;54.68;1.43;84.46
20230212:1610;0;0;0;0
20230212:1710;0;0;0;0
20230212:1810;0;0;0;0
20230212:1910;0;0;0;0
20230212:2010;0;0;0;0
20230212:2110;0;0;0;0
20230212:2210;0;0;0;0
20230212:2310;0;0;0;0
20230213:0010;0;0;0;0
20230213:0110;0;0;0;0
20230213:0210;0;0;0;0
20230213:0310;0;0;0;0
20230213:0410;0;0;0;0
20230213:0510;0;0;0;0
20230213:0610;0;0;0;0
20230213:0710;3.04;43.2;1.08;47.32
20230213:0810;0;72.04;1.78;73.82
20230213:0910;0;90.72;2.24;92.96
20230213:1010;0;72.93;1.8;74.73
20230213:1110;0;128.97;3.19;132.16
20230213:1210;0;80.05;1.98;82.03
20230213:1310;0;98.73;2.44;101.17
20230213:1410;2.17;83.06;2.07;87.3
20230213:1510;0;34.69;0.86;35.55
20230213:1610;0;0;0;0
20230213:1710;0;0;0;0
20230213:1810;0;0;0;0
20230213:1910;0;0;0;0
20230213:2010;0;0;0;0
20230213:2110;0;0;0;0
20230213:2210;0;0;0;0
20230213:2310;0;0;0;0
20230214:0010;0;0;0;0
20230214:0110;0;0;0;0
20230214:0210;0;0;0;0
20230214:0310;0;0;0;0
20230214:0410;0;0;0;0
20230214:0510;0;0;0;0
20230214:0610;0;0;0;0
20230214:0710;272;71.82;2.9;346.72
20230214:0810;13.6;103.97;2.64;120.21
20230214:0910;0;92.5;2.29;94.79
20230214:1010;0;96.95;2.4;99.35
20230214:1110;1.92;144.38;3.58;149.88
20230214:1210;0;96.95;2.4;99.35
20230214:1310;3.95;125.16;3.12;132.23
20230214:1410;19.21;107.76;2.77;129.74
20230214:1510;101.91;72.89;2.13;176.93
20230214:1610;0;0;0;0
20230214:1710;0;0;0;0
20230214:1810;0;0;0;0
20230214:1910;0;0;0;0
20230214:2010;0;0;0;0
20230214:2110;0;0;0;0
20230214:2210;0;0;0;0
20230214:2310;0;0;0;0
20230215:0010;0;0;0;0
20230215:0110;0;0;0;0
20230215:0210;0;0;0;0
20230215:0310;0;0;0;0
20230215:0410;0;0;0;0
20230215:0510;0;0;0;0
20230215:0610;0;0;0;0
20230215:0710;11.52;55.61;1.41;68.54
20230215:0810;2.24;87.52;2.18;91.94
20230215:0910;0;110.29;2.73;113.02
20230215:1010;0;127.19;3.14;130.33
20230215:1110;1.9;150.61;3.74;156.25
20230215:1210;0;128.97;3.19;132.16
20230215:1310;350.23;202.6;7.41;560.24
20230215:1410;381.05;123.32;5.8;510.17
20230215:1510;242.84;63.49;2.88;309.21
20230215:1610;0;0;0;0
20230215:1710;0;0;0;0
20230215:1810;0;0;0;0
20230215:1910;0;0;0;0
20230215:2010;0;0;0;0
20230215:2110;0;0;0;0
20230215:2210;0;0;0;0
20230215:2310;0;0;0;0
20230216:0010;0;0;0;0
20230216:0110;0;0;0;0
20230216:0210;0;0;0;0
20230216:0310;0;0;0;0
20230216:0410;0;0;0;0
20230216:0510;0;0;0;0
20230216:0610;0;0;0;0
20230216:0710;33.69;68.65;1.78;104.12
20230216:0810;110.25;151.1;4.22;265.57
20230216:0910;349.08;210.98;7.45;567.51
20230216:1010;443.26;237.22;9.08;689.56
20230216:1110;668.86;187.82;10.62;867.3
20230216:1210;687.1;158.47;10.31;855.88
20230216:1310;650.77;113.73;8.97;773.47
20230216:1410;240.85;149.06;5.14;395.05
20230216:1510;78.87;76.19;2.15;157.21
20230216:1610;0;0;0;0
20230216:1710;0;0;0;0
20230216:1810;0;0;0;0
20230216:1910;0;0;0;0
20230216:2010;0;0;0;0
20230216:2110;0;0;0;0
20230216:2210;0;0;0;0
20230216:2310;0;0;0;0
20230217:0010;0;0;0;0
20230217:0110;0;0;0;0
20230217:0210;0;0;0;0
20230217:0310;0;0;0;0
20230217:0410;0;0;0;0
20230217:0510;0;0;0;0
20230217:0610;0;0;0;0
20230217:0710;246.46;76.35;3.01;325.82
20230217:0810;237.09;155.52;5.12;397.73
20230217:0910;486.58;175.53;8.11;670.22
20230217:1010;17.12;175.66;4.46;197.24
20230217:1110;0;86.27;2.13;88.4
20230217:1210;0;77.38;1.91;79.29
20230217:1310;0;72.93;1.8;74.73
20230217:1410;0;53.37;1.32;54.69
20230217:1510;0;18.68;0.46;19.14
20230217:1610;0;0;0;0
20230217:1710;0;0;0;0
20230217:1810;0;0;0;0
20230217:1910;0;0;0;0
20230217:2010;0;0;0;0
20230217:2110;0;0;0;0
20230217:2210;0;0;0;0
20230217:2310;0;0;0;0
20230218:0010;0;0;0;0
20230218:0110;0;0;0;0
20230218:0210;0;0;0;0
20230218:0310;0;0;0;0
20230218:0410;0;0;0;0
20230218:0510;0;0;0;0
20230218:0610;0;0;0;0
20230218:0710;16.03;60.85;1.56;78.44
20230218:0810;49.35;134.03;3.56;186.94
20230218:0910;173.02;210.09;6.22;389.33
20230218:1010;73.55;217.29;5.85;296.69
20230218:1110;114.9;241.48;6.73;363.11
20230218:1210;209.64;243.16;7.43;460.23
20230218:1310;195.51;206.66;6.4;408.57
20230218:1410;187.91;149.62;4.86;342.39
20230218:1510;140.36;77.77;2.59;220.72
20230218:1610;0;0;0;0
20230218:1710;0;0;0;0
20230218:1810;0;0;0;0
20230218:1910;0;0;0;0
20230218:2010;0;0;0;0
20230218:2110;0;0;0;0
20230218:2210;0;0;0;0
20230218:2310;0;0;0;0
20230219:0010;0;0;0;0
20230219:0110;0;0;0;0
20230219:0210;0;0;0;0
20230219:0310;0;0;0;0
20230219:0410;0;0;0;0
20230219:0510;0;0;0;0
20230219:0610;0;0;0;0
20230219:0710;112.17;89.04;2.57;203.78
20230219:0810;33.87;128.73;3.36;165.96
20230219:0910;120.69;204.7;5.78;331.17
20230219:1010;794.65;119.1;11.01;924.76
20230219:1110;762.8;143.45;11.21;917.46
20230219:1210;0;51.59;1.28;52.87
20230219:1310;400.31;190.48;7.89;598.68
20230219:1410;0;74.71;1.85;76.56
20230219:1510;0;37.36;0.92;38.28
20230219:1610;0;0;0;0
20230219:1710;0;0;0;0
20230219:1810;0;0;0;0
20230219:1910;0;0;0;0
20230219:2010;0;0;0;0
20230219:2110;0;0;0;0
20230219:2210;0;0;0;0
20230219:2310;0;0;0;0
20230220:0010;0;0;0;0
20230220:0110;0;0;0;0
20230220:0210;0;0;0;0
20230220:0310;0;0;0;0
20230220:0410;0;0;0;0
20230220:0510;0;0;0;0
20230220:0610;0;0.89;0.02;0.91
20230220:0710;25.48;71.88;1.87;99.23
20230220:0810;470.05;116.12;6.6;592.77
20230220:0910;422.08;201.29;8.16;631.53
20230220:1010;114.94;239.05;6.66;360.65
20230220:1110;588.87;215.37;10.55;814.79
20230220:1210;419.46;238.44;9.23;667.13
20230220:1310;329.38;207.4;7.61;544.39
20230220:1410;37.38;132;3.5;172.88
20230220:1510;62.31;79.35;2.24;143.9
20230220:1610;0;0;0;0
20230220:1710;0;0;0;0
20230220:1810;0;0;0;0
20230220:1910;0;0;0;0
20230220:2010;0;0;0;0
20230220:2110;0;0;0;0
20230220:2210;0;0;0;0
20230220:2310;0;0;0;0
20230221:0010;0;0;0;0
20230221:0110;0;0;0;0
20230221:0210;0;0;0;0
20230221:0310;0;0;0;0
20230221:0410;0;0;0;0
20230221:0510;0;0;0;0
20230221:0610;0;5.34;0.13;5.47
20230221:0710;303.75;76.66;3.69;384.1
20230221:0810;525.74;102.62;7.01;635.37
20230221:0910;679.37;122.83;9.56;811.76
20230221:1010;788.53;129.41;11.28;929.22
20230221:1110;831.84;124.57;11.89;968.3
20230221:1210;690.77;158.01;10.77;859.55
20230221:1310;628.36;124.39;9.32;762.07
20230221:1410;396.17;122.7;6.38;525.25
20230221:1510;250.33;68.85;3.43;322.61
20230221:1610;0;0;0;0
20230221:1710;0;0;0;0
20230221:1810;0;0;0;0
20230221:1910;0;0;0;0
20230221:2010;0;0;0;0
20230221:2110;0;0;0;0
20230221:2210;0;0;0;0
20230221:2310;0;0;0;0
20230222:0010;0;0;0;0
20230222:0110;0;0;0;0
20230222:0210;0;0;0;0
20230222:0310;0;0;0;0
20230222:0410;0;0;0;0
20230222:0510;0;0;0;0
20230222:0610;0;2.67;0.07;2.74
20230222:0710;38.95;81.97;2.18;123.1
20230222:0810;38.67;138.61;3.65;180.93
20230222:0910;85.04;203.9;5.58;294.52
20230222:1010;169.5;254.75;7.45;431.7
20230222:1110;502.25;241.59;10.27;754.11
20230222:1210;634.75;179.35;10.57;824.67
20230222:1310;624.09;124.65;9.36;758.1
20230222:1410;331.65;141.31;6.13;479.09
20230222:1510;205.08;78.36;3.28;286.72
20230222:1610;0;1.66;0.04;1.7
20230222:1710;0;0;0;0
20230222:1810;0;0;0;0
20230222:1910;0;0;0;0
20230222:2010;0;0;0;0
20230222:2110;0;0;0;0
20230222:2210;0;0;0;0
20230222:2310;0;0;0;0
20230223:0010;0;0;0;0
20230223:0110;0;0;0;0
20230223:0210;0;0;0;0
20230223:0310;0;0;0;0
20230223:0410;0;0;0;0
20230223:0510;0;0;0;0
20230223:0610;0;3.56;0.09;3.65
20230223:0710;71.43;93.54;2.59;167.56
20230223:0810;130.58;167.29;4.88;302.75
20230223:0910;295.67;225.55;7.67;528.89
20230223:1010;663.25;178.66;10.82;852.73
20230223:1110;430.61;258.6;9.94;699.15
20230223:1210;647.22;175.21;10.73;833.16
20230223:1310;542.17;157.16;9.06;708.39
20230223:1410;134.38;161.33;4.88;300.59
20230223:1510;138.07;89.32;3.01;230.4
20230223:1610;0;1.66;0.04;1.7
20230223:1710;0;0;0;0
20230223:1810;0;0;0;0
20230223:1910;0;0;0;0
20230223:2010;0;0;0;0
20230223:2110;0;0;0;0
20230223:2210;0;0;0;0
20230223:2310;0;0;0;0
20230224:0010;0;0;0;0
20230224:0110;0;0;0;0
20230224:0210;0;0;0;0
20230224:0310;0;0;0;0
20230224:0410;0;0;0;0
20230224:0510;0;0;0;0
20230224:0610;4.91;10.92;0.29;16.12
20230224:0710;302.88;79.28;3.96;386.12
20230224:0810;216.19;173.63;5.65;395.47
20230224:0910;85.25;209.15;5.74;300.14
20230224:1010;541.22;222.01;10.31;773.54
20230224:1110;1.77;155.01;3.85;160.63
20230224:1210;1.76;156.8;3.89;162.45
20230224:1310;14.32;161.69;4.11;180.12
20230224:1410;44.86;143.16;3.85;191.87
20230224:1510;14.78;70.24;1.82;86.84
20230224:1610;0;1.66;0.04;1.7
20230224:1710;0;0;0;0
20230224:1810;0;0;0;0
20230224:1910;0;0;0;0
20230224:2010;0;0;0;0
20230224:2110;0;0;0;0
20230224:2210;0;0;0;0
20230224:2310;0;0;0;0
20230225:0010;0;0;0;0
20230225:0110;0;0;0;0
20230225:0210;0;0;0;0
20230225:0310;0;0;0;0
20230225:0410;0;0;0;0
20230225:0510;0;0;0;0
20230225:0610;17.99;17.31;0.48;35.78
20230225:0710;289.68;85.88;4.02;379.58
20230225:0810;566.01;96.68;7.69;670.38
20230225:0910;717.72;116.87;10.27;844.86
20230225:1010;838.87;117.98;12.07;968.92
20230225:1110;870.34;118.7;12.64;1001.68
20230225:1210;652.27;184.78;11.1;848.15
20230225:1310;577.99;154.21;9.56;741.76
20230225:1410;415.3;126.19;6.92;548.41
20230225:1510;277.07;69.08;3.96;350.11
20230225:1610;0;5.79;0.15;5.94
20230225:1710;0;0;0;0
20230225:1810;0;0;0;0
20230225:1910;0;0;0;0
20230225:2010;0;0;0;0
20230225:2110;0;0;0;0
20230225:2210;0;0;0;0
20230225:2310;0;0;0;0
20230226:0010;0;0;0;0
20230226:0110;0;0;0;0
20230226:0210;0;0;0;0
20230226:0310;0;0;0;0
20230226:0410;0;0;0;0
20230226:0510;0;0;0;0
20230226:0610;0;8.89;0.22;9.11
20230226:0710;11.17;77.69;1.98;90.84
20230226:0810;276.59;179.03;6.33;461.95
20230226:0910;207.28;239.58;7.36;454.22
20230226:1010;401.87;267.44;9.87;679.18
20230226:1110;0;64.04;1.58;65.62
20230226:1210;58.97;235.21;6.27;300.45
20230226:1310;103.62;220.93;6.22;330.77
20230226:1410;12.76;126.76;3.23;142.75
20230226:1510;2.03;55.42;1.38;58.83
20230226:1610;0;2.48;0.07;2.55
20230226:1710;0;0;0;0
20230226:1810;0;0;0;0
20230226:1910;0;0;0;0
20230226:2010;0;0;0;0
20230226:2110;0;0;0;0
20230226:2210;0;0;0;0
20230226:2310;0;0;0;0
20230227:0010;0;0;0;0
20230227:0110;0;0;0;0
20230227:0210;0;0;0;0
20230227:0310;0;0;0;0
20230227:0410;0;0;0;0
20230227:0510;0;0;0;0
20230227:0610;3.85;15.37;0.4;19.62
20230227:0710;61.3;102.95;2.84;167.09
20230227:0810;118.45;179.14;5.17;302.76
20230227:0910;70.24;215.73;5.83;291.8
20230227:1010;192.3;276.26;8.24;476.8
20230227:1110;13.79;204.29;5.17;223.25
20230227:1210;5.16;175.13;4.37;184.66
20230227:1310;0;121.85;3.01;124.86
20230227:1410;0;62.26;1.54;63.8
20230227:1510;1.99;56.3;1.41;59.7
20230227:1610;0;6.62;0.18;6.8
20230227:1710;0;0;0;0
20230227:1810;0;0;0;0
20230227:1910;0;0;0;0
20230227:2010;0;0;0;0
20230227:2110;0;0;0;0
20230227:2210;0;0;0;0
20230227:2310;0;0;0;0
20230228:0010;0;0;0;0
20230228:0110;0;0;0;0
20230228:0210;0;0;0;0
20230228:0310;0;0;0;0
20230228:0410;0;0;0;0
20230228:0510;0;0;0;0
20230228:0610;57.59;25.44;0.86;83.89
20230228:0710;128.76;112.93;3.47;245.16
20230228:0810;245.35;185.74;6.31;437.4
20230228:0910;465.7;213.6;9.34;688.64
20230228:1010;690.11;186.9;11.67;888.68
20230228:1110;591.78;235.83;11.54;839.15
20230228:1210;192.8;273.47;8.27;474.54
20230228:1310;430.95;208.06;9.1;648.11
20230228:1410;375.45;144.52;7.03;527
20230228:1510;260.82;77.67;4.15;342.64
20230228:1610;0;9.93;0.26;10.19
20230228:1710;0;0;0;0
20230228:1810;0;0;0;0
20230228:1910;0;0;0;0
20230228:2010;0;0;0;0
20230228:2110;0;0;0;0
20230228:2210;0;0;0;0
20230228:2310;0;0;0;0
20230301:0010;0;0;0;0
20230301:0110;0;0;0;0
20230301:0210;0;0;0;0
20230301:0310;0;0;0;0
20230301:0410;0;0;0;0
20230301:0510;0;0;0;0
20230301:0610;3.38;18.94;0.48;22.8
20230301:0710;25.26;91.14;2.4;118.8
20230301:0810;39.16;156.27;4.13;199.56
20230301:0910;249.26;245.49;7.96;502.71
20230301:1010;104.92;260.12;7.23;372.27
20230301:1110;220.62;291.31;8.95;520.88
20230301:1210;27.08;214.84;5.54;247.46
20230301:1310;329.63;229.66;8.53;567.82
20230301:1410;251.43;172.33;6.35;430.11
20230301:1510;53.45;95.62;2.73;151.8
20230301:1610;0;8.28;0.22;8.5
20230301:1710;0;0;0;0
20230301:1810;0;0;0;0
20230301:1910;0;0;0;0
20230301:2010;0;0;0;0
20230301:2110;0;0;0;0
20230301:2210;0;0;0;0
20230301:2310;0;0;0;0
20230302:0010;0;0;0;0
20230302:0110;0;0;0;0
20230302:0210;0;0;0;0
20230302:0310;0;0;0;0
20230302:0410;0;0;0;0
20230302:0510;0;0;0;0
20230302:0610;41.38;30.12;0.92;72.42
20230302:0710;245.73;108.27;4.37;358.37
20230302:0810;504.9;131.81;8.02;644.73
20230302:0910;676.13;149.4;10.75;836.28
20230302:1010;803.6;148.94;12.6;965.14
20230302:1110;852.14;143.42;13.28;1008.84
20230302:1210;742.1;161.61;12.22;915.93
20230302:1310;668.49;132.08;10.71;811.28
20230302:1410;460.47;121.26;7.74;589.47
20230302:1510;254.75;84.82;4.35;343.92
20230302:1610;0;14.07;0.37;14.44
20230302:1710;0;0;0;0
20230302:1810;0;0;0;0
20230302:1910;0;0;0;0
20230302:2010;0;0;0;0
20230302:2110;0;0;0;0
20230302:2210;0;0;0;0
20230302:2310;0;0;0;0
20230303:0010;0;0;0;0
20230303:0110;0;0;0;0
20230303:0210;0;0;0;0
20230303:0310;0;0;0;0
20230303:0410;0;0;0;0
20230303:0510;0;0;0;0
20230303:0610;6.02;23.68;0.62;30.32
20230303:0710;176.33;120.21;4.09;300.63
20230303:0810;515.4;131.62;8.22;655.24
20230303:0910;640.48;164.08;10.66;815.22
20230303:1010;714.27;185.7;12.2;912.17
20230303:1110;862.35;141.64;13.48;1017.47
20230303:1210;809.5;137.68;12.77;959.95
20230303:1310;677.54;131.76;10.9;820.2
20230303:1410;484.32;116.67;8.02;609.01
20230303:1510;261.08;84.55;4.48;350.11
20230303:1610;0;18.21;0.48;18.69
20230303:1710;0;0;0;0
20230303:1810;0;0;0;0
20230303:1910;0;0;0;0
20230303:2010;0;0;0;0
20230303:2110;0;0;0;0
20230303:2210;0;0;0;0
20230303:2310;0;0;0;0
20230304:0010;0;0;0;0
20230304:0110;0;0;0;0
20230304:0210;0;0;0;0
20230304:0310;0;0;0;0
20230304:0410;0;0;0;0
20230304:0510;0;0;0;0
20230304:0610;45.72;35.59;1.1;82.41
20230304:0710;212.95;119.16;4.42;336.53
20230304:0810;527.47;131.54;8.44;667.45
20230304:0910;708.69;145.31;11.26;865.26
20230304:1010;817.78;150.83;12.99;981.6
20230304:1110;835.92;156.62;13.48;1006.02
20230304:1210;732.06;172.99;12.46;917.51
20230304:1310;689.75;130.2;11.12;831.07
20230304:1410;490.65;117.63;8.2;616.48
20230304:1510;268.98;85.79;4.66;359.43
20230304:1610;0;19.04;0.51;19.55
20230304:1710;0;0;0;0
20230304:1810;0;0;0;0
20230304:1910;0;0;0;0
20230304:2010;0;0;0;0
20230304:2110;0;0;0;0
20230304:2210;0;0;0;0
20230304:2310;0;0;0;0
20230305:0010;0;0;0;0
20230305:0110;0;0;0;0
20230305:0210;0;0;0;0
20230305:0310;0;0;0;0
20230305:0410;0;0;0;0
20230305:0510;0;0;0;0
20230305:0610;2.72;24.39;0.62;27.73
20230305:0710;0;56.92;1.41;58.33
20230305:0810;1.78;114.99;2.86;119.63
20230305:0910;44.32;214.01;5.65;263.98
20230305:1010;203.26;291.32;8.86;503.44
20230305:1110;222.22;303.64;9.36;535.22
20230305:1210;62.3;252.36;6.77;321.43
20230305:1310;14.83;183.06;4.66;202.55
20230305:1410;0;58.7;1.45;60.15
20230305:1510;0;58.7;1.45;60.15
20230305:1610;0;7.45;0.2;7.65
20230305:1710;0;0;0;0
20230305:1810;0;0;0;0
20230305:1910;0;0;0;0
20230305:2010;0;0;0;0
20230305:2110;0;0;0;0
20230305:2210;0;0;0;0
20230305:2310;0;0;0;0
20230306:0010;0;0;0;0
20230306:0110;0;0;0;0
20230306:0210;0;0;0;0
20230306:0310;0;0;0;0
20230306:0410;0;0;0;0
20230306:0510;0;0;0;0
20230306:0610;0;16.9;0.42;17.32
20230306:0710;0;64.04;1.58;65.62
20230306:0810;28.16;160.88;4.2;193.24
20230306:0910;121.66;248.25;7.1;377.01
20230306:1010;130.6;282.09;8.05;420.74
20230306:1110;334.93;303.7;10.49;649.12
20230306:1210;346.52;285.67;10.22;642.41
20230306:1310;150.21;245.85;7.36;403.42
20230306:1410;144.39;188.48;5.89;338.76
20230306:1510;66.2;110.25;3.25;179.7
20230306:1610;0;14.9;0.4;15.3
20230306:1710;0;0;0;0
20230306:1810;0;0;0;0
20230306:1910;0;0;0;0
20230306:2010;0;0;0;0
20230306:2110;0;0;0;0
20230306:2210;0;0;0;0
20230306:2310;0;0;0;0
20230307:0010;0;0;0;0
20230307:0110;0;0;0;0
20230307:0210;0;0;0;0
20230307:0310;0;0;0;0
20230307:0410;0;0;0;0
20230307:0510;0;0;0;0
20230307:0610;0;24.9;0.62;25.52
20230307:0710;0;53.37;1.32;54.69
20230307:0810;45.25;174.17;4.66;224.08
20230307:0910;102.18;243.9;6.86;352.94
20230307:1010;108.27;277.18;7.76;393.21
20230307:1110;293.53;307.38;10.2;611.11
20230307:1210;705.45;183.12;12.57;901.14
20230307:1310;490.4;204.25;10.2;704.85
20230307:1410;331.51;168.85;7.47;507.83
20230307:1510;121.56;114.38;3.87;239.81
20230307:1610;0;13.24;0.35;13.59
20230307:1710;0;0;0;0
20230307:1810;0;0;0;0
20230307:1910;0;0;0;0
20230307:2010;0;0;0;0
20230307:2110;0;0;0;0
20230307:2210;0;0;0;0
20230307:2310;0;0;0;0
20230308:0010;0;0;0;0
20230308:0110;0;0;0;0
20230308:0210;0;0;0;0
20230308:0310;0;0;0;0
20230308:0410;0;0;0;0
20230308:0510;0;0;0;0
20230308:0610;102.52;50;1.78;154.3
20230308:0710;230.3;123.64;4.9;358.84
20230308:0810;487.14;147.19;8.6;642.93
20230308:0910;154.43;256.91;7.63;418.97
20230308:1010;11.4;208.19;5.25;224.84
20230308:1110;214.1;307.39;9.47;530.96
20230308:1210;4.81;190.16;4.75;199.72
20230308:1310;36.9;209.44;5.52;251.86
20230308:1410;116.86;189.44;5.72;312.02
20230308:1510;62.28;111.8;3.3;177.38
20230308:1610;0;4.14;0.11;4.25
20230308:1710;0;0;0;0
20230308:1810;0;0;0;0
20230308:1910;0;0;0;0
20230308:2010;0;0;0;0
20230308:2110;0;0;0;0
20230308:2210;0;0;0;0
20230308:2310;0;0;0;0
20230309:0010;0;0;0;0
20230309:0110;0;0;0;0
20230309:0210;0;0;0;0
20230309:0310;0;0;0;0
20230309:0410;0;0;0;0
20230309:0510;0;0;0;0
20230309:0610;114.59;50.74;1.93;167.26
20230309:0710;151.65;133.41;4.44;289.5
20230309:0810;153.25;204.07;6.29;363.61
20230309:0910;1.65;152.31;3.78;157.74
20230309:1010;319.88;295.28;10.22;625.38
20230309:1110;744.69;190.17;13.34;948.2
20230309:1210;181.24;289.7;8.79;479.73
20230309:1310;550.37;180.23;10.66;741.26
20230309:1410;40.14;168.21;4.53;212.88
20230309:1510;211.87;101.82;4.66;318.35
20230309:1610;64.94;35.31;1.41;101.66
20230309:1710;0;0;0;0
20230309:1810;0;0;0;0
20230309:1910;0;0;0;0
20230309:2010;0;0;0;0
20230309:2110;0;0;0;0
20230309:2210;0;0;0;0
20230309:2310;0;0;0;0
20230310:0010;0;0;0;0
20230310:0110;0;0;0;0
20230310:0210;0;0;0;0
20230310:0310;0;0;0;0
20230310:0410;0;0;0;0
20230310:0510;0;0;0;0
20230310:0610;108.16;53.97;2;164.13
20230310:0710;311.08;108.51;5.58;425.17
20230310:0810;505.42;142.61;8.9;656.93
20230310:0910;682.36;155.86;11.67;849.89
20230310:1010;711.91;193.21;12.93;918.05
20230310:1110;609.21;245.93;12.71;867.85
20230310:1210;736.85;169.04;13.01;918.9
20230310:1310;533.07;189.2;10.68;732.95
20230310:1410;147.7;194.13;6.18;348.01
20230310:1510;4.88;84.3;2.13;91.31
20230310:1610;58.59;37.35;1.43;97.37
20230310:1710;0;0;0;0
20230310:1810;0;0;0;0
20230310:1910;0;0;0;0
20230310:2010;0;0;0;0
20230310:2110;0;0;0;0
20230310:2210;0;0;0;0
20230310:2310;0;0;0;0
20230311:0010;0;0;0;0
20230311:0110;0;0;0;0
20230311:0210;0;0;0;0
20230311:0310;0;0;0;0
20230311:0410;0;0;0;0
20230311:0510;0;0;0;0
20230311:0610;70.29;57.76;1.85;129.9
20230311:0710;304.48;115.93;5.72;426.13
20230311:0810;578.49;125.17;9.58;713.24
20230311:0910;668.55;170.28;11.83;850.66
20230311:1010;0;107.62;2.66;110.28
20230311:1110;53.55;271.56;7.21;332.32
20230311:1210;0;103.17;2.55;105.72
20230311:1310;0;106.73;2.64;109.37
20230311:1410;0;50.7;1.25;51.95
20230311:1510;22.43;105.16;2.81;130.4
20230311:1610;75.6;37.76;1.65;115.01
20230311:1710;0;0;0;0
20230311:1810;0;0;0;0
20230311:1910;0;0;0;0
20230311:2010;0;0;0;0
20230311:2110;0;0;0;0
20230311:2210;0;0;0;0
20230311:2310;0;0;0;0
20230312:0010;0;0;0;0
20230312:0110;0;0;0;0
20230312:0210;0;0;0;0
20230312:0310;0;0;0;0
20230312:0410;0;0;0;0
20230312:0510;0;0;0;0
20230312:0610;94.69;59.86;2.11;156.66
20230312:0710;339.94;106.61;6.02;452.57
20230312:0810;562.62;131.41;9.58;703.61
20230312:0910;696.73;159.03;12.09;867.85
20230312:1010;818.31;159.08;13.92;991.31
20230312:1110;810.1;174.25;14.2;998.55
20230312:1210;231.61;303.7;9.69;545
20230312:1310;58.93;234.21;6.35;299.49
20230312:1410;13.99;151.63;3.89;169.51
20230312:1510;14.19;100.07;2.62;116.88
20230312:1610;8.45;35.89;0.97;45.31
20230312:1710;0;0;0;0
20230312:1810;0;0;0;0
20230312:1910;0;0;0;0
20230312:2010;0;0;0;0
20230312:2110;0;0;0;0
20230312:2210;0;0;0;0
20230312:2310;0;0;0;0
20230313:0010;0;0;0;0
20230313:0110;0;0;0;0
20230313:0210;0;0;0;0
20230313:0310;0;0;0;0
20230313:0410;0;0;0;0
20230313:0510;0;0;0;0
20230313:0610;77.71;62.06;2.07;141.84
20230313:0710;228.41;133.94;5.39;367.74
20230313:0810;300.5;205.23;7.94;513.67
20230313:0910;36.62;225.37;5.91;267.9
20230313:1010;268.16;306.64;10.11;584.91
20230313:1110;57.46;273.84;7.32;338.62
20230313:1210;13.89;220.11;5.58;239.58
20230313:1310;0;123.63;3.06;126.69
20230313:1410;110.77;196.19;5.94;312.9
20230313:1510;17.07;102.27;2.7;122.04
20230313:1610;17.91;40.88;1.19;59.98
20230313:1710;0;0;0;0
20230313:1810;0;0;0;0
20230313:1910;0;0;0;0
20230313:2010;0;0;0;0
20230313:2110;0;0;0;0
20230313:2210;0;0;0;0
20230313:2310;0;0;0;0
20230314:0010;0;0;0;0
20230314:0110;0;0;0;0
20230314:0210;0;0;0;0
20230314:0310;0;0;0;0
20230314:0410;0;0;0;0
20230314:0510;0;0;0;0
20230314:0610;21.25;57.09;1.56;79.9
20230314:0710;1.69;82.93;2.07;86.69
20230314:0810;0;70.27;1.74;72.01
20230314:0910;0;81.83;2.02;83.85
20230314:1010;0;67.6;1.67;69.27
20230314:1110;0;50.7;1.25;51.95
20230314:1210;0;96.06;2.37;98.43
20230314:1310;0;48.03;1.19;49.22
20230314:1410;0;52.48;1.3;53.78
20230314:1510;0;18.68;0.46;19.14
20230314:1610;70.68;42.27;1.82;114.77
20230314:1710;0;0;0;0
20230314:1810;0;0;0;0
20230314:1910;0;0;0;0
20230314:2010;0;0;0;0
20230314:2110;0;0;0;0
20230314:2210;0;0;0;0
20230314:2310;0;0;0;0
20230315:0010;0;0;0;0
20230315:0110;0;0;0;0
20230315:0210;0;0;0;0
20230315:0310;0;0;0;0
20230315:0410;0;0;0;0
20230315:0510;0;0;0;0
20230315:0610;0;29.35;0.73;30.08
20230315:0710;15.01;116.33;3.01;134.35
20230315:0810;200.1;225.52;7.41;433.03
20230315:0910;596.9;206.19;11.89;814.98
20230315:1010;469.89;290.47;12.11;772.47
20230315:1110;384.35;317.38;11.76;713.49
20230315:1210;631.1;227.56;13.08;871.74
20230315:1310;558.2;193.12;11.48;762.8
20230315:1410;405.41;157.56;8.73;571.7
20230315:1510;155.01;126.38;4.81;286.2
20230315:1610;56.12;46.47;1.78;104.37
20230315:1710;0;0;0;0
20230315:1810;0;0;0;0
20230315:1910;0;0;0;0
20230315:2010;0;0;0;0
20230315:2110;0;0;0;0
20230315:2210;0;0;0;0
20230315:2310;0;0;0;0
20230316:0010;0;0;0;0
20230316:0110;0;0;0;0
20230316:0210;0;0;0;0
20230316:0310;0;0;0;0
20230316:0410;0;0;0;0
20230316:0510;0;0;0;0
20230316:0610;149.44;63.65;2.9;215.99
20230316:0710;371.76;107.95;6.75;486.46
20230316:0810;594.45;129.68;10.33;734.46
20230316:0910;682.33;177;12.57;871.9
20230316:1010;814.94;171.7;14.47;1001.11
20230316:1110;862.27;162.9;15.1;1040.27
20230316:1210;869.65;131.78;14.77;1016.2
20230316:1310;732.25;125.6;12.77;870.62
20230316:1410;528.13;115.34;9.72;653.19
20230316:1510;302.44;88.89;6.05;397.38
20230316:1610;80.65;43.35;2.07;126.07
20230316:1710;0;0;0;0
20230316:1810;0;0;0;0
20230316:1910;0;0;0;0
20230316:2010;0;0;0;0
20230316:2110;0;0;0;0
20230316:2210;0;0;0;0
20230316:2310;0;0;0;0
20230317:0010;0;0;0;0
20230317:0110;0;0;0;0
20230317:0210;0;0;0;0
20230317:0310;0;0;0;0
20230317:0410;0;0;0;0
20230317:0510;0;0;0;0
20230317:0610;63.84;72.28;2.31;138.43
20230317:0710;309.9;125.4;6.4;441.7
20230317:0810;356.39;208.09;8.86;573.34
20230317:0910;413.28;264.3;10.88;688.46
20230317:1010;547.1;271.08;12.82;831
20230317:1110;811.08;176.64;14.73;1002.45
20230317:1210;843.99;136.78;14.6;995.37
20230317:1310;663.87;147.8;12.29;823.96
20230317:1410;462.3;135.84;9.26;607.4
20230317:1510;281.93;93.95;5.94;381.82
20230317:1610;83.73;44.2;2.18;130.11
20230317:1710;0;0;0;0
20230317:1810;0;0;0;0
20230317:1910;0;0;0;0
20230317:2010;0;0;0;0
20230317:2110;0;0;0;0
20230317:2210;0;0;0;0
20230317:2310;0;0;0;0
20230318:0010;0;0;0;0
20230318:0110;0;0;0;0
20230318:0210;0;0;0;0
20230318:0310;0;0;0;0
20230318:0410;0;0;0;0
20230318:0510;0;0;0;0
20230318:0610;127.83;70;2.92;200.75
20230318:0710;352.18;113.34;6.77;472.29
20230318:0810;242.6;228.41;8.05;479.06
20230318:0910;752.85;143.39;13.15;909.39
20230318:1010;811.15;167.04;14.53;992.72
20230318:1110;868.61;153.5;15.23;1037.34
20230318:1210;851.44;133.69;14.75;999.88
20230318:1310;673.37;144.95;12.46;830.78
20230318:1410;495.75;124.71;9.61;630.07
20230318:1510;293.68;90.43;6.11;390.22
20230318:1610;24.75;51.33;1.58;77.66
20230318:1710;0;0;0;0
20230318:1810;0;0;0;0
20230318:1910;0;0;0;0
20230318:2010;0;0;0;0
20230318:2110;0;0;0;0
20230318:2210;0;0;0;0
20230318:2310;0;0;0;0
20230319:0010;0;0;0;0
20230319:0110;0;0;0;0
20230319:0210;0;0;0;0
20230319:0310;0;0;0;0
20230319:0410;0;0;0;0
20230319:0510;0;0;0;0
20230319:0610;99.39;75.51;2.79;177.69
20230319:0710;315.98;126.5;6.64;449.12
20230319:0810;402.11;197.54;9.34;608.99
20230319:0910;627.13;194.48;12.42;834.03
20230319:1010;613.19;248.24;13.39;874.82
20230319:1110;214.58;331.78;10.38;556.74
20230319:1210;212.85;314.63;9.98;537.46
20230319:1310;164.09;272.41;8.46;444.96
20230319:1410;13.03;162.92;4.18;180.13
20230319:1510;96.5;136.21;4.48;237.19
20230319:1610;6.67;44.34;1.19;52.2
20230319:1710;0;0;0;0
20230319:1810;0;0;0;0
20230319:1910;0;0;0;0
20230319:2010;0;0;0;0
20230319:2110;0;0;0;0
20230319:2210;0;0;0;0
20230319:2310;0;0;0;0
20230320:0010;0;0;0;0
20230320:0110;0;0;0;0
20230320:0210;0;0;0;0
20230320:0310;0;0;0;0
20230320:0410;0;0;0;0
20230320:0510;0;0;0;0
20230320:0610;88.8;78.67;2.79;170.26
20230320:0710;279.18;137.24;6.46;422.88
20230320:0810;238.13;229.31;8.11;475.55
20230320:0910;690.2;164.57;12.84;867.61
20230320:1010;643.33;234.05;13.61;890.99
20230320:1110;433.71;309.18;12.46;755.35
20230320:1210;73.4;285.31;7.83;366.54
20230320:1310;527.68;200.67;11.61;739.96
20230320:1410;8.6;153.27;3.89;165.76
20230320:1510;25.18;120.27;3.28;148.73
20230320:1610;12.94;51.39;1.45;65.78
20230320:1710;0;0;0;0
20230320:1810;0;0;0;0
20230320:1910;0;0;0;0
20230320:2010;0;0;0;0
20230320:2110;0;0;0;0
20230320:2210;0;0;0;0
20230320:2310;0;0;0;0
20230321:0010;0;0;0;0
20230321:0110;0;0;0;0
20230321:0210;0;0;0;0
20230321:0310;0;0;0;0
20230321:0410;0;0;0;0
20230321:0510;0;0;0;0
20230321:0610;59.44;81.81;2.59;143.84
20230321:0710;0;0;0;0
20230321:0810;0;0;0;0
20230321:0910;158.55;288.26;8.73;455.54
20230321:1010;398.81;310.87;12.05;721.73
20230321:1110;336.75;329.81;11.78;678.34
20230321:1210;500.04;274.38;12.71;787.13
20230321:1310;11.54;203.59;5.17;220.3
20230321:1410;2.84;139.99;3.5;146.33
20230321:1510;13.8;113.99;2.99;130.78
20230321:1610;20.11;54.9;1.65;76.66
20230321:1710;0;0;0;0
20230321:1810;0;0;0;0
20230321:1910;0;0;0;0
20230321:2010;0;0;0;0
20230321:2110;0;0;0;0
20230321:2210;0;0;0;0
20230321:2310;0;0;0;0
20230322:0010;0;0;0;0
20230322:0110;0;0;0;0
20230322:0210;0;0;0;0
20230322:0310;0;0;0;0
20230322:0410;0;0;0;0
20230322:0510;0;0.89;0.02;0.91
20230322:0610;12.57;70.37;1.87;84.81
20230322:0710;0;0;0;0
20230322:0810;526.23;153.45;10.38;690.06
20230322:0910;706.71;159.98;13.17;879.86
20230322:1010;622.93;245.01;13.7;881.64
20230322:1110;742.16;205.48;14.73;962.37
20230322:1210;819.52;142.84;14.84;977.2
20230322:1310;433.71;235.48;11.15;680.34
20230322:1410;308.1;190.42;8.55;507.07
20230322:1510;178.27;127.01;5.47;310.75
20230322:1610;75.75;50.47;2.44;128.66
20230322:1710;0;0;0;0
20230322:1810;0;0;0;0
20230322:1910;0;0;0;0
20230322:2010;0;0;0;0
20230322:2110;0;0;0;0
20230322:2210;0;0;0;0
20230322:2310;0;0;0;0
20230323:0010;0;0;0;0
20230323:0110;0;0;0;0
20230323:0210;0;0;0;0
20230323:0310;0;0;0;0
20230323:0410;0;0;0;0
20230323:0510;0;0.89;0.02;0.91
20230323:0610;18.45;75.74;2.07;96.26
20230323:0710;10.52;126.95;3.25;140.72
20230323:0810;34.18;204.07;5.41;243.66
20230323:0910;751.67;144.64;13.63;909.94
20230323:1010;795.82;171.3;14.86;981.98
20230323:1110;805.59;176.67;15.21;997.47
20230323:1210;207.1;320.61;10.18;537.89
20230323:1310;455.99;230.17;11.41;697.57
20230323:1410;303.81;193.61;8.62;506.04
20230323:1510;179.89;128.72;5.58;314.19
20230323:1610;47.54;58.41;2.2;108.15
20230323:1710;0;0;0;0
20230323:1810;0;0;0;0
20230323:1910;0;0;0;0
20230323:2010;0;0;0;0
20230323:2110;0;0;0;0
20230323:2210;0;0;0;0
20230323:2310;0;0;0;0
20230324:0010;0;0;0;0
20230324:0110;0;0;0;0
20230324:0210;0;0;0;0
20230324:0310;0;0;0;0
20230324:0410;0;0;0;0
20230324:0510;0;3.56;0.09;3.65
20230324:0610;0;32.02;0.79;32.81
20230324:0710;0;41.8;1.03;42.83
20230324:0810;30.94;202.52;5.34;238.8
20230324:0910;109.74;283.1;8.16;401
20230324:1010;225.27;328.23;10.53;564.03
20230324:1110;152.88;329.2;9.78;491.86
20230324:1210;191.43;317.4;9.96;518.79
20230324:1310;107.15;269.38;7.87;384.4
20230324:1410;86.98;210.84;6.24;304.06
20230324:1510;0;80.05;1.98;82.03
20230324:1610;2.31;45.56;1.17;49.04
20230324:1710;0;0;0;0
20230324:1810;0;0;0;0
20230324:1910;0;0;0;0
20230324:2010;0;0;0;0
20230324:2110;0;0;0;0
20230324:2210;0;0;0;0
20230324:2310;0;0;0;0
20230325:0010;0;0;0;0
20230325:0110;0;0;0;0
20230325:0210;0;0;0;0
20230325:0310;0;0;0;0
20230325:0410;0;0;0;0
20230325:0510;1.5;9.73;0.26;11.49
20230325:0610;0;24.9;0.62;25.52
20230325:0710;0;50.7;1.25;51.95
20230325:0810;0;84.5;2.09;86.59
20230325:0910;39.23;257.49;6.79;303.51
20230325:1010;33.21;275.9;7.19;316.3
20230325:1110;38.69;287.53;7.54;333.76
20230325:1210;280.98;324.88;11.21;617.07
20230325:1310;436.61;242.48;11.52;690.61
20230325:1410;285.91;203.18;8.68;497.77
20230325:1510;6.54;109.3;2.79;118.63
20230325:1610;32.69;63;2.11;97.8
20230325:1710;0;0;0;0
20230325:1810;0;0;0;0
20230325:1910;0;0;0;0
20230325:2010;0;0;0;0
20230325:2110;0;0;0;0
20230325:2210;0;0;0;0
20230325:2310;0;0;0;0
20230326:0010;0;0;0;0
20230326:0110;0;0;0;0
20230326:0210;0;0;0;0
20230326:0310;0;0;0;0
20230326:0410;0;0;0;0
20230326:0510;1.38;12.38;0.33;14.09
20230326:0610;167.96;77.19;4.02;249.17
20230326:0710;380.29;118.3;7.87;506.46
20230326:0810;328.79;232.37;9.56;570.72
20230326:0910;418.36;279.22;11.81;709.39
20230326:1010;86.08;314.4;8.71;409.19
20230326:1110;310.46;344.19;12;666.65
20230326:1210;50.75;287.89;7.69;346.33
20230326:1310;329.21;272.57;10.75;612.53
20230326:1410;18.98;184.22;4.79;207.99
20230326:1510;6.45;111.06;2.84;120.35
20230326:1610;19.78;63.36;1.91;85.05
20230326:1710;0;0;0;0
20230326:1810;0;0;0;0
20230326:1910;0;0;0;0
20230326:2010;0;0;0;0
20230326:2110;0;0;0;0
20230326:2210;0;0;0;0
20230326:2310;0;0;0;0
20230327:0010;0;0;0;0
20230327:0110;0;0;0;0
20230327:0210;0;0;0;0
20230327:0310;0;0;0;0
20230327:0410;0;0;0;0
20230327:0510;0;3.56;0.09;3.65
20230327:0610;0;56.03;1.38;57.41
20230327:0710;47.37;168.06;4.68;220.11
20230327:0810;67.51;235.06;6.55;309.12
20230327:0910;77.36;286;7.91;371.27
20230327:1010;116.89;328.23;9.39;454.51
20230327:1110;15.57;261.16;6.64;283.37
20230327:1210;1.4;207.41;5.14;213.95
20230327:1310;45.5;255.63;6.86;307.99
20230327:1410;165.24;227.04;7.67;399.95
20230327:1510;0;53.37;1.32;54.69
20230327:1610;54.66;64.46;2.59;121.71
20230327:1710;0;0;0;0
20230327:1810;0;0;0;0
20230327:1910;0;0;0;0
20230327:2010;0;0;0;0
20230327:2110;0;0;0;0
20230327:2210;0;0;0;0
20230327:2310;0;0;0;0
20230328:0010;0;0;0;0
20230328:0110;0;0;0;0
20230328:0210;0;0;0;0
20230328:0310;0;0;0;0
20230328:0410;0;0;0;0
20230328:0510;0;6.23;0.15;6.38
20230328:0610;62.81;102.15;3.28;168.24
20230328:0710;251.32;171.3;7.28;429.9
20230328:0810;14.25;196.93;5.03;216.21
20230328:0910;149.39;312.05;9.34;470.78
20230328:1010;0;144.98;3.58;148.56
20230328:1110;323.51;354.41;12.46;690.38
20230328:1210;52.88;298.11;7.98;358.97
20230328:1310;12.32;221.46;5.63;239.41
20230328:1410;0;62.26;1.54;63.8
20230328:1510;5.03;115.33;2.92;123.28
20230328:1610;2.09;51.74;1.32;55.15
20230328:1710;0;0;0;0
20230328:1810;0;0;0;0
20230328:1910;0;0;0;0
20230328:2010;0;0;0;0
20230328:2110;0;0;0;0
20230328:2210;0;0;0;0
20230328:2310;0;0;0;0
20230329:0010;0;0;0;0
20230329:0110;0;0;0;0
20230329:0210;0;0;0;0
20230329:0310;0;0;0;0
20230329:0410;0;0;0;0
20230329:0510;0;4.45;0.11;4.56
20230329:0610;2.74;73.25;1.85;77.84
20230329:0710;199.48;179.78;6.84;386.1
20230329:0810;76.32;243.65;6.88;326.85
20230329:0910;12.72;233.13;5.91;251.76
20230329:1010;0;164.55;4.07;168.62
20230329:1110;18.17;270.47;6.9;295.54
20230329:1210;27.66;273.85;7.1;308.61
20230329:1310;0;106.73;2.64;109.37
20230329:1410;31.67;202.23;5.41;239.31
20230329:1510;1.24;97.07;2.42;100.73
20230329:1610;0;43.58;1.08;44.66
20230329:1710;0;0;0;0
20230329:1810;0;0;0;0
20230329:1910;0;0;0;0
20230329:2010;0;0;0;0
20230329:2110;0;0;0;0
20230329:2210;0;0;0;0
20230329:2310;0;0;0;0
20230330:0010;0;0;0;0
20230330:0110;0;0;0;0
20230330:0210;0;0;0;0
20230330:0310;0;0;0;0
20230330:0410;0;0;0;0
20230330:0510;1.09;15.93;0.42;17.44
20230330:0610;0;16.01;0.4;16.41
20230330:0710;41.71;168.46;4.66;214.83
20230330:0810;96.75;246.9;7.21;350.86
20230330:0910;4.21;202.44;5.06;211.71
20230330:1010;15.39;257.52;6.55;279.46
20230330:1110;0;155.65;3.85;159.5
20230330:1210;219.85;331.41;10.79;562.05
20230330:1310;0;158.32;3.91;162.23
20230330:1410;3.92;153.43;3.85;161.2
20230330:1510;0;78.27;1.93;80.2
20230330:1610;2;50.82;1.3;54.12
20230330:1710;0;0;0;0
20230330:1810;0;0;0;0
20230330:1910;0;0;0;0
20230330:2010;0;0;0;0
20230330:2110;0;0;0;0
20230330:2210;0;0;0;0
20230330:2310;0;0;0;0
20230331:0010;0;0;0;0
20230331:0110;0;0;0;0
20230331:0210;0;0;0;0
20230331:0310;0;0;0;0
20230331:0410;0;0;0;0
20230331:0510;2.09;22.03;0.59;24.71
20230331:0610;76.97;105.88;3.63;186.48
20230331:0710;331.62;144.58;8.05;484.25
20230331:0810;8.35;187.92;4.75;201.02
20230331:0910;0;152.09;3.76;155.85
20230331:1010;0;118.29;2.92;121.21
20230331:1110;0;144.98;3.58;148.56
20230331:1210;40.96;287.62;7.61;336.19
20230331:1310;679.41;143.66;13.72;836.79
20230331:1410;0;72.93;1.8;74.73
20230331:1510;0;42.69;1.06;43.75
20230331:1610;0;25.79;0.64;26.43
20230331:1710;0;0;0;0
20230331:1810;0;0;0;0
20230331:1910;0;0;0;0
20230331:2010;0;0;0;0
20230331:2110;0;0;0;0
20230331:2210;0;0;0;0
20230331:2310;0;0;0;0
20230401:0010;0;0;0;0
20230401:0110;0;0;0;0
20230401:0210;0;0;0;0
20230401:0310;0;0;0;0
20230401:0410;0;0;0;0
20230401:0510;0;16.01;0.4;16.41
20230401:0610;0;59.59;1.47;61.06
20230401:0710;295.62;161.9;7.94;465.46
20230401:0810;538.45;172.84;11.72;723.01
20230401:0910;353.25;304.84;11.83;669.92
20230401:1010;196.29;350.23;10.93;557.45
20230401:1110;205.97;358.86;11.28;576.11
20230401:1210;325.69;332.61;12.24;670.54
20230401:1310;393.91;265.57;11.83;671.31
20230401:1410;304.77;206.96;9.43;521.16
20230401:1510;146.13;150.83;5.98;302.94
20230401:1610;20.04;73.54;2.24;95.82
20230401:1710;0;0;0;0
20230401:1810;0;0;0;0
20230401:1910;0;0;0;0
20230401:2010;0;0;0;0
20230401:2110;0;0;0;0
20230401:2210;0;0;0;0
20230401:2310;0;0;0;0
20230402:0010;0;0;0;0
20230402:0110;0;0;0;0
20230402:0210;0;0;0;0
20230402:0310;0;0;0;0
20230402:0410;0;0;0;0
20230402:0510;0;4.45;0.11;4.56
20230402:0610;0;39.14;0.97;40.11
20230402:0710;1.35;122;3.03;126.38
20230402:0810;142.5;265.15;8.24;415.89
20230402:0910;61.94;289.7;7.89;359.53
20230402:1010;43.97;301.56;7.98;353.51
20230402:1110;0;199.23;4.92;204.15
20230402:1210;0;95.17;2.35;97.52
20230402:1310;0;94.28;2.33;96.61
20230402:1410;109.66;233.82;7.25;350.73
20230402:1510;2.37;105.17;2.64;110.18
20230402:1610;3.73;61.59;1.6;66.92
20230402:1710;0;0.83;0.02;0.85
20230402:1810;0;0;0;0
20230402:1910;0;0;0;0
20230402:2010;0;0;0;0
20230402:2110;0;0;0;0
20230402:2210;0;0;0;0
20230402:2310;0;0;0;0
20230403:0010;0;0;0;0
20230403:0110;0;0;0;0
20230403:0210;0;0;0;0
20230403:0310;0;0;0;0
20230403:0410;0;0;0;0
20230403:0510;0;8;0.2;8.2
20230403:0610;0;64.04;1.58;65.62
20230403:0710;1.34;117.54;2.92;121.8
20230403:0810;92.48;264.04;7.63;364.15
20230403:0910;75.22;303.84;8.4;387.46
20230403:1010;1.37;221.63;5.5;228.5
20230403:1110;264.66;370.85;12.33;647.84
20230403:1210;53.62;309.46;8.31;371.39
20230403:1310;111.57;299.78;8.82;420.17
20230403:1410;20.23;202.04;5.28;227.55
20230403:1510;9.36;131.81;3.41;144.58
20230403:1610;16.45;77.58;2.29;96.32
20230403:1710;0;1.66;0.04;1.7
20230403:1810;0;0;0;0
20230403:1910;0;0;0;0
20230403:2010;0;0;0;0
20230403:2110;0;0;0;0
20230403:2210;0;0;0;0
20230403:2310;0;0;0;0
20230404:0010;0;0;0;0
20230404:0110;0;0;0;0
20230404:0210;0;0;0;0
20230404:0310;0;0;0;0
20230404:0410;0;0;0;0
20230404:0510;34.5;31.81;1.58;67.89
20230404:0610;177.42;101.4;5.19;284.01
20230404:0710;436.73;125.61;9.56;571.9
20230404:0810;268.67;274.93;10.13;553.73
20230404:0910;425.37;310.16;13.06;748.59
20230404:1010;790.4;218.07;16.69;1025.16
20230404:1110;947.31;152.66;18.07;1118.04
20230404:1210;888.78;144.74;17.19;1050.71
20230404:1310;691.01;163.45;14.62;869.08
20230404:1410;519.2;136.85;11.67;667.72
20230404:1510;261.39;124.03;7.52;392.94
20230404:1610;85.94;66.01;3.65;155.6
20230404:1710;0;1.66;0.04;1.7
20230404:1810;0;0;0;0
20230404:1910;0;0;0;0
20230404:2010;0;0;0;0
20230404:2110;0;0;0;0
20230404:2210;0;0;0;0
20230404:2310;0;0;0;0
20230405:0010;0;0;0;0
20230405:0110;0;0;0;0
20230405:0210;0;0;0;0
20230405:0310;0;0;0;0
20230405:0410;0;0;0;0
20230405:0510;34.43;34.35;1.67;70.45
20230405:0610;179.9;100.93;5.28;286.11
20230405:0710;34.09;183.95;4.99;223.03
20230405:0810;580.38;172.39;12.66;765.43
20230405:0910;748.23;182.75;15.43;946.41
20230405:1010;263.31;369.65;12.31;645.27
20230405:1110;253.6;376.01;12.38;641.99
20230405:1210;415.92;332.96;13.67;762.55
20230405:1310;483.07;252.02;13.12;748.21
20230405:1410;345.81;207.31;10.31;563.43
20230405:1510;107.5;167.18;5.87;280.55
20230405:1610;14.91;80;2.33;97.24
20230405:1710;0;2.48;0.07;2.55
20230405:1810;0;0;0;0
20230405:1910;0;0;0;0
20230405:2010;0;0;0;0
20230405:2110;0;0;0;0
20230405:2210;0;0;0;0
20230405:2310;0;0;0;0
20230406:0010;0;0;0;0
20230406:0110;0;0;0;0
20230406:0210;0;0;0;0
20230406:0310;0;0;0;0
20230406:0410;0;0;0;0
20230406:0510;36.98;36.04;1.8;74.82
20230406:0610;193.29;97.05;5.47;295.81
20230406:0710;444.38;120.96;9.76;575.1
20230406:0810;616.19;156.75;13.01;785.95
20230406:0910;692.64;205.62;15.08;913.34
20230406:1010;456.49;338.62;14.27;809.38
20230406:1110;677.82;269.43;16.2;963.45
20230406:1210;804.57;176.19;16.6;997.36
20230406:1310;412.99;272.8;12.55;698.34
20230406:1410;492.33;143.47;11.52;647.32
20230406:1510;222.78;136.87;7.23;366.88
20230406:1610;19.78;82.85;2.53;105.16
20230406:1710;0;1.66;0.04;1.7
20230406:1810;0;0;0;0
20230406:1910;0;0;0;0
20230406:2010;0;0;0;0
20230406:2110;0;0;0;0
20230406:2210;0;0;0;0
20230406:2310;0;0;0;0
20230407:0010;0;0;0;0
20230407:0110;0;0;0;0
20230407:0210;0;0;0;0
20230407:0310;0;0;0;0
20230407:0410;0;0;0;0
20230407:0510;0;6.23;0.15;6.38
20230407:0610;6;97.6;2.51;106.11
20230407:0710;29.62;182.16;4.9;216.68
20230407:0810;75.33;264;7.47;346.8
20230407:0910;110.74;321.21;9.3;441.25
20230407:1010;58.74;324.47;8.75;391.96
20230407:1110;2.65;236.02;5.87;244.54
20230407:1210;253.98;352.06;11.96;618
20230407:1310;14.06;238.47;6.09;258.62
20230407:1410;77.12;238.12;6.99;322.23
20230407:1510;0;94.28;2.33;96.61
20230407:1610;3.37;68.62;1.78;73.77
20230407:1710;0;2.48;0.07;2.55
20230407:1810;0;0;0;0
20230407:1910;0;0;0;0
20230407:2010;0;0;0;0
20230407:2110;0;0;0;0
20230407:2210;0;0;0;0
20230407:2310;0;0;0;0
20230408:0010;0;0;0;0
20230408:0110;0;0;0;0
20230408:0210;0;0;0;0
20230408:0310;0;0;0;0
20230408:0410;0;0;0;0
20230408:0510;0;7.12;0.18;7.3
20230408:0610;0;44.47;1.1;45.57
20230408:0710;0;88.94;2.2;91.14
20230408:0810;2.62;183.53;4.57;190.72
20230408:0910;1.33;198.49;4.92;204.74
20230408:1010;0;133.41;3.3;136.71
20230408:1110;0;127.19;3.14;130.33
20230408:1210;0;122.74;3.03;125.77
20230408:1310;0;138.75;3.43;142.18
20230408:1410;0;99.62;2.46;102.08
20230408:1510;0;51.59;1.28;52.87
20230408:1610;0.83;56.95;1.43;59.21
20230408:1710;0;3.31;0.09;3.4
20230408:1810;0;0;0;0
20230408:1910;0;0;0;0
20230408:2010;0;0;0;0
20230408:2110;0;0;0;0
20230408:2210;0;0;0;0
20230408:2310;0;0;0;0
20230409:0010;0;0;0;0
20230409:0110;0;0;0;0
20230409:0210;0;0;0;0
20230409:0310;0;0;0;0
20230409:0410;0;0;0;0
20230409:0510;0;24.9;0.62;25.52
20230409:0610;1.17;82.82;2.07;86.06
20230409:0710;0;123.63;3.06;126.69
20230409:0810;9.13;205.74;5.21;220.08
20230409:0910;58.01;303.76;8.24;370.01
20230409:1010;42.25;315.25;8.33;365.83
20230409:1110;13.12;279.31;7.08;299.51
20230409:1210;2.59;226.21;5.63;234.43
20230409:1310;1.26;186.02;4.62;191.9
20230409:1410;0;130.75;3.23;133.98
20230409:1510;4.38;127.59;3.23;135.2
20230409:1610;6.5;77.6;2.09;86.19
20230409:1710;0;7.45;0.2;7.65
20230409:1810;0;0;0;0
20230409:1910;0;0;0;0
20230409:2010;0;0;0;0
20230409:2110;0;0;0;0
20230409:2210;0;0;0;0
20230409:2310;0;0;0;0
20230410:0010;0;0;0;0
20230410:0110;0;0;0;0
20230410:0210;0;0;0;0
20230410:0310;0;0;0;0
20230410:0410;0;0;0;0
20230410:0510;24.41;48.62;1.87;74.9
20230410:0610;159.52;114.93;5.5;279.95
20230410:0710;341.4;164.82;9.26;515.48
20230410:0810;620.25;154.1;13.37;787.72
20230410:0910;685.55;205.71;15.3;906.56
20230410:1010;906.16;151.18;17.85;1075.19
20230410:1110;920.35;150.7;18.18;1089.23
20230410:1210;453.01;318.76;14.2;785.97
20230410:1310;347.33;290.29;12.16;649.78
20230410:1410;489.12;141.92;11.76;642.8
20230410:1510;275.15;113.79;7.98;396.92
20230410:1610;98.12;63.79;4.24;166.15
20230410:1710;0;12.42;0.33;12.75
20230410:1810;0;0;0;0
20230410:1910;0;0;0;0
20230410:2010;0;0;0;0
20230410:2110;0;0;0;0
20230410:2210;0;0;0;0
20230410:2310;0;0;0;0
20230411:0010;0;0;0;0
20230411:0110;0;0;0;0
20230411:0210;0;0;0;0
20230411:0310;0;0;0;0
20230411:0410;0;0;0;0
20230411:0510;0.77;38.26;0.97;40
20230411:0610;87.97;133.1;4.73;225.8
20230411:0710;16.18;177.33;4.62;198.13
20230411:0810;10.29;213.91;5.43;229.63
20230411:0910;0;128.97;3.19;132.16
20230411:1010;0;133.41;3.3;136.71
20230411:1110;0;136.08;3.36;139.44
20230411:1210;24.32;288.97;7.47;320.76
20230411:1310;0;63.15;1.56;64.71
20230411:1410;178.03;248.84;8.86;435.73
20230411:1510;230.5;134.54;7.63;372.67
20230411:1610;61.91;81.33;3.72;146.96
20230411:1710;0;14.9;0.4;15.3
20230411:1810;0;0;0;0
20230411:1910;0;0;0;0
20230411:2010;0;0;0;0
20230411:2110;0;0;0;0
20230411:2210;0;0;0;0
20230411:2310;0;0;0;0
20230412:0010;0;0;0;0
20230412:0110;0;0;0;0
20230412:0210;0;0;0;0
20230412:0310;0;0;0;0
20230412:0410;0;0;0;0
20230412:0510;47.08;44.01;2.44;93.53
20230412:0610;211.22;98.89;6.18;316.29
20230412:0710;430.95;130.08;10.18;571.21
20230412:0810;604.53;160.29;13.39;778.21
20230412:0910;384.89;319.33;13.12;717.34
20230412:1010;35.08;313.94;8.22;357.24
20230412:1110;290.65;376.29;13.12;680.06
20230412:1210;702.57;217.06;16.22;935.85
20230412:1310;17.34;250.43;6.44;274.21
20230412:1410;0;133.41;3.3;136.71
20230412:1510;47.75;171.61;5.1;224.46
20230412:1610;13.09;88.34;2.55;103.98
20230412:1710;0;9.93;0.26;10.19
20230412:1810;0;0;0;0
20230412:1910;0;0;0;0
20230412:2010;0;0;0;0
20230412:2110;0;0;0;0
20230412:2210;0;0;0;0
20230412:2310;0;0;0;0
20230413:0010;0;0;0;0
20230413:0110;0;0;0;0
20230413:0210;0;0;0;0
20230413:0310;0;0;0;0
20230413:0410;0;0;0;0
20230413:0510;0;8.89;0.22;9.11
20230413:0610;0;24.9;0.62;25.52
20230413:0710;2.45;141.67;3.54;147.66
20230413:0810;0;168.1;4.15;172.25
20230413:0910;25.77;278.52;7.23;311.52
20230413:1010;27.14;300.98;7.8;335.92
20230413:1110;59.11;337.4;9.12;405.63
20230413:1210;0;186.78;4.62;191.4
20230413:1310;1.23;197.58;4.9;203.71
20230413:1410;39.76;230.24;6.31;276.31
20230413:1510;0;78.27;1.93;80.2
20230413:1610;0;23.13;0.57;23.7
20230413:1710;0;15.73;0.42;16.15
20230413:1810;0;0;0;0
20230413:1910;0;0;0;0
20230413:2010;0;0;0;0
20230413:2110;0;0;0;0
20230413:2210;0;0;0;0
20230413:2310;0;0;0;0
20230414:0010;0;0;0;0
20230414:0110;0;0;0;0
20230414:0210;0;0;0;0
20230414:0310;0;0;0;0
20230414:0410;0;0;0;0
20230414:0510;0;10.67;0.26;10.93
20230414:0610;0;28.46;0.7;29.16
20230414:0710;0;43.58;1.08;44.66
20230414:0810;0;78.27;1.93;80.2
20230414:0910;0;90.72;2.24;92.96
20230414:1010;0;93.39;2.31;95.7
20230414:1110;0;134.3;3.32;137.62
20230414:1210;0;151.2;3.74;154.94
20230414:1310;0;132.53;3.28;135.81
20230414:1410;0;105.84;2.62;108.46
20230414:1510;0;66.71;1.65;68.36
20230414:1610;0;56.92;1.41;58.33
20230414:1710;0;19.04;0.51;19.55
20230414:1810;0;0;0;0
20230414:1910;0;0;0;0
20230414:2010;0;0;0;0
20230414:2110;0;0;0;0
20230414:2210;0;0;0;0
20230414:2310;0;0;0;0
20230415:0010;0;0;0;0
20230415:0110;0;0;0;0
20230415:0210;0;0;0;0
20230415:0310;0;0;0;0
20230415:0410;0;0;0;0
20230415:0510;0;20.46;0.51;20.97
20230415:0610;0;50.7;1.25;51.95
20230415:0710;0;121.85;3.01;124.86
20230415:0810;2.51;188.83;4.7;196.04
20230415:0910;0;180.55;4.46;185.01
20230415:1010;2.56;237.77;5.91;246.24
20230415:1110;5.09;259.44;6.49;271.02
20230415:1210;23.8;294.14;7.61;325.55
20230415:1310;184.87;318.86;10.55;514.28
20230415:1410;104.88;254.25;7.94;367.07
20230415:1510;49.45;175.91;5.28;230.64
20230415:1610;46.91;91.85;3.67;142.43
20230415:1710;0;21.52;0.57;22.09
20230415:1810;0;0;0;0
20230415:1910;0;0;0;0
20230415:2010;0;0;0;0
20230415:2110;0;0;0;0
20230415:2210;0;0;0;0
20230415:2310;0;0;0;0
20230416:0010;0;0;0;0
20230416:0110;0;0;0;0
20230416:0210;0;0;0;0
20230416:0310;0;0;0;0
20230416:0410;0;0;0;0
20230416:0510;0;40.02;0.99;41.01
20230416:0610;0;83.61;2.07;85.68
20230416:0710;19.16;189.19;4.97;213.32
20230416:0810;59.83;274;7.61;341.44
20230416:0910;149.61;345.07;10.53;505.21
20230416:1010;71.29;347.44;9.54;428.27
20230416:1110;186.06;382.11;11.94;580.11
20230416:1210;39.87;314.42;8.33;362.62
20230416:1310;50.78;290.96;7.94;349.68
20230416:1410;0;131.64;3.25;134.89
20230416:1510;0;38.25;0.95;39.2
20230416:1610;0;44.47;1.1;45.57
20230416:1710;0;4.14;0.11;4.25
20230416:1810;0;0;0;0
20230416:1910;0;0;0;0
20230416:2010;0;0;0;0
20230416:2110;0;0;0;0
20230416:2210;0;0;0;0
20230416:2310;0;0;0;0
20230417:0010;0;0;0;0
20230417:0110;0;0;0;0
20230417:0210;0;0;0;0
20230417:0310;0;0;0;0
20230417:0410;0;0;0;0
20230417:0510;0;9.78;0.24;10.02
20230417:0610;48.22;144.03;4.42;196.67
20230417:0710;350.61;167.42;9.89;527.92
20230417:0810;444.84;232.42;12.55;689.81
20230417:0910;585.18;250.54;15.08;850.8
20230417:1010;725.81;230.91;16.97;973.69
20230417:1110;828.75;185.74;17.92;1032.41
20230417:1210;788.26;171.22;17.19;976.67
20230417:1310;310.16;301.49;12.16;623.81
20230417:1410;356.84;198.4;11.06;566.3
20230417:1510;21.23;163.85;4.46;189.54
20230417:1610;4.26;82.71;2.18;89.15
20230417:1710;0;3.31;0.09;3.4
20230417:1810;0;0;0;0
20230417:1910;0;0;0;0
20230417:2010;0;0;0;0
20230417:2110;0;0;0;0
20230417:2210;0;0;0;0
20230417:2310;0;0;0;0
20230418:0010;0;0;0;0
20230418:0110;0;0;0;0
20230418:0210;0;0;0;0
20230418:0310;0;0;0;0
20230418:0410;0;0;0;0
20230418:0510;0;11.56;0.29;11.85
20230418:0610;0;36.47;0.9;37.37
20230418:0710;0;71.15;1.76;72.91
20230418:0810;1.23;186.02;4.62;191.87
20230418:0910;0;185.89;4.59;190.48
20230418:1010;12.6;283.58;7.19;303.37
20230418:1110;27.57;313.36;8.13;349.06
20230418:1210;1.23;219.81;5.45;226.49
20230418:1310;0;161.88;4;165.88
20230418:1410;0;64.93;1.6;66.53
20230418:1510;0;92.5;2.29;94.79
20230418:1610;0;62.26;1.54;63.8
20230418:1710;0;9.93;0.26;10.19
20230418:1810;0;0;0;0
20230418:1910;0;0;0;0
20230418:2010;0;0;0;0
20230418:2110;0;0;0;0
20230418:2210;0;0;0;0
20230418:2310;0;0;0;0
20230419:0010;0;0;0;0
20230419:0110;0;0;0;0
20230419:0210;0;0;0;0
20230419:0310;0;0;0;0
20230419:0410;0;0;0;0
20230419:0510;0;14.23;0.35;14.58
20230419:0610;0;35.58;0.88;36.46
20230419:0710;0;75.6;1.87;77.47
20230419:0810;0;137.86;3.41;141.27
20230419:0910;0;131.64;3.25;134.89
20230419:1010;0;192.12;4.75;196.87
20230419:1110;0;134.3;3.32;137.62
20230419:1210;39.26;317.76;8.42;365.44
20230419:1310;0;112.07;2.77;114.84
20230419:1410;14.57;211.52;5.47;231.56
20230419:1510;114.14;179.16;6.7;300
20230419:1610;9.66;95.96;2.68;108.3
20230419:1710;0;10.76;0.29;11.05
20230419:1810;0;0;0;0
20230419:1910;0;0;0;0
20230419:2010;0;0;0;0
20230419:2110;0;0;0;0
20230419:2210;0;0;0;0
20230419:2310;0;0;0;0
20230420:0010;0;0;0;0
20230420:0110;0;0;0;0
20230420:0210;0;0;0;0
20230420:0310;0;0;0;0
20230420:0410;0;0;0;0
20230420:0510;2.03;56.01;1.45;59.49
20230420:0610;5.21;116.95;2.99;125.15
20230420:0710;8.14;177;4.51;189.65
20230420:0810;85.24;291.02;8.42;384.68
20230420:0910;663.16;219.7;15.96;898.82
20230420:1010;806.49;193.47;17.83;1017.79
20230420:1110;815.65;194.1;18.09;1027.84
20230420:1210;817.91;158.94;17.72;994.57
20230420:1310;657.2;162.76;15.39;835.35
20230420:1410;287.29;229.36;10.64;527.29
20230420:1510;240.04;133.44;8.33;381.81
20230420:1610;94.52;71.08;4.86;170.46
20230420:1710;0;27.32;0.73;28.05
20230420:1810;0;0;0;0
20230420:1910;0;0;0;0
20230420:2010;0;0;0;0
20230420:2110;0;0;0;0
20230420:2210;0;0;0;0
20230420:2310;0;0;0;0
20230421:0010;0;0;0;0
20230421:0110;0;0;0;0
20230421:0210;0;0;0;0
20230421:0310;0;0;0;0
20230421:0410;0;0.83;0.02;0.85
20230421:0510;56.96;56.56;3.3;116.82
20230421:0610;206.38;115.6;6.92;328.9
20230421:0710;433.34;138.27;11.01;582.62
20230421:0810;636.9;152.81;14.49;804.2
20230421:0910;822.96;144.41;17.32;984.69
20230421:1010;890.93;156.96;18.66;1066.55
20230421:1110;864.98;173.09;18.62;1056.69
20230421:1210;833.34;153.06;17.96;1004.36
20230421:1310;652.43;165.44;15.43;833.3
20230421:1410;496.7;137.2;12.66;646.56
20230421:1510;304.26;104.09;9.15;417.5
20230421:1610;93.22;73.42;4.92;171.56
20230421:1710;0;27.32;0.73;28.05
20230421:1810;0;0;0;0
20230421:1910;0;0;0;0
20230421:2010;0;0;0;0
20230421:2110;0;0;0;0
20230421:2210;0;0;0;0
20230421:2310;0;0;0;0
20230422:0010;0;0;0;0
20230422:0110;0;0;0;0
20230422:0210;0;0;0;0
20230422:0310;0;0;0;0
20230422:0410;0;1.66;0.04;1.7
20230422:0510;60.97;57.15;3.47;121.59
20230422:0610;229.1;107.13;7.25;343.48
20230422:0710;431.6;140.94;11.1;583.64
20230422:0810;650.24;148.17;14.71;813.12
20230422:0910;827.53;144.05;17.48;989.06
20230422:1010;801.47;200.31;18.03;1019.81
20230422:1110;763.83;225.36;17.96;1007.15
20230422:1210;803.92;167.96;17.81;989.69
20230422:1310;664.11;161.96;15.65;841.72
20230422:1410;492.39;139.8;12.71;644.9
20230422:1510;292.96;109.38;9.08;411.42
20230422:1610;98.59;71.18;5.1;174.87
20230422:1710;0;28.97;0.77;29.74
20230422:1810;0;0;0;0
20230422:1910;0;0;0;0
20230422:2010;0;0;0;0
20230422:2110;0;0;0;0
20230422:2210;0;0;0;0
20230422:2310;0;0;0;0
20230423:0010;0;0;0;0
20230423:0110;0;0;0;0
20230423:0210;0;0;0;0
20230423:0310;0;0;0;0
20230423:0410;0;2.48;0.07;2.55
20230423:0510;61.63;57.86;3.54;123.03
20230423:0610;225.1;107.54;7.23;339.87
20230423:0710;405.96;148.96;10.86;565.78
20230423:0810;525.75;202.58;13.67;742
20230423:0910;523.73;281.52;15.08;820.33
20230423:1010;801.51;193.94;17.98;1013.43
20230423:1110;659.96;269.65;17.15;946.76
20230423:1210;436.74;326.86;14.82;778.42
20230423:1310;194.22;326.1;11.08;531.4
20230423:1410;30.58;235.63;6.35;272.56
20230423:1510;11.51;160.09;4.2;175.8
20230423:1610;17.63;105.32;3.21;126.16
20230423:1710;0;32.28;0.86;33.14
20230423:1810;0;0;0;0
20230423:1910;0;0;0;0
20230423:2010;0;0;0;0
20230423:2110;0;0;0;0
20230423:2210;0;0;0;0
20230423:2310;0;0;0;0
20230424:0010;0;0;0;0
20230424:0110;0;0;0;0
20230424:0210;0;0;0;0
20230424:0310;0;0;0;0
20230424:0410;0;2.48;0.07;2.55
20230424:0510;0.65;51.57;1.3;53.52
20230424:0610;0;72.04;1.78;73.82
20230424:0710;0;84.5;2.09;86.59
20230424:0810;0;93.39;2.31;95.7
20230424:0910;0;136.97;3.39;140.36
20230424:1010;0;176.11;4.35;180.46
20230424:1110;0;114.74;2.84;117.58
20230424:1210;3.59;246.75;6.16;256.5
20230424:1310;0;94.28;2.33;96.61
20230424:1410;0;72.04;1.78;73.82
20230424:1510;0;96.06;2.37;98.43
20230424:1610;0;69.38;1.71;71.09
20230424:1710;0;33.11;0.88;33.99
20230424:1810;0;0;0;0
20230424:1910;0;0;0;0
20230424:2010;0;0;0;0
20230424:2110;0;0;0;0
20230424:2210;0;0;0;0
20230424:2310;0;0;0;0
20230425:0010;0;0;0;0
20230425:0110;0;0;0;0
20230425:0210;0;0;0;0
20230425:0310;0;0;0;0
20230425:0410;0;8.28;0.22;8.5
20230425:0510;70.01;57.23;3.87;131.11
20230425:0610;238.31;107.19;7.61;353.11
20230425:0710;436.82;140.68;11.39;588.89
20230425:0810;501.22;220.73;13.74;735.69
20230425:0910;0;199.23;4.92;204.15
20230425:1010;0;109.4;2.7;112.1
20230425:1110;207.52;397.05;12.79;617.36
20230425:1210;609.09;265.12;16.53;890.74
20230425:1310;691.73;147.87;16.11;855.71
20230425:1410;272.89;239.73;10.84;523.46
20230425:1510;260.33;126.95;8.93;396.21
20230425:1610;72.61;90.55;4.81;167.97
20230425:1710;0;32.28;0.86;33.14
20230425:1810;0;0;0;0
20230425:1910;0;0;0;0
20230425:2010;0;0;0;0
20230425:2110;0;0;0;0
20230425:2210;0;0;0;0
20230425:2310;0;0;0;0
20230426:0010;0;0;0;0
20230426:0110;0;0;0;0
20230426:0210;0;0;0;0
20230426:0310;0;0;0;0
20230426:0410;0;4.14;0.11;4.25
20230426:0510;52.79;70.01;3.61;126.41
20230426:0610;194.85;131.68;7.28;333.81
20230426:0710;116.36;247.04;8.02;371.42
20230426:0810;88.41;306.25;8.9;403.56
20230426:0910;55.5;332.71;9.04;397.25
20230426:1010;138.5;390.65;11.63;540.78
20230426:1110;184.87;401.06;12.57;598.5
20230426:1210;46.27;336.42;9.01;391.7
20230426:1310;0;82.72;2.04;84.76
20230426:1410;0;102.28;2.53;104.81
20230426:1510;48.66;193.44;5.83;247.93
20230426:1610;16.36;111.36;3.34;131.06
20230426:1710;0;36.42;0.97;37.39
20230426:1810;0;0;0;0
20230426:1910;0;0;0;0
20230426:2010;0;0;0;0
20230426:2110;0;0;0;0
20230426:2210;0;0;0;0
20230426:2310;0;0;0;0
20230427:0010;0;0;0;0
20230427:0110;0;0;0;0
20230427:0210;0;0;0;0
20230427:0310;0;0;0;0
20230427:0410;0;1.66;0.04;1.7
20230427:0510;13.23;83.07;2.53;98.83
20230427:0610;34.35;162.35;4.7;201.4
20230427:0710;35.59;226.68;6.2;268.47
20230427:0810;179.44;317.83;10.6;507.87
20230427:0910;373.53;343.48;14.16;731.17
20230427:1010;345.97;384.7;14.62;745.29
20230427:1110;229.8;402.61;13.3;645.71
20230427:1210;451.21;333.47;15.39;800.07
20230427:1310;517.3;240;14.9;772.2
20230427:1410;441.22;169.37;12.66;623.25
20230427:1510;246.06;138.32;8.97;393.35
20230427:1610;101.4;73.05;5.5;179.95
20230427:1710;0;33.11;0.88;33.99
20230427:1810;0;0;0;0
20230427:1910;0;0;0;0
20230427:2010;0;0;0;0
20230427:2110;0;0;0;0
20230427:2210;0;0;0;0
20230427:2310;0;0;0;0
20230428:0010;0;0;0;0
20230428:0110;0;0;0;0
20230428:0210;0;0;0;0
20230428:0310;0;0;0;0
20230428:0410;0;3.31;0.09;3.4
20230428:0510;8.12;80.6;2.29;91.01
20230428:0610;126.59;156.68;6.49;289.76
20230428:0710;305.09;201.07;10.38;516.54
20230428:0810;318.57;288.76;12.22;619.55
20230428:0910;664.8;220.76;16.55;902.11
20230428:1010;362.58;375.16;14.71;752.45
20230428:1110;185.7;396.82;12.53;595.05
20230428:1210;44.69;333.36;8.93;386.98
20230428:1310;1.13;210.9;5.23;217.26
20230428:1410;0;144.09;3.56;147.65
20230428:1510;0;96.06;2.37;98.43
20230428:1610;12.92;110.53;3.21;126.66
20230428:1710;0;18.21;0.48;18.69
20230428:1810;0;0;0;0
20230428:1910;0;0;0;0
20230428:2010;0;0;0;0
20230428:2110;0;0;0;0
20230428:2210;0;0;0;0
20230428:2310;0;0;0;0
20230429:0010;0;0;0;0
20230429:0110;0;0;0;0
20230429:0210;0;0;0;0
20230429:0310;0;0;0;0
20230429:0410;0;8.28;0.22;8.5
20230429:0510;0;25.79;0.64;26.43
20230429:0610;10.63;142.23;3.74;156.6
20230429:0710;249.45;220.32;9.83;479.6
20230429:0810;300.75;292.45;12.05;605.25
20230429:0910;0;203.68;5.03;208.71
20230429:1010;599.78;291.57;16.86;908.21
20230429:1110;53.69;354.39;9.56;417.64
20230429:1210;11.71;285.98;7.25;304.94
20230429:1310;0;136.08;3.36;139.44
20230429:1410;0;50.7;1.25;51.95
20230429:1510;0;81.83;2.02;83.85
20230429:1610;0;42.69;1.06;43.75
20230429:1710;0;38.9;1.03;39.93
20230429:1810;0;0;0;0
20230429:1910;0;0;0;0
20230429:2010;0;0;0;0
20230429:2110;0;0;0;0
20230429:2210;0;0;0;0
20230429:2310;0;0;0;0
20230430:0010;0;0;0;0
20230430:0110;0;0;0;0
20230430:0210;0;0;0;0
20230430:0310;0;0;0;0
20230430:0410;0;3.31;0.09;3.4
20230430:0510;1.23;66.66;1.69;69.58
20230430:0610;62.35;171.71;5.54;239.6
20230430:0710;359.46;183.08;11.1;553.64
20230430:0810;134.05;318.41;9.96;462.42
20230430:0910;27.26;307.75;8.02;343.03
20230430:1010;260.43;395.88;13.65;669.96
20230430:1110;46.34;354.21;9.45;410
20230430:1210;122.41;375.23;11.15;508.79
20230430:1310;0;162.77;4.02;166.79
20230430:1410;103.71;274.18;8.66;386.55
20230430:1510;140.75;185.97;7.78;334.5
20230430:1610;73.45;95.38;5.14;173.97
20230430:1710;0;36.42;0.97;37.39
20230430:1810;0;0;0;0
20230430:1910;0;0;0;0
20230430:2010;0;0;0;0
20230430:2110;0;0;0;0
20230430:2210;0;0;0;0
20230430:2310;0;0;0;0
20230501:0010;0;0;0;0
20230501:0110;0;0;0;0
20230501:0210;0;0;0;0
20230501:0310;0;0;0;0
20230501:0410;0;17.38;0.46;17.84
20230501:0510;63.85;71.4;4.15;139.4
20230501:0610;123.8;165.03;6.7;295.53
20230501:0710;404.14;164.03;11.61;579.78
20230501:0810;610.69;171.49;15.08;797.26
20230501:0910;756.52;180.35;17.59;954.46
20230501:1010;772.2;219.46;18.53;1010.19
20230501:1110;792.91;212.67;18.86;1024.44
20230501:1210;442.32;336.74;15.5;794.56
20230501:1310;258.21;331.16;12.49;601.86
20230501:1410;285.46;242.01;11.39;538.86
20230501:1510;162.3;180.21;8.18;350.69
20230501:1610;28.61;119.95;4.07;152.63
20230501:1710;0;42.22;1.12;43.34
20230501:1810;0;0;0;0
20230501:1910;0;0;0;0
20230501:2010;0;0;0;0
20230501:2110;0;0;0;0
20230501:2210;0;0;0;0
20230501:2310;0;0;0;0
20230502:0010;0;0;0;0
20230502:0110;0;0;0;0
20230502:0210;0;0;0;0
20230502:0310;0;0;0;0
20230502:0410;0;4.97;0.13;5.1
20230502:0510;0;20.46;0.51;20.97
20230502:0610;0.95;113.01;2.81;116.77
20230502:0710;0;0;0;0
20230502:0810;45.79;289.66;7.89;343.34
20230502:0910;18.8;293.15;7.54;319.49
20230502:1010;14.22;304.13;7.74;326.09
20230502:1110;3.54;264.53;6.6;274.67
20230502:1210;63.59;351.09;9.67;424.35
20230502:1310;43.39;304.19;8.24;355.82
20230502:1410;0;110.29;2.73;113.02
20230502:1510;12.54;172.43;4.55;189.52
20230502:1610;11.8;113.98;3.28;129.06
20230502:1710;0;26.49;0.7;27.19
20230502:1810;0;0;0;0
20230502:1910;0;0;0;0
20230502:2010;0;0;0;0
20230502:2110;0;0;0;0
20230502:2210;0;0;0;0
20230502:2310;0;0;0;0
20230503:0010;0;0;0;0
20230503:0110;0;0;0;0
20230503:0210;0;0;0;0
20230503:0310;0;0;0;0
20230503:0410;0;4.14;0.11;4.25
20230503:0510;0;33.8;0.84;34.64
20230503:0610;38.5;171.19;5.06;214.75
20230503:0710;80.59;249.67;7.58;337.84
20230503:0810;120.78;317.86;9.78;448.42
20230503:0910;314.85;354.07;13.67;682.59
20230503:1010;345.89;381.04;14.75;741.68
20230503:1110;54.01;361.44;9.76;425.21
20230503:1210;1.15;242.93;6.02;250.1
20230503:1310;0;128.97;3.19;132.16
20230503:1410;0;165.43;4.09;169.52
20230503:1510;9.78;169.57;4.42;183.77
20230503:1610;11.11;115.76;3.3;130.17
20230503:1710;0;45.53;1.21;46.74
20230503:1810;0;0;0;0
20230503:1910;0;0;0;0
20230503:2010;0;0;0;0
20230503:2110;0;0;0;0
20230503:2210;0;0;0;0
20230503:2310;0;0;0;0
20230504:0010;0;0;0;0
20230504:0110;0;0;0;0
20230504:0210;0;0;0;0
20230504:0310;0;0;0;0
20230504:0410;0;20.69;0.55;21.24
20230504:0510;80.1;64.88;4.68;149.66
20230504:0610;270.48;103.59;8.71;382.78
20230504:0710;471.32;134.54;12.49;618.35
20230504:0810;693.07;134.87;16.09;844.03
20230504:0910;859.13;132.75;18.75;1010.63
20230504:1010;886.7;163.83;19.72;1070.25
20230504:1110;917.07;151.23;20.14;1088.44
20230504:1210;860.15;141.22;19.24;1020.61
20230504:1310;676.03;157.84;16.66;850.53
20230504:1410;477.85;150.72;13.45;642.02
20230504:1510;269.49;129.28;9.69;408.46
20230504:1610;82.26;94.72;5.61;182.59
20230504:1710;0;38.9;1.03;39.93
20230504:1810;0;0;0;0
20230504:1910;0;0;0;0
20230504:2010;0;0;0;0
20230504:2110;0;0;0;0
20230504:2210;0;0;0;0
20230504:2310;0;0;0;0
20230505:0010;0;0;0;0
20230505:0110;0;0;0;0
20230505:0210;0;0;0;0
20230505:0310;0;0;0;0
20230505:0410;0;26.49;0.7;27.19
20230505:0510;71.82;71.26;4.55;147.63
20230505:0610;126;169.69;6.97;302.66
20230505:0710;329.58;202.58;11.19;543.35
20230505:0810;544.33;208.16;14.84;767.33
20230505:0910;755.87;179.66;17.83;953.36
20230505:1010;876.33;163.18;19.59;1059.1
20230505:1110;835.56;186.33;19.39;1041.28
20230505:1210;815.66;159.04;18.82;993.52
20230505:1310;693.98;145.87;16.84;856.69
20230505:1410;532.57;120.32;14.03;666.92
20230505:1510;314.3;102.58;10.24;427.12
20230505:1610;116;67.7;6.29;189.99
20230505:1710;0;48.01;1.28;49.29
20230505:1810;0;0;0;0
20230505:1910;0;0;0;0
20230505:2010;0;0;0;0
20230505:2110;0;0;0;0
20230505:2210;0;0;0;0
20230505:2310;0;0;0;0
20230506:0010;0;0;0;0
20230506:0110;0;0;0;0
20230506:0210;0;0;0;0
20230506:0310;0;0;0;0
20230506:0410;0;14.9;0.4;15.3
20230506:0510;0;33.8;0.84;34.64
20230506:0610;0;90.72;2.24;92.96
20230506:0710;144.91;253.42;8.88;407.21
20230506:0810;220.38;316.3;11.45;548.13
20230506:0910;71.71;348.71;9.74;430.16
20230506:1010;234.62;397.28;13.43;645.33
20230506:1110;155.59;400.2;12.29;568.08
20230506:1210;60.31;353.07;9.69;423.07
20230506:1310;108.25;335.64;10.13;454.02
20230506:1410;0;48.03;1.19;49.22
20230506:1510;111.67;196.7;7.52;315.89
20230506:1610;50.68;114.17;4.88;169.73
20230506:1710;0;44.7;1.19;45.89
20230506:1810;0;0;0;0
20230506:1910;0;0;0;0
20230506:2010;0;0;0;0
20230506:2110;0;0;0;0
20230506:2210;0;0;0;0
20230506:2310;0;0;0;0
20230507:0010;0;0;0;0
20230507:0110;0;0;0;0
20230507:0210;0;0;0;0
20230507:0310;0;0;0;0
20230507:0410;0;8.28;0.22;8.5
20230507:0510;0;50.7;1.25;51.95
20230507:0610;6.4;145.37;3.74;155.51
20230507:0710;102.08;256.08;8.18;366.34
20230507:0810;35.83;287.21;7.69;330.73
20230507:0910;337.58;351.13;14.11;702.82
20230507:1010;731.54;227.15;18.33;977.02
20230507:1110;526.39;327.85;16.84;871.08
20230507:1210;188.2;382.85;12.49;583.54
20230507:1310;129.58;339.05;10.6;479.23
20230507:1410;23.24;244.13;6.49;273.86
20230507:1510;13.87;179.53;4.77;198.17
20230507:1610;18.08;124.75;3.83;146.66
20230507:1710;0;51.32;1.36;52.68
20230507:1810;0;0;0;0
20230507:1910;0;0;0;0
20230507:2010;0;0;0;0
20230507:2110;0;0;0;0
20230507:2210;0;0;0;0
20230507:2310;0;0;0;0
20230508:0010;0;0;0;0
20230508:0110;0;0;0;0
20230508:0210;0;0;0;0
20230508:0310;0;0;0;0
20230508:0410;0;4.97;0.13;5.1
20230508:0510;0;58.7;1.45;60.15
20230508:0610;125.43;175.41;7.17;308.01
20230508:0710;70.16;259.75;7.69;337.6
20230508:0810;168.36;331.49;10.97;510.82
20230508:0910;475.2;319.33;15.81;810.34
20230508:1010;695.33;262.41;18.44;976.18
20230508:1110;796.6;210.71;19.35;1026.66
20230508:1210;709.36;218.71;18.2;946.27
20230508:1310;454.41;271.36;14.99;740.76
20230508:1410;342.89;221.9;12.4;577.19
20230508:1510;54.31;209.6;6.49;270.4
20230508:1610;46.52;122.92;4.97;174.41
20230508:1710;0;52.98;1.41;54.39
20230508:1810;0;0;0;0
20230508:1910;0;0;0;0
20230508:2010;0;0;0;0
20230508:2110;0;0;0;0
20230508:2210;0;0;0;0
20230508:2310;0;0;0;0
20230509:0010;0;0;0;0
20230509:0110;0;0;0;0
20230509:0210;0;0;0;0
20230509:0310;0;0;0;0
20230509:0410;0;9.93;0.26;10.19
20230509:0510;61.7;85.16;4.59;151.45
20230509:0610;172.54;157.76;7.87;338.17
20230509:0710;294.92;221.79;11.1;527.81
20230509:0810;304.24;309.76;12.84;626.84
20230509:0910;351.08;358.92;14.58;724.58
20230509:1010;640.94;287.11;18.03;946.08
20230509:1110;839.8;184.83;19.7;1044.33
20230509:1210;549.23;297.79;16.93;863.95
20230509:1310;355.39;310.07;14.03;679.49
20230509:1410;263.24;255.86;11.56;530.66
20230509:1510;214.28;162.46;9.32;386.06
20230509:1610;110.72;74.75;6.42;191.89
20230509:1710;0;43.04;1.14;44.18
20230509:1810;0;0;0;0
20230509:1910;0;0;0;0
20230509:2010;0;0;0;0
20230509:2110;0;0;0;0
20230509:2210;0;0;0;0
20230509:2310;0;0;0;0
20230510:0010;0;0;0;0
20230510:0110;0;0;0;0
20230510:0210;0;0;0;0
20230510:0310;0;0;0;0
20230510:0410;0;29.8;0.79;30.59
20230510:0510;87.35;65.31;5.14;157.8
20230510:0610;267.59;106.46;8.99;383.04
20230510:0710;460.51;138.23;12.68;611.42
20230510:0810;600.52;177.04;15.54;793.1
20230510:0910;489.97;310.24;15.96;816.17
20230510:1010;826.36;184.79;19.41;1030.56
20230510:1110;842.67;180.06;19.72;1042.45
20230510:1210;779.45;174.04;18.75;972.24
20230510:1310;376.61;300.42;14.25;691.28
20230510:1410;273.02;250.36;11.67;535.05
20230510:1510;86.09;210.16;7.3;303.55
20230510:1610;19.34;130.65;4.04;154.03
20230510:1710;0;54.63;1.45;56.08
20230510:1810;0;0;0;0
20230510:1910;0;0;0;0
20230510:2010;0;0;0;0
20230510:2110;0;0;0;0
20230510:2210;0;0;0;0
20230510:2310;0;0;0;0
20230511:0010;0;0;0;0
20230511:0110;0;0;0;0
20230511:0210;0;0;0;0
20230511:0310;0;0;0;0
20230511:0410;0;7.45;0.2;7.65
20230511:0510;3.94;92.21;2.44;98.59
20230511:0610;28.57;177.11;5.03;210.71
20230511:0710;62.97;256.79;7.52;327.28
20230511:0810;131.09;328.98;10.33;470.4
20230511:0910;294.08;366.63;13.85;674.56
20230511:1010;107.82;394.02;11.43;513.27
20230511:1110;108.41;397.53;11.54;517.48
20230511:1210;25.71;325.91;8.49;360.11
20230511:1310;56.81;324.26;9.01;390.08
20230511:1410;29.76;257.17;6.95;293.88
20230511:1510;10.17;179.26;4.68;194.11
20230511:1610;0;80.94;2;82.94
20230511:1710;0;28.14;0.75;28.89
20230511:1810;0;0;0;0
20230511:1910;0;0;0;0
20230511:2010;0;0;0;0
20230511:2110;0;0;0;0
20230511:2210;0;0;0;0
20230511:2310;0;0;0;0
20230512:0010;0;0;0;0
20230512:0110;0;0;0;0
20230512:0210;0;0;0;0
20230512:0310;0;0;0;0
20230512:0410;0;7.45;0.2;7.65
20230512:0510;0;21.35;0.53;21.88
20230512:0610;0;48.92;1.21;50.13
20230512:0710;0;94.28;2.33;96.61
20230512:0810;0;118.29;2.92;121.21
20230512:0910;0;152.09;3.76;155.85
20230512:1010;0;159.21;3.94;163.15
20230512:1110;0;150.31;3.72;154.03
20230512:1210;0;83.61;2.07;85.68
20230512:1310;0;146.76;3.63;150.39
20230512:1410;0;89.83;2.22;92.05
20230512:1510;0;107.62;2.66;110.28
20230512:1610;0;82.72;2.04;84.76
20230512:1710;0;28.97;0.77;29.74
20230512:1810;0;0;0;0
20230512:1910;0;0;0;0
20230512:2010;0;0;0;0
20230512:2110;0;0;0;0
20230512:2210;0;0;0;0
20230512:2310;0;0;0;0
20230513:0010;0;0;0;0
20230513:0110;0;0;0;0
20230513:0210;0;0;0;0
20230513:0310;0;0;0;0
20230513:0410;0;22.35;0.59;22.94
20230513:0510;0;40.91;1.01;41.92
20230513:0610;0;98.73;2.44;101.17
20230513:0710;0;128.08;3.17;131.25
20230513:0810;0;177.89;4.4;182.29
20230513:0910;0;216.13;5.34;221.47
20230513:1010;0;132.53;3.28;135.81
20230513:1110;0;151.2;3.74;154.94
20230513:1210;0;181.44;4.48;185.92
20230513:1310;0;82.72;2.04;84.76
20230513:1410;0;82.72;2.04;84.76
20230513:1510;0;80.05;1.98;82.03
20230513:1610;0;64.04;1.58;65.62
20230513:1710;0;31.46;0.84;32.3
20230513:1810;0;0;0;0
20230513:1910;0;0;0;0
20230513:2010;0;0;0;0
20230513:2110;0;0;0;0
20230513:2210;0;0;0;0
20230513:2310;0;0;0;0
20230514:0010;0;0;0;0
20230514:0110;0;0;0;0
20230514:0210;0;0;0;0
20230514:0310;0;0;0;0
20230514:0410;0;5.79;0.15;5.94
20230514:0510;0;18.68;0.46;19.14
20230514:0610;0;43.58;1.08;44.66
20230514:0710;0;61.37;1.52;62.89
20230514:0810;0;87.16;2.15;89.31
20230514:0910;0;87.16;2.15;89.31
20230514:1010;0;144.09;3.56;147.65
20230514:1110;0;127.19;3.14;130.33
20230514:1210;0;85.39;2.11;87.5
20230514:1310;0;113.85;2.81;116.66
20230514:1410;0;73.82;1.82;75.64
20230514:1510;0;36.47;0.9;37.37
20230514:1610;0;44.47;1.1;45.57
20230514:1710;0;14.07;0.37;14.44
20230514:1810;0;0;0;0
20230514:1910;0;0;0;0
20230514:2010;0;0;0;0
20230514:2110;0;0;0;0
20230514:2210;0;0;0;0
20230514:2310;0;0;0;0
20230515:0010;0;0;0;0
20230515:0110;0;0;0;0
20230515:0210;0;0;0;0
20230515:0310;0;0;0;0
20230515:0410;0;5.79;0.15;5.94
20230515:0510;0;71.15;1.76;72.91
20230515:0610;45.4;188.7;5.74;239.84
20230515:0710;193.73;254.88;10.05;458.66
20230515:0810;84.65;323.58;9.45;417.68
20230515:0910;235.27;377.94;13.21;626.42
20230515:1010;209.54;408.13;13.45;631.12
20230515:1110;394.41;379.24;15.96;789.61
20230515:1210;699.4;210.15;18.22;927.77
20230515:1310;299.09;323.74;13.48;636.31
20230515:1410;338.66;219.14;12.53;570.33
20230515:1510;187.82;175.1;9.15;372.07
20230515:1610;78.77;104.35;6;189.12
20230515:1710;0;60.43;1.6;62.03
20230515:1810;0;0;0;0
20230515:1910;0;0;0;0
20230515:2010;0;0;0;0
20230515:2110;0;0;0;0
20230515:2210;0;0;0;0
20230515:2310;0;0;0;0
20230516:0010;0;0;0;0
20230516:0110;0;0;0;0
20230516:0210;0;0;0;0
20230516:0310;0;0;0;0
20230516:0410;0;5.79;0.15;5.94
20230516:0510;0;55.14;1.36;56.5
20230516:0610;0;60.48;1.49;61.97
20230516:0710;0;75.6;1.87;77.47
20230516:0810;0;86.27;2.13;88.4
20230516:0910;0;109.4;2.7;112.1
20230516:1010;0;111.18;2.75;113.93
20230516:1110;0;127.19;3.14;130.33
20230516:1210;0;185.89;4.59;190.48
20230516:1310;0;128.08;3.17;131.25
20230516:1410;0;105.84;2.62;108.46
20230516:1510;4.96;168.29;4.29;177.54
20230516:1610;0;40.91;1.01;41.92
20230516:1710;0;18.21;0.48;18.69
20230516:1810;0;0.83;0.02;0.85
20230516:1910;0;0;0;0
20230516:2010;0;0;0;0
20230516:2110;0;0;0;0
20230516:2210;0;0;0;0
20230516:2310;0;0;0;0
20230517:0010;0;0;0;0
20230517:0110;0;0;0;0
20230517:0210;0;0;0;0
20230517:0310;0;0;0;0
20230517:0410;0;40.56;1.08;41.64
20230517:0510;0;50.7;1.25;51.95
20230517:0610;0;55.14;1.36;56.5
20230517:0710;0;104.95;2.59;107.54
20230517:0810;0;104.95;2.59;107.54
20230517:0910;0;150.31;3.72;154.03
20230517:1010;0;157.43;3.89;161.32
20230517:1110;0;144.09;3.56;147.65
20230517:1210;0;75.6;1.87;77.47
20230517:1310;0;75.6;1.87;77.47
20230517:1410;2.91;206.55;5.17;214.63
20230517:1510;0;51.59;1.28;52.87
20230517:1610;23.34;136.97;4.42;164.73
20230517:1710;0;9.93;0.26;10.19
20230517:1810;0;0.83;0.02;0.85
20230517:1910;0;0;0;0
20230517:2010;0;0;0;0
20230517:2110;0;0;0;0
20230517:2210;0;0;0;0
20230517:2310;0;0;0;0
20230518:0010;0;0;0;0
20230518:0110;0;0;0;0
20230518:0210;0;0;0;0
20230518:0310;0;0;0;0
20230518:0410;0;8.28;0.22;8.5
20230518:0510;0;39.14;0.97;40.11
20230518:0610;0;48.92;1.21;50.13
20230518:0710;0;88.94;2.2;91.14
20230518:0810;0;159.21;3.94;163.15
20230518:0910;0;162.77;4.02;166.79
20230518:1010;0;156.54;3.87;160.41
20230518:1110;0;160.1;3.96;164.06
20230518:1210;0;152.98;3.78;156.76
20230518:1310;0;125.41;3.1;128.51
20230518:1410;0;98.73;2.44;101.17
20230518:1510;0;59.59;1.47;61.06
20230518:1610;0;48.03;1.19;49.22
20230518:1710;0;42.22;1.12;43.34
20230518:1810;0;0.83;0.02;0.85
20230518:1910;0;0;0;0
20230518:2010;0;0;0;0
20230518:2110;0;0;0;0
20230518:2210;0;0;0;0
20230518:2310;0;0;0;0
20230519:0010;0;0;0;0
20230519:0110;0;0;0;0
20230519:0210;0;0;0;0
20230519:0310;0;0;0;0
20230519:0410;0;43.04;1.14;44.18
20230519:0510;33.1;111.11;4.2;148.41
20230519:0610;85.53;191.39;6.81;283.73
20230519:0710;383.26;175.77;12.29;571.32
20230519:0810;286.91;311.74;12.86;611.51
20230519:0910;136.13;379.85;11.65;527.63
20230519:1010;447.86;357.58;16.49;821.93
20230519:1110;178.27;412.35;13.12;603.74
20230519:1210;171.17;392.58;12.62;576.37
20230519:1310;436.17;271.09;15.08;722.34
20230519:1410;231.83;265.14;11.41;508.38
20230519:1510;165;188.46;8.97;362.43
20230519:1610;15.25;136.99;4.07;156.31
20230519:1710;0;51.32;1.36;52.68
20230519:1810;0;4.14;0.11;4.25
20230519:1910;0;0;0;0
20230519:2010;0;0;0;0
20230519:2110;0;0;0;0
20230519:2210;0;0;0;0
20230519:2310;0;0;0;0
20230520:0010;0;0;0;0
20230520:0110;0;0;0;0
20230520:0210;0;0;0;0
20230520:0310;0;0;0;0
20230520:0410;0;43.87;1.17;45.04
20230520:0510;13.79;114.11;3.43;131.33
20230520:0610;143;173.48;7.83;324.31
20230520:0710;181.95;258.42;10;450.37
20230520:0810;151.53;332.79;10.9;495.22
20230520:0910;688.62;200.53;17.81;906.96
20230520:1010;808.46;178.82;19.5;1006.78
20230520:1110;580.05;303.51;17.83;901.39
20230520:1210;463.19;322.54;16.31;802.04
20230520:1310;451.54;261.54;15.21;728.29
20230520:1410;439.11;161.62;13.65;614.38
20230520:1510;194.47;173.17;9.41;377.05
20230520:1610;78.04;109.04;6.18;193.26
20230520:1710;0;54.63;1.45;56.08
20230520:1810;0;4.14;0.11;4.25
20230520:1910;0;0;0;0
20230520:2010;0;0;0;0
20230520:2110;0;0;0;0
20230520:2210;0;0;0;0
20230520:2310;0;0;0;0
20230521:0010;0;0;0;0
20230521:0110;0;0;0;0
20230521:0210;0;0;0;0
20230521:0310;0;0;0;0
20230521:0410;0;45.53;1.21;46.74
20230521:0510;66.94;90.1;5.19;162.23
20230521:0610;230.43;128.68;9.01;368.12
20230521:0710;437.85;144.5;12.86;595.21
20230521:0810;629.78;152.83;16.18;798.79
20230521:0910;782.45;152.78;18.71;953.94
20230521:1010;868.71;150.1;20.14;1038.95
20230521:1110;905.52;133.58;20.62;1059.72
20230521:1210;819.82;142.02;19.5;981.34
20230521:1310;646.33;156.85;16.99;820.17
20230521:1410;486.44;137.25;14.22;637.91
20230521:1510;307.24;106.85;10.9;424.99
20230521:1610;110.63;80.76;6.9;198.29
20230521:1710;0;64.57;1.71;66.28
20230521:1810;0;1.66;0.04;1.7
20230521:1910;0;0;0;0
20230521:2010;0;0;0;0
20230521:2110;0;0;0;0
20230521:2210;0;0;0;0
20230521:2310;0;0;0;0
20230522:0010;0;0;0;0
20230522:0110;0;0;0;0
20230522:0210;0;0;0;0
20230522:0310;0;0;0;0
20230522:0410;0;46.35;1.23;47.58
20230522:0510;73.34;85.11;5.36;163.81
20230522:0610;239.49;122.91;9.15;371.55
20230522:0710;443.19;141.31;12.95;597.45
20230522:0810;628.93;152.54;16.2;797.67
20230522:0910;770.46;157.74;18.62;946.82
20230522:1010;770.97;200.18;19.3;990.45
20230522:1110;861.25;155.78;20.25;1037.28
20230522:1210;705.23;201.69;18.49;925.41
20230522:1310;559.71;205.32;16.27;781.3
20230522:1410;157.2;287.29;10.4;454.89
20230522:1510;262.52;133.58;10.35;406.45
20230522:1610;107.66;83.45;6.86;197.97
20230522:1710;0;61.25;1.63;62.88
20230522:1810;0;4.97;0.13;5.1
20230522:1910;0;0;0;0
20230522:2010;0;0;0;0
20230522:2110;0;0;0;0
20230522:2210;0;0;0;0
20230522:2310;0;0;0;0
20230523:0010;0;0;0;0
20230523:0110;0;0;0;0
20230523:0210;0;0;0;0
20230523:0310;0;0;0;0
20230523:0410;0;43.87;1.17;45.04
20230523:0510;71.84;86.82;5.36;164.02
20230523:0610;238.42;122.69;9.15;370.26
20230523:0710;434.75;143.91;12.86;591.52
20230523:0810;616.51;157.3;16.09;789.9
20230523:0910;725.75;177.05;18.18;920.98
20230523:1010;839.99;161.2;19.9;1021.09
20230523:1110;856.96;155.47;20.2;1032.63
20230523:1210;729.37;184.99;18.66;933.02
20230523:1310;205.34;346.51;12.4;564.25
20230523:1410;0;162.77;4.02;166.79
20230523:1510;0;43.58;1.08;44.66
20230523:1610;0;34.69;0.86;35.55
20230523:1710;0;36.42;0.97;37.39
20230523:1810;0;3.31;0.09;3.4
20230523:1910;0;0;0;0
20230523:2010;0;0;0;0
20230523:2110;0;0;0;0
20230523:2210;0;0;0;0
20230523:2310;0;0;0;0
20230524:0010;0;0;0;0
20230524:0110;0;0;0;0
20230524:0210;0;0;0;0
20230524:0310;0;0;0;0
20230524:0410;0;29.8;0.79;30.59
20230524:0510;3.62;101.91;2.68;108.21
20230524:0610;105.31;189.74;7.34;302.39
20230524:0710;237.22;242.63;10.86;490.71
20230524:0810;433.38;254.54;14.53;702.45
20230524:0910;660.57;214.47;17.72;892.76
20230524:1010;275.28;402.95;14.6;692.83
20230524:1110;78.12;392.44;11.01;481.57
20230524:1210;198.05;393.18;13.17;604.4
20230524:1310;0;199.23;4.92;204.15
20230524:1410;289.84;243.45;12.29;545.58
20230524:1510;302.51;109.12;10.93;422.56
20230524:1610;112.7;81.21;7.06;200.97
20230524:1710;0;67.88;1.8;69.68
20230524:1810;0;3.31;0.09;3.4
20230524:1910;0;0;0;0
20230524:2010;0;0;0;0
20230524:2110;0;0;0;0
20230524:2210;0;0;0;0
20230524:2310;0;0;0;0
20230525:0010;0;0;0;0
20230525:0110;0;0;0;0
20230525:0210;0;0;0;0
20230525:0310;0;0;0;0
20230525:0410;0;43.87;1.17;45.04
20230525:0510;86.92;74.23;5.76;166.91
20230525:0610;257.16;113;9.47;379.63
20230525:0710;448.44;138.65;13.12;600.21
20230525:0810;627.76;152.83;16.31;796.9
20230525:0910;789.64;146.52;18.91;955.07
20230525:1010;819.51;172.33;19.81;1011.65
20230525:1110;836.56;167.74;20.14;1024.44
20230525:1210;818.3;140.04;19.61;977.95
20230525:1310;689.92;133.59;17.59;841.1
20230525:1410;525.21;116.82;14.82;656.85
20230525:1510;292.78;116.36;10.86;420
20230525:1610;112.92;81.95;7.1;201.97
20230525:1710;0;58.77;1.56;60.33
20230525:1810;0;9.93;0.26;10.19
20230525:1910;0;0;0;0
20230525:2010;0;0;0;0
20230525:2110;0;0;0;0
20230525:2210;0;0;0;0
20230525:2310;0;0;0;0
20230526:0010;0;0;0;0
20230526:0110;0;0;0;0
20230526:0210;0;0;0;0
20230526:0310;0;0;0;0
20230526:0410;0;49.67;1.32;50.99
20230526:0510;79.76;81.42;5.65;166.83
20230526:0610;246.97;120.2;9.41;376.58
20230526:0710;440.18;143.29;13.08;596.55
20230526:0810;585.17;176.79;15.98;777.94
20230526:0910;337.92;360.37;14.84;713.13
20230526:1010;398.39;375.25;16.18;789.82
20230526:1110;583.88;305.07;18.14;907.09
20230526:1210;487.53;316.45;16.82;820.8
20230526:1310;148.52;356.11;11.59;516.22
20230526:1410;8.48;233.63;5.96;248.07
20230526:1510;67.8;224.78;7.36;299.94
20230526:1610;112.14;83.61;7.12;202.87
20230526:1710;0;59.6;1.58;61.18
20230526:1810;0;7.45;0.2;7.65
20230526:1910;0;0;0;0
20230526:2010;0;0;0;0
20230526:2110;0;0;0;0
20230526:2210;0;0;0;0
20230526:2310;0;0;0;0
20230527:0010;0;0;0;0
20230527:0110;0;0;0;0
20230527:0210;0;0;0;0
20230527:0310;0;0;0;0
20230527:0410;0;50.49;1.34;51.83
20230527:0510;73.7;90.19;5.63;169.52
20230527:0610;241.84;128.31;9.5;379.65
20230527:0710;453.37;142.28;13.39;609.04
20230527:0810;648.5;149.6;16.75;814.85
20230527:0910;803.28;148.47;19.3;971.05
20230527:1010;879.61;151.13;20.64;1051.38
20230527:1110;909.5;138.97;21.08;1069.55
20230527:1210;831.84;143.03;20.03;994.9
20230527:1310;684.69;145.63;17.81;848.13
20230527:1410;518.77;127.3;14.97;661.04
20230527:1510;298.28;118.71;11.12;428.11
20230527:1610;119.09;81.19;7.39;207.67
20230527:1710;0;59.6;1.58;61.18
20230527:1810;0;11.59;0.31;11.9
20230527:1910;0;0;0;0
20230527:2010;0;0;0;0
20230527:2110;0;0;0;0
20230527:2210;0;0;0;0
20230527:2310;0;0;0;0
20230528:0010;0;0;0;0
20230528:0110;0;0;0;0
20230528:0210;0;0;0;0
20230528:0310;0;0;0;0
20230528:0410;0;52.15;1.38;53.53
20230528:0510;67.2;95.87;5.5;168.57
20230528:0610;232.67;134.55;9.43;376.65
20230528:0710;429.73;156.63;13.21;599.57
20230528:0810;623.91;161.52;16.53;801.96
20230528:0910;793.92;153.53;19.26;966.71
20230528:1010;869.02;157.32;20.6;1046.94
20230528:1110;874.93;157.96;20.82;1053.71
20230528:1210;811.99;153.32;19.87;985.18
20230528:1310;677.08;150.53;17.78;845.39
20230528:1410;486.6;145.65;14.66;646.91
20230528:1510;284.02;128.74;10.99;423.75
20230528:1610;105.54;95.55;7.17;208.26
20230528:1710;0;62.91;1.67;64.58
20230528:1810;0;12.42;0.33;12.75
20230528:1910;0;0;0;0
20230528:2010;0;0;0;0
20230528:2110;0;0;0;0
20230528:2210;0;0;0;0
20230528:2310;0;0;0;0
20230529:0010;0;0;0;0
20230529:0110;0;0;0;0
20230529:0210;0;0;0;0
20230529:0310;0;0;0;0
20230529:0410;0;52.98;1.41;54.39
20230529:0510;57.77;105.35;5.32;168.44
20230529:0610;230.13;136.19;9.43;375.75
20230529:0710;421.72;161.22;13.17;596.11
20230529:0810;469.4;248.08;15.26;732.74
20230529:0910;739.33;181.33;18.77;939.43
20230529:1010;845.41;169.8;20.42;1035.63
20230529:1110;852.55;169.36;20.64;1042.55
20230529:1210;812.52;153.13;19.92;985.57
20230529:1310;668.55;154.38;17.72;840.65
20230529:1410;514.5;130.88;15.01;660.39
20230529:1510;295.99;121.19;11.17;428.35
20230529:1610;115.09;87.19;7.39;209.67
20230529:1710;0;61.25;1.63;62.88
20230529:1810;0;12.42;0.33;12.75
20230529:1910;0;0;0;0
20230529:2010;0;0;0;0
20230529:2110;0;0;0;0
20230529:2210;0;0;0;0
20230529:2310;0;0;0;0
20230530:0010;0;0;0;0
20230530:0110;0;0;0;0
20230530:0210;0;0;0;0
20230530:0310;0;0;0;0
20230530:0410;0;15.73;0.42;16.15
20230530:0510;5.49;111.38;3.01;119.88
20230530:0610;53.85;202.43;6.4;262.68
20230530:0710;349.32;197.48;12.4;559.2
20230530:0810;318.78;308.04;13.63;640.45
20230530:0910;350.05;359.73;15.12;724.9
20230530:1010;401.7;378.69;16.4;796.79
20230530:1110;405.37;381.29;16.58;803.24
20230530:1210;255.1;394.95;14.31;664.36
20230530:1310;261;343.01;13.5;617.51
20230530:1410;199.76;285.47;11.39;496.62
20230530:1510;146.86;207.42;9.12;363.4
20230530:1610;118.51;82.86;7.43;208.8
20230530:1710;0;58.77;1.56;60.33
20230530:1810;0;17.38;0.46;17.84
20230530:1910;0;0;0;0
20230530:2010;0;0;0;0
20230530:2110;0;0;0;0
20230530:2210;0;0;0;0
20230530:2310;0;0;0;0
20230531:0010;0;0;0;0
20230531:0110;0;0;0;0
20230531:0210;0;0;0;0
20230531:0310;0;0;0;0
20230531:0410;0;49.67;1.32;50.99
20230531:0510;71.02;91.69;5.63;168.34
20230531:0610;230.07;131.21;9.36;370.64
20230531:0710;223.6;252.78;10.95;487.33
20230531:0810;596.74;168.66;16.22;781.62
20230531:0910;752.46;166.19;18.8;937.45
20230531:1010;824.81;170.11;20.09;1015.01
20230531:1110;820.16;175.94;20.2;1016.3
20230531:1210;648.27;236.71;18.4;903.38
20230531:1310;430.81;277.7;15.45;723.96
20230531:1410;230.1;274.09;11.81;516
20230531:1510;248.19;149.6;10.55;408.34
20230531:1610;79.08;119.42;6.6;205.1
20230531:1710;0;60.43;1.6;62.03
20230531:1810;0;18.21;0.48;18.69
20230531:1910;0;0;0;0
20230531:2010;0;0;0;0
20230531:2110;0;0;0;0
20230531:2210;0;0;0;0
20230531:2310;0;0;0;0
20230601:0010;0;0;0;0
20230601:0110;0;0;0;0
20230601:0210;0;0;0;0
20230601:0310;0;0;0;0
20230601:0410;0;44.7;1.19;45.89
20230601:0510;90.37;74.46;6.11;170.94
20230601:0610;270.57;108.8;9.96;389.33
20230601:0710;457.51;137.3;13.54;608.35
20230601:0810;630.6;154.55;16.66;801.81
20230601:0910;772.49;158.86;19.08;950.43
20230601:1010;835.32;169.04;20.31;1024.67
20230601:1110;853.42;163.4;20.64;1037.46
20230601:1210;792.27;158.72;19.72;970.71
20230601:1310;651.64;159.81;17.56;829.01
20230601:1410;475.12;148.82;14.58;638.52
20230601:1510;195.01;184.09;9.91;389.01
20230601:1610;108.06;94.5;7.28;209.84
20230601:1710;0;62.91;1.67;64.58
20230601:1810;0;18.21;0.48;18.69
20230601:1910;0;0;0;0
20230601:2010;0;0;0;0
20230601:2110;0;0;0;0
20230601:2210;0;0;0;0
20230601:2310;0;0;0;0
20230602:0010;0;0;0;0
20230602:0110;0;0;0;0
20230602:0210;0;0;0;0
20230602:0310;0;0;0;0
20230602:0410;0;48.84;1.3;50.14
20230602:0510;84.96;77.43;5.96;168.35
20230602:0610;255.93;114.25;9.72;379.9
20230602:0710;439.17;142.84;13.28;595.29
20230602:0810;613.82;159.27;16.44;789.53
20230602:0910;752.88;164.77;18.84;936.49
20230602:1010;825.24;169.77;20.16;1015.17
20230602:1110;832.58;169.36;20.38;1022.32
20230602:1210;762.43;169.77;19.37;951.57
20230602:1310;559.63;208.96;16.69;785.28
20230602:1410;292.36;248.6;12.64;553.6
20230602:1510;79.28;229.19;7.83;316.3
20230602:1610;79.97;120.17;6.66;206.8
20230602:1710;0;78.64;2.09;80.73
20230602:1810;0;14.9;0.4;15.3
20230602:1910;0;0;0;0
20230602:2010;0;0;0;0
20230602:2110;0;0;0;0
20230602:2210;0;0;0;0
20230602:2310;0;0;0;0
20230603:0010;0;0;0;0
20230603:0110;0;0;0;0
20230603:0210;0;0;0;0
20230603:0310;0;0;0;0
20230603:0410;0;21.52;0.57;22.09
20230603:0510;68.86;94.87;5.67;169.4
20230603:0610;261.52;114.03;9.89;385.44
20230603:0710;454.29;138.89;13.56;606.74
20230603:0810;624.95;157.22;16.66;798.83
20230603:0910;754.78;168.91;18.99;942.68
20230603:1010;816.33;179.15;20.2;1015.68
20230603:1110;753.57;219.92;19.87;993.36
20230603:1210;742.26;186.17;19.32;947.75
20230603:1310;638.41;168.56;17.52;824.49
20230603:1410;492.01;142.79;14.88;649.68
20230603:1510;304.81;117.81;11.43;434.05
20230603:1610;122.18;84.1;7.65;213.93
20230603:1710;0;61.25;1.63;62.88
20230603:1810;0;17.38;0.46;17.84
20230603:1910;0;0;0;0
20230603:2010;0;0;0;0
20230603:2110;0;0;0;0
20230603:2210;0;0;0;0
20230603:2310;0;0;0;0
20230604:0010;0;0;0;0
20230604:0110;0;0;0;0
20230604:0210;0;0;0;0
20230604:0310;0;0;0;0
20230604:0410;0;16.56;0.44;17
20230604:0510;0;38.25;0.95;39.2
20230604:0610;0;72.93;1.8;74.73
20230604:0710;6.65;210.37;5.34;222.36
20230604:0810;0;190.34;4.7;195.04
20230604:0910;296.72;368.4;14.42;679.54
20230604:1010;599.68;286.98;18.22;904.88
20230604:1110;216.69;416.03;14.05;646.77
20230604:1210;146.55;396.29;12.42;555.26
20230604:1310;14.1;289.44;7.43;310.97
20230604:1410;51.81;288.77;8.27;348.85
20230604:1510;0.78;156.56;3.89;161.23
20230604:1610;0;34.69;0.86;35.55
20230604:1710;0;61.25;1.63;62.88
20230604:1810;0;2.48;0.07;2.55
20230604:1910;0;0;0;0
20230604:2010;0;0;0;0
20230604:2110;0;0;0;0
20230604:2210;0;0;0;0
20230604:2310;0;0;0;0
20230605:0010;0;0;0;0
20230605:0110;0;0;0;0
20230605:0210;0;0;0;0
20230605:0310;0;0;0;0
20230605:0410;0;10.76;0.29;11.05
20230605:0510;0;63.15;1.56;64.71
20230605:0610;6.4;164.74;4.24;175.38
20230605:0710;90.06;272.85;8.64;371.55
20230605:0810;97.45;332.65;10.05;440.15
20230605:0910;72.46;365.24;10.31;448.01
20230605:1010;2.16;273.25;6.79;282.2
20230605:1110;26.91;348.94;9.1;384.95
20230605:1210;0;227.69;5.63;233.32
20230605:1310;0;209.02;5.17;214.19
20230605:1410;0;115.63;2.86;118.49
20230605:1510;0;108.51;2.68;111.19
20230605:1610;0;61.37;1.52;62.89
20230605:1710;0;69.53;1.85;71.38
20230605:1810;0;3.31;0.09;3.4
20230605:1910;0;0;0;0
20230605:2010;0;0;0;0
20230605:2110;0;0;0;0
20230605:2210;0;0;0;0
20230605:2310;0;0;0;0
20230606:0010;0;0;0;0
20230606:0110;0;0;0;0
20230606:0210;0;0;0;0
20230606:0310;0;0;0;0
20230606:0410;0;10.76;0.29;11.05
20230606:0510;1.92;98.49;2.53;102.94
20230606:0610;48.64;200.05;6.24;254.93
20230606:0710;0;0;0;0
20230606:0810;15.36;276.27;7.12;298.75
20230606:0910;20.22;317.87;8.22;346.31
20230606:1010;0;193.01;4.77;197.78
20230606:1110;34.41;360.54;9.52;404.47
20230606:1210;14.72;313.63;8.02;336.37
20230606:1310;0;124.52;3.08;127.6
20230606:1410;0;179.67;4.44;184.11
20230606:1510;0;94.28;2.33;96.61
20230606:1610;0;47.14;1.17;48.31
20230606:1710;0;23.18;0.62;23.8
20230606:1810;0;6.62;0.18;6.8
20230606:1910;0;0;0;0
20230606:2010;0;0;0;0
20230606:2110;0;0;0;0
20230606:2210;0;0;0;0
20230606:2310;0;0;0;0
20230607:0010;0;0;0;0
20230607:0110;0;0;0;0
20230607:0210;0;0;0;0
20230607:0310;0;0;0;0
20230607:0410;0;26.49;0.7;27.19
20230607:0510;0;74.71;1.85;76.56
20230607:0610;0;119.18;2.95;122.13
20230607:0710;0;93.39;2.31;95.7
20230607:0810;0;133.41;3.3;136.71
20230607:0910;292.21;365.65;14.31;672.17
20230607:1010;479.75;336.5;17.06;833.31
20230607:1110;308.21;398.05;15.3;721.56
20230607:1210;449.53;324.61;16.51;790.65
20230607:1310;32.1;317.06;8.46;357.62
20230607:1410;0.92;193.95;4.81;199.68
20230607:1510;0;40.02;0.99;41.01
20230607:1610;0.51;104.91;2.62;108.04
20230607:1710;0;67.88;1.8;69.68
20230607:1810;0;23.18;0.62;23.8
20230607:1910;0;0;0;0
20230607:2010;0;0;0;0
20230607:2110;0;0;0;0
20230607:2210;0;0;0;0
20230607:2310;0;0;0;0
20230608:0010;0;0;0;0
20230608:0110;0;0;0;0
20230608:0210;0;0;0;0
20230608:0310;0;0;0;0
20230608:0410;0;27.32;0.73;28.05
20230608:0510;13.32;123.28;3.72;140.32
20230608:0610;0.79;137.88;3.43;142.1
20230608:0710;31.1;252.44;6.9;290.44
20230608:0810;76.56;328.45;9.56;414.57
20230608:0910;14.86;306.57;7.85;329.28
20230608:1010;0;245.48;6.07;251.55
20230608:1110;0;234.81;5.8;240.61
20230608:1210;165.77;396.38;12.79;574.94
20230608:1310;14.03;289.41;7.43;310.87
20230608:1410;6.44;232.55;5.89;244.88
20230608:1510;13.24;203.13;5.39;221.76
20230608:1610;6.62;140.63;3.78;151.03
20230608:1710;0;13.24;0.35;13.59
20230608:1810;0;24.01;0.64;24.65
20230608:1910;0;0;0;0
20230608:2010;0;0;0;0
20230608:2110;0;0;0;0
20230608:2210;0;0;0;0
20230608:2310;0;0;0;0
20230609:0010;0;0;0;0
20230609:0110;0;0;0;0
20230609:0210;0;0;0;0
20230609:0310;0;0;0;0
20230609:0410;0;48.84;1.3;50.14
20230609:0510;0;58.7;1.45;60.15
20230609:0610;26.89;192.98;5.5;225.37
20230609:0710;0;143.2;3.54;146.74
20230609:0810;51.98;316.74;8.82;377.54
20230609:0910;0;228.58;5.65;234.23
20230609:1010;246.32;406.18;14.36;666.86
20230609:1110;433.99;360.19;16.8;810.98
20230609:1210;144.64;395.78;12.4;552.82
20230609:1310;102.11;354.85;10.75;467.71
20230609:1410;32.18;276.36;7.54;316.08
20230609:1510;214.75;170.83;10.22;395.8
20230609:1610;11.21;148.9;4.2;164.31
20230609:1710;0;13.24;0.35;13.59
20230609:1810;0;3.31;0.09;3.4
20230609:1910;0;0;0;0
20230609:2010;0;0;0;0
20230609:2110;0;0;0;0
20230609:2210;0;0;0;0
20230609:2310;0;0;0;0
20230610:0010;0;0;0;0
20230610:0110;0;0;0;0
20230610:0210;0;0;0;0
20230610:0310;0;0;0;0
20230610:0410;0;8.28;0.22;8.5
20230610:0510;0;76.49;1.89;78.38
20230610:0610;0;108.51;2.68;111.19
20230610:0710;0;120.07;2.97;123.04
20230610:0810;0;203.68;5.03;208.71
20230610:0910;0;208.13;5.14;213.27
20230610:1010;78.44;391.08;11.04;480.56
20230610:1110;219.46;413.04;14.07;646.57
20230610:1210;210.47;393.71;13.56;617.74
20230610:1310;0;62.26;1.54;63.8
20230610:1410;30.32;274.42;7.45;312.19
20230610:1510;0;78.27;1.93;80.2
20230610:1610;0;27.57;0.68;28.25
20230610:1710;0;40.56;1.08;41.64
20230610:1810;0;24.01;0.64;24.65
20230610:1910;0;0;0;0
20230610:2010;0;0;0;0
20230610:2110;0;0;0;0
20230610:2210;0;0;0;0
20230610:2310;0;0;0;0
20230611:0010;0;0;0;0
20230611:0110;0;0;0;0
20230611:0210;0;0;0;0
20230611:0310;0;0;0;0
20230611:0410;0;53.8;1.43;55.23
20230611:0510;28.11;123.24;4.48;155.83
20230611:0610;0;88.94;2.2;91.14
20230611:0710;0;149.42;3.69;153.11
20230611:0810;1.02;208.2;5.17;214.39
20230611:0910;0;149.42;3.69;153.11
20230611:1010;1.07;254.46;6.31;261.84
20230611:1110;0;166.32;4.11;170.43
20230611:1210;40.8;357.56;9.58;407.94
20230611:1310;88.94;353.44;10.46;452.84
20230611:1410;20.2;264.72;6.99;291.91
20230611:1510;34.19;225.07;6.51;265.77
20230611:1610;35.73;155.28;5.5;196.51
20230611:1710;0;52.15;1.38;53.53
20230611:1810;0;17.38;0.46;17.84
20230611:1910;0;0;0;0
20230611:2010;0;0;0;0
20230611:2110;0;0;0;0
20230611:2210;0;0;0;0
20230611:2310;0;0;0;0
20230612:0010;0;0;0;0
20230612:0110;0;0;0;0
20230612:0210;0;0;0;0
20230612:0310;0;0;0;0
20230612:0410;0;46.35;1.23;47.58
20230612:0510;96.5;67.29;6.51;170.3
20230612:0610;40.83;204.96;6.18;251.97
20230612:0710;350.08;196.38;12.66;559.12
20230612:0810;71.08;333.22;9.58;413.88
20230612:0910;0;0;0;0
20230612:1010;208.09;420.59;14.03;642.71
20230612:1110;251.17;422.3;14.86;688.33
20230612:1210;332.47;381.91;15.59;729.97
20230612:1310;608.16;188.51;17.45;814.12
20230612:1410;197.25;294.39;11.65;503.29
20230612:1510;69.14;238.5;7.8;315.44
20230612:1610;95.06;117.81;7.28;220.15
20230612:1710;0;83.6;2.22;85.82
20230612:1810;0;24.83;0.66;25.49
20230612:1910;0;0;0;0
20230612:2010;0;0;0;0
20230612:2110;0;0;0;0
20230612:2210;0;0;0;0
20230612:2310;0;0;0;0
20230613:0010;0;0;0;0
20230613:0110;0;0;0;0
20230613:0210;0;0;0;0
20230613:0310;0;0.83;0.02;0.85
20230613:0410;0;48.01;1.28;49.29
20230613:0510;95.11;68.86;6.51;170.48
20230613:0610;123.02;192.46;8.13;323.61
20230613:0710;488.86;120.02;14.18;623.06
20230613:0810;535.6;209.41;16.11;761.12
20230613:0910;771.66;160.52;19.39;951.57
20230613:1010;846.71;165.58;20.75;1033.04
20230613:1110;867.26;160.03;21.13;1048.42
20230613:1210;798.23;161.67;20.16;980.06
20230613:1310;651.7;166.68;17.94;836.32
20230613:1410;466.72;164.16;14.9;645.78
20230613:1510;313.75;119.9;11.83;445.48
20230613:1610;136.63;81.5;8.2;226.33
20230613:1710;0;61.25;1.63;62.88
20230613:1810;0;24.01;0.64;24.65
20230613:1910;0;0;0;0
20230613:2010;0;0;0;0
20230613:2110;0;0;0;0
20230613:2210;0;0;0;0
20230613:2310;0;0;0;0
20230614:0010;0;0;0;0
20230614:0110;0;0;0;0
20230614:0210;0;0;0;0
20230614:0310;0;0.83;0.02;0.85
20230614:0410;0;27.32;0.73;28.05
20230614:0510;38.79;119.36;4.97;163.12
20230614:0610;157.18;173.76;8.64;339.58
20230614:0710;379.01;177.46;12.93;569.4
20230614:0810;469.21;238.37;15.37;722.95
20230614:0910;287.96;376.32;14.53;678.81
20230614:1010;225.99;417.88;14.29;658.16
20230614:1110;215.61;423.78;14.27;653.66
20230614:1210;33.41;354.04;9.36;396.81
20230614:1310;77.8;356.79;10.33;444.92
20230614:1410;96.24;308.33;9.74;414.31
20230614:1510;157.63;212.13;9.63;379.39
20230614:1610;141.44;76.41;8.27;226.12
20230614:1710;0;61.25;1.63;62.88
20230614:1810;0;25.66;0.68;26.34
20230614:1910;0;0;0;0
20230614:2010;0;0;0;0
20230614:2110;0;0;0;0
20230614:2210;0;0;0;0
20230614:2310;0;0;0;0
20230615:0010;0;0;0;0
20230615:0110;0;0;0;0
20230615:0210;0;0;0;0
20230615:0310;0;0.83;0.02;0.85
20230615:0410;0;52.15;1.38;53.53
20230615:0510;85.04;76.3;6.24;167.58
20230615:0610;270.06;105.06;10.18;385.3
20230615:0710;458.75;131.51;13.76;604.02
20230615:0810;578.16;177.59;16.36;772.11
20230615:0910;514.38;293.53;17.04;824.95
20230615:1010;487.04;346.41;17.5;850.95
20230615:1110;619.83;291.16;18.93;929.92
20230615:1210;752.52;178.79;19.59;950.9
20230615:1310;606.22;188.3;17.43;811.95
20230615:1410;308.78;250.04;13.17;571.99
20230615:1510;238.38;167.87;10.84;417.09
20230615:1610;70.83;140.41;6.73;217.97
20230615:1710;0;67.88;1.8;69.68
20230615:1810;0;27.32;0.73;28.05
20230615:1910;0;0;0;0
20230615:2010;0;0;0;0
20230615:2110;0;0;0;0
20230615:2210;0;0;0;0
20230615:2310;0;0;0;0
20230616:0010;0;0;0;0
20230616:0110;0;0;0;0
20230616:0210;0;0;0;0
20230616:0310;0;0.83;0.02;0.85
20230616:0410;0;48.84;1.3;50.14
20230616:0510;84.66;74.67;6.2;165.53
20230616:0610;266.48;105.04;10.09;381.61
20230616:0710;447.09;135.27;13.59;595.95
20230616:0810;626.28;148.52;16.77;791.57
20230616:0910;748.98;163.16;19.02;931.16
20230616:1010;823.8;168.27;20.38;1012.45
20230616:1110;822.16;174.19;20.53;1016.88
20230616:1210;90.77;393.98;11.39;496.14
20230616:1310;538.25;226.11;16.8;781.16
20230616:1410;445.21;171.62;14.58;631.41
20230616:1510;295.88;127.45;11.5;434.83
20230616:1610;80.21;132.52;6.95;219.68
20230616:1710;0;72.02;1.91;73.93
20230616:1810;0;27.32;0.73;28.05
20230616:1910;0;0;0;0
20230616:2010;0;0;0;0
20230616:2110;0;0;0;0
20230616:2210;0;0;0;0
20230616:2310;0;0;0;0
20230617:0010;0;0;0;0
20230617:0110;0;0;0;0
20230617:0210;0;0;0;0
20230617:0310;0;0.83;0.02;0.85
20230617:0410;0;9.11;0.24;9.35
20230617:0510;5.47;117.37;3.19;126.03
20230617:0610;269.94;102.19;10.13;382.26
20230617:0710;448.52;133.26;13.59;595.37
20230617:0810;612.71;153.43;16.6;782.74
20230617:0910;445.36;319.46;16.27;781.09
20230617:1010;303.71;401.43;15.32;720.46
20230617:1110;158.83;420.69;13.19;592.71
20230617:1210;119.95;399.19;12.05;531.19
20230617:1310;351.77;315.38;14.86;682.01
20230617:1410;417.68;186.71;14.27;618.66
20230617:1510;104.09;232.09;8.62;344.8
20230617:1610;28.85;160.76;5.3;194.91
20230617:1710;0;75.33;2;77.33
20230617:1810;0;27.32;0.73;28.05
20230617:1910;0;0;0;0
20230617:2010;0;0;0;0
20230617:2110;0;0;0;0
20230617:2210;0;0;0;0
20230617:2310;0;0;0;0
20230618:0010;0;0;0;0
20230618:0110;0;0;0;0
20230618:0210;0;0;0;0
20230618:0310;0;0.83;0.02;0.85
20230618:0410;0;57.94;1.54;59.48
20230618:0510;65.78;92.57;5.74;164.09
20230618:0610;246.24;115.1;9.78;371.12
20230618:0710;431.41;140.89;13.37;585.67
20230618:0810;613.37;153.39;16.62;783.38
20230618:0910;734.58;168.12;18.84;921.54
20230618:1010;808.2;174.35;20.2;1002.75
20230618:1110;496.61;343.19;17.67;857.47
20230618:1210;784.17;159.18;19.85;963.2
20230618:1310;641.67;163.31;17.67;822.65
20230618:1410;491.88;142.84;15.04;649.76
20230618:1510;300.72;124.72;11.56;437
20230618:1610;80.52;132.65;6.95;220.12
20230618:1710;0;72.02;1.91;73.93
20230618:1810;0;28.97;0.77;29.74
20230618:1910;0;0;0;0
20230618:2010;0;0;0;0
20230618:2110;0;0;0;0
20230618:2210;0;0;0;0
20230618:2310;0;0;0;0
20230619:0010;0;0;0;0
20230619:0110;0;0;0;0
20230619:0210;0;0;0;0
20230619:0310;0;0.83;0.02;0.85
20230619:0410;0;56.29;1.49;57.78
20230619:0510;69.57;86.19;5.78;161.54
20230619:0610;239.7;116.03;9.63;365.36
20230619:0710;421.8;142.69;13.19;577.68
20230619:0810;601.97;154.21;16.4;772.58
20230619:0910;721.71;168.91;18.6;909.22
20230619:1010;656.23;252.62;18.8;927.65
20230619:1110;741.57;210.63;19.68;971.88
20230619:1210;751.75;170.26;19.41;941.42
20230619:1310;600.8;182;17.19;799.99
20230619:1410;482.77;144.75;14.86;642.38
20230619:1510;303.2;121.12;11.54;435.86
20230619:1610;114.83;99.78;7.63;222.24
20230619:1710;0;67.05;1.78;68.83
20230619:1810;0;28.14;0.75;28.89
20230619:1910;0;0;0;0
20230619:2010;0;0;0;0
20230619:2110;0;0;0;0
20230619:2210;0;0;0;0
20230619:2310;0;0;0;0
20230620:0010;0;0;0;0
20230620:0110;0;0;0;0
20230620:0210;0;0;0;0
20230620:0310;0;0.83;0.02;0.85
20230620:0410;0;50.49;1.34;51.83
20230620:0510;82.33;72.92;6.11;161.36
20230620:0610;233.21;116.96;9.47;359.64
20230620:0710;84.49;270.99;8.53;364.01
20230620:0810;409.91;253.33;14.51;677.75
20230620:0910;665.78;193.93;17.98;877.69
20230620:1010;749.08;192.25;19.39;960.72
20230620:1110;803.29;170.56;20.09;993.94
20230620:1210;729.83;176.16;19.08;925.07
20230620:1310;620.76;166.06;17.28;804.1
20230620:1410;437.06;167.64;14.29;618.99
20230620:1510;279.27;133.25;11.15;423.67
20230620:1610;77.25;132.44;6.77;216.46
20230620:1710;0;86.92;2.31;89.23
20230620:1810;0;12.42;0.33;12.75
20230620:1910;0;0;0;0
20230620:2010;0;0;0;0
20230620:2110;0;0;0;0
20230620:2210;0;0;0;0
20230620:2310;0;0;0;0
20230621:0010;0;0;0;0
20230621:0110;0;0;0;0
20230621:0210;0;0;0;0
20230621:0310;0;0;0;0
20230621:0410;0;8.28;0.22;8.5
20230621:0510;1.34;96.75;2.46;100.55
20230621:0610;33.28;194.75;5.74;233.77
20230621:0710;201.38;250.45;10.62;462.45
20230621:0810;589.46;154.99;16.16;760.61
20230621:0910;698.27;174.74;18.25;891.26
20230621:1010;759.71;186.12;19.48;965.31
20230621:1110;743.61;202.2;19.54;965.35
20230621:1210;679.81;204.32;18.64;902.77
20230621:1310;528.17;219.69;16.44;764.3
20230621:1410;461.95;152.41;14.53;628.89
20230621:1510;209.42;179.02;10.27;398.71
20230621:1610;56.13;148.76;6.22;211.11
20230621:1710;0;72.02;1.91;73.93
20230621:1810;0;10.76;0.29;11.05
20230621:1910;0;0;0;0
20230621:2010;0;0;0;0
20230621:2110;0;0;0;0
20230621:2210;0;0;0;0
20230621:2310;0;0;0;0
20230622:0010;0;0;0;0
20230622:0110;0;0;0;0
20230622:0210;0;0;0;0
20230622:0310;0;0;0;0
20230622:0410;0;55.46;1.47;56.93
20230622:0510;53.57;99.18;5.32;158.07
20230622:0610;204.91;133.39;9.08;347.38
20230622:0710;373.86;163.31;12.55;549.72
20230622:0810;541.93;178.55;15.65;736.13
20230622:0910;674.04;185.74;17.98;877.76
20230622:1010;756.5;186.05;19.41;961.96
20230622:1110;739.4;202.1;19.46;960.96
20230622:1210;638.19;227.02;18.27;883.48
20230622:1310;609.03;169.97;17.1;796.1
20230622:1410;452.06;157.2;14.4;623.66
20230622:1510;65.45;233.97;7.58;307
20230622:1610;80.23;130.57;6.84;217.64
20230622:1710;0;83.6;2.22;85.82
20230622:1810;0;28.14;0.75;28.89
20230622:1910;0;0;0;0
20230622:2010;0;0;0;0
20230622:2110;0;0;0;0
20230622:2210;0;0;0;0
20230622:2310;0;0;0;0
20230623:0010;0;0;0;0
20230623:0110;0;0;0;0
20230623:0210;0;0;0;0
20230623:0310;0;0;0;0
20230623:0410;0;52.15;1.38;53.53
20230623:0510;37.36;113.8;4.84;156
20230623:0610;182.34;148.82;8.82;339.98
20230623:0710;363.55;171.83;12.51;547.89
20230623:0810;526.75;190.39;15.59;732.73
20230623:0910;510.01;278.82;16.66;805.49
20230623:1010;597.35;279.17;18.2;894.72
20230623:1110;200.33;414.33;13.78;628.44
20230623:1210;0;76.49;1.89;78.38
20230623:1310;0;63.15;1.56;64.71
20230623:1410;0;53.37;1.32;54.69
20230623:1510;0;99.62;2.46;102.08
20230623:1610;0;30.24;0.75;30.99
20230623:1710;0;16.56;0.44;17
20230623:1810;0;5.79;0.15;5.94
20230623:1910;0;0;0;0
20230623:2010;0;0;0;0
20230623:2110;0;0;0;0
20230623:2210;0;0;0;0
20230623:2310;0;0;0;0
20230624:0010;0;0;0;0
20230624:0110;0;0;0;0
20230624:0210;0;0;0;0
20230624:0310;0;0;0;0
20230624:0410;0;48.84;1.3;50.14
20230624:0510;2.22;101.93;2.64;106.79
20230624:0610;0;99.62;2.46;102.08
20230624:0710;0;124.52;3.08;127.6
20230624:0810;0;185.89;4.59;190.48
20230624:0910;0;142.31;3.52;145.83
20230624:1010;0;150.31;3.72;154.03
20230624:1110;0;137.86;3.41;141.27
20230624:1210;0;114.74;2.84;117.58
20230624:1310;0;109.4;2.7;112.1
20230624:1410;0;119.18;2.95;122.13
20230624:1510;54.65;235.51;7.32;297.48
20230624:1610;49.23;154.98;6.05;210.26
20230624:1710;0;87.74;2.33;90.07
20230624:1810;0;25.66;0.68;26.34
20230624:1910;0;0;0;0
20230624:2010;0;0;0;0
20230624:2110;0;0;0;0
20230624:2210;0;0;0;0
20230624:2310;0;0;0;0
20230625:0010;0;0;0;0
20230625:0110;0;0;0;0
20230625:0210;0;0;0;0
20230625:0310;0;0;0;0
20230625:0410;0;8.28;0.22;8.5
20230625:0510;0;66.71;1.65;68.36
20230625:0610;194.48;144.18;9.06;347.72
20230625:0710;422.83;141.62;13.21;577.66
20230625:0810;596.47;157.18;16.36;770.01
20230625:0910;553.3;264.7;17.21;835.21
20230625:1010;414.8;366.76;16.6;798.16
20230625:1110;525.62;327.94;17.89;871.45
20230625:1210;450.91;332.96;16.8;800.67
20230625:1310;585.86;196.06;17.15;799.07
20230625:1410;367.48;217.66;13.76;598.9
20230625:1510;200.9;191.01;10.29;402.2
20230625:1610;99.27;119.4;7.36;226.03
20230625:1710;0;67.05;1.78;68.83
20230625:1810;0;28.97;0.77;29.74
20230625:1910;0;0;0;0
20230625:2010;0;0;0;0
20230625:2110;0;0;0;0
20230625:2210;0;0;0;0
20230625:2310;0;0;0;0
20230626:0010;0;0;0;0
20230626:0110;0;0;0;0
20230626:0210;0;0;0;0
20230626:0310;0;0;0;0
20230626:0410;0;47.18;1.25;48.43
20230626:0510;73.95;77.39;5.89;157.23
20230626:0610;258.44;101.93;9.87;370.24
20230626:0710;434.93;132.95;13.3;581.18
20230626:0810;613.76;146.16;16.49;776.41
20230626:0910;718.65;168.91;18.53;906.09
20230626:1010;772.13;185.45;19.7;977.28
20230626:1110;827.67;163.62;20.42;1011.71
20230626:1210;752.92;170.42;19.41;942.75
20230626:1310;651.12;156.47;17.7;825.29
20230626:1410;506.62;135.39;15.17;657.18
20230626:1510;277.88;140.86;11.23;429.97
20230626:1610;122.74;97.27;7.8;227.81
20230626:1710;0;67.88;1.8;69.68
20230626:1810;0;29.8;0.79;30.59
20230626:1910;0;0;0;0
20230626:2010;0;0;0;0
20230626:2110;0;0;0;0
20230626:2210;0;0;0;0
20230626:2310;0;0;0;0
20230627:0010;0;0;0;0
20230627:0110;0;0;0;0
20230627:0210;0;0;0;0
20230627:0310;0;0;0;0
20230627:0410;0;8.28;0.22;8.5
20230627:0510;0;48.03;1.19;49.22
20230627:0610;0;53.37;1.32;54.69
20230627:0710;0;61.37;1.52;62.89
20230627:0810;0;96.06;2.37;98.43
20230627:0910;0;75.6;1.87;77.47
20230627:1010;0;160.1;3.96;164.06
20230627:1110;2.13;270.57;6.73;279.43
20230627:1210;0;189.45;4.68;194.13
20230627:1310;0;114.74;2.84;117.58
20230627:1410;0;120.07;2.97;123.04
20230627:1510;7.84;195.88;5.06;208.78
20230627:1610;14.8;158.41;4.57;177.78
20230627:1710;0;74.5;1.98;76.48
20230627:1810;0;24.83;0.66;25.49
20230627:1910;0;0;0;0
20230627:2010;0;0;0;0
20230627:2110;0;0;0;0
20230627:2210;0;0;0;0
20230627:2310;0;0;0;0
20230628:0010;0;0;0;0
20230628:0110;0;0;0;0
20230628:0210;0;0;0;0
20230628:0310;0;0;0;0
20230628:0410;0;8.28;0.22;8.5
20230628:0510;0;63.15;1.56;64.71
20230628:0610;209.78;134.09;9.26;353.13
20230628:0710;437.02;134.97;13.39;585.38
20230628:0810;608.17;152.33;16.49;776.99
20230628:0910;711.9;177.32;18.55;907.77
20230628:1010;807.11;173.44;20.14;1000.69
20230628:1110;754.88;210.17;19.9;984.95
20230628:1210;693.19;211.22;19.02;923.43
20230628:1310;0;224.14;5.54;229.68
20230628:1410;114.24;309.83;10.16;434.23
20230628:1510;0;112.07;2.77;114.84
20230628:1610;2.12;129.66;3.3;135.08
20230628:1710;0;84.43;2.24;86.67
20230628:1810;0;28.97;0.77;29.74
20230628:1910;0;0;0;0
20230628:2010;0;0;0;0
20230628:2110;0;0;0;0
20230628:2210;0;0;0;0
20230628:2310;0;0;0;0
20230629:0010;0;0;0;0
20230629:0110;0;0;0;0
20230629:0210;0;0;0;0
20230629:0310;0;0;0;0
20230629:0410;0;45.53;1.21;46.74
20230629:0510;84.64;66.64;6.22;157.5
20230629:0610;263.79;100.88;10;374.67
20230629:0710;443.71;131.14;13.45;588.3
20230629:0810;610.51;151.39;16.51;778.41
20230629:0910;733.38;167.23;18.77;919.38
20230629:1010;809.74;173.55;20.18;1003.47
20230629:1110;834.43;167.11;20.6;1022.14
20230629:1210;780.55;163.67;19.81;964.03
20230629:1310;685.7;145.78;18.18;849.66
20230629:1410;521.1;133.71;15.43;670.24
20230629:1510;322.41;117.9;11.89;452.2
20230629:1610;123.9;99.93;7.87;231.7
20230629:1710;0;66.22;1.76;67.98
20230629:1810;0;28.97;0.77;29.74
20230629:1910;0;0;0;0
20230629:2010;0;0;0;0
20230629:2110;0;0;0;0
20230629:2210;0;0;0;0
20230629:2310;0;0;0;0
20230630:0010;0;0;0;0
20230630:0110;0;0;0;0
20230630:0210;0;0;0;0
20230630:0310;0;0;0;0
20230630:0410;0;52.98;1.41;54.39
20230630:0510;52.22;96.14;5.25;153.61
20230630:0610;152.76;163.22;8.33;324.31
20230630:0710;368.73;166.29;12.49;547.51
20230630:0810;496.61;206.03;15.26;717.9
20230630:0910;681.15;185.2;18.07;884.42
20230630:1010;777.07;179.4;19.63;976.1
20230630:1110;0;0;0;0
20230630:1210;748.73;171.67;19.3;939.7
20230630:1310;665.32;148.73;17.78;831.83
20230630:1410;455.25;162.62;14.51;632.38
20230630:1510;302.49;124.65;11.48;438.62
20230630:1610;0;48.92;1.21;50.13
20230630:1710;0;36.42;0.97;37.39
20230630:1810;0;8.28;0.22;8.5
20230630:1910;0;0;0;0
20230630:2010;0;0;0;0
20230630:2110;0;0;0;0
20230630:2210;0;0;0;0
20230630:2310;0;0;0;0
20230701:0010;0;0;0;0
20230701:0110;0;0;0;0
20230701:0210;0;0;0;0
20230701:0310;0;0;0;0
20230701:0410;0;8.28;0.22;8.5
20230701:0510;0;56.03;1.38;57.41
20230701:0610;0;90.72;2.24;92.96
20230701:0710;29.74;245.98;6.73;282.45
20230701:0810;4.05;235.13;5.89;245.07
20230701:0910;0;209.91;5.19;215.1
20230701:1010;19.31;331.12;8.53;358.96
20230701:1110;5.35;294.9;7.39;307.64
20230701:1210;0;237.48;5.87;243.35
20230701:1310;0;210.8;5.21;216.01
20230701:1410;0.92;201.06;4.99;206.97
20230701:1510;52.88;233.85;7.21;293.94
20230701:1610;53.53;152.38;6.11;212.02
20230701:1710;0;43.04;1.14;44.18
20230701:1810;0;28.97;0.77;29.74
20230701:1910;0;0;0;0
20230701:2010;0;0;0;0
20230701:2110;0;0;0;0
20230701:2210;0;0;0;0
20230701:2310;0;0;0;0
20230702:0010;0;0;0;0
20230702:0110;0;0;0;0
20230702:0210;0;0;0;0
20230702:0310;0;0;0;0
20230702:0410;0;8.28;0.22;8.5
20230702:0510;0;26.68;0.66;27.34
20230702:0610;6.18;161.12;4.15;171.45
20230702:0710;275.34;216.6;11.48;503.42
20230702:0810;592.63;153.38;16.14;762.15
20230702:0910;321.05;354.56;14.64;690.25
20230702:1010;56.9;377.63;10.33;444.86
20230702:1110;161.73;415.7;13.1;590.53
20230702:1210;573.89;270.59;17.81;862.29
20230702:1310;642.67;161.96;17.54;822.17
20230702:1410;508.35;135.92;15.12;659.39
20230702:1510;313.93;119.28;11.63;444.84
20230702:1610;122.48;99.69;7.74;229.91
20230702:1710;0;67.05;1.78;68.83
20230702:1810;0;28.97;0.77;29.74
20230702:1910;0;0;0;0
20230702:2010;0;0;0;0
20230702:2110;0;0;0;0
20230702:2210;0;0;0;0
20230702:2310;0;0;0;0
20230703:0010;0;0;0;0
20230703:0110;0;0;0;0
20230703:0210;0;0;0;0
20230703:0310;0;0;0;0
20230703:0410;0;52.15;1.38;53.53
20230703:0510;3.89;107.79;2.88;114.56
20230703:0610;135.24;172.24;8.05;315.53
20230703:0710;58.66;265.44;7.83;331.93
20230703:0810;406.61;255.78;14.44;676.83
20230703:0910;256.87;373.55;13.87;644.29
20230703:1010;324.52;391.5;15.43;731.45
20230703:1110;191.9;418.45;13.7;624.05
20230703:1210;137.59;400.58;12.38;550.55
20230703:1310;291.57;337.76;14.07;643.4
20230703:1410;61.21;300.31;8.75;370.27
20230703:1510;58.64;238.59;7.47;304.7
20230703:1610;74.94;141.55;6.75;223.24
20230703:1710;0;84.43;2.24;86.67
20230703:1810;0;11.59;0.31;11.9
20230703:1910;0;0;0;0
20230703:2010;0;0;0;0
20230703:2110;0;0;0;0
20230703:2210;0;0;0;0
20230703:2310;0;0;0;0
20230704:0010;0;0;0;0
20230704:0110;0;0;0;0
20230704:0210;0;0;0;0
20230704:0310;0;0;0;0
20230704:0410;0;48.01;1.28;49.29
20230704:0510;19.84;117.62;4.02;141.48
20230704:0610;212.72;125.16;9.1;346.98
20230704:0710;399.87;147.62;12.75;560.24
20230704:0810;446.63;233.8;14.77;695.2
20230704:0910;41.27;342.6;9.21;393.08
20230704:1010;115.1;402.99;11.96;530.05
20230704:1110;742.67;210.44;19.57;972.68
20230704:1210;59.93;373.3;10.31;443.54
20230704:1310;618.13;176.12;17.28;811.53
20230704:1410;477.42;152.57;14.73;644.72
20230704:1510;270.79;148.15;11.08;430.02
20230704:1610;66.55;146.86;6.51;219.92
20230704:1710;0;28.97;0.77;29.74
20230704:1810;0;28.97;0.77;29.74
20230704:1910;0;0;0;0
20230704:2010;0;0;0;0
20230704:2110;0;0;0;0
20230704:2210;0;0;0;0
20230704:2310;0;0;0;0
20230705:0010;0;0;0;0
20230705:0110;0;0;0;0
20230705:0210;0;0;0;0
20230705:0310;0;0;0;0
20230705:0410;0;7.45;0.2;7.65
20230705:0510;5.6;110.97;3.06;119.63
20230705:0610;144.02;164.25;8.09;316.36
20230705:0710;0;0;0;0
20230705:0810;391.25;259.16;14.18;664.59
20230705:0910;575.22;244.92;17.13;837.27
20230705:1010;487.83;331.12;17.1;836.05
20230705:1110;767.16;193.11;19.68;979.95
20230705:1210;0;85.39;2.11;87.5
20230705:1310;0;68.49;1.69;70.18
20230705:1410;0;79.16;1.96;81.12
20230705:1510;0;104.95;2.59;107.54
20230705:1610;5.97;143.54;3.8;153.31
20230705:1710;0;64.57;1.71;66.28
20230705:1810;0;28.97;0.77;29.74
20230705:1910;0;0;0;0
20230705:2010;0;0;0;0
20230705:2110;0;0;0;0
20230705:2210;0;0;0;0
20230705:2310;0;0;0;0
20230706:0010;0;0;0;0
20230706:0110;0;0;0;0
20230706:0210;0;0;0;0
20230706:0310;0;0;0;0
20230706:0410;0;7.45;0.2;7.65
20230706:0510;0;71.15;1.76;72.91
20230706:0610;41.09;192.32;5.89;239.3
20230706:0710;60.74;262.97;7.8;331.51
20230706:0810;269.64;307.71;12.82;590.17
20230706:0910;503.8;283.71;16.53;804.04
20230706:1010;581.13;290.94;18;890.07
20230706:1110;258.19;410.24;14.66;683.09
20230706:1210;644.09;235.7;18.4;898.19
20230706:1310;383.66;301.95;15.08;700.69
20230706:1410;331.82;237.84;13.26;582.92
20230706:1510;133.23;223.78;9.1;366.11
20230706:1610;106.85;114.97;7.39;229.21
20230706:1710;0;87.74;2.33;90.07
20230706:1810;0;26.49;0.7;27.19
20230706:1910;0;0;0;0
20230706:2010;0;0;0;0
20230706:2110;0;0;0;0
20230706:2210;0;0;0;0
20230706:2310;0;0;0;0
20230707:0010;0;0;0;0
20230707:0110;0;0;0;0
20230707:0210;0;0;0;0
20230707:0310;0;0;0;0
20230707:0410;0;49.67;1.32;50.99
20230707:0510;63.58;80.4;5.52;149.5
20230707:0610;233.68;112.43;9.36;355.47
20230707:0710;424.86;137.46;13.06;575.38
20230707:0810;596.06;156.04;16.18;768.28
20230707:0910;718.98;173.09;18.47;910.54
20230707:1010;785.91;183.59;19.76;989.26
20230707:1110;651.7;269.94;18.95;940.59
20230707:1210;737.89;187.05;19.26;944.2
20230707:1310;584.48;204.45;17.1;806.03
20230707:1410;454.77;173.28;14.6;642.65
20230707:1510;319.89;121.67;11.74;453.3
20230707:1610;128.06;98.16;7.83;234.05
20230707:1710;0;71.19;1.89;73.08
20230707:1810;0;28.14;0.75;28.89
20230707:1910;0;0;0;0
20230707:2010;0;0;0;0
20230707:2110;0;0;0;0
20230707:2210;0;0;0;0
20230707:2310;0;0;0;0
20230708:0010;0;0;0;0
20230708:0110;0;0;0;0
20230708:0210;0;0;0;0
20230708:0310;0;0;0;0
20230708:0410;0;43.87;1.17;45.04
20230708:0510;37.34;106.82;4.75;148.91
20230708:0610;213.83;125.38;9.1;348.31
20230708:0710;393.66;155.79;12.73;562.18
20230708:0810;530.61;194.8;15.61;741.02
20230708:0910;537.06;274.6;16.95;828.61
20230708:1010;801.03;178.69;19.94;999.66
20230708:1110;826.27;174.42;20.4;1021.09
20230708:1210;742.15;187.3;19.32;948.77
20230708:1310;429.46;288.2;15.67;733.33
20230708:1410;534.25;129.93;15.45;679.63
20230708:1510;303.07;132.95;11.52;447.54
20230708:1610;20.33;162.49;4.88;187.7
20230708:1710;0;74.5;1.98;76.48
20230708:1810;0;27.32;0.73;28.05
20230708:1910;0;0;0;0
20230708:2010;0;0;0;0
20230708:2110;0;0;0;0
20230708:2210;0;0;0;0
20230708:2310;0;0;0;0
20230709:0010;0;0;0;0
20230709:0110;0;0;0;0
20230709:0210;0;0;0;0
20230709:0310;0;0;0;0
20230709:0410;0;47.18;1.25;48.43
20230709:0510;63.05;77.98;5.43;146.46
20230709:0610;223.55;115.41;9.12;348.08
20230709:0710;399.03;147.18;12.64;558.85
20230709:0810;578.46;161.16;15.87;755.49
20230709:0910;699.74;177.21;18.11;895.06
20230709:1010;775.12;184.73;19.52;979.37
20230709:1110;800.47;180.52;19.98;1000.97
20230709:1210;750.71;175.98;19.24;945.93
20230709:1310;651.4;162;17.56;830.96
20230709:1410;495.97;145.62;14.88;656.47
20230709:1510;295.83;134.1;11.32;441.25
20230709:1610;112.53;110.65;7.45;230.63
20230709:1710;0;80.29;2.13;82.42
20230709:1810;0;27.32;0.73;28.05
20230709:1910;0;0;0;0
20230709:2010;0;0;0;0
20230709:2110;0;0;0;0
20230709:2210;0;0;0;0
20230709:2310;0;0;0;0
20230710:0010;0;0;0;0
20230710:0110;0;0;0;0
20230710:0210;0;0;0;0
20230710:0310;0;0;0;0
20230710:0410;0;15.73;0.42;16.15
20230710:0510;21.86;112.68;4.02;138.56
20230710:0610;185.74;137.5;8.57;331.81
20230710:0710;378.13;156.75;12.35;547.23
20230710:0810;544.63;176;15.45;736.08
20230710:0910;630.44;214.48;17.48;862.4
20230710:1010;699.33;225.47;18.84;943.64
20230710:1110;542.05;315.49;17.74;875.28
20230710:1210;654.37;228.39;18.36;901.12
20230710:1310;189.07;357.77;12.44;559.28
20230710:1410;0;98.73;2.44;101.17
20230710:1510;0;80.05;1.98;82.03
20230710:1610;54.83;152.1;6.07;213
20230710:1710;0;81.95;2.18;84.13
20230710:1810;0;26.49;0.7;27.19
20230710:1910;0;0;0;0
20230710:2010;0;0;0;0
20230710:2110;0;0;0;0
20230710:2210;0;0;0;0
20230710:2310;0;0;0;0
20230711:0010;0;0;0;0
20230711:0110;0;0;0;0
20230711:0210;0;0;0;0
20230711:0310;0;0;0;0
20230711:0410;0;32.28;0.86;33.14
20230711:0510;24.43;110.38;4.11;138.92
20230711:0610;108.7;176.01;7.34;292.05
20230711:0710;274.26;209.92;11.19;495.37
20230711:0810;472.78;213.73;14.75;701.26
20230711:0910;624.01;214.44;17.32;855.77
20230711:1010;748.24;194.06;19.13;961.43
20230711:1110;797.59;176.5;19.79;993.88
20230711:1210;757.48;167.96;19.15;944.59
20230711:1310;648.73;158.16;17.37;824.26
20230711:1410;479.31;150.71;14.55;644.57
20230711:1510;295.06;130.78;11.17;437.01
20230711:1610;107.34;113.09;7.25;227.68
20230711:1710;0;77.81;2.07;79.88
20230711:1810;0;21.52;0.57;22.09
20230711:1910;0;0;0;0
20230711:2010;0;0;0;0
20230711:2110;0;0;0;0
20230711:2210;0;0;0;0
20230711:2310;0;0;0;0
20230712:0010;0;0;0;0
20230712:0110;0;0;0;0
20230712:0210;0;0;0;0
20230712:0310;0;0;0;0
20230712:0410;0;9.11;0.24;9.35
20230712:0510;0;64.93;1.6;66.53
20230712:0610;68.19;186.94;6.49;261.62
20230712:0710;303.17;195.84;11.5;510.51
20230712:0810;566.15;161.38;15.54;743.07
20230712:0910;724.64;160.15;18.18;902.97
20230712:1010;395.96;363.16;15.98;775.1
20230712:1110;670.86;247.5;18.73;937.09
20230712:1210;454.45;325.33;16.47;796.25
20230712:1310;414.29;284.08;15.19;713.56
20230712:1410;91.55;301.44;9.39;402.38
20230712:1510;119.18;224.96;8.68;352.82
20230712:1610;25.13;157.77;4.95;187.85
20230712:1710;0;67.88;1.8;69.68
20230712:1810;0;26.49;0.7;27.19
20230712:1910;0;0;0;0
20230712:2010;0;0;0;0
20230712:2110;0;0;0;0
20230712:2210;0;0;0;0
20230712:2310;0;0;0;0
20230713:0010;0;0;0;0
20230713:0110;0;0;0;0
20230713:0210;0;0;0;0
20230713:0310;0;0;0;0
20230713:0410;0;6.62;0.18;6.8
20230713:0510;3.86;100.67;2.7;107.23
20230713:0610;0;40.02;0.99;41.01
20230713:0710;2.84;182.51;4.57;189.92
20230713:0810;539.48;176.4;15.28;731.16
20230713:0910;357.09;337.76;14.79;709.64
20230713:1010;236.47;400.51;13.96;650.94
20230713:1110;120.71;404.84;12.07;537.62
20230713:1210;549.13;282.57;17.34;849.04
20230713:1310;254.61;342.62;13.32;610.55
20230713:1410;0;136.08;3.36;139.44
20230713:1510;0;40.91;1.01;41.92
20230713:1610;0;62.26;1.54;63.8
20230713:1710;0;43.87;1.17;45.04
20230713:1810;0;9.11;0.24;9.35
20230713:1910;0;0;0;0
20230713:2010;0;0;0;0
20230713:2110;0;0;0;0
20230713:2210;0;0;0;0
20230713:2310;0;0;0;0
20230714:0010;0;0;0;0
20230714:0110;0;0;0;0
20230714:0210;0;0;0;0
20230714:0310;0;0;0;0
20230714:0410;0;39.73;1.06;40.79
20230714:0510;66.53;69.95;5.41;141.89
20230714:0610;239.5;104.86;9.23;353.59
20230714:0710;424.11;134.52;12.82;571.45
20230714:0810;574.66;164.02;15.72;754.4
20230714:0910;704.82;178.24;18.09;901.15
20230714:1010;726.02;218.66;19.1;963.78
20230714:1110;740.85;219.62;19.46;979.93
20230714:1210;736.09;188.28;19.04;943.41
20230714:1310;607.65;190.98;17.1;815.73
20230714:1410;304.46;254.4;12.86;571.72
20230714:1510;311.6;126.58;11.43;449.61
20230714:1610;44.5;157.76;5.74;208
20230714:1710;0;63.74;1.69;65.43
20230714:1810;0;4.14;0.11;4.25
20230714:1910;0;0;0;0
20230714:2010;0;0;0;0
20230714:2110;0;0;0;0
20230714:2210;0;0;0;0
20230714:2310;0;0;0;0
20230715:0010;0;0;0;0
20230715:0110;0;0;0;0
20230715:0210;0;0;0;0
20230715:0310;0;0;0;0
20230715:0410;0;39.73;1.06;40.79
20230715:0510;70.46;65.31;5.5;141.27
20230715:0610;244.13;101.31;9.26;354.7
20230715:0710;433.73;128.88;12.88;575.49
20230715:0810;604.87;149.22;16;770.09
20230715:0910;722.39;169.23;18.22;909.84
20230715:1010;813.84;169.39;19.79;1003.02
20230715:1110;840.52;165.12;20.27;1025.91
20230715:1210;768.62;171.06;19.3;958.98
20230715:1310;676.78;152.07;17.7;846.55
20230715:1410;508.73;142.88;14.93;666.54
20230715:1510;328.15;117.43;11.63;457.21
20230715:1610;140.31;87.6;7.85;235.76
20230715:1710;0;63.74;1.69;65.43
20230715:1810;0;24.83;0.66;25.49
20230715:1910;0;0;0;0
20230715:2010;0;0;0;0
20230715:2110;0;0;0;0
20230715:2210;0;0;0;0
20230715:2310;0;0;0;0
20230716:0010;0;0;0;0
20230716:0110;0;0;0;0
20230716:0210;0;0;0;0
20230716:0310;0;0;0;0
20230716:0410;0;40.56;1.08;41.64
20230716:0510;55.93;77.37;5.01;138.31
20230716:0610;220.29;110.77;8.79;339.85
20230716:0710;399.58;140.46;12.33;552.37
20230716:0810;574.14;158.18;15.52;747.84
20230716:0910;706.65;170.16;17.89;894.7
20230716:1010;763.96;186.87;19.13;969.96
20230716:1110;812.68;171.29;19.81;1003.78
20230716:1210;742.34;177.13;18.86;938.33
20230716:1310;604.22;185.14;16.84;806.2
20230716:1410;476.71;153.61;14.4;644.72
20230716:1510;310.34;123.29;11.26;444.89
20230716:1610;131.27;92.61;7.58;231.46
20230716:1710;0;68.7;1.82;70.52
20230716:1810;0;11.59;0.31;11.9
20230716:1910;0;0;0;0
20230716:2010;0;0;0;0
20230716:2110;0;0;0;0
20230716:2210;0;0;0;0
20230716:2310;0;0;0;0
20230717:0010;0;0;0;0
20230717:0110;0;0;0;0
20230717:0210;0;0;0;0
20230717:0310;0;0;0;0
20230717:0410;0;36.42;0.97;37.39
20230717:0510;40.51;91.73;4.53;136.77
20230717:0610;193.97;124.69;8.38;327.04
20230717:0710;178.83;243.5;9.78;432.11
20230717:0810;17.66;266.76;6.92;291.34
20230717:0910;0;181.44;4.48;185.92
20230717:1010;1.1;245.58;6.09;252.77
20230717:1110;267.44;400.3;14.47;682.21
20230717:1210;218.24;388.67;13.43;620.34
20230717:1310;18.57;293.52;7.61;319.7
20230717:1410;353.73;221.43;13.12;588.28
20230717:1510;297.38;128.16;10.99;436.53
20230717:1610;130.72;91.97;7.52;230.21
20230717:1710;0;67.88;1.8;69.68
20230717:1810;0;23.18;0.62;23.8
20230717:1910;0;0;0;0
20230717:2010;0;0;0;0
20230717:2110;0;0;0;0
20230717:2210;0;0;0;0
20230717:2310;0;0;0;0
20230718:0010;0;0;0;0
20230718:0110;0;0;0;0
20230718:0210;0;0;0;0
20230718:0310;0;0;0;0
20230718:0410;0;39.73;1.06;40.79
20230718:0510;44.48;87.62;4.64;136.74
20230718:0610;218.56;111.07;8.71;338.34
20230718:0710;398;140.83;12.24;551.07
20230718:0810;572.8;158.59;15.43;746.82
20230718:0910;696.82;174.65;17.72;889.19
20230718:1010;763.93;187.33;19.06;970.32
20230718:1110;779.89;188.3;19.43;987.62
20230718:1210;652.96;229.1;18.09;900.15
20230718:1310;500.6;243.66;15.89;760.15
20230718:1410;476.48;154.05;14.33;644.86
20230718:1510;285.18;138.54;10.88;434.6
20230718:1610;0;72.04;1.78;73.82
20230718:1710;0;38.08;1.01;39.09
20230718:1810;0;15.73;0.42;16.15
20230718:1910;0;0;0;0
20230718:2010;0;0;0;0
20230718:2110;0;0;0;0
20230718:2210;0;0;0;0
20230718:2310;0;0;0;0
20230719:0010;0;0;0;0
20230719:0110;0;0;0;0
20230719:0210;0;0;0;0
20230719:0310;0;0;0;0
20230719:0410;0;8.28;0.22;8.5
20230719:0510;0;60.48;1.49;61.97
20230719:0610;17.61;170.49;4.68;192.78
20230719:0710;105.81;258.53;8.57;372.91
20230719:0810;39.68;295.13;8.02;342.83
20230719:0910;174.89;373.91;12.24;561.04
20230719:1010;87.16;386.55;11.01;484.72
20230719:1110;775.03;194.91;19.43;989.37
20230719:1210;727.92;189.23;18.71;935.86
20230719:1310;554.75;217.43;16.4;788.58
20230719:1410;306.72;249.84;12.68;569.24
20230719:1510;190.79;195.04;9.72;395.55
20230719:1610;38.6;155.15;5.39;199.14
20230719:1710;0;67.05;1.78;68.83
20230719:1810;0;22.35;0.59;22.94
20230719:1910;0;0;0;0
20230719:2010;0;0;0;0
20230719:2110;0;0;0;0
20230719:2210;0;0;0;0
20230719:2310;0;0;0;0
20230720:0010;0;0;0;0
20230720:0110;0;0;0;0
20230720:0210;0;0;0;0
20230720:0310;0;0;0;0
20230720:0410;0;33.94;0.9;34.84
20230720:0510;0;56.92;1.41;58.33
20230720:0610;191.24;127.91;8.31;327.46
20230720:0710;343.53;173.52;11.7;528.75
20230720:0810;254.43;305.87;12.27;572.57
20230720:0910;578.22;244.15;16.77;839.14
20230720:1010;582.76;290.12;17.65;890.53
20230720:1110;644.4;268.46;18.4;931.26
20230720:1210;715.59;197.71;18.6;931.9
20230720:1310;643.52;168.27;17.15;828.94
20230720:1410;465.79;164.29;14.25;644.33
20230720:1510;301.38;130.61;11.06;443.05
20230720:1610;131.37;92.31;7.47;231.15
20230720:1710;0;66.22;1.76;67.98
20230720:1810;0;21.52;0.57;22.09
20230720:1910;0;0;0;0
20230720:2010;0;0;0;0
20230720:2110;0;0;0;0
20230720:2210;0;0;0;0
20230720:2310;0;0;0;0
20230721:0010;0;0;0;0
20230721:0110;0;0;0;0
20230721:0210;0;0;0;0
20230721:0310;0;0;0;0
20230721:0410;0;5.79;0.15;5.94
20230721:0510;0;17.79;0.44;18.23
20230721:0610;0;61.37;1.52;62.89
20230721:0710;0;67.6;1.67;69.27
20230721:0810;1.05;195.75;4.86;201.66
20230721:0910;38.21;330.92;8.84;377.97
20230721:1010;0;221.47;5.47;226.94
20230721:1110;0;170.77;4.22;174.99
20230721:1210;644.64;235.95;17.96;898.55
20230721:1310;298.13;329.77;13.72;641.62
20230721:1410;60.94;291.15;8.44;360.53
20230721:1510;0;125.41;3.1;128.51
20230721:1610;0;26.68;0.66;27.34
20230721:1710;0;13.24;0.35;13.59
20230721:1810;0;20.69;0.55;21.24
20230721:1910;0;0;0;0
20230721:2010;0;0;0;0
20230721:2110;0;0;0;0
20230721:2210;0;0;0;0
20230721:2310;0;0;0;0
20230722:0010;0;0;0;0
20230722:0110;0;0;0;0
20230722:0210;0;0;0;0
20230722:0310;0;0;0;0
20230722:0410;0;30.63;0.81;31.44
20230722:0510;51.13;78.19;4.73;134.05
20230722:0610;155.54;149.04;7.8;312.38
20230722:0710;400.24;142.79;12.2;555.23
20230722:0810;203.24;317.61;11.54;532.39
20230722:0910;476.14;295.99;15.87;788
20230722:1010;752.3;202.15;18.97;973.42
20230722:1110;782.8;195.93;19.48;998.21
20230722:1210;529.86;299.37;17.06;846.29
20230722:1310;325.08;325.52;14.11;664.71
20230722:1410;75.69;297.14;8.88;381.71
20230722:1510;47.81;228.38;6.84;283.03
20230722:1610;122.69;99.89;7.28;229.86
20230722:1710;0;71.19;1.89;73.08
20230722:1810;0;16.56;0.44;17
20230722:1910;0;0;0;0
20230722:2010;0;0;0;0
20230722:2110;0;0;0;0
20230722:2210;0;0;0;0
20230722:2310;0;0;0;0
20230723:0010;0;0;0;0
20230723:0110;0;0;0;0
20230723:0210;0;0;0;0
20230723:0310;0;0;0;0
20230723:0410;0;34.77;0.92;35.69
20230723:0510;54.4;73.59;4.77;132.76
20230723:0610;218.05;111.04;8.55;337.64
20230723:0710;404.59;140.14;12.2;556.93
20230723:0810;575.64;162.02;15.37;753.03
20230723:0910;700.24;179.26;17.67;897.17
20230723:1010;789.87;181.69;19.24;990.8
20230723:1110;807.01;182.67;19.63;1009.31
20230723:1210;758.14;178.15;18.91;955.2
20230723:1310;435.01;281.15;15.23;731.39
20230723:1410;493.55;150.54;14.44;658.53
20230723:1510;303.15;130.34;10.99;444.48
20230723:1610;21.13;152.34;4.59;178.06
20230723:1710;0;67.05;1.78;68.83
20230723:1810;0;18.21;0.48;18.69
20230723:1910;0;0;0;0
20230723:2010;0;0;0;0
20230723:2110;0;0;0;0
20230723:2210;0;0;0;0
20230723:2310;0;0;0;0
20230724:0010;0;0;0;0
20230724:0110;0;0;0;0
20230724:0210;0;0;0;0
20230724:0310;0;0;0;0
20230724:0410;0;14.07;0.37;14.44
20230724:0510;2.2;85.92;2.24;90.36
20230724:0610;184.72;128.64;8.05;321.41
20230724:0710;155.58;247.68;9.28;412.54
20230724:0810;510.69;193.74;14.68;719.11
20230724:0910;510.69;276.17;16.03;802.89
20230724:1010;770.73;188.02;18.95;977.7
20230724:1110;731.09;220.92;18.91;970.92
20230724:1210;43.75;351.23;9.43;404.41
20230724:1310;271.22;336.75;13.3;621.27
20230724:1410;12.7;244.75;6.31;263.76
20230724:1510;35.51;220.68;6.33;262.52
20230724:1610;0;51.59;1.28;52.87
20230724:1710;0;32.28;0.86;33.14
20230724:1810;0;7.45;0.2;7.65
20230724:1910;0;0;0;0
20230724:2010;0;0;0;0
20230724:2110;0;0;0;0
20230724:2210;0;0;0;0
20230724:2310;0;0;0;0
20230725:0010;0;0;0;0
20230725:0110;0;0;0;0
20230725:0210;0;0;0;0
20230725:0310;0;0;0;0
20230725:0410;0;33.11;0.88;33.99
20230725:0510;0;27.57;0.68;28.25
20230725:0610;0;33.8;0.84;34.64
20230725:0710;0;51.59;1.28;52.87
20230725:0810;0;66.71;1.65;68.36
20230725:0910;0;92.5;2.29;94.79
20230725:1010;0;172.55;4.26;176.81
20230725:1110;0;123.63;3.06;126.69
20230725:1210;259.94;381.49;13.87;655.3
20230725:1310;104.38;347.53;10.46;462.37
20230725:1410;392.98;201.43;13.28;607.69
20230725:1510;270.78;145.62;10.44;426.84
20230725:1610;98.4;114.8;6.64;219.84
20230725:1710;0;75.33;2;77.33
20230725:1810;0;14.9;0.4;15.3
20230725:1910;0;0;0;0
20230725:2010;0;0;0;0
20230725:2110;0;0;0;0
20230725:2210;0;0;0;0
20230725:2310;0;0;0;0
20230726:0010;0;0;0;0
20230726:0110;0;0;0;0
20230726:0210;0;0;0;0
20230726:0310;0;0;0;0
20230726:0410;0;4.97;0.13;5.1
20230726:0510;0;16.9;0.42;17.32
20230726:0610;0;41.8;1.03;42.83
20230726:0710;0;149.42;3.69;153.11
20230726:0810;3.2;223.53;5.58;232.31
20230726:0910;230.27;367.54;12.95;610.76
20230726:1010;1.12;253.59;6.29;261
20230726:1110;36.98;356.79;9.43;403.2
20230726:1210;487.25;317.36;16.51;821.12
20230726:1310;103.64;350.32;10.51;464.47
20230726:1410;219.29;281.37;11.39;512.05
20230726:1510;81.83;227.79;7.63;317.25
20230726:1610;11.32;141.61;3.94;156.87
20230726:1710;0;75.33;2;77.33
20230726:1810;0;13.24;0.35;13.59
20230726:1910;0;0;0;0
20230726:2010;0;0;0;0
20230726:2110;0;0;0;0
20230726:2210;0;0;0;0
20230726:2310;0;0;0;0
20230727:0010;0;0;0;0
20230727:0110;0;0;0;0
20230727:0210;0;0;0;0
20230727:0310;0;0;0;0
20230727:0410;0;32.28;0.86;33.14
20230727:0510;52.37;72.48;4.57;129.42
20230727:0610;227.31;105.45;8.53;341.29
20230727:0710;401;142.18;12;555.18
20230727:0810;552.19;176.25;15.01;743.45
20230727:0910;449.73;308.04;15.48;773.25
20230727:1010;729.89;219.3;18.66;967.85
20230727:1110;730.38;229.49;18.93;978.8
20230727:1210;459.98;330.98;16.27;807.23
20230727:1310;515.59;244.06;15.87;775.52
20230727:1410;143.09;297.64;10.2;450.93
20230727:1510;257.64;159.07;10.35;427.06
20230727:1610;83.83;127.21;6.35;217.39
20230727:1710;0;70.36;1.87;72.23
20230727:1810;0;14.9;0.4;15.3
20230727:1910;0;0;0;0
20230727:2010;0;0;0;0
20230727:2110;0;0;0;0
20230727:2210;0;0;0;0
20230727:2310;0;0;0;0
20230728:0010;0;0;0;0
20230728:0110;0;0;0;0
20230728:0210;0;0;0;0
20230728:0310;0;0;0;0
20230728:0410;0;4.14;0.11;4.25
20230728:0510;0;36.47;0.9;37.37
20230728:0610;14.18;155.38;4.2;173.76
20230728:0710;386.78;143.13;11.67;541.58
20230728:0810;576.69;156.13;15.04;747.86
20230728:0910;695.1;176.29;17.28;888.67
20230728:1010;62.13;365.63;10.05;437.81
20230728:1110;425.97;357.31;16.03;799.31
20230728:1210;640.56;236.99;17.61;895.16
20230728:1310;0;80.94;2;82.94
20230728:1410;0;158.32;3.91;162.23
20230728:1510;13.75;195.51;5.17;214.43
20230728:1610;16.25;144;4.18;164.43
20230728:1710;0;47.18;1.25;48.43
20230728:1810;0;9.11;0.24;9.35
20230728:1910;0;0;0;0
20230728:2010;0;0;0;0
20230728:2110;0;0;0;0
20230728:2210;0;0;0;0
20230728:2310;0;0;0;0
20230729:0010;0;0;0;0
20230729:0110;0;0;0;0
20230729:0210;0;0;0;0
20230729:0310;0;0;0;0
20230729:0410;0;21.52;0.57;22.09
20230729:0510;0;61.37;1.52;62.89
20230729:0610;39.42;170.93;5.21;215.56
20230729:0710;108.85;247.22;8.24;364.31
20230729:0810;559.38;163.38;14.79;737.55
20230729:0910;609.05;222.02;16.53;847.6
20230729:1010;360.32;368.03;15.06;743.41
20230729:1110;276.91;394.3;14.27;685.48
20230729:1210;0;195.68;4.84;200.52
20230729:1310;24.56;296.13;7.76;328.45
20230729:1410;0;90.72;2.24;92.96
20230729:1510;47.49;218.94;6.55;272.98
20230729:1610;110.09;102.61;6.68;219.38
20230729:1710;0;57.94;1.54;59.48
20230729:1810;0;13.24;0.35;13.59
20230729:1910;0;0;0;0
20230729:2010;0;0;0;0
20230729:2110;0;0;0;0
20230729:2210;0;0;0;0
20230729:2310;0;0;0;0
20230730:0010;0;0;0;0
20230730:0110;0;0;0;0
20230730:0210;0;0;0;0
20230730:0310;0;0;0;0
20230730:0410;0;11.59;0.31;11.9
20230730:0510;0;18.68;0.46;19.14
20230730:0610;0;55.14;1.36;56.5
20230730:0710;0;68.49;1.69;70.18
20230730:0810;165.52;312.23;10.6;488.35
20230730:0910;398.03;316.99;14.64;729.66
20230730:1010;61.37;363.83;9.98;435.18
20230730:1110;2.27;259.93;6.46;268.66
20230730:1210;109.09;377.16;11.12;497.37
20230730:1310;632.07;169.8;16.49;818.36
20230730:1410;0;84.5;2.09;86.59
20230730:1510;196.01;183.72;9.3;389.03
20230730:1610;14.59;138.84;3.98;157.41
20230730:1710;0;65.39;1.74;67.13
20230730:1810;0;10.76;0.29;11.05
20230730:1910;0;0;0;0
20230730:2010;0;0;0;0
20230730:2110;0;0;0;0
20230730:2210;0;0;0;0
20230730:2310;0;0;0;0
20230731:0010;0;0;0;0
20230731:0110;0;0;0;0
20230731:0210;0;0;0;0
20230731:0310;0;0;0;0
20230731:0410;0;9.11;0.24;9.35
20230731:0510;20.24;93.38;3.36;116.98
20230731:0610;35.64;169.09;5.06;209.79
20230731:0710;302.31;190.88;10.82;504.01
20230731:0810;571.21;162.28;14.9;748.39
20230731:0910;686.24;186.83;17.17;890.24
20230731:1010;750.22;203.93;18.53;972.68
20230731:1110;647.03;269.27;18;934.3
20230731:1210;677.8;222.5;17.87;918.17
20230731:1310;636.37;173.44;16.6;826.41
20230731:1410;320.53;239.44;12.38;572.35
20230731:1510;256.15;155.44;10.09;421.68
20230731:1610;70.3;130.33;5.85;206.48
20230731:1710;0;59.6;1.58;61.18
20230731:1810;0;10.76;0.29;11.05
20230731:1910;0;0;0;0
20230731:2010;0;0;0;0
20230731:2110;0;0;0;0
20230731:2210;0;0;0;0
20230731:2310;0;0;0;0
20230801:0010;0;0;0;0
20230801:0110;0;0;0;0
20230801:0210;0;0;0;0
20230801:0310;0;0;0;0
20230801:0410;0;10.76;0.29;11.05
20230801:0510;0;16.9;0.42;17.32
20230801:0610;0;46.25;1.14;47.39
20230801:0710;0;64.04;1.58;65.62
20230801:0810;0;75.6;1.87;77.47
20230801:0910;0;99.62;2.46;102.08
20230801:1010;0;107.62;2.66;110.28
20230801:1110;0;118.29;2.92;121.21
20230801:1210;0;84.5;2.09;86.59
20230801:1310;0;72.93;1.8;74.73
20230801:1410;0;59.59;1.47;61.06
20230801:1510;0;48.92;1.21;50.13
20230801:1610;0;32.02;0.79;32.81
20230801:1710;0;29.8;0.79;30.59
20230801:1810;0;1.66;0.04;1.7
20230801:1910;0;0;0;0
20230801:2010;0;0;0;0
20230801:2110;0;0;0;0
20230801:2210;0;0;0;0
20230801:2310;0;0;0;0
20230802:0010;0;0;0;0
20230802:0110;0;0;0;0
20230802:0210;0;0;0;0
20230802:0310;0;0;0;0
20230802:0410;0;26.49;0.7;27.19
20230802:0510;59.39;59.03;4.44;122.86
20230802:0610;183.9;123.43;7.61;314.94
20230802:0710;240.1;214.35;10;464.45
20230802:0810;458.63;218.48;13.81;690.92
20230802:0910;645.74;205.68;16.69;868.11
20230802:1010;244.44;391.02;13.54;649
20230802:1110;571.06;301.64;17.21;889.91
20230802:1210;730.57;188.18;18.07;936.82
20230802:1310;624.61;175.92;16.31;816.84
20230802:1410;473.51;156.13;13.67;643.31
20230802:1510;196.12;183.57;9.21;388.9
20230802:1610;126.66;86.03;6.77;219.46
20230802:1710;0;58.77;1.56;60.33
20230802:1810;0;8.28;0.22;8.5
20230802:1910;0;0;0;0
20230802:2010;0;0;0;0
20230802:2110;0;0;0;0
20230802:2210;0;0;0;0
20230802:2310;0;0;0;0
20230803:0010;0;0;0;0
20230803:0110;0;0;0;0
20230803:0210;0;0;0;0
20230803:0310;0;0;0;0
20230803:0410;0;4.97;0.13;5.1
20230803:0510;0.94;70.15;1.78;72.87
20230803:0610;0;64.04;1.58;65.62
20230803:0710;0;79.16;1.96;81.12
20230803:0810;0;76.49;1.89;78.38
20230803:0910;0;112.96;2.79;115.75
20230803:1010;0;111.18;2.75;113.93
20230803:1110;0;132.53;3.28;135.81
20230803:1210;0;103.17;2.55;105.72
20230803:1310;0;103.17;2.55;105.72
20230803:1410;0;61.37;1.52;62.89
20230803:1510;0;59.59;1.47;61.06
20230803:1610;0;38.25;0.95;39.2
20230803:1710;0;16.56;0.44;17
20230803:1810;0;0.83;0.02;0.85
20230803:1910;0;0;0;0
20230803:2010;0;0;0;0
20230803:2110;0;0;0;0
20230803:2210;0;0;0;0
20230803:2310;0;0;0;0
20230804:0010;0;0;0;0
20230804:0110;0;0;0;0
20230804:0210;0;0;0;0
20230804:0310;0;0;0;0
20230804:0410;0;3.31;0.09;3.4
20230804:0510;1.91;72.7;1.89;76.5
20230804:0610;0;65.82;1.63;67.45
20230804:0710;10.28;193.02;4.97;208.27
20230804:0810;100.44;304.36;9.21;414.01
20230804:0910;10.27;271.51;6.88;288.66
20230804:1010;0;101.4;2.51;103.91
20230804:1110;0;184.11;4.55;188.66
20230804:1210;0;124.52;3.08;127.6
20230804:1310;0;126.3;3.12;129.42
20230804:1410;0;133.41;3.3;136.71
20230804:1510;0.89;137.9;3.43;142.22
20230804:1610;24.99;138.45;4.33;167.77
20230804:1710;0;60.43;1.6;62.03
20230804:1810;0;0.83;0.02;0.85
20230804:1910;0;0;0;0
20230804:2010;0;0;0;0
20230804:2110;0;0;0;0
20230804:2210;0;0;0;0
20230804:2310;0;0;0;0
20230805:0010;0;0;0;0
20230805:0110;0;0;0;0
20230805:0210;0;0;0;0
20230805:0310;0;0;0;0
20230805:0410;0;3.31;0.09;3.4
20230805:0510;0;40.02;0.99;41.01
20230805:0610;0;46.25;1.14;47.39
20230805:0710;0;63.15;1.56;64.71
20230805:0810;0;81.83;2.02;83.85
20230805:0910;0;130.75;3.23;133.98
20230805:1010;0;111.18;2.75;113.93
20230805:1110;0;130.75;3.23;133.98
20230805:1210;0;120.96;2.99;123.95
20230805:1310;0;144.09;3.56;147.65
20230805:1410;0;140.53;3.47;144
20230805:1510;0;75.6;1.87;77.47
20230805:1610;0;54.26;1.34;55.6
20230805:1710;0;51.32;1.36;52.68
20230805:1810;0;0.83;0.02;0.85
20230805:1910;0;0;0;0
20230805:2010;0;0;0;0
20230805:2110;0;0;0;0
20230805:2210;0;0;0;0
20230805:2310;0;0;0;0
20230806:0010;0;0;0;0
20230806:0110;0;0;0;0
20230806:0210;0;0;0;0
20230806:0310;0;0;0;0
20230806:0410;0;18.21;0.48;18.69
20230806:0510;0;24.01;0.59;24.6
20230806:0610;6.18;132.85;3.43;142.46
20230806:0710;0;94.28;2.33;96.61
20230806:0810;1.11;199.33;4.95;205.39
20230806:0910;0;177.89;4.4;182.29
20230806:1010;0;131.64;3.25;134.89
20230806:1110;0;209.91;5.19;215.1
20230806:1210;0;150.31;3.72;154.03
20230806:1310;0;206.35;5.1;211.45
20230806:1410;7.19;217.64;5.52;230.35
20230806:1510;15.25;188.64;5.01;208.9
20230806:1610;18.95;135.27;4.02;158.24
20230806:1710;0;49.67;1.32;50.99
20230806:1810;0;2.48;0.07;2.55
20230806:1910;0;0;0;0
20230806:2010;0;0;0;0
20230806:2110;0;0;0;0
20230806:2210;0;0;0;0
20230806:2310;0;0;0;0
20230807:0010;0;0;0;0
20230807:0110;0;0;0;0
20230807:0210;0;0;0;0
20230807:0310;0;0;0;0
20230807:0410;0;2.48;0.07;2.55
20230807:0510;9.35;85.86;2.57;97.78
20230807:0610;4.45;129.21;3.3;136.96
20230807:0710;0;120.07;2.97;123.04
20230807:0810;40.26;282.51;7.65;330.42
20230807:0910;0;152.98;3.78;156.76
20230807:1010;1.17;242.93;6.02;250.12
20230807:1110;0;161.88;4;165.88
20230807:1210;0;138.75;3.43;142.18
20230807:1310;56.25;321.9;8.9;387.05
20230807:1410;99;286.69;8.93;394.62
20230807:1510;181.25;188.12;8.82;378.19
20230807:1610;86.41;112.89;5.87;205.17
20230807:1710;0;57.12;1.52;58.64
20230807:1810;0;0;0;0
20230807:1910;0;0;0;0
20230807:2010;0;0;0;0
20230807:2110;0;0;0;0
20230807:2210;0;0;0;0
20230807:2310;0;0;0;0
20230808:0010;0;0;0;0
20230808:0110;0;0;0;0
20230808:0210;0;0;0;0
20230808:0310;0;0;0;0
20230808:0410;0;6.62;0.18;6.8
20230808:0510;0;28.46;0.7;29.16
20230808:0610;59.19;165.93;5.45;230.57
20230808:0710;205.85;227.33;9.43;442.61
20230808:0810;85.38;303.91;8.9;398.19
20230808:0910;607.33;235.85;16.27;859.45
20230808:1010;689.23;244.39;17.78;951.4
20230808:1110;587.66;302.4;17.24;907.3
20230808:1210;671.57;232.12;17.52;921.21
20230808:1310;520.46;240.86;15.34;776.66
20230808:1410;262.06;260.76;11.41;534.23
20230808:1510;148.67;201.73;8.35;358.75
20230808:1610;56.24;130.19;5.21;191.64
20230808:1710;0;51.32;1.36;52.68
20230808:1810;0;0;0;0
20230808:1910;0;0;0;0
20230808:2010;0;0;0;0
20230808:2110;0;0;0;0
20230808:2210;0;0;0;0
20230808:2310;0;0;0;0
20230809:0010;0;0;0;0
20230809:0110;0;0;0;0
20230809:0210;0;0;0;0
20230809:0310;0;0;0;0
20230809:0410;0;4.14;0.11;4.25
20230809:0510;0;16.01;0.4;16.41
20230809:0610;0;51.59;1.28;52.87
20230809:0710;0;139.64;3.45;143.09
20230809:0810;0;117.41;2.9;120.31
20230809:0910;0;137.86;3.41;141.27
20230809:1010;0;113.85;2.81;116.66
20230809:1110;0;124.52;3.08;127.6
20230809:1210;0;132.53;3.28;135.81
20230809:1310;34.47;300.33;8;342.8
20230809:1410;23.93;247.93;6.57;278.43
20230809:1510;0;125.41;3.1;128.51
20230809:1610;8.36;121.57;3.3;133.23
20230809:1710;0;51.32;1.36;52.68
20230809:1810;0;0;0;0
20230809:1910;0;0;0;0
20230809:2010;0;0;0;0
20230809:2110;0;0;0;0
20230809:2210;0;0;0;0
20230809:2310;0;0;0;0
20230810:0010;0;0;0;0
20230810:0110;0;0;0;0
20230810:0210;0;0;0;0
20230810:0310;0;0;0;0
20230810:0410;0;16.56;0.44;17
20230810:0510;0;42.69;1.06;43.75
20230810:0610;197.73;113.05;7.36;318.14
20230810:0710;287.94;193.89;10.18;492.01
20230810:0810;295.99;283.97;11.94;591.9
20230810:0910;170.61;358.56;11.48;540.65
20230810:1010;47.24;347.15;9.3;403.69
20230810:1110;4.71;272.67;6.81;284.19
20230810:1210;0;86.27;2.13;88.4
20230810:1310;454.38;265.89;14.55;734.82
20230810:1410;91.99;280.84;8.62;381.45
20230810:1510;39.41;203.98;5.91;249.3
20230810:1610;123.54;81.31;6.31;211.16
20230810:1710;0;49.67;1.32;50.99
20230810:1810;0;0;0;0
20230810:1910;0;0;0;0
20230810:2010;0;0;0;0
20230810:2110;0;0;0;0
20230810:2210;0;0;0;0
20230810:2310;0;0;0;0
20230811:0010;0;0;0;0
20230811:0110;0;0;0;0
20230811:0210;0;0;0;0
20230811:0310;0;0;0;0
20230811:0410;0;14.07;0.37;14.44
20230811:0510;52.24;57.99;3.78;114.01
20230811:0610;228.77;96.75;7.67;333.19
20230811:0710;411.53;132.45;11.23;555.21
20230811:0810;590.29;153.05;14.44;757.78
20230811:0910;729.94;167.07;16.93;913.94
20230811:1010;813.41;172.24;18.4;1004.05
20230811:1110;817.57;179.59;18.69;1015.85
20230811:1210;766.39;173.96;17.92;958.27
20230811:1310;661.43;159.9;16.18;837.51
20230811:1410;484.19;149.37;13.28;646.84
20230811:1510;313.33;113.73;10.05;437.11
20230811:1610;123.65;79.74;6.24;209.63
20230811:1710;0;48.01;1.28;49.29
20230811:1810;0;0;0;0
20230811:1910;0;0;0;0
20230811:2010;0;0;0;0
20230811:2110;0;0;0;0
20230811:2210;0;0;0;0
20230811:2310;0;0;0;0
20230812:0010;0;0;0;0
20230812:0110;0;0;0;0
20230812:0210;0;0;0;0
20230812:0310;0;0;0;0
20230812:0410;0;14.07;0.37;14.44
20230812:0510;51.93;58.2;3.74;113.87
20230812:0610;228.86;97.12;7.63;333.61
20230812:0710;400.07;137.72;11.06;548.85
20230812:0810;584.04;156.57;14.33;754.94
20230812:0910;722.47;170.63;16.8;909.9
20230812:1010;803.55;178.05;18.27;999.87
20230812:1110;819.55;178.94;18.64;1017.13
20230812:1210;755.43;180.77;17.78;953.98
20230812:1310;654.1;163.39;16.05;833.54
20230812:1410;484.41;148.73;13.21;646.35
20230812:1510;308.63;115.94;9.94;434.51
20230812:1610;114.6;85.44;6.05;206.09
20230812:1710;0;49.67;1.32;50.99
20230812:1810;0;0;0;0
20230812:1910;0;0;0;0
20230812:2010;0;0;0;0
20230812:2110;0;0;0;0
20230812:2210;0;0;0;0
20230812:2310;0;0;0;0
20230813:0010;0;0;0;0
20230813:0110;0;0;0;0
20230813:0210;0;0;0;0
20230813:0310;0;0;0;0
20230813:0410;0;9.93;0.26;10.19
20230813:0510;48.44;57.93;3.54;109.91
20230813:0610;217.77;97.26;7.32;322.35
20230813:0710;291.11;183.23;9.87;484.21
20230813:0810;550.15;163.4;13.78;727.33
20230813:0910;694.85;173.46;16.29;884.6
20230813:1010;762.57;186.14;17.63;966.34
20230813:1110;777.52;188.15;18;983.67
20230813:1210;739.74;176.18;17.34;933.26
20230813:1310;627.53;165.15;15.52;808.2
20230813:1410;462.39;150.55;12.75;625.69
20230813:1510;307.63;110.4;9.74;427.77
20230813:1610;113.35;81.35;5.87;200.57
20230813:1710;0;51.32;1.36;52.68
20230813:1810;0;0;0;0
20230813:1910;0;0;0;0
20230813:2010;0;0;0;0
20230813:2110;0;0;0;0
20230813:2210;0;0;0;0
20230813:2310;0;0;0;0
20230814:0010;0;0;0;0
20230814:0110;0;0;0;0
20230814:0210;0;0;0;0
20230814:0310;0;0;0;0
20230814:0410;0;8.28;0.22;8.5
20230814:0510;41.07;63.87;3.34;108.28
20230814:0610;213.11;101.41;7.25;321.77
20230814:0710;397.52;135.33;10.84;543.69
20230814:0810;572.63;158.14;14.03;744.8
20230814:0910;709.83;172.2;16.47;898.5
20230814:1010;777.69;186.02;17.83;981.54
20230814:1110;792.58;188.01;18.2;998.79
20230814:1210;741.58;182.3;17.43;941.31
20230814:1310;630.28;170.05;15.61;815.94
20230814:1410;463.62;155.19;12.82;631.63
20230814:1510;284.13;123.97;9.45;417.55
20230814:1610;118.06;78.7;5.94;202.7
20230814:1710;0;45.53;1.21;46.74
20230814:1810;0;0;0;0
20230814:1910;0;0;0;0
20230814:2010;0;0;0;0
20230814:2110;0;0;0;0
20230814:2210;0;0;0;0
20230814:2310;0;0;0;0
20230815:0010;0;0;0;0
20230815:0110;0;0;0;0
20230815:0210;0;0;0;0
20230815:0310;0;0;0;0
20230815:0410;0;8.28;0.22;8.5
20230815:0510;47.22;58.42;3.43;109.07
20230815:0610;215.05;100.88;7.23;323.16
20230815:0710;394.62;138.84;10.79;544.25
20230815:0810;568.64;162.86;13.98;745.48
20230815:0910;715.42;172.86;16.51;904.79
20230815:1010;784.55;185.59;17.87;988.01
20230815:1110;812.59;180.03;18.33;1010.95
20230815:1210;759.99;175.49;17.56;953.04
20230815:1310;645.64;164.42;15.72;825.78
20230815:1410;490.6;141.73;13.01;645.34
20230815:1510;291.51;120.57;9.5;421.58
20230815:1610;108.83;83.54;5.72;198.09
20230815:1710;0;45.53;1.21;46.74
20230815:1810;0;0;0;0
20230815:1910;0;0;0;0
20230815:2010;0;0;0;0
20230815:2110;0;0;0;0
20230815:2210;0;0;0;0
20230815:2310;0;0;0;0
20230816:0010;0;0;0;0
20230816:0110;0;0;0;0
20230816:0210;0;0;0;0
20230816:0310;0;0;0;0
20230816:0410;0;2.48;0.07;2.55
20230816:0510;2.23;62.11;1.63;65.97
20230816:0610;216.1;97.37;7.12;320.59
20230816:0710;321.09;169.07;9.98;500.14
20230816:0810;540.09;168.73;13.52;722.34
20230816:0910;682.71;179.97;16;878.68
20230816:1010;747.93;194.88;17.34;960.15
20230816:1110;776.16;189.45;17.81;983.42
20230816:1210;658.9;218.84;16.55;894.29
20230816:1310;509.91;226.05;14.42;750.38
20230816:1410;69.99;262.62;7.72;340.33
20230816:1510;0;72.93;1.8;74.73
20230816:1610;0;72.04;1.78;73.82
20230816:1710;0;9.93;0.26;10.19
20230816:1810;0;0;0;0
20230816:1910;0;0;0;0
20230816:2010;0;0;0;0
20230816:2110;0;0;0;0
20230816:2210;0;0;0;0
20230816:2310;0;0;0;0
20230817:0010;0;0;0;0
20230817:0110;0;0;0;0
20230817:0210;0;0;0;0
20230817:0310;0;0;0;0
20230817:0410;0;6.62;0.18;6.8
20230817:0510;35.2;64.94;3.03;103.17
20230817:0610;194.89;105.91;6.79;307.59
20230817:0710;379.91;139.11;10.4;529.42
20230817:0810;614.69;135.27;14.14;764.1
20230817:0910;221.8;343.45;11.76;577.01
20230817:1010;452.14;328.1;15.01;795.25
20230817:1110;718.89;220.34;17.34;956.57
20230817:1210;374.89;335.74;14.11;724.74
20230817:1310;73.67;310.49;8.84;393
20230817:1410;8.66;206.3;5.25;220.21
20230817:1510;94.56;194.64;6.79;295.99
20230817:1610;85.95;94.24;5.17;185.36
20230817:1710;0;42.22;1.12;43.34
20230817:1810;0;0;0;0
20230817:1910;0;0;0;0
20230817:2010;0;0;0;0
20230817:2110;0;0;0;0
20230817:2210;0;0;0;0
20230817:2310;0;0;0;0
20230818:0010;0;0;0;0
20230818:0110;0;0;0;0
20230818:0210;0;0;0;0
20230818:0310;0;0;0;0
20230818:0410;0;0.83;0.02;0.85
20230818:0510;9.25;69.63;2.09;80.97
20230818:0610;132.17;132.21;6;270.38
20230818:0710;334.42;160.4;9.94;504.76
20230818:0810;460.87;206.8;12.77;680.44
20230818:0910;488.09;270.61;14.38;773.08
20230818:1010;123.29;365.41;10.79;499.49
20230818:1110;0;136.08;3.36;139.44
20230818:1210;328.71;344.12;13.52;686.35
20230818:1310;563.23;195.39;14.64;773.26
20230818:1410;312.28;218.09;11.04;541.41
20230818:1510;74.01;193.16;6.31;273.48
20230818:1610;51.11;109.4;4.37;164.88
20230818:1710;0;42.22;1.12;43.34
20230818:1810;0;0;0;0
20230818:1910;0;0;0;0
20230818:2010;0;0;0;0
20230818:2110;0;0;0;0
20230818:2210;0;0;0;0
20230818:2310;0;0;0;0
20230819:0010;0;0;0;0
20230819:0110;0;0;0;0
20230819:0210;0;0;0;0
20230819:0310;0;0;0;0
20230819:0410;0;4.97;0.13;5.1
20230819:0510;30.01;65.68;2.79;98.48
20230819:0610;163.15;119.92;6.33;289.4
20230819:0710;350.27;153.38;10.02;513.67
20230819:0810;528.79;175.16;13.26;717.21
20230819:0910;669.32;187.64;15.72;872.68
20230819:1010;718.51;210.98;16.95;946.44
20230819:1110;460.17;330.96;15.17;806.3
20230819:1210;458.61;306.88;14.77;780.26
20230819:1310;621.68;165.39;15.04;802.11
20230819:1410;461.66;146.74;12.31;620.71
20230819:1510;258.32;128.02;8.73;395.07
20230819:1610;93.35;84.67;5.12;183.14
20230819:1710;0;41.39;1.1;42.49
20230819:1810;0;0;0;0
20230819:1910;0;0;0;0
20230819:2010;0;0;0;0
20230819:2110;0;0;0;0
20230819:2210;0;0;0;0
20230819:2310;0;0;0;0
20230820:0010;0;0;0;0
20230820:0110;0;0;0;0
20230820:0210;0;0;0;0
20230820:0310;0;0;0;0
20230820:0410;0;0.83;0.02;0.85
20230820:0510;30.59;64.08;2.75;97.42
20230820:0610;175.8;114.13;6.42;296.35
20230820:0710;373.17;143.4;10.18;526.75
20230820:0810;541.33;169.62;13.3;724.25
20230820:0910;697.03;173.36;15.85;886.24
20230820:1010;763.6;188.3;17.21;969.11
20230820:1110;719.62;220.82;17.17;957.61
20230820:1210;645.17;225.78;16.2;887.15
20230820:1310;577.97;189.45;14.66;782.08
20230820:1410;355.3;199.55;11.34;566.19
20230820:1510;137.32;179.99;7.28;324.59
20230820:1610;100.26;78.49;5.17;183.92
20230820:1710;0;38.9;1.03;39.93
20230820:1810;0;0;0;0
20230820:1910;0;0;0;0
20230820:2010;0;0;0;0
20230820:2110;0;0;0;0
20230820:2210;0;0;0;0
20230820:2310;0;0;0;0
20230821:0010;0;0;0;0
20230821:0110;0;0;0;0
20230821:0210;0;0;0;0
20230821:0310;0;0;0;0
20230821:0410;0;0.83;0.02;0.85
20230821:0510;48.31;52.88;3.1;104.29
20230821:0610;225.05;92.75;6.92;324.72
20230821:0710;379.29;139.9;10.16;529.35
20230821:0810;550.43;164.98;13.3;728.71
20230821:0910;684.49;180.2;15.7;880.39
20230821:1010;763.36;187.64;17.13;968.13
20230821:1110;789.29;183.15;17.56;990
20230821:1210;736.52;177.47;16.77;930.76
20230821:1310;611.3;170.4;14.82;796.52
20230821:1410;460.16;146.54;12.16;618.86
20230821:1510;279.44;115.58;8.82;403.84
20230821:1610;96.14;79.63;5.03;180.8
20230821:1710;0;37.25;0.99;38.24
20230821:1810;0;0;0;0
20230821:1910;0;0;0;0
20230821:2010;0;0;0;0
20230821:2110;0;0;0;0
20230821:2210;0;0;0;0
20230821:2310;0;0;0;0
20230822:0010;0;0;0;0
20230822:0110;0;0;0;0
20230822:0210;0;0;0;0
20230822:0310;0;0;0;0
20230822:0410;0;0;0;0
20230822:0510;32.45;60.86;2.68;95.99
20230822:0610;180.52;110.28;6.33;297.13
20230822:0710;388.97;134.39;10.16;533.52
20230822:0810;557.25;160.18;13.26;730.69
20230822:0910;692.86;175.32;15.67;883.85
20230822:1010;771.84;182.69;17.1;971.63
20230822:1110;785.4;183.5;17.43;986.33
20230822:1210;742.33;173.6;16.73;932.66
20230822:1310;595.47;176.9;14.6;786.97
20230822:1410;448.31;150.82;11.96;611.09
20230822:1510;242.87;132.57;8.35;383.79
20230822:1610;91.96;80.77;4.9;177.63
20230822:1710;0;36.42;0.97;37.39
20230822:1810;0;0;0;0
20230822:1910;0;0;0;0
20230822:2010;0;0;0;0
20230822:2110;0;0;0;0
20230822:2210;0;0;0;0
20230822:2310;0;0;0;0
20230823:0010;0;0;0;0
20230823:0110;0;0;0;0
20230823:0210;0;0;0;0
20230823:0310;0;0;0;0
20230823:0410;0;0;0;0
20230823:0510;7.01;61.14;1.76;69.91
20230823:0610;0;23.13;0.57;23.7
20230823:0710;0;40.91;1.01;41.92
20230823:0810;0;56.92;1.41;58.33
20230823:0910;1.24;207.36;5.14;213.74
20230823:1010;369.61;343.76;13.81;727.18
20230823:1110;658.5;243.89;16.4;918.79
20230823:1210;645.53;218.49;15.87;879.89
20230823:1310;564.1;190.34;14.25;768.69
20230823:1410;74.96;250.43;7.43;332.82
20230823:1510;0;31.13;0.77;31.9
20230823:1610;72.88;89.27;4.48;166.63
20230823:1710;0;33.94;0.9;34.84
20230823:1810;0;0;0;0
20230823:1910;0;0;0;0
20230823:2010;0;0;0;0
20230823:2110;0;0;0;0
20230823:2210;0;0;0;0
20230823:2310;0;0;0;0
20230824:0010;0;0;0;0
20230824:0110;0;0;0;0
20230824:0210;0;0;0;0
20230824:0310;0;0;0;0
20230824:0410;0;0;0;0
20230824:0510;25.39;61.51;2.4;89.3
20230824:0610;168.83;113.45;6.07;288.35
20230824:0710;366.79;143.98;9.83;520.6
20230824:0810;503.93;185.29;12.71;701.93
20230824:0910;652.53;193.99;15.21;861.73
20230824:1010;712.61;212.22;16.53;941.36
20230824:1110;697.73;227.56;16.66;941.95
20230824:1210;701.4;191.26;16.22;908.88
20230824:1310;578.9;182.74;14.29;775.93
20230824:1410;409.67;167.06;11.45;588.18
20230824:1510;251.34;124.8;8.27;384.41
20230824:1610;77.04;85.81;4.51;167.36
20230824:1710;0;32.28;0.86;33.14
20230824:1810;0;0;0;0
20230824:1910;0;0;0;0
20230824:2010;0;0;0;0
20230824:2110;0;0;0;0
20230824:2210;0;0;0;0
20230824:2310;0;0;0;0
20230825:0010;0;0;0;0
20230825:0110;0;0;0;0
20230825:0210;0;0;0;0
20230825:0310;0;0;0;0
20230825:0410;0;0;0;0
20230825:0510;0;16.01;0.4;16.41
20230825:0610;79.04;139.63;4.9;223.57
20230825:0710;155.37;213.45;7.69;376.51
20230825:0810;316.25;258.31;11.1;585.66
20230825:0910;653.42;194.59;15.17;863.18
20230825:1010;756.36;189.4;16.75;962.51
20230825:1110;781.23;183.7;17.15;982.08
20230825:1210;714.63;184.36;16.25;915.24
20230825:1310;578.31;183.26;14.22;775.79
20230825:1410;116.62;252.32;8.13;377.07
20230825:1510;255.21;120.37;8.2;383.78
20230825:1610;71.21;86.94;4.33;162.48
20230825:1710;0;21.52;0.57;22.09
20230825:1810;0;0;0;0
20230825:1910;0;0;0;0
20230825:2010;0;0;0;0
20230825:2110;0;0;0;0
20230825:2210;0;0;0;0
20230825:2310;0;0;0;0
20230826:0010;0;0;0;0
20230826:0110;0;0;0;0
20230826:0210;0;0;0;0
20230826:0310;0;0;0;0
20230826:0410;0;0;0;0
20230826:0510;11.58;60.32;1.87;73.77
20230826:0610;31.98;134.11;3.89;169.98
20230826:0710;162.51;210.76;7.72;380.99
20230826:0810;3.71;190.74;4.77;199.22
20230826:0910;308.89;320.78;12.27;641.94
20230826:1010;635.88;247.55;15.83;899.26
20230826:1110;139.85;363.45;10.88;514.18
20230826:1210;742.9;169.86;16.38;929.14
20230826:1310;584.97;177.42;14.16;776.55
20230826:1410;429.43;154.12;11.43;594.98
20230826:1510;256.1;117.82;8.11;382.03
20230826:1610;80.53;78.98;4.4;163.91
20230826:1710;0;28.97;0.77;29.74
20230826:1810;0;0;0;0
20230826:1910;0;0;0;0
20230826:2010;0;0;0;0
20230826:2110;0;0;0;0
20230826:2210;0;0;0;0
20230826:2310;0;0;0;0
20230827:0010;0;0;0;0
20230827:0110;0;0;0;0
20230827:0210;0;0;0;0
20230827:0310;0;0;0;0
20230827:0410;0;0;0;0
20230827:0510;0;12.45;0.31;12.76
20230827:0610;9.7;114.77;3.01;127.48
20230827:0710;200.86;201.71;8.09;410.66
20230827:0810;480.86;194.41;12.31;687.58
20230827:0910;31.69;281.99;7.41;321.09
20230827:1010;406.06;331.55;13.92;751.53
20230827:1110;291.16;360.86;12.93;664.95
20230827:1210;629.39;224.39;15.45;869.23
20230827:1310;453.78;237.93;13.08;704.79
20230827:1410;170.77;244.23;8.79;423.79
20230827:1510;18.43;158.27;4.26;180.96
20230827:1610;6.59;86.32;2.33;95.24
20230827:1710;0;3.31;0.09;3.4
20230827:1810;0;0;0;0
20230827:1910;0;0;0;0
20230827:2010;0;0;0;0
20230827:2110;0;0;0;0
20230827:2210;0;0;0;0
20230827:2310;0;0;0;0
20230828:0010;0;0;0;0
20230828:0110;0;0;0;0
20230828:0210;0;0;0;0
20230828:0310;0;0;0;0
20230828:0410;0;0;0;0
20230828:0510;0;35.58;0.88;36.46
20230828:0610;0;68.49;1.69;70.18
20230828:0710;21.69;184.19;4.88;210.76
20230828:0810;116.58;277.26;8.46;402.3
20230828:0910;1.27;202.03;5.01;208.31
20230828:1010;14.07;273.11;6.95;294.13
20230828:1110;86.5;345.24;9.69;441.43
20230828:1210;467.19;291.63;14.14;772.96
20230828:1310;120.45;302.18;9.21;431.84
20230828:1410;1.15;158.42;3.94;163.51
20230828:1510;21.67;158.64;4.33;184.64
20230828:1610;21.42;95.38;2.99;119.79
20230828:1710;0;25.66;0.68;26.34
20230828:1810;0;0;0;0
20230828:1910;0;0;0;0
20230828:2010;0;0;0;0
20230828:2110;0;0;0;0
20230828:2210;0;0;0;0
20230828:2310;0;0;0;0
20230829:0010;0;0;0;0
20230829:0110;0;0;0;0
20230829:0210;0;0;0;0
20230829:0310;0;0;0;0
20230829:0410;0;0;0;0
20230829:0510;2.2;47.15;1.23;50.58
20230829:0610;0;36.47;0.9;37.37
20230829:0710;0;120.96;2.99;123.95
20230829:0810;0;118.29;2.92;121.21
20230829:0910;0;180.55;4.46;185.01
20230829:1010;0;98.73;2.44;101.17
20230829:1110;0;71.15;1.76;72.91
20230829:1210;0;111.18;2.75;113.93
20230829:1310;0;64.04;1.58;65.62
20230829:1410;46.43;230.17;6.42;283.02
20230829:1510;28.09;162.05;4.53;194.67
20230829:1610;56.68;86.76;3.8;147.24
20230829:1710;0;3.31;0.09;3.4
20230829:1810;0;0;0;0
20230829:1910;0;0;0;0
20230829:2010;0;0;0;0
20230829:2110;0;0;0;0
20230829:2210;0;0;0;0
20230829:2310;0;0;0;0
20230830:0010;0;0;0;0
20230830:0110;0;0;0;0
20230830:0210;0;0;0;0
20230830:0310;0;0;0;0
20230830:0410;0;0;0;0
20230830:0510;14.28;56.23;1.8;72.31
20230830:0610;4.47;100.92;2.57;107.96
20230830:0710;246.21;191.74;8.46;446.41
20230830:0810;184.1;280.11;9.43;473.64
20230830:0910;2.58;211.97;5.28;219.83
20230830:1010;0;88.94;2.2;91.14
20230830:1110;23.12;294.98;7.61;325.71
20230830:1210;131.59;342.78;10.24;484.61
20230830:1310;8.61;228.73;5.78;243.12
20230830:1410;0;146.76;3.63;150.39
20230830:1510;172.01;151.66;6.99;330.66
20230830:1610;50.45;86.89;3.61;140.95
20230830:1710;0;18.21;0.48;18.69
20230830:1810;0;0;0;0
20230830:1910;0;0;0;0
20230830:2010;0;0;0;0
20230830:2110;0;0;0;0
20230830:2210;0;0;0;0
20230830:2310;0;0;0;0
20230831:0010;0;0;0;0
20230831:0110;0;0;0;0
20230831:0210;0;0;0;0
20230831:0310;0;0;0;0
20230831:0410;0;0;0;0
20230831:0510;1.54;44.5;1.14;47.18
20230831:0610;39.6;131.94;3.91;175.45
20230831:0710;209.98;203.64;8.11;421.73
20230831:0810;532.9;181.01;12.62;726.53
20230831:0910;673.69;195.76;15.08;884.53
20230831:1010;411.73;336.75;13.92;762.4
20230831:1110;615.83;274.22;15.78;905.83
20230831:1210;629.56;234.97;15.39;879.92
20230831:1310;538.15;207;13.61;758.76
20230831:1410;422.19;159.81;11.1;593.1
20230831:1510;249.59;118.83;7.74;376.16
20230831:1610;89.77;66.42;4.22;160.41
20230831:1710;0;19.87;0.53;20.4
20230831:1810;0;0;0;0
20230831:1910;0;0;0;0
20230831:2010;0;0;0;0
20230831:2110;0;0;0;0
20230831:2210;0;0;0;0
20230831:2310;0;0;0;0
20230901:0010;0;0;0;0
20230901:0110;0;0;0;0
20230901:0210;0;0;0;0
20230901:0310;0;0;0;0
20230901:0410;0;0;0;0
20230901:0510;0;8;0.2;8.2
20230901:0610;0;25.79;0.64;26.43
20230901:0710;0;69.38;1.71;71.09
20230901:0810;3.86;187.22;4.68;195.76
20230901:0910;22.15;266.42;6.88;295.45
20230901:1010;225.87;357.14;11.74;594.75
20230901:1110;129.76;355.68;10.46;495.9
20230901:1210;311.95;332.65;12.49;657.09
20230901:1310;14.93;236.72;6.07;257.72
20230901:1410;68.67;233.57;6.81;309.05
20230901:1510;122.66;160.91;6.2;289.77
20230901:1610;33.83;86.97;3.1;123.9
20230901:1710;0;11.59;0.31;11.9
20230901:1810;0;0;0;0
20230901:1910;0;0;0;0
20230901:2010;0;0;0;0
20230901:2110;0;0;0;0
20230901:2210;0;0;0;0
20230901:2310;0;0;0;0
20230902:0010;0;0;0;0
20230902:0110;0;0;0;0
20230902:0210;0;0;0;0
20230902:0310;0;0;0;0
20230902:0410;0;0;0;0
20230902:0510;38.32;46.44;2.15;86.91
20230902:0610;201.91;95.24;5.8;302.95
20230902:0710;408.28;124.52;9.54;542.34
20230902:0810;576.25;150.9;12.6;739.75
20230902:0910;605.37;218.42;14.29;838.08
20230902:1010;259.86;353.86;12.09;625.81
20230902:1110;149.99;356.38;10.73;517.1
20230902:1210;110.53;332.61;9.67;452.81
20230902:1310;370.44;263.96;11.96;646.36
20230902:1410;246.75;219.82;9.28;475.85
20230902:1510;217.34;126.22;7.17;350.73
20230902:1610;0;32.91;0.81;33.72
20230902:1710;0;7.45;0.2;7.65
20230902:1810;0;0;0;0
20230902:1910;0;0;0;0
20230902:2010;0;0;0;0
20230902:2110;0;0;0;0
20230902:2210;0;0;0;0
20230902:2310;0;0;0;0
20230903:0010;0;0;0;0
20230903:0110;0;0;0;0
20230903:0210;0;0;0;0
20230903:0310;0;0;0;0
20230903:0410;0;0;0;0
20230903:0510;0;16.9;0.42;17.32
20230903:0610;0;75.6;1.87;77.47
20230903:0710;0;64.93;1.6;66.53
20230903:0810;0;86.27;2.13;88.4
20230903:0910;0;144.09;3.56;147.65
20230903:1010;21.11;282.31;7.25;310.67
20230903:1110;72.11;330.87;9.1;412.08
20230903:1210;180.91;339.27;10.75;530.93
20230903:1310;226.6;294.22;10.42;531.24
20230903:1410;402.12;158.26;10.53;570.91
20230903:1510;44.51;158.93;4.7;208.14
20230903:1610;4.72;72.16;1.91;78.79
20230903:1710;0;7.45;0.2;7.65
20230903:1810;0;0;0;0
20230903:1910;0;0;0;0
20230903:2010;0;0;0;0
20230903:2110;0;0;0;0
20230903:2210;0;0;0;0
20230903:2310;0;0;0;0
20230904:0010;0;0;0;0
20230904:0110;0;0;0;0
20230904:0210;0;0;0;0
20230904:0310;0;0;0;0
20230904:0410;0;0;0;0
20230904:0510;22.47;49.1;1.76;73.33
20230904:0610;48.84;127.27;3.89;180
20230904:0710;113.76;207.35;6.66;327.77
20230904:0810;483.02;197.28;11.87;692.17
20230904:0910;467.94;275.78;13.21;756.93
20230904:1010;350.2;341.52;12.97;704.69
20230904:1110;391.42;338.68;13.54;743.64
20230904:1210;518.39;271.73;14.11;804.23
20230904:1310;517.97;206.08;12.99;737.04
20230904:1410;391.67;163.72;10.4;565.79
20230904:1510;224.58;120.54;7.08;352.2
20230904:1610;71.59;65.46;3.56;140.61
20230904:1710;0;10.76;0.29;11.05
20230904:1810;0;0;0;0
20230904:1910;0;0;0;0
20230904:2010;0;0;0;0
20230904:2110;0;0;0;0
20230904:2210;0;0;0;0
20230904:2310;0;0;0;0
20230905:0010;0;0;0;0
20230905:0110;0;0;0;0
20230905:0210;0;0;0;0
20230905:0310;0;0;0;0
20230905:0410;0;0;0;0
20230905:0510;30.29;47.86;1.89;80.04
20230905:0610;204.02;97;5.69;306.71
20230905:0710;407.52;130.84;9.43;547.79
20230905:0810;577.54;159.9;12.55;749.99
20230905:0910;698.72;184.86;14.88;898.46
20230905:1010;758.88;202.09;16.18;977.15
20230905:1110;723.41;224.04;16.14;963.59
20230905:1210;661.03;218.58;15.21;894.82
20230905:1310;582.28;182.31;13.5;778.09
20230905:1410;431.03;150.17;10.73;591.93
20230905:1510;247.69;112.05;7.28;367.02
20230905:1610;75.7;62.99;3.58;142.27
20230905:1710;0;9.11;0.24;9.35
20230905:1810;0;0;0;0
20230905:1910;0;0;0;0
20230905:2010;0;0;0;0
20230905:2110;0;0;0;0
20230905:2210;0;0;0;0
20230905:2310;0;0;0;0
20230906:0010;0;0;0;0
20230906:0110;0;0;0;0
20230906:0210;0;0;0;0
20230906:0310;0;0;0;0
20230906:0410;0;0;0;0
20230906:0510;31.26;45.39;1.82;78.47
20230906:0610;200.69;97.32;5.58;303.59
20230906:0710;407.28;130.29;9.34;546.91
20230906:0810;566.93;165.88;12.42;745.23
20230906:0910;698.86;184.31;14.79;897.96
20230906:1010;744.27;209.19;16;969.46
20230906:1110;737.95;217.3;16.16;971.41
20230906:1210;659.47;219.21;15.12;893.8
20230906:1310;569.21;188.02;13.32;770.55
20230906:1410;429.29;149.61;10.62;589.52
20230906:1510;245.6;111.45;7.17;364.22
20230906:1610;70.97;63.18;3.43;137.58
20230906:1710;0;6.62;0.18;6.8
20230906:1810;0;0;0;0
20230906:1910;0;0;0;0
20230906:2010;0;0;0;0
20230906:2110;0;0;0;0
20230906:2210;0;0;0;0
20230906:2310;0;0;0;0
20230907:0010;0;0;0;0
20230907:0110;0;0;0;0
20230907:0210;0;0;0;0
20230907:0310;0;0;0;0
20230907:0410;0;0;0;0
20230907:0510;30.38;45.6;1.78;77.76
20230907:0610;203.48;95.93;5.54;304.95
20230907:0710;408.36;129.82;9.28;547.46
20230907:0810;577.63;161.19;12.42;751.24
20230907:0910;712.52;178.43;14.82;905.77
20230907:1010;759.19;201.05;16;976.24
20230907:1110;752.68;209.26;16.16;978.1
20230907:1210;659.23;217.58;15.01;891.82
20230907:1310;590.83;176.03;13.37;780.23
20230907:1410;427.55;149.05;10.51;587.11
20230907:1510;243.51;109.79;7.03;360.33
20230907:1610;70.28;61.59;3.34;135.21
20230907:1710;0;4.97;0.13;5.1
20230907:1810;0;0;0;0
20230907:1910;0;0;0;0
20230907:2010;0;0;0;0
20230907:2110;0;0;0;0
20230907:2210;0;0;0;0
20230907:2310;0;0;0;0
20230908:0010;0;0;0;0
20230908:0110;0;0;0;0
20230908:0210;0;0;0;0
20230908:0310;0;0;0;0
20230908:0410;0;0;0;0
20230908:0510;27.48;44.73;1.67;73.88
20230908:0610;201.32;97.44;5.47;304.23
20230908:0710;402.84;133.62;9.19;545.65
20230908:0810;569.59;166.19;12.31;748.09
20230908:0910;703.28;184.69;14.71;902.68
20230908:1010;748.53;208.43;15.89;972.85
20230908:1110;740.65;216.51;16.03;973.19
20230908:1210;649.71;223.59;14.9;888.2
20230908:1310;569.92;187.2;13.17;770.29
20230908:1410;419.6;152.64;10.38;582.62
20230908:1510;242.55;110.33;6.97;359.85
20230908:1610;67.09;60.87;3.21;131.17
20230908:1710;0;2.48;0.07;2.55
20230908:1810;0;0;0;0
20230908:1910;0;0;0;0
20230908:2010;0;0;0;0
20230908:2110;0;0;0;0
20230908:2210;0;0;0;0
20230908:2310;0;0;0;0
20230909:0010;0;0;0;0
20230909:0110;0;0;0;0
20230909:0210;0;0;0;0
20230909:0310;0;0;0;0
20230909:0410;0;0;0;0
20230909:0510;25.39;43.88;1.58;70.85
20230909:0610;195.27;97.54;5.32;298.13
20230909:0710;398.57;133.98;9.06;541.61
20230909:0810;565.54;165.4;12.16;743.1
20230909:0910;684.39;191.59;14.47;890.45
20230909:1010;741.86;208.74;15.72;966.32
20230909:1110;748.83;209.27;15.94;974.04
20230909:1210;664.17;213.49;14.86;892.52
20230909:1310;552.68;191.47;12.9;757.05
20230909:1410;414.07;151.85;10.2;576.12
20230909:1510;233.56;110.37;6.75;350.68
20230909:1610;59.58;61.86;3.01;124.45
20230909:1710;0;0;0;0
20230909:1810;0;0;0;0
20230909:1910;0;0;0;0
20230909:2010;0;0;0;0
20230909:2110;0;0;0;0
20230909:2210;0;0;0;0
20230909:2310;0;0;0;0
20230910:0010;0;0;0;0
20230910:0110;0;0;0;0
20230910:0210;0;0;0;0
20230910:0310;0;0;0;0
20230910:0410;0;0;0;0
20230910:0510;28.41;41.56;1.56;71.53
20230910:0610;190.34;99.9;5.23;295.47
20230910:0710;399.63;133.54;8.99;542.16
20230910:0810;565.54;166.09;12.09;743.72
20230910:0910;698.26;184.56;14.47;897.29
20230910:1010;743.36;208.35;15.65;967.36
20230910:1110;748.95;210.01;15.87;974.83
20230910:1210;677.47;206.76;14.86;899.09
20230910:1310;573.39;180.68;12.95;767.02
20230910:1410;390.77;161.13;9.94;561.84
20230910:1510;226.73;111.59;6.6;344.92
20230910:1610;59.65;59.36;2.92;121.93
20230910:1710;0;0;0;0
20230910:1810;0;0;0;0
20230910:1910;0;0;0;0
20230910:2010;0;0;0;0
20230910:2110;0;0;0;0
20230910:2210;0;0;0;0
20230910:2310;0;0;0;0
20230911:0010;0;0;0;0
20230911:0110;0;0;0;0
20230911:0210;0;0;0;0
20230911:0310;0;0;0;0
20230911:0410;0;0;0;0
20230911:0510;19.64;40.08;1.34;61.06
20230911:0610;181.33;98.57;5.01;284.91
20230911:0710;384.36;134.28;8.71;527.35
20230911:0810;547.63;166.8;11.76;726.19
20230911:0910;677.75;185.23;14.09;877.07
20230911:1010;736.63;201.29;15.34;953.26
20230911:1110;757.31;194.09;15.63;967.03
20230911:1210;669.32;199.77;14.53;883.62
20230911:1310;553.36;181.3;12.57;747.23
20230911:1410;396.46;149.82;9.74;556.02
20230911:1510;218.63;109.52;6.35;334.5
20230911:1610;51.85;59.35;2.7;113.9
20230911:1710;0;0;0;0
20230911:1810;0;0;0;0
20230911:1910;0;0;0;0
20230911:2010;0;0;0;0
20230911:2110;0;0;0;0
20230911:2210;0;0;0;0
20230911:2310;0;0;0;0
20230912:0010;0;0;0;0
20230912:0110;0;0;0;0
20230912:0210;0;0;0;0
20230912:0310;0;0;0;0
20230912:0410;0;0;0;0
20230912:0510;19.26;38.37;1.28;58.91
20230912:0610;160.04;103.53;4.75;268.32
20230912:0710;297.24;165.07;7.98;470.29
20230912:0810;478.04;194.3;11.19;683.53
20230912:0910;547.02;239.4;13.12;799.54
20230912:1010;717.34;208.14;15.1;940.58
20230912:1110;694.17;222.46;15.12;931.75
20230912:1210;617.56;220.79;14.07;852.42
20230912:1310;490.44;206.46;12.02;708.92
20230912:1410;398.42;146.12;9.63;554.17
20230912:1510;26.15;132.3;3.67;162.12
20230912:1610;10.73;61.12;1.76;73.61
20230912:1710;0;0;0;0
20230912:1810;0;0;0;0
20230912:1910;0;0;0;0
20230912:2010;0;0;0;0
20230912:2110;0;0;0;0
20230912:2210;0;0;0;0
20230912:2310;0;0;0;0
20230913:0010;0;0;0;0
20230913:0110;0;0;0;0
20230913:0210;0;0;0;0
20230913:0310;0;0;0;0
20230913:0410;0;0;0;0
20230913:0510;1.18;27.67;0.7;29.55
20230913:0610;105.61;112.22;4.13;221.96
20230913:0710;161.19;191.1;6.66;358.95
20230913:0810;487.22;186.36;11.1;684.68
20230913:0910;603.76;211.83;13.34;828.93
20230913:1010;323.8;329.45;11.98;665.23
20230913:1110;95.59;321.54;9.06;426.19
20230913:1210;496.78;262.96;13.06;772.8
20230913:1310;525.99;184.43;12.07;722.49
20230913:1410;193.09;207.37;7.74;408.2
20230913:1510;0;45.36;1.12;46.48
20230913:1610;0;21.35;0.53;21.88
20230913:1710;0;0;0;0
20230913:1810;0;0;0;0
20230913:1910;0;0;0;0
20230913:2010;0;0;0;0
20230913:2110;0;0;0;0
20230913:2210;0;0;0;0
20230913:2310;0;0;0;0
20230914:0010;0;0;0;0
20230914:0110;0;0;0;0
20230914:0210;0;0;0;0
20230914:0310;0;0;0;0
20230914:0410;0;0;0;0
20230914:0510;0;13.34;0.33;13.67
20230914:0610;0;17.79;0.44;18.23
20230914:0710;0;48.92;1.21;50.13
20230914:0810;21.16;206.86;5.36;233.38
20230914:0910;69.08;282.18;7.76;359.02
20230914:1010;276.59;333.04;11.43;621.06
20230914:1110;221.56;338.46;10.93;570.95
20230914:1210;268.51;315.25;11.01;594.77
20230914:1310;245.9;268.5;9.72;524.12
20230914:1410;91.48;208.98;6.35;306.81
20230914:1510;83.93;136.43;4.62;224.98
20230914:1610;25.07;57.71;1.98;84.76
20230914:1710;0;0;0;0
20230914:1810;0;0;0;0
20230914:1910;0;0;0;0
20230914:2010;0;0;0;0
20230914:2110;0;0;0;0
20230914:2210;0;0;0;0
20230914:2310;0;0;0;0
20230915:0010;0;0;0;0
20230915:0110;0;0;0;0
20230915:0210;0;0;0;0
20230915:0310;0;0;0;0
20230915:0410;0;0;0;0
20230915:0510;19.17;35.18;1.14;55.49
20230915:0610;188.54;93.92;4.79;287.25
20230915:0710;378.41;136.57;8.38;523.36
20230915:0810;550.1;166.15;11.48;727.73
20230915:0910;681.16;184.6;13.81;879.57
20230915:1010;505.65;293.04;13.5;812.19
20230915:1110;691.03;225.82;14.9;931.75
20230915:1210;620.71;221.09;13.89;855.69
20230915:1310;463.95;214.62;11.59;690.16
20230915:1410;362.5;159.31;9.12;530.93
20230915:1510;32.01;128.88;3.65;164.54
20230915:1610;20.85;55.76;1.82;78.43
20230915:1710;0;0;0;0
20230915:1810;0;0;0;0
20230915:1910;0;0;0;0
20230915:2010;0;0;0;0
20230915:2110;0;0;0;0
20230915:2210;0;0;0;0
20230915:2310;0;0;0;0
20230916:0010;0;0;0;0
20230916:0110;0;0;0;0
20230916:0210;0;0;0;0
20230916:0310;0;0;0;0
20230916:0410;0;0;0;0
20230916:0510;28.03;29.33;1.21;58.57
20230916:0610;194.39;90.57;4.75;289.71
20230916:0710;392.25;128.73;8.35;529.33
20230916:0810;581.57;149.11;11.54;742.22
20230916:0910;698.5;171.37;13.74;883.61
20230916:1010;743.19;194.21;14.9;952.3
20230916:1110;703.63;215.31;14.82;933.76
20230916:1210;358.32;301.53;11.78;671.63
20230916:1310;200.05;271.83;9.12;481
20230916:1410;207.44;201.89;7.69;417.02
20230916:1510;152.06;121.48;5.25;278.79
20230916:1610;42.61;50.02;2.13;94.76
20230916:1710;0;0;0;0
20230916:1810;0;0;0;0
20230916:1910;0;0;0;0
20230916:2010;0;0;0;0
20230916:2110;0;0;0;0
20230916:2210;0;0;0;0
20230916:2310;0;0;0;0
20230917:0010;0;0;0;0
20230917:0110;0;0;0;0
20230917:0210;0;0;0;0
20230917:0310;0;0;0;0
20230917:0410;0;0;0;0
20230917:0510;26.52;28.69;1.14;56.35
20230917:0610;197.54;89.22;4.7;291.46
20230917:0710;387.58;130.28;8.24;526.1
20230917:0810;574.55;151.87;11.41;737.83
20230917:0910;685.88;178.86;13.61;878.35
20230917:1010;743.46;193.72;14.82;952
20230917:1110;733.42;200.81;14.9;949.13
20230917:1210;600.54;223.53;13.5;837.57
20230917:1310;528.58;183.06;11.78;723.42
20230917:1410;394.45;140.34;9.1;543.89
20230917:1510;209.55;100.89;5.67;316.11
20230917:1610;54.51;44.38;2.22;101.11
20230917:1710;0;0;0;0
20230917:1810;0;0;0;0
20230917:1910;0;0;0;0
20230917:2010;0;0;0;0
20230917:2110;0;0;0;0
20230917:2210;0;0;0;0
20230917:2310;0;0;0;0
20230918:0010;0;0;0;0
20230918:0110;0;0;0;0
20230918:0210;0;0;0;0
20230918:0310;0;0;0;0
20230918:0410;0;0;0;0
20230918:0510;11.7;28.26;0.88;40.84
20230918:0610;171.48;94.02;4.4;269.9
20230918:0710;355.05;139.09;7.89;502.03
20230918:0810;349.19;229.69;9.76;588.64
20230918:0910;645.61;190.64;13.17;849.42
20230918:1010;490.56;286.83;12.99;790.38
20230918:1110;570.91;262.15;13.67;846.73
20230918:1210;542.27;240.52;12.93;795.72
20230918:1310;471.28;200.4;11.21;682.89
20230918:1410;329;160.95;8.46;498.41
20230918:1510;149.64;116.22;5.01;270.87
20230918:1610;31.49;47.93;1.8;81.22
20230918:1710;0;0;0;0
20230918:1810;0;0;0;0
20230918:1910;0;0;0;0
20230918:2010;0;0;0;0
20230918:2110;0;0;0;0
20230918:2210;0;0;0;0
20230918:2310;0;0;0;0
20230919:0010;0;0;0;0
20230919:0110;0;0;0;0
20230919:0210;0;0;0;0
20230919:0310;0;0;0;0
20230919:0410;0;0;0;0
20230919:0510;0;8;0.2;8.2
20230919:0610;0;25.79;0.64;26.43
20230919:0710;8.86;135.55;3.45;147.86
20230919:0810;2.93;158.69;3.96;165.58
20230919:0910;14.57;225.44;5.74;245.75
20230919:1010;564.55;259.9;13.39;837.84
20230919:1110;458.11;296.17;12.77;767.05
20230919:1210;571.4;226.31;12.99;810.7
20230919:1310;476.18;195.82;11.12;683.12
20230919:1410;299.26;168.88;8.13;476.27
20230919:1510;178.89;105.02;5.17;289.08
20230919:1610;37.55;43.96;1.8;83.31
20230919:1710;0;0;0;0
20230919:1810;0;0;0;0
20230919:1910;0;0;0;0
20230919:2010;0;0;0;0
20230919:2110;0;0;0;0
20230919:2210;0;0;0;0
20230919:2310;0;0;0;0
20230920:0010;0;0;0;0
20230920:0110;0;0;0;0
20230920:0210;0;0;0;0
20230920:0310;0;0;0;0
20230920:0410;0;0;0;0
20230920:0510;30.69;23.89;1.01;55.59
20230920:0610;198.54;86.64;4.48;289.66
20230920:0710;396.86;124.58;8.05;529.49
20230920:0810;580.97;146.85;11.17;738.99
20230920:0910;718.98;161.4;13.52;893.9
20230920:1010;760.4;180.54;14.58;955.52
20230920:1110;762.98;181.04;14.73;958.75
20230920:1210;612.37;211.35;13.21;836.93
20230920:1310;547.49;167.59;11.54;726.62
20230920:1410;387.62;136.33;8.71;532.66
20230920:1510;205.05;94.92;5.3;305.27
20230920:1610;33.27;42.98;1.67;77.92
20230920:1710;0;0;0;0
20230920:1810;0;0;0;0
20230920:1910;0;0;0;0
20230920:2010;0;0;0;0
20230920:2110;0;0;0;0
20230920:2210;0;0;0;0
20230920:2310;0;0;0;0
20230921:0010;0;0;0;0
20230921:0110;0;0;0;0
20230921:0210;0;0;0;0
20230921:0310;0;0;0;0
20230921:0410;0;0;0;0
20230921:0510;0;5.34;0.13;5.47
20230921:0610;30.84;95.75;2.68;129.27
20230921:0710;140.23;181.29;5.94;327.46
20230921:0810;342.76;228.82;9.5;581.08
20230921:0910;734.28;153.9;13.52;901.7
20230921:1010;727.12;194.49;14.27;935.88
20230921:1110;743.07;188.23;14.49;945.79
20230921:1210;583.33;220.7;12.9;816.93
20230921:1310;530.34;172.04;11.3;713.68
20230921:1410;383;134.41;8.53;525.94
20230921:1510;189.32;97.58;5.06;291.96
20230921:1610;30.98;41.19;1.56;73.73
20230921:1710;0;0;0;0
20230921:1810;0;0;0;0
20230921:1910;0;0;0;0
20230921:2010;0;0;0;0
20230921:2110;0;0;0;0
20230921:2210;0;0;0;0
20230921:2310;0;0;0;0
20230922:0010;0;0;0;0
20230922:0110;0;0;0;0
20230922:0210;0;0;0;0
20230922:0310;0;0;0;0
20230922:0410;0;0;0;0
20230922:0510;12.61;22.32;0.7;35.63
20230922:0610;181.99;87.43;4.18;273.6
20230922:0710;190.52;175.25;6.33;372.1
20230922:0810;542.39;157.06;10.66;710.11
20230922:0910;636.74;190.59;12.73;840.06
20230922:1010;703.76;199.98;13.96;917.7
20230922:1110;677.56;213.36;13.94;904.86
20230922:1210;2.9;187.14;4.66;194.7
20230922:1310;14.33;195.11;4.99;214.43
20230922:1410;0;64.93;1.6;66.53
20230922:1510;94.71;115.8;4.07;214.58
20230922:1610;2.29;29.54;0.77;32.6
20230922:1710;0;0;0;0
20230922:1810;0;0;0;0
20230922:1910;0;0;0;0
20230922:2010;0;0;0;0
20230922:2110;0;0;0;0
20230922:2210;0;0;0;0
20230922:2310;0;0;0;0
20230923:0010;0;0;0;0
20230923:0110;0;0;0;0
20230923:0210;0;0;0;0
20230923:0310;0;0;0;0
20230923:0410;0;0;0;0
20230923:0510;0;8;0.2;8.2
20230923:0610;0;26.68;0.66;27.34
20230923:0710;0;52.48;1.3;53.78
20230923:0810;0;140.53;3.47;144
20230923:0910;1.5;170.06;4.22;175.78
20230923:1010;2.97;198.73;4.95;206.65
20230923:1110;39.77;271.82;7.14;318.73
20230923:1210;0;136.97;3.39;140.36
20230923:1310;69.32;236.17;6.6;312.09
20230923:1410;32.67;167.98;4.53;205.18
20230923:1510;0;58.7;1.45;60.15
20230923:1610;0;5.34;0.13;5.47
20230923:1710;0;0;0;0
20230923:1810;0;0;0;0
20230923:1910;0;0;0;0
20230923:2010;0;0;0;0
20230923:2110;0;0;0;0
20230923:2210;0;0;0;0
20230923:2310;0;0;0;0
20230924:0010;0;0;0;0
20230924:0110;0;0;0;0
20230924:0210;0;0;0;0
20230924:0310;0;0;0;0
20230924:0410;0;0;0;0
20230924:0510;2.03;16.03;0.42;18.48
20230924:0610;0;15.12;0.37;15.49
20230924:0710;10.9;134.19;3.43;148.52
20230924:0810;0;84.5;2.09;86.59
20230924:0910;0;85.39;2.11;87.5
20230924:1010;0;107.62;2.66;110.28
20230924:1110;0;126.3;3.12;129.42
20230924:1210;0;140.53;3.47;144
20230924:1310;152.83;253.02;7.89;413.74
20230924:1410;0;101.4;2.51;103.91
20230924:1510;8.37;90.08;2.33;100.78
20230924:1610;0;25.66;0.68;26.34
20230924:1710;0;0;0;0
20230924:1810;0;0;0;0
20230924:1910;0;0;0;0
20230924:2010;0;0;0;0
20230924:2110;0;0;0;0
20230924:2210;0;0;0;0
20230924:2310;0;0;0;0
20230925:0010;0;0;0;0
20230925:0110;0;0;0;0
20230925:0210;0;0;0;0
20230925:0310;0;0;0;0
20230925:0410;0;0;0;0
20230925:0510;4.34;16.08;0.44;20.86
20230925:0610;13.25;78.55;2.07;93.87
20230925:0710;14.18;135.64;3.5;153.32
20230925:0810;1.54;146.95;3.65;152.14
20230925:0910;0;165.43;4.09;169.52
20230925:1010;15.05;234.48;5.96;255.49
20230925:1110;235.75;318.3;10.29;564.34
20230925:1210;572.87;217.29;12.4;802.56
20230925:1310;547.31;156.92;10.95;715.18
20230925:1410;361.03;134.77;7.94;503.74
20230925:1510;163.04;96.79;4.44;264.27
20230925:1610;0;28.14;0.75;28.89
20230925:1710;0;0;0;0
20230925:1810;0;0;0;0
20230925:1910;0;0;0;0
20230925:2010;0;0;0;0
20230925:2110;0;0;0;0
20230925:2210;0;0;0;0
20230925:2310;0;0;0;0
20230926:0010;0;0;0;0
20230926:0110;0;0;0;0
20230926:0210;0;0;0;0
20230926:0310;0;0;0;0
20230926:0410;0;0;0;0
20230926:0510;9.32;16.18;0.48;25.98
20230926:0610;156.92;90.65;3.74;251.31
20230926:0710;350.47;136.22;7.23;493.92
20230926:0810;535.94;160.98;10.33;707.25
20230926:0910;665.76;179.39;12.6;857.75
20230926:1010;720.93;193.02;13.74;927.69
20230926:1110;678.89;211.95;13.61;904.45
20230926:1210;439.77;261.88;11.45;713.1
20230926:1310;538.47;160.9;10.82;710.19
20230926:1410;353.14;137.35;7.8;498.29
20230926:1510;171.52;92.91;4.42;268.85
20230926:1610;0;26.49;0.7;27.19
20230926:1710;0;0;0;0
20230926:1810;0;0;0;0
20230926:1910;0;0;0;0
20230926:2010;0;0;0;0
20230926:2110;0;0;0;0
20230926:2210;0;0;0;0
20230926:2310;0;0;0;0
20230927:0010;0;0;0;0
20230927:0110;0;0;0;0
20230927:0210;0;0;0;0
20230927:0310;0;0;0;0
20230927:0410;0;0;0;0
20230927:0510;2.51;12.5;0.33;15.34
20230927:0610;185.73;85.49;3.89;275.11
20230927:0710;373.81;131.82;7.36;512.99
20230927:0810;490.39;184.45;10.09;684.93
20230927:0910;641.31;195.17;12.46;848.94
20230927:1010;719.68;200.28;13.76;933.72
20230927:1110;706.11;206.09;13.78;925.98
20230927:1210;596.05;213.91;12.49;822.45
20230927:1310;568.3;152.55;10.99;731.84
20230927:1410;353.99;139.56;7.78;501.33
20230927:1510;174.48;91.79;4.37;270.64
20230927:1610;0;24.83;0.66;25.49
20230927:1710;0;0;0;0
20230927:1810;0;0;0;0
20230927:1910;0;0;0;0
20230927:2010;0;0;0;0
20230927:2110;0;0;0;0
20230927:2210;0;0;0;0
20230927:2310;0;0;0;0
20230928:0010;0;0;0;0
20230928:0110;0;0;0;0
20230928:0210;0;0;0;0
20230928:0310;0;0;0;0
20230928:0410;0;0;0;0
20230928:0510;10.9;13.57;0.42;24.89
20230928:0610;173.58;87.18;3.74;264.5
20230928:0710;368.35;133.4;7.25;509
20230928:0810;562.59;155.68;10.42;728.69
20230928:0910;683.28;178.44;12.64;874.36
20230928:1010;736.84;194.6;13.81;945.25
20230928:1110;723.05;199.24;13.81;936.1
20230928:1210;616.99;206.7;12.55;836.24
20230928:1310;539.99;164.11;10.73;714.83
20230928:1410;347.4;141.08;7.65;496.13
20230928:1510;165.64;92.77;4.22;262.63
20230928:1610;0;22.35;0.59;22.94
20230928:1710;0;0;0;0
20230928:1810;0;0;0;0
20230928:1910;0;0;0;0
20230928:2010;0;0;0;0
20230928:2110;0;0;0;0
20230928:2210;0;0;0;0
20230928:2310;0;0;0;0
20230929:0010;0;0;0;0
20230929:0110;0;0;0;0
20230929:0210;0;0;0;0
20230929:0310;0;0;0;0
20230929:0410;0;0;0;0
20230929:0510;8.92;11.75;0.35;21.02
20230929:0610;178.82;86.21;3.72;268.75
20230929:0710;372.66;133.43;7.23;513.32
20230929:0810;556.35;160;10.33;726.68
20230929:0910;686.78;179.57;12.62;878.97
20230929:1010;727.97;200.11;13.7;941.78
20230929:1110;698.85;212.56;13.63;925.04
20230929:1210;577.32;222.87;12.24;812.43
20230929:1310;541.56;163.92;10.66;716.14
20230929:1410;361.9;134.87;7.65;504.42
20230929:1510;174.76;88.93;4.2;267.89
20230929:1610;0;19.87;0.53;20.4
20230929:1710;0;0;0;0
20230929:1810;0;0;0;0
20230929:1910;0;0;0;0
20230929:2010;0;0;0;0
20230929:2110;0;0;0;0
20230929:2210;0;0;0;0
20230929:2310;0;0;0;0
20230930:0010;0;0;0;0
20230930:0110;0;0;0;0
20230930:0210;0;0;0;0
20230930:0310;0;0;0;0
20230930:0410;0;0;0;0
20230930:0510;0;1.78;0.04;1.82
20230930:0610;0;28.46;0.7;29.16
20230930:0710;60.06;155.34;4.35;219.75
20230930:0810;371.49;211.09;8.97;591.55
20230930:0910;269.51;280.58;9.5;559.59
20230930:1010;345.49;300.79;10.86;657.14
20230930:1110;0;63.15;1.56;64.71
20230930:1210;13.81;208.5;5.3;227.61
20230930:1310;19.89;187.34;4.84;212.07
20230930:1410;0;64.93;1.6;66.53
20230930:1510;24.77;88.55;2.44;115.76
20230930:1610;0;13.24;0.35;13.59
20230930:1710;0;0;0;0
20230930:1810;0;0;0;0
20230930:1910;0;0;0;0
20230930:2010;0;0;0;0
20230930:2110;0;0;0;0
20230930:2210;0;0;0;0
20230930:2310;0;0;0;0
20231001:0010;0;0;0;0
20231001:0110;0;0;0;0
20231001:0210;0;0;0;0
20231001:0310;0;0;0;0
20231001:0410;0;0;0;0
20231001:0510;0;0.89;0.02;0.91
20231001:0610;16.76;74.09;1.96;92.81
20231001:0710;233;160.16;6.07;399.23
20231001:0810;366.68;212.5;8.88;588.06
20231001:0910;546.25;221.64;11.43;779.32
20231001:1010;438.78;284.4;11.52;734.7
20231001:1110;354.27;299.04;10.93;664.24
20231001:1210;587.47;204.43;11.89;803.79
20231001:1310;506.26;165.42;10.07;681.75
20231001:1410;348.61;129.33;7.23;485.17
20231001:1510;159.45;85.38;3.83;248.66
20231001:1610;0;14.9;0.4;15.3
20231001:1710;0;0;0;0
20231001:1810;0;0;0;0
20231001:1910;0;0;0;0
20231001:2010;0;0;0;0
20231001:2110;0;0;0;0
20231001:2210;0;0;0;0
20231001:2310;0;0;0;0
20231002:0010;0;0;0;0
20231002:0110;0;0;0;0
20231002:0210;0;0;0;0
20231002:0310;0;0;0;0
20231002:0410;0;0;0;0
20231002:0510;0;6.23;0.15;6.38
20231002:0610;171.15;80.06;3.36;254.57
20231002:0710;362.28;125.87;6.77;494.92
20231002:0810;546.78;149.83;9.8;706.41
20231002:0910;665.6;171.25;11.96;848.81
20231002:1010;703.82;193.05;13.01;909.88
20231002:1110;654.05;211.59;12.79;878.43
20231002:1210;545.17;216.37;11.5;773.04
20231002:1310;479.61;171.55;9.76;660.92
20231002:1410;299.44;142.21;6.79;448.44
20231002:1510;112.75;90.1;3.34;206.19
20231002:1610;0;13.24;0.35;13.59
20231002:1710;0;0;0;0
20231002:1810;0;0;0;0
20231002:1910;0;0;0;0
20231002:2010;0;0;0;0
20231002:2110;0;0;0;0
20231002:2210;0;0;0;0
20231002:2310;0;0;0;0
20231003:0010;0;0;0;0
20231003:0110;0;0;0;0
20231003:0210;0;0;0;0
20231003:0310;0;0;0;0
20231003:0410;0;0;0;0
20231003:0510;0;4.45;0.11;4.56
20231003:0610;157.36;81.46;3.21;242.03
20231003:0710;351.16;129.49;6.64;487.29
20231003:0810;540.18;154.16;9.72;704.06
20231003:0910;656.18;176.75;11.85;844.78
20231003:1010;708.8;191.7;12.97;913.47
20231003:1110;679.15;203.05;12.88;895.08
20231003:1210;580.72;204.51;11.65;796.88
20231003:1310;540.49;146.89;10.02;697.4
20231003:1410;414.13;104.68;7.47;526.28
20231003:1510;83.86;90.55;3.01;177.42
20231003:1610;0;5.79;0.15;5.94
20231003:1710;0;0;0;0
20231003:1810;0;0;0;0
20231003:1910;0;0;0;0
20231003:2010;0;0;0;0
20231003:2110;0;0;0;0
20231003:2210;0;0;0;0
20231003:2310;0;0;0;0
20231004:0010;0;0;0;0
20231004:0110;0;0;0;0
20231004:0210;0;0;0;0
20231004:0310;0;0;0;0
20231004:0410;0;0;0;0
20231004:0510;0;4.45;0.11;4.56
20231004:0610;162.82;81.83;3.21;247.86
20231004:0710;106.83;161.69;4.81;273.33
20231004:0810;8.34;159.64;4.02;172
20231004:0910;0;103.17;2.55;105.72
20231004:1010;4.8;193.71;4.84;203.35
20231004:1110;284.07;304.64;10.16;598.87
20231004:1210;216.68;280.61;8.93;506.22
20231004:1310;334.55;216.81;8.73;560.09
20231004:1410;168.66;166.44;5.69;340.79
20231004:1510;152.88;81.37;3.5;237.75
20231004:1610;0;8.28;0.22;8.5
20231004:1710;0;0;0;0
20231004:1810;0;0;0;0
20231004:1910;0;0;0;0
20231004:2010;0;0;0;0
20231004:2110;0;0;0;0
20231004:2210;0;0;0;0
20231004:2310;0;0;0;0
20231005:0010;0;0;0;0
20231005:0110;0;0;0;0
20231005:0210;0;0;0;0
20231005:0310;0;0;0;0
20231005:0410;0;0;0;0
20231005:0510;0;0;0;0
20231005:0610;127.91;84.53;2.92;215.36
20231005:0710;19.51;127.11;3.3;149.92
20231005:0810;63.93;205.59;5.61;275.13
20231005:0910;350.39;268.4;9.85;628.64
20231005:1010;483.63;272.2;11.54;767.37
20231005:1110;674.53;208.57;12.75;895.85
20231005:1210;452.67;247.75;10.75;711.17
20231005:1310;435.25;188.8;9.3;633.35
20231005:1410;258.61;150.72;6.29;415.62
20231005:1510;18.89;74.4;2;95.29
20231005:1610;0;6.62;0.18;6.8
20231005:1710;0;0;0;0
20231005:1810;0;0;0;0
20231005:1910;0;0;0;0
20231005:2010;0;0;0;0
20231005:2110;0;0;0;0
20231005:2210;0;0;0;0
20231005:2310;0;0;0;0
20231006:0010;0;0;0;0
20231006:0110;0;0;0;0
20231006:0210;0;0;0;0
20231006:0310;0;0;0;0
20231006:0410;0;0;0;0
20231006:0510;0;0;0;0
20231006:0610;153.7;79.61;2.99;236.3
20231006:0710;348.41;130.63;6.42;485.46
20231006:0810;534.91;157.79;9.47;702.17
20231006:0910;636.97;187.33;11.54;835.84
20231006:1010;672.25;208.77;12.55;893.57
20231006:1110;623.08;225.59;12.33;861
20231006:1210;530.13;221.41;11.1;762.64
20231006:1310;481.32;169.4;9.43;660.15
20231006:1410;199.32;157.77;5.74;362.83
20231006:1510;50.96;82.3;2.44;135.7
20231006:1610;0;1.66;0.04;1.7
20231006:1710;0;0;0;0
20231006:1810;0;0;0;0
20231006:1910;0;0;0;0
20231006:2010;0;0;0;0
20231006:2110;0;0;0;0
20231006:2210;0;0;0;0
20231006:2310;0;0;0;0
20231007:0010;0;0;0;0
20231007:0110;0;0;0;0
20231007:0210;0;0;0;0
20231007:0310;0;0;0;0
20231007:0410;0;0;0;0
20231007:0510;0;0;0;0
20231007:0610;42.52;74.28;2.07;118.87
20231007:0710;309.24;137.2;6.07;452.51
20231007:0810;337.68;210.06;8.18;555.92
20231007:0910;445.75;243.52;10.27;699.54
20231007:1010;601.92;228.98;11.98;842.88
20231007:1110;345.45;289.36;10.33;645.14
20231007:1210;487.38;228.67;10.66;726.71
20231007:1310;327.72;208.25;8.31;544.28
20231007:1410;55.07;145.56;4.07;204.7
20231007:1510;10.8;64.04;1.67;76.51
20231007:1610;0;0;0;0
20231007:1710;0;0;0;0
20231007:1810;0;0;0;0
20231007:1910;0;0;0;0
20231007:2010;0;0;0;0
20231007:2110;0;0;0;0
20231007:2210;0;0;0;0
20231007:2310;0;0;0;0
20231008:0010;0;0;0;0
20231008:0110;0;0;0;0
20231008:0210;0;0;0;0
20231008:0310;0;0;0;0
20231008:0410;0;0;0;0
20231008:0510;0;0;0;0
20231008:0610;115.4;78.6;2.59;196.59
20231008:0710;283.79;139.78;5.8;429.37
20231008:0810;53.64;190.94;5.14;249.72
20231008:0910;0;58.7;1.45;60.15
20231008:1010;0;45.36;1.12;46.48
20231008:1110;0;45.36;1.12;46.48
20231008:1210;0;41.8;1.03;42.83
20231008:1310;0;45.36;1.12;46.48
20231008:1410;0;34.69;0.86;35.55
20231008:1510;0;40.91;1.01;41.92
20231008:1610;0;0;0;0
20231008:1710;0;0;0;0
20231008:1810;0;0;0;0
20231008:1910;0;0;0;0
20231008:2010;0;0;0;0
20231008:2110;0;0;0;0
20231008:2210;0;0;0;0
20231008:2310;0;0;0;0
20231009:0010;0;0;0;0
20231009:0110;0;0;0;0
20231009:0210;0;0;0;0
20231009:0310;0;0;0;0
20231009:0410;0;0;0;0
20231009:0510;0;0;0;0
20231009:0610;98.17;76.19;2.4;176.76
20231009:0710;253.94;142.55;5.52;402.01
20231009:0810;468.2;170.02;8.71;646.93
20231009:0910;111.54;248.33;7.03;366.9
20231009:1010;114.54;270.17;7.63;392.34
20231009:1110;0;65.82;1.63;67.45
20231009:1210;0;144.09;3.56;147.65
20231009:1310;0;33.8;0.84;34.64
20231009:1410;0;23.13;0.57;23.7
20231009:1510;0;17.79;0.44;18.23
20231009:1610;0;0;0;0
20231009:1710;0;0;0;0
20231009:1810;0;0;0;0
20231009:1910;0;0;0;0
20231009:2010;0;0;0;0
20231009:2110;0;0;0;0
20231009:2210;0;0;0;0
20231009:2310;0;0;0;0
20231010:0010;0;0;0;0
20231010:0110;0;0;0;0
20231010:0210;0;0;0;0
20231010:0310;0;0;0;0
20231010:0410;0;0;0;0
20231010:0510;0;0;0;0
20231010:0610;0;16.01;0.4;16.41
20231010:0710;0;22.24;0.55;22.79
20231010:0810;0;58.7;1.45;60.15
20231010:0910;0;136.97;3.39;140.36
20231010:1010;60.21;247.36;6.62;314.19
20231010:1110;379.75;275.01;10.24;665
20231010:1210;44.79;221;5.85;271.64
20231010:1310;8.39;148.07;3.74;160.2
20231010:1410;0;55.14;1.36;56.5
20231010:1510;60.21;72.62;2.2;135.03
20231010:1610;0;0;0;0
20231010:1710;0;0;0;0
20231010:1810;0;0;0;0
20231010:1910;0;0;0;0
20231010:2010;0;0;0;0
20231010:2110;0;0;0;0
20231010:2210;0;0;0;0
20231010:2310;0;0;0;0
20231011:0010;0;0;0;0
20231011:0110;0;0;0;0
20231011:0210;0;0;0;0
20231011:0310;0;0;0;0
20231011:0410;0;0;0;0
20231011:0510;0;0;0;0
20231011:0610;89.2;73.49;2.22;164.91
20231011:0710;299.19;133.17;5.65;438.01
20231011:0810;500.51;159.27;8.73;668.51
20231011:0910;566.81;200.17;10.55;777.53
20231011:1010;636.93;207.83;11.72;856.48
20231011:1110;619.89;212.21;11.67;843.77
20231011:1210;523.51;208.18;10.42;742.11
20231011:1310;574.68;122.93;9.36;706.97
20231011:1410;28.19;123.47;3.28;154.94
20231011:1510;93.82;71.63;2.4;167.85
20231011:1610;0;0;0;0
20231011:1710;0;0;0;0
20231011:1810;0;0;0;0
20231011:1910;0;0;0;0
20231011:2010;0;0;0;0
20231011:2110;0;0;0;0
20231011:2210;0;0;0;0
20231011:2310;0;0;0;0
20231012:0010;0;0;0;0
20231012:0110;0;0;0;0
20231012:0210;0;0;0;0
20231012:0310;0;0;0;0
20231012:0410;0;0;0;0
20231012:0510;0;0;0;0
20231012:0610;149.43;71.19;2.51;223.13
20231012:0710;373.3;115.93;6;495.23
20231012:0810;589.99;131.51;9.19;730.69
20231012:0910;604.38;188.9;10.71;803.99
20231012:1010;663.84;200.68;11.83;876.35
20231012:1110;612.83;216.53;11.59;840.95
20231012:1210;600.39;182.9;10.79;794.08
20231012:1310;482.87;154.84;8.73;646.44
20231012:1410;378.83;102.54;6.27;487.64
20231012:1510;4.11;45.99;1.17;51.27
20231012:1610;0;0;0;0
20231012:1710;0;0;0;0
20231012:1810;0;0;0;0
20231012:1910;0;0;0;0
20231012:2010;0;0;0;0
20231012:2110;0;0;0;0
20231012:2210;0;0;0;0
20231012:2310;0;0;0;0
20231013:0010;0;0;0;0
20231013:0110;0;0;0;0
20231013:0210;0;0;0;0
20231013:0310;0;0;0;0
20231013:0410;0;0;0;0
20231013:0510;0;0;0;0
20231013:0610;12.38;51.21;1.32;64.91
20231013:0710;272.05;135.12;5.32;412.49
20231013:0810;459.61;167.68;8.29;635.58
20231013:0910;483.67;219.77;9.85;713.29
20231013:1010;600.49;214.14;11.26;825.89
20231013:1110;626.02;202.94;11.43;840.39
20231013:1210;522.11;202.41;10.16;734.68
20231013:1310;370.17;182.97;7.91;561.05
20231013:1410;277.38;123.38;5.47;406.23
20231013:1510;69.79;66.54;2.04;138.37
20231013:1610;0;0;0;0
20231013:1710;0;0;0;0
20231013:1810;0;0;0;0
20231013:1910;0;0;0;0
20231013:2010;0;0;0;0
20231013:2110;0;0;0;0
20231013:2210;0;0;0;0
20231013:2310;0;0;0;0
20231014:0010;0;0;0;0
20231014:0110;0;0;0;0
20231014:0210;0;0;0;0
20231014:0310;0;0;0;0
20231014:0410;0;0;0;0
20231014:0510;0;0;0;0
20231014:0610;38.2;60.37;1.63;100.2
20231014:0710;147.95;143.37;4.44;295.76
20231014:0810;484.42;160.59;8.35;653.36
20231014:0910;572.23;194.47;10.29;776.99
20231014:1010;629.26;207.52;11.39;848.17
20231014:1110;632.58;203.31;11.43;847.32
20231014:1210;439.06;226.12;9.61;674.79
20231014:1310;47.19;177.26;4.75;229.2
20231014:1410;253.89;128.87;5.28;388.04
20231014:1510;0;12.45;0.31;12.76
20231014:1610;0;0;0;0
20231014:1710;0;0;0;0
20231014:1810;0;0;0;0
20231014:1910;0;0;0;0
20231014:2010;0;0;0;0
20231014:2110;0;0;0;0
20231014:2210;0;0;0;0
20231014:2310;0;0;0;0
20231015:0010;0;0;0;0
20231015:0110;0;0;0;0
20231015:0210;0;0;0;0
20231015:0310;0;0;0;0
20231015:0410;0;0;0;0
20231015:0510;0;0;0;0
20231015:0610;34.07;57.78;1.54;93.39
20231015:0710;399.5;107.14;5.89;512.53
20231015:0810;81.56;191.52;5.28;278.36
20231015:0910;0;50.7;1.25;51.95
20231015:1010;0;81.83;2.02;83.85
20231015:1110;0;80.05;1.98;82.03
20231015:1210;25.95;196;5.06;227.01
20231015:1310;0;49.81;1.23;51.04
20231015:1410;0;29.35;0.73;30.08
20231015:1510;11.26;47.38;1.23;59.87
20231015:1610;0;0;0;0
20231015:1710;0;0;0;0
20231015:1810;0;0;0;0
20231015:1910;0;0;0;0
20231015:2010;0;0;0;0
20231015:2110;0;0;0;0
20231015:2210;0;0;0;0
20231015:2310;0;0;0;0
20231016:0010;0;0;0;0
20231016:0110;0;0;0;0
20231016:0210;0;0;0;0
20231016:0310;0;0;0;0
20231016:0410;0;0;0;0
20231016:0510;0;0;0;0
20231016:0610;151.17;68.63;2.26;222.06
20231016:0710;349.76;123.18;5.61;478.55
20231016:0810;552.39;146.89;8.68;707.96
20231016:0910;578.36;204.21;10.35;792.92
20231016:1010;647.85;213.07;11.52;872.44
20231016:1110;593.9;228.31;11.26;833.47
20231016:1210;441.4;233.75;9.63;684.78
20231016:1310;19.63;155.68;4;179.31
20231016:1410;178.24;140.38;4.7;323.32
20231016:1510;51.18;60.41;1.71;113.3
20231016:1610;0;0;0;0
20231016:1710;0;0;0;0
20231016:1810;0;0;0;0
20231016:1910;0;0;0;0
20231016:2010;0;0;0;0
20231016:2110;0;0;0;0
20231016:2210;0;0;0;0
20231016:2310;0;0;0;0
20231017:0010;0;0;0;0
20231017:0110;0;0;0;0
20231017:0210;0;0;0;0
20231017:0310;0;0;0;0
20231017:0410;0;0;0;0
20231017:0510;0;0;0;0
20231017:0610;114.11;67.03;2;183.14
20231017:0710;202.51;143.53;4.7;350.74
20231017:0810;418.1;185.52;7.89;611.51
20231017:0910;375.63;247.68;9.04;632.35
20231017:1010;430.59;267.14;10.13;707.86
20231017:1110;238.04;279.72;8.68;526.44
20231017:1210;473.4;222.92;9.69;706.01
20231017:1310;176.75;204.37;6.31;387.43
20231017:1410;38.51;119.04;3.19;160.74
20231017:1510;0;18.68;0.46;19.14
20231017:1610;0;0;0;0
20231017:1710;0;0;0;0
20231017:1810;0;0;0;0
20231017:1910;0;0;0;0
20231017:2010;0;0;0;0
20231017:2110;0;0;0;0
20231017:2210;0;0;0;0
20231017:2310;0;0;0;0
20231018:0010;0;0;0;0
20231018:0110;0;0;0;0
20231018:0210;0;0;0;0
20231018:0310;0;0;0;0
20231018:0410;0;0;0;0
20231018:0510;0;0;0;0
20231018:0610;51.7;58.5;1.56;111.76
20231018:0710;171.63;141.95;4.42;318
20231018:0810;433.93;180.76;7.89;622.58
20231018:0910;448.08;235.62;9.43;693.13
20231018:1010;652.78;207.55;11.32;871.65
20231018:1110;372.25;272.36;9.67;654.28
20231018:1210;271.62;251.12;8.24;530.98
20231018:1310;67.45;180.37;4.92;252.74
20231018:1410;56.73;122.1;3.36;182.19
20231018:1510;19.96;47.64;1.25;68.85
20231018:1610;0;0;0;0
20231018:1710;0;0;0;0
20231018:1810;0;0;0;0
20231018:1910;0;0;0;0
20231018:2010;0;0;0;0
20231018:2110;0;0;0;0
20231018:2210;0;0;0;0
20231018:2310;0;0;0;0
20231019:0010;0;0;0;0
20231019:0110;0;0;0;0
20231019:0210;0;0;0;0
20231019:0310;0;0;0;0
20231019:0410;0;0;0;0
20231019:0510;0;0;0;0
20231019:0610;0;28.46;0.7;29.16
20231019:0710;0;54.26;1.34;55.6
20231019:0810;0;85.39;2.11;87.5
20231019:0910;3.67;149.1;3.72;156.49
20231019:1010;51.99;222.93;5.89;280.81
20231019:1110;192.06;261.02;7.85;460.93
20231019:1210;62.68;210.16;5.65;278.49
20231019:1310;304.07;183.25;6.9;494.22
20231019:1410;45.72;113.31;3.08;162.11
20231019:1510;41.45;50.35;1.38;93.18
20231019:1610;0;0;0;0
20231019:1710;0;0;0;0
20231019:1810;0;0;0;0
20231019:1910;0;0;0;0
20231019:2010;0;0;0;0
20231019:2110;0;0;0;0
20231019:2210;0;0;0;0
20231019:2310;0;0;0;0
20231020:0010;0;0;0;0
20231020:0110;0;0;0;0
20231020:0210;0;0;0;0
20231020:0310;0;0;0;0
20231020:0410;0;0;0;0
20231020:0510;0;0;0;0
20231020:0610;0;6.23;0.15;6.38
20231020:0710;0;37.36;0.92;38.28
20231020:0810;0;69.38;1.71;71.09
20231020:0910;0;42.69;1.06;43.75
20231020:1010;74.1;230.4;6.22;310.72
20231020:1110;0;55.14;1.36;56.5
20231020:1210;0;45.36;1.12;46.48
20231020:1310;0;33.8;0.84;34.64
20231020:1410;0;21.35;0.53;21.88
20231020:1510;0;6.23;0.15;6.38
20231020:1610;0;0;0;0
20231020:1710;0;0;0;0
20231020:1810;0;0;0;0
20231020:1910;0;0;0;0
20231020:2010;0;0;0;0
20231020:2110;0;0;0;0
20231020:2210;0;0;0;0
20231020:2310;0;0;0;0
20231021:0010;0;0;0;0
20231021:0110;0;0;0;0
20231021:0210;0;0;0;0
20231021:0310;0;0;0;0
20231021:0410;0;0;0;0
20231021:0510;0;0;0;0
20231021:0610;136.69;58.41;1.78;196.88
20231021:0710;363.81;105.15;5.1;474.06
20231021:0810;416.34;166.64;7.3;590.28
20231021:0910;183.22;234.99;7.01;425.22
20231021:1010;575.7;209.23;10.31;795.24
20231021:1110;569.28;208.19;10.29;787.76
20231021:1210;554.21;175.65;9.45;739.31
20231021:1310;299.53;179.66;6.68;485.87
20231021:1410;55.46;111.98;3.08;170.52
20231021:1510;16.83;37.94;0.99;55.76
20231021:1610;0;0;0;0
20231021:1710;0;0;0;0
20231021:1810;0;0;0;0
20231021:1910;0;0;0;0
20231021:2010;0;0;0;0
20231021:2110;0;0;0;0
20231021:2210;0;0;0;0
20231021:2310;0;0;0;0
20231022:0010;0;0;0;0
20231022:0110;0;0;0;0
20231022:0210;0;0;0;0
20231022:0310;0;0;0;0
20231022:0410;0;0;0;0
20231022:0510;0;0;0;0
20231022:0610;0;16.9;0.42;17.32
20231022:0710;0;17.79;0.44;18.23
20231022:0810;1.99;110.59;2.75;115.33
20231022:0910;0;41.8;1.03;42.83
20231022:1010;0;48.03;1.19;49.22
20231022:1110;0;94.28;2.33;96.61
20231022:1210;0;88.94;2.2;91.14
20231022:1310;163.83;184.73;5.63;354.19
20231022:1410;0;56.92;1.41;58.33
20231022:1510;5.85;29.45;0.75;36.05
20231022:1610;0;0;0;0
20231022:1710;0;0;0;0
20231022:1810;0;0;0;0
20231022:1910;0;0;0;0
20231022:2010;0;0;0;0
20231022:2110;0;0;0;0
20231022:2210;0;0;0;0
20231022:2310;0;0;0;0
20231023:0010;0;0;0;0
20231023:0110;0;0;0;0
20231023:0210;0;0;0;0
20231023:0310;0;0;0;0
20231023:0410;0;0;0;0
20231023:0510;0;0;0;0
20231023:0610;133.51;55.59;1.63;190.73
20231023:0710;125.94;125.84;3.65;255.43
20231023:0810;451.64;158.03;7.34;617.01
20231023:0910;487.15;206.19;8.97;702.31
20231023:1010;475.85;235.49;9.63;720.97
20231023:1110;490.46;229.57;9.72;729.75
20231023:1210;311.84;229.79;7.94;549.57
20231023:1310;348.7;170.5;6.84;526.04
20231023:1410;10.62;84.64;2.15;97.41
20231023:1510;0;29.8;0.79;30.59
20231023:1610;0;0;0;0
20231023:1710;0;0;0;0
20231023:1810;0;0;0;0
20231023:1910;0;0;0;0
20231023:2010;0;0;0;0
20231023:2110;0;0;0;0
20231023:2210;0;0;0;0
20231023:2310;0;0;0;0
20231024:0010;0;0;0;0
20231024:0110;0;0;0;0
20231024:0210;0;0;0;0
20231024:0310;0;0;0;0
20231024:0410;0;0;0;0
20231024:0510;0;0;0;0
20231024:0610;0;19.57;0.48;20.05
20231024:0710;0;61.37;1.52;62.89
20231024:0810;0;61.37;1.52;62.89
20231024:0910;0;67.6;1.67;69.27
20231024:1010;0;128.97;3.19;132.16
20231024:1110;0;38.25;0.95;39.2
20231024:1210;0;97.84;2.42;100.26
20231024:1310;0;56.03;1.38;57.41
20231024:1410;0;27.57;0.68;28.25
20231024:1510;0;24.83;0.66;25.49
20231024:1610;0;0;0;0
20231024:1710;0;0;0;0
20231024:1810;0;0;0;0
20231024:1910;0;0;0;0
20231024:2010;0;0;0;0
20231024:2110;0;0;0;0
20231024:2210;0;0;0;0
20231024:2310;0;0;0;0
20231025:0010;0;0;0;0
20231025:0110;0;0;0;0
20231025:0210;0;0;0;0
20231025:0310;0;0;0;0
20231025:0410;0;0;0;0
20231025:0510;0;0;0;0
20231025:0610;0;9.78;0.24;10.02
20231025:0710;4.73;74.63;1.87;81.23
20231025:0810;0;68.49;1.69;70.18
20231025:0910;36.81;182.58;4.75;224.14
20231025:1010;60.23;215.3;5.72;281.25
20231025:1110;108.31;233.14;6.46;347.91
20231025:1210;0;72.93;1.8;74.73
20231025:1310;1.97;99.01;2.46;103.44
20231025:1410;41.81;98.53;2.64;142.98
20231025:1510;0;19.87;0.53;20.4
20231025:1610;0;0;0;0
20231025:1710;0;0;0;0
20231025:1810;0;0;0;0
20231025:1910;0;0;0;0
20231025:2010;0;0;0;0
20231025:2110;0;0;0;0
20231025:2210;0;0;0;0
20231025:2310;0;0;0;0
20231026:0010;0;0;0;0
20231026:0110;0;0;0;0
20231026:0210;0;0;0;0
20231026:0310;0;0;0;0
20231026:0410;0;0;0;0
20231026:0510;0;0;0;0
20231026:0610;3.87;21.76;0.55;26.18
20231026:0710;0;33.8;0.84;34.64
20231026:0810;0;77.38;1.91;79.29
20231026:0910;279.54;229.21;7.43;516.18
20231026:1010;110.07;232.92;6.44;349.43
20231026:1110;344.58;248.04;8.55;601.17
20231026:1210;0;96.06;2.37;98.43
20231026:1310;1.99;95.45;2.37;99.81
20231026:1410;0;40.02;0.99;41.01
20231026:1510;0;4.14;0.11;4.25
20231026:1610;0;0;0;0
20231026:1710;0;0;0;0
20231026:1810;0;0;0;0
20231026:1910;0;0;0;0
20231026:2010;0;0;0;0
20231026:2110;0;0;0;0
20231026:2210;0;0;0;0
20231026:2310;0;0;0;0
20231027:0010;0;0;0;0
20231027:0110;0;0;0;0
20231027:0210;0;0;0;0
20231027:0310;0;0;0;0
20231027:0410;0;0;0;0
20231027:0510;0;0;0;0
20231027:0610;0;9.78;0.24;10.02
20231027:0710;0;21.35;0.53;21.88
20231027:0810;0;30.24;0.75;30.99
20231027:0910;0;37.36;0.92;38.28
20231027:1010;0;42.69;1.06;43.75
20231027:1110;0;82.72;2.04;84.76
20231027:1210;0;70.27;1.74;72.01
20231027:1310;0;35.58;0.88;36.46
20231027:1410;0;29.35;0.73;30.08
20231027:1510;0;5.79;0.15;5.94
20231027:1610;0;0;0;0
20231027:1710;0;0;0;0
20231027:1810;0;0;0;0
20231027:1910;0;0;0;0
20231027:2010;0;0;0;0
20231027:2110;0;0;0;0
20231027:2210;0;0;0;0
20231027:2310;0;0;0;0
20231028:0010;0;0;0;0
20231028:0110;0;0;0;0
20231028:0210;0;0;0;0
20231028:0310;0;0;0;0
20231028:0410;0;0;0;0
20231028:0510;0;0;0;0
20231028:0610;0;4.45;0.11;4.56
20231028:0710;0;23.13;0.57;23.7
20231028:0810;0;42.69;1.06;43.75
20231028:0910;0;32.91;0.81;33.72
20231028:1010;439.9;236.85;9.01;685.76
20231028:1110;580.11;199.43;9.74;789.28
20231028:1210;594.65;157.2;9.04;760.89
20231028:1310;399.97;150.89;6.64;557.5
20231028:1410;148.67;111.24;3.41;263.32
20231028:1510;0;22.35;0.59;22.94
20231028:1610;0;0;0;0
20231028:1710;0;0;0;0
20231028:1810;0;0;0;0
20231028:1910;0;0;0;0
20231028:2010;0;0;0;0
20231028:2110;0;0;0;0
20231028:2210;0;0;0;0
20231028:2310;0;0;0;0
20231029:0010;0;0;0;0
20231029:0110;0;0;0;0
20231029:0210;0;0;0;0
20231029:0310;0;0;0;0
20231029:0410;0;0;0;0
20231029:0510;0;0;0;0
20231029:0610;4.46;20.02;0.51;24.99
20231029:0710;53.21;99.02;2.62;154.85
20231029:0810;0;85.39;2.11;87.5
20231029:0910;0;80.94;2;82.94
20231029:1010;0;128.97;3.19;132.16
20231029:1110;90.74;221.81;6.02;318.57
20231029:1210;186.34;219.1;6.51;411.95
20231029:1310;0;90.72;2.24;92.96
20231029:1410;2.37;56.38;1.41;60.16
20231029:1510;0;19.87;0.53;20.4
20231029:1610;0;0;0;0
20231029:1710;0;0;0;0
20231029:1810;0;0;0;0
20231029:1910;0;0;0;0
20231029:2010;0;0;0;0
20231029:2110;0;0;0;0
20231029:2210;0;0;0;0
20231029:2310;0;0;0;0
20231030:0010;0;0;0;0
20231030:0110;0;0;0;0
20231030:0210;0;0;0;0
20231030:0310;0;0;0;0
20231030:0410;0;0;0;0
20231030:0510;0;0;0;0
20231030:0610;9.4;21.46;0.55;31.41
20231030:0710;0;28.46;0.7;29.16
20231030:0810;0;72.93;1.8;74.73
20231030:0910;0;87.16;2.15;89.31
20231030:1010;574.83;199.83;9.5;784.16
20231030:1110;566.55;198.67;9.45;774.67
20231030:1210;61.37;185.63;4.95;251.95
20231030:1310;173.41;169.16;5.1;347.67
20231030:1410;21.7;80.01;2.07;103.78
20231030:1510;0;10.76;0.29;11.05
20231030:1610;0;0;0;0
20231030:1710;0;0;0;0
20231030:1810;0;0;0;0
20231030:1910;0;0;0;0
20231030:2010;0;0;0;0
20231030:2110;0;0;0;0
20231030:2210;0;0;0;0
20231030:2310;0;0;0;0
20231031:0010;0;0;0;0
20231031:0110;0;0;0;0
20231031:0210;0;0;0;0
20231031:0310;0;0;0;0
20231031:0410;0;0;0;0
20231031:0510;0;0;0;0
20231031:0610;0;8;0.2;8.2
20231031:0710;0;26.68;0.66;27.34
20231031:0810;0;57.81;1.43;59.24
20231031:0910;0;47.14;1.17;48.31
20231031:1010;0;45.36;1.12;46.48
20231031:1110;0;35.58;0.88;36.46
20231031:1210;0;31.13;0.77;31.9
20231031:1310;0;67.6;1.67;69.27
20231031:1410;51.61;89.44;2.4;143.45
20231031:1510;0;8.28;0.22;8.5
20231031:1610;0;0;0;0
20231031:1710;0;0;0;0
20231031:1810;0;0;0;0
20231031:1910;0;0;0;0
20231031:2010;0;0;0;0
20231031:2110;0;0;0;0
20231031:2210;0;0;0;0
20231031:2310;0;0;0;0
20231101:0010;0;0;0;0
20231101:0110;0;0;0;0
20231101:0210;0;0;0;0
20231101:0310;0;0;0;0
20231101:0410;0;0;0;0
20231101:0510;0;0;0;0
20231101:0610;31.61;24.96;0.66;57.23
20231101:0710;50.83;93.38;2.44;146.65
20231101:0810;439.83;147.9;6.46;594.19
20231101:0910;413.11;206.76;7.76;627.63
20231101:1010;700.27;152.13;9.85;862.25
20231101:1110;615.77;178.97;9.47;804.21
20231101:1210;617.28;140.67;8.71;766.66
20231101:1310;432.21;134.75;6.4;573.36
20231101:1410;137.8;102.71;3.03;243.54
20231101:1510;0;15.73;0.42;16.15
20231101:1610;0;0;0;0
20231101:1710;0;0;0;0
20231101:1810;0;0;0;0
20231101:1910;0;0;0;0
20231101:2010;0;0;0;0
20231101:2110;0;0;0;0
20231101:2210;0;0;0;0
20231101:2310;0;0;0;0
20231102:0010;0;0;0;0
20231102:0110;0;0;0;0
20231102:0210;0;0;0;0
20231102:0310;0;0;0;0
20231102:0410;0;0;0;0
20231102:0510;0;0;0;0
20231102:0610;11.22;18.87;0.48;30.57
20231102:0710;79.05;99.2;2.64;180.89
20231102:0810;456.34;140.46;6.42;603.22
20231102:0910;293.97;215.82;6.97;516.76
20231102:1010;259.54;237.87;7.36;504.77
20231102:1110;630.97;169.66;9.41;810.04
20231102:1210;588.49;146.77;8.44;743.7
20231102:1310;54.14;138.9;3.69;196.73
20231102:1410;38.32;81.14;2.13;121.59
20231102:1510;0;4.97;0.13;5.1
20231102:1610;0;0;0;0
20231102:1710;0;0;0;0
20231102:1810;0;0;0;0
20231102:1910;0;0;0;0
20231102:2010;0;0;0;0
20231102:2110;0;0;0;0
20231102:2210;0;0;0;0
20231102:2310;0;0;0;0
20231103:0010;0;0;0;0
20231103:0110;0;0;0;0
20231103:0210;0;0;0;0
20231103:0310;0;0;0;0
20231103:0410;0;0;0;0
20231103:0510;0;0;0;0
20231103:0610;0;2.67;0.07;2.74
20231103:0710;0;23.13;0.57;23.7
20231103:0810;0;26.68;0.66;27.34
20231103:0910;0;39.14;0.97;40.11
20231103:1010;0;51.59;1.28;52.87
20231103:1110;0;33.8;0.84;34.64
20231103:1210;0;30.24;0.75;30.99
20231103:1310;258.61;159.35;5.32;423.28
20231103:1410;28.66;75.39;1.96;106.01
20231103:1510;0;6.62;0.18;6.8
20231103:1610;0;0;0;0
20231103:1710;0;0;0;0
20231103:1810;0;0;0;0
20231103:1910;0;0;0;0
20231103:2010;0;0;0;0
20231103:2110;0;0;0;0
20231103:2210;0;0;0;0
20231103:2310;0;0;0;0
20231104:0010;0;0;0;0
20231104:0110;0;0;0;0
20231104:0210;0;0;0;0
20231104:0310;0;0;0;0
20231104:0410;0;0;0;0
20231104:0510;0;0;0;0
20231104:0610;38.65;19.43;0.53;58.61
20231104:0710;243.59;106.21;3.41;353.21
20231104:0810;386.36;157.38;6;549.74
20231104:0910;698.9;126.51;8.88;834.29
20231104:1010;712.06;148.26;9.67;869.99
20231104:1110;702.64;147.34;9.63;859.61
20231104:1210;479.31;182.48;7.85;669.64
20231104:1310;357.12;150.01;5.83;512.96
20231104:1410;143.51;99;2.88;245.39
20231104:1510;0;10.76;0.29;11.05
20231104:1610;0;0;0;0
20231104:1710;0;0;0;0
20231104:1810;0;0;0;0
20231104:1910;0;0;0;0
20231104:2010;0;0;0;0
20231104:2110;0;0;0;0
20231104:2210;0;0;0;0
20231104:2310;0;0;0;0
20231105:0010;0;0;0;0
20231105:0110;0;0;0;0
20231105:0210;0;0;0;0
20231105:0310;0;0;0;0
20231105:0410;0;0;0;0
20231105:0510;0;0;0;0
20231105:0610;0;4.45;0.11;4.56
20231105:0710;0;28.46;0.7;29.16
20231105:0810;0;56.92;1.41;58.33
20231105:0910;2.14;116.86;2.9;121.9
20231105:1010;654.13;159.9;9.21;823.24
20231105:1110;677.87;149.39;9.34;836.6
20231105:1210;622.08;132.44;8.33;762.85
20231105:1310;49.39;131.75;3.47;184.61
20231105:1410;0;45.36;1.12;46.48
20231105:1510;0;8.28;0.22;8.5
20231105:1610;0;0;0;0
20231105:1710;0;0;0;0
20231105:1810;0;0;0;0
20231105:1910;0;0;0;0
20231105:2010;0;0;0;0
20231105:2110;0;0;0;0
20231105:2210;0;0;0;0
20231105:2310;0;0;0;0
20231106:0010;0;0;0;0
20231106:0110;0;0;0;0
20231106:0210;0;0;0;0
20231106:0310;0;0;0;0
20231106:0410;0;0;0;0
20231106:0510;0;0;0;0
20231106:0610;22.72;14.05;0.37;37.14
20231106:0710;206.29;103.22;3.08;312.59
20231106:0810;331.81;160.88;5.56;498.25
20231106:0910;62.78;175.96;4.64;243.38
20231106:1010;753.32;130.5;9.67;893.49
20231106:1110;640.24;164.17;9.12;813.53
20231106:1210;596.24;140.7;8.13;745.07
20231106:1310;411.28;133.19;5.87;550.34
20231106:1410;146.62;94.98;2.75;244.35
20231106:1510;0;6.62;0.18;6.8
20231106:1610;0;0;0;0
20231106:1710;0;0;0;0
20231106:1810;0;0;0;0
20231106:1910;0;0;0;0
20231106:2010;0;0;0;0
20231106:2110;0;0;0;0
20231106:2210;0;0;0;0
20231106:2310;0;0;0;0
20231107:0010;0;0;0;0
20231107:0110;0;0;0;0
20231107:0210;0;0;0;0
20231107:0310;0;0;0;0
20231107:0410;0;0;0;0
20231107:0510;0;0;0;0
20231107:0610;24.92;12.19;0.33;37.44
20231107:0710;186.47;101.88;2.92;291.27
20231107:0810;26.39;116.66;2.99;146.04
20231107:0910;0;54.26;1.34;55.6
20231107:1010;0;105.84;2.62;108.46
20231107:1110;0;106.73;2.64;109.37
20231107:1210;0;50.7;1.25;51.95
20231107:1310;25.3;115.53;2.97;143.8
20231107:1410;79.05;84.65;2.26;165.96
20231107:1510;0;5.79;0.15;5.94
20231107:1610;0;0;0;0
20231107:1710;0;0;0;0
20231107:1810;0;0;0;0
20231107:1910;0;0;0;0
20231107:2010;0;0;0;0
20231107:2110;0;0;0;0
20231107:2210;0;0;0;0
20231107:2310;0;0;0;0
20231108:0010;0;0;0;0
20231108:0110;0;0;0;0
20231108:0210;0;0;0;0
20231108:0310;0;0;0;0
20231108:0410;0;0;0;0
20231108:0510;0;0;0;0
20231108:0610;0;9.78;0.24;10.02
20231108:0710;132.03;97.93;2.62;232.58
20231108:0810;488.15;127.27;6.07;621.49
20231108:0910;600.03;151.56;8.02;759.61
20231108:1010;637.04;169.28;8.97;815.29
20231108:1110;585.99;181.94;8.75;776.68
20231108:1210;532.12;162.58;7.74;702.44
20231108:1310;300.29;152.08;5.23;457.6
20231108:1410;141.19;91.67;2.59;235.45
20231108:1510;0;4.14;0.11;4.25
20231108:1610;0;0;0;0
20231108:1710;0;0;0;0
20231108:1810;0;0;0;0
20231108:1910;0;0;0;0
20231108:2010;0;0;0;0
20231108:2110;0;0;0;0
20231108:2210;0;0;0;0
20231108:2310;0;0;0;0
20231109:0010;0;0;0;0
20231109:0110;0;0;0;0
20231109:0210;0;0;0;0
20231109:0310;0;0;0;0
20231109:0410;0;0;0;0
20231109:0510;0;0;0;0
20231109:0610;0;7.12;0.18;7.3
20231109:0710;200.69;101.37;2.88;304.94
20231109:0810;484.37;128.06;5.98;618.41
20231109:0910;472.11;187.58;7.43;667.12
20231109:1010;520.76;204.41;8.42;733.59
20231109:1110;546.44;194.61;8.53;749.58
20231109:1210;619.74;134.6;8.05;762.39
20231109:1310;351.05;144.51;5.41;500.97
20231109:1410;117.65;88.66;2.42;208.73
20231109:1510;0;1.66;0.04;1.7
20231109:1610;0;0;0;0
20231109:1710;0;0;0;0
20231109:1810;0;0;0;0
20231109:1910;0;0;0;0
20231109:2010;0;0;0;0
20231109:2110;0;0;0;0
20231109:2210;0;0;0;0
20231109:2310;0;0;0;0
20231110:0010;0;0;0;0
20231110:0110;0;0;0;0
20231110:0210;0;0;0;0
20231110:0310;0;0;0;0
20231110:0410;0;0;0;0
20231110:0510;0;0;0;0
20231110:0610;0;1.78;0.04;1.82
20231110:0710;3.2;49.49;1.23;53.92
20231110:0810;2.49;79.55;1.98;84.02
20231110:0910;13.49;132.45;3.34;149.28
20231110:1010;150.66;211.66;5.91;368.23
20231110:1110;29.9;165.4;4.24;199.54
20231110:1210;21.95;140.5;3.58;166.03
20231110:1310;11.92;97.43;2.46;111.81
20231110:1410;0;26.68;0.66;27.34
20231110:1510;0;0;0;0
20231110:1610;0;0;0;0
20231110:1710;0;0;0;0
20231110:1810;0;0;0;0
20231110:1910;0;0;0;0
20231110:2010;0;0;0;0
20231110:2110;0;0;0;0
20231110:2210;0;0;0;0
20231110:2310;0;0;0;0
20231111:0010;0;0;0;0
20231111:0110;0;0;0;0
20231111:0210;0;0;0;0
20231111:0310;0;0;0;0
20231111:0410;0;0;0;0
20231111:0510;0;0;0;0
20231111:0610;0;0.89;0.02;0.91
20231111:0710;9.82;55.33;1.38;66.53
20231111:0810;47.89;123.91;3.21;175.01
20231111:0910;285.95;200.52;6.24;492.71
20231111:1010;436.24;211.92;7.76;655.92
20231111:1110;142.14;208.04;5.78;355.96
20231111:1210;170.57;190.92;5.45;366.94
20231111:1310;111.01;139.44;3.83;254.28
20231111:1410;21.46;59.68;1.52;82.66
20231111:1510;0;0;0;0
20231111:1610;0;0;0;0
20231111:1710;0;0;0;0
20231111:1810;0;0;0;0
20231111:1910;0;0;0;0
20231111:2010;0;0;0;0
20231111:2110;0;0;0;0
20231111:2210;0;0;0;0
20231111:2310;0;0;0;0
20231112:0010;0;0;0;0
20231112:0110;0;0;0;0
20231112:0210;0;0;0;0
20231112:0310;0;0;0;0
20231112:0410;0;0;0;0
20231112:0510;0;0;0;0
20231112:0610;0;0;0;0
20231112:0710;177.4;95.73;2.57;275.7
20231112:0810;456.82;130.08;5.61;592.51
20231112:0910;595.65;149.04;7.67;752.36
20231112:1010;569.01;186.05;8.35;763.41
20231112:1110;529.83;194.25;8.2;732.28
20231112:1210;594.7;138.52;7.67;740.89
20231112:1310;434.7;121.95;5.52;562.17
20231112:1410;219.07;85.87;2.68;307.62
20231112:1510;0;0;0;0
20231112:1610;0;0;0;0
20231112:1710;0;0;0;0
20231112:1810;0;0;0;0
20231112:1910;0;0;0;0
20231112:2010;0;0;0;0
20231112:2110;0;0;0;0
20231112:2210;0;0;0;0
20231112:2310;0;0;0;0
20231113:0010;0;0;0;0
20231113:0110;0;0;0;0
20231113:0210;0;0;0;0
20231113:0310;0;0;0;0
20231113:0410;0;0;0;0
20231113:0510;0;0;0;0
20231113:0610;0;0;0;0
20231113:0710;0;31.13;0.77;31.9
20231113:0810;0;24.01;0.59;24.6
20231113:0910;0;96.06;2.37;98.43
20231113:1010;0;68.49;1.69;70.18
20231113:1110;13.14;140.32;3.54;157
20231113:1210;0;53.37;1.32;54.69
20231113:1310;91.44;130.43;3.52;225.39
20231113:1410;159.76;81.93;2.33;244.02
20231113:1510;0;0;0;0
20231113:1610;0;0;0;0
20231113:1710;0;0;0;0
20231113:1810;0;0;0;0
20231113:1910;0;0;0;0
20231113:2010;0;0;0;0
20231113:2110;0;0;0;0
20231113:2210;0;0;0;0
20231113:2310;0;0;0;0
20231114:0010;0;0;0;0
20231114:0110;0;0;0;0
20231114:0210;0;0;0;0
20231114:0310;0;0;0;0
20231114:0410;0;0;0;0
20231114:0510;0;0;0;0
20231114:0610;0;0;0;0
20231114:0710;0;35.58;0.88;36.46
20231114:0810;0;58.7;1.45;60.15
20231114:0910;2.33;102.66;2.55;107.54
20231114:1010;567.38;170.91;8;746.29
20231114:1110;542.99;175.4;7.91;726.3
20231114:1210;266.38;187.6;5.85;459.83
20231114:1310;45.01;112.15;2.92;160.08
20231114:1410;153.32;80.08;2.24;235.64
20231114:1510;0;0;0;0
20231114:1610;0;0;0;0
20231114:1710;0;0;0;0
20231114:1810;0;0;0;0
20231114:1910;0;0;0;0
20231114:2010;0;0;0;0
20231114:2110;0;0;0;0
20231114:2210;0;0;0;0
20231114:2310;0;0;0;0
20231115:0010;0;0;0;0
20231115:0110;0;0;0;0
20231115:0210;0;0;0;0
20231115:0310;0;0;0;0
20231115:0410;0;0;0;0
20231115:0510;0;0;0;0
20231115:0610;0;0;0;0
20231115:0710;111.14;79.85;2.02;193.01
20231115:0810;0;55.14;1.36;56.5
20231115:0910;139.03;179.4;4.92;323.35
20231115:1010;502.51;189.3;7.69;699.5
20231115:1110;634.19;148.65;8.24;791.08
20231115:1210;516.9;150.81;7.01;674.72
20231115:1310;293.47;138.05;4.64;436.16
20231115:1410;173.18;80.43;2.29;255.9
20231115:1510;0;0;0;0
20231115:1610;0;0;0;0
20231115:1710;0;0;0;0
20231115:1810;0;0;0;0
20231115:1910;0;0;0;0
20231115:2010;0;0;0;0
20231115:2110;0;0;0;0
20231115:2210;0;0;0;0
20231115:2310;0;0;0;0
20231116:0010;0;0;0;0
20231116:0110;0;0;0;0
20231116:0210;0;0;0;0
20231116:0310;0;0;0;0
20231116:0410;0;0;0;0
20231116:0510;0;0;0;0
20231116:0610;0;0;0;0
20231116:0710;205.57;86.14;2.35;294.06
20231116:0810;429.39;124.53;5.1;559.02
20231116:0910;185.53;185.17;5.23;375.93
20231116:1010;81.42;182.55;4.84;268.81
20231116:1110;580.98;166.52;7.98;755.48
20231116:1210;581.79;132.66;7.23;721.68
20231116:1310;186.83;140.77;4.07;331.67
20231116:1410;57.8;65.83;1.67;125.3
20231116:1510;0;0;0;0
20231116:1610;0;0;0;0
20231116:1710;0;0;0;0
20231116:1810;0;0;0;0
20231116:1910;0;0;0;0
20231116:2010;0;0;0;0
20231116:2110;0;0;0;0
20231116:2210;0;0;0;0
20231116:2310;0;0;0;0
20231117:0010;0;0;0;0
20231117:0110;0;0;0;0
20231117:0210;0;0;0;0
20231117:0310;0;0;0;0
20231117:0410;0;0;0;0
20231117:0510;0;0;0;0
20231117:0610;0;0;0;0
20231117:0710;0;17.79;0.44;18.23
20231117:0810;0;26.68;0.66;27.34
20231117:0910;0;25.79;0.64;26.43
20231117:1010;136.8;196.88;5.39;339.07
20231117:1110;81.4;180.77;4.79;266.96
20231117:1210;558.87;137.93;7.06;703.86
20231117:1310;468.58;106.67;5.28;580.53
20231117:1410;128.4;75.88;2;206.28
20231117:1510;0;0;0;0
20231117:1610;0;0;0;0
20231117:1710;0;0;0;0
20231117:1810;0;0;0;0
20231117:1910;0;0;0;0
20231117:2010;0;0;0;0
20231117:2110;0;0;0;0
20231117:2210;0;0;0;0
20231117:2310;0;0;0;0
20231118:0010;0;0;0;0
20231118:0110;0;0;0;0
20231118:0210;0;0;0;0
20231118:0310;0;0;0;0
20231118:0410;0;0;0;0
20231118:0510;0;0;0;0
20231118:0610;0;0;0;0
20231118:0710;34.68;57.92;1.43;94.03
20231118:0810;19.27;94.79;2.4;116.46
20231118:0910;322.26;189.97;5.98;518.21
20231118:1010;280.4;213.9;6.44;500.74
20231118:1110;104.83;188.57;5.06;298.46
20231118:1210;70.76;156.07;4.11;230.94
20231118:1310;0;61.37;1.52;62.89
20231118:1410;0;18.68;0.46;19.14
20231118:1510;0;0;0;0
20231118:1610;0;0;0;0
20231118:1710;0;0;0;0
20231118:1810;0;0;0;0
20231118:1910;0;0;0;0
20231118:2010;0;0;0;0
20231118:2110;0;0;0;0
20231118:2210;0;0;0;0
20231118:2310;0;0;0;0
20231119:0010;0;0;0;0
20231119:0110;0;0;0;0
20231119:0210;0;0;0;0
20231119:0310;0;0;0;0
20231119:0410;0;0;0;0
20231119:0510;0;0;0;0
20231119:0610;0;0;0;0
20231119:0710;0;21.35;0.53;21.88
20231119:0810;50.17;108.51;2.79;161.47
20231119:0910;0;73.82;1.82;75.64
20231119:1010;0;28.46;0.7;29.16
20231119:1110;18.37;137.94;3.5;159.81
20231119:1210;0;58.7;1.45;60.15
20231119:1310;0;16.9;0.42;17.32
20231119:1410;25.3;51.83;1.3;78.43
20231119:1510;0;0;0;0
20231119:1610;0;0;0;0
20231119:1710;0;0;0;0
20231119:1810;0;0;0;0
20231119:1910;0;0;0;0
20231119:2010;0;0;0;0
20231119:2110;0;0;0;0
20231119:2210;0;0;0;0
20231119:2310;0;0;0;0
20231120:0010;0;0;0;0
20231120:0110;0;0;0;0
20231120:0210;0;0;0;0
20231120:0310;0;0;0;0
20231120:0410;0;0;0;0
20231120:0510;0;0;0;0
20231120:0610;0;0;0;0
20231120:0710;153.93;77.27;1.91;233.11
20231120:0810;474.19;109.69;4.97;588.85
20231120:0910;624.34;123.86;7.06;755.26
20231120:1010;478.65;186.47;7.21;672.33
20231120:1110;411.94;195.72;6.92;614.58
20231120:1210;167.95;173.91;4.88;346.74
20231120:1310;273.05;134.43;4.26;411.74
20231120:1410;184.35;74.3;2.07;260.72
20231120:1510;0;0;0;0
20231120:1610;0;0;0;0
20231120:1710;0;0;0;0
20231120:1810;0;0;0;0
20231120:1910;0;0;0;0
20231120:2010;0;0;0;0
20231120:2110;0;0;0;0
20231120:2210;0;0;0;0
20231120:2310;0;0;0;0
20231121:0010;0;0;0;0
20231121:0110;0;0;0;0
20231121:0210;0;0;0;0
20231121:0310;0;0;0;0
20231121:0410;0;0;0;0
20231121:0510;0;0;0;0
20231121:0610;0;0;0;0
20231121:0710;199.48;77.86;2;279.34
20231121:0810;57.17;109.63;2.81;169.61
20231121:0910;244.03;181.48;5.3;430.81
20231121:1010;192.95;198.8;5.61;397.36
20231121:1110;74.62;171.21;4.51;250.34
20231121:1210;198.39;176.71;5.06;380.16
20231121:1310;43.3;103.14;2.66;149.1
20231121:1410;75.21;63.7;1.58;140.49
20231121:1510;0;0;0;0
20231121:1610;0;0;0;0
20231121:1710;0;0;0;0
20231121:1810;0;0;0;0
20231121:1910;0;0;0;0
20231121:2010;0;0;0;0
20231121:2110;0;0;0;0
20231121:2210;0;0;0;0
20231121:2310;0;0;0;0
20231122:0010;0;0;0;0
20231122:0110;0;0;0;0
20231122:0210;0;0;0;0
20231122:0310;0;0;0;0
20231122:0410;0;0;0;0
20231122:0510;0;0;0;0
20231122:0610;0;0;0;0
20231122:0710;0;20.46;0.51;20.97
20231122:0810;0;30.24;0.75;30.99
20231122:0910;0;58.7;1.45;60.15
20231122:1010;0;63.15;1.56;64.71
20231122:1110;0;40.02;0.99;41.01
20231122:1210;0;46.25;1.14;47.39
20231122:1310;0;33.8;0.84;34.64
20231122:1410;0;16.9;0.42;17.32
20231122:1510;0;0;0;0
20231122:1610;0;0;0;0
20231122:1710;0;0;0;0
20231122:1810;0;0;0;0
20231122:1910;0;0;0;0
20231122:2010;0;0;0;0
20231122:2110;0;0;0;0
20231122:2210;0;0;0;0
20231122:2310;0;0;0;0
20231123:0010;0;0;0;0
20231123:0110;0;0;0;0
20231123:0210;0;0;0;0
20231123:0310;0;0;0;0
20231123:0410;0;0;0;0
20231123:0510;0;0;0;0
20231123:0610;0;0;0;0
20231123:0710;223.34;73.84;1.93;299.11
20231123:0810;284.28;135.06;4.07;423.41
20231123:0910;453.72;162.43;6.16;622.31
20231123:1010;556.63;167.54;7.36;731.53
20231123:1110;586.85;155.87;7.5;750.22
20231123:1210;504.06;146.85;6.44;657.35
20231123:1310;245.96;132.96;4;382.92
20231123:1410;148.53;71.27;1.82;221.62
20231123:1510;0;0;0;0
20231123:1610;0;0;0;0
20231123:1710;0;0;0;0
20231123:1810;0;0;0;0
20231123:1910;0;0;0;0
20231123:2010;0;0;0;0
20231123:2110;0;0;0;0
20231123:2210;0;0;0;0
20231123:2310;0;0;0;0
20231124:0010;0;0;0;0
20231124:0110;0;0;0;0
20231124:0210;0;0;0;0
20231124:0310;0;0;0;0
20231124:0410;0;0;0;0
20231124:0510;0;0;0;0
20231124:0610;0;0;0;0
20231124:0710;22.49;43.23;1.06;66.78
20231124:0810;0;20.46;0.51;20.97
20231124:0910;0;51.59;1.28;52.87
20231124:1010;105.89;177.46;4.73;288.08
20231124:1110;11.92;125.94;3.17;141.03
20231124:1210;0;37.36;0.92;38.28
20231124:1310;0;20.46;0.51;20.97
20231124:1410;51.77;54.61;1.34;107.72
20231124:1510;0;0;0;0
20231124:1610;0;0;0;0
20231124:1710;0;0;0;0
20231124:1810;0;0;0;0
20231124:1910;0;0;0;0
20231124:2010;0;0;0;0
20231124:2110;0;0;0;0
20231124:2210;0;0;0;0
20231124:2310;0;0;0;0
20231125:0010;0;0;0;0
20231125:0110;0;0;0;0
20231125:0210;0;0;0;0
20231125:0310;0;0;0;0
20231125:0410;0;0;0;0
20231125:0510;0;0;0;0
20231125:0610;0;0;0;0
20231125:0710;23.11;42.55;1.03;66.69
20231125:0810;321.46;131.72;4.11;457.29
20231125:0910;98.01;155.65;4.09;257.75
20231125:1010;145.46;187.33;5.08;337.87
20231125:1110;0;54.26;1.34;55.6
20231125:1210;0;23.13;0.57;23.7
20231125:1310;0;58.7;1.45;60.15
20231125:1410;16.22;42.64;1.06;59.92
20231125:1510;0;0;0;0
20231125:1610;0;0;0;0
20231125:1710;0;0;0;0
20231125:1810;0;0;0;0
20231125:1910;0;0;0;0
20231125:2010;0;0;0;0
20231125:2110;0;0;0;0
20231125:2210;0;0;0;0
20231125:2310;0;0;0;0
20231126:0010;0;0;0;0
20231126:0110;0;0;0;0
20231126:0210;0;0;0;0
20231126:0310;0;0;0;0
20231126:0410;0;0;0;0
20231126:0510;0;0;0;0
20231126:0610;0;0;0;0
20231126:0710;147.26;68.18;1.56;217
20231126:0810;228.1;133.86;3.69;365.65
20231126:0910;182.08;172.02;4.7;358.8
20231126:1010;161.15;189.35;5.17;355.67
20231126:1110;599.3;156.55;7.45;763.3
20231126:1210;508.23;148.23;6.35;662.81
20231126:1310;65.48;108.19;2.79;176.46
20231126:1410;12.39;39.01;0.97;52.37
20231126:1510;0;0;0;0
20231126:1610;0;0;0;0
20231126:1710;0;0;0;0
20231126:1810;0;0;0;0
20231126:1910;0;0;0;0
20231126:2010;0;0;0;0
20231126:2110;0;0;0;0
20231126:2210;0;0;0;0
20231126:2310;0;0;0;0
20231127:0010;0;0;0;0
20231127:0110;0;0;0;0
20231127:0210;0;0;0;0
20231127:0310;0;0;0;0
20231127:0410;0;0;0;0
20231127:0510;0;0;0;0
20231127:0610;0;0;0;0
20231127:0710;53.73;49.14;1.14;104.01
20231127:0810;67.73;103.54;2.64;173.91
20231127:0910;2.62;90.28;2.24;95.14
20231127:1010;0;59.59;1.47;61.06
20231127:1110;63.25;157.86;4.11;225.22
20231127:1210;190.08;169.64;4.75;364.47
20231127:1310;0;38.25;0.95;39.2
20231127:1410;142.85;66.38;1.65;210.88
20231127:1510;0;0;0;0
20231127:1610;0;0;0;0
20231127:1710;0;0;0;0
20231127:1810;0;0;0;0
20231127:1910;0;0;0;0
20231127:2010;0;0;0;0
20231127:2110;0;0;0;0
20231127:2210;0;0;0;0
20231127:2310;0;0;0;0
20231128:0010;0;0;0;0
20231128:0110;0;0;0;0
20231128:0210;0;0;0;0
20231128:0310;0;0;0;0
20231128:0410;0;0;0;0
20231128:0510;0;0;0;0
20231128:0610;0;0;0;0
20231128:0710;0;21.35;0.53;21.88
20231128:0810;3.12;60.12;1.49;64.73
20231128:0910;0;45.36;1.12;46.48
20231128:1010;2.48;96.45;2.4;101.33
20231128:1110;31.83;140.36;3.58;175.77
20231128:1210;51.05;134.53;3.47;189.05
20231128:1310;11.6;76.1;1.91;89.61
20231128:1410;17.09;38.17;0.95;56.21
20231128:1510;0;0;0;0
20231128:1610;0;0;0;0
20231128:1710;0;0;0;0
20231128:1810;0;0;0;0
20231128:1910;0;0;0;0
20231128:2010;0;0;0;0
20231128:2110;0;0;0;0
20231128:2210;0;0;0;0
20231128:2310;0;0;0;0
20231129:0010;0;0;0;0
20231129:0110;0;0;0;0
20231129:0210;0;0;0;0
20231129:0310;0;0;0;0
20231129:0410;0;0;0;0
20231129:0510;0;0;0;0
20231129:0610;0;0;0;0
20231129:0710;82.7;51.22;1.21;135.13
20231129:0810;208.1;127.82;3.43;339.35
20231129:0910;119.96;154.97;4.09;279.02
20231129:1010;0;89.83;2.22;92.05
20231129:1110;22.18;132.77;3.36;158.31
20231129:1210;0;56.03;1.38;57.41
20231129:1310;172.6;126.22;3.43;302.25
20231129:1410;195.4;69.3;1.78;266.48
20231129:1510;0;0;0;0
20231129:1610;0;0;0;0
20231129:1710;0;0;0;0
20231129:1810;0;0;0;0
20231129:1910;0;0;0;0
20231129:2010;0;0;0;0
20231129:2110;0;0;0;0
20231129:2210;0;0;0;0
20231129:2310;0;0;0;0
20231130:0010;0;0;0;0
20231130:0110;0;0;0;0
20231130:0210;0;0;0;0
20231130:0310;0;0;0;0
20231130:0410;0;0;0;0
20231130:0510;0;0;0;0
20231130:0610;0;0;0;0
20231130:0710;10.64;28.33;0.7;39.67
20231130:0810;63.81;98.18;2.48;164.47
20231130:0910;13.43;103.2;2.59;119.22
20231130:1010;15.05;123.12;3.1;141.27
20231130:1110;89.25;165.54;4.35;259.14
20231130:1210;64.67;137.98;3.58;206.23
20231130:1310;0;46.25;1.14;47.39
20231130:1410;0;24.01;0.59;24.6
20231130:1510;0;0;0;0
20231130:1610;0;0;0;0
20231130:1710;0;0;0;0
20231130:1810;0;0;0;0
20231130:1910;0;0;0;0
20231130:2010;0;0;0;0
20231130:2110;0;0;0;0
20231130:2210;0;0;0;0
20231130:2310;0;0;0;0
20231201:0010;0;0;0;0
20231201:0110;0;0;0;0
20231201:0210;0;0;0;0
20231201:0310;0;0;0;0
20231201:0410;0;0;0;0
20231201:0510;0;0;0;0
20231201:0610;0;0;0;0
20231201:0710;0;5.34;0.13;5.47
20231201:0810;0;30.24;0.75;30.99
20231201:0910;0;32.91;0.81;33.72
20231201:1010;0;65.82;1.63;67.45
20231201:1110;0;48.03;1.19;49.22
20231201:1210;0;39.14;0.97;40.11
20231201:1310;0;43.58;1.08;44.66
20231201:1410;0;15.12;0.37;15.49
20231201:1510;0;0;0;0
20231201:1610;0;0;0;0
20231201:1710;0;0;0;0
20231201:1810;0;0;0;0
20231201:1910;0;0;0;0
20231201:2010;0;0;0;0
20231201:2110;0;0;0;0
20231201:2210;0;0;0;0
20231201:2310;0;0;0;0
20231202:0010;0;0;0;0
20231202:0110;0;0;0;0
20231202:0210;0;0;0;0
20231202:0310;0;0;0;0
20231202:0410;0;0;0;0
20231202:0510;0;0;0;0
20231202:0610;0;0;0;0
20231202:0710;11.28;27.49;0.68;39.45
20231202:0810;0;37.36;0.92;38.28
20231202:0910;0;51.59;1.28;52.87
20231202:1010;0;34.69;0.86;35.55
20231202:1110;0;25.79;0.64;26.43
20231202:1210;0;22.24;0.55;22.79
20231202:1310;29.97;86.72;2.2;118.89
20231202:1410;0;17.79;0.44;18.23
20231202:1510;0;0;0;0
20231202:1610;0;0;0;0
20231202:1710;0;0;0;0
20231202:1810;0;0;0;0
20231202:1910;0;0;0;0
20231202:2010;0;0;0;0
20231202:2110;0;0;0;0
20231202:2210;0;0;0;0
20231202:2310;0;0;0;0
20231203:0010;0;0;0;0
20231203:0110;0;0;0;0
20231203:0210;0;0;0;0
20231203:0310;0;0;0;0
20231203:0410;0;0;0;0
20231203:0510;0;0;0;0
20231203:0610;0;0;0;0
20231203:0710;0;20.46;0.51;20.97
20231203:0810;39.61;87.84;2.2;129.65
20231203:0910;35.72;120.34;3.06;159.12
20231203:1010;63.86;154.16;3.98;222
20231203:1110;25.22;134.55;3.41;163.18
20231203:1210;34.25;123.44;3.14;160.83
20231203:1310;15.09;79.73;2;96.82
20231203:1410;36.8;45.04;1.08;82.92
20231203:1510;0;0;0;0
20231203:1610;0;0;0;0
20231203:1710;0;0;0;0
20231203:1810;0;0;0;0
20231203:1910;0;0;0;0
20231203:2010;0;0;0;0
20231203:2110;0;0;0;0
20231203:2210;0;0;0;0
20231203:2310;0;0;0;0
20231204:0010;0;0;0;0
20231204:0110;0;0;0;0
20231204:0210;0;0;0;0
20231204:0310;0;0;0;0
20231204:0410;0;0;0;0
20231204:0510;0;0;0;0
20231204:0610;0;0;0;0
20231204:0710;35.89;33.39;0.81;70.09
20231204:0810;53.39;91.39;2.29;147.07
20231204:0910;49.81;127.67;3.25;180.73
20231204:1010;113.04;169.47;4.46;286.97
20231204:1110;55.78;150.18;3.87;209.83
20231204:1210;55.63;133.35;3.43;192.41
20231204:1310;15.2;78.86;1.98;96.04
20231204:1410;4.66;29.32;0.73;34.71
20231204:1510;0;0;0;0
20231204:1610;0;0;0;0
20231204:1710;0;0;0;0
20231204:1810;0;0;0;0
20231204:1910;0;0;0;0
20231204:2010;0;0;0;0
20231204:2110;0;0;0;0
20231204:2210;0;0;0;0
20231204:2310;0;0;0;0
20231205:0010;0;0;0;0
20231205:0110;0;0;0;0
20231205:0210;0;0;0;0
20231205:0310;0;0;0;0
20231205:0410;0;0;0;0
20231205:0510;0;0;0;0
20231205:0610;0;0;0;0
20231205:0710;0;17.79;0.44;18.23
20231205:0810;0;13.34;0.33;13.67
20231205:0910;0;24.9;0.62;25.52
20231205:1010;0;24.9;0.62;25.52
20231205:1110;0;51.59;1.28;52.87
20231205:1210;0;71.15;1.76;72.91
20231205:1310;0;32.02;0.79;32.81
20231205:1410;65.95;50.96;1.19;118.1
20231205:1510;0;0;0;0
20231205:1610;0;0;0;0
20231205:1710;0;0;0;0
20231205:1810;0;0;0;0
20231205:1910;0;0;0;0
20231205:2010;0;0;0;0
20231205:2110;0;0;0;0
20231205:2210;0;0;0;0
20231205:2310;0;0;0;0
20231206:0010;0;0;0;0
20231206:0110;0;0;0;0
20231206:0210;0;0;0;0
20231206:0310;0;0;0;0
20231206:0410;0;0;0;0
20231206:0510;0;0;0;0
20231206:0610;0;0;0;0
20231206:0710;6.35;21.23;0.53;28.11
20231206:0810;61.35;90.63;2.26;154.24
20231206:0910;0;39.14;0.97;40.11
20231206:1010;0;70.27;1.74;72.01
20231206:1110;2.56;99.17;2.46;104.19
20231206:1210;10.71;100.86;2.53;114.1
20231206:1310;24.63;81.91;2.07;108.61
20231206:1410;0;11.56;0.29;11.85
20231206:1510;0;0;0;0
20231206:1610;0;0;0;0
20231206:1710;0;0;0;0
20231206:1810;0;0;0;0
20231206:1910;0;0;0;0
20231206:2010;0;0;0;0
20231206:2110;0;0;0;0
20231206:2210;0;0;0;0
20231206:2310;0;0;0;0
20231207:0010;0;0;0;0
20231207:0110;0;0;0;0
20231207:0210;0;0;0;0
20231207:0310;0;0;0;0
20231207:0410;0;0;0;0
20231207:0510;0;0;0;0
20231207:0610;0;0;0;0
20231207:0710;65.42;33.35;0.81;99.58
20231207:0810;24.1;73.92;1.85;99.87
20231207:0910;19.76;103.87;2.62;126.25
20231207:1010;161.79;175.67;4.73;342.19
20231207:1110;244.34;186.99;5.32;436.65
20231207:1210;209.74;163.45;4.55;377.74
20231207:1310;49.54;93.57;2.37;145.48
20231207:1410;144.21;61.15;1.43;206.79
20231207:1510;0;0;0;0
20231207:1610;0;0;0;0
20231207:1710;0;0;0;0
20231207:1810;0;0;0;0
20231207:1910;0;0;0;0
20231207:2010;0;0;0;0
20231207:2110;0;0;0;0
20231207:2210;0;0;0;0
20231207:2310;0;0;0;0
20231208:0010;0;0;0;0
20231208:0110;0;0;0;0
20231208:0210;0;0;0;0
20231208:0310;0;0;0;0
20231208:0410;0;0;0;0
20231208:0510;0;0;0;0
20231208:0610;0;0;0;0
20231208:0710;47.18;30.77;0.75;78.7
20231208:0810;73.01;92.94;2.31;168.26
20231208:0910;96.54;139.95;3.61;240.1
20231208:1010;262.18;187.43;5.34;454.95
20231208:1110;235.05;187.75;5.28;428.08
20231208:1210;137.74;154.96;4.11;296.81
20231208:1310;6.22;67.92;1.69;75.83
20231208:1410;0;19.57;0.48;20.05
20231208:1510;0;0;0;0
20231208:1610;0;0;0;0
20231208:1710;0;0;0;0
20231208:1810;0;0;0;0
20231208:1910;0;0;0;0
20231208:2010;0;0;0;0
20231208:2110;0;0;0;0
20231208:2210;0;0;0;0
20231208:2310;0;0;0;0
20231209:0010;0;0;0;0
20231209:0110;0;0;0;0
20231209:0210;0;0;0;0
20231209:0310;0;0;0;0
20231209:0410;0;0;0;0
20231209:0510;0;0;0;0
20231209:0610;0;0;0;0
20231209:0710;0;13.34;0.33;13.67
20231209:0810;0;35.58;0.88;36.46
20231209:0910;0;30.24;0.75;30.99
20231209:1010;0;74.71;1.85;76.56
20231209:1110;0;48.03;1.19;49.22
20231209:1210;0;78.27;1.93;80.2
20231209:1310;0;41.8;1.03;42.83
20231209:1410;0;15.12;0.37;15.49
20231209:1510;0;0;0;0
20231209:1610;0;0;0;0
20231209:1710;0;0;0;0
20231209:1810;0;0;0;0
20231209:1910;0;0;0;0
20231209:2010;0;0;0;0
20231209:2110;0;0;0;0
20231209:2210;0;0;0;0
20231209:2310;0;0;0;0
20231210:0010;0;0;0;0
20231210:0110;0;0;0;0
20231210:0210;0;0;0;0
20231210:0310;0;0;0;0
20231210:0410;0;0;0;0
20231210:0510;0;0;0;0
20231210:0610;0;0;0;0
20231210:0710;0;13.34;0.33;13.67
20231210:0810;7.08;59.22;1.47;67.77
20231210:0910;25.84;105.34;2.66;133.84
20231210:1010;15.87;115.34;2.9;134.11
20231210:1110;572.65;141.11;6.57;720.33
20231210:1210;378.33;156.11;5.23;539.67
20231210:1310;15.7;73.52;1.85;91.07
20231210:1410;0;24.83;0.66;25.49
20231210:1510;0;0;0;0
20231210:1610;0;0;0;0
20231210:1710;0;0;0;0
20231210:1810;0;0;0;0
20231210:1910;0;0;0;0
20231210:2010;0;0;0;0
20231210:2110;0;0;0;0
20231210:2210;0;0;0;0
20231210:2310;0;0;0;0
20231211:0010;0;0;0;0
20231211:0110;0;0;0;0
20231211:0210;0;0;0;0
20231211:0310;0;0;0;0
20231211:0410;0;0;0;0
20231211:0510;0;0;0;0
20231211:0610;0;0;0;0
20231211:0710;110.43;31.07;0.79;142.29
20231211:0810;67.88;85.78;2.13;155.79
20231211:0910;0;71.15;1.76;72.91
20231211:1010;161.95;169.91;4.57;336.43
20231211:1110;255.96;181.96;5.23;443.15
20231211:1210;251.26;160.75;4.64;416.65
20231211:1310;0;51.59;1.28;52.87
20231211:1410;0;23.18;0.62;23.8
20231211:1510;0;0;0;0
20231211:1610;0;0;0;0
20231211:1710;0;0;0;0
20231211:1810;0;0;0;0
20231211:1910;0;0;0;0
20231211:2010;0;0;0;0
20231211:2110;0;0;0;0
20231211:2210;0;0;0;0
20231211:2310;0;0;0;0
20231212:0010;0;0;0;0
20231212:0110;0;0;0;0
20231212:0210;0;0;0;0
20231212:0310;0;0;0;0
20231212:0410;0;0;0;0
20231212:0510;0;0;0;0
20231212:0610;0;0;0;0
20231212:0710;7.58;17.67;0.44;25.69
20231212:0810;0;48.03;1.19;49.22
20231212:0910;0;59.59;1.47;61.06
20231212:1010;0;80.05;1.98;82.03
20231212:1110;83.84;152.73;3.98;240.55
20231212:1210;54.79;125.85;3.23;183.87
20231212:1310;25.3;79.37;2;106.67
20231212:1410;0;29.8;0.79;30.59
20231212:1510;0;0;0;0
20231212:1610;0;0;0;0
20231212:1710;0;0;0;0
20231212:1810;0;0;0;0
20231212:1910;0;0;0;0
20231212:2010;0;0;0;0
20231212:2110;0;0;0;0
20231212:2210;0;0;0;0
20231212:2310;0;0;0;0
20231213:0010;0;0;0;0
20231213:0110;0;0;0;0
20231213:0210;0;0;0;0
20231213:0310;0;0;0;0
20231213:0410;0;0;0;0
20231213:0510;0;0;0;0
20231213:0610;0;0;0;0
20231213:0710;23.39;19.29;0.48;43.16
20231213:0810;0;40.02;0.99;41.01
20231213:0910;0;72.04;1.78;73.82
20231213:1010;0;58.7;1.45;60.15
20231213:1110;0;50.7;1.25;51.95
20231213:1210;0;72.04;1.78;73.82
20231213:1310;0;39.14;0.97;40.11
20231213:1410;0;25.66;0.68;26.34
20231213:1510;0;0;0;0
20231213:1610;0;0;0;0
20231213:1710;0;0;0;0
20231213:1810;0;0;0;0
20231213:1910;0;0;0;0
20231213:2010;0;0;0;0
20231213:2110;0;0;0;0
20231213:2210;0;0;0;0
20231213:2310;0;0;0;0
20231214:0010;0;0;0;0
20231214:0110;0;0;0;0
20231214:0210;0;0;0;0
20231214:0310;0;0;0;0
20231214:0410;0;0;0;0
20231214:0510;0;0;0;0
20231214:0610;0;0;0;0
20231214:0710;16.03;17.57;0.44;34.04
20231214:0810;3.66;47.76;1.19;52.61
20231214:0910;0;72.93;1.8;74.73
20231214:1010;533.67;146.63;6.2;686.5
20231214:1110;379.33;177.23;5.76;562.32
20231214:1210;495.59;131.15;5.56;632.3
20231214:1310;76.31;99.35;2.53;178.19
20231214:1410;0;19.87;0.53;20.4
20231214:1510;0;0;0;0
20231214:1610;0;0;0;0
20231214:1710;0;0;0;0
20231214:1810;0;0;0;0
20231214:1910;0;0;0;0
20231214:2010;0;0;0;0
20231214:2110;0;0;0;0
20231214:2210;0;0;0;0
20231214:2310;0;0;0;0
20231215:0010;0;0;0;0
20231215:0110;0;0;0;0
20231215:0210;0;0;0;0
20231215:0310;0;0;0;0
20231215:0410;0;0;0;0
20231215:0510;0;0;0;0
20231215:0610;0;0;0;0
20231215:0710;0;2.67;0.07;2.74
20231215:0810;0;21.35;0.53;21.88
20231215:0910;14.69;95.64;2.4;112.73
20231215:1010;0;43.58;1.08;44.66
20231215:1110;0;35.58;0.88;36.46
20231215:1210;0;32.91;0.81;33.72
20231215:1310;0;45.36;1.12;46.48
20231215:1410;0;28.97;0.77;29.74
20231215:1510;0;0;0;0
20231215:1610;0;0;0;0
20231215:1710;0;0;0;0
20231215:1810;0;0;0;0
20231215:1910;0;0;0;0
20231215:2010;0;0;0;0
20231215:2110;0;0;0;0
20231215:2210;0;0;0;0
20231215:2310;0;0;0;0
20231216:0010;0;0;0;0
20231216:0110;0;0;0;0
20231216:0210;0;0;0;0
20231216:0310;0;0;0;0
20231216:0410;0;0;0;0
20231216:0510;0;0;0;0
20231216:0610;0;0;0;0
20231216:0710;0;12.45;0.31;12.76
20231216:0810;55.62;78.26;1.93;135.81
20231216:0910;2.95;77.91;1.93;82.79
20231216:1010;261.48;178.11;5.08;444.67
20231216:1110;656.03;116.09;6.77;778.89
20231216:1210;486.35;135.58;5.54;627.47
20231216:1310;185.01;118.65;3.17;306.83
20231216:1410;0;28.14;0.75;28.89
20231216:1510;0;0;0;0
20231216:1610;0;0;0;0
20231216:1710;0;0;0;0
20231216:1810;0;0;0;0
20231216:1910;0;0;0;0
20231216:2010;0;0;0;0
20231216:2110;0;0;0;0
20231216:2210;0;0;0;0
20231216:2310;0;0;0;0
20231217:0010;0;0;0;0
20231217:0110;0;0;0;0
20231217:0210;0;0;0;0
20231217:0310;0;0;0;0
20231217:0410;0;0;0;0
20231217:0510;0;0;0;0
20231217:0610;0;0;0;0
20231217:0710;86.72;23.11;0.59;110.42
20231217:0810;223.81;104.22;2.73;330.76
20231217:0910;289.8;150.2;4.37;444.37
20231217:1010;637.53;114.55;6.49;758.57
20231217:1110;643.84;115.13;6.66;765.63
20231217:1210;500.81;128.56;5.54;634.91
20231217:1310;245.83;118.52;3.39;367.74
20231217:1410;0;29.8;0.79;30.59
20231217:1510;0;0;0;0
20231217:1610;0;0;0;0
20231217:1710;0;0;0;0
20231217:1810;0;0;0;0
20231217:1910;0;0;0;0
20231217:2010;0;0;0;0
20231217:2110;0;0;0;0
20231217:2210;0;0;0;0
20231217:2310;0;0;0;0
20231218:0010;0;0;0;0
20231218:0110;0;0;0;0
20231218:0210;0;0;0;0
20231218:0310;0;0;0;0
20231218:0410;0;0;0;0
20231218:0510;0;0;0;0
20231218:0610;0;0;0;0
20231218:0710;62.2;20.86;0.53;83.59
20231218:0810;198.78;103.99;2.64;305.41
20231218:0910;308.4;152.81;4.48;465.69
20231218:1010;644.1;117.31;6.55;767.96
20231218:1110;642.03;118.92;6.68;767.63
20231218:1210;526.19;126.22;5.67;658.08
20231218:1310;383.26;106.08;3.87;493.21
20231218:1410;0;28.14;0.75;28.89
20231218:1510;0;0;0;0
20231218:1610;0;0;0;0
20231218:1710;0;0;0;0
20231218:1810;0;0;0;0
20231218:1910;0;0;0;0
20231218:2010;0;0;0;0
20231218:2110;0;0;0;0
20231218:2210;0;0;0;0
20231218:2310;0;0;0;0
20231219:0010;0;0;0;0
20231219:0110;0;0;0;0
20231219:0210;0;0;0;0
20231219:0310;0;0;0;0
20231219:0410;0;0;0;0
20231219:0510;0;0;0;0
20231219:0610;0;0;0;0
20231219:0710;45.46;19.33;0.48;65.27
20231219:0810;188.46;103.56;2.59;294.61
20231219:0910;306.17;152.63;4.46;463.26
20231219:1010;634.22;120.42;6.51;761.15
20231219:1110;650.62;119.81;6.75;777.18
20231219:1210;374.08;158.37;5.17;537.62
20231219:1310;389.59;106.89;3.91;500.39
20231219:1410;144.15;59.81;1.38;205.34
20231219:1510;0;0;0;0
20231219:1610;0;0;0;0
20231219:1710;0;0;0;0
20231219:1810;0;0;0;0
20231219:1910;0;0;0;0
20231219:2010;0;0;0;0
20231219:2110;0;0;0;0
20231219:2210;0;0;0;0
20231219:2310;0;0;0;0
20231220:0010;0;0;0;0
20231220:0110;0;0;0;0
20231220:0210;0;0;0;0
20231220:0310;0;0;0;0
20231220:0410;0;0;0;0
20231220:0510;0;0;0;0
20231220:0610;0;0;0;0
20231220:0710;0;2.67;0.07;2.74
20231220:0810;0;11.56;0.29;11.85
20231220:0910;0;40.02;0.99;41.01
20231220:1010;0;30.24;0.75;30.99
20231220:1110;23.92;122.62;3.1;149.64
20231220:1210;97;140.32;3.65;240.97
20231220:1310;0;54.26;1.34;55.6
20231220:1410;257.4;58.19;1.67;317.26
20231220:1510;0;0;0;0
20231220:1610;0;0;0;0
20231220:1710;0;0;0;0
20231220:1810;0;0;0;0
20231220:1910;0;0;0;0
20231220:2010;0;0;0;0
20231220:2110;0;0;0;0
20231220:2210;0;0;0;0
20231220:2310;0;0;0;0
20231221:0010;0;0;0;0
20231221:0110;0;0;0;0
20231221:0210;0;0;0;0
20231221:0310;0;0;0;0
20231221:0410;0;0;0;0
20231221:0510;0;0;0;0
20231221:0610;0;0;0;0
20231221:0710;0;7.12;0.18;7.3
20231221:0810;41.8;71.23;1.76;114.79
20231221:0910;41.77;107.52;2.73;152.02
20231221:1010;13.58;107.69;2.7;123.97
20231221:1110;18.61;117.78;2.97;139.36
20231221:1210;0;48.03;1.19;49.22
20231221:1310;0;30.24;0.75;30.99
20231221:1410;0;12.45;0.31;12.76
20231221:1510;0;0;0;0
20231221:1610;0;0;0;0
20231221:1710;0;0;0;0
20231221:1810;0;0;0;0
20231221:1910;0;0;0;0
20231221:2010;0;0;0;0
20231221:2110;0;0;0;0
20231221:2210;0;0;0;0
20231221:2310;0;0;0;0
20231222:0010;0;0;0;0
20231222:0110;0;0;0;0
20231222:0210;0;0;0;0
20231222:0310;0;0;0;0
20231222:0410;0;0;0;0
20231222:0510;0;0;0;0
20231222:0610;0;0;0;0
20231222:0710;19.32;13.93;0.35;33.6
20231222:0810;3.81;45.13;1.12;50.06
20231222:0910;507.81;120.51;5.1;633.42
20231222:1010;0;61.37;1.52;62.89
20231222:1110;420.01;173.18;5.89;599.08
20231222:1210;584.39;109.47;5.87;699.73
20231222:1310;0;35.58;0.88;36.46
20231222:1410;0;8;0.2;8.2
20231222:1510;0;0;0;0
20231222:1610;0;0;0;0
20231222:1710;0;0;0;0
20231222:1810;0;0;0;0
20231222:1910;0;0;0;0
20231222:2010;0;0;0;0
20231222:2110;0;0;0;0
20231222:2210;0;0;0;0
20231222:2310;0;0;0;0
20231223:0010;0;0;0;0
20231223:0110;0;0;0;0
20231223:0210;0;0;0;0
20231223:0310;0;0;0;0
20231223:0410;0;0;0;0
20231223:0510;0;0;0;0
20231223:0610;0;0;0;0
20231223:0710;0;1.78;0.04;1.82
20231223:0810;0;17.79;0.44;18.23
20231223:0910;0;40.91;1.01;41.92
20231223:1010;0;43.58;1.08;44.66
20231223:1110;0;58.7;1.45;60.15
20231223:1210;0;44.47;1.1;45.57
20231223:1310;0;26.68;0.66;27.34
20231223:1410;0;16.01;0.4;16.41
20231223:1510;0;0;0;0
20231223:1610;0;0;0;0
20231223:1710;0;0;0;0
20231223:1810;0;0;0;0
20231223:1910;0;0;0;0
20231223:2010;0;0;0;0
20231223:2110;0;0;0;0
20231223:2210;0;0;0;0
20231223:2310;0;0;0;0
20231224:0010;0;0;0;0
20231224:0110;0;0;0;0
20231224:0210;0;0;0;0
20231224:0310;0;0;0;0
20231224:0410;0;0;0;0
20231224:0510;0;0;0;0
20231224:0610;0;0;0;0
20231224:0710;0;4.45;0.11;4.56
20231224:0810;237.45;99.14;2.64;339.23
20231224:0910;526.42;107.16;5.06;638.64
20231224:1010;383.11;166.23;5.47;554.81
20231224:1110;95.61;152.83;4;252.44
20231224:1210;0;64.04;1.58;65.62
20231224:1310;82.36;100.41;2.57;185.34
20231224:1410;0;17.79;0.44;18.23
20231224:1510;0;0;0;0
20231224:1610;0;0;0;0
20231224:1710;0;0;0;0
20231224:1810;0;0;0;0
20231224:1910;0;0;0;0
20231224:2010;0;0;0;0
20231224:2110;0;0;0;0
20231224:2210;0;0;0;0
20231224:2310;0;0;0;0
20231225:0010;0;0;0;0
20231225:0110;0;0;0;0
20231225:0210;0;0;0;0
20231225:0310;0;0;0;0
20231225:0410;0;0;0;0
20231225:0510;0;0;0;0
20231225:0610;0;0;0;0
20231225:0710;50.48;16.32;0.42;67.22
20231225:0810;172.58;95.25;2.4;270.23
20231225:0910;164.51;137.4;3.65;305.56
20231225:1010;176.52;164.35;4.46;345.33
20231225:1110;230.84;173.65;4.92;409.41
20231225:1210;201.43;155.18;4.31;360.92
20231225:1310;0;34.69;0.86;35.55
20231225:1410;0;8.89;0.22;9.11
20231225:1510;0;0;0;0
20231225:1610;0;0;0;0
20231225:1710;0;0;0;0
20231225:1810;0;0;0;0
20231225:1910;0;0;0;0
20231225:2010;0;0;0;0
20231225:2110;0;0;0;0
20231225:2210;0;0;0;0
20231225:2310;0;0;0;0
20231226:0010;0;0;0;0
20231226:0110;0;0;0;0
20231226:0210;0;0;0;0
20231226:0310;0;0;0;0
20231226:0410;0;0;0;0
20231226:0510;0;0;0;0
20231226:0610;0;0;0;0
20231226:0710;0;2.67;0.07;2.74
20231226:0810;0;19.57;0.48;20.05
20231226:0910;0;52.48;1.3;53.78
20231226:1010;0;32.02;0.79;32.81
20231226:1110;0;38.25;0.95;39.2
20231226:1210;11.02;98.26;2.46;111.74
20231226:1310;0;52.48;1.3;53.78
20231226:1410;0;24.01;0.59;24.6
20231226:1510;0;0;0;0
20231226:1610;0;0;0;0
20231226:1710;0;0;0;0
20231226:1810;0;0;0;0
20231226:1910;0;0;0;0
20231226:2010;0;0;0;0
20231226:2110;0;0;0;0
20231226:2210;0;0;0;0
20231226:2310;0;0;0;0
20231227:0010;0;0;0;0
20231227:0110;0;0;0;0
20231227:0210;0;0;0;0
20231227:0310;0;0;0;0
20231227:0410;0;0;0;0
20231227:0510;0;0;0;0
20231227:0610;0;0;0;0
20231227:0710;10.29;9.46;0.24;19.99
20231227:0810;61.41;77.27;1.89;140.57
20231227:0910;137.44;135.77;3.54;276.75
20231227:1010;2.71;91.19;2.26;96.16
20231227:1110;523.87;152.27;6.29;682.43
20231227:1210;557.78;117.29;5.83;680.9
20231227:1310;435.73;97.16;4.13;537.02
20231227:1410;182.62;64.27;1.6;248.49
20231227:1510;0;0;0;0
20231227:1610;0;0;0;0
20231227:1710;0;0;0;0
20231227:1810;0;0;0;0
20231227:1910;0;0;0;0
20231227:2010;0;0;0;0
20231227:2110;0;0;0;0
20231227:2210;0;0;0;0
20231227:2310;0;0;0;0
20231228:0010;0;0;0;0
20231228:0110;0;0;0;0
20231228:0210;0;0;0;0
20231228:0310;0;0;0;0
20231228:0410;0;0;0;0
20231228:0510;0;0;0;0
20231228:0610;0;0;0;0
20231228:0710;0;9.78;0.24;10.02
20231228:0810;42.2;70.5;1.74;114.44
20231228:0910;23.87;97.76;2.46;124.09
20231228:1010;0;86.27;2.13;88.4
20231228:1110;2.64;92.05;2.29;96.98
20231228:1210;10.96;99.13;2.48;112.57
20231228:1310;68.66;102.05;2.59;173.3
20231228:1410;78.72;56.54;1.32;136.58
20231228:1510;0;0;0;0
20231228:1610;0;0;0;0
20231228:1710;0;0;0;0
20231228:1810;0;0;0;0
20231228:1910;0;0;0;0
20231228:2010;0;0;0;0
20231228:2110;0;0;0;0
20231228:2210;0;0;0;0
20231228:2310;0;0;0;0
20231229:0010;0;0;0;0
20231229:0110;0;0;0;0
20231229:0210;0;0;0;0
20231229:0310;0;0;0;0
20231229:0410;0;0;0;0
20231229:0510;0;0;0;0
20231229:0610;0;0;0;0
20231229:0710;41.54;14.52;0.37;56.43
20231229:0810;45.98;71.4;1.76;119.14
20231229:0910;205.59;144.2;3.91;353.7
20231229:1010;413.32;166.25;5.67;585.24
20231229:1110;537.54;148.34;6.35;692.23
20231229:1210;500.02;133.69;5.67;639.38
20231229:1310;37.27;88.46;2.24;127.97
20231229:1410;36.6;45.52;1.1;83.22
20231229:1510;0;0;0;0
20231229:1610;0;0;0;0
20231229:1710;0;0;0;0
20231229:1810;0;0;0;0
20231229:1910;0;0;0;0
20231229:2010;0;0;0;0
20231229:2110;0;0;0;0
20231229:2210;0;0;0;0
20231229:2310;0;0;0;0
20231230:0010;0;0;0;0
20231230:0110;0;0;0;0
20231230:0210;0;0;0;0
20231230:0310;0;0;0;0
20231230:0410;0;0;0;0
20231230:0510;0;0;0;0
20231230:0610;0;0;0;0
20231230:0710;0;2.67;0.07;2.74
20231230:0810;172.12;96.75;2.42;271.29
20231230:0910;386.59;140.82;4.68;532.09
20231230:1010;350.43;174.37;5.45;530.25
20231230:1110;189.25;175.6;4.81;369.66
20231230:1210;582.81;111.21;5.98;700
20231230:1310;460.42;94.64;4.31;559.37
20231230:1410;121.99;64.04;1.52;187.55
20231230:1510;0;0;0;0
20231230:1610;0;0;0;0
20231230:1710;0;0;0;0
20231230:1810;0;0;0;0
20231230:1910;0;0;0;0
20231230:2010;0;0;0;0
20231230:2110;0;0;0;0
20231230:2210;0;0;0;0
20231230:2310;0;0;0;0
20231231:0010;0;0;0;0
20231231:0110;0;0;0;0
20231231:0210;0;0;0;0
20231231:0310;0;0;0;0
20231231:0410;0;0;0;0
20231231:0510;0;0;0;0
20231231:0610;0;0;0;0
20231231:0710;0;5.34;0.13;5.47
20231231:0810;64.86;79.18;1.93;145.97
20231231:0910;0;53.37;1.32;54.69
20231231:1010;5.38;97.04;2.42;104.84
20231231:1110;10.48;110.57;2.77;123.82
20231231:1210;0;57.81;1.43;59.24
20231231:1310;15.36;79.74;2;97.1
20231231:1410;0;16.9;0.42;17.32
20231231:1510;0;0;0;0
20231231:1610;0;0;0;0
20231231:1710;0;0;0;0
20231231:1810;0;0;0;0
20231231:1910;0;0;0;0
20231231:2010;0;0;0;0
20231231:2110;0;0;0;0
20231231:2210;0;0;0;0
20231231:2310;0;0;0;0
