date,q_min,q_mean,q_max
2002-01-01,2490.0,2620.0,2820.0
2002-01-02,2140.0,2250.0,2490.0
2002-01-03,1890.0,1970.0,2140.0
2002-01-04,1750.0,1810.0,1930.0
2002-01-05,1590.0,1690.0,1770.0
2002-01-06,1380.0,1520.0,1620.0
2002-01-07,1280.0,1420.0,1570.0
2002-01-08,1330.0,1450.0,1620.0
2002-01-09,1380.0,1500.0,1630.0
2002-01-10,1350.0,1480.0,1560.0
2002-01-11,1370.0,1450.0,1550.0
2002-01-12,1280.0,1390.0,1480.0
2002-01-13,1280.0,1320.0,1440.0
2002-01-14,1160.0,1230.0,1330.0
2002-01-15,1150.0,1240.0,1340.0
2002-01-16,1250.0,1300.0,1380.0
2002-01-17,1190.0,1240.0,1280.0
2002-01-18,1210.0,1240.0,1280.0
2002-01-19,1100.0,1180.0,1240.0
2002-01-20,1100.0,1140.0,1230.0
2002-01-21,1110.0,1300.0,1800.0
2002-01-22,1800.0,2240.0,2410.0
2002-01-23,2020.0,2110.0,2200.0
2002-01-24,2050.0,2090.0,2120.0
2002-01-25,1790.0,1930.0,2050.0
2002-01-26,1950.0,2110.0,2200.0
2002-01-27,2100.0,2190.0,2320.0
2002-01-28,2320.0,3930.0,5260.0
2002-01-29,3510.0,4100.0,5030.0
2002-01-30,3180.0,3360.0,3510.0
2002-01-31,2790.0,3010.0,3180.0
2002-02-01,2420.0,2630.0,2790.0
2002-02-02,2290.0,2420.0,2500.0
2002-02-03,2120.0,2220.0,2350.0
2002-02-04,2060.0,2120.0,2190.0
2002-02-05,1990.0,2070.0,2120.0
2002-02-06,1910.0,2000.0,2060.0
2002-02-07,1890.0,1970.0,2030.0
2002-02-08,1920.0,1980.0,2080.0
2002-02-09,1880.0,2010.0,2130.0
2002-02-10,2030.0,2090.0,2150.0
2002-02-11,2070.0,2180.0,2220.0
2002-02-12,2160.0,2230.0,2290.0
2002-02-13,2240.0,2270.0,2330.0
2002-02-14,2320.0,2470.0,2620.0
2002-02-15,2320.0,2420.0,2470.0
2002-02-16,2190.0,2330.0,2400.0
2002-02-17,2040.0,2110.0,2200.0
2002-02-18,1890.0,1940.0,2040.0
2002-02-19,1810.0,1890.0,2000.0
2002-02-20,1810.0,1880.0,2010.0
2002-02-21,2000.0,2400.0,2570.0
2002-02-22,2080.0,2220.0,2410.0
2002-02-23,2300.0,2370.0,2420.0
2002-02-24,2180.0,2310.0,2410.0
2002-02-25,2130.0,2220.0,2430.0
2002-02-26,2430.0,2990.0,3360.0
2002-02-27,2920.0,3020.0,3140.0
2002-02-28,3020.0,3140.0,3260.0
2002-03-01,3140.0,3250.0,3380.0
2002-03-02,2970.0,3040.0,3140.0
2002-03-03,2580.0,2790.0,3010.0
2002-03-04,2460.0,2530.0,2580.0
2002-03-05,2360.0,2420.0,2480.0
2002-03-06,2220.0,2280.0,2390.0
2002-03-07,2160.0,2240.0,2320.0
2002-03-08,2160.0,2210.0,2310.0
2002-03-09,2120.0,2190.0,2280.0
2002-03-10,2020.0,2050.0,2150.0
2002-03-11,1910.0,1960.0,2040.0
2002-03-12,1790.0,1890.0,1950.0
2002-03-13,1780.0,1850.0,1910.0
2002-03-14,1770.0,1840.0,1920.0
2002-03-15,1750.0,1810.0,1900.0
2002-03-16,1740.0,1820.0,1900.0
2002-03-17,1720.0,1760.0,1830.0
2002-03-18,1660.0,1700.0,1790.0
2002-03-19,1660.0,1780.0,1920.0
2002-03-20,1900.0,2610.0,4960.0
2002-03-21,4960.0,6540.0,7670.0
2002-03-22,7670.0,8110.0,8360.0
2002-03-23,7780.0,8210.0,8360.0
2002-03-24,6400.0,7110.0,7780.0
2002-03-25,5230.0,5800.0,6420.0
2002-03-26,3960.0,4520.0,5230.0
2002-03-27,3420.0,3670.0,3960.0
2002-03-28,3110.0,3260.0,3420.0
2002-03-29,2870.0,2980.0,3120.0
2002-03-30,2640.0,2760.0,2960.0
2002-03-31,2620.0,2720.0,2830.0
2002-04-01,2620.0,2690.0,2830.0
2002-04-02,2510.0,2620.0,2760.0
2002-04-03,2530.0,2580.0,2660.0
2002-04-04,2530.0,2560.0,2650.0
2002-04-05,2350.0,2440.0,2560.0
2002-04-06,2270.0,2330.0,2410.0
2002-04-07,2020.0,2150.0,2270.0
2002-04-08,2010.0,2060.0,2190.0
2002-04-09,1940.0,2020.0,2100.0
2002-04-10,1910.0,2000.0,2100.0
2002-04-11,1830.0,1900.0,2010.0
2002-04-12,1820.0,1890.0,1940.0
2002-04-13,1810.0,1920.0,1960.0
2002-04-14,1810.0,1880.0,1930.0
2002-04-15,1830.0,1900.0,1980.0
2002-04-16,1730.0,1840.0,1990.0
2002-04-17,1740.0,1840.0,1950.0
2002-04-18,1690.0,1750.0,1810.0
2002-04-19,1630.0,1710.0,1760.0
2002-04-20,1540.0,1650.0,1800.0
2002-04-21,1670.0,1730.0,1800.0
2002-04-22,1620.0,1670.0,1770.0
2002-04-23,1660.0,1730.0,1860.0
2002-04-24,1660.0,1840.0,2290.0
2002-04-25,2290.0,2630.0,2940.0
2002-04-26,2270.0,2330.0,2430.0
2002-04-27,2430.0,2550.0,2720.0
2002-04-28,2460.0,2640.0,2820.0
2002-04-29,2260.0,2350.0,2490.0
2002-04-30,2230.0,2310.0,2390.0
2002-05-01,2120.0,2260.0,2390.0
2002-05-02,2120.0,2190.0,2310.0
2002-05-03,2250.0,2330.0,2420.0
2002-05-04,2390.0,2530.0,2700.0
2002-05-05,2660.0,2750.0,2830.0
2002-05-06,2380.0,2480.0,2670.0
2002-05-07,2280.0,2390.0,2460.0
2002-05-08,2210.0,2250.0,2300.0
2002-05-09,2180.0,2220.0,2270.0
2002-05-10,2160.0,2220.0,2320.0
2002-05-11,2270.0,2320.0,2410.0
2002-05-12,2250.0,2320.0,2410.0
2002-05-13,2150.0,2230.0,2320.0
2002-05-14,2270.0,2360.0,2410.0
2002-05-15,2230.0,2300.0,2400.0
2002-05-16,2090.0,2140.0,2240.0
2002-05-17,2090.0,2160.0,2240.0
2002-05-18,2100.0,2210.0,2350.0
2002-05-19,2130.0,2290.0,2560.0
2002-05-20,2560.0,2660.0,2800.0
2002-05-21,2560.0,2700.0,2810.0
2002-05-22,2400.0,2460.0,2560.0
2002-05-23,2300.0,2340.0,2410.0
2002-05-24,2310.0,2340.0,2390.0
2002-05-25,2130.0,2190.0,2310.0
2002-05-26,2020.0,2110.0,2220.0
2002-05-27,2150.0,2220.0,2290.0
2002-05-28,2150.0,2280.0,2420.0
2002-05-29,2240.0,2380.0,2540.0
2002-05-30,2290.0,2360.0,2510.0
2002-05-31,2100.0,2160.0,2330.0
2002-06-01,1950.0,2040.0,2110.0
2002-06-02,1840.0,1910.0,1970.0
2002-06-03,1840.0,1880.0,1920.0
2002-06-04,1720.0,1880.0,2020.0
2002-06-05,1860.0,1960.0,2100.0
2002-06-06,1860.0,1990.0,2180.0
2002-06-07,2180.0,2480.0,3370.0
2002-06-08,3080.0,3760.0,4330.0
2002-06-09,2800.0,2900.0,3090.0
2002-06-10,2660.0,2780.0,2900.0
2002-06-11,2770.0,2900.0,3080.0
2002-06-12,2540.0,2660.0,2810.0
2002-06-13,2270.0,2370.0,2540.0
2002-06-14,2170.0,2230.0,2310.0
2002-06-15,2060.0,2130.0,2200.0
2002-06-16,2000.0,2070.0,2140.0
2002-06-17,2040.0,2110.0,2210.0
2002-06-18,2080.0,2130.0,2200.0
2002-06-19,2080.0,2150.0,2250.0
2002-06-20,2060.0,2130.0,2230.0
2002-06-21,2100.0,2150.0,2230.0
2002-06-22,2160.0,2190.0,2220.0
2002-06-23,1970.0,2050.0,2170.0
2002-06-24,1880.0,1940.0,2070.0
2002-06-25,2070.0,2160.0,2240.0
2002-06-26,2190.0,2220.0,2250.0
2002-06-27,1920.0,2010.0,2200.0
2002-06-28,1770.0,1890.0,2030.0
2002-06-29,2030.0,2190.0,2370.0
2002-06-30,1800.0,1920.0,2140.0
2002-07-01,1600.0,1720.0,1830.0
2002-07-02,1530.0,1610.0,1710.0
2002-07-03,1620.0,1650.0,1720.0
2002-07-04,1620.0,1720.0,1970.0
2002-07-05,1970.0,2140.0,2260.0
2002-07-06,1860.0,1930.0,2000.0
2002-07-07,1880.0,1950.0,2070.0
2002-07-08,1800.0,1940.0,2090.0
2002-07-09,1660.0,1780.0,1900.0
2002-07-10,1690.0,1770.0,1880.0
2002-07-11,1670.0,1710.0,1770.0
2002-07-12,1600.0,1710.0,1790.0
2002-07-13,1500.0,1570.0,1730.0
2002-07-14,1600.0,1720.0,1840.0
2002-07-15,1650.0,1690.0,1740.0
2002-07-16,1660.0,1800.0,1980.0
2002-07-17,1900.0,2060.0,2300.0
2002-07-18,2300.0,2850.0,3090.0
2002-07-19,2520.0,2720.0,3080.0
2002-07-20,2250.0,2410.0,2550.0
2002-07-21,1840.0,2010.0,2250.0
2002-07-22,1770.0,1830.0,1880.0
2002-07-23,1840.0,1880.0,1950.0
2002-07-24,1650.0,1740.0,1920.0
2002-07-25,1610.0,1680.0,1790.0
2002-07-26,1790.0,1910.0,2040.0
2002-07-27,1810.0,1880.0,2010.0
2002-07-28,1780.0,1860.0,1960.0
2002-07-29,1640.0,1700.0,1840.0
2002-07-30,1470.0,1610.0,1740.0
2002-07-31,1600.0,1710.0,1820.0
2002-08-01,1540.0,1640.0,1740.0
2002-08-02,1550.0,1830.0,2090.0
2002-08-03,1920.0,2060.0,2200.0
2002-08-04,1840.0,1910.0,1990.0
2002-08-05,1740.0,1810.0,1850.0
2002-08-06,1750.0,1920.0,2100.0
2002-08-07,2020.0,4090.0,6220.0
2002-08-08,6220.0,6940.0,7350.0
2002-08-09,4620.0,6080.0,7220.0
2002-08-10,3300.0,3970.0,4620.0
2002-08-11,2880.0,3060.0,3320.0
2002-08-12,3190.0,5250.0,7550.0
2002-08-13,7550.0,9000.0,10000.0
2002-08-14,9820.0,10100.0,10200.0
2002-08-15,9240.0,10100.0,10400.0
2002-08-16,6700.0,7780.0,9240.0
2002-08-17,4580.0,5740.0,6700.0
2002-08-18,3600.0,4070.0,4580.0
2002-08-19,3100.0,3300.0,3600.0
2002-08-20,2800.0,2880.0,3100.0
2002-08-21,2560.0,2720.0,2830.0
2002-08-22,2810.0,3030.0,3310.0
2002-08-23,2870.0,3110.0,3340.0
2002-08-24,2550.0,2710.0,2900.0
2002-08-25,2330.0,2430.0,2600.0
2002-08-26,2230.0,2310.0,2370.0
2002-08-27,2180.0,2220.0,2280.0
2002-08-28,2250.0,2370.0,2500.0
2002-08-29,2230.0,2360.0,2460.0
2002-08-30,2090.0,2200.0,2320.0
2002-08-31,1980.0,2070.0,2140.0
2002-09-01,1910.0,1980.0,2130.0
2002-09-02,2130.0,2520.0,2600.0
2002-09-03,2340.0,2410.0,2550.0
2002-09-04,2250.0,2380.0,2510.0
2002-09-05,2130.0,2170.0,2250.0
2002-09-06,2070.0,2140.0,2230.0
2002-09-07,1980.0,2060.0,2220.0
2002-09-08,1810.0,1890.0,2000.0
2002-09-09,1690.0,1760.0,1840.0
2002-09-10,1640.0,1750.0,1970.0
2002-09-11,1820.0,1950.0,2090.0
2002-09-12,1940.0,2000.0,2100.0
2002-09-13,1720.0,1910.0,2040.0
2002-09-14,1610.0,1670.0,1730.0
2002-09-15,1510.0,1580.0,1670.0
2002-09-16,1510.0,1620.0,1680.0
2002-09-17,1490.0,1560.0,1630.0
2002-09-18,1490.0,1620.0,1700.0
2002-09-19,1410.0,1480.0,1560.0
2002-09-20,1420.0,1490.0,1620.0
2002-09-21,1620.0,1700.0,1750.0
2002-09-22,1710.0,1810.0,1890.0
2002-09-23,1890.0,1990.0,2050.0
2002-09-24,1930.0,2220.0,2820.0
2002-09-25,2820.0,3260.0,3470.0
2002-09-26,2960.0,3030.0,3120.0
2002-09-27,3020.0,3320.0,3850.0
2002-09-28,3740.0,4110.0,4320.0
2002-09-29,3030.0,3270.0,3750.0
2002-09-30,2610.0,2800.0,3050.0
2002-10-01,2430.0,2490.0,2630.0
2002-10-02,2200.0,2270.0,2440.0
2002-10-03,2100.0,2150.0,2230.0
2002-10-04,1940.0,2060.0,2140.0
2002-10-05,2080.0,2190.0,2380.0
2002-10-06,2100.0,2180.0,2280.0
2002-10-07,2180.0,2380.0,2570.0
2002-10-08,2540.0,2590.0,2660.0
2002-10-09,2420.0,2530.0,2600.0
2002-10-10,2140.0,2240.0,2420.0
2002-10-11,2000.0,2090.0,2190.0
2002-10-12,2000.0,2100.0,2390.0
2002-10-13,2390.0,2850.0,3230.0
2002-10-14,2460.0,2700.0,3140.0
2002-10-15,2400.0,2450.0,2540.0
2002-10-16,2330.0,2390.0,2440.0
2002-10-17,2260.0,2370.0,2460.0
2002-10-18,2270.0,3090.0,4270.0
2002-10-19,3260.0,3650.0,4180.0
2002-10-20,3020.0,3130.0,3260.0
2002-10-21,2660.0,2800.0,3020.0
2002-10-22,2560.0,2610.0,2680.0
2002-10-23,2420.0,2510.0,2600.0
2002-10-24,2360.0,2480.0,2610.0
2002-10-25,2370.0,2410.0,2550.0
2002-10-26,2330.0,2380.0,2450.0
2002-10-27,2410.0,2430.0,2480.0
2002-10-28,2410.0,2470.0,2530.0
2002-10-29,2290.0,2380.0,2510.0
2002-10-30,2240.0,2320.0,2410.0
2002-10-31,2350.0,2470.0,2790.0
2002-11-01,2480.0,2620.0,2730.0
2002-11-02,2400.0,2470.0,2590.0
2002-11-03,2450.0,2870.0,3100.0
2002-11-04,2940.0,3460.0,4110.0
2002-11-05,4110.0,4650.0,4880.0
2002-11-06,3960.0,4210.0,4650.0
2002-11-07,3520.0,3720.0,3980.0
2002-11-08,3210.0,3340.0,3520.0
2002-11-09,2980.0,3120.0,3260.0
2002-11-10,3100.0,3470.0,3600.0
2002-11-11,3220.0,3650.0,5030.0
2002-11-12,4930.0,5730.0,6090.0
2002-11-13,4180.0,4520.0,4930.0
2002-11-14,3750.0,4080.0,4290.0
2002-11-15,3500.0,3710.0,3820.0
2002-11-16,3360.0,3490.0,3620.0
2002-11-17,3370.0,3550.0,3780.0
2002-11-18,3080.0,3330.0,3730.0
2002-11-19,3040.0,3140.0,3290.0
2002-11-20,3030.0,3110.0,3200.0
2002-11-21,3020.0,3080.0,3110.0
2002-11-22,2940.0,3000.0,3090.0
2002-11-23,2910.0,3470.0,4010.0
2002-11-24,3120.0,3300.0,3680.0
2002-11-25,2910.0,3030.0,3210.0
2002-11-26,2710.0,2790.0,2910.0
2002-11-27,2590.0,2690.0,2780.0
2002-11-28,2550.0,2620.0,2720.0
2002-11-29,2470.0,2560.0,2640.0
2002-11-30,2460.0,2540.0,2610.0
2002-12-01,2560.0,2630.0,2730.0
2002-12-02,2630.0,2710.0,2780.0
2002-12-03,2540.0,2610.0,2670.0
2002-12-04,2530.0,2620.0,2670.0
2002-12-05,2410.0,2520.0,2610.0
2002-12-06,2370.0,2440.0,2540.0
2002-12-07,2310.0,2390.0,2530.0
2002-12-08,2110.0,2210.0,2330.0
2002-12-09,2040.0,2080.0,2150.0
2002-12-10,1970.0,2040.0,2120.0
2002-12-11,1910.0,1980.0,2060.0
2002-12-12,1830.0,1900.0,1980.0
2002-12-13,1790.0,1870.0,1970.0
2002-12-14,1760.0,1810.0,1900.0
2002-12-15,1600.0,1740.0,1850.0
2002-12-16,1550.0,1660.0,1750.0
2002-12-17,1660.0,1780.0,2000.0
2002-12-18,1930.0,1980.0,2040.0
2002-12-19,1980.0,2030.0,2080.0
2002-12-20,1820.0,1950.0,2080.0
2002-12-21,1720.0,1830.0,1980.0
2002-12-22,1810.0,2340.0,2790.0
2002-12-23,2710.0,3910.0,5230.0
2002-12-24,3540.0,4170.0,5210.0
2002-12-25,3200.0,3360.0,3670.0
2002-12-26,2680.0,2890.0,3200.0
2002-12-27,2390.0,2540.0,2680.0
2002-12-28,2250.0,2340.0,2450.0
2002-12-29,2280.0,2460.0,2810.0
2002-12-30,2790.0,3360.0,4040.0
2002-12-31,3470.0,3670.0,3990.0
2003-01-01,3210.0,3380.0,3500.0
2003-01-02,3210.0,3270.0,3430.0
2003-01-03,3420.0,3870.0,4150.0
2003-01-04,3330.0,3590.0,3880.0
2003-01-05,3750.0,3960.0,4090.0
2003-01-06,3680.0,3830.0,4030.0
2003-01-07,3350.0,3540.0,3730.0
2003-01-08,2920.0,3140.0,3350.0
2003-01-09,2730.0,2840.0,3060.0
2003-01-10,2430.0,2540.0,2730.0
2003-01-11,2250.0,2330.0,2470.0
2003-01-12,2000.0,2140.0,2310.0
2003-01-13,1890.0,1940.0,2000.0
2003-01-14,1950.0,2000.0,2120.0
2003-01-15,2100.0,2190.0,2260.0
2003-01-16,2030.0,2130.0,2210.0
2003-01-17,1970.0,2000.0,2070.0
2003-01-18,1870.0,1960.0,2040.0
2003-01-19,1710.0,1840.0,1930.0
2003-01-20,1660.0,1730.0,1800.0
2003-01-21,1690.0,1770.0,1870.0
2003-01-22,1710.0,1830.0,1930.0
2003-01-23,1670.0,1790.0,1910.0
2003-01-24,1740.0,1850.0,1990.0
2003-01-25,1970.0,2110.0,2170.0
2003-01-26,1980.0,2040.0,2180.0
2003-01-27,1820.0,1900.0,1990.0
2003-01-28,1870.0,2750.0,3830.0
2003-01-29,2980.0,3460.0,3980.0
2003-01-30,2780.0,2880.0,2980.0
2003-01-31,2480.0,2650.0,2850.0
2003-02-01,2250.0,2340.0,2500.0
2003-02-02,1980.0,2100.0,2300.0
2003-02-03,1840.0,1920.0,2000.0
2003-02-04,1800.0,1970.0,2150.0
2003-02-05,1990.0,2110.0,2240.0
2003-02-06,2040.0,2110.0,2160.0
2003-02-07,1880.0,1950.0,2090.0
2003-02-08,1810.0,1880.0,1970.0
2003-02-09,1690.0,1780.0,1890.0
2003-02-10,1600.0,1670.0,1740.0
2003-02-11,1580.0,1650.0,1780.0
2003-02-12,1590.0,1660.0,1750.0
2003-02-13,1530.0,1620.0,1710.0
2003-02-14,1560.0,1590.0,1650.0
2003-02-15,1440.0,1510.0,1610.0
2003-02-16,1380.0,1460.0,1560.0
2003-02-17,1230.0,1360.0,1440.0
2003-02-18,1310.0,1400.0,1520.0
2003-02-19,1330.0,1440.0,1550.0
2003-02-20,1340.0,1420.0,1530.0
2003-02-21,1320.0,1430.0,1520.0
2003-02-22,1260.0,1350.0,1500.0
2003-02-23,1190.0,1300.0,1380.0
2003-02-24,1170.0,1240.0,1340.0
2003-02-25,1120.0,1310.0,1530.0
2003-02-26,1260.0,1360.0,1450.0
2003-02-27,1240.0,1330.0,1410.0
2003-02-28,1260.0,1360.0,1460.0
2003-03-01,1250.0,1360.0,1470.0
2003-03-02,1230.0,1340.0,1470.0
2003-03-03,1310.0,1480.0,1800.0
2003-03-04,1790.0,1930.0,2100.0
2003-03-05,2070.0,2140.0,2220.0
2003-03-06,1940.0,2010.0,2100.0
2003-03-07,1930.0,2010.0,2210.0
2003-03-08,2070.0,2180.0,2290.0
2003-03-09,1910.0,2040.0,2110.0
2003-03-10,1820.0,1920.0,2000.0
2003-03-11,1860.0,1990.0,2100.0
2003-03-12,2030.0,2110.0,2350.0
2003-03-13,2350.0,2600.0,2730.0
2003-03-14,2330.0,2450.0,2650.0
2003-03-15,2170.0,2260.0,2390.0
2003-03-16,1940.0,2040.0,2220.0
2003-03-17,1710.0,1810.0,1950.0
2003-03-18,1710.0,1790.0,1850.0
2003-03-19,1670.0,1740.0,1830.0
2003-03-20,1580.0,1640.0,1680.0
2003-03-21,1580.0,1630.0,1700.0
2003-03-22,1520.0,1610.0,1650.0
2003-03-23,1420.0,1480.0,1540.0
2003-03-24,1330.0,1460.0,1560.0
2003-03-25,1310.0,1440.0,1530.0
2003-03-26,1450.0,1510.0,1560.0
2003-03-27,1490.0,1570.0,1650.0
2003-03-28,1530.0,1580.0,1660.0
2003-03-29,1570.0,1660.0,1760.0
2003-03-30,1560.0,1640.0,1750.0
2003-03-31,1540.0,1690.0,1950.0
2003-04-01,1840.0,1930.0,2010.0
2003-04-02,1670.0,1780.0,1910.0
2003-04-03,1680.0,1730.0,1800.0
2003-04-04,1640.0,1730.0,1800.0
2003-04-05,1610.0,1660.0,1750.0
2003-04-06,1410.0,1490.0,1630.0
2003-04-07,1450.0,1480.0,1540.0
2003-04-08,1350.0,1440.0,1550.0
2003-04-09,1280.0,1420.0,1570.0
2003-04-10,1300.0,1410.0,1500.0
2003-04-11,1310.0,1380.0,1490.0
2003-04-12,1320.0,1370.0,1430.0
2003-04-13,1320.0,1350.0,1380.0
2003-04-14,1260.0,1320.0,1370.0
2003-04-15,1350.0,1450.0,1600.0
2003-04-16,1440.0,1520.0,1600.0
2003-04-17,1490.0,1560.0,1620.0
2003-04-18,1500.0,1570.0,1640.0
2003-04-19,1470.0,1490.0,1530.0
2003-04-20,1370.0,1430.0,1510.0
2003-04-21,1320.0,1380.0,1460.0
2003-04-22,1330.0,1430.0,1550.0
2003-04-23,1430.0,1520.0,1590.0
2003-04-24,1500.0,1590.0,1750.0
2003-04-25,1440.0,1550.0,1750.0
2003-04-26,1490.0,1530.0,1570.0
2003-04-27,1520.0,1620.0,1800.0
2003-04-28,1750.0,1800.0,1890.0
2003-04-29,1640.0,1730.0,1880.0
2003-04-30,1630.0,1800.0,1950.0
2003-05-01,1920.0,2030.0,2250.0
2003-05-02,1960.0,2090.0,2250.0
2003-05-03,1860.0,1920.0,2030.0
2003-05-04,1910.0,1990.0,2090.0
2003-05-05,1650.0,1760.0,1940.0
2003-05-06,1640.0,1750.0,1890.0
2003-05-07,1800.0,1890.0,1970.0
2003-05-08,1860.0,1920.0,2040.0
2003-05-09,1930.0,2010.0,2140.0
2003-05-10,2030.0,2090.0,2150.0
2003-05-11,1970.0,2030.0,2110.0
2003-05-12,1850.0,1960.0,2070.0
2003-05-13,1840.0,1930.0,2060.0
2003-05-14,2000.0,2160.0,2430.0
2003-05-15,2060.0,2180.0,2400.0
2003-05-16,1840.0,1960.0,2080.0
2003-05-17,1720.0,1810.0,1980.0
2003-05-18,1610.0,1690.0,1790.0
2003-05-19,1500.0,1570.0,1640.0
2003-05-20,1580.0,1690.0,1970.0
2003-05-21,1960.0,2250.0,2440.0
2003-05-22,2180.0,2290.0,2440.0
2003-05-23,2060.0,2180.0,2270.0
2003-05-24,1840.0,1930.0,2080.0
2003-05-25,1710.0,1830.0,1950.0
2003-05-26,1680.0,1740.0,1820.0
2003-05-27,1630.0,1700.0,1860.0
2003-05-28,1810.0,1870.0,1950.0
2003-05-29,1850.0,1920.0,2030.0
2003-05-30,1780.0,1850.0,1970.0
2003-05-31,1780.0,1910.0,2000.0
2003-06-01,1910.0,1970.0,2050.0
2003-06-02,1910.0,2010.0,2100.0
2003-06-03,1880.0,1980.0,2120.0
2003-06-04,1740.0,1870.0,2000.0
2003-06-05,1780.0,1880.0,1980.0
2003-06-06,1850.0,2020.0,2240.0
2003-06-07,1860.0,1970.0,2090.0
2003-06-08,1910.0,1980.0,2070.0
2003-06-09,1790.0,1920.0,2020.0
2003-06-10,1770.0,1900.0,1980.0
2003-06-11,1700.0,1800.0,1900.0
2003-06-12,1770.0,1810.0,1900.0
2003-06-13,1720.0,1780.0,1860.0
2003-06-14,1670.0,1740.0,1830.0
2003-06-15,1740.0,1840.0,1980.0
2003-06-16,1720.0,1880.0,1980.0
2003-06-17,1720.0,1780.0,1820.0
2003-06-18,1620.0,1690.0,1770.0
2003-06-19,1670.0,1880.0,2010.0
2003-06-20,1620.0,1750.0,1900.0
2003-06-21,1550.0,1600.0,1680.0
2003-06-22,1470.0,1580.0,1620.0
2003-06-23,1310.0,1360.0,1470.0
2003-06-24,1290.0,1420.0,1590.0
2003-06-25,1320.0,1430.0,1540.0
2003-06-26,1300.0,1400.0,1480.0
2003-06-27,1270.0,1370.0,1500.0
2003-06-28,1310.0,1410.0,1550.0
2003-06-29,1280.0,1340.0,1420.0
2003-06-30,1270.0,1310.0,1400.0
2003-07-01,1160.0,1260.0,1390.0
2003-07-02,1240.0,1350.0,1650.0
2003-07-03,1430.0,1570.0,1740.0
2003-07-04,1340.0,1510.0,1740.0
2003-07-05,1310.0,1450.0,1630.0
2003-07-06,1430.0,1480.0,1520.0
2003-07-07,1220.0,1310.0,1490.0
2003-07-08,1190.0,1230.0,1270.0
2003-07-09,1190.0,1250.0,1320.0
2003-07-10,1150.0,1220.0,1320.0
2003-07-11,1150.0,1230.0,1300.0
2003-07-12,1100.0,1180.0,1310.0
2003-07-13,1030.0,1090.0,1160.0
2003-07-14,982.0,1030.0,1150.0
2003-07-15,927.0,1070.0,1230.0
2003-07-16,1110.0,1140.0,1190.0
2003-07-17,1000.0,1120.0,1310.0
2003-07-18,1300.0,1430.0,1560.0
2003-07-19,1320.0,1400.0,1560.0
2003-07-20,1210.0,1270.0,1320.0
2003-07-21,1030.0,1130.0,1210.0
2003-07-22,1030.0,1090.0,1290.0
2003-07-23,1050.0,1210.0,1340.0
2003-07-24,1130.0,1200.0,1290.0
2003-07-25,1150.0,1280.0,1390.0
2003-07-26,1250.0,1440.0,1540.0
2003-07-27,1140.0,1210.0,1290.0
2003-07-28,1010.0,1140.0,1230.0
2003-07-29,1020.0,1440.0,1780.0
2003-07-30,1370.0,1590.0,1700.0
2003-07-31,1270.0,1310.0,1370.0
2003-08-01,1300.0,1590.0,1800.0
2003-08-02,1390.0,1630.0,1790.0
2003-08-03,1090.0,1210.0,1390.0
2003-08-04,1070.0,1110.0,1170.0
2003-08-05,1030.0,1110.0,1250.0
2003-08-06,1080.0,1130.0,1170.0
2003-08-07,1000.0,1100.0,1220.0
2003-08-08,1000.0,1060.0,1180.0
2003-08-09,964.0,1010.0,1070.0
2003-08-10,909.0,964.0,1030.0
2003-08-11,882.0,905.0,936.0
2003-08-12,846.0,910.0,1000.0
2003-08-13,900.0,968.0,1050.0
2003-08-14,873.0,928.0,1050.0
2003-08-15,873.0,923.0,964.0
2003-08-16,882.0,971.0,1020.0
2003-08-17,837.0,858.0,891.0
2003-08-18,829.0,904.0,1010.0
2003-08-19,846.0,1030.0,1150.0
2003-08-20,891.0,993.0,1060.0
2003-08-21,855.0,925.0,1000.0
2003-08-22,891.0,927.0,1000.0
2003-08-23,767.0,889.0,964.0
2003-08-24,767.0,822.0,891.0
2003-08-25,750.0,801.0,855.0
2003-08-26,750.0,802.0,882.0
2003-08-27,829.0,871.0,900.0
2003-08-28,724.0,774.0,882.0
2003-08-29,793.0,843.0,891.0
2003-08-30,846.0,929.0,1140.0
2003-08-31,1040.0,1140.0,1280.0
2003-09-01,1050.0,1300.0,1520.0
2003-09-02,1040.0,1130.0,1390.0
2003-09-03,1080.0,1160.0,1260.0
2003-09-04,934.0,1030.0,1240.0
2003-09-05,861.0,921.0,1020.0
2003-09-06,787.0,872.0,1040.0
2003-09-07,749.0,818.0,910.0
2003-09-08,671.0,754.0,836.0
2003-09-09,658.0,771.0,970.0
2003-09-10,824.0,905.0,1210.0
2003-09-11,1020.0,1270.0,1440.0
2003-09-12,922.0,1110.0,1780.0
2003-09-13,1780.0,2360.0,2540.0
2003-09-14,2210.0,2380.0,2530.0
2003-09-15,1650.0,1870.0,2210.0
2003-09-16,1380.0,1500.0,1660.0
2003-09-17,1150.0,1290.0,1460.0
2003-09-18,1080.0,1190.0,1390.0
2003-09-19,1010.0,1070.0,1200.0
2003-09-20,934.0,1050.0,1230.0
2003-09-21,774.0,910.0,1010.0
2003-09-22,774.0,848.0,970.0
2003-09-23,812.0,920.0,1050.0
2003-09-24,886.0,1020.0,1190.0
2003-09-25,1030.0,1140.0,1260.0
2003-09-26,812.0,945.0,1190.0
2003-09-27,787.0,957.0,1070.0
2003-09-28,761.0,821.0,898.0
2003-09-29,658.0,770.0,861.0
2003-09-30,761.0,846.0,1080.0
2003-10-01,787.0,923.0,1080.0
2003-10-02,849.0,883.0,934.0
2003-10-03,774.0,890.0,1020.0
2003-10-04,787.0,840.0,886.0
2003-10-05,812.0,1180.0,1880.0
2003-10-06,1880.0,2270.0,2500.0
2003-10-07,2140.0,2220.0,2360.0
2003-10-08,2130.0,2240.0,2320.0
2003-10-09,2230.0,2430.0,2920.0
2003-10-10,2920.0,3470.0,3870.0
2003-10-11,3050.0,3360.0,3670.0
2003-10-12,2470.0,2750.0,3050.0
2003-10-13,2140.0,2290.0,2470.0
2003-10-14,1870.0,2040.0,2160.0
2003-10-15,1570.0,1700.0,1880.0
2003-10-16,1490.0,1550.0,1630.0
2003-10-17,1280.0,1430.0,1560.0
2003-10-18,1250.0,1280.0,1320.0
2003-10-19,1100.0,1240.0,1380.0
2003-10-20,1100.0,1140.0,1240.0
2003-10-21,1070.0,1130.0,1250.0
2003-10-22,1160.0,1200.0,1260.0
2003-10-23,1100.0,1160.0,1270.0
2003-10-24,1020.0,1100.0,1230.0
2003-10-25,1030.0,1110.0,1250.0
2003-10-26,917.0,992.0,1090.0
2003-10-27,901.0,955.0,1000.0
2003-10-28,876.0,995.0,1110.0
2003-10-29,909.0,995.0,1140.0
2003-10-30,860.0,977.0,1110.0
2003-10-31,925.0,952.0,1000.0
2003-11-01,917.0,955.0,1010.0
2003-11-02,950.0,1050.0,1340.0
2003-11-03,1100.0,1240.0,1390.0
2003-11-04,967.0,1070.0,1150.0
2003-11-05,934.0,1010.0,1130.0
2003-11-06,885.0,938.0,1030.0
2003-11-07,885.0,927.0,1000.0
2003-11-08,917.0,964.0,1030.0
2003-11-09,812.0,866.0,967.0
2003-11-10,797.0,861.0,901.0
2003-11-11,797.0,852.0,909.0
2003-11-12,820.0,900.0,950.0
2003-11-13,789.0,854.0,934.0
2003-11-14,789.0,829.0,917.0
2003-11-15,773.0,893.0,1050.0
2003-11-16,852.0,889.0,925.0
2003-11-17,789.0,861.0,950.0
2003-11-18,812.0,864.0,917.0
2003-11-19,844.0,888.0,959.0
2003-11-20,828.0,844.0,893.0
2003-11-21,836.0,890.0,934.0
2003-11-22,789.0,829.0,868.0
2003-11-23,789.0,841.0,893.0
2003-11-24,742.0,809.0,844.0
2003-11-25,735.0,769.0,868.0
2003-11-26,789.0,843.0,901.0
2003-11-27,781.0,841.0,893.0
2003-11-28,742.0,799.0,885.0
2003-11-29,773.0,846.0,909.0
2003-11-30,805.0,849.0,885.0
2003-12-01,828.0,912.0,950.0
2003-12-02,868.0,930.0,984.0
2003-12-03,868.0,927.0,992.0
2003-12-04,852.0,883.0,934.0
2003-12-05,812.0,859.0,893.0
2003-12-06,781.0,851.0,942.0
2003-12-07,773.0,805.0,844.0
2003-12-08,735.0,770.0,820.0
2003-12-09,704.0,793.0,885.0
2003-12-10,797.0,835.0,876.0
2003-12-11,812.0,844.0,876.0
2003-12-12,758.0,804.0,860.0
2003-12-13,765.0,799.0,836.0
2003-12-14,750.0,831.0,909.0
2003-12-15,758.0,930.0,1020.0
2003-12-16,959.0,1010.0,1090.0
2003-12-17,975.0,1050.0,1100.0
2003-12-18,876.0,952.0,1020.0
2003-12-19,852.0,906.0,975.0
2003-12-20,836.0,879.0,917.0
2003-12-21,781.0,833.0,885.0
2003-12-22,773.0,845.0,917.0
2003-12-23,844.0,936.0,1010.0
2003-12-24,812.0,944.0,1060.0
2003-12-25,812.0,866.0,925.0
2003-12-26,750.0,802.0,844.0
2003-12-27,719.0,770.0,844.0
2003-12-28,750.0,777.0,812.0
2003-12-29,765.0,818.0,893.0
2003-12-30,742.0,793.0,852.0
2003-12-31,805.0,851.0,909.0
2004-01-01,759.0,804.0,873.0
2004-01-02,759.0,809.0,873.0
2004-01-03,724.0,767.0,820.0
2004-01-04,741.0,785.0,837.0
2004-01-05,733.0,766.0,811.0
2004-01-06,724.0,764.0,811.0
2004-01-07,767.0,842.0,927.0
2004-01-08,767.0,871.0,1010.0
2004-01-09,820.0,894.0,1010.0
2004-01-10,787.0,904.0,1130.0
2004-01-11,1130.0,1250.0,1330.0
2004-01-12,1280.0,1620.0,2210.0
2004-01-13,2210.0,2630.0,3270.0
2004-01-14,3260.0,4300.0,4870.0
2004-01-15,3580.0,3810.0,4430.0
2004-01-16,3340.0,3400.0,3580.0
2004-01-17,2950.0,3100.0,3370.0
2004-01-18,2600.0,2820.0,3100.0
2004-01-19,2290.0,2380.0,2600.0
2004-01-20,2090.0,2210.0,2340.0
2004-01-21,2010.0,2130.0,2260.0
2004-01-22,1900.0,1970.0,2050.0
2004-01-23,1730.0,1820.0,1940.0
2004-01-24,1480.0,1620.0,1800.0
2004-01-25,1350.0,1420.0,1490.0
2004-01-26,1240.0,1340.0,1450.0
2004-01-27,1340.0,1400.0,1490.0
2004-01-28,1290.0,1380.0,1480.0
2004-01-29,1270.0,1390.0,1480.0
2004-01-30,1180.0,1290.0,1400.0
2004-01-31,1180.0,1240.0,1300.0
2004-02-01,1100.0,1160.0,1240.0
2004-02-02,1010.0,1110.0,1270.0
2004-02-03,1270.0,2600.0,3360.0
2004-02-04,2560.0,2930.0,3350.0
2004-02-05,2230.0,2460.0,2650.0
2004-02-06,1990.0,2120.0,2310.0
2004-02-07,1960.0,2020.0,2090.0
2004-02-08,1880.0,1980.0,2080.0
2004-02-09,1740.0,1830.0,2000.0
2004-02-10,1660.0,1790.0,1890.0
2004-02-11,1640.0,1680.0,1720.0
2004-02-12,1560.0,1640.0,1710.0
2004-02-13,1430.0,1510.0,1660.0
2004-02-14,1430.0,1490.0,1560.0
2004-02-15,1370.0,1450.0,1510.0
2004-02-16,1380.0,1450.0,1540.0
2004-02-17,1460.0,1520.0,1590.0
2004-02-18,1390.0,1480.0,1540.0
2004-02-19,1310.0,1430.0,1550.0
2004-02-20,1270.0,1320.0,1390.0
2004-02-21,1260.0,1300.0,1390.0
2004-02-22,1230.0,1280.0,1380.0
2004-02-23,1340.0,1420.0,1550.0
2004-02-24,1380.0,1450.0,1500.0
2004-02-25,1370.0,1430.0,1480.0
2004-02-26,1220.0,1320.0,1380.0
2004-02-27,1280.0,1330.0,1400.0
2004-02-28,1190.0,1260.0,1320.0
2004-02-29,1130.0,1200.0,1330.0
2004-03-01,1000.0,1090.0,1170.0
2004-03-02,1010.0,1110.0,1200.0
2004-03-03,1060.0,1110.0,1170.0
2004-03-04,1010.0,1120.0,1220.0
2004-03-05,1000.0,1080.0,1180.0
2004-03-06,1030.0,1110.0,1190.0
2004-03-07,991.0,1060.0,1130.0
2004-03-08,973.0,1020.0,1110.0
2004-03-09,927.0,1040.0,1190.0
2004-03-10,1010.0,1060.0,1120.0
2004-03-11,964.0,1080.0,1180.0
2004-03-12,1020.0,1070.0,1140.0
2004-03-13,1050.0,1100.0,1190.0
2004-03-14,1080.0,1190.0,1310.0
2004-03-15,1160.0,1280.0,1470.0
2004-03-16,1470.0,1660.0,1870.0
2004-03-17,1630.0,1760.0,1940.0
2004-03-18,1930.0,2020.0,2200.0
2004-03-19,1990.0,2060.0,2200.0
2004-03-20,2200.0,2270.0,2330.0
2004-03-21,2290.0,2330.0,2370.0
2004-03-22,2300.0,2380.0,2530.0
2004-03-23,2250.0,2330.0,2450.0
2004-03-24,2080.0,2190.0,2350.0
2004-03-25,2350.0,2540.0,2720.0
2004-03-26,2400.0,2550.0,2730.0
2004-03-27,2140.0,2290.0,2430.0
2004-03-28,1800.0,1970.0,2170.0
2004-03-29,1650.0,1790.0,1880.0
2004-03-30,1680.0,1850.0,2100.0
2004-03-31,1680.0,1810.0,1940.0
2004-04-01,1840.0,1940.0,2060.0
2004-04-02,1880.0,2090.0,2300.0
2004-04-03,1990.0,2200.0,2380.0
2004-04-04,2110.0,2210.0,2370.0
2004-04-05,2190.0,2270.0,2330.0
2004-04-06,2210.0,2310.0,2370.0
2004-04-07,2150.0,2210.0,2280.0
2004-04-08,2150.0,2220.0,2370.0
2004-04-09,1850.0,1950.0,2150.0
2004-04-10,1780.0,1870.0,2060.0
2004-04-11,1660.0,1800.0,2060.0
2004-04-12,1770.0,1920.0,2060.0
2004-04-13,1640.0,1680.0,1770.0
2004-04-14,1590.0,1650.0,1740.0
2004-04-15,1540.0,1600.0,1690.0
2004-04-16,1490.0,1540.0,1660.0
2004-04-17,1530.0,1600.0,1650.0
2004-04-18,1580.0,1650.0,1720.0
2004-04-19,1580.0,1700.0,1810.0
2004-04-20,1700.0,1760.0,1800.0
2004-04-21,1660.0,1740.0,1800.0
2004-04-22,1710.0,1780.0,1850.0
2004-04-23,1760.0,1850.0,1990.0
2004-04-24,1960.0,2060.0,2400.0
2004-04-25,2210.0,2330.0,2480.0
2004-04-26,1990.0,2140.0,2280.0
2004-04-27,1800.0,1890.0,2010.0
2004-04-28,1770.0,1830.0,1890.0
2004-04-29,1810.0,1870.0,2000.0
2004-04-30,1870.0,1980.0,2090.0
2004-05-01,1950.0,2050.0,2150.0
2004-05-02,2050.0,2100.0,2210.0
2004-05-03,2080.0,2170.0,2260.0
2004-05-04,2010.0,2100.0,2210.0
2004-05-05,1980.0,2060.0,2140.0
2004-05-06,1960.0,2010.0,2080.0
2004-05-07,1880.0,1990.0,2090.0
2004-05-08,1870.0,1960.0,2060.0
2004-05-09,1790.0,1880.0,2010.0
2004-05-10,1610.0,1690.0,1880.0
2004-05-11,1540.0,1640.0,1740.0
2004-05-12,1470.0,1570.0,1740.0
2004-05-13,1540.0,1620.0,1750.0
2004-05-14,1670.0,1920.0,2140.0
2004-05-15,1770.0,1890.0,2150.0
2004-05-16,1650.0,1950.0,2700.0
2004-05-17,2080.0,2570.0,3040.0
2004-05-18,1840.0,1990.0,2160.0
2004-05-19,1830.0,1900.0,2040.0
2004-05-20,1930.0,2010.0,2090.0
2004-05-21,1890.0,1990.0,2100.0
2004-05-22,2090.0,2260.0,2580.0
2004-05-23,2380.0,2610.0,2800.0
2004-05-24,2080.0,2170.0,2380.0
2004-05-25,1780.0,1910.0,2100.0
2004-05-26,1630.0,1730.0,1910.0
2004-05-27,1600.0,1690.0,1850.0
2004-05-28,1620.0,1810.0,2280.0
2004-05-29,1900.0,2210.0,2350.0
2004-05-30,1600.0,1770.0,1920.0
2004-05-31,1550.0,1630.0,1700.0
2004-06-01,1610.0,1720.0,1970.0
2004-06-02,1940.0,2030.0,2140.0
2004-06-03,2130.0,2490.0,2970.0
2004-06-04,2940.0,3830.0,4620.0
2004-06-05,3590.0,3920.0,4610.0
2004-06-06,3400.0,3780.0,4010.0
2004-06-07,3160.0,3310.0,3450.0
2004-06-08,2890.0,3070.0,3260.0
2004-06-09,2590.0,2780.0,2890.0
2004-06-10,2610.0,2700.0,2790.0
2004-06-11,2630.0,2790.0,3000.0
2004-06-12,2990.0,3100.0,3490.0
2004-06-13,3110.0,3330.0,3540.0
2004-06-14,2660.0,2910.0,3130.0
2004-06-15,2390.0,2540.0,2660.0
2004-06-16,2110.0,2230.0,2390.0
2004-06-17,2080.0,2210.0,2350.0
2004-06-18,2000.0,2120.0,2260.0
2004-06-19,2110.0,2170.0,2220.0
2004-06-20,2180.0,2540.0,3370.0
2004-06-21,2930.0,3320.0,3520.0
2004-06-22,2390.0,2620.0,2930.0
2004-06-23,2120.0,2280.0,2400.0
2004-06-24,2200.0,2450.0,2720.0
2004-06-25,2370.0,2520.0,2660.0
2004-06-26,2450.0,2610.0,2750.0
2004-06-27,2120.0,2240.0,2460.0
2004-06-28,2030.0,2120.0,2290.0
2004-06-29,2290.0,2600.0,2680.0
2004-06-30,2290.0,2440.0,2610.0
2004-07-01,2080.0,2220.0,2400.0
2004-07-02,1960.0,2130.0,2300.0
2004-07-03,2140.0,2220.0,2290.0
2004-07-04,1850.0,1970.0,2200.0
2004-07-05,1720.0,1780.0,1930.0
2004-07-06,1720.0,1800.0,1890.0
2004-07-07,1800.0,1890.0,2060.0
2004-07-08,1800.0,1880.0,2000.0
2004-07-09,1830.0,2100.0,2610.0
2004-07-10,2470.0,2600.0,2790.0
2004-07-11,2390.0,2510.0,2610.0
2004-07-12,2070.0,2180.0,2400.0
2004-07-13,1940.0,2030.0,2160.0
2004-07-14,1910.0,2040.0,2150.0
2004-07-15,1950.0,2070.0,2210.0
2004-07-16,2190.0,2370.0,2470.0
2004-07-17,1960.0,2110.0,2300.0
2004-07-18,1860.0,1970.0,2120.0
2004-07-19,1760.0,1820.0,1960.0
2004-07-20,1710.0,1810.0,1920.0
2004-07-21,1850.0,2060.0,2260.0
2004-07-22,1890.0,2030.0,2180.0
2004-07-23,1800.0,1890.0,2070.0
2004-07-24,1780.0,1880.0,2010.0
2004-07-25,1850.0,2130.0,2660.0
2004-07-26,2400.0,2620.0,2810.0
2004-07-27,2290.0,2400.0,2540.0
2004-07-28,2330.0,2410.0,2530.0
2004-07-29,1960.0,2110.0,2380.0
2004-07-30,1710.0,1830.0,2050.0
2004-07-31,1560.0,1690.0,1870.0
2004-08-01,1440.0,1540.0,1630.0
2004-08-02,1400.0,1460.0,1550.0
2004-08-03,1370.0,1470.0,1680.0
2004-08-04,1300.0,1430.0,1580.0
2004-08-05,1290.0,1430.0,1580.0
2004-08-06,1260.0,1330.0,1450.0
2004-08-07,1290.0,1330.0,1390.0
2004-08-08,1180.0,1240.0,1330.0
2004-08-09,1090.0,1190.0,1280.0
2004-08-10,1120.0,1200.0,1350.0
2004-08-11,1130.0,1210.0,1300.0
2004-08-12,1160.0,1200.0,1300.0
2004-08-13,1250.0,1310.0,1370.0
2004-08-14,1270.0,1320.0,1380.0
2004-08-15,1260.0,1430.0,1920.0
2004-08-16,1490.0,1730.0,1980.0
2004-08-17,1410.0,1480.0,1550.0
2004-08-18,1380.0,1470.0,1550.0
2004-08-19,1210.0,1310.0,1400.0
2004-08-20,1170.0,1240.0,1310.0
2004-08-21,1170.0,1280.0,1480.0
2004-08-22,1460.0,1590.0,1780.0
2004-08-23,1470.0,1620.0,1760.0
2004-08-24,1380.0,1480.0,1610.0
2004-08-25,1310.0,1440.0,1580.0
2004-08-26,1450.0,1590.0,1880.0
2004-08-27,1870.0,2580.0,2800.0
2004-08-28,1990.0,2310.0,2730.0
2004-08-29,1840.0,1930.0,2010.0
2004-08-30,1700.0,1800.0,1860.0
2004-08-31,1790.0,1860.0,1960.0
2004-09-01,1950.0,2040.0,2100.0
2004-09-02,1630.0,1800.0,2040.0
2004-09-03,1590.0,1630.0,1700.0
2004-09-04,1380.0,1500.0,1650.0
2004-09-05,1360.0,1460.0,1570.0
2004-09-06,1160.0,1250.0,1440.0
2004-09-07,1150.0,1260.0,1350.0
2004-09-08,1080.0,1190.0,1340.0
2004-09-09,1080.0,1180.0,1250.0
2004-09-10,1040.0,1100.0,1170.0
2004-09-11,991.0,1090.0,1130.0
2004-09-12,973.0,1020.0,1080.0
2004-09-13,964.0,1060.0,1170.0
2004-09-14,945.0,1050.0,1190.0
2004-09-15,1050.0,1130.0,1290.0
2004-09-16,1290.0,1430.0,1640.0
2004-09-17,1300.0,1410.0,1650.0
2004-09-18,1090.0,1200.0,1360.0
2004-09-19,1020.0,1090.0,1220.0
2004-09-20,945.0,1010.0,1120.0
2004-09-21,918.0,987.0,1080.0
2004-09-22,927.0,1000.0,1080.0
2004-09-23,945.0,1180.0,1640.0
2004-09-24,1640.0,2620.0,3110.0
2004-09-25,2280.0,2560.0,3010.0
2004-09-26,2280.0,2460.0,2660.0
2004-09-27,2040.0,2240.0,2630.0
2004-09-28,1930.0,2010.0,2090.0
2004-09-29,1780.0,1860.0,1980.0
2004-09-30,1690.0,1790.0,1960.0
2004-10-01,1800.0,1880.0,1970.0
2004-10-02,1740.0,1820.0,1940.0
2004-10-03,1630.0,1760.0,1890.0
2004-10-04,1390.0,1500.0,1680.0
2004-10-05,1330.0,1400.0,1500.0
2004-10-06,1280.0,1330.0,1390.0
2004-10-07,1080.0,1300.0,1410.0
2004-10-08,1220.0,1260.0,1340.0
2004-10-09,1160.0,1320.0,1540.0
2004-10-10,1520.0,1620.0,1690.0
2004-10-11,1410.0,1550.0,1650.0
2004-10-12,1420.0,1570.0,1640.0
2004-10-13,1480.0,1520.0,1600.0
2004-10-14,1320.0,1420.0,1520.0
2004-10-15,1220.0,1320.0,1390.0
2004-10-16,1170.0,1250.0,1310.0
2004-10-17,1200.0,1270.0,1330.0
2004-10-18,1180.0,1230.0,1290.0
2004-10-19,1200.0,1240.0,1310.0
2004-10-20,1160.0,1240.0,1320.0
2004-10-21,1140.0,1230.0,1320.0
2004-10-22,1120.0,1200.0,1260.0
2004-10-23,1130.0,1190.0,1270.0
2004-10-24,1080.0,1170.0,1250.0
2004-10-25,945.0,1040.0,1090.0
2004-10-26,954.0,1030.0,1140.0
2004-10-27,991.0,1050.0,1110.0
2004-10-28,1080.0,1150.0,1230.0
2004-10-29,1090.0,1160.0,1260.0
2004-10-30,1100.0,1160.0,1200.0
2004-10-31,1040.0,1100.0,1160.0
2004-11-01,1090.0,1260.0,1350.0
2004-11-02,1080.0,1200.0,1360.0
2004-11-03,1170.0,1250.0,1340.0
2004-11-04,1120.0,1220.0,1320.0
2004-11-05,1070.0,1150.0,1300.0
2004-11-06,1040.0,1110.0,1190.0
2004-11-07,1010.0,1070.0,1160.0
2004-11-08,1000.0,1070.0,1160.0
2004-11-09,1090.0,1150.0,1260.0
2004-11-10,1190.0,1260.0,1310.0
2004-11-11,1150.0,1240.0,1340.0
2004-11-12,1180.0,1250.0,1330.0
2004-11-13,1210.0,1280.0,1320.0
2004-11-14,1200.0,1260.0,1300.0
2004-11-15,1080.0,1160.0,1240.0
2004-11-16,1060.0,1160.0,1250.0
2004-11-17,1090.0,1150.0,1230.0
2004-11-18,1070.0,1150.0,1240.0
2004-11-19,1060.0,1160.0,1350.0
2004-11-20,1110.0,1210.0,1330.0
2004-11-21,1110.0,1200.0,1320.0
2004-11-22,1070.0,1150.0,1300.0
2004-11-23,1260.0,1600.0,2170.0
2004-11-24,2120.0,2290.0,2400.0
2004-11-25,1790.0,1900.0,2120.0
2004-11-26,1620.0,1700.0,1820.0
2004-11-27,1430.0,1540.0,1710.0
2004-11-28,1330.0,1410.0,1510.0
2004-11-29,1220.0,1310.0,1450.0
2004-11-30,1190.0,1300.0,1430.0
2004-12-01,1240.0,1320.0,1410.0
2004-12-02,1140.0,1260.0,1350.0
2004-12-03,1170.0,1210.0,1300.0
2004-12-04,1010.0,1120.0,1220.0
2004-12-05,991.0,1060.0,1160.0
2004-12-06,1010.0,1040.0,1070.0
2004-12-07,954.0,1040.0,1150.0
2004-12-08,964.0,1070.0,1180.0
2004-12-09,973.0,1070.0,1190.0
2004-12-10,982.0,1030.0,1100.0
2004-12-11,1040.0,1090.0,1150.0
2004-12-12,873.0,980.0,1080.0
2004-12-13,812.0,894.0,994.0
2004-12-14,910.0,980.0,1070.0
2004-12-15,958.0,1020.0,1090.0
2004-12-16,898.0,978.0,1030.0
2004-12-17,898.0,970.0,1040.0
2004-12-18,761.0,908.0,1020.0
2004-12-19,774.0,928.0,1100.0
2004-12-20,774.0,862.0,1010.0
2004-12-21,761.0,903.0,1030.0
2004-12-22,812.0,864.0,958.0
2004-12-23,812.0,886.0,970.0
2004-12-24,761.0,892.0,1040.0
2004-12-25,946.0,1010.0,1100.0
2004-12-26,922.0,981.0,1120.0
2004-12-27,1070.0,1110.0,1180.0
2004-12-28,1020.0,1110.0,1250.0
2004-12-29,1010.0,1130.0,1270.0
2004-12-30,970.0,1030.0,1100.0
2004-12-31,946.0,1000.0,1050.0
2005-01-01,873.0,937.0,1010.0
2005-01-02,873.0,942.0,994.0
2005-01-03,970.0,1150.0,1260.0
2005-01-04,1240.0,1280.0,1330.0
2005-01-05,1270.0,1350.0,1390.0
2005-01-06,1200.0,1270.0,1390.0
2005-01-07,1390.0,1610.0,1710.0
2005-01-08,1300.0,1430.0,1600.0
2005-01-09,1340.0,1450.0,1530.0
2005-01-10,1260.0,1360.0,1480.0
2005-01-11,1260.0,1330.0,1470.0
2005-01-12,1200.0,1260.0,1340.0
2005-01-13,1150.0,1230.0,1330.0
2005-01-14,1170.0,1220.0,1300.0
2005-01-15,1090.0,1140.0,1210.0
2005-01-16,1120.0,1180.0,1250.0
2005-01-17,958.0,1040.0,1120.0
2005-01-18,886.0,1020.0,1160.0
2005-01-19,946.0,1060.0,1120.0
2005-01-20,933.0,1010.0,1100.0
2005-01-21,1000.0,1660.0,2570.0
2005-01-22,1920.0,2190.0,2570.0
2005-01-23,1780.0,1890.0,1990.0
2005-01-24,1620.0,1740.0,1950.0
2005-01-25,1480.0,1560.0,1650.0
2005-01-26,1310.0,1430.0,1580.0
2005-01-27,1290.0,1350.0,1430.0
2005-01-28,1150.0,1250.0,1360.0
2005-01-29,1120.0,1200.0,1360.0
2005-01-30,1020.0,1090.0,1140.0
2005-01-31,936.0,1010.0,1120.0
2005-02-01,982.0,1070.0,1150.0
2005-02-02,1040.0,1100.0,1160.0
2005-02-03,1120.0,1170.0,1290.0
2005-02-04,1090.0,1200.0,1310.0
2005-02-05,1080.0,1150.0,1230.0
2005-02-06,982.0,1020.0,1120.0
2005-02-07,936.0,983.0,1030.0
2005-02-08,945.0,999.0,1060.0
2005-02-09,909.0,997.0,1090.0
2005-02-10,909.0,946.0,1030.0
2005-02-11,954.0,1030.0,1240.0
2005-02-12,1240.0,1910.0,3060.0
2005-02-13,3060.0,4680.0,5320.0
2005-02-14,3340.0,3750.0,4650.0
2005-02-15,3150.0,3290.0,3380.0
2005-02-16,2660.0,2980.0,3290.0
2005-02-17,2200.0,2440.0,2670.0
2005-02-18,1830.0,2020.0,2270.0
2005-02-19,1640.0,1810.0,2000.0
2005-02-20,1520.0,1600.0,1740.0
2005-02-21,1410.0,1490.0,1590.0
2005-02-22,1400.0,1510.0,1580.0
2005-02-23,1370.0,1460.0,1600.0
2005-02-24,1360.0,1410.0,1450.0
2005-02-25,1290.0,1350.0,1440.0
2005-02-26,1180.0,1250.0,1320.0
2005-02-27,1080.0,1200.0,1370.0
2005-02-28,1030.0,1110.0,1170.0
2005-03-01,1020.0,1090.0,1240.0
2005-03-02,1030.0,1110.0,1220.0
2005-03-03,1010.0,1080.0,1180.0
2005-03-04,1070.0,1120.0,1210.0
2005-03-05,964.0,1040.0,1140.0
2005-03-06,927.0,987.0,1060.0
2005-03-07,927.0,965.0,1010.0
2005-03-08,909.0,950.0,1000.0
2005-03-09,945.0,1010.0,1090.0
2005-03-10,945.0,1040.0,1110.0
2005-03-11,954.0,1000.0,1040.0
2005-03-12,954.0,1020.0,1070.0
2005-03-13,936.0,982.0,1040.0
2005-03-14,927.0,993.0,1090.0
2005-03-15,1000.0,1060.0,1090.0
2005-03-16,1060.0,1200.0,1420.0
2005-03-17,1210.0,1430.0,1630.0
2005-03-18,1630.0,2770.0,3790.0
2005-03-19,3790.0,4680.0,5770.0
2005-03-20,4860.0,6070.0,6440.0
2005-03-21,3870.0,4340.0,4860.0
2005-03-22,3450.0,3650.0,3920.0
2005-03-23,3230.0,3300.0,3520.0
2005-03-24,3160.0,3270.0,3500.0
2005-03-25,3280.0,3400.0,3520.0
2005-03-26,3290.0,3460.0,3580.0
2005-03-27,3350.0,3430.0,3530.0
2005-03-28,3280.0,3340.0,3400.0
2005-03-29,3220.0,3290.0,3330.0
2005-03-30,3210.0,3400.0,3540.0
2005-03-31,3270.0,3340.0,3430.0
2005-04-01,3150.0,3270.0,3340.0
2005-04-02,2930.0,3050.0,3280.0
2005-04-03,2570.0,2740.0,2990.0
2005-04-04,2380.0,2470.0,2580.0
2005-04-05,2260.0,2420.0,2520.0
2005-04-06,2240.0,2320.0,2470.0
2005-04-07,2260.0,2310.0,2370.0
2005-04-08,2250.0,2320.0,2380.0
2005-04-09,2310.0,2430.0,2580.0
2005-04-10,2310.0,2490.0,2580.0
2005-04-11,2120.0,2210.0,2310.0
2005-04-12,2010.0,2110.0,2260.0
2005-04-13,1940.0,2020.0,2110.0
2005-04-14,1820.0,1920.0,2090.0
2005-04-15,1820.0,1930.0,2000.0
2005-04-16,1940.0,2060.0,2160.0
2005-04-17,1950.0,2050.0,2160.0
2005-04-18,1970.0,2050.0,2190.0
2005-04-19,2140.0,2250.0,2380.0
2005-04-20,2380.0,3020.0,3530.0
2005-04-21,3380.0,3530.0,3640.0
2005-04-22,3010.0,3170.0,3400.0
2005-04-23,2570.0,2790.0,3070.0
2005-04-24,2250.0,2370.0,2630.0
2005-04-25,2120.0,2220.0,2360.0
2005-04-26,2350.0,3160.0,4490.0
2005-04-27,3270.0,3730.0,4400.0
2005-04-28,3090.0,3190.0,3280.0
2005-04-29,2790.0,3020.0,3270.0
2005-04-30,2530.0,2740.0,2870.0
2005-05-01,2580.0,2670.0,2780.0
2005-05-02,2620.0,2690.0,2830.0
2005-05-03,2800.0,2870.0,2980.0
2005-05-04,2980.0,3100.0,3330.0
2005-05-05,2970.0,3170.0,3390.0
2005-05-06,2940.0,3040.0,3150.0
2005-05-07,2660.0,2860.0,3090.0
2005-05-08,2910.0,3090.0,3330.0
2005-05-09,2860.0,3120.0,3380.0
2005-05-10,2660.0,3010.0,3170.0
2005-05-11,2490.0,2560.0,2690.0
2005-05-12,2310.0,2420.0,2570.0
2005-05-13,2140.0,2250.0,2350.0
2005-05-14,2050.0,2110.0,2210.0
2005-05-15,2020.0,2140.0,2300.0
2005-05-16,2040.0,2200.0,2340.0
2005-05-17,2040.0,2120.0,2280.0
2005-05-18,2250.0,2350.0,2780.0
2005-05-19,2750.0,3880.0,4580.0
2005-05-20,2790.0,3080.0,3530.0
2005-05-21,2530.0,2600.0,2820.0
2005-05-22,2380.0,2490.0,2590.0
2005-05-23,2440.0,2570.0,2970.0
2005-05-24,2800.0,2960.0,3090.0
2005-05-25,2600.0,2750.0,2880.0
2005-05-26,2440.0,2570.0,2720.0
2005-05-27,2310.0,2410.0,2530.0
2005-05-28,2390.0,2490.0,2580.0
2005-05-29,2440.0,2520.0,2600.0
2005-05-30,2530.0,2580.0,2620.0
2005-05-31,2610.0,3270.0,3500.0
2005-06-01,2620.0,3070.0,3380.0
2005-06-02,2420.0,2540.0,2630.0
2005-06-03,2110.0,2240.0,2430.0
2005-06-04,2000.0,2110.0,2260.0
2005-06-05,2110.0,2230.0,2340.0
2005-06-06,2060.0,2170.0,2310.0
2005-06-07,1950.0,2050.0,2150.0
2005-06-08,2060.0,2220.0,2380.0
2005-06-09,1930.0,2020.0,2160.0
2005-06-10,1890.0,1960.0,2070.0
2005-06-11,1520.0,1710.0,2070.0
2005-06-12,1450.0,1570.0,1670.0
2005-06-13,1400.0,1540.0,1670.0
2005-06-14,1580.0,1650.0,1780.0
2005-06-15,1660.0,1740.0,1840.0
2005-06-16,1700.0,1890.0,2300.0
2005-06-17,2140.0,2270.0,2390.0
2005-06-18,1700.0,1910.0,2180.0
2005-06-19,1790.0,1850.0,1930.0
2005-06-20,1650.0,1730.0,1880.0
2005-06-21,1680.0,1770.0,1930.0
2005-06-22,1660.0,1740.0,1850.0
2005-06-23,1630.0,1720.0,1850.0
2005-06-24,1640.0,1730.0,1820.0
2005-06-25,1600.0,1650.0,1740.0
2005-06-26,1610.0,1790.0,2120.0
2005-06-27,1660.0,1820.0,2120.0
2005-06-28,1590.0,1670.0,1760.0
2005-06-29,1570.0,1640.0,1740.0
2005-06-30,1520.0,1660.0,1820.0
2005-07-01,1580.0,1670.0,1830.0
2005-07-02,1720.0,2070.0,2830.0
2005-07-03,2160.0,2500.0,2860.0
2005-07-04,1770.0,1920.0,2160.0
2005-07-05,1760.0,1910.0,2380.0
2005-07-06,2380.0,2840.0,3010.0
2005-07-07,2220.0,2410.0,2760.0
2005-07-08,2250.0,2780.0,3630.0
2005-07-09,2670.0,3190.0,3770.0
2005-07-10,2590.0,3150.0,3870.0
2005-07-11,3870.0,4670.0,5770.0
2005-07-12,5770.0,6520.0,6740.0
2005-07-13,5930.0,6390.0,6670.0
2005-07-14,3950.0,4810.0,5930.0
2005-07-15,3130.0,3550.0,3950.0
2005-07-16,2890.0,3000.0,3150.0
2005-07-17,2670.0,2900.0,3000.0
2005-07-18,2240.0,2520.0,2780.0
2005-07-19,2450.0,2570.0,2800.0
2005-07-20,2370.0,2590.0,2920.0
2005-07-21,2150.0,2290.0,2460.0
2005-07-22,1990.0,2130.0,2220.0
2005-07-23,1790.0,1880.0,2000.0
2005-07-24,1750.0,1820.0,1890.0
2005-07-25,1570.0,1650.0,1750.0
2005-07-26,1570.0,1720.0,1920.0
2005-07-27,1750.0,1850.0,1970.0
2005-07-28,1770.0,1850.0,1990.0
2005-07-29,1620.0,1700.0,1840.0
2005-07-30,1640.0,1680.0,1740.0
2005-07-31,1560.0,1660.0,1740.0
2005-08-01,1500.0,1590.0,1690.0
2005-08-02,1410.0,1510.0,1620.0
2005-08-03,1440.0,1550.0,1650.0
2005-08-04,1590.0,1680.0,1880.0
2005-08-05,1710.0,1790.0,1880.0
2005-08-06,1480.0,1570.0,1740.0
2005-08-07,1530.0,1590.0,1680.0
2005-08-08,1550.0,1670.0,1840.0
2005-08-09,1840.0,1920.0,1970.0
2005-08-10,1630.0,1760.0,1920.0
2005-08-11,1510.0,1630.0,1800.0
2005-08-12,1430.0,1480.0,1680.0
2005-08-13,1370.0,1430.0,1480.0
2005-08-14,1210.0,1310.0,1390.0
2005-08-15,1330.0,1500.0,1790.0
2005-08-16,1790.0,2990.0,5080.0
2005-08-17,4790.0,5410.0,5660.0
2005-08-18,3210.0,3730.0,4790.0
2005-08-19,2480.0,2780.0,3220.0
2005-08-20,2110.0,2340.0,2530.0
2005-08-21,2130.0,2450.0,2700.0
2005-08-22,2690.0,2840.0,2970.0
2005-08-23,2800.0,3550.0,4480.0
2005-08-24,4480.0,5430.0,6200.0
2005-08-25,5410.0,6120.0,6440.0
2005-08-26,5270.0,5360.0,5530.0
2005-08-27,4890.0,5120.0,5360.0
2005-08-28,3920.0,4340.0,4890.0
2005-08-29,2930.0,3220.0,3920.0
2005-08-30,2550.0,2880.0,3200.0
2005-08-31,2430.0,2510.0,2580.0
2005-09-01,2180.0,2310.0,2450.0
2005-09-02,1890.0,2040.0,2190.0
2005-09-03,2000.0,2170.0,2310.0
2005-09-04,1850.0,2000.0,2270.0
2005-09-05,1670.0,1760.0,1860.0
2005-09-06,1650.0,1720.0,1780.0
2005-09-07,1580.0,1630.0,1720.0
2005-09-08,1510.0,1560.0,1630.0
2005-09-09,1450.0,1550.0,1620.0
2005-09-10,1330.0,1450.0,1540.0
2005-09-11,1310.0,1410.0,1490.0
2005-09-12,1440.0,1510.0,1580.0
2005-09-13,1570.0,1620.0,1690.0
2005-09-14,1510.0,1600.0,1710.0
2005-09-15,1490.0,1560.0,1610.0
2005-09-16,1330.0,1470.0,1610.0
2005-09-17,1430.0,1510.0,1740.0
2005-09-18,1740.0,2270.0,2470.0
2005-09-19,1710.0,1940.0,2350.0
2005-09-20,1650.0,1680.0,1710.0
2005-09-21,1530.0,1570.0,1660.0
2005-09-22,1440.0,1520.0,1560.0
2005-09-23,1340.0,1410.0,1530.0
2005-09-24,1230.0,1330.0,1440.0
2005-09-25,1180.0,1240.0,1370.0
2005-09-26,1140.0,1200.0,1260.0
2005-09-27,1170.0,1280.0,1340.0
2005-09-28,1340.0,1480.0,1550.0
2005-09-29,1380.0,1440.0,1560.0
2005-09-30,1560.0,1760.0,1860.0
2005-10-01,1530.0,1740.0,1870.0
2005-10-02,1460.0,1530.0,1630.0
2005-10-03,1630.0,1980.0,2260.0
2005-10-04,2100.0,2190.0,2290.0
2005-10-05,2210.0,2290.0,2350.0
2005-10-06,2080.0,2220.0,2350.0
2005-10-07,1810.0,1930.0,2110.0
2005-10-08,1640.0,1750.0,1860.0
2005-10-09,1460.0,1550.0,1690.0
2005-10-10,1340.0,1410.0,1500.0
2005-10-11,1330.0,1360.0,1410.0
2005-10-12,1300.0,1350.0,1390.0
2005-10-13,1180.0,1250.0,1330.0
2005-10-14,1190.0,1310.0,1390.0
2005-10-15,1110.0,1200.0,1300.0
2005-10-16,1160.0,1210.0,1250.0
2005-10-17,1160.0,1210.0,1250.0
2005-10-18,1150.0,1190.0,1250.0
2005-10-19,1150.0,1230.0,1300.0
2005-10-20,1110.0,1180.0,1260.0
2005-10-21,1080.0,1180.0,1260.0
2005-10-22,1090.0,1160.0,1220.0
2005-10-23,983.0,1150.0,1290.0
2005-10-24,958.0,1050.0,1110.0
2005-10-25,1010.0,1060.0,1120.0
2005-10-26,917.0,1070.0,1210.0
2005-10-27,924.0,1070.0,1280.0
2005-10-28,924.0,1050.0,1110.0
2005-10-29,941.0,1030.0,1080.0
2005-10-30,873.0,930.0,983.0
2005-10-31,865.0,898.0,941.0
2005-11-01,873.0,906.0,949.0
2005-11-02,916.0,936.0,957.0
2005-11-03,924.0,958.0,1060.0
2005-11-04,941.0,994.0,1060.0
2005-11-05,813.0,926.0,1060.0
2005-11-06,716.0,935.0,1030.0
2005-11-07,716.0,883.0,983.0
2005-11-08,822.0,960.0,1110.0
2005-11-09,813.0,968.0,1050.0
2005-11-10,830.0,914.0,1040.0
2005-11-11,865.0,892.0,975.0
2005-11-12,822.0,842.0,873.0
2005-11-13,760.0,769.0,822.0
2005-11-14,769.0,821.0,865.0
2005-11-15,769.0,810.0,865.0
2005-11-16,787.0,898.0,983.0
2005-11-17,787.0,899.0,999.0
2005-11-18,847.0,948.0,1070.0
2005-11-19,882.0,929.0,966.0
2005-11-20,822.0,930.0,1040.0
2005-11-21,751.0,790.0,822.0
2005-11-22,760.0,956.0,1010.0
2005-11-23,958.0,1020.0,1100.0
2005-11-24,966.0,1000.0,1020.0
2005-11-25,974.0,1010.0,1030.0
2005-11-26,874.0,941.0,999.0
2005-11-27,874.0,936.0,983.0
2005-11-28,813.0,866.0,898.0
2005-11-29,787.0,818.0,907.0
2005-11-30,907.0,1030.0,1150.0
2005-12-01,899.0,968.0,1020.0
2005-12-02,751.0,789.0,899.0
2005-12-03,778.0,862.0,916.0
2005-12-04,770.0,835.0,890.0
2005-12-05,725.0,756.0,804.0
2005-12-06,795.0,1030.0,1160.0
2005-12-07,1120.0,1160.0,1220.0
2005-12-08,1170.0,1240.0,1320.0
2005-12-09,1090.0,1240.0,1390.0
2005-12-10,1020.0,1120.0,1230.0
2005-12-11,983.0,997.0,1020.0
2005-12-12,830.0,900.0,1020.0
2005-12-13,839.0,915.0,1070.0
2005-12-14,873.0,1020.0,1190.0
2005-12-15,873.0,911.0,941.0
2005-12-16,848.0,909.0,974.0
2005-12-17,890.0,1330.0,1490.0
2005-12-18,1070.0,1250.0,1370.0
2005-12-19,1070.0,1160.0,1260.0
2005-12-20,1110.0,1200.0,1260.0
2005-12-21,1090.0,1140.0,1220.0
2005-12-22,1070.0,1100.0,1150.0
2005-12-23,890.0,999.0,1140.0
2005-12-24,865.0,938.0,1070.0
2005-12-25,1020.0,1090.0,1190.0
2005-12-26,1070.0,1140.0,1200.0
2005-12-27,1090.0,1150.0,1240.0
2005-12-28,1110.0,1180.0,1240.0
2005-12-29,1030.0,1080.0,1140.0
2005-12-30,933.0,1010.0,1040.0
2005-12-31,839.0,884.0,933.0
2006-01-01,808.0,857.0,888.0
2006-01-02,872.0,933.0,1140.0
2006-01-03,1140.0,1250.0,1310.0
2006-01-04,1150.0,1260.0,1340.0
2006-01-05,1050.0,1130.0,1170.0
2006-01-06,876.0,1060.0,1170.0
2006-01-07,956.0,994.0,1020.0
2006-01-08,921.0,991.0,1030.0
2006-01-09,794.0,868.0,930.0
2006-01-10,812.0,928.0,1030.0
2006-01-11,885.0,980.0,1070.0
2006-01-12,785.0,897.0,930.0
2006-01-13,678.0,731.0,803.0
2006-01-14,784.0,810.0,840.0
2006-01-15,648.0,735.0,822.0
2006-01-16,596.0,644.0,688.0
2006-01-17,498.0,557.0,606.0
2006-01-18,564.0,771.0,885.0
2006-01-19,688.0,767.0,903.0
2006-01-20,903.0,1000.0,1060.0
2006-01-21,965.0,988.0,1010.0
2006-01-22,885.0,931.0,1020.0
2006-01-23,794.0,908.0,982.0
2006-01-24,784.0,845.0,956.0
2006-01-25,876.0,969.0,1010.0
2006-01-26,784.0,845.0,903.0
2006-01-27,867.0,955.0,1030.0
2006-01-28,789.0,869.0,981.0
2006-01-29,760.0,850.0,928.0
2006-01-30,731.0,810.0,901.0
2006-01-31,731.0,826.0,873.0
2006-02-01,701.0,853.0,954.0
2006-02-02,701.0,783.0,846.0
2006-02-03,760.0,871.0,928.0
2006-02-04,731.0,860.0,928.0
2006-02-05,701.0,819.0,928.0
2006-02-06,701.0,781.0,789.0
2006-02-07,731.0,834.0,981.0
2006-02-08,701.0,852.0,1010.0
2006-02-09,760.0,869.0,928.0
2006-02-10,817.0,912.0,1010.0
2006-02-11,817.0,850.0,901.0
2006-02-12,812.0,835.0,851.0
2006-02-13,716.0,762.0,851.0
2006-02-14,644.0,700.0,730.0
2006-02-15,688.0,763.0,851.0
2006-02-16,730.0,785.0,877.0
2006-02-17,730.0,1230.0,1930.0
2006-02-18,1930.0,2210.0,2380.0
2006-02-19,2060.0,2160.0,2240.0
2006-02-20,1970.0,2020.0,2080.0
2006-02-21,1860.0,1940.0,2020.0
2006-02-22,1970.0,2030.0,2080.0
2006-02-23,1690.0,1840.0,1970.0
2006-02-24,1610.0,1680.0,1710.0
2006-02-25,1380.0,1470.0,1610.0
2006-02-26,1190.0,1270.0,1390.0
2006-02-27,1060.0,1180.0,1250.0
2006-02-28,1080.0,1170.0,1210.0
2006-03-01,1040.0,1110.0,1190.0
2006-03-02,953.0,1070.0,1210.0
2006-03-03,966.0,1020.0,1090.0
2006-03-04,1000.0,1110.0,1180.0
2006-03-05,1030.0,1110.0,1190.0
2006-03-06,1060.0,1190.0,1290.0
2006-03-07,1020.0,1150.0,1270.0
2006-03-08,1030.0,1100.0,1160.0
2006-03-09,1030.0,1160.0,1330.0
2006-03-10,1330.0,2290.0,2950.0
2006-03-11,2950.0,3240.0,3350.0
2006-03-12,3250.0,3310.0,3380.0
2006-03-13,2750.0,3030.0,3260.0
2006-03-14,2180.0,2450.0,2750.0
2006-03-15,1870.0,2020.0,2180.0
2006-03-16,1730.0,1810.0,1920.0
2006-03-17,1500.0,1630.0,1730.0
2006-03-18,1420.0,1500.0,1540.0
2006-03-19,1320.0,1380.0,1430.0
2006-03-20,1290.0,1330.0,1390.0
2006-03-21,1330.0,1480.0,1680.0
2006-03-22,1580.0,1700.0,1930.0
2006-03-23,1930.0,2120.0,2290.0
2006-03-24,2170.0,2250.0,2400.0
2006-03-25,2200.0,2250.0,2290.0
2006-03-26,2270.0,3160.0,4620.0
2006-03-27,4620.0,5470.0,5750.0
2006-03-28,5460.0,5990.0,6250.0
2006-03-29,6210.0,6600.0,7040.0
2006-03-30,6570.0,6880.0,7150.0
2006-03-31,6170.0,6330.0,6570.0
2006-04-01,6390.0,6650.0,6830.0
2006-04-02,5770.0,6080.0,6390.0
2006-04-03,5750.0,5940.0,6090.0
2006-04-04,5090.0,5410.0,5790.0
2006-04-05,4400.0,4670.0,5090.0
2006-04-06,4020.0,4190.0,4410.0
2006-04-07,3460.0,3740.0,4050.0
2006-04-08,3180.0,3320.0,3560.0
2006-04-09,2970.0,3080.0,3200.0
2006-04-10,2910.0,2970.0,3080.0
2006-04-11,3020.0,3320.0,3680.0
2006-04-12,3340.0,3460.0,3600.0
2006-04-13,3170.0,3310.0,3410.0
2006-04-14,3020.0,3130.0,3330.0
2006-04-15,3200.0,3300.0,3420.0
2006-04-16,3250.0,3400.0,3610.0
2006-04-17,3540.0,3750.0,3970.0
2006-04-18,3580.0,3690.0,3840.0
2006-04-19,3450.0,3630.0,3750.0
2006-04-20,3300.0,3410.0,3540.0
2006-04-21,3110.0,3240.0,3420.0
2006-04-22,3130.0,3170.0,3260.0
2006-04-23,3120.0,3190.0,3280.0
2006-04-24,3090.0,3210.0,3370.0
2006-04-25,3160.0,3280.0,3390.0
2006-04-26,3240.0,3320.0,3380.0
2006-04-27,3340.0,3620.0,3880.0
2006-04-28,3780.0,3920.0,4110.0
2006-04-29,4000.0,4700.0,5180.0
2006-04-30,4400.0,4590.0,4900.0
2006-05-01,3740.0,4130.0,4480.0
2006-05-02,3280.0,3450.0,3750.0
2006-05-03,3020.0,3110.0,3290.0
2006-05-04,2850.0,2960.0,3090.0
2006-05-05,2920.0,2980.0,3070.0
2006-05-06,2820.0,2920.0,3080.0
2006-05-07,2620.0,2780.0,2960.0
2006-05-08,2490.0,2560.0,2650.0
2006-05-09,2490.0,2570.0,2640.0
2006-05-10,2470.0,2550.0,2660.0
2006-05-11,2370.0,2470.0,2590.0
2006-05-12,2320.0,2400.0,2550.0
2006-05-13,2270.0,2350.0,2430.0
2006-05-14,2260.0,2380.0,2510.0
2006-05-15,2470.0,2550.0,2630.0
2006-05-16,2410.0,2470.0,2540.0
2006-05-17,2510.0,2680.0,2950.0
2006-05-18,2950.0,3060.0,3110.0
2006-05-19,3060.0,3440.0,4350.0
2006-05-20,3520.0,3850.0,4300.0
2006-05-21,3380.0,3670.0,4050.0
2006-05-22,2870.0,3090.0,3380.0
2006-05-23,2740.0,2840.0,2950.0
2006-05-24,2630.0,2790.0,3010.0
2006-05-25,2430.0,2560.0,2710.0
2006-05-26,2300.0,2360.0,2470.0
2006-05-27,2370.0,2900.0,3970.0
2006-05-28,3650.0,3890.0,4180.0
2006-05-29,4180.0,4590.0,4820.0
2006-05-30,4230.0,4430.0,4700.0
2006-05-31,4210.0,4380.0,4480.0
2006-06-01,4050.0,4240.0,4480.0
2006-06-02,3870.0,4130.0,4480.0
2006-06-03,3960.0,5190.0,6350.0
2006-06-04,4770.0,5760.0,6530.0
2006-06-05,4180.0,4800.0,5180.0
2006-06-06,3420.0,3740.0,4180.0
2006-06-07,3170.0,3260.0,3420.0
2006-06-08,2880.0,3040.0,3200.0
2006-06-09,2630.0,2740.0,2910.0
2006-06-10,2490.0,2580.0,2720.0
2006-06-11,2480.0,2550.0,2650.0
2006-06-12,2320.0,2390.0,2500.0
2006-06-13,2350.0,2410.0,2500.0
2006-06-14,2470.0,2530.0,2620.0
2006-06-15,2460.0,2530.0,2610.0
2006-06-16,2380.0,2490.0,2600.0
2006-06-17,2400.0,2550.0,2630.0
2006-06-18,2520.0,2600.0,2680.0
2006-06-19,2510.0,2600.0,2660.0
2006-06-20,2590.0,2720.0,2980.0
2006-06-21,2670.0,2830.0,3010.0
2006-06-22,2540.0,2710.0,2840.0
2006-06-23,2760.0,3140.0,3650.0
2006-06-24,2760.0,2980.0,3340.0
2006-06-25,2410.0,2550.0,2770.0
2006-06-26,2340.0,2460.0,2610.0
2006-06-27,2390.0,2480.0,2560.0
2006-06-28,2480.0,2600.0,2760.0
2006-06-29,2520.0,2770.0,3280.0
2006-06-30,3280.0,3480.0,3650.0
2006-07-01,2680.0,3050.0,3500.0
2006-07-02,2360.0,2600.0,2740.0
2006-07-03,2110.0,2260.0,2450.0
2006-07-04,2030.0,2110.0,2190.0
2006-07-05,2020.0,2080.0,2150.0
2006-07-06,1880.0,1970.0,2050.0
2006-07-07,1950.0,2100.0,2320.0
2006-07-08,2110.0,2230.0,2350.0
2006-07-09,2020.0,2090.0,2300.0
2006-07-10,2080.0,2160.0,2250.0
2006-07-11,1960.0,2060.0,2160.0
2006-07-12,1890.0,1950.0,2020.0
2006-07-13,1910.0,1960.0,2020.0
2006-07-14,1820.0,1900.0,2020.0
2006-07-15,1730.0,1820.0,1880.0
2006-07-16,1590.0,1650.0,1740.0
2006-07-17,1480.0,1540.0,1640.0
2006-07-18,1410.0,1510.0,1580.0
2006-07-19,1430.0,1490.0,1550.0
2006-07-20,1350.0,1470.0,1570.0
2006-07-21,1280.0,1370.0,1490.0
2006-07-22,1290.0,1360.0,1440.0
2006-07-23,1280.0,1380.0,1500.0
2006-07-24,1110.0,1270.0,1370.0
2006-07-25,1250.0,1340.0,1430.0
2006-07-26,1240.0,1320.0,1410.0
2006-07-27,1200.0,1280.0,1380.0
2006-07-28,1250.0,1310.0,1370.0
2006-07-29,1250.0,1340.0,1430.0
2006-07-30,1390.0,1500.0,1640.0
2006-07-31,1340.0,1420.0,1510.0
2006-08-01,1300.0,1370.0,1470.0
2006-08-02,1390.0,1490.0,1580.0
2006-08-03,1480.0,1570.0,1680.0
2006-08-04,1680.0,2180.0,2620.0
2006-08-05,2320.0,2450.0,2640.0
2006-08-06,2300.0,2500.0,3030.0
2006-08-07,3030.0,4910.0,7190.0
2006-08-08,6070.0,7100.0,7560.0
2006-08-09,3960.0,4800.0,6070.0
2006-08-10,3130.0,3460.0,3960.0
2006-08-11,2820.0,2980.0,3170.0
2006-08-12,2480.0,2590.0,2820.0
2006-08-13,2400.0,2540.0,2650.0
2006-08-14,2180.0,2270.0,2410.0
2006-08-15,2160.0,2220.0,2310.0
2006-08-16,1870.0,2060.0,2230.0
2006-08-17,1830.0,1890.0,1930.0
2006-08-18,1670.0,1810.0,1980.0
2006-08-19,1660.0,1710.0,1790.0
2006-08-20,1560.0,1630.0,1770.0
2006-08-21,1530.0,1620.0,1710.0
2006-08-22,1520.0,1660.0,1770.0
2006-08-23,1550.0,1690.0,1810.0
2006-08-24,1520.0,1630.0,1740.0
2006-08-25,1620.0,1750.0,2000.0
2006-08-26,1700.0,1880.0,2020.0
2006-08-27,1440.0,1570.0,1740.0
2006-08-28,1460.0,1530.0,1580.0
2006-08-29,1580.0,1700.0,1920.0
2006-08-30,1920.0,2050.0,2140.0
2006-08-31,2110.0,2470.0,2680.0
2006-09-01,2520.0,2580.0,2660.0
2006-09-02,2050.0,2210.0,2560.0
2006-09-03,1820.0,1950.0,2120.0
2006-09-04,1720.0,1780.0,1850.0
2006-09-05,1640.0,1710.0,1780.0
2006-09-06,1630.0,1730.0,1780.0
2006-09-07,1520.0,1590.0,1670.0
2006-09-08,1510.0,1680.0,1910.0
2006-09-09,1640.0,1860.0,2020.0
2006-09-10,1470.0,1560.0,1660.0
2006-09-11,1300.0,1430.0,1560.0
2006-09-12,1250.0,1330.0,1430.0
2006-09-13,1280.0,1340.0,1410.0
2006-09-14,1190.0,1270.0,1380.0
2006-09-15,1170.0,1260.0,1420.0
2006-09-16,1090.0,1170.0,1250.0
2006-09-17,991.0,1180.0,1290.0
2006-09-18,1040.0,1130.0,1250.0
2006-09-19,1210.0,1640.0,2720.0
2006-09-20,2070.0,2430.0,2880.0
2006-09-21,1770.0,1880.0,2100.0
2006-09-22,1500.0,1690.0,1810.0
2006-09-23,1330.0,1410.0,1510.0
2006-09-24,1160.0,1310.0,1400.0
2006-09-25,1150.0,1200.0,1330.0
2006-09-26,1100.0,1180.0,1270.0
2006-09-27,1060.0,1180.0,1320.0
2006-09-28,1060.0,1210.0,1350.0
2006-09-29,1100.0,1190.0,1270.0
2006-09-30,978.0,1060.0,1160.0
2006-10-01,864.0,995.0,1100.0
2006-10-02,851.0,959.0,1100.0
2006-10-03,916.0,1060.0,1170.0
2006-10-04,928.0,1130.0,1250.0
2006-10-05,1240.0,1520.0,1690.0
2006-10-06,1600.0,1670.0,1750.0
2006-10-07,1320.0,1430.0,1630.0
2006-10-08,1160.0,1280.0,1410.0
2006-10-09,1130.0,1200.0,1300.0
2006-10-10,1130.0,1190.0,1240.0
2006-10-11,1060.0,1140.0,1230.0
2006-10-12,978.0,1080.0,1180.0
2006-10-13,916.0,995.0,1090.0
2006-10-14,903.0,994.0,1100.0
2006-10-15,864.0,911.0,953.0
2006-10-16,825.0,899.0,966.0
2006-10-17,851.0,928.0,1030.0
2006-10-18,825.0,926.0,1040.0
2006-10-19,838.0,944.0,1090.0
2006-10-20,702.0,856.0,966.0
2006-10-21,771.0,882.0,966.0
2006-10-22,716.0,826.0,928.0
2006-10-23,702.0,748.0,798.0
2006-10-24,730.0,795.0,890.0
2006-10-25,798.0,857.0,903.0
2006-10-26,785.0,944.0,1080.0
2006-10-27,716.0,800.0,890.0
2006-10-28,730.0,810.0,877.0
2006-10-29,798.0,860.0,928.0
2006-10-30,688.0,963.0,1340.0
2006-10-31,1040.0,1220.0,1350.0
2006-11-01,851.0,1010.0,1130.0
2006-11-02,812.0,942.0,1080.0
2006-11-03,877.0,977.0,1080.0
2006-11-04,851.0,953.0,1040.0
2006-11-05,916.0,968.0,1080.0
2006-11-06,1080.0,1350.0,1480.0
2006-11-07,1160.0,1250.0,1370.0
2006-11-08,1000.0,1140.0,1260.0
2006-11-09,928.0,1110.0,1250.0
2006-11-10,1120.0,1400.0,1650.0
2006-11-11,1190.0,1410.0,1680.0
2006-11-12,1110.0,1350.0,1990.0
2006-11-13,1930.0,2170.0,2410.0
2006-11-14,1750.0,1830.0,1980.0
2006-11-15,1980.0,2520.0,2820.0
2006-11-16,1860.0,2120.0,2380.0
2006-11-17,1690.0,1850.0,1990.0
2006-11-18,1560.0,1660.0,1770.0
2006-11-19,1260.0,1400.0,1580.0
2006-11-20,1190.0,1290.0,1420.0
2006-11-21,1300.0,1370.0,1430.0
2006-11-22,1200.0,1320.0,1480.0
2006-11-23,1420.0,1520.0,1630.0
2006-11-24,1320.0,1390.0,1470.0
2006-11-25,1270.0,1330.0,1380.0
2006-11-26,1190.0,1300.0,1370.0
2006-11-27,1130.0,1170.0,1210.0
2006-11-28,978.0,1120.0,1260.0
2006-11-29,1000.0,1080.0,1170.0
2006-11-30,928.0,1040.0,1160.0
2006-12-01,916.0,1000.0,1060.0
2006-12-02,890.0,977.0,1080.0
2006-12-03,785.0,868.0,953.0
2006-12-04,812.0,907.0,991.0
2006-12-05,702.0,912.0,1100.0
2006-12-06,1000.0,1110.0,1210.0
2006-12-07,928.0,1060.0,1190.0
2006-12-08,928.0,1090.0,1260.0
2006-12-09,928.0,1020.0,1160.0
2006-12-10,1020.0,1150.0,1300.0
2006-12-11,1060.0,1210.0,1360.0
2006-12-12,1170.0,1240.0,1290.0
2006-12-13,1120.0,1210.0,1280.0
2006-12-14,978.0,1110.0,1200.0
2006-12-15,928.0,1030.0,1160.0
2006-12-16,928.0,982.0,1080.0
2006-12-17,851.0,957.0,1040.0
2006-12-18,851.0,951.0,1040.0
2006-12-19,838.0,924.0,1020.0
2006-12-20,838.0,964.0,1060.0
2006-12-21,798.0,962.0,1060.0
2006-12-22,798.0,863.0,941.0
2006-12-23,785.0,874.0,953.0
2006-12-24,688.0,773.0,838.0
2006-12-25,673.0,739.0,825.0
2006-12-26,630.0,707.0,812.0
2006-12-27,659.0,734.0,825.0
2006-12-28,744.0,790.0,890.0
2006-12-29,673.0,726.0,798.0
2006-12-30,702.0,766.0,825.0
2006-12-31,716.0,769.0,864.0
2007-01-01,600.0,690.0,953.0
2007-01-02,953.0,1040.0,1130.0
2007-01-03,953.0,1030.0,1130.0
2007-01-04,1020.0,1120.0,1200.0
2007-01-05,1030.0,1120.0,1240.0
2007-01-06,1090.0,1180.0,1240.0
2007-01-07,1180.0,1220.0,1260.0
2007-01-08,1210.0,1270.0,1370.0
2007-01-09,1240.0,1290.0,1370.0
2007-01-10,1270.0,1450.0,1600.0
2007-01-11,1360.0,1470.0,1610.0
2007-01-12,1360.0,1410.0,1500.0
2007-01-13,1380.0,1520.0,1580.0
2007-01-14,1200.0,1270.0,1390.0
2007-01-15,1050.0,1200.0,1340.0
2007-01-16,1190.0,1230.0,1320.0
2007-01-17,1110.0,1160.0,1200.0
2007-01-18,1040.0,1120.0,1170.0
2007-01-19,1160.0,1440.0,2840.0
2007-01-20,2840.0,3650.0,4150.0
2007-01-21,2370.0,2620.0,3080.0
2007-01-22,1950.0,2150.0,2370.0
2007-01-23,1680.0,1830.0,2040.0
2007-01-24,1720.0,1770.0,1850.0
2007-01-25,1530.0,1630.0,1750.0
2007-01-26,1370.0,1510.0,1630.0
2007-01-27,1280.0,1370.0,1470.0
2007-01-28,1090.0,1270.0,1400.0
2007-01-29,1040.0,1160.0,1290.0
2007-01-30,1290.0,1420.0,1510.0
2007-01-31,1320.0,1440.0,1580.0
2007-02-01,1350.0,1480.0,1590.0
2007-02-02,1360.0,1470.0,1610.0
2007-02-03,1240.0,1390.0,1480.0
2007-02-04,1230.0,1360.0,1460.0
2007-02-05,1230.0,1300.0,1400.0
2007-02-06,1230.0,1340.0,1500.0
2007-02-07,1430.0,1490.0,1540.0
2007-02-08,1380.0,1420.0,1490.0
2007-02-09,1390.0,1490.0,1620.0
2007-02-10,1360.0,1550.0,1670.0
2007-02-11,1360.0,1460.0,1510.0
2007-02-12,1400.0,1440.0,1520.0
2007-02-13,1520.0,1670.0,1820.0
2007-02-14,1770.0,1930.0,2070.0
2007-02-15,1890.0,1970.0,2020.0
2007-02-16,1890.0,2020.0,2090.0
2007-02-17,1890.0,1950.0,2010.0
2007-02-18,1660.0,1790.0,1930.0
2007-02-19,1520.0,1620.0,1750.0
2007-02-20,1460.0,1530.0,1590.0
2007-02-21,1360.0,1450.0,1580.0
2007-02-22,1350.0,1420.0,1480.0
2007-02-23,1280.0,1350.0,1430.0
2007-02-24,1210.0,1320.0,1410.0
2007-02-25,1190.0,1260.0,1340.0
2007-02-26,1130.0,1200.0,1260.0
2007-02-27,1260.0,1370.0,1490.0
2007-02-28,1430.0,1600.0,1840.0
2007-03-01,1840.0,2180.0,2350.0
2007-03-02,2280.0,2450.0,2590.0
2007-03-03,2340.0,2460.0,2560.0
2007-03-04,2360.0,2670.0,2870.0
2007-03-05,2320.0,2400.0,2590.0
2007-03-06,2110.0,2240.0,2390.0
2007-03-07,1970.0,2060.0,2170.0
2007-03-08,2000.0,2060.0,2180.0
2007-03-09,2180.0,2250.0,2320.0
2007-03-10,1920.0,2010.0,2180.0
2007-03-11,1720.0,1810.0,1920.0
2007-03-12,1570.0,1700.0,1870.0
2007-03-13,1610.0,1690.0,1760.0
2007-03-14,1540.0,1640.0,1730.0
2007-03-15,1480.0,1580.0,1710.0
2007-03-16,1500.0,1540.0,1630.0
2007-03-17,1350.0,1490.0,1540.0
2007-03-18,1260.0,1360.0,1460.0
2007-03-19,1210.0,1340.0,1510.0
2007-03-20,1490.0,1550.0,1620.0
2007-03-21,1500.0,1580.0,1710.0
2007-03-22,1470.0,1540.0,1590.0
2007-03-23,1410.0,1480.0,1590.0
2007-03-24,1520.0,1620.0,1820.0
2007-03-25,1520.0,1640.0,1840.0
2007-03-26,1630.0,1680.0,1770.0
2007-03-27,1760.0,1790.0,1840.0
2007-03-28,1650.0,1720.0,1770.0
2007-03-29,1580.0,1700.0,1810.0
2007-03-30,1530.0,1610.0,1680.0
2007-03-31,1480.0,1560.0,1680.0
2007-04-01,1390.0,1490.0,1560.0
2007-04-02,1380.0,1450.0,1550.0
2007-04-03,1280.0,1410.0,1540.0
2007-04-04,1350.0,1460.0,1560.0
2007-04-05,1400.0,1440.0,1510.0
2007-04-06,1380.0,1430.0,1520.0
2007-04-07,1300.0,1370.0,1420.0
2007-04-08,1190.0,1270.0,1360.0
2007-04-09,1260.0,1330.0,1400.0
2007-04-10,1240.0,1290.0,1370.0
2007-04-11,1260.0,1340.0,1410.0
2007-04-12,1330.0,1390.0,1470.0
2007-04-13,1370.0,1450.0,1580.0
2007-04-14,1490.0,1570.0,1640.0
2007-04-15,1400.0,1520.0,1660.0
2007-04-16,1350.0,1470.0,1600.0
2007-04-17,1410.0,1510.0,1660.0
2007-04-18,1410.0,1490.0,1660.0
2007-04-19,1340.0,1410.0,1500.0
2007-04-20,1280.0,1380.0,1490.0
2007-04-21,1290.0,1350.0,1430.0
2007-04-22,1230.0,1300.0,1410.0
2007-04-23,1170.0,1270.0,1340.0
2007-04-24,1260.0,1300.0,1370.0
2007-04-25,1280.0,1350.0,1440.0
2007-04-26,1280.0,1360.0,1440.0
2007-04-27,1240.0,1340.0,1510.0
2007-04-28,1100.0,1290.0,1500.0
2007-04-29,1090.0,1230.0,1440.0
2007-04-30,1100.0,1160.0,1210.0
2007-05-01,1080.0,1180.0,1320.0
2007-05-02,953.0,1100.0,1250.0
2007-05-03,1130.0,1180.0,1270.0
2007-05-04,1080.0,1150.0,1260.0
2007-05-05,1090.0,1170.0,1270.0
2007-05-06,1180.0,1250.0,1480.0
2007-05-07,1320.0,1410.0,1510.0
2007-05-08,1230.0,1380.0,1500.0
2007-05-09,1460.0,2300.0,4180.0
2007-05-10,3210.0,4170.0,4820.0
2007-05-11,2430.0,2750.0,3210.0
2007-05-12,2030.0,2140.0,2430.0
2007-05-13,1790.0,1930.0,2090.0
2007-05-14,1680.0,1740.0,1790.0
2007-05-15,1640.0,1720.0,1800.0
2007-05-16,1670.0,1800.0,1960.0
2007-05-17,1570.0,1730.0,1960.0
2007-05-18,1460.0,1660.0,1930.0
2007-05-19,1730.0,1820.0,1960.0
2007-05-20,1520.0,1660.0,1820.0
2007-05-21,1400.0,1540.0,1710.0
2007-05-22,1390.0,1560.0,1730.0
2007-05-23,1540.0,1650.0,1750.0
2007-05-24,1520.0,1700.0,1820.0
2007-05-25,1510.0,1650.0,1820.0
2007-05-26,1510.0,1660.0,1770.0
2007-05-27,1500.0,1630.0,1790.0
2007-05-28,1380.0,1510.0,1600.0
2007-05-29,1400.0,1540.0,1780.0
2007-05-30,1610.0,2200.0,2600.0
2007-05-31,2430.0,2540.0,2690.0
2007-06-01,2380.0,2470.0,2630.0
2007-06-02,2210.0,2290.0,2400.0
2007-06-03,1990.0,2150.0,2320.0
2007-06-04,1760.0,1900.0,2020.0
2007-06-05,1700.0,1830.0,1970.0
2007-06-06,1720.0,1850.0,1980.0
2007-06-07,1660.0,1720.0,1820.0
2007-06-08,1560.0,1660.0,1740.0
2007-06-09,1530.0,1630.0,1780.0
2007-06-10,1390.0,1520.0,1620.0
2007-06-11,1400.0,1530.0,1730.0
2007-06-12,1440.0,1630.0,1820.0
2007-06-13,1560.0,1700.0,1810.0
2007-06-14,1510.0,1730.0,2040.0
2007-06-15,1740.0,1820.0,2030.0
2007-06-16,1600.0,1700.0,1790.0
2007-06-17,1680.0,1790.0,1880.0
2007-06-18,1610.0,1740.0,1830.0
2007-06-19,1530.0,1640.0,1750.0
2007-06-20,1480.0,1570.0,1630.0
2007-06-21,1460.0,1590.0,1740.0
2007-06-22,1610.0,1810.0,2030.0
2007-06-23,1660.0,1780.0,2000.0
2007-06-24,1720.0,1840.0,2010.0
2007-06-25,1540.0,1660.0,1740.0
2007-06-26,1560.0,1760.0,2030.0
2007-06-27,1840.0,1980.0,2070.0
2007-06-28,1730.0,1830.0,1910.0
2007-06-29,1670.0,1770.0,1860.0
2007-06-30,1480.0,1610.0,1760.0
2007-07-01,1430.0,1550.0,1620.0
2007-07-02,1330.0,1380.0,1460.0
2007-07-03,1360.0,1690.0,2120.0
2007-07-04,1900.0,2030.0,2270.0
2007-07-05,2250.0,2570.0,2690.0
2007-07-06,2360.0,2500.0,2650.0
2007-07-07,2180.0,2430.0,2720.0
2007-07-08,1950.0,2130.0,2310.0
2007-07-09,1760.0,1940.0,2150.0
2007-07-10,1940.0,2870.0,3580.0
2007-07-11,2950.0,3350.0,3630.0
2007-07-12,2790.0,2870.0,2970.0
2007-07-13,2460.0,2590.0,2820.0
2007-07-14,2130.0,2260.0,2500.0
2007-07-15,1940.0,2020.0,2190.0
2007-07-16,1740.0,1840.0,1950.0
2007-07-17,1650.0,1790.0,1910.0
2007-07-18,1640.0,1750.0,1870.0
2007-07-19,1570.0,1690.0,1860.0
2007-07-20,1490.0,1620.0,1780.0
2007-07-21,1500.0,1610.0,1720.0
2007-07-22,1430.0,1530.0,1740.0
2007-07-23,1690.0,1800.0,1870.0
2007-07-24,1750.0,1840.0,1940.0
2007-07-25,1670.0,1750.0,1880.0
2007-07-26,1540.0,1630.0,1700.0
2007-07-27,1440.0,1560.0,1660.0
2007-07-28,1280.0,1460.0,1550.0
2007-07-29,1240.0,1330.0,1430.0
2007-07-30,1200.0,1370.0,1490.0
2007-07-31,1240.0,1460.0,1620.0
2007-08-01,1320.0,1450.0,1560.0
2007-08-02,1260.0,1440.0,1540.0
2007-08-03,1260.0,1420.0,1670.0
2007-08-04,1480.0,1620.0,1700.0
2007-08-05,1200.0,1330.0,1610.0
2007-08-06,1160.0,1260.0,1370.0
2007-08-07,1130.0,1270.0,1360.0
2007-08-08,1240.0,1280.0,1320.0
2007-08-09,1200.0,1380.0,1620.0
2007-08-10,1540.0,1750.0,1970.0
2007-08-11,1810.0,1900.0,2070.0
2007-08-12,1730.0,1870.0,2050.0
2007-08-13,1840.0,1990.0,2130.0
2007-08-14,1780.0,1850.0,1910.0
2007-08-15,1480.0,1640.0,1790.0
2007-08-16,1380.0,1510.0,1630.0
2007-08-17,1370.0,1490.0,1600.0
2007-08-18,1590.0,1700.0,1870.0
2007-08-19,1360.0,1570.0,1820.0
2007-08-20,1480.0,1680.0,1890.0
2007-08-21,1710.0,1800.0,1920.0
2007-08-22,1560.0,1690.0,1810.0
2007-08-23,1550.0,1600.0,1680.0
2007-08-24,1400.0,1520.0,1620.0
2007-08-25,1270.0,1440.0,1600.0
2007-08-26,1240.0,1340.0,1480.0
2007-08-27,1190.0,1240.0,1290.0
2007-08-28,1210.0,1270.0,1350.0
2007-08-29,1190.0,1280.0,1340.0
2007-08-30,1290.0,1520.0,1990.0
2007-08-31,1990.0,2260.0,2430.0
2007-09-01,1900.0,2050.0,2360.0
2007-09-02,1770.0,1850.0,1960.0
2007-09-03,1520.0,1660.0,1840.0
2007-09-04,1530.0,1720.0,2190.0
2007-09-05,2180.0,2410.0,2720.0
2007-09-06,2710.0,4660.0,6530.0
2007-09-07,6510.0,7300.0,8010.0
2007-09-08,6270.0,6980.0,7940.0
2007-09-09,5370.0,5980.0,6510.0
2007-09-10,4350.0,4900.0,5420.0
2007-09-11,4020.0,4670.0,5680.0
2007-09-12,4940.0,5710.0,6090.0
2007-09-13,3960.0,4350.0,4940.0
2007-09-14,3240.0,3580.0,3970.0
2007-09-15,2900.0,3070.0,3250.0
2007-09-16,2520.0,2720.0,2900.0
2007-09-17,2380.0,2460.0,2630.0
2007-09-18,2330.0,2400.0,2500.0
2007-09-19,2500.0,2760.0,3110.0
2007-09-20,2560.0,2710.0,2910.0
2007-09-21,2350.0,2450.0,2630.0
2007-09-22,2080.0,2180.0,2450.0
2007-09-23,1810.0,1950.0,2090.0
2007-09-24,1690.0,1800.0,1940.0
2007-09-25,1680.0,1790.0,1880.0
2007-09-26,1690.0,1800.0,1950.0
2007-09-27,1750.0,1850.0,1980.0
2007-09-28,1870.0,1950.0,2050.0
2007-09-29,1920.0,2130.0,2310.0
2007-09-30,1980.0,2090.0,2230.0
2007-10-01,1810.0,1950.0,2110.0
2007-10-02,1750.0,1830.0,1910.0
2007-10-03,1640.0,1720.0,1840.0
2007-10-04,1590.0,1640.0,1760.0
2007-10-05,1460.0,1590.0,1740.0
2007-10-06,1550.0,1650.0,1730.0
2007-10-07,1480.0,1570.0,1700.0
2007-10-08,1330.0,1440.0,1510.0
2007-10-09,1380.0,1420.0,1500.0
2007-10-10,1190.0,1340.0,1510.0
2007-10-11,1090.0,1310.0,1480.0
2007-10-12,1210.0,1270.0,1360.0
2007-10-13,1150.0,1240.0,1340.0
2007-10-14,1170.0,1210.0,1300.0
2007-10-15,978.0,1110.0,1250.0
2007-10-16,916.0,1050.0,1180.0
2007-10-17,1000.0,1130.0,1270.0
2007-10-18,1040.0,1110.0,1210.0
2007-10-19,1050.0,1150.0,1280.0
2007-10-20,1050.0,1180.0,1300.0
2007-10-21,1090.0,1200.0,1320.0
2007-10-22,1190.0,1250.0,1300.0
2007-10-23,1180.0,1260.0,1400.0
2007-10-24,1360.0,1440.0,1560.0
2007-10-25,1340.0,1390.0,1480.0
2007-10-26,1280.0,1420.0,1500.0
2007-10-27,1470.0,1560.0,1660.0
2007-10-28,1580.0,1770.0,2090.0
2007-10-29,1630.0,1850.0,2130.0
2007-10-30,1470.0,1600.0,1690.0
2007-10-31,1460.0,1570.0,1690.0
2007-11-01,1380.0,1470.0,1600.0
2007-11-02,1250.0,1330.0,1420.0
2007-11-03,1170.0,1240.0,1350.0
2007-11-04,1150.0,1200.0,1320.0
2007-11-05,1320.0,1410.0,1470.0
2007-11-06,1250.0,1350.0,1500.0
2007-11-07,1280.0,1430.0,1650.0
2007-11-08,1460.0,1790.0,2180.0
2007-11-09,1890.0,2020.0,2100.0
2007-11-10,1840.0,1920.0,1990.0
2007-11-11,1840.0,2020.0,2670.0
2007-11-12,2670.0,3570.0,3840.0
2007-11-13,3080.0,3180.0,3370.0
2007-11-14,2680.0,2910.0,3200.0
2007-11-15,2390.0,2530.0,2680.0
2007-11-16,2080.0,2220.0,2420.0
2007-11-17,1910.0,2020.0,2130.0
2007-11-18,1730.0,1850.0,1980.0
2007-11-19,1660.0,1740.0,1860.0
2007-11-20,1630.0,1710.0,1760.0
2007-11-21,1620.0,1690.0,1820.0
2007-11-22,1550.0,1620.0,1770.0
2007-11-23,1770.0,1850.0,1990.0
2007-11-24,1990.0,2140.0,2260.0
2007-11-25,2070.0,2170.0,2280.0
2007-11-26,2080.0,2230.0,2420.0
2007-11-27,2070.0,2220.0,2430.0
2007-11-28,1920.0,2040.0,2210.0
2007-11-29,1850.0,1940.0,2020.0
2007-11-30,1750.0,1810.0,1900.0
2007-12-01,1720.0,1800.0,1890.0
2007-12-02,1730.0,1840.0,2000.0
2007-12-03,1900.0,2070.0,2350.0
2007-12-04,2280.0,2370.0,2470.0
2007-12-05,2320.0,2410.0,2510.0
2007-12-06,2250.0,2380.0,2540.0
2007-12-07,2290.0,2390.0,2680.0
2007-12-08,2680.0,2750.0,2850.0
2007-12-09,2650.0,2750.0,2910.0
2007-12-10,2550.0,2660.0,2810.0
2007-12-11,2330.0,2490.0,2650.0
2007-12-12,2410.0,2520.0,2610.0
2007-12-13,2610.0,2770.0,2830.0
2007-12-14,2420.0,2580.0,2720.0
2007-12-15,2120.0,2310.0,2520.0
2007-12-16,1880.0,2020.0,2240.0
2007-12-17,1700.0,1850.0,1960.0
2007-12-18,1750.0,1840.0,1960.0
2007-12-19,1560.0,1720.0,1830.0
2007-12-20,1640.0,1700.0,1810.0
2007-12-21,1510.0,1600.0,1700.0
2007-12-22,1530.0,1600.0,1700.0
2007-12-23,1340.0,1450.0,1570.0
2007-12-24,1330.0,1370.0,1480.0
2007-12-25,1240.0,1320.0,1430.0
2007-12-26,1170.0,1270.0,1370.0
2007-12-27,1100.0,1240.0,1360.0
2007-12-28,1110.0,1210.0,1340.0
2007-12-29,1080.0,1220.0,1360.0
2007-12-30,1050.0,1130.0,1260.0
2007-12-31,941.0,1110.0,1210.0
2008-01-01,1030.0,1210.0,1360.0
2008-01-02,991.0,1110.0,1260.0
2008-01-03,1050.0,1170.0,1280.0
2008-01-04,1060.0,1190.0,1300.0
2008-01-05,978.0,1080.0,1200.0
2008-01-06,928.0,1060.0,1200.0
2008-01-07,966.0,1130.0,1410.0
2008-01-08,1410.0,1690.0,1930.0
2008-01-09,1740.0,1830.0,1930.0
2008-01-10,1580.0,1710.0,1930.0
2008-01-11,1530.0,1590.0,1690.0
2008-01-12,1400.0,1490.0,1590.0
2008-01-13,1330.0,1410.0,1470.0
2008-01-14,1250.0,1380.0,1490.0
2008-01-15,1270.0,1390.0,1470.0
2008-01-16,1210.0,1350.0,1440.0
2008-01-17,1230.0,1340.0,1460.0
2008-01-18,1290.0,1420.0,1550.0
2008-01-19,1510.0,1680.0,2070.0
2008-01-20,2060.0,2110.0,2180.0
2008-01-21,1910.0,2030.0,2180.0
2008-01-22,1810.0,1930.0,2020.0
2008-01-23,1960.0,2020.0,2100.0
2008-01-24,1700.0,1800.0,1960.0
2008-01-25,1670.0,1760.0,1870.0
2008-01-26,1520.0,1620.0,1700.0
2008-01-27,1440.0,1540.0,1640.0
2008-01-28,1640.0,1830.0,1980.0
2008-01-29,1760.0,1830.0,1970.0
2008-01-30,1610.0,1700.0,1810.0
2008-01-31,1550.0,1620.0,1710.0
2008-02-01,1390.0,1510.0,1620.0
2008-02-02,1350.0,1450.0,1580.0
2008-02-03,1320.0,1380.0,1460.0
2008-02-04,1210.0,1350.0,1460.0
2008-02-05,1300.0,1370.0,1440.0
2008-02-06,1290.0,1360.0,1460.0
2008-02-07,1260.0,1480.0,1600.0
2008-02-08,1400.0,1500.0,1550.0
2008-02-09,1420.0,1550.0,1650.0
2008-02-10,1190.0,1370.0,1520.0
2008-02-11,1060.0,1270.0,1400.0
2008-02-12,1100.0,1280.0,1400.0
2008-02-13,1200.0,1290.0,1400.0
2008-02-14,1120.0,1200.0,1270.0
2008-02-15,1100.0,1160.0,1230.0
2008-02-16,1100.0,1170.0,1260.0
2008-02-17,978.0,1080.0,1170.0
2008-02-18,903.0,1020.0,1110.0
2008-02-19,928.0,1040.0,1240.0
2008-02-20,928.0,1080.0,1260.0
2008-02-21,1020.0,1080.0,1160.0
2008-02-22,928.0,1020.0,1090.0
2008-02-23,978.0,1070.0,1210.0
2008-02-24,916.0,1030.0,1120.0
2008-02-25,1020.0,1070.0,1110.0
2008-02-26,1050.0,1200.0,1290.0
2008-02-27,1130.0,1220.0,1360.0
2008-02-28,1190.0,1250.0,1320.0
2008-02-29,1190.0,1280.0,1490.0
2008-03-01,1460.0,1680.0,2250.0
2008-03-02,2150.0,2300.0,2380.0
2008-03-03,2080.0,2390.0,2660.0
2008-03-04,2420.0,2540.0,2700.0
2008-03-05,2150.0,2310.0,2480.0
2008-03-06,1920.0,2040.0,2170.0
2008-03-07,1770.0,1850.0,1960.0
2008-03-08,1540.0,1690.0,1830.0
2008-03-09,1410.0,1520.0,1660.0
2008-03-10,1340.0,1450.0,1610.0
2008-03-11,1330.0,1440.0,1600.0
2008-03-12,1410.0,1530.0,1800.0
2008-03-13,1800.0,2030.0,2150.0
2008-03-14,1940.0,2080.0,2490.0
2008-03-15,2490.0,3660.0,4230.0
2008-03-16,2880.0,3090.0,3460.0
2008-03-17,2640.0,2790.0,2920.0
2008-03-18,2590.0,2690.0,2760.0
2008-03-19,2340.0,2450.0,2600.0
2008-03-20,2190.0,2300.0,2450.0
2008-03-21,2000.0,2100.0,2190.0
2008-03-22,1960.0,2100.0,2200.0
2008-03-23,2020.0,2060.0,2170.0
2008-03-24,1870.0,1960.0,2080.0
2008-03-25,1780.0,1890.0,1990.0
2008-03-26,1770.0,1830.0,1960.0
2008-03-27,1690.0,1780.0,1880.0
2008-03-28,1660.0,1770.0,1870.0
2008-03-29,1790.0,1830.0,1880.0
2008-03-30,1720.0,1820.0,1860.0
2008-03-31,1720.0,1810.0,1880.0
2008-04-01,1820.0,1930.0,2020.0
2008-04-02,1890.0,1970.0,2040.0
2008-04-03,1970.0,2170.0,2350.0
2008-04-04,2180.0,2350.0,2440.0
2008-04-05,2090.0,2160.0,2230.0
2008-04-06,1950.0,2020.0,2130.0
2008-04-07,1870.0,1980.0,2060.0
2008-04-08,1940.0,2020.0,2200.0
2008-04-09,1820.0,1890.0,2040.0
2008-04-10,1820.0,1880.0,1990.0
2008-04-11,1870.0,1960.0,2030.0
2008-04-12,1930.0,2020.0,2120.0
2008-04-13,1990.0,2080.0,2190.0
2008-04-14,1920.0,1980.0,2050.0
2008-04-15,1870.0,1960.0,2020.0
2008-04-16,1890.0,1970.0,2060.0
2008-04-17,1800.0,1880.0,1970.0
2008-04-18,1780.0,1870.0,1950.0
2008-04-19,1760.0,1860.0,1960.0
2008-04-20,1730.0,1850.0,1970.0
2008-04-21,1790.0,1920.0,2080.0
2008-04-22,2080.0,2280.0,2750.0
2008-04-23,2720.0,2960.0,3350.0
2008-04-24,3030.0,3270.0,3530.0
2008-04-25,2730.0,2890.0,3060.0
2008-04-26,2790.0,2870.0,2980.0
2008-04-27,2530.0,2650.0,2850.0
2008-04-28,2320.0,2410.0,2590.0
2008-04-29,2320.0,2420.0,2630.0
2008-04-30,2620.0,2810.0,2950.0
2008-05-01,2650.0,2750.0,2860.0
2008-05-02,2440.0,2540.0,2680.0
2008-05-03,2210.0,2320.0,2440.0
2008-05-04,2120.0,2180.0,2300.0
2008-05-05,2020.0,2140.0,2260.0
2008-05-06,2150.0,2210.0,2290.0
2008-05-07,2230.0,2260.0,2310.0
2008-05-08,2110.0,2240.0,2320.0
2008-05-09,2190.0,2250.0,2330.0
2008-05-10,2160.0,2230.0,2290.0
2008-05-11,2200.0,2260.0,2320.0
2008-05-12,2200.0,2250.0,2330.0
2008-05-13,2070.0,2190.0,2290.0
2008-05-14,2120.0,2230.0,2320.0
2008-05-15,2180.0,2250.0,2320.0
2008-05-16,2190.0,2290.0,2370.0
2008-05-17,2260.0,2310.0,2370.0
2008-05-18,2260.0,2340.0,2440.0
2008-05-19,2400.0,2560.0,2720.0
2008-05-20,2630.0,2700.0,2770.0
2008-05-21,2500.0,2660.0,2750.0
2008-05-22,2280.0,2380.0,2500.0
2008-05-23,2140.0,2200.0,2310.0
2008-05-24,2160.0,2220.0,2280.0
2008-05-25,2040.0,2100.0,2170.0
2008-05-26,2110.0,2190.0,2390.0
2008-05-27,2280.0,2330.0,2430.0
2008-05-28,2350.0,2480.0,2700.0
2008-05-29,2630.0,2740.0,2900.0
2008-05-30,2740.0,2810.0,2930.0
2008-05-31,2820.0,2880.0,2970.0
2008-06-01,2480.0,2620.0,2850.0
2008-06-02,2330.0,2430.0,2500.0
2008-06-03,2360.0,2450.0,2540.0
2008-06-04,2310.0,2490.0,2780.0
2008-06-05,2750.0,2880.0,3020.0
2008-06-06,2560.0,2730.0,2820.0
2008-06-07,2550.0,2660.0,2790.0
2008-06-08,2760.0,2840.0,2930.0
2008-06-09,2520.0,2640.0,2840.0
2008-06-10,2290.0,2400.0,2550.0
2008-06-11,2100.0,2270.0,2420.0
2008-06-12,2260.0,2400.0,2580.0
2008-06-13,2410.0,2460.0,2580.0
2008-06-14,2280.0,2410.0,2490.0
2008-06-15,1950.0,2080.0,2280.0
2008-06-16,1790.0,1880.0,1980.0
2008-06-17,1740.0,1840.0,1940.0
2008-06-18,1710.0,1880.0,2070.0
2008-06-19,1830.0,1890.0,2020.0
2008-06-20,1730.0,1820.0,1900.0
2008-06-21,1770.0,1830.0,1900.0
2008-06-22,1750.0,1800.0,1860.0
2008-06-23,1780.0,1840.0,1970.0
2008-06-24,1930.0,2070.0,2240.0
2008-06-25,2020.0,2080.0,2230.0
2008-06-26,2010.0,2150.0,2320.0
2008-06-27,2150.0,2270.0,2370.0
2008-06-28,1950.0,2090.0,2290.0
2008-06-29,1800.0,1860.0,1960.0
2008-06-30,1640.0,1760.0,1930.0
2008-07-01,1830.0,1940.0,2000.0
2008-07-02,1760.0,1820.0,1920.0
2008-07-03,1720.0,1850.0,2020.0
2008-07-04,1750.0,1890.0,2060.0
2008-07-05,1810.0,1920.0,2010.0
2008-07-06,1620.0,1710.0,1810.0
2008-07-07,1550.0,1700.0,1780.0
2008-07-08,1700.0,1980.0,2280.0
2008-07-09,1860.0,2000.0,2220.0
2008-07-10,1670.0,1750.0,1870.0
2008-07-11,1530.0,1640.0,1750.0
2008-07-12,1510.0,1610.0,1690.0
2008-07-13,1600.0,1750.0,1850.0
2008-07-14,1720.0,2070.0,2590.0
2008-07-15,2590.0,3070.0,3530.0
2008-07-16,2680.0,2910.0,3160.0
2008-07-17,2480.0,2600.0,2720.0
2008-07-18,2310.0,2420.0,2530.0
2008-07-19,2220.0,2290.0,2450.0
2008-07-20,1960.0,2040.0,2240.0
2008-07-21,1990.0,2510.0,3090.0
2008-07-22,2670.0,2810.0,3020.0
2008-07-23,2720.0,3000.0,3650.0
2008-07-24,3650.0,4470.0,4850.0
2008-07-25,3280.0,3750.0,4430.0
2008-07-26,2590.0,2890.0,3290.0
2008-07-27,2350.0,2450.0,2590.0
2008-07-28,2060.0,2230.0,2440.0
2008-07-29,1980.0,2060.0,2150.0
2008-07-30,1930.0,2030.0,2210.0
2008-07-31,1920.0,2030.0,2230.0
2008-08-01,1920.0,1990.0,2030.0
2008-08-02,1820.0,1950.0,2090.0
2008-08-03,1850.0,1920.0,2020.0
2008-08-04,1680.0,1770.0,1910.0
2008-08-05,1630.0,1740.0,1840.0
2008-08-06,1550.0,1650.0,1750.0
2008-08-07,1490.0,1590.0,1740.0
2008-08-08,1580.0,1770.0,2030.0
2008-08-09,2020.0,2290.0,2670.0
2008-08-10,2050.0,2360.0,2610.0
2008-08-11,1790.0,1860.0,2050.0
2008-08-12,1710.0,1800.0,1910.0
2008-08-13,1660.0,1750.0,1810.0
2008-08-14,1620.0,1750.0,1850.0
2008-08-15,1690.0,1850.0,2040.0
2008-08-16,2030.0,3490.0,5090.0
2008-08-17,3110.0,3980.0,5120.0
2008-08-18,2510.0,2780.0,3110.0
2008-08-19,2230.0,2380.0,2550.0
2008-08-20,1980.0,2110.0,2250.0
2008-08-21,1970.0,2010.0,2060.0
2008-08-22,1820.0,1920.0,2070.0
2008-08-23,1840.0,1950.0,2060.0
2008-08-24,1870.0,1960.0,2050.0
2008-08-25,1770.0,1860.0,2030.0
2008-08-26,1690.0,1790.0,1910.0
2008-08-27,1560.0,1680.0,1800.0
2008-08-28,1480.0,1580.0,1670.0
2008-08-29,1370.0,1500.0,1620.0
2008-08-30,1280.0,1390.0,1480.0
2008-08-31,1230.0,1290.0,1350.0
2008-09-01,1120.0,1250.0,1430.0
2008-09-02,1280.0,1360.0,1510.0
2008-09-03,1260.0,1380.0,1530.0
2008-09-04,1250.0,1290.0,1360.0
2008-09-05,1210.0,1300.0,1410.0
2008-09-06,1190.0,1230.0,1270.0
2008-09-07,1160.0,1210.0,1260.0
2008-09-08,1060.0,1170.0,1270.0
2008-09-09,1230.0,1280.0,1380.0
2008-09-10,1150.0,1230.0,1290.0
2008-09-11,1130.0,1210.0,1260.0
2008-09-12,1190.0,1240.0,1340.0
2008-09-13,1250.0,1320.0,1400.0
2008-09-14,1270.0,1330.0,1430.0
2008-09-15,1280.0,1380.0,1530.0
2008-09-16,1420.0,1670.0,2030.0
2008-09-17,1720.0,1930.0,2120.0
2008-09-18,1480.0,1550.0,1720.0
2008-09-19,1350.0,1420.0,1540.0
2008-09-20,1190.0,1270.0,1410.0
2008-09-21,1150.0,1180.0,1230.0
2008-09-22,1110.0,1190.0,1280.0
2008-09-23,1190.0,1290.0,1390.0
2008-09-24,1230.0,1270.0,1350.0
2008-09-25,1150.0,1200.0,1290.0
2008-09-26,1100.0,1320.0,1540.0
2008-09-27,1240.0,1380.0,1540.0
2008-09-28,1100.0,1190.0,1270.0
2008-09-29,978.0,1050.0,1150.0
2008-09-30,1020.0,1090.0,1150.0
2008-10-01,991.0,1080.0,1150.0
2008-10-02,1050.0,1100.0,1150.0
2008-10-03,1000.0,1100.0,1180.0
2008-10-04,1160.0,1380.0,1580.0
2008-10-05,1280.0,1410.0,1520.0
2008-10-06,1190.0,1260.0,1290.0
2008-10-07,1260.0,1340.0,1410.0
2008-10-08,1380.0,1420.0,1510.0
2008-10-09,1300.0,1390.0,1460.0
2008-10-10,1260.0,1300.0,1370.0
2008-10-11,1080.0,1190.0,1330.0
2008-10-12,1020.0,1070.0,1120.0
2008-10-13,953.0,997.0,1050.0
2008-10-14,916.0,1020.0,1100.0
2008-10-15,916.0,970.0,1050.0
2008-10-16,991.0,1060.0,1160.0
2008-10-17,1090.0,1180.0,1360.0
2008-10-18,1160.0,1270.0,1370.0
2008-10-19,1090.0,1120.0,1180.0
2008-10-20,1040.0,1110.0,1240.0
2008-10-21,978.0,1050.0,1180.0
2008-10-22,928.0,1010.0,1080.0
2008-10-23,978.0,1020.0,1050.0
2008-10-24,966.0,1010.0,1060.0
2008-10-25,903.0,954.0,1040.0
2008-10-26,825.0,882.0,966.0
2008-10-27,688.0,816.0,916.0
2008-10-28,825.0,908.0,991.0
2008-10-29,851.0,920.0,991.0
2008-10-30,903.0,1030.0,1290.0
2008-10-31,1260.0,1350.0,1410.0
2008-11-01,1150.0,1220.0,1290.0
2008-11-02,1000.0,1070.0,1170.0
2008-11-03,928.0,965.0,1020.0
2008-11-04,916.0,970.0,1000.0
2008-11-05,941.0,995.0,1060.0
2008-11-06,916.0,985.0,1030.0
2008-11-07,890.0,947.0,1000.0
2008-11-08,798.0,908.0,966.0
2008-11-09,785.0,844.0,928.0
2008-11-10,812.0,860.0,903.0
2008-11-11,771.0,847.0,928.0
2008-11-12,798.0,854.0,903.0
2008-11-13,785.0,888.0,978.0
2008-11-14,903.0,980.0,1030.0
2008-11-15,877.0,912.0,966.0
2008-11-16,798.0,855.0,903.0
2008-11-17,744.0,818.0,928.0
2008-11-18,928.0,984.0,1050.0
2008-11-19,916.0,965.0,1030.0
2008-11-20,812.0,909.0,978.0
2008-11-21,838.0,1140.0,2180.0
2008-11-22,1760.0,2130.0,2330.0
2008-11-23,1460.0,1600.0,1760.0
2008-11-24,1360.0,1460.0,1630.0
2008-11-25,1290.0,1360.0,1400.0
2008-11-26,1240.0,1300.0,1390.0
2008-11-27,1090.0,1180.0,1250.0
2008-11-28,1030.0,1100.0,1230.0
2008-11-29,991.0,1060.0,1110.0
2008-11-30,928.0,1020.0,1100.0
2008-12-01,928.0,1010.0,1110.0
2008-12-02,1080.0,1220.0,1320.0
2008-12-03,1120.0,1190.0,1320.0
2008-12-04,1100.0,1140.0,1190.0
2008-12-05,991.0,1110.0,1180.0
2008-12-06,953.0,1030.0,1120.0
2008-12-07,941.0,998.0,1060.0
2008-12-08,1000.0,1070.0,1130.0
2008-12-09,1050.0,1100.0,1160.0
2008-12-10,1100.0,1140.0,1190.0
2008-12-11,1050.0,1110.0,1170.0
2008-12-12,1060.0,1100.0,1150.0
2008-12-13,1000.0,1070.0,1150.0
2008-12-14,877.0,973.0,1030.0
2008-12-15,851.0,910.0,978.0
2008-12-16,966.0,1020.0,1050.0
2008-12-17,966.0,1040.0,1100.0
2008-12-18,1050.0,1100.0,1150.0
2008-12-19,991.0,1080.0,1170.0
2008-12-20,1000.0,1100.0,1290.0
2008-12-21,1280.0,2130.0,2720.0
2008-12-22,2620.0,2860.0,3110.0
2008-12-23,2920.0,3010.0,3090.0
2008-12-24,2270.0,2550.0,2930.0
2008-12-25,2010.0,2080.0,2280.0
2008-12-26,1720.0,1810.0,2010.0
2008-12-27,1560.0,1620.0,1780.0
2008-12-28,1370.0,1470.0,1600.0
2008-12-29,1270.0,1330.0,1440.0
2008-12-30,1230.0,1280.0,1360.0
2008-12-31,1130.0,1230.0,1320.0
2009-01-01,1070.0,1140.0,1260.0
2009-01-02,1060.0,1110.0,1190.0
2009-01-03,1080.0,1110.0,1150.0
2009-01-04,979.0,1050.0,1110.0
2009-01-05,948.0,1020.0,1080.0
2009-01-06,958.0,989.0,1020.0
2009-01-07,989.0,1030.0,1060.0
2009-01-08,958.0,1020.0,1060.0
2009-01-09,979.0,1020.0,1090.0
2009-01-10,887.0,961.0,1030.0
2009-01-11,857.0,917.0,968.0
2009-01-12,726.0,829.0,877.0
2009-01-13,696.0,812.0,1300.0
2009-01-14,726.0,924.0,1030.0
2009-01-15,928.0,990.0,1100.0
2009-01-16,938.0,994.0,1090.0
2009-01-17,907.0,946.0,979.0
2009-01-18,877.0,899.0,928.0
2009-01-19,816.0,867.0,907.0
2009-01-20,836.0,903.0,968.0
2009-01-21,928.0,995.0,1060.0
2009-01-22,999.0,1040.0,1100.0
2009-01-23,1060.0,1090.0,1140.0
2009-01-24,989.0,1020.0,1080.0
2009-01-25,968.0,1010.0,1070.0
2009-01-26,1040.0,1070.0,1090.0
2009-01-27,999.0,1060.0,1120.0
2009-01-28,968.0,1040.0,1120.0
2009-01-29,928.0,986.0,1040.0
2009-01-30,907.0,945.0,989.0
2009-01-31,877.0,920.0,968.0
2009-02-01,816.0,853.0,907.0
2009-02-02,806.0,866.0,938.0
2009-02-03,836.0,915.0,989.0
2009-02-04,877.0,931.0,979.0
2009-02-05,907.0,949.0,1010.0
2009-02-06,857.0,931.0,989.0
2009-02-07,897.0,946.0,1040.0
2009-02-08,948.0,1060.0,1110.0
2009-02-09,1020.0,1090.0,1170.0
2009-02-10,999.0,1050.0,1120.0
2009-02-11,1030.0,1210.0,1340.0
2009-02-12,1250.0,1290.0,1340.0
2009-02-13,1080.0,1230.0,1330.0
2009-02-14,1030.0,1090.0,1160.0
2009-02-15,918.0,975.0,1050.0
2009-02-16,877.0,910.0,968.0
2009-02-17,887.0,971.0,1040.0
2009-02-18,958.0,991.0,1050.0
2009-02-19,877.0,937.0,989.0
2009-02-20,877.0,947.0,999.0
2009-02-21,847.0,907.0,958.0
2009-02-22,847.0,904.0,948.0
2009-02-23,877.0,951.0,1090.0
2009-02-24,1090.0,1270.0,1440.0
2009-02-25,1260.0,1320.0,1400.0
2009-02-26,1140.0,1200.0,1280.0
2009-02-27,1170.0,1310.0,1750.0
2009-02-28,1750.0,2250.0,2630.0
2009-03-01,2410.0,2630.0,2760.0
2009-03-02,2300.0,2390.0,2460.0
2009-03-03,2280.0,2410.0,2530.0
2009-03-04,2410.0,2470.0,2550.0
2009-03-05,2480.0,2800.0,2990.0
2009-03-06,2750.0,3060.0,3220.0
2009-03-07,2610.0,2670.0,2750.0
2009-03-08,2220.0,2470.0,2720.0
2009-03-09,2150.0,2330.0,2610.0
2009-03-10,2240.0,2430.0,2630.0
2009-03-11,2270.0,2470.0,2740.0
2009-03-12,2420.0,2590.0,2790.0
2009-03-13,2430.0,2800.0,3520.0
2009-03-14,2870.0,3300.0,3640.0
2009-03-15,2730.0,2790.0,2870.0
2009-03-16,2810.0,3050.0,3200.0
2009-03-17,2740.0,2890.0,3040.0
2009-03-18,2530.0,2660.0,2760.0
2009-03-19,2360.0,2470.0,2550.0
2009-03-20,2110.0,2240.0,2390.0
2009-03-21,1900.0,2020.0,2130.0
2009-03-22,1780.0,1850.0,1990.0
2009-03-23,1700.0,1770.0,1830.0
2009-03-24,1780.0,1890.0,2020.0
2009-03-25,1850.0,1930.0,2030.0
2009-03-26,1850.0,1950.0,2110.0
2009-03-27,1980.0,2080.0,2190.0
2009-03-28,2190.0,2250.0,2310.0
2009-03-29,2310.0,2520.0,2820.0
2009-03-30,2820.0,3110.0,3300.0
2009-03-31,2850.0,3060.0,3290.0
2009-04-01,2620.0,2730.0,2850.0
2009-04-02,2680.0,3030.0,3220.0
2009-04-03,3210.0,3540.0,3750.0
2009-04-04,3490.0,3650.0,3780.0
2009-04-05,3460.0,3590.0,3650.0
2009-04-06,3450.0,3680.0,3930.0
2009-04-07,3640.0,3850.0,4060.0
2009-04-08,3580.0,3780.0,3970.0
2009-04-09,3570.0,3710.0,3810.0
2009-04-10,3600.0,3750.0,3880.0
2009-04-11,3500.0,3650.0,3740.0
2009-04-12,3300.0,3420.0,3570.0
2009-04-13,3170.0,3250.0,3340.0
2009-04-14,3030.0,3120.0,3220.0
2009-04-15,2930.0,3020.0,3070.0
2009-04-16,2860.0,2930.0,3040.0
2009-04-17,2920.0,3010.0,3090.0
2009-04-18,2860.0,2990.0,3110.0
2009-04-19,2740.0,2810.0,2900.0
2009-04-20,2700.0,2750.0,2830.0
2009-04-21,2700.0,2760.0,2880.0
2009-04-22,2540.0,2670.0,2760.0
2009-04-23,2530.0,2580.0,2630.0
2009-04-24,2410.0,2550.0,2650.0
2009-04-25,2220.0,2310.0,2450.0
2009-04-26,2160.0,2210.0,2290.0
2009-04-27,2130.0,2240.0,2320.0
2009-04-28,2220.0,2340.0,2460.0
2009-04-29,2440.0,2470.0,2510.0
2009-04-30,2410.0,2450.0,2510.0
2009-05-01,2280.0,2340.0,2430.0
2009-05-02,2180.0,2270.0,2350.0
2009-05-03,2260.0,2310.0,2370.0
2009-05-04,2110.0,2200.0,2280.0
2009-05-05,2240.0,2310.0,2360.0
2009-05-06,2110.0,2220.0,2300.0
2009-05-07,2290.0,2450.0,2540.0
2009-05-08,2300.0,2360.0,2480.0
2009-05-09,2300.0,2360.0,2420.0
2009-05-10,2350.0,2450.0,2560.0
2009-05-11,2480.0,2550.0,2640.0
2009-05-12,2610.0,2800.0,3060.0
2009-05-13,2770.0,2930.0,3090.0
2009-05-14,2930.0,3010.0,3170.0
2009-05-15,3040.0,3150.0,3260.0
2009-05-16,2960.0,3040.0,3110.0
2009-05-17,2660.0,2760.0,2970.0
2009-05-18,2670.0,2740.0,2870.0
2009-05-19,2800.0,3020.0,3280.0
2009-05-20,2810.0,2920.0,3130.0
2009-05-21,2660.0,2730.0,2870.0
2009-05-22,2590.0,2640.0,2700.0
2009-05-23,2610.0,2670.0,2750.0
2009-05-24,2640.0,2690.0,2770.0
2009-05-25,2600.0,2650.0,2710.0
2009-05-26,2640.0,2710.0,2790.0
2009-05-27,2630.0,2730.0,2880.0
2009-05-28,2680.0,2830.0,2920.0
2009-05-29,2640.0,2680.0,2740.0
2009-05-30,2590.0,2700.0,3110.0
2009-05-31,2750.0,3180.0,3480.0
2009-06-01,2380.0,2520.0,2750.0
2009-06-02,2200.0,2270.0,2430.0
2009-06-03,2160.0,2220.0,2310.0
2009-06-04,2020.0,2130.0,2260.0
2009-06-05,1920.0,1990.0,2030.0
2009-06-06,1830.0,1880.0,1940.0
2009-06-07,1780.0,2000.0,2310.0
2009-06-08,2230.0,2290.0,2360.0
2009-06-09,2100.0,2170.0,2300.0
2009-06-10,1940.0,2030.0,2110.0
2009-06-11,1920.0,2000.0,2090.0
2009-06-12,1840.0,1910.0,2010.0
2009-06-13,1790.0,1840.0,1920.0
2009-06-14,1640.0,1720.0,1810.0
2009-06-15,1640.0,1690.0,1800.0
2009-06-16,1670.0,1830.0,2030.0
2009-06-17,2030.0,2180.0,2300.0
2009-06-18,2030.0,2150.0,2250.0
2009-06-19,1940.0,2030.0,2140.0
2009-06-20,2140.0,2780.0,3830.0
2009-06-21,2730.0,3160.0,3830.0
2009-06-22,2460.0,2540.0,2730.0
2009-06-23,2530.0,5120.0,6810.0
2009-06-24,6810.0,7600.0,8150.0
2009-06-25,7410.0,7970.0,8170.0
2009-06-26,5720.0,6460.0,7410.0
2009-06-27,5120.0,5490.0,5830.0
2009-06-28,5120.0,5550.0,6210.0
2009-06-29,6210.0,6630.0,6960.0
2009-06-30,5350.0,6120.0,6790.0
2009-07-01,4270.0,4700.0,5350.0
2009-07-02,3730.0,3930.0,4270.0
2009-07-03,3520.0,3690.0,3910.0
2009-07-04,3710.0,3870.0,4030.0
2009-07-05,3600.0,3720.0,3910.0
2009-07-06,3310.0,3550.0,3960.0
2009-07-07,3610.0,3870.0,4080.0
2009-07-08,3700.0,4150.0,4350.0
2009-07-09,3300.0,3760.0,4140.0
2009-07-10,2930.0,3140.0,3300.0
2009-07-11,2670.0,2810.0,2970.0
2009-07-12,2510.0,2580.0,2710.0
2009-07-13,2320.0,2390.0,2530.0
2009-07-14,2250.0,2300.0,2340.0
2009-07-15,2200.0,2240.0,2290.0
2009-07-16,2200.0,2300.0,2440.0
2009-07-17,2210.0,2240.0,2290.0
2009-07-18,2190.0,2570.0,4060.0
2009-07-19,4060.0,4710.0,5020.0
2009-07-20,3490.0,3700.0,4320.0
2009-07-21,2900.0,3180.0,3500.0
2009-07-22,2550.0,2730.0,2910.0
2009-07-23,2410.0,2510.0,2570.0
2009-07-24,2490.0,2510.0,2560.0
2009-07-25,2480.0,2770.0,3210.0
2009-07-26,2520.0,2770.0,3150.0
2009-07-27,2240.0,2360.0,2520.0
2009-07-28,2030.0,2190.0,2270.0
2009-07-29,2120.0,2220.0,2290.0
2009-07-30,2000.0,2080.0,2160.0
2009-07-31,1940.0,2000.0,2090.0
2009-08-01,1880.0,1930.0,1990.0
2009-08-02,1770.0,1830.0,1920.0
2009-08-03,1800.0,1850.0,1910.0
2009-08-04,1910.0,2440.0,4230.0
2009-08-05,3080.0,4200.0,4940.0
2009-08-06,2650.0,2880.0,3080.0
2009-08-07,2350.0,2450.0,2660.0
2009-08-08,2060.0,2200.0,2370.0
2009-08-09,1930.0,2020.0,2120.0
2009-08-10,1970.0,2030.0,2130.0
2009-08-11,2050.0,2340.0,2530.0
2009-08-12,2170.0,2370.0,2560.0
2009-08-13,2060.0,2110.0,2180.0
2009-08-14,1960.0,2060.0,2150.0
2009-08-15,2020.0,2070.0,2170.0
2009-08-16,1830.0,1910.0,2050.0
2009-08-17,1670.0,1780.0,1860.0
2009-08-18,1600.0,1690.0,1790.0
2009-08-19,1550.0,1640.0,1740.0
2009-08-20,1430.0,1600.0,1690.0
2009-08-21,1440.0,1560.0,1620.0
2009-08-22,1360.0,1570.0,1850.0
2009-08-23,1700.0,1770.0,1850.0
2009-08-24,1480.0,1620.0,1770.0
2009-08-25,1410.0,1460.0,1510.0
2009-08-26,1410.0,1450.0,1570.0
2009-08-27,1450.0,1500.0,1540.0
2009-08-28,1440.0,1480.0,1530.0
2009-08-29,1410.0,1720.0,2200.0
2009-08-30,1770.0,2060.0,2320.0
2009-08-31,1500.0,1600.0,1790.0
2009-09-01,1390.0,1450.0,1550.0
2009-09-02,1330.0,1390.0,1490.0
2009-09-03,1340.0,1430.0,1590.0
2009-09-04,1570.0,1750.0,1970.0
2009-09-05,1970.0,2810.0,3260.0
2009-09-06,2180.0,2570.0,3150.0
2009-09-07,1950.0,2030.0,2180.0
2009-09-08,1670.0,1790.0,1950.0
2009-09-09,1610.0,1690.0,1800.0
2009-09-10,1480.0,1560.0,1660.0
2009-09-11,1440.0,1480.0,1520.0
2009-09-12,1450.0,1910.0,2110.0
2009-09-13,1630.0,1750.0,1990.0
2009-09-14,1450.0,1600.0,1910.0
2009-09-15,1890.0,2030.0,2150.0
2009-09-16,1700.0,1780.0,1890.0
2009-09-17,1650.0,1720.0,1790.0
2009-09-18,1630.0,1700.0,1790.0
2009-09-19,1480.0,1570.0,1640.0
2009-09-20,1360.0,1450.0,1540.0
2009-09-21,1320.0,1350.0,1410.0
2009-09-22,1300.0,1340.0,1380.0
2009-09-23,1250.0,1310.0,1370.0
2009-09-24,1220.0,1270.0,1310.0
2009-09-25,1150.0,1200.0,1260.0
2009-09-26,1080.0,1140.0,1230.0
2009-09-27,1070.0,1130.0,1170.0
2009-09-28,1020.0,1070.0,1130.0
2009-09-29,989.0,1080.0,1120.0
2009-09-30,989.0,1040.0,1070.0
2009-10-01,1020.0,1080.0,1150.0
2009-10-02,1030.0,1060.0,1120.0
2009-10-03,999.0,1030.0,1080.0
2009-10-04,907.0,964.0,1010.0
2009-10-05,877.0,917.0,948.0
2009-10-06,897.0,985.0,1030.0
2009-10-07,958.0,1020.0,1060.0
2009-10-08,999.0,1020.0,1060.0
2009-10-09,958.0,1030.0,1090.0
2009-10-10,1020.0,1070.0,1100.0
2009-10-11,1020.0,1070.0,1140.0
2009-10-12,1040.0,1190.0,1310.0
2009-10-13,1300.0,1500.0,1670.0
2009-10-14,1560.0,1620.0,1700.0
2009-10-15,1380.0,1540.0,1610.0
2009-10-16,1300.0,1390.0,1460.0
2009-10-17,1330.0,1460.0,1620.0
2009-10-18,1570.0,1610.0,1650.0
2009-10-19,1550.0,1620.0,1740.0
2009-10-20,1530.0,1600.0,1660.0
2009-10-21,1410.0,1490.0,1600.0
2009-10-22,1350.0,1440.0,1570.0
2009-10-23,1570.0,1740.0,1870.0
2009-10-24,1720.0,1800.0,1900.0
2009-10-25,1700.0,1860.0,1960.0
2009-10-26,1620.0,1690.0,1750.0
2009-10-27,1580.0,1670.0,1740.0
2009-10-28,1440.0,1590.0,1760.0
2009-10-29,1440.0,1520.0,1610.0
2009-10-30,1370.0,1440.0,1490.0
2009-10-31,1310.0,1360.0,1410.0
2009-11-01,1220.0,1290.0,1360.0
2009-11-02,1150.0,1220.0,1270.0
2009-11-03,1260.0,1410.0,1600.0
2009-11-04,1590.0,1640.0,1720.0
2009-11-05,1650.0,1890.0,2040.0
2009-11-06,1640.0,1740.0,1920.0
2009-11-07,1550.0,1620.0,1690.0
2009-11-08,1380.0,1470.0,1550.0
2009-11-09,1330.0,1370.0,1410.0
2009-11-10,1320.0,1360.0,1400.0
2009-11-11,1310.0,1330.0,1370.0
2009-11-12,1280.0,1310.0,1360.0
2009-11-13,1220.0,1280.0,1310.0
2009-11-14,1190.0,1210.0,1240.0
2009-11-15,1160.0,1190.0,1230.0
2009-11-16,1130.0,1170.0,1230.0
2009-11-17,1140.0,1180.0,1230.0
2009-11-18,1200.0,1260.0,1330.0
2009-11-19,1270.0,1330.0,1390.0
2009-11-20,1310.0,1350.0,1410.0
2009-11-21,1250.0,1300.0,1350.0
2009-11-22,1170.0,1220.0,1260.0
2009-11-23,1150.0,1180.0,1220.0
2009-11-24,1120.0,1170.0,1220.0
2009-11-25,1180.0,1290.0,1380.0
2009-11-26,1240.0,1270.0,1330.0
2009-11-27,1240.0,1270.0,1300.0
2009-11-28,1160.0,1210.0,1280.0
2009-11-29,1110.0,1130.0,1170.0
2009-11-30,1110.0,1130.0,1160.0
2009-12-01,1090.0,1140.0,1250.0
2009-12-02,1180.0,1230.0,1290.0
2009-12-03,1190.0,1240.0,1290.0
2009-12-04,1170.0,1200.0,1240.0
2009-12-05,1170.0,1220.0,1260.0
2009-12-06,1120.0,1160.0,1190.0
2009-12-07,1090.0,1120.0,1160.0
2009-12-08,1140.0,1200.0,1250.0
2009-12-09,1240.0,1400.0,1620.0
2009-12-10,1510.0,1550.0,1590.0
2009-12-11,1560.0,1730.0,2130.0
2009-12-12,2050.0,2140.0,2200.0
2009-12-13,1920.0,1970.0,2090.0
2009-12-14,1700.0,1800.0,1970.0
2009-12-15,1570.0,1660.0,1830.0
2009-12-16,1460.0,1510.0,1600.0
2009-12-17,1390.0,1440.0,1500.0
2009-12-18,1330.0,1380.0,1430.0
2009-12-19,1220.0,1330.0,1420.0
2009-12-20,1130.0,1190.0,1260.0
2009-12-21,1090.0,1120.0,1170.0
2009-12-22,1100.0,1130.0,1180.0
2009-12-23,1060.0,1130.0,1220.0
2009-12-24,1120.0,1280.0,1360.0
2009-12-25,1320.0,1400.0,1550.0
2009-12-26,1550.0,1740.0,1830.0
2009-12-27,1480.0,1560.0,1770.0
2009-12-28,1330.0,1400.0,1510.0
2009-12-29,1300.0,1340.0,1390.0
2009-12-30,1260.0,1290.0,1340.0
2009-12-31,1280.0,1390.0,1480.0
2010-01-01,1440.0,1600.0,1790.0
2010-01-02,1730.0,1760.0,1820.0
2010-01-03,1600.0,1670.0,1760.0
2010-01-04,1450.0,1570.0,1620.0
2010-01-05,1350.0,1410.0,1450.0
2010-01-06,1330.0,1360.0,1410.0
2010-01-07,1260.0,1310.0,1350.0
2010-01-08,1270.0,1300.0,1320.0
2010-01-09,1200.0,1240.0,1300.0
2010-01-10,1100.0,1150.0,1220.0
2010-01-11,1120.0,1150.0,1190.0
2010-01-12,1080.0,1110.0,1140.0
2010-01-13,1070.0,1120.0,1160.0
2010-01-14,1070.0,1100.0,1130.0
2010-01-15,1050.0,1080.0,1130.0
2010-01-16,1070.0,1100.0,1140.0
2010-01-17,1020.0,1060.0,1120.0
2010-01-18,1010.0,1040.0,1140.0
2010-01-19,1120.0,1180.0,1280.0
2010-01-20,1200.0,1260.0,1330.0
2010-01-21,1170.0,1220.0,1280.0
2010-01-22,1150.0,1170.0,1230.0
2010-01-23,1070.0,1120.0,1160.0
2010-01-24,1030.0,1060.0,1100.0
2010-01-25,989.0,1030.0,1060.0
2010-01-26,999.0,1050.0,1100.0
2010-01-27,989.0,1040.0,1090.0
2010-01-28,979.0,1020.0,1070.0
2010-01-29,948.0,986.0,1040.0
2010-01-30,999.0,1030.0,1070.0
2010-01-31,938.0,985.0,1030.0
2010-02-01,918.0,946.0,979.0
2010-02-02,907.0,967.0,1010.0
2010-02-03,938.0,981.0,1020.0
2010-02-04,968.0,1090.0,1180.0
2010-02-05,1120.0,1190.0,1230.0
2010-02-06,1130.0,1150.0,1170.0
2010-02-07,1120.0,1150.0,1200.0
2010-02-08,1080.0,1130.0,1180.0
2010-02-09,1120.0,1160.0,1190.0
2010-02-10,1120.0,1150.0,1170.0
2010-02-11,1120.0,1140.0,1170.0
2010-02-12,1080.0,1120.0,1150.0
2010-02-13,1010.0,1050.0,1090.0
2010-02-14,907.0,1000.0,1050.0
2010-02-15,907.0,977.0,1050.0
2010-02-16,948.0,973.0,1010.0
2010-02-17,948.0,984.0,1020.0
2010-02-18,958.0,972.0,999.0
2010-02-19,968.0,1000.0,1040.0
2010-02-20,968.0,1010.0,1060.0
2010-02-21,1010.0,1040.0,1070.0
2010-02-22,989.0,1040.0,1100.0
2010-02-23,999.0,1040.0,1070.0
2010-02-24,1020.0,1080.0,1140.0
2010-02-25,1090.0,1250.0,1410.0
2010-02-26,1390.0,1660.0,1890.0
2010-02-27,1890.0,2180.0,2300.0
2010-02-28,2230.0,2280.0,2310.0
2010-03-01,2240.0,2350.0,2460.0
2010-03-02,2340.0,2440.0,2520.0
2010-03-03,2140.0,2250.0,2340.0
2010-03-04,1960.0,2050.0,2170.0
2010-03-05,1830.0,1870.0,1960.0
2010-03-06,1590.0,1660.0,1830.0
2010-03-07,1440.0,1520.0,1620.0
2010-03-08,1350.0,1390.0,1460.0
2010-03-09,1320.0,1360.0,1400.0
2010-03-10,1250.0,1300.0,1380.0
2010-03-11,1240.0,1270.0,1320.0
2010-03-12,1190.0,1260.0,1310.0
2010-03-13,1140.0,1180.0,1220.0
2010-03-14,1070.0,1120.0,1190.0
2010-03-15,1060.0,1100.0,1170.0
2010-03-16,1130.0,1240.0,1390.0
2010-03-17,1390.0,1600.0,1670.0
2010-03-18,1610.0,1640.0,1690.0
2010-03-19,1590.0,1630.0,1690.0
2010-03-20,1550.0,1590.0,1670.0
2010-03-21,1580.0,1750.0,1990.0
2010-03-22,1990.0,2140.0,2260.0
2010-03-23,2250.0,2290.0,2340.0
2010-03-24,2230.0,2290.0,2340.0
2010-03-25,2140.0,2230.0,2320.0
2010-03-26,2140.0,2210.0,2310.0
2010-03-27,2160.0,2270.0,2390.0
2010-03-28,2100.0,2190.0,2330.0
2010-03-29,2070.0,2120.0,2180.0
2010-03-30,1970.0,2040.0,2150.0
2010-03-31,1970.0,2060.0,2130.0
2010-04-01,1870.0,2000.0,2160.0
2010-04-02,1740.0,1830.0,1900.0
2010-04-03,1600.0,1690.0,1810.0
2010-04-04,1490.0,1560.0,1670.0
2010-04-05,1460.0,1520.0,1580.0
2010-04-06,1490.0,1570.0,1640.0
2010-04-07,1390.0,1460.0,1540.0
2010-04-08,1390.0,1440.0,1490.0
2010-04-09,1410.0,1460.0,1530.0
2010-04-10,1380.0,1420.0,1460.0
2010-04-11,1350.0,1400.0,1450.0
2010-04-12,1300.0,1360.0,1430.0
2010-04-13,1280.0,1320.0,1380.0
2010-04-14,1310.0,1450.0,1750.0
2010-04-15,1740.0,1820.0,1870.0
2010-04-16,1570.0,1630.0,1750.0
2010-04-17,1440.0,1510.0,1600.0
2010-04-18,1370.0,1420.0,1480.0
2010-04-19,1340.0,1400.0,1460.0
2010-04-20,1300.0,1360.0,1450.0
2010-04-21,1280.0,1360.0,1460.0
2010-04-22,1310.0,1360.0,1430.0
2010-04-23,1290.0,1320.0,1370.0
2010-04-24,1300.0,1340.0,1380.0
2010-04-25,1310.0,1340.0,1420.0
2010-04-26,1400.0,1440.0,1530.0
2010-04-27,1460.0,1550.0,1600.0
2010-04-28,1430.0,1480.0,1570.0
2010-04-29,1440.0,1490.0,1540.0
2010-04-30,1450.0,1500.0,1540.0
2010-05-01,1500.0,1630.0,1800.0
2010-05-02,1790.0,1830.0,1880.0
2010-05-03,1760.0,1840.0,1970.0
2010-05-04,1910.0,1950.0,2010.0
2010-05-05,1850.0,1900.0,1960.0
2010-05-06,1780.0,1890.0,2010.0
2010-05-07,1910.0,2010.0,2060.0
2010-05-08,1820.0,1900.0,1980.0
2010-05-09,1740.0,1790.0,1830.0
2010-05-10,1650.0,1710.0,1810.0
2010-05-11,1610.0,1680.0,1770.0
2010-05-12,1620.0,1730.0,1810.0
2010-05-13,1660.0,1760.0,1910.0
2010-05-14,1910.0,2230.0,2540.0
2010-05-15,2030.0,2230.0,2570.0
2010-05-16,2020.0,2180.0,2320.0
2010-05-17,2010.0,2160.0,2300.0
2010-05-18,1870.0,1930.0,2020.0
2010-05-19,1810.0,1870.0,1910.0
2010-05-20,1740.0,1810.0,1870.0
2010-05-21,1730.0,1890.0,2220.0
2010-05-22,2210.0,2520.0,2860.0
2010-05-23,2450.0,2690.0,2900.0
2010-05-24,2110.0,2250.0,2470.0
2010-05-25,1980.0,2070.0,2120.0
2010-05-26,2030.0,2070.0,2150.0
2010-05-27,2150.0,2300.0,2400.0
2010-05-28,2370.0,2420.0,2530.0
2010-05-29,2300.0,2350.0,2400.0
2010-05-30,2270.0,2310.0,2350.0
2010-05-31,2310.0,2530.0,2900.0
2010-06-01,2900.0,3170.0,3490.0
2010-06-02,3490.0,4370.0,6060.0
2010-06-03,6020.0,6670.0,7000.0
2010-06-04,6810.0,7230.0,7430.0
2010-06-05,5680.0,6110.0,6810.0
2010-06-06,4540.0,5250.0,5720.0
2010-06-07,3730.0,3980.0,4540.0
2010-06-08,3600.0,3720.0,3870.0
2010-06-09,3340.0,3460.0,3650.0
2010-06-10,3060.0,3230.0,3370.0
2010-06-11,2970.0,3050.0,3130.0
2010-06-12,2920.0,3010.0,3110.0
2010-06-13,2750.0,2900.0,3110.0
2010-06-14,2810.0,3230.0,3770.0
2010-06-15,2860.0,3200.0,3650.0
2010-06-16,2730.0,2890.0,3210.0
2010-06-17,2710.0,2900.0,3160.0
2010-06-18,2590.0,2700.0,2830.0
2010-06-19,2710.0,2800.0,2930.0
2010-06-20,2920.0,3320.0,4150.0
2010-06-21,4120.0,4350.0,4640.0
2010-06-22,3460.0,3900.0,4350.0
2010-06-23,2920.0,3190.0,3460.0
2010-06-24,2620.0,2740.0,2920.0
2010-06-25,2360.0,2420.0,2630.0
2010-06-26,2280.0,2320.0,2380.0
2010-06-27,2110.0,2180.0,2340.0
2010-06-28,1970.0,2030.0,2110.0
2010-06-29,1920.0,2010.0,2080.0
2010-06-30,1910.0,1980.0,2050.0
2010-07-01,1910.0,1990.0,2050.0
2010-07-02,1830.0,1890.0,1980.0
2010-07-03,1800.0,1850.0,1910.0
2010-07-04,1700.0,1760.0,1880.0
2010-07-05,1720.0,2390.0,3090.0
2010-07-06,2730.0,3050.0,3260.0
2010-07-07,2420.0,2580.0,2730.0
2010-07-08,1990.0,2170.0,2420.0
2010-07-09,1850.0,1910.0,2010.0
2010-07-10,1720.0,1810.0,1900.0
2010-07-11,1620.0,1710.0,1800.0
2010-07-12,1590.0,1650.0,1770.0
2010-07-13,1600.0,1680.0,1750.0
2010-07-14,1640.0,1700.0,1760.0
2010-07-15,1620.0,1660.0,1710.0
2010-07-16,1590.0,1640.0,1720.0
2010-07-17,1550.0,1590.0,1650.0
2010-07-18,1640.0,2380.0,2980.0
2010-07-19,2070.0,2350.0,2700.0
2010-07-20,1950.0,2030.0,2120.0
2010-07-21,1720.0,1810.0,1960.0
2010-07-22,1540.0,1670.0,1770.0
2010-07-23,1580.0,1710.0,1880.0
2010-07-24,1850.0,2530.0,3530.0
2010-07-25,3520.0,4370.0,4840.0
2010-07-26,3330.0,3640.0,4400.0
2010-07-27,2550.0,2880.0,3340.0
2010-07-28,2390.0,2550.0,2650.0
2010-07-29,2370.0,2490.0,2600.0
2010-07-30,2600.0,2810.0,3070.0
2010-07-31,2860.0,3110.0,3240.0
2010-08-01,2400.0,2590.0,2860.0
2010-08-02,2090.0,2190.0,2440.0
2010-08-03,2160.0,2550.0,3070.0
2010-08-04,2740.0,3080.0,3340.0
2010-08-05,2520.0,2670.0,2770.0
2010-08-06,2500.0,2890.0,3300.0
2010-08-07,3240.0,3700.0,4650.0
2010-08-08,4640.0,4950.0,5190.0
2010-08-09,3990.0,4310.0,4700.0
2010-08-10,3160.0,3670.0,4060.0
2010-08-11,2840.0,3040.0,3200.0
2010-08-12,2650.0,2720.0,2840.0
2010-08-13,2630.0,2740.0,2870.0
2010-08-14,2670.0,2780.0,2870.0
2010-08-15,2490.0,2620.0,2750.0
2010-08-16,2520.0,2590.0,2670.0
2010-08-17,2500.0,2530.0,2590.0
2010-08-18,2360.0,2480.0,2560.0
2010-08-19,2230.0,2330.0,2410.0
2010-08-20,2160.0,2210.0,2270.0
2010-08-21,1980.0,2040.0,2180.0
2010-08-22,1880.0,1940.0,2020.0
2010-08-23,1700.0,1830.0,1940.0
2010-08-24,1710.0,1910.0,2080.0
2010-08-25,2080.0,2270.0,2420.0
2010-08-26,2000.0,2140.0,2380.0
2010-08-27,1910.0,2000.0,2060.0
2010-08-28,2030.0,2150.0,2360.0
2010-08-29,2360.0,2570.0,2710.0
2010-08-30,2510.0,2650.0,2810.0
2010-08-31,2810.0,3410.0,4430.0
2010-09-01,4270.0,5000.0,5700.0
2010-09-02,3740.0,3910.0,4320.0
2010-09-03,3240.0,3450.0,3740.0
2010-09-04,2830.0,3000.0,3240.0
2010-09-05,2640.0,2740.0,2870.0
2010-09-06,2320.0,2450.0,2640.0
2010-09-07,2250.0,2310.0,2380.0
2010-09-08,2190.0,2230.0,2340.0
2010-09-09,2120.0,2190.0,2240.0
2010-09-10,2130.0,2160.0,2180.0
2010-09-11,1980.0,2050.0,2160.0
2010-09-12,1850.0,1890.0,2010.0
2010-09-13,1550.0,1720.0,1850.0
2010-09-14,1570.0,1790.0,1890.0
2010-09-15,1830.0,1890.0,1970.0
2010-09-16,1600.0,1760.0,1890.0
2010-09-17,1600.0,1680.0,1800.0
2010-09-18,1640.0,1750.0,1890.0
2010-09-19,1700.0,1820.0,1930.0
2010-09-20,1590.0,1680.0,1770.0
2010-09-21,1450.0,1530.0,1590.0
2010-09-22,1430.0,1490.0,1550.0
2010-09-23,1360.0,1440.0,1510.0
2010-09-24,1350.0,1410.0,1480.0
2010-09-25,1360.0,1420.0,1490.0
2010-09-26,1480.0,1660.0,1820.0
2010-09-27,1700.0,1770.0,1830.0
2010-09-28,1570.0,1700.0,1760.0
2010-09-29,1530.0,1590.0,1690.0
2010-09-30,1490.0,1600.0,1700.0
2010-10-01,1490.0,1540.0,1600.0
2010-10-02,1450.0,1500.0,1540.0
2010-10-03,1390.0,1440.0,1500.0
2010-10-04,1310.0,1390.0,1440.0
2010-10-05,1290.0,1350.0,1420.0
2010-10-06,1320.0,1400.0,1530.0
2010-10-07,1310.0,1410.0,1460.0
2010-10-08,1320.0,1370.0,1430.0
2010-10-09,1200.0,1270.0,1370.0
2010-10-10,1140.0,1200.0,1260.0
2010-10-11,1130.0,1180.0,1260.0
2010-10-12,1110.0,1170.0,1240.0
2010-10-13,1120.0,1180.0,1240.0
2010-10-14,1120.0,1170.0,1240.0
2010-10-15,1120.0,1170.0,1220.0
2010-10-16,1120.0,1170.0,1220.0
2010-10-17,1080.0,1120.0,1180.0
2010-10-18,1100.0,1140.0,1190.0
2010-10-19,1100.0,1160.0,1240.0
2010-10-20,1140.0,1190.0,1230.0
2010-10-21,1150.0,1250.0,1300.0
2010-10-22,1200.0,1280.0,1330.0
2010-10-23,1200.0,1270.0,1310.0
2010-10-24,1170.0,1250.0,1300.0
2010-10-25,1170.0,1220.0,1260.0
2010-10-26,1240.0,1380.0,1460.0
2010-10-27,1360.0,1430.0,1490.0
2010-10-28,1300.0,1380.0,1450.0
2010-10-29,1270.0,1300.0,1330.0
2010-10-30,1280.0,1340.0,1400.0
2010-10-31,1260.0,1290.0,1330.0
2010-11-01,1250.0,1300.0,1350.0
2010-11-02,1300.0,1340.0,1390.0
2010-11-03,1260.0,1310.0,1350.0
2010-11-04,1230.0,1280.0,1350.0
2010-11-05,1190.0,1260.0,1310.0
2010-11-06,1120.0,1170.0,1230.0
2010-11-07,1100.0,1130.0,1160.0
2010-11-08,1070.0,1140.0,1200.0
2010-11-09,1130.0,1200.0,1290.0
2010-11-10,1120.0,1230.0,1330.0
2010-11-11,1140.0,1200.0,1270.0
2010-11-12,1140.0,1180.0,1240.0
2010-11-13,1170.0,1270.0,1360.0
2010-11-14,1330.0,1380.0,1460.0
2010-11-15,1330.0,1410.0,1450.0
2010-11-16,1280.0,1310.0,1350.0
2010-11-17,1220.0,1300.0,1340.0
2010-11-18,1220.0,1310.0,1380.0
2010-11-19,1330.0,1390.0,1480.0
2010-11-20,1380.0,1440.0,1480.0
2010-11-21,1290.0,1340.0,1400.0
2010-11-22,1250.0,1280.0,1310.0
2010-11-23,1230.0,1270.0,1330.0
2010-11-24,1250.0,1300.0,1350.0
2010-11-25,1300.0,1380.0,1480.0
2010-11-26,1390.0,1420.0,1460.0
2010-11-27,1320.0,1380.0,1440.0
2010-11-28,1230.0,1270.0,1330.0
2010-11-29,1180.0,1250.0,1290.0
2010-11-30,1190.0,1240.0,1310.0
2010-12-01,1190.0,1240.0,1270.0
2010-12-02,1190.0,1250.0,1290.0
2010-12-03,1190.0,1240.0,1290.0
2010-12-04,1150.0,1190.0,1250.0
2010-12-05,1010.0,1110.0,1180.0
2010-12-06,968.0,1060.0,1130.0
2010-12-07,1090.0,1160.0,1270.0
2010-12-08,1250.0,1630.0,2130.0
2010-12-09,2130.0,2320.0,2590.0
2010-12-10,2460.0,2510.0,2590.0
2010-12-11,2400.0,2450.0,2510.0
2010-12-12,2420.0,2500.0,2560.0
2010-12-13,2330.0,2410.0,2530.0
2010-12-14,2150.0,2230.0,2360.0
2010-12-15,1850.0,2010.0,2160.0
2010-12-16,1770.0,1840.0,1900.0
2010-12-17,1660.0,1720.0,1850.0
2010-12-18,1570.0,1630.0,1700.0
2010-12-19,1450.0,1530.0,1630.0
2010-12-20,1400.0,1430.0,1490.0
2010-12-21,1410.0,1470.0,1540.0
2010-12-22,1540.0,1580.0,1610.0
2010-12-23,1560.0,1640.0,1700.0
2010-12-24,1650.0,1860.0,2070.0
2010-12-25,1900.0,2020.0,2110.0
2010-12-26,1690.0,1770.0,1900.0
2010-12-27,1590.0,1640.0,1720.0
2010-12-28,1450.0,1540.0,1610.0
2010-12-29,1400.0,1440.0,1500.0
2010-12-30,1310.0,1400.0,1500.0
2010-12-31,1310.0,1340.0,1380.0
2011-01-01,1270.0,1300.0,1330.0
2011-01-02,1240.0,1280.0,1320.0
2011-01-03,1250.0,1270.0,1300.0
2011-01-04,1250.0,1300.0,1350.0
2011-01-05,1200.0,1260.0,1330.0
2011-01-06,1180.0,1220.0,1260.0
2011-01-07,1150.0,1200.0,1250.0
2011-01-08,1160.0,1220.0,1350.0
2011-01-09,1350.0,1420.0,1540.0
2011-01-10,1540.0,1820.0,2000.0
2011-01-11,1980.0,2060.0,2170.0
2011-01-12,2080.0,2170.0,2250.0
2011-01-13,2210.0,2860.0,5320.0
2011-01-14,5320.0,6640.0,7330.0
2011-01-15,6170.0,6980.0,7240.0
2011-01-16,5500.0,5890.0,6170.0
2011-01-17,4460.0,4970.0,5500.0
2011-01-18,3500.0,3920.0,4460.0
2011-01-19,2990.0,3220.0,3520.0
2011-01-20,2660.0,2830.0,2990.0
2011-01-21,2480.0,2580.0,2720.0
2011-01-22,2280.0,2380.0,2490.0
2011-01-23,2100.0,2170.0,2280.0
2011-01-24,1970.0,2040.0,2120.0
2011-01-25,1870.0,1980.0,2060.0
2011-01-26,1860.0,1900.0,1960.0
2011-01-27,1810.0,1870.0,1940.0
2011-01-28,1770.0,1830.0,1890.0
2011-01-29,1650.0,1740.0,1830.0
2011-01-30,1490.0,1600.0,1710.0
2011-01-31,1490.0,1550.0,1610.0
2011-02-01,1540.0,1580.0,1660.0
2011-02-02,1480.0,1530.0,1590.0
2011-02-03,1460.0,1500.0,1540.0
2011-02-04,1400.0,1450.0,1510.0
2011-02-05,1360.0,1390.0,1450.0
2011-02-06,1390.0,1470.0,1540.0
2011-02-07,1490.0,1590.0,1670.0
2011-02-08,1580.0,1650.0,1700.0
2011-02-09,1490.0,1540.0,1630.0
2011-02-10,1460.0,1510.0,1560.0
2011-02-11,1450.0,1500.0,1570.0
2011-02-12,1530.0,1770.0,2260.0
2011-02-13,1950.0,2170.0,2270.0
2011-02-14,1820.0,1920.0,1980.0
2011-02-15,1700.0,1770.0,1850.0
2011-02-16,1610.0,1700.0,1800.0
2011-02-17,1570.0,1630.0,1670.0
2011-02-18,1530.0,1560.0,1590.0
2011-02-19,1420.0,1500.0,1550.0
2011-02-20,1360.0,1400.0,1460.0
2011-02-21,1310.0,1350.0,1410.0
2011-02-22,1300.0,1350.0,1400.0
2011-02-23,1270.0,1330.0,1370.0
2011-02-24,1260.0,1330.0,1440.0
2011-02-25,1190.0,1300.0,1390.0
2011-02-26,1130.0,1190.0,1250.0
2011-02-27,1100.0,1130.0,1180.0
2011-02-28,1130.0,1190.0,1230.0
2011-03-01,1170.0,1230.0,1290.0
2011-03-02,1150.0,1200.0,1280.0
2011-03-03,1160.0,1210.0,1270.0
2011-03-04,1140.0,1200.0,1250.0
2011-03-05,1140.0,1170.0,1230.0
2011-03-06,1050.0,1120.0,1180.0
2011-03-07,1060.0,1090.0,1130.0
2011-03-08,1050.0,1080.0,1120.0
2011-03-09,1020.0,1050.0,1080.0
2011-03-10,1010.0,1060.0,1110.0
2011-03-11,1040.0,1080.0,1120.0
2011-03-12,1030.0,1060.0,1110.0
2011-03-13,1020.0,1070.0,1110.0
2011-03-14,1070.0,1120.0,1170.0
2011-03-15,1100.0,1150.0,1190.0
2011-03-16,1120.0,1150.0,1220.0
2011-03-17,1120.0,1250.0,1390.0
2011-03-18,1390.0,1520.0,1980.0
2011-03-19,1980.0,2490.0,2730.0
2011-03-20,1910.0,2090.0,2320.0
2011-03-21,1580.0,1720.0,1940.0
2011-03-22,1490.0,1540.0,1620.0
2011-03-23,1390.0,1430.0,1540.0
2011-03-24,1320.0,1390.0,1450.0
2011-03-25,1290.0,1340.0,1360.0
2011-03-26,1290.0,1330.0,1380.0
2011-03-27,1300.0,1330.0,1360.0
2011-03-28,1340.0,1410.0,1480.0
2011-03-29,1350.0,1430.0,1480.0
2011-03-30,1350.0,1380.0,1410.0
2011-03-31,1320.0,1360.0,1400.0
2011-04-01,1330.0,1370.0,1410.0
2011-04-02,1340.0,1500.0,1610.0
2011-04-03,1490.0,1520.0,1550.0
2011-04-04,1490.0,1540.0,1580.0
2011-04-05,1540.0,1620.0,1740.0
2011-04-06,1560.0,1660.0,1730.0
2011-04-07,1430.0,1540.0,1600.0
2011-04-08,1480.0,1560.0,1690.0
2011-04-09,1660.0,1710.0,1760.0
2011-04-10,1460.0,1580.0,1670.0
2011-04-11,1410.0,1460.0,1500.0
2011-04-12,1370.0,1410.0,1450.0
2011-04-13,1390.0,1430.0,1480.0
2011-04-14,1340.0,1400.0,1490.0
2011-04-15,1340.0,1380.0,1430.0
2011-04-16,1250.0,1300.0,1360.0
2011-04-17,1190.0,1250.0,1300.0
2011-04-18,1130.0,1170.0,1250.0
2011-04-19,1140.0,1180.0,1230.0
2011-04-20,1160.0,1200.0,1240.0
2011-04-21,1190.0,1230.0,1260.0
2011-04-22,1150.0,1200.0,1250.0
2011-04-23,1160.0,1210.0,1260.0
2011-04-24,1150.0,1190.0,1250.0
2011-04-25,1100.0,1140.0,1190.0
2011-04-26,1110.0,1160.0,1220.0
2011-04-27,1140.0,1180.0,1230.0
2011-04-28,1120.0,1170.0,1230.0
2011-04-29,1110.0,1150.0,1180.0
2011-04-30,1090.0,1130.0,1180.0
2011-05-01,1040.0,1090.0,1130.0
2011-05-02,1020.0,1080.0,1110.0
2011-05-03,1040.0,1120.0,1230.0
2011-05-04,1170.0,1220.0,1270.0
2011-05-05,1080.0,1140.0,1220.0
2011-05-06,1050.0,1100.0,1170.0
2011-05-07,989.0,1050.0,1120.0
2011-05-08,999.0,1040.0,1090.0
2011-05-09,958.0,1020.0,1090.0
2011-05-10,979.0,1050.0,1100.0
2011-05-11,1060.0,1120.0,1220.0
2011-05-12,1100.0,1140.0,1230.0
2011-05-13,1180.0,1250.0,1310.0
2011-05-14,1230.0,1270.0,1310.0
2011-05-15,1240.0,1340.0,1660.0
2011-05-16,1570.0,1750.0,1860.0
2011-05-17,1460.0,1570.0,1640.0
2011-05-18,1390.0,1430.0,1500.0
2011-05-19,1340.0,1390.0,1460.0
2011-05-20,1260.0,1340.0,1410.0
2011-05-21,1280.0,1300.0,1330.0
2011-05-22,1260.0,1300.0,1340.0
2011-05-23,1130.0,1260.0,1360.0
2011-05-24,1310.0,1380.0,1440.0
2011-05-25,1280.0,1330.0,1410.0
2011-05-26,1300.0,1330.0,1370.0
2011-05-27,1280.0,1380.0,1620.0
2011-05-28,1590.0,2320.0,3040.0
2011-05-29,2070.0,2380.0,2850.0
2011-05-30,1700.0,1840.0,2070.0
2011-05-31,1600.0,1700.0,1790.0
2011-06-01,1620.0,1720.0,1850.0
2011-06-02,1700.0,1830.0,1920.0
2011-06-03,1690.0,1770.0,1850.0
2011-06-04,1610.0,1700.0,1770.0
2011-06-05,1520.0,1630.0,1700.0
2011-06-06,1440.0,1510.0,1570.0
2011-06-07,1400.0,1510.0,1630.0
2011-06-08,1520.0,1570.0,1640.0
2011-06-09,1570.0,1670.0,1850.0
2011-06-10,1590.0,1730.0,1850.0
2011-06-11,1510.0,1570.0,1620.0
2011-06-12,1510.0,1550.0,1600.0
2011-06-13,1520.0,1570.0,1630.0
2011-06-14,1480.0,1510.0,1550.0
2011-06-15,1460.0,1520.0,1580.0
2011-06-16,1440.0,1490.0,1540.0
2011-06-17,1440.0,1490.0,1530.0
2011-06-18,1510.0,1590.0,1740.0
2011-06-19,1660.0,2050.0,2560.0
2011-06-20,2250.0,2370.0,2540.0
2011-06-21,1990.0,2130.0,2260.0
2011-06-22,1850.0,1930.0,2020.0
2011-06-23,1850.0,1920.0,2120.0
2011-06-24,2120.0,2410.0,2670.0
2011-06-25,2030.0,2250.0,2560.0
2011-06-26,1870.0,1970.0,2080.0
2011-06-27,1800.0,1930.0,2020.0
2011-06-28,1690.0,1780.0,1870.0
2011-06-29,1560.0,1690.0,1790.0
2011-06-30,1580.0,1720.0,2050.0
2011-07-01,2040.0,2230.0,2320.0
2011-07-02,2100.0,2240.0,2380.0
2011-07-03,1850.0,1990.0,2140.0
2011-07-04,1670.0,1790.0,1870.0
2011-07-05,1670.0,1740.0,1790.0
2011-07-06,1710.0,1810.0,1860.0
2011-07-07,1540.0,1640.0,1750.0
2011-07-08,1450.0,1520.0,1580.0
2011-07-09,1460.0,1520.0,1570.0
2011-07-10,1460.0,1510.0,1560.0
2011-07-11,1530.0,1680.0,1770.0
2011-07-12,1640.0,1710.0,1770.0
2011-07-13,1540.0,1580.0,1660.0
2011-07-14,1510.0,1570.0,1710.0
2011-07-15,1710.0,1760.0,1830.0
2011-07-16,1700.0,1840.0,1930.0
2011-07-17,1440.0,1550.0,1710.0
2011-07-18,1370.0,1420.0,1490.0
2011-07-19,1410.0,1480.0,1560.0
2011-07-20,1500.0,1630.0,1750.0
2011-07-21,1730.0,2600.0,3450.0
2011-07-22,2980.0,3120.0,3430.0
2011-07-23,2560.0,2890.0,3030.0
2011-07-24,2340.0,2450.0,2600.0
2011-07-25,2600.0,2820.0,3020.0
2011-07-26,2250.0,2460.0,2700.0
2011-07-27,2010.0,2130.0,2260.0
2011-07-28,1840.0,1900.0,2010.0
2011-07-29,1850.0,1910.0,1970.0
2011-07-30,1820.0,1910.0,1960.0
2011-07-31,1700.0,1790.0,1870.0
2011-08-01,1660.0,1740.0,1850.0
2011-08-02,1600.0,1660.0,1750.0
2011-08-03,1530.0,1570.0,1650.0
2011-08-04,1520.0,1720.0,2140.0
2011-08-05,2020.0,2170.0,2250.0
2011-08-06,1880.0,1950.0,2020.0
2011-08-07,1850.0,1970.0,2030.0
2011-08-08,1890.0,2130.0,2490.0
2011-08-09,2490.0,2980.0,3520.0
2011-08-10,2620.0,2850.0,3330.0
2011-08-11,2350.0,2520.0,2650.0
2011-08-12,2100.0,2210.0,2350.0
2011-08-13,2020.0,2060.0,2120.0
2011-08-14,1810.0,1930.0,2060.0
2011-08-15,1740.0,1830.0,2000.0
2011-08-16,1970.0,2160.0,2330.0
2011-08-17,2070.0,2150.0,2270.0
2011-08-18,1890.0,2050.0,2200.0
2011-08-19,1800.0,1870.0,1980.0
2011-08-20,1670.0,1780.0,1820.0
2011-08-21,1590.0,1650.0,1720.0
2011-08-22,1460.0,1540.0,1630.0
2011-08-23,1440.0,1490.0,1530.0
2011-08-24,1450.0,1520.0,1580.0
2011-08-25,1450.0,1510.0,1610.0
2011-08-26,1390.0,1460.0,1510.0
2011-08-27,1390.0,1420.0,1450.0
2011-08-28,1420.0,1520.0,1590.0
2011-08-29,1270.0,1380.0,1600.0
2011-08-30,1200.0,1250.0,1290.0
2011-08-31,1180.0,1230.0,1280.0
2011-09-01,1140.0,1190.0,1250.0
2011-09-02,1160.0,1220.0,1270.0
2011-09-03,1130.0,1190.0,1240.0
2011-09-04,1090.0,1130.0,1170.0
2011-09-05,1090.0,1190.0,1310.0
2011-09-06,1300.0,1590.0,1760.0
2011-09-07,1600.0,1660.0,1760.0
2011-09-08,1420.0,1520.0,1660.0
2011-09-09,1340.0,1390.0,1480.0
2011-09-10,1400.0,1500.0,1580.0
2011-09-11,1220.0,1310.0,1430.0
2011-09-12,1140.0,1200.0,1280.0
2011-09-13,1120.0,1150.0,1180.0
2011-09-14,1080.0,1130.0,1170.0
2011-09-15,1090.0,1140.0,1200.0
2011-09-16,1110.0,1150.0,1190.0
2011-09-17,1070.0,1110.0,1170.0
2011-09-18,1040.0,1090.0,1130.0
2011-09-19,1080.0,1350.0,2060.0
2011-09-20,2060.0,2370.0,2460.0
2011-09-21,2070.0,2210.0,2350.0
2011-09-22,1870.0,1980.0,2130.0
2011-09-23,1700.0,1820.0,1930.0
2011-09-24,1600.0,1680.0,1820.0
2011-09-25,1430.0,1530.0,1630.0
2011-09-26,1360.0,1410.0,1490.0
2011-09-27,1300.0,1350.0,1410.0
2011-09-28,1250.0,1310.0,1380.0
2011-09-29,1190.0,1270.0,1360.0
2011-09-30,1160.0,1230.0,1270.0
2011-10-01,1100.0,1170.0,1250.0
2011-10-02,1010.0,1090.0,1150.0
2011-10-03,1010.0,1050.0,1100.0
2011-10-04,989.0,1030.0,1070.0
2011-10-05,968.0,1020.0,1060.0
2011-10-06,989.0,1030.0,1060.0
2011-10-07,1030.0,1150.0,1300.0
2011-10-08,1300.0,1620.0,1820.0
2011-10-09,1790.0,1830.0,1910.0
2011-10-10,1710.0,1810.0,2130.0
2011-10-11,2130.0,3990.0,4890.0
2011-10-12,3070.0,3320.0,3910.0
2011-10-13,3030.0,3660.0,4210.0
2011-10-14,2810.0,3230.0,3850.0
2011-10-15,2360.0,2550.0,2810.0
2011-10-16,1960.0,2140.0,2360.0
2011-10-17,1780.0,1860.0,2010.0
2011-10-18,1650.0,1740.0,1850.0
2011-10-19,1530.0,1620.0,1700.0
2011-10-20,1510.0,1580.0,1660.0
2011-10-21,1530.0,1600.0,1660.0
2011-10-22,1420.0,1490.0,1550.0
2011-10-23,1340.0,1400.0,1460.0
2011-10-24,1260.0,1340.0,1430.0
2011-10-25,1250.0,1300.0,1360.0
2011-10-26,1280.0,1320.0,1360.0
2011-10-27,1330.0,1370.0,1420.0
2011-10-28,1250.0,1300.0,1410.0
2011-10-29,1220.0,1260.0,1320.0
2011-10-30,1100.0,1170.0,1260.0
2011-10-31,1070.0,1100.0,1130.0
2011-11-01,1050.0,1080.0,1130.0
2011-11-02,1050.0,1080.0,1120.0
2011-11-03,1060.0,1110.0,1160.0
2011-11-04,1040.0,1080.0,1140.0
2011-11-05,1050.0,1090.0,1140.0
2011-11-06,948.0,994.0,1090.0
2011-11-07,902.0,946.0,999.0
2011-11-08,979.0,1010.0,1050.0
2011-11-09,938.0,1000.0,1030.0
2011-11-10,968.0,1030.0,1100.0
2011-11-11,938.0,972.0,999.0
2011-11-12,918.0,957.0,989.0
2011-11-13,887.0,924.0,958.0
2011-11-14,857.0,926.0,1010.0
2011-11-15,887.0,921.0,968.0
2011-11-16,857.0,927.0,979.0
2011-11-17,938.0,978.0,1030.0
2011-11-18,928.0,977.0,1030.0
2011-11-19,877.0,922.0,958.0
2011-11-20,826.0,891.0,999.0
2011-11-21,826.0,851.0,907.0
2011-11-22,826.0,880.0,928.0
2011-11-23,857.0,888.0,938.0
2011-11-24,887.0,923.0,968.0
2011-11-25,887.0,914.0,948.0
2011-11-26,867.0,907.0,948.0
2011-11-27,796.0,841.0,897.0
2011-11-28,766.0,806.0,836.0
2011-11-29,806.0,864.0,907.0
2011-11-30,816.0,846.0,877.0
2011-12-01,806.0,831.0,857.0
2011-12-02,806.0,832.0,857.0
2011-12-03,816.0,854.0,897.0
2011-12-04,796.0,833.0,877.0
2011-12-05,786.0,846.0,918.0
2011-12-06,887.0,916.0,958.0
2011-12-07,928.0,1010.0,1140.0
2011-12-08,1140.0,1340.0,1490.0
2011-12-09,1220.0,1340.0,1500.0
2011-12-10,1170.0,1200.0,1240.0
2011-12-11,1200.0,1250.0,1290.0
2011-12-12,1270.0,1330.0,1410.0
2011-12-13,1380.0,1420.0,1460.0
2011-12-14,1300.0,1370.0,1490.0
2011-12-15,1240.0,1290.0,1340.0
2011-12-16,1230.0,1260.0,1320.0
2011-12-17,1260.0,1370.0,1500.0
2011-12-18,1480.0,1580.0,1700.0
2011-12-19,1520.0,1610.0,1710.0
2011-12-20,1430.0,1500.0,1580.0
2011-12-21,1310.0,1370.0,1460.0
2011-12-22,1240.0,1280.0,1320.0
2011-12-23,1230.0,1310.0,1520.0
2011-12-24,1520.0,1680.0,1840.0
2011-12-25,1780.0,1830.0,1870.0
2011-12-26,1550.0,1630.0,1810.0
2011-12-27,1390.0,1460.0,1550.0
2011-12-28,1330.0,1380.0,1460.0
2011-12-29,1290.0,1330.0,1390.0
2011-12-30,1280.0,1310.0,1350.0
2011-12-31,1240.0,1290.0,1360.0
2012-01-01,1260.0,1360.0,1650.0
2012-01-02,1650.0,2130.0,2220.0
2012-01-03,2190.0,2350.0,2500.0
2012-01-04,2130.0,2270.0,2480.0
2012-01-05,2130.0,2190.0,2310.0
2012-01-06,2310.0,2510.0,2670.0
2012-01-07,2350.0,2400.0,2490.0
2012-01-08,2320.0,2420.0,2540.0
2012-01-09,2390.0,2470.0,2560.0
2012-01-10,2410.0,2500.0,2660.0
2012-01-11,2300.0,2480.0,2660.0
2012-01-12,2140.0,2240.0,2330.0
2012-01-13,2040.0,2100.0,2170.0
2012-01-14,1910.0,2010.0,2120.0
2012-01-15,1790.0,1840.0,1930.0
2012-01-16,1630.0,1700.0,1800.0
2012-01-17,1590.0,1630.0,1690.0
2012-01-18,1520.0,1570.0,1630.0
2012-01-19,1480.0,1530.0,1640.0
2012-01-20,1640.0,3330.0,4320.0
2012-01-21,2960.0,3370.0,4170.0
2012-01-22,2980.0,4170.0,4990.0
2012-01-23,3870.0,4110.0,4510.0
2012-01-24,3700.0,3860.0,3970.0
2012-01-25,3170.0,3470.0,3730.0
2012-01-26,2820.0,2970.0,3210.0
2012-01-27,2430.0,2600.0,2820.0
2012-01-28,2180.0,2320.0,2440.0
2012-01-29,2040.0,2100.0,2210.0
2012-01-30,1910.0,1970.0,2070.0
2012-01-31,1850.0,1890.0,2000.0
2012-02-01,1730.0,1810.0,1960.0
2012-02-02,1640.0,1700.0,1820.0
2012-02-03,1540.0,1600.0,1660.0
2012-02-04,1500.0,1530.0,1560.0
2012-02-05,1340.0,1430.0,1550.0
2012-02-06,1280.0,1320.0,1370.0
2012-02-07,1360.0,1410.0,1460.0
2012-02-08,1360.0,1410.0,1450.0
2012-02-09,1350.0,1400.0,1430.0
2012-02-10,1370.0,1410.0,1440.0
2012-02-11,1270.0,1310.0,1400.0
2012-02-12,1130.0,1230.0,1360.0
2012-02-13,1110.0,1200.0,1270.0
2012-02-14,1150.0,1240.0,1320.0
2012-02-15,1250.0,1310.0,1360.0
2012-02-16,1270.0,1290.0,1350.0
2012-02-17,1240.0,1280.0,1330.0
2012-02-18,1160.0,1240.0,1280.0
2012-02-19,1190.0,1250.0,1280.0
2012-02-20,1260.0,1340.0,1410.0
2012-02-21,1320.0,1400.0,1450.0
2012-02-22,1280.0,1340.0,1440.0
2012-02-23,1230.0,1270.0,1340.0
2012-02-24,1240.0,1350.0,1560.0
2012-02-25,1560.0,1800.0,2130.0
2012-02-26,2130.0,2220.0,2280.0
2012-02-27,1960.0,2060.0,2200.0
2012-02-28,1830.0,1870.0,2000.0
2012-02-29,1870.0,2420.0,2930.0
2012-03-01,2500.0,2700.0,2930.0
2012-03-02,2490.0,2610.0,2700.0
2012-03-03,2530.0,2590.0,2640.0
2012-03-04,2370.0,2460.0,2570.0
2012-03-05,2280.0,2330.0,2370.0
2012-03-06,2090.0,2190.0,2320.0
2012-03-07,1980.0,2080.0,2130.0
2012-03-08,1890.0,1950.0,2050.0
2012-03-09,1840.0,1890.0,1960.0
2012-03-10,1750.0,1820.0,1900.0
2012-03-11,1650.0,1710.0,1780.0
2012-03-12,1550.0,1730.0,1870.0
2012-03-13,1830.0,1950.0,2070.0
2012-03-14,2020.0,2060.0,2090.0
2012-03-15,1920.0,2010.0,2080.0
2012-03-16,2010.0,2050.0,2120.0
2012-03-17,2020.0,2080.0,2180.0
2012-03-18,2100.0,2180.0,2250.0
2012-03-19,2130.0,2220.0,2310.0
2012-03-20,2140.0,2210.0,2270.0
2012-03-21,2140.0,2190.0,2240.0
2012-03-22,2050.0,2130.0,2240.0
2012-03-23,2090.0,2130.0,2170.0
2012-03-24,2150.0,2210.0,2300.0
2012-03-25,2190.0,2250.0,2300.0
2012-03-26,2120.0,2170.0,2210.0
2012-03-27,2130.0,2170.0,2200.0
2012-03-28,2020.0,2130.0,2210.0
2012-03-29,2100.0,2180.0,2270.0
2012-03-30,2240.0,2400.0,2680.0
2012-03-31,2510.0,2610.0,2680.0
2012-04-01,2380.0,2460.0,2550.0
2012-04-02,2160.0,2270.0,2380.0
2012-04-03,2010.0,2080.0,2190.0
2012-04-04,1960.0,2030.0,2110.0
2012-04-05,2010.0,2080.0,2160.0
2012-04-06,2090.0,2180.0,2300.0
2012-04-07,2190.0,2250.0,2310.0
2012-04-08,2100.0,2160.0,2210.0
2012-04-09,1870.0,1990.0,2110.0
2012-04-10,1780.0,1860.0,1910.0
2012-04-11,1750.0,1820.0,1880.0
2012-04-12,1820.0,1980.0,2190.0
2012-04-13,2030.0,2090.0,2210.0
2012-04-14,1940.0,1980.0,2060.0
2012-04-15,1800.0,1870.0,1960.0
2012-04-16,1820.0,1920.0,2150.0
2012-04-17,2150.0,2320.0,2380.0
2012-04-18,2040.0,2130.0,2300.0
2012-04-19,1910.0,2010.0,2150.0
2012-04-20,1850.0,1890.0,2000.0
2012-04-21,1850.0,1880.0,1970.0
2012-04-22,1720.0,1820.0,1930.0
2012-04-23,1710.0,1780.0,1840.0
2012-04-24,1670.0,1750.0,1810.0
2012-04-25,1690.0,1760.0,1850.0
2012-04-26,1690.0,1750.0,1830.0
2012-04-27,1730.0,1840.0,1980.0
2012-04-28,1950.0,2090.0,2250.0
2012-04-29,2200.0,2410.0,2620.0
2012-04-30,2600.0,2750.0,2910.0
2012-05-01,2730.0,2780.0,2830.0
2012-05-02,2730.0,2800.0,2900.0
2012-05-03,2770.0,2860.0,2930.0
2012-05-04,2510.0,2680.0,2830.0
2012-05-05,2450.0,2490.0,2550.0
2012-05-06,2300.0,2400.0,2470.0
2012-05-07,2240.0,2270.0,2320.0
2012-05-08,2200.0,2230.0,2270.0
2012-05-09,2130.0,2180.0,2220.0
2012-05-10,2140.0,2190.0,2290.0
2012-05-11,2220.0,2290.0,2360.0
2012-05-12,2320.0,2440.0,2610.0
2012-05-13,2520.0,2600.0,2670.0
2012-05-14,2200.0,2360.0,2560.0
2012-05-15,2020.0,2130.0,2250.0
2012-05-16,1910.0,1980.0,2040.0
2012-05-17,1950.0,2010.0,2090.0
2012-05-18,1830.0,1870.0,2010.0
2012-05-19,1730.0,1790.0,1850.0
2012-05-20,1760.0,1800.0,1870.0
2012-05-21,1740.0,1830.0,1930.0
2012-05-22,1900.0,2080.0,2220.0
2012-05-23,2130.0,2180.0,2260.0
2012-05-24,2260.0,2450.0,2590.0
2012-05-25,2520.0,2660.0,2770.0
2012-05-26,2410.0,2540.0,2720.0
2012-05-27,2160.0,2270.0,2410.0
2012-05-28,2000.0,2060.0,2220.0
2012-05-29,1890.0,2020.0,2170.0
2012-05-30,2120.0,2170.0,2220.0
2012-05-31,2090.0,2130.0,2180.0
2012-06-01,2180.0,2370.0,2640.0
2012-06-02,2630.0,2760.0,2840.0
2012-06-03,2590.0,2640.0,2720.0
2012-06-04,2590.0,2930.0,3830.0
2012-06-05,3410.0,4020.0,4460.0
2012-06-06,2980.0,3210.0,3430.0
2012-06-07,2660.0,2800.0,2980.0
2012-06-08,2490.0,2560.0,2700.0
2012-06-09,2610.0,2750.0,2950.0
2012-06-10,2900.0,3000.0,3220.0
2012-06-11,3060.0,3270.0,3480.0
2012-06-12,3040.0,3180.0,3350.0
2012-06-13,3340.0,4840.0,5900.0
2012-06-14,3940.0,4600.0,5680.0
2012-06-15,3260.0,3610.0,3960.0
2012-06-16,2810.0,3040.0,3280.0
2012-06-17,2540.0,2630.0,2810.0
2012-06-18,2470.0,2510.0,2570.0
2012-06-19,2460.0,2530.0,2650.0
2012-06-20,2590.0,2640.0,2690.0
2012-06-21,2680.0,3340.0,3840.0
2012-06-22,3030.0,3290.0,3800.0
2012-06-23,3380.0,3670.0,3970.0
2012-06-24,2900.0,3320.0,3940.0
2012-06-25,2700.0,2790.0,2920.0
2012-06-26,2640.0,2710.0,2790.0
2012-06-27,2440.0,2570.0,2670.0
2012-06-28,2290.0,2360.0,2450.0
2012-06-29,2110.0,2200.0,2290.0
2012-06-30,2150.0,2190.0,2230.0
2012-07-01,2010.0,2070.0,2220.0
2012-07-02,2030.0,2100.0,2170.0
2012-07-03,2060.0,2170.0,2310.0
2012-07-04,2210.0,2320.0,2400.0
2012-07-05,2160.0,2200.0,2280.0
2012-07-06,2090.0,2170.0,2230.0
2012-07-07,2120.0,2200.0,2270.0
2012-07-08,1990.0,2040.0,2130.0
2012-07-09,1900.0,1970.0,2050.0
2012-07-10,2040.0,2080.0,2120.0
2012-07-11,1980.0,2050.0,2120.0
2012-07-12,1960.0,2020.0,2070.0
2012-07-13,2020.0,2060.0,2120.0
2012-07-14,1970.0,2030.0,2080.0
2012-07-15,2010.0,2150.0,2500.0
2012-07-16,2340.0,2550.0,2660.0
2012-07-17,2100.0,2290.0,2380.0
2012-07-18,1930.0,2050.0,2120.0
2012-07-19,1800.0,1940.0,2020.0
2012-07-20,1830.0,1900.0,1990.0
2012-07-21,1980.0,2450.0,3380.0
2012-07-22,2740.0,2990.0,3380.0
2012-07-23,2270.0,2490.0,2750.0
2012-07-24,2010.0,2130.0,2290.0
2012-07-25,1970.0,2010.0,2050.0
2012-07-26,1980.0,2180.0,2360.0
2012-07-27,2180.0,2290.0,2350.0
2012-07-28,1990.0,2080.0,2200.0
2012-07-29,2020.0,2070.0,2120.0
2012-07-30,1850.0,2010.0,2090.0
2012-07-31,1770.0,1930.0,2020.0
2012-08-01,1690.0,1820.0,1880.0
2012-08-02,1560.0,1700.0,1800.0
2012-08-03,1580.0,1680.0,1820.0
2012-08-04,1700.0,1790.0,1850.0
2012-08-05,1810.0,1960.0,2180.0
2012-08-06,1740.0,1940.0,2140.0
2012-08-07,1780.0,1960.0,2220.0
2012-08-08,1930.0,2040.0,2220.0
2012-08-09,1790.0,1870.0,1960.0
2012-08-10,1660.0,1780.0,1890.0
2012-08-11,1610.0,1670.0,1720.0
2012-08-12,1420.0,1540.0,1660.0
2012-08-13,1350.0,1390.0,1450.0
2012-08-14,1280.0,1330.0,1390.0
2012-08-15,1270.0,1300.0,1330.0
2012-08-16,1280.0,1310.0,1360.0
2012-08-17,1280.0,1300.0,1340.0
2012-08-18,1270.0,1310.0,1370.0
2012-08-19,1200.0,1270.0,1350.0
2012-08-20,1180.0,1220.0,1250.0
2012-08-21,1160.0,1200.0,1250.0
2012-08-22,1240.0,1290.0,1350.0
2012-08-23,1280.0,1330.0,1390.0
2012-08-24,1340.0,1390.0,1540.0
2012-08-25,1380.0,1460.0,1570.0
2012-08-26,1430.0,1750.0,2480.0
2012-08-27,2080.0,2290.0,2540.0
2012-08-28,1980.0,2070.0,2170.0
2012-08-29,1650.0,1790.0,1980.0
2012-08-30,1600.0,1650.0,1730.0
2012-08-31,1600.0,1870.0,2690.0
2012-09-01,2690.0,3310.0,3640.0
2012-09-02,2440.0,2650.0,2910.0
2012-09-03,2160.0,2300.0,2450.0
2012-09-04,1980.0,2050.0,2180.0
2012-09-05,1820.0,1900.0,2020.0
2012-09-06,1840.0,2000.0,2120.0
2012-09-07,1850.0,2000.0,2100.0
2012-09-08,1630.0,1760.0,1910.0
2012-09-09,1520.0,1590.0,1710.0
2012-09-10,1130.0,1390.0,1540.0
2012-09-11,1200.0,1370.0,1510.0
2012-09-12,1390.0,1520.0,1740.0
2012-09-13,1730.0,2650.0,3420.0
2012-09-14,2480.0,2880.0,3300.0
2012-09-15,2040.0,2210.0,2480.0
2012-09-16,1820.0,1960.0,2100.0
2012-09-17,1650.0,1730.0,1850.0
2012-09-18,1480.0,1640.0,1750.0
2012-09-19,1530.0,1630.0,1750.0
2012-09-20,1720.0,1910.0,2040.0
2012-09-21,1770.0,1820.0,1970.0
2012-09-22,1600.0,1700.0,1820.0
2012-09-23,1550.0,1610.0,1660.0
2012-09-24,1450.0,1550.0,1640.0
2012-09-25,1550.0,1720.0,1970.0
2012-09-26,1650.0,1810.0,2010.0
2012-09-27,1590.0,1660.0,1730.0
2012-09-28,1550.0,1680.0,1800.0
2012-09-29,1640.0,1680.0,1800.0
2012-09-30,1420.0,1540.0,1650.0
2012-10-01,1410.0,1460.0,1520.0
2012-10-02,1440.0,1480.0,1550.0
2012-10-03,1450.0,1500.0,1570.0
2012-10-04,1320.0,1370.0,1450.0
2012-10-05,1270.0,1320.0,1370.0
2012-10-06,1210.0,1290.0,1410.0
2012-10-07,1150.0,1210.0,1280.0
2012-10-08,1260.0,1450.0,1650.0
2012-10-09,1350.0,1480.0,1590.0
2012-10-10,1520.0,1830.0,2230.0
2012-10-11,2030.0,2190.0,2370.0
2012-10-12,2230.0,2320.0,2380.0
2012-10-13,2160.0,2220.0,2320.0
2012-10-14,1940.0,2120.0,2310.0
2012-10-15,1830.0,1870.0,1980.0
2012-10-16,1770.0,1880.0,1980.0
2012-10-17,1890.0,1930.0,2010.0
2012-10-18,1760.0,1840.0,1930.0
2012-10-19,1690.0,1730.0,1850.0
2012-10-20,1610.0,1680.0,1760.0
2012-10-21,1480.0,1530.0,1640.0
2012-10-22,1370.0,1400.0,1490.0
2012-10-23,1410.0,1440.0,1490.0
2012-10-24,1350.0,1390.0,1480.0
2012-10-25,1260.0,1350.0,1390.0
2012-10-26,1220.0,1250.0,1290.0
2012-10-27,1200.0,1240.0,1280.0
2012-10-28,1210.0,1270.0,1370.0
2012-10-29,1230.0,1270.0,1320.0
2012-10-30,1240.0,1320.0,1430.0
2012-10-31,1270.0,1350.0,1480.0
2012-11-01,1260.0,1330.0,1410.0
2012-11-02,1320.0,1380.0,1430.0
2012-11-03,1340.0,1360.0,1400.0
2012-11-04,1320.0,1350.0,1380.0
2012-11-05,1330.0,1560.0,2270.0
2012-11-06,2250.0,2460.0,2640.0
2012-11-07,2060.0,2200.0,2290.0
2012-11-08,1910.0,1990.0,2080.0
2012-11-09,1720.0,1800.0,1960.0
2012-11-10,1680.0,1740.0,1780.0
2012-11-11,1570.0,1620.0,1690.0
2012-11-12,1550.0,1630.0,1760.0
2012-11-13,1720.0,1800.0,1890.0
2012-11-14,1730.0,1840.0,1940.0
2012-11-15,1620.0,1720.0,1770.0
2012-11-16,1580.0,1630.0,1700.0
2012-11-17,1450.0,1530.0,1600.0
2012-11-18,1340.0,1420.0,1480.0
2012-11-19,1300.0,1340.0,1380.0
2012-11-20,1280.0,1340.0,1420.0
2012-11-21,1250.0,1290.0,1320.0
2012-11-22,1170.0,1240.0,1300.0
2012-11-23,1170.0,1210.0,1240.0
2012-11-24,1130.0,1180.0,1210.0
2012-11-25,1050.0,1120.0,1180.0
2012-11-26,1030.0,1060.0,1110.0
2012-11-27,1020.0,1050.0,1100.0
2012-11-28,1060.0,1100.0,1120.0
2012-11-29,1060.0,1110.0,1210.0
2012-11-30,1200.0,1240.0,1290.0
2012-12-01,1260.0,1330.0,1430.0
2012-12-02,1160.0,1290.0,1420.0
2012-12-03,1150.0,1170.0,1200.0
2012-12-04,1140.0,1190.0,1280.0
2012-12-05,1150.0,1210.0,1290.0
2012-12-06,1220.0,1300.0,1430.0
2012-12-07,1340.0,1370.0,1400.0
2012-12-08,1230.0,1290.0,1430.0
2012-12-09,1070.0,1170.0,1250.0
2012-12-10,1040.0,1090.0,1140.0
2012-12-11,1100.0,1150.0,1210.0
2012-12-12,1160.0,1190.0,1240.0
2012-12-13,1140.0,1170.0,1200.0
2012-12-14,1130.0,1160.0,1180.0
2012-12-15,1070.0,1110.0,1160.0
2012-12-16,1120.0,1230.0,1410.0
2012-12-17,1410.0,1530.0,1780.0
2012-12-18,1760.0,1970.0,2330.0
2012-12-19,2290.0,2330.0,2370.0
2012-12-20,2090.0,2180.0,2340.0
2012-12-21,1890.0,1980.0,2150.0
2012-12-22,1780.0,1920.0,2100.0
2012-12-23,2100.0,2630.0,4900.0
2012-12-24,3820.0,4580.0,5270.0
2012-12-25,3360.0,3600.0,3820.0
2012-12-26,3100.0,3260.0,3360.0
2012-12-27,2740.0,2930.0,3100.0
2012-12-28,2720.0,2830.0,2970.0
2012-12-29,2670.0,2820.0,2980.0
2012-12-30,2510.0,2620.0,2730.0
2012-12-31,2310.0,2400.0,2580.0
2013-01-01,2010.0,2170.0,2310.0
2013-01-02,1920.0,1980.0,2050.0
2013-01-03,1820.0,1890.0,1980.0
2013-01-04,1740.0,1850.0,2090.0
2013-01-05,2090.0,4340.0,5960.0
2013-01-06,5250.0,5730.0,6050.0
2013-01-07,4940.0,5320.0,5600.0
2013-01-08,4210.0,4740.0,5470.0
2013-01-09,3650.0,3930.0,4210.0
2013-01-10,3240.0,3390.0,3650.0
2013-01-11,2800.0,3000.0,3240.0
2013-01-12,2570.0,2690.0,2850.0
2013-01-13,2320.0,2410.0,2570.0
2013-01-14,2160.0,2220.0,2350.0
2013-01-15,2110.0,2150.0,2190.0
2013-01-16,2020.0,2060.0,2130.0
2013-01-17,1980.0,2030.0,2110.0
2013-01-18,1930.0,1980.0,2030.0
2013-01-19,1810.0,1870.0,1990.0
2013-01-20,1590.0,1690.0,1840.0
2013-01-21,1600.0,1650.0,1700.0
2013-01-22,1610.0,1680.0,1730.0
2013-01-23,1600.0,1640.0,1700.0
2013-01-24,1570.0,1620.0,1700.0
2013-01-25,1540.0,1570.0,1660.0
2013-01-26,1490.0,1540.0,1610.0
2013-01-27,1300.0,1410.0,1570.0
2013-01-28,1290.0,1340.0,1390.0
2013-01-29,1360.0,1420.0,1460.0
2013-01-30,1430.0,2910.0,4160.0
2013-01-31,3880.0,4140.0,4260.0
2013-02-01,3200.0,3420.0,3880.0
2013-02-02,3220.0,4010.0,4500.0
2013-02-03,3520.0,3980.0,4460.0
2013-02-04,3460.0,3500.0,3550.0
2013-02-05,3500.0,3750.0,3960.0
2013-02-06,3480.0,3740.0,3990.0
2013-02-07,3190.0,3330.0,3510.0
2013-02-08,2930.0,3050.0,3190.0
2013-02-09,2580.0,2710.0,2930.0
2013-02-10,2280.0,2390.0,2600.0
2013-02-11,2120.0,2190.0,2300.0
2013-02-12,2010.0,2080.0,2190.0
2013-02-13,1980.0,2020.0,2080.0
2013-02-14,1910.0,2000.0,2040.0
2013-02-15,1910.0,1950.0,2010.0
2013-02-16,1700.0,1830.0,1940.0
2013-02-17,1700.0,1770.0,1900.0
2013-02-18,1630.0,1680.0,1750.0
2013-02-19,1660.0,1710.0,1770.0
2013-02-20,1670.0,1730.0,1770.0
2013-02-21,1630.0,1670.0,1730.0
2013-02-22,1620.0,1670.0,1720.0
2013-02-23,1560.0,1620.0,1710.0
2013-02-24,1460.0,1520.0,1610.0
2013-02-25,1460.0,1500.0,1540.0
2013-02-26,1490.0,1540.0,1620.0
2013-02-27,1500.0,1520.0,1550.0
2013-02-28,1480.0,1530.0,1590.0
2013-03-01,1540.0,1580.0,1650.0
2013-03-02,1520.0,1580.0,1680.0
2013-03-03,1510.0,1550.0,1600.0
2013-03-04,1430.0,1490.0,1530.0
2013-03-05,1490.0,1550.0,1600.0
2013-03-06,1550.0,1670.0,1760.0
2013-03-07,1710.0,1870.0,2080.0
2013-03-08,2070.0,2260.0,2370.0
2013-03-09,2290.0,2380.0,2470.0
2013-03-10,2360.0,2390.0,2440.0
2013-03-11,2360.0,2420.0,2500.0
2013-03-12,2310.0,2350.0,2400.0
2013-03-13,2200.0,2250.0,2320.0
2013-03-14,2140.0,2220.0,2290.0
2013-03-15,2000.0,2070.0,2170.0
2013-03-16,1770.0,1880.0,2010.0
2013-03-17,1650.0,1720.0,1800.0
2013-03-18,1600.0,1660.0,1700.0
2013-03-19,1700.0,1800.0,1930.0
2013-03-20,1870.0,1940.0,2000.0
2013-03-21,1750.0,1850.0,1950.0
2013-03-22,1710.0,1790.0,1880.0
2013-03-23,1570.0,1650.0,1780.0
2013-03-24,1480.0,1570.0,1690.0
2013-03-25,1430.0,1480.0,1520.0
2013-03-26,1480.0,1520.0,1560.0
2013-03-27,1440.0,1480.0,1540.0
2013-03-28,1420.0,1460.0,1520.0
2013-03-29,1410.0,1460.0,1510.0
2013-03-30,1420.0,1470.0,1540.0
2013-03-31,1450.0,1610.0,1760.0
2013-04-01,1710.0,1780.0,1830.0
2013-04-02,1640.0,1690.0,1770.0
2013-04-03,1630.0,1660.0,1700.0
2013-04-04,1510.0,1570.0,1700.0
2013-04-05,1480.0,1520.0,1590.0
2013-04-06,1490.0,1540.0,1580.0
2013-04-07,1400.0,1500.0,1570.0
2013-04-08,1390.0,1430.0,1490.0
2013-04-09,1440.0,1490.0,1540.0
2013-04-10,1480.0,1580.0,1700.0
2013-04-11,1600.0,1680.0,1760.0
2013-04-12,1640.0,1740.0,1870.0
2013-04-13,1850.0,1970.0,2080.0
2013-04-14,1920.0,1960.0,2010.0
2013-04-15,1860.0,1960.0,2120.0
2013-04-16,2060.0,2270.0,2500.0
2013-04-17,2380.0,2500.0,2720.0
2013-04-18,2680.0,2820.0,2980.0
2013-04-19,2740.0,3140.0,3510.0
2013-04-20,3250.0,3310.0,3440.0
2013-04-21,2970.0,3100.0,3250.0
2013-04-22,2980.0,3030.0,3070.0
2013-04-23,2730.0,2840.0,3020.0
2013-04-24,2500.0,2600.0,2760.0
2013-04-25,2460.0,2520.0,2580.0
2013-04-26,2520.0,2610.0,2720.0
2013-04-27,2600.0,2740.0,2920.0
2013-04-28,2760.0,2860.0,2940.0
2013-04-29,2690.0,2750.0,2830.0
2013-04-30,2600.0,2670.0,2740.0
2013-05-01,2630.0,2730.0,2790.0
2013-05-02,2610.0,2700.0,2880.0
2013-05-03,2790.0,3260.0,3790.0
2013-05-04,3140.0,3300.0,3520.0
2013-05-05,3050.0,3260.0,3430.0
2013-05-06,2680.0,2910.0,3320.0
2013-05-07,2640.0,2740.0,2880.0
2013-05-08,2730.0,2800.0,2870.0
2013-05-09,2660.0,2740.0,2840.0
2013-05-10,2510.0,2580.0,2690.0
2013-05-11,2600.0,2910.0,3250.0
2013-05-12,3250.0,3390.0,3470.0
2013-05-13,2920.0,3100.0,3360.0
2013-05-14,2670.0,2780.0,2940.0
2013-05-15,2520.0,2600.0,2680.0
2013-05-16,2350.0,2420.0,2520.0
2013-05-17,2280.0,2330.0,2400.0
2013-05-18,2290.0,2380.0,2440.0
2013-05-19,2170.0,2260.0,2420.0
2013-05-20,2100.0,2160.0,2210.0
2013-05-21,2070.0,2110.0,2160.0
2013-05-22,2050.0,2100.0,2170.0
2013-05-23,2010.0,2070.0,2170.0
2013-05-24,1940.0,2000.0,2080.0
2013-05-25,1980.0,2040.0,2110.0
2013-05-26,1800.0,1900.0,1990.0
2013-05-27,1820.0,2030.0,2510.0
2013-05-28,2510.0,2740.0,2930.0
2013-05-29,2510.0,2580.0,2630.0
2013-05-30,2360.0,2430.0,2540.0
2013-05-31,2540.0,4320.0,5390.0
2013-06-01,5190.0,5440.0,5560.0
2013-06-02,5190.0,5950.0,6950.0
2013-06-03,6950.0,8100.0,9360.0
2013-06-04,9360.0,9820.0,10200.0
2013-06-05,10200.0,10700.0,11100.0
2013-06-06,8920.0,9870.0,10800.0
2013-06-07,6470.0,7570.0,8920.0
2013-06-08,5490.0,5840.0,6470.0
2013-06-09,4740.0,5030.0,5490.0
2013-06-10,4500.0,4660.0,4780.0
2013-06-11,4430.0,4650.0,4930.0
2013-06-12,4530.0,4670.0,4860.0
2013-06-13,4330.0,4450.0,4540.0
2013-06-14,4010.0,4240.0,4370.0
2013-06-15,3790.0,3910.0,4010.0
2013-06-16,3620.0,3700.0,3820.0
2013-06-17,3410.0,3570.0,3770.0
2013-06-18,3390.0,3480.0,3580.0
2013-06-19,3440.0,3540.0,3610.0
2013-06-20,3290.0,3390.0,3560.0
2013-06-21,3180.0,3220.0,3290.0
2013-06-22,3080.0,3150.0,3220.0
2013-06-23,2990.0,3120.0,3190.0
2013-06-24,2990.0,3360.0,3920.0
2013-06-25,3860.0,4720.0,5470.0
2013-06-26,4350.0,5010.0,5470.0
2013-06-27,3460.0,3940.0,4350.0
2013-06-28,3140.0,3370.0,3510.0
2013-06-29,2710.0,2910.0,3140.0
2013-06-30,2510.0,2710.0,2950.0
2013-07-01,2560.0,2760.0,2980.0
2013-07-02,2470.0,2550.0,2610.0
2013-07-03,2360.0,2450.0,2540.0
2013-07-04,2520.0,2730.0,2980.0
2013-07-05,2610.0,2710.0,3000.0
2013-07-06,2760.0,2860.0,2950.0
2013-07-07,2470.0,2680.0,2870.0
2013-07-08,2340.0,2440.0,2550.0
2013-07-09,2270.0,2310.0,2360.0
2013-07-10,2260.0,2320.0,2370.0
2013-07-11,2210.0,2300.0,2360.0
2013-07-12,2140.0,2210.0,2280.0
2013-07-13,2020.0,2100.0,2180.0
2013-07-14,1840.0,1940.0,2090.0
2013-07-15,1760.0,1830.0,1890.0
2013-07-16,1720.0,1800.0,1860.0
2013-07-17,1690.0,1780.0,1860.0
2013-07-18,1630.0,1730.0,1810.0
2013-07-19,1660.0,1750.0,1890.0
2013-07-20,1700.0,1760.0,1920.0
2013-07-21,1550.0,1640.0,1730.0
2013-07-22,1500.0,1570.0,1630.0
2013-07-23,1480.0,1560.0,1660.0
2013-07-24,1540.0,1590.0,1660.0
2013-07-25,1530.0,1600.0,1680.0
2013-07-26,1560.0,1610.0,1710.0
2013-07-27,1510.0,1560.0,1600.0
2013-07-28,1410.0,1500.0,1570.0
2013-07-29,1390.0,1470.0,1530.0
2013-07-30,1390.0,1460.0,1540.0
2013-07-31,1490.0,1540.0,1580.0
2013-08-01,1360.0,1440.0,1510.0
2013-08-02,1300.0,1350.0,1400.0
2013-08-03,1230.0,1290.0,1370.0
2013-08-04,1240.0,1270.0,1320.0
2013-08-05,1290.0,1370.0,1430.0
2013-08-06,1300.0,1360.0,1450.0
2013-08-07,1320.0,1370.0,1460.0
2013-08-08,1340.0,1380.0,1460.0
2013-08-09,1330.0,1380.0,1530.0
2013-08-10,1520.0,1630.0,1770.0
2013-08-11,1510.0,1660.0,1770.0
2013-08-12,1340.0,1420.0,1520.0
2013-08-13,1290.0,1350.0,1400.0
2013-08-14,1320.0,1350.0,1420.0
2013-08-15,1180.0,1270.0,1380.0
2013-08-16,1120.0,1170.0,1240.0
2013-08-17,1060.0,1120.0,1170.0
2013-08-18,1040.0,1080.0,1130.0
2013-08-19,1060.0,1110.0,1170.0
2013-08-20,1130.0,1470.0,1920.0
2013-08-21,1330.0,1650.0,1930.0
2013-08-22,1350.0,1410.0,1450.0
2013-08-23,1270.0,1330.0,1420.0
2013-08-24,1230.0,1260.0,1320.0
2013-08-25,1240.0,1300.0,1630.0
2013-08-26,1620.0,1880.0,2000.0
2013-08-27,1720.0,1780.0,1860.0
2013-08-28,1710.0,1920.0,2560.0
2013-08-29,2460.0,2810.0,3050.0
2013-08-30,1920.0,2150.0,2460.0
2013-08-31,1620.0,1810.0,1970.0
2013-09-01,1390.0,1520.0,1670.0
2013-09-02,1490.0,1580.0,1680.0
2013-09-03,1500.0,1570.0,1680.0
2013-09-04,1390.0,1460.0,1530.0
2013-09-05,1360.0,1430.0,1510.0
2013-09-06,1280.0,1360.0,1490.0
2013-09-07,1220.0,1270.0,1340.0
2013-09-08,1150.0,1210.0,1300.0
2013-09-09,1130.0,1170.0,1220.0
2013-09-10,1160.0,1310.0,1510.0
2013-09-11,1360.0,1430.0,1600.0
2013-09-12,1490.0,1560.0,1600.0
2013-09-13,1450.0,1520.0,1610.0
2013-09-14,1600.0,1950.0,2130.0
2013-09-15,1880.0,2040.0,2160.0
2013-09-16,1710.0,1810.0,1940.0
2013-09-17,1900.0,2540.0,3520.0
2013-09-18,2800.0,3080.0,3500.0
2013-09-19,3270.0,4430.0,4940.0
2013-09-20,3610.0,4090.0,4870.0
2013-09-21,3170.0,3420.0,3610.0
2013-09-22,2560.0,2830.0,3190.0
2013-09-23,2200.0,2350.0,2570.0
2013-09-24,1970.0,2060.0,2210.0
2013-09-25,1900.0,1930.0,1980.0
2013-09-26,1820.0,1880.0,1950.0
2013-09-27,1810.0,1930.0,2040.0
2013-09-28,1970.0,2030.0,2140.0
2013-09-29,1710.0,1830.0,2040.0
2013-09-30,1630.0,1690.0,1770.0
2013-10-01,1560.0,1640.0,1730.0
2013-10-02,1520.0,1590.0,1680.0
2013-10-03,1460.0,1550.0,1630.0
2013-10-04,1380.0,1470.0,1520.0
2013-10-05,1330.0,1370.0,1450.0
2013-10-06,1270.0,1350.0,1410.0
2013-10-07,1320.0,1380.0,1430.0
2013-10-08,1330.0,1370.0,1430.0
2013-10-09,1340.0,1410.0,1490.0
2013-10-10,1320.0,1380.0,1440.0
2013-10-11,1400.0,1520.0,1770.0
2013-10-12,1770.0,1880.0,1980.0
2013-10-13,1720.0,1810.0,1930.0
2013-10-14,1630.0,1750.0,1880.0
2013-10-15,1560.0,1630.0,1700.0
2013-10-16,1570.0,1710.0,1820.0
2013-10-17,1810.0,2140.0,2320.0
2013-10-18,2130.0,2240.0,2300.0
2013-10-19,1940.0,2070.0,2150.0
2013-10-20,1800.0,1880.0,1990.0
2013-10-21,1660.0,1720.0,1810.0
2013-10-22,1580.0,1650.0,1750.0
2013-10-23,1520.0,1580.0,1650.0
2013-10-24,1490.0,1550.0,1660.0
2013-10-25,1640.0,1790.0,1860.0
2013-10-26,1570.0,1660.0,1760.0
2013-10-27,1420.0,1510.0,1640.0
2013-10-28,1410.0,1500.0,1590.0
2013-10-29,1370.0,1400.0,1420.0
2013-10-30,1380.0,1420.0,1460.0
2013-10-31,1440.0,1590.0,1690.0
2013-11-01,1410.0,1510.0,1670.0
2013-11-02,1320.0,1380.0,1440.0
2013-11-03,1320.0,1370.0,1430.0
2013-11-04,1390.0,1620.0,1820.0
2013-11-05,1580.0,1650.0,1750.0
2013-11-06,1660.0,1730.0,1820.0
2013-11-07,1730.0,2380.0,2880.0
2013-11-08,2270.0,2370.0,2610.0
2013-11-09,2040.0,2170.0,2350.0
2013-11-10,2040.0,2130.0,2230.0
2013-11-11,2120.0,2210.0,2360.0
2013-11-12,2260.0,2310.0,2420.0
2013-11-13,2130.0,2240.0,2350.0
2013-11-14,1970.0,2090.0,2210.0
2013-11-15,1900.0,1950.0,2020.0
2013-11-16,1820.0,1890.0,1990.0
2013-11-17,1690.0,1760.0,1880.0
2013-11-18,1570.0,1640.0,1780.0
2013-11-19,1570.0,1620.0,1670.0
2013-11-20,1610.0,1660.0,1750.0
2013-11-21,1560.0,1640.0,1710.0
2013-11-22,1600.0,1650.0,1710.0
2013-11-23,1540.0,1600.0,1720.0
2013-11-24,1500.0,1740.0,2310.0
2013-11-25,2040.0,2240.0,2390.0
2013-11-26,1670.0,1800.0,2040.0
2013-11-27,1610.0,1680.0,1750.0
2013-11-28,1540.0,1600.0,1720.0
2013-11-29,1460.0,1530.0,1620.0
2013-11-30,1450.0,1510.0,1570.0
2013-12-01,1340.0,1450.0,1560.0
2013-12-02,1300.0,1340.0,1370.0
2013-12-03,1340.0,1390.0,1430.0
2013-12-04,1330.0,1370.0,1400.0
2013-12-05,1330.0,1380.0,1440.0
2013-12-06,1350.0,1400.0,1440.0
2013-12-07,1250.0,1320.0,1430.0
2013-12-08,1280.0,1320.0,1370.0
2013-12-09,1260.0,1320.0,1420.0
2013-12-10,1300.0,1470.0,1630.0
2013-12-11,1560.0,1590.0,1650.0
2013-12-12,1530.0,1580.0,1650.0
2013-12-13,1500.0,1540.0,1590.0
2013-12-14,1380.0,1440.0,1550.0
2013-12-15,1300.0,1360.0,1430.0
2013-12-16,1210.0,1270.0,1330.0
2013-12-17,1200.0,1230.0,1260.0
2013-12-18,1220.0,1280.0,1330.0
2013-12-19,1210.0,1260.0,1330.0
2013-12-20,1130.0,1190.0,1260.0
2013-12-21,1080.0,1140.0,1180.0
2013-12-22,1070.0,1130.0,1180.0
2013-12-23,993.0,1040.0,1080.0
2013-12-24,1030.0,1060.0,1100.0
2013-12-25,1020.0,1060.0,1110.0
2013-12-26,1040.0,1110.0,1160.0
2013-12-27,1150.0,1210.0,1260.0
2013-12-28,1130.0,1210.0,1280.0
2013-12-29,1110.0,1140.0,1210.0
2013-12-30,1110.0,1130.0,1160.0
2013-12-31,1060.0,1100.0,1140.0
2014-01-01,,,
2014-01-02,1020.0,1060.0,1100.0
2014-01-03,1020.0,1050.0,1070.0
2014-01-04,1010.0,1040.0,1070.0
2014-01-05,989.0,1040.0,1090.0
2014-01-06,1010.0,1040.0,1090.0
2014-01-07,1040.0,1080.0,1140.0
2014-01-08,1090.0,1130.0,1170.0
2014-01-09,1110.0,1140.0,1180.0
2014-01-10,1080.0,1140.0,1180.0
2014-01-11,1080.0,1140.0,1180.0
2014-01-12,1120.0,1160.0,1190.0
2014-01-13,1120.0,1190.0,1250.0
2014-01-14,1120.0,1170.0,1220.0
2014-01-15,1100.0,1140.0,1170.0
2014-01-16,1160.0,1210.0,1280.0
2014-01-17,1240.0,1280.0,1330.0
2014-01-18,1180.0,1240.0,1320.0
2014-01-19,1150.0,1180.0,1240.0
2014-01-20,1130.0,1170.0,1220.0
2014-01-21,1160.0,1210.0,1280.0
2014-01-22,1230.0,1280.0,1380.0
2014-01-23,1260.0,1300.0,1400.0
2014-01-24,1240.0,1280.0,1340.0
2014-01-25,1220.0,1250.0,1310.0
2014-01-26,1140.0,1190.0,1260.0
2014-01-27,1130.0,1160.0,1190.0
2014-01-28,1140.0,1190.0,1250.0
2014-01-29,1200.0,1250.0,1290.0
2014-01-30,1190.0,1240.0,1290.0
2014-01-31,1190.0,1220.0,1260.0
2014-02-01,1190.0,1240.0,1300.0
2014-02-02,1270.0,1310.0,1360.0
2014-02-03,1230.0,1280.0,1320.0
2014-02-04,1120.0,1200.0,1280.0
2014-02-05,1180.0,1230.0,1270.0
2014-02-06,1150.0,1200.0,1260.0
2014-02-07,1150.0,1180.0,1250.0
2014-02-08,1140.0,1200.0,1350.0
2014-02-09,1220.0,1260.0,1330.0
2014-02-10,1200.0,1240.0,1280.0
2014-02-11,1190.0,1230.0,1290.0
2014-02-12,1190.0,1250.0,1340.0
2014-02-13,1170.0,1210.0,1260.0
2014-02-14,1120.0,1170.0,1200.0
2014-02-15,1080.0,1120.0,1190.0
2014-02-16,1040.0,1080.0,1120.0
2014-02-17,1060.0,1120.0,1160.0
2014-02-18,1140.0,1170.0,1200.0
2014-02-19,1120.0,1150.0,1180.0
2014-02-20,1140.0,1190.0,1250.0
2014-02-21,1130.0,1180.0,1240.0
2014-02-22,1070.0,1120.0,1190.0
2014-02-23,1080.0,1110.0,1140.0
2014-02-24,1060.0,1100.0,1140.0
2014-02-25,1070.0,1100.0,1120.0
2014-02-26,1030.0,1060.0,1100.0
2014-02-27,1010.0,1050.0,1080.0
2014-02-28,999.0,1050.0,1090.0
2014-03-01,989.0,1020.0,1060.0
2014-03-02,958.0,993.0,1040.0
2014-03-03,958.0,988.0,1030.0
2014-03-04,918.0,987.0,1050.0
2014-03-05,989.0,1030.0,1070.0
2014-03-06,968.0,999.0,1030.0
2014-03-07,968.0,1010.0,1060.0
2014-03-08,897.0,957.0,999.0
2014-03-09,887.0,936.0,979.0
2014-03-10,867.0,925.0,968.0
2014-03-11,887.0,943.0,989.0
2014-03-12,867.0,908.0,958.0
2014-03-13,877.0,904.0,938.0
2014-03-14,877.0,925.0,989.0
2014-03-15,948.0,978.0,1030.0
2014-03-16,948.0,986.0,1050.0
2014-03-17,1030.0,1140.0,1310.0
2014-03-18,1180.0,1230.0,1290.0
2014-03-19,1160.0,1210.0,1270.0
2014-03-20,1150.0,1190.0,1240.0
2014-03-21,1070.0,1110.0,1150.0
2014-03-22,1070.0,1120.0,1160.0
2014-03-23,1100.0,1160.0,1240.0
2014-03-24,1180.0,1340.0,1410.0
2014-03-25,1380.0,1430.0,1480.0
2014-03-26,1340.0,1390.0,1500.0
2014-03-27,1220.0,1290.0,1370.0
2014-03-28,1180.0,1230.0,1280.0
2014-03-29,1190.0,1230.0,1300.0
2014-03-30,1110.0,1160.0,1230.0
2014-03-31,1100.0,1140.0,1190.0
2014-04-01,1140.0,1180.0,1230.0
2014-04-02,1140.0,1180.0,1250.0
2014-04-03,1120.0,1180.0,1240.0
2014-04-04,1130.0,1190.0,1270.0
2014-04-05,1100.0,1160.0,1240.0
2014-04-06,1090.0,1140.0,1170.0
2014-04-07,1120.0,1270.0,1370.0
2014-04-08,1200.0,1240.0,1330.0
2014-04-09,1200.0,1320.0,1520.0
2014-04-10,1360.0,1420.0,1530.0
2014-04-11,1360.0,1430.0,1530.0
2014-04-12,1280.0,1340.0,1500.0
2014-04-13,1160.0,1240.0,1300.0
2014-04-14,1160.0,1230.0,1300.0
2014-04-15,1200.0,1260.0,1340.0
2014-04-16,1280.0,1320.0,1360.0
2014-04-17,1230.0,1280.0,1330.0
2014-04-18,1180.0,1230.0,1270.0
2014-04-19,1170.0,1210.0,1300.0
2014-04-20,1210.0,1270.0,1360.0
2014-04-21,1340.0,1400.0,1480.0
2014-04-22,1280.0,1340.0,1430.0
2014-04-23,1260.0,1320.0,1410.0
2014-04-24,1330.0,1370.0,1440.0
2014-04-25,1340.0,1400.0,1480.0
2014-04-26,1330.0,1380.0,1430.0
2014-04-27,1300.0,1360.0,1430.0
2014-04-28,1330.0,1410.0,1530.0
2014-04-29,1490.0,1550.0,1610.0
2014-04-30,1580.0,1660.0,1780.0
2014-05-01,1480.0,1580.0,1650.0
2014-05-02,1510.0,1560.0,1670.0
2014-05-03,1520.0,1680.0,1950.0
2014-05-04,1940.0,2040.0,2110.0
2014-05-05,1690.0,1810.0,2010.0
2014-05-06,1610.0,1660.0,1740.0
2014-05-07,1460.0,1550.0,1630.0
2014-05-08,1560.0,1670.0,1800.0
2014-05-09,1580.0,1680.0,1820.0
2014-05-10,1600.0,1680.0,1780.0
2014-05-11,1710.0,1770.0,1860.0
2014-05-12,1830.0,2030.0,2150.0
2014-05-13,1840.0,1910.0,2070.0
2014-05-14,1790.0,1880.0,2010.0
2014-05-15,2000.0,2110.0,2170.0
2014-05-16,2100.0,3760.0,5820.0
2014-05-17,3840.0,5010.0,5830.0
2014-05-18,3710.0,3810.0,3870.0
2014-05-19,2750.0,3230.0,3790.0
2014-05-20,2520.0,2660.0,2750.0
2014-05-21,2370.0,2430.0,2530.0
2014-05-22,2330.0,2390.0,2450.0
2014-05-23,2330.0,2390.0,2480.0
2014-05-24,2380.0,2480.0,2570.0
2014-05-25,2140.0,2320.0,2510.0
2014-05-26,2080.0,2120.0,2190.0
2014-05-27,2110.0,2170.0,2260.0
2014-05-28,2260.0,3590.0,5150.0
2014-05-29,4200.0,4460.0,4930.0
2014-05-30,3720.0,4070.0,4350.0
2014-05-31,2800.0,3240.0,3720.0
2014-06-01,2380.0,2570.0,2800.0
2014-06-02,2120.0,2240.0,2380.0
2014-06-03,2050.0,2090.0,2140.0
2014-06-04,2010.0,2050.0,2120.0
2014-06-05,1920.0,1970.0,2030.0
2014-06-06,1920.0,1960.0,2020.0
2014-06-07,1750.0,1810.0,1960.0
2014-06-08,1690.0,1750.0,1810.0
2014-06-09,1740.0,1780.0,1830.0
2014-06-10,1750.0,1820.0,1900.0
2014-06-11,1850.0,1940.0,2040.0
2014-06-12,1960.0,2020.0,2200.0
2014-06-13,1990.0,2080.0,2230.0
2014-06-14,1870.0,1990.0,2110.0
2014-06-15,1670.0,1810.0,1960.0
2014-06-16,1550.0,1620.0,1720.0
2014-06-17,1490.0,1550.0,1620.0
2014-06-18,1430.0,1500.0,1610.0
2014-06-19,1360.0,1410.0,1490.0
2014-06-20,1280.0,1340.0,1460.0
2014-06-21,1320.0,1350.0,1390.0
2014-06-22,1140.0,1260.0,1420.0
2014-06-23,1110.0,1150.0,1200.0
2014-06-24,1200.0,1320.0,1530.0
2014-06-25,1490.0,1560.0,1650.0
2014-06-26,1520.0,1560.0,1620.0
2014-06-27,1440.0,1530.0,1630.0
2014-06-28,1330.0,1400.0,1550.0
2014-06-29,1280.0,1330.0,1390.0
2014-06-30,1330.0,1530.0,2040.0
2014-07-01,1920.0,2050.0,2160.0
2014-07-02,1760.0,1830.0,1940.0
2014-07-03,1720.0,1790.0,1910.0
2014-07-04,1580.0,1730.0,1930.0
2014-07-05,1490.0,1560.0,1660.0
2014-07-06,1490.0,1530.0,1580.0
2014-07-07,1350.0,1440.0,1560.0
2014-07-08,1350.0,1460.0,1560.0
2014-07-09,1560.0,1850.0,2180.0
2014-07-10,1890.0,2120.0,2290.0
2014-07-11,1930.0,2030.0,2070.0
2014-07-12,2020.0,2050.0,2090.0
2014-07-13,1980.0,2080.0,2160.0
2014-07-14,1950.0,2010.0,2090.0
2014-07-15,1920.0,1970.0,2030.0
2014-07-16,1800.0,1900.0,2010.0
2014-07-17,1740.0,1780.0,1830.0
2014-07-18,1670.0,1710.0,1830.0
2014-07-19,1490.0,1590.0,1700.0
2014-07-20,1380.0,1460.0,1560.0
2014-07-21,1370.0,1420.0,1480.0
2014-07-22,1470.0,1840.0,2120.0
2014-07-23,2040.0,2110.0,2260.0
2014-07-24,2130.0,2240.0,2300.0
2014-07-25,1820.0,1990.0,2140.0
2014-07-26,1630.0,1750.0,1850.0
2014-07-27,1510.0,1620.0,1760.0
2014-07-28,1660.0,1830.0,2010.0
2014-07-29,2010.0,2110.0,2180.0
2014-07-30,1930.0,2060.0,2390.0
2014-07-31,2390.0,3190.0,5060.0
2014-08-01,3960.0,5110.0,5500.0
2014-08-02,3290.0,3640.0,3960.0
2014-08-03,2780.0,3090.0,3300.0
2014-08-04,2710.0,3240.0,3910.0
2014-08-05,2690.0,2850.0,3300.0
2014-08-06,2790.0,2940.0,3050.0
2014-08-07,2420.0,2600.0,2880.0
2014-08-08,2230.0,2300.0,2460.0
2014-08-09,2030.0,2150.0,2260.0
2014-08-10,1970.0,2040.0,2150.0
2014-08-11,1890.0,1960.0,2130.0
2014-08-12,1910.0,2160.0,2410.0
2014-08-13,2410.0,2590.0,2650.0
2014-08-14,2630.0,3040.0,3410.0
2014-08-15,2790.0,3040.0,3390.0
2014-08-16,2460.0,2570.0,2800.0
2014-08-17,2260.0,2360.0,2480.0
2014-08-18,2060.0,2160.0,2290.0
2014-08-19,1990.0,2070.0,2130.0
2014-08-20,1880.0,1940.0,2020.0
2014-08-21,1860.0,1920.0,2070.0
2014-08-22,1920.0,1970.0,2080.0
2014-08-23,1840.0,1900.0,1990.0
2014-08-24,1730.0,1820.0,1900.0
2014-08-25,1710.0,1750.0,1800.0
2014-08-26,1580.0,1640.0,1740.0
2014-08-27,1570.0,1720.0,1850.0
2014-08-28,1830.0,1910.0,1960.0
2014-08-29,1750.0,1830.0,1930.0
2014-08-30,1740.0,1880.0,1990.0
2014-08-31,1880.0,1970.0,2040.0
2014-09-01,1930.0,2480.0,4040.0
2014-09-02,3880.0,4140.0,4370.0
2014-09-03,3660.0,3890.0,4040.0
2014-09-04,2820.0,3200.0,3670.0
2014-09-05,2460.0,2640.0,2830.0
2014-09-06,2290.0,2360.0,2480.0
2014-09-07,2040.0,2160.0,2300.0
2014-09-08,1860.0,1960.0,2060.0
2014-09-09,1850.0,1880.0,1930.0
2014-09-10,1830.0,1920.0,2030.0
2014-09-11,1860.0,1940.0,2030.0
2014-09-12,2020.0,2220.0,2410.0
2014-09-13,2350.0,2530.0,3050.0
2014-09-14,3050.0,3290.0,3390.0
2014-09-15,2680.0,3090.0,3430.0
2014-09-16,2370.0,2530.0,2720.0
2014-09-17,2080.0,2200.0,2370.0
2014-09-18,1900.0,1990.0,2080.0
2014-09-19,1770.0,1830.0,1920.0
2014-09-20,1780.0,1810.0,1860.0
2014-09-21,1690.0,1760.0,1830.0
2014-09-22,1720.0,1800.0,2000.0
2014-09-23,2000.0,2160.0,2290.0
2014-09-24,2140.0,2300.0,2400.0
2014-09-25,1990.0,2060.0,2150.0
2014-09-26,1860.0,1990.0,2070.0
2014-09-27,1820.0,1950.0,2070.0
2014-09-28,1730.0,1930.0,2090.0
2014-09-29,1600.0,1680.0,1780.0
2014-09-30,1570.0,1610.0,1640.0
2014-10-01,1530.0,1610.0,1700.0
2014-10-02,1670.0,1870.0,2010.0
2014-10-03,1770.0,1900.0,2030.0
2014-10-04,1550.0,1670.0,1770.0
2014-10-05,1430.0,1500.0,1570.0
2014-10-06,1360.0,1410.0,1500.0
2014-10-07,1340.0,1370.0,1430.0
2014-10-08,1270.0,1330.0,1380.0
2014-10-09,1250.0,1310.0,1360.0
2014-10-10,1220.0,1270.0,1330.0
2014-10-11,1140.0,1210.0,1280.0
2014-10-12,1150.0,1200.0,1260.0
2014-10-13,1040.0,1100.0,1180.0
2014-10-14,1080.0,1140.0,1200.0
2014-10-15,1170.0,1260.0,1350.0
2014-10-16,1180.0,1220.0,1260.0
2014-10-17,1200.0,1290.0,1460.0
2014-10-18,1370.0,1440.0,1530.0
2014-10-19,1340.0,1390.0,1490.0
2014-10-20,1200.0,1290.0,1400.0
2014-10-21,1150.0,1480.0,1950.0
2014-10-22,1920.0,1990.0,2120.0
2014-10-23,2120.0,3220.0,5650.0
2014-10-24,4700.0,5570.0,6050.0
2014-10-25,3500.0,4070.0,4700.0
2014-10-26,2890.0,3160.0,3500.0
2014-10-27,2620.0,2720.0,2890.0
2014-10-28,2380.0,2470.0,2640.0
2014-10-29,2190.0,2310.0,2380.0
2014-10-30,1980.0,2120.0,2240.0
2014-10-31,1970.0,2020.0,2060.0
2014-11-01,1920.0,1960.0,2040.0
2014-11-02,1800.0,1880.0,1980.0
2014-11-03,1710.0,1790.0,1870.0
2014-11-04,1600.0,1730.0,1850.0
2014-11-05,1640.0,1700.0,1800.0
2014-11-06,1750.0,1810.0,1860.0
2014-11-07,1860.0,1930.0,2000.0
2014-11-08,1850.0,1890.0,1960.0
2014-11-09,1750.0,1880.0,1960.0
2014-11-10,1610.0,1690.0,1780.0
2014-11-11,1560.0,1620.0,1680.0
2014-11-12,1570.0,1600.0,1680.0
2014-11-13,1590.0,1630.0,1660.0
2014-11-14,1530.0,1580.0,1670.0
2014-11-15,1450.0,1510.0,1590.0
2014-11-16,1350.0,1440.0,1500.0
2014-11-17,1270.0,1310.0,1370.0
2014-11-18,1300.0,1380.0,1500.0
2014-11-19,1430.0,1570.0,1690.0
2014-11-20,1640.0,1710.0,1770.0
2014-11-21,1660.0,1710.0,1750.0
2014-11-22,1530.0,1610.0,1680.0
2014-11-23,1350.0,1440.0,1550.0
2014-11-24,1320.0,1340.0,1370.0
2014-11-25,1270.0,1310.0,1350.0
2014-11-26,1290.0,1360.0,1440.0
2014-11-27,1260.0,1290.0,1340.0
2014-11-28,1220.0,1270.0,1340.0
2014-11-29,1200.0,1230.0,1260.0
2014-11-30,1140.0,1200.0,1270.0
2014-12-01,1140.0,1160.0,1230.0
2014-12-02,1120.0,1150.0,1180.0
2014-12-03,1130.0,1200.0,1250.0
2014-12-04,1210.0,1250.0,1300.0
2014-12-05,1200.0,1240.0,1290.0
2014-12-06,1120.0,1170.0,1230.0
2014-12-07,1110.0,1150.0,1220.0
2014-12-08,1020.0,1060.0,1120.0
2014-12-09,1020.0,1080.0,1130.0
2014-12-10,1070.0,1150.0,1230.0
2014-12-11,1050.0,1090.0,1140.0
2014-12-12,1020.0,1080.0,1160.0
2014-12-13,993.0,1040.0,1100.0
2014-12-14,947.0,1000.0,1060.0
2014-12-15,958.0,993.0,1040.0
2014-12-16,970.0,1010.0,1080.0
2014-12-17,1030.0,1070.0,1120.0
2014-12-18,1080.0,1120.0,1170.0
2014-12-19,1170.0,1330.0,1550.0
2014-12-20,1540.0,1590.0,1680.0
2014-12-21,1560.0,1620.0,1670.0
2014-12-22,1430.0,1500.0,1570.0
2014-12-23,1320.0,1390.0,1500.0
2014-12-24,1220.0,1280.0,1330.0
2014-12-25,1070.0,1160.0,1260.0
2014-12-26,1060.0,1110.0,1170.0
2014-12-27,1030.0,1080.0,1160.0
2014-12-28,1060.0,1140.0,1220.0
2014-12-29,1040.0,1080.0,1150.0
2014-12-30,1040.0,1080.0,1130.0
2014-12-31,1040.0,1080.0,1120.0
2015-01-01,993.0,1050.0,1110.0
2015-01-02,958.0,1010.0,1080.0
2015-01-03,970.0,1170.0,1450.0
2015-01-04,1450.0,1900.0,2740.0
2015-01-05,2290.0,2450.0,2790.0
2015-01-06,2320.0,2370.0,2420.0
2015-01-07,2010.0,2170.0,2400.0
2015-01-08,1750.0,1890.0,2040.0
2015-01-09,1660.0,1870.0,2240.0
2015-01-10,2210.0,3530.0,5510.0
2015-01-11,4550.0,4860.0,5460.0
2015-01-12,3650.0,4110.0,4750.0
2015-01-13,3150.0,3390.0,3650.0
2015-01-14,2630.0,2870.0,3150.0
2015-01-15,2340.0,2480.0,2640.0
2015-01-16,2120.0,2230.0,2340.0
2015-01-17,2070.0,2120.0,2200.0
2015-01-18,2010.0,2070.0,2120.0
2015-01-19,1870.0,1970.0,2040.0
2015-01-20,1890.0,1990.0,2040.0
2015-01-21,1830.0,1910.0,2040.0
2015-01-22,1750.0,1820.0,1900.0
2015-01-23,1650.0,1740.0,1840.0
2015-01-24,1620.0,1680.0,1740.0
2015-01-25,1420.0,1550.0,1680.0
2015-01-26,1400.0,1470.0,1540.0
2015-01-27,1430.0,1490.0,1560.0
2015-01-28,1440.0,1500.0,1550.0
2015-01-29,1460.0,1490.0,1560.0
2015-01-30,1460.0,1530.0,1620.0
2015-01-31,1540.0,1560.0,1600.0
2015-02-01,1450.0,1530.0,1610.0
2015-02-02,1390.0,1440.0,1490.0
2015-02-03,1360.0,1430.0,1490.0
2015-02-04,1340.0,1410.0,1470.0
2015-02-05,1340.0,1400.0,1460.0
2015-02-06,1270.0,1310.0,1360.0
2015-02-07,1250.0,1300.0,1380.0
2015-02-08,1160.0,1220.0,1270.0
2015-02-09,1150.0,1180.0,1240.0
2015-02-10,1080.0,1130.0,1190.0
2015-02-11,1160.0,1230.0,1280.0
2015-02-12,1160.0,1220.0,1290.0
2015-02-13,1170.0,1230.0,1280.0
2015-02-14,1160.0,1230.0,1300.0
2015-02-15,1090.0,1160.0,1240.0
2015-02-16,1040.0,1090.0,1150.0
2015-02-17,1110.0,1170.0,1260.0
2015-02-18,1190.0,1220.0,1260.0
2015-02-19,1170.0,1220.0,1280.0
2015-02-20,1150.0,1190.0,1230.0
2015-02-21,1050.0,1110.0,1210.0
2015-02-22,1060.0,1100.0,1160.0
2015-02-23,1060.0,1140.0,1210.0
2015-02-24,1170.0,1230.0,1360.0
2015-02-25,1360.0,1470.0,1550.0
2015-02-26,1300.0,1400.0,1460.0
2015-02-27,1330.0,1360.0,1400.0
2015-02-28,1240.0,1290.0,1360.0
2015-03-01,1170.0,1250.0,1330.0
2015-03-02,1200.0,1290.0,1640.0
2015-03-03,1640.0,1940.0,2060.0
2015-03-04,1870.0,1990.0,2120.0
2015-03-05,1810.0,1910.0,2040.0
2015-03-06,1700.0,1760.0,1850.0
2015-03-07,1550.0,1630.0,1750.0
2015-03-08,1360.0,1460.0,1550.0
2015-03-09,1330.0,1380.0,1440.0
2015-03-10,1310.0,1360.0,1400.0
2015-03-11,1340.0,1380.0,1420.0
2015-03-12,1390.0,1430.0,1470.0
2015-03-13,1390.0,1430.0,1490.0
2015-03-14,1330.0,1380.0,1460.0
2015-03-15,1270.0,1320.0,1360.0
2015-03-16,1240.0,1270.0,1290.0
2015-03-17,1220.0,1270.0,1350.0
2015-03-18,1300.0,1370.0,1410.0
2015-03-19,1340.0,1390.0,1450.0
2015-03-20,1350.0,1380.0,1450.0
2015-03-21,1300.0,1360.0,1430.0
2015-03-22,1290.0,1340.0,1430.0
2015-03-23,1380.0,1420.0,1480.0
2015-03-24,1370.0,1400.0,1470.0
2015-03-25,1370.0,1410.0,1450.0
2015-03-26,1390.0,1420.0,1480.0
2015-03-27,1410.0,1480.0,1560.0
2015-03-28,1430.0,1540.0,1610.0
2015-03-29,1330.0,1380.0,1450.0
2015-03-30,1370.0,1590.0,2250.0
2015-03-31,2250.0,2460.0,2680.0
2015-04-01,2360.0,2690.0,2880.0
2015-04-02,2540.0,2650.0,2830.0
2015-04-03,2430.0,2680.0,2840.0
2015-04-04,2300.0,2360.0,2430.0
2015-04-05,2030.0,2190.0,2300.0
2015-04-06,1980.0,2020.0,2130.0
2015-04-07,1820.0,1900.0,1980.0
2015-04-08,1700.0,1780.0,1860.0
2015-04-09,1650.0,1710.0,1750.0
2015-04-10,1710.0,1850.0,2050.0
2015-04-11,1900.0,2010.0,2120.0
2015-04-12,2010.0,2050.0,2100.0
2015-04-13,2010.0,2080.0,2170.0
2015-04-14,2010.0,2110.0,2180.0
2015-04-15,2040.0,2110.0,2180.0
2015-04-16,2030.0,2090.0,2140.0
2015-04-17,2050.0,2120.0,2190.0
2015-04-18,2180.0,2380.0,2540.0
2015-04-19,2190.0,2330.0,2490.0
2015-04-20,1960.0,2050.0,2200.0
2015-04-21,1810.0,1880.0,1960.0
2015-04-22,1770.0,1820.0,1890.0
2015-04-23,1790.0,1840.0,1910.0
2015-04-24,1800.0,1870.0,1930.0
2015-04-25,1720.0,1790.0,1860.0
2015-04-26,1690.0,1760.0,1820.0
2015-04-27,1780.0,1850.0,1940.0
2015-04-28,1890.0,1990.0,2120.0
2015-04-29,2020.0,2070.0,2110.0
2015-04-30,1980.0,2030.0,2080.0
2015-05-01,1890.0,1950.0,2080.0
2015-05-02,1860.0,1940.0,2100.0
2015-05-03,2100.0,2360.0,2610.0
2015-05-04,2600.0,2800.0,2970.0
2015-05-05,2920.0,3010.0,3100.0
2015-05-06,3000.0,3130.0,3310.0
2015-05-07,3280.0,3420.0,3510.0
2015-05-08,3080.0,3150.0,3370.0
2015-05-09,2730.0,2900.0,3110.0
2015-05-10,2550.0,2660.0,2780.0
2015-05-11,2350.0,2540.0,2630.0
2015-05-12,2240.0,2310.0,2360.0
2015-05-13,2240.0,2290.0,2330.0
2015-05-14,2260.0,2400.0,2610.0
2015-05-15,2610.0,2690.0,2810.0
2015-05-16,2530.0,2620.0,2720.0
2015-05-17,2440.0,2500.0,2580.0
2015-05-18,2210.0,2310.0,2440.0
2015-05-19,2210.0,2270.0,2350.0
2015-05-20,2270.0,2540.0,3010.0
2015-05-21,3010.0,3410.0,3600.0
2015-05-22,3340.0,3470.0,3560.0
2015-05-23,3390.0,3720.0,4590.0
2015-05-24,4210.0,4940.0,5300.0
2015-05-25,3230.0,3640.0,4210.0
2015-05-26,2970.0,3070.0,3240.0
2015-05-27,2980.0,3190.0,3270.0
2015-05-28,2920.0,3070.0,3180.0
2015-05-29,2570.0,2690.0,2930.0
2015-05-30,2460.0,2500.0,2580.0
2015-05-31,2340.0,2380.0,2490.0
2015-06-01,2230.0,2300.0,2410.0
2015-06-02,2220.0,2320.0,2440.0
2015-06-03,2280.0,2350.0,2440.0
2015-06-04,2200.0,2280.0,2340.0
2015-06-05,2240.0,2280.0,2350.0
2015-06-06,2280.0,2350.0,2400.0
2015-06-07,2300.0,2400.0,2630.0
2015-06-08,2390.0,2510.0,2670.0
2015-06-09,2670.0,2870.0,3010.0
2015-06-10,2580.0,2730.0,2930.0
2015-06-11,2380.0,2470.0,2590.0
2015-06-12,2240.0,2320.0,2400.0
2015-06-13,2190.0,2250.0,2390.0
2015-06-14,2020.0,2100.0,2230.0
2015-06-15,2040.0,2080.0,2170.0
2015-06-16,2080.0,2240.0,2470.0
2015-06-17,2440.0,2490.0,2560.0
2015-06-18,2150.0,2290.0,2470.0
2015-06-19,2010.0,2140.0,2320.0
2015-06-20,2290.0,2340.0,2400.0
2015-06-21,2380.0,2530.0,2630.0
2015-06-22,2300.0,2370.0,2490.0
2015-06-23,2280.0,2450.0,2850.0
2015-06-24,2720.0,2860.0,3010.0
2015-06-25,2490.0,2650.0,2760.0
2015-06-26,2150.0,2330.0,2510.0
2015-06-27,2000.0,2090.0,2200.0
2015-06-28,1940.0,2040.0,2150.0
2015-06-29,2000.0,2110.0,2180.0
2015-06-30,1900.0,2000.0,2080.0
2015-07-01,1800.0,1910.0,2000.0
2015-07-02,1750.0,1820.0,1900.0
2015-07-03,1760.0,1810.0,1870.0
2015-07-04,1760.0,1810.0,1870.0
2015-07-05,1660.0,1730.0,1880.0
2015-07-06,1530.0,1640.0,1750.0
2015-07-07,1530.0,1590.0,1710.0
2015-07-08,1600.0,1660.0,1720.0
2015-07-09,1670.0,1780.0,1910.0
2015-07-10,1530.0,1680.0,1830.0
2015-07-11,1410.0,1470.0,1560.0
2015-07-12,1300.0,1370.0,1450.0
2015-07-13,1270.0,1310.0,1380.0
2015-07-14,1290.0,1380.0,1480.0
2015-07-15,1420.0,1460.0,1500.0
2015-07-16,1310.0,1420.0,1490.0
2015-07-17,1280.0,1320.0,1390.0
2015-07-18,1330.0,1360.0,1410.0
2015-07-19,1270.0,1340.0,1420.0
2015-07-20,1240.0,1270.0,1330.0
2015-07-21,1290.0,1340.0,1380.0
2015-07-22,1250.0,1300.0,1360.0
2015-07-23,1250.0,1320.0,1380.0
2015-07-24,1290.0,1350.0,1430.0
2015-07-25,1280.0,1360.0,1470.0
2015-07-26,1240.0,1290.0,1380.0
2015-07-27,1270.0,1360.0,1440.0
2015-07-28,1260.0,1310.0,1380.0
2015-07-29,1220.0,1250.0,1290.0
2015-07-30,1220.0,1340.0,1600.0
2015-07-31,1380.0,1510.0,1640.0
2015-08-01,1240.0,1300.0,1430.0
2015-08-02,1190.0,1230.0,1290.0
2015-08-03,1200.0,1530.0,1700.0
2015-08-04,1260.0,1400.0,1540.0
2015-08-05,1250.0,1300.0,1350.0
2015-08-06,1240.0,1370.0,1460.0
2015-08-07,1210.0,1250.0,1300.0
2015-08-08,1200.0,1230.0,1280.0
2015-08-09,1150.0,1210.0,1250.0
2015-08-10,1140.0,1170.0,1220.0
2015-08-11,1120.0,1170.0,1230.0
2015-08-12,1170.0,1210.0,1270.0
2015-08-13,1100.0,1150.0,1220.0
2015-08-14,1050.0,1120.0,1210.0
2015-08-15,987.0,1060.0,1170.0
2015-08-16,998.0,1050.0,1120.0
2015-08-17,1080.0,1210.0,1350.0
2015-08-18,1270.0,1560.0,1730.0
2015-08-19,1400.0,1490.0,1670.0
2015-08-20,1370.0,1410.0,1500.0
2015-08-21,1420.0,1460.0,1530.0
2015-08-22,1280.0,1390.0,1530.0
2015-08-23,1020.0,1170.0,1300.0
2015-08-24,1010.0,1060.0,1120.0
2015-08-25,1010.0,1070.0,1160.0
2015-08-26,1060.0,1160.0,1240.0
2015-08-27,1040.0,1130.0,1230.0
2015-08-28,1030.0,1080.0,1140.0
2015-08-29,1040.0,1100.0,1140.0
2015-08-30,964.0,1040.0,1100.0
2015-08-31,885.0,938.0,1020.0
2015-09-01,885.0,947.0,1050.0
2015-09-02,987.0,1020.0,1100.0
2015-09-03,1100.0,1170.0,1260.0
2015-09-04,1260.0,1390.0,1750.0
2015-09-05,1380.0,1570.0,1750.0
2015-09-06,1390.0,1550.0,1690.0
2015-09-07,1340.0,1500.0,1590.0
2015-09-08,1280.0,1310.0,1360.0
2015-09-09,1290.0,1330.0,1380.0
2015-09-10,1160.0,1240.0,1350.0
2015-09-11,1090.0,1150.0,1230.0
2015-09-12,1030.0,1080.0,1140.0
2015-09-13,953.0,1030.0,1100.0
2015-09-14,874.0,924.0,1020.0
2015-09-15,919.0,1040.0,1230.0
2015-09-16,1050.0,1110.0,1170.0
2015-09-17,998.0,1050.0,1140.0
2015-09-18,953.0,1000.0,1100.0
2015-09-19,919.0,965.0,1010.0
2015-09-20,851.0,925.0,1010.0
2015-09-21,862.0,916.0,987.0
2015-09-22,896.0,977.0,1030.0
2015-09-23,930.0,979.0,1040.0
2015-09-24,998.0,1060.0,1230.0
2015-09-25,1130.0,1170.0,1230.0
2015-09-26,1110.0,1160.0,1230.0
2015-09-27,1020.0,1090.0,1160.0
2015-09-28,930.0,983.0,1050.0
2015-09-29,896.0,937.0,976.0
2015-09-30,942.0,996.0,1040.0
2015-10-01,885.0,940.0,1010.0
2015-10-02,874.0,927.0,976.0
2015-10-03,839.0,889.0,942.0
2015-10-04,782.0,834.0,885.0
2015-10-05,770.0,812.0,874.0
2015-10-06,793.0,868.0,930.0
2015-10-07,839.0,956.0,1190.0
2015-10-08,1170.0,1530.0,2040.0
2015-10-09,1550.0,1770.0,2010.0
2015-10-10,1150.0,1410.0,1560.0
2015-10-11,1020.0,1110.0,1190.0
2015-10-12,1010.0,1080.0,1160.0
2015-10-13,1010.0,1050.0,1130.0
2015-10-14,1040.0,1070.0,1110.0
2015-10-15,1050.0,1240.0,1380.0
2015-10-16,1300.0,1340.0,1370.0
2015-10-17,1340.0,1400.0,1440.0
2015-10-18,1220.0,1300.0,1390.0
2015-10-19,1160.0,1190.0,1260.0
2015-10-20,1220.0,1340.0,1490.0
2015-10-21,1380.0,1430.0,1480.0
2015-10-22,1220.0,1320.0,1410.0
2015-10-23,1100.0,1160.0,1230.0
2015-10-24,1090.0,1190.0,1290.0
2015-10-25,1040.0,1120.0,1250.0
2015-10-26,998.0,1050.0,1120.0
2015-10-27,987.0,1030.0,1080.0
2015-10-28,964.0,1020.0,1080.0
2015-10-29,998.0,1060.0,1130.0
2015-10-30,1020.0,1070.0,1110.0
2015-10-31,930.0,997.0,1060.0
2015-11-01,816.0,896.0,964.0
2015-11-02,805.0,839.0,874.0
2015-11-03,816.0,845.0,885.0
2015-11-04,839.0,864.0,896.0
2015-11-05,862.0,913.0,987.0
2015-11-06,828.0,880.0,908.0
2015-11-07,793.0,852.0,908.0
2015-11-08,770.0,807.0,839.0
2015-11-09,770.0,808.0,851.0
2015-11-10,770.0,783.0,816.0
2015-11-11,770.0,794.0,828.0
2015-11-12,770.0,791.0,828.0
2015-11-13,770.0,784.0,816.0
2015-11-14,770.0,799.0,862.0
2015-11-15,770.0,790.0,816.0
2015-11-16,770.0,782.0,816.0
2015-11-17,770.0,780.0,805.0
2015-11-18,770.0,805.0,862.0
2015-11-19,770.0,785.0,816.0
2015-11-20,770.0,801.0,862.0
2015-11-21,828.0,1130.0,1470.0
2015-11-22,1440.0,1480.0,1610.0
2015-11-23,1380.0,1550.0,1670.0
2015-11-24,1130.0,1240.0,1410.0
2015-11-25,1060.0,1120.0,1200.0
2015-11-26,998.0,1060.0,1110.0
2015-11-27,930.0,995.0,1050.0
2015-11-28,896.0,952.0,1010.0
2015-11-29,896.0,934.0,976.0
2015-11-30,896.0,1010.0,1150.0
2015-12-01,1130.0,1520.0,1990.0
2015-12-02,1990.0,2680.0,2940.0
2015-12-03,2030.0,2280.0,2680.0
2015-12-04,1650.0,1810.0,2030.0
2015-12-05,1370.0,1510.0,1680.0
2015-12-06,1200.0,1290.0,1410.0
2015-12-07,1110.0,1150.0,1210.0
2015-12-08,964.0,1060.0,1140.0
2015-12-09,1020.0,1080.0,1150.0
2015-12-10,987.0,1030.0,1130.0
2015-12-11,1050.0,1080.0,1100.0
2015-12-12,987.0,1030.0,1100.0
2015-12-13,885.0,958.0,1020.0
2015-12-14,862.0,897.0,930.0
2015-12-15,885.0,917.0,953.0
2015-12-16,885.0,928.0,976.0
2015-12-17,919.0,949.0,987.0
2015-12-18,908.0,987.0,1080.0
2015-12-19,1030.0,1070.0,1100.0
2015-12-20,976.0,1030.0,1090.0
2015-12-21,919.0,968.0,1010.0
2015-12-22,908.0,938.0,976.0
2015-12-23,851.0,913.0,964.0
2015-12-24,839.0,866.0,896.0
2015-12-25,828.0,867.0,908.0
2015-12-26,770.0,814.0,874.0
2015-12-27,770.0,787.0,828.0
2015-12-28,770.0,793.0,839.0
2015-12-29,770.0,797.0,839.0
2015-12-30,770.0,779.0,793.0
2015-12-31,770.0,795.0,828.0
2016-01-01,770.0,782.0,805.0
2016-01-02,770.0,770.0,770.0
2016-01-03,770.0,792.0,816.0
2016-01-04,770.0,809.0,839.0
2016-01-05,782.0,853.0,885.0
2016-01-06,851.0,886.0,930.0
2016-01-07,828.0,863.0,908.0
2016-01-08,828.0,865.0,908.0
2016-01-09,885.0,926.0,987.0
2016-01-10,942.0,1010.0,1090.0
2016-01-11,1090.0,1150.0,1190.0
2016-01-12,1190.0,1450.0,1650.0
2016-01-13,1640.0,1680.0,1720.0
2016-01-14,1620.0,1660.0,1730.0
2016-01-15,1490.0,1580.0,1640.0
2016-01-16,1370.0,1430.0,1520.0
2016-01-17,1190.0,1270.0,1390.0
2016-01-18,1090.0,1150.0,1210.0
2016-01-19,1040.0,1080.0,1120.0
2016-01-20,1030.0,1070.0,1120.0
2016-01-21,1040.0,1080.0,1120.0
2016-01-22,998.0,1040.0,1080.0
2016-01-23,896.0,980.0,1060.0
2016-01-24,862.0,901.0,942.0
2016-01-25,908.0,967.0,1010.0
2016-01-26,964.0,1280.0,1420.0
2016-01-27,1350.0,1380.0,1420.0
2016-01-28,1350.0,1370.0,1400.0
2016-01-29,1380.0,1530.0,1630.0
2016-01-30,1610.0,1680.0,1740.0
2016-01-31,1600.0,1640.0,1770.0
2016-02-01,1770.0,3200.0,5470.0
2016-02-02,3610.0,4550.0,5530.0
2016-02-03,3130.0,3350.0,3640.0
2016-02-04,2680.0,2970.0,3160.0
2016-02-05,2470.0,2550.0,2680.0
2016-02-06,2260.0,2330.0,2510.0
2016-02-07,2050.0,2120.0,2260.0
2016-02-08,1970.0,2030.0,2080.0
2016-02-09,1930.0,2000.0,2070.0
2016-02-10,2010.0,2070.0,2210.0
2016-02-11,2080.0,2160.0,2220.0
2016-02-12,1980.0,2040.0,2140.0
2016-02-13,1820.0,1900.0,2050.0
2016-02-14,1690.0,1780.0,1840.0
2016-02-15,1600.0,1670.0,1770.0
2016-02-16,1600.0,1680.0,1810.0
2016-02-17,1650.0,1730.0,1840.0
2016-02-18,1590.0,1650.0,1770.0
2016-02-19,1540.0,1580.0,1620.0
2016-02-20,1500.0,1550.0,1610.0
2016-02-21,1570.0,2050.0,3420.0
2016-02-22,2840.0,3330.0,3790.0
2016-02-23,2610.0,2700.0,2840.0
2016-02-24,2510.0,2590.0,2670.0
2016-02-25,2240.0,2360.0,2510.0
2016-02-26,2020.0,2160.0,2250.0
2016-02-27,1920.0,1990.0,2040.0
2016-02-28,1720.0,1800.0,1930.0
2016-02-29,1630.0,1680.0,1750.0
2016-03-01,1680.0,1790.0,1900.0
2016-03-02,1830.0,1870.0,1910.0
2016-03-03,1830.0,1960.0,2150.0
2016-03-04,2070.0,2130.0,2210.0
2016-03-05,2020.0,2080.0,2210.0
2016-03-06,1830.0,1900.0,2020.0
2016-03-07,1750.0,1820.0,1920.0
2016-03-08,1690.0,1750.0,1820.0
2016-03-09,1610.0,1700.0,1780.0
2016-03-10,1560.0,1610.0,1700.0
2016-03-11,1480.0,1530.0,1620.0
2016-03-12,1450.0,1490.0,1540.0
2016-03-13,1380.0,1430.0,1490.0
2016-03-14,1350.0,1380.0,1410.0
2016-03-15,1340.0,1360.0,1390.0
2016-03-16,1310.0,1370.0,1410.0
2016-03-17,1340.0,1370.0,1410.0
2016-03-18,1330.0,1360.0,1410.0
2016-03-19,1300.0,1340.0,1380.0
2016-03-20,1210.0,1260.0,1330.0
2016-03-21,1230.0,1260.0,1290.0
2016-03-22,1250.0,1290.0,1340.0
2016-03-23,1200.0,1230.0,1270.0
2016-03-24,1160.0,1210.0,1270.0
2016-03-25,1150.0,1200.0,1260.0
2016-03-26,1150.0,1220.0,1270.0
2016-03-27,1270.0,1340.0,1390.0
2016-03-28,1280.0,1320.0,1370.0
2016-03-29,1300.0,1370.0,1460.0
2016-03-30,1360.0,1410.0,1500.0
2016-03-31,1340.0,1380.0,1460.0
2016-04-01,1400.0,1500.0,1640.0
2016-04-02,1610.0,1660.0,1720.0
2016-04-03,1640.0,1680.0,1750.0
2016-04-04,1590.0,1670.0,1750.0
2016-04-05,1660.0,1740.0,1810.0
2016-04-06,1680.0,1750.0,1810.0
2016-04-07,1720.0,1750.0,1790.0
2016-04-08,1690.0,1770.0,1850.0
2016-04-09,1740.0,1830.0,1900.0
2016-04-10,1570.0,1640.0,1780.0
2016-04-11,1440.0,1500.0,1580.0
2016-04-12,1420.0,1460.0,1530.0
2016-04-13,1430.0,1480.0,1550.0
2016-04-14,1500.0,1610.0,1710.0
2016-04-15,1690.0,1730.0,1770.0
2016-04-16,1560.0,1650.0,1750.0
2016-04-17,1520.0,1550.0,1610.0
2016-04-18,1550.0,1700.0,1980.0
2016-04-19,1980.0,2150.0,2250.0
2016-04-20,1980.0,2180.0,2310.0
2016-04-21,1830.0,1920.0,2070.0
2016-04-22,1710.0,1850.0,1940.0
2016-04-23,1670.0,1740.0,1810.0
2016-04-24,1650.0,1740.0,1860.0
2016-04-25,1630.0,1740.0,1860.0
2016-04-26,1560.0,1630.0,1700.0
2016-04-27,1550.0,1600.0,1670.0
2016-04-28,1580.0,1640.0,1700.0
2016-04-29,1530.0,1570.0,1610.0
2016-04-30,1520.0,1550.0,1610.0
2016-05-01,1390.0,1460.0,1570.0
2016-05-02,1470.0,1530.0,1710.0
2016-05-03,1710.0,1850.0,1930.0
2016-05-04,1810.0,2200.0,3000.0
2016-05-05,2120.0,2520.0,3000.0
2016-05-06,1880.0,1970.0,2140.0
2016-05-07,1670.0,1770.0,1900.0
2016-05-08,1610.0,1690.0,1780.0
2016-05-09,1610.0,1660.0,1730.0
2016-05-10,1630.0,1690.0,1800.0
2016-05-11,1650.0,1710.0,1800.0
2016-05-12,1660.0,1740.0,1920.0
2016-05-13,1910.0,2450.0,3310.0
2016-05-14,3310.0,3560.0,3660.0
2016-05-15,2950.0,3270.0,3610.0
2016-05-16,2510.0,2700.0,2960.0
2016-05-17,2300.0,2400.0,2540.0
2016-05-18,2100.0,2200.0,2310.0
2016-05-19,1970.0,2050.0,2130.0
2016-05-20,2050.0,2150.0,2250.0
2016-05-21,2080.0,2210.0,2280.0
2016-05-22,1820.0,1980.0,2130.0
2016-05-23,1870.0,1960.0,2070.0
2016-05-24,2040.0,2210.0,2540.0
2016-05-25,2540.0,2700.0,2820.0
2016-05-26,2400.0,2510.0,2640.0
2016-05-27,2210.0,2300.0,2440.0
2016-05-28,2140.0,2230.0,2360.0
2016-05-29,2360.0,2550.0,2700.0
2016-05-30,2550.0,2590.0,2670.0
2016-05-31,2610.0,2920.0,3310.0
2016-06-01,3300.0,3770.0,4550.0
2016-06-02,3810.0,4310.0,4950.0
2016-06-03,3280.0,3450.0,3810.0
2016-06-04,2960.0,3110.0,3300.0
2016-06-05,2950.0,3040.0,3200.0
2016-06-06,3060.0,3190.0,3260.0
2016-06-07,3060.0,3110.0,3170.0
2016-06-08,2770.0,2930.0,3110.0
2016-06-09,2720.0,2820.0,3090.0
2016-06-10,3090.0,3390.0,3560.0
2016-06-11,3190.0,3290.0,3420.0
2016-06-12,3030.0,3100.0,3210.0
2016-06-13,2890.0,2980.0,3090.0
2016-06-14,2910.0,2950.0,3010.0
2016-06-15,2860.0,3100.0,3490.0
2016-06-16,3170.0,3360.0,3500.0
2016-06-17,3100.0,3230.0,3660.0
2016-06-18,3610.0,3710.0,3770.0
2016-06-19,3480.0,3580.0,3710.0
2016-06-20,3670.0,3840.0,4240.0
2016-06-21,3550.0,3950.0,4330.0
2016-06-22,3160.0,3300.0,3550.0
2016-06-23,2840.0,2940.0,3170.0
2016-06-24,2700.0,2800.0,2940.0
2016-06-25,2630.0,2700.0,2770.0
2016-06-26,2760.0,3130.0,3300.0
2016-06-27,3000.0,3390.0,4320.0
2016-06-28,3180.0,3760.0,4470.0
2016-06-29,2780.0,2950.0,3180.0
2016-06-30,2480.0,2620.0,2800.0
2016-07-01,2520.0,2560.0,2590.0
2016-07-02,2400.0,2460.0,2590.0
2016-07-03,2490.0,3010.0,3340.0
2016-07-04,2520.0,2820.0,3200.0
2016-07-05,2340.0,2470.0,2550.0
2016-07-06,2210.0,2310.0,2370.0
2016-07-07,2070.0,2180.0,2260.0
2016-07-08,1910.0,2050.0,2150.0
2016-07-09,1870.0,1940.0,2000.0
2016-07-10,1800.0,1880.0,1950.0
2016-07-11,1670.0,1760.0,1860.0
2016-07-12,1730.0,2130.0,2630.0
2016-07-13,2630.0,3310.0,3980.0
2016-07-14,3980.0,4750.0,5490.0
2016-07-15,4130.0,5120.0,5690.0
2016-07-16,3640.0,3850.0,4130.0
2016-07-17,3000.0,3230.0,3640.0
2016-07-18,2930.0,3000.0,3060.0
2016-07-19,2590.0,2740.0,2960.0
2016-07-20,2460.0,2550.0,2640.0
2016-07-21,2190.0,2330.0,2490.0
2016-07-22,2180.0,2250.0,2290.0
2016-07-23,2180.0,2250.0,2310.0
2016-07-24,2190.0,2400.0,2540.0
2016-07-25,2070.0,2170.0,2330.0
2016-07-26,2220.0,2530.0,2680.0
2016-07-27,2510.0,2570.0,2630.0
2016-07-28,2510.0,2880.0,3090.0
2016-07-29,2470.0,2690.0,2920.0
2016-07-30,2240.0,2350.0,2490.0
2016-07-31,2030.0,2120.0,2270.0
2016-08-01,1990.0,2070.0,2150.0
2016-08-02,2020.0,2140.0,2210.0
2016-08-03,1900.0,2070.0,2150.0
2016-08-04,1770.0,1890.0,1970.0
2016-08-05,1790.0,1900.0,2190.0
2016-08-06,2190.0,3470.0,4070.0
2016-08-07,3080.0,3220.0,3400.0
2016-08-08,2650.0,2880.0,3100.0
2016-08-09,2420.0,2500.0,2670.0
2016-08-10,2490.0,3280.0,4200.0
2016-08-11,3200.0,3750.0,4270.0
2016-08-12,2850.0,3050.0,3210.0
2016-08-13,2700.0,2760.0,2880.0
2016-08-14,2360.0,2570.0,2760.0
2016-08-15,2120.0,2250.0,2370.0
2016-08-16,2080.0,2130.0,2180.0
2016-08-17,1980.0,2070.0,2160.0
2016-08-18,1880.0,1960.0,2020.0
2016-08-19,1890.0,1940.0,2000.0
2016-08-20,1820.0,1890.0,1990.0
2016-08-21,1810.0,1880.0,2060.0
2016-08-22,1920.0,2070.0,2180.0
2016-08-23,1890.0,1950.0,1990.0
2016-08-24,1700.0,1820.0,1960.0
2016-08-25,1650.0,1730.0,1810.0
2016-08-26,1570.0,1620.0,1670.0
2016-08-27,1460.0,1530.0,1630.0
2016-08-28,1360.0,1430.0,1490.0
2016-08-29,1340.0,1390.0,1480.0
2016-08-30,1470.0,1670.0,1850.0
2016-08-31,1570.0,1640.0,1790.0
2016-09-01,1450.0,1490.0,1600.0
2016-09-02,1410.0,1470.0,1540.0
2016-09-03,1280.0,1380.0,1460.0
2016-09-04,1220.0,1320.0,1430.0
2016-09-05,1230.0,1310.0,1430.0
2016-09-06,1420.0,1870.0,2620.0
2016-09-07,2250.0,2630.0,2980.0
2016-09-08,1810.0,1980.0,2250.0
2016-09-09,1600.0,1700.0,1850.0
2016-09-10,1410.0,1530.0,1650.0
2016-09-11,1290.0,1370.0,1500.0
2016-09-12,1260.0,1330.0,1450.0
2016-09-13,1260.0,1310.0,1360.0
2016-09-14,1150.0,1270.0,1360.0
2016-09-15,1140.0,1220.0,1280.0
2016-09-16,1100.0,1170.0,1230.0
2016-09-17,1120.0,1290.0,1780.0
2016-09-18,1780.0,2200.0,2330.0
2016-09-19,1980.0,2100.0,2280.0
2016-09-20,2200.0,2700.0,3010.0
2016-09-21,2290.0,2490.0,2760.0
2016-09-22,1860.0,2050.0,2310.0
2016-09-23,1670.0,1770.0,1920.0
2016-09-24,1400.0,1530.0,1700.0
2016-09-25,1330.0,1400.0,1500.0
2016-09-26,1240.0,1300.0,1480.0
2016-09-27,1250.0,1320.0,1390.0
2016-09-28,1250.0,1300.0,1380.0
2016-09-29,1190.0,1240.0,1300.0
2016-09-30,1130.0,1190.0,1270.0
2016-10-01,1090.0,1160.0,1280.0
2016-10-02,1020.0,1100.0,1150.0
2016-10-03,1090.0,1150.0,1290.0
2016-10-04,1160.0,1290.0,1740.0
2016-10-05,1590.0,1770.0,1890.0
2016-10-06,1350.0,1430.0,1610.0
2016-10-07,1430.0,1540.0,1670.0
2016-10-08,1390.0,1500.0,1670.0
2016-10-09,1240.0,1310.0,1460.0
2016-10-10,1160.0,1220.0,1330.0
2016-10-11,1150.0,1220.0,1300.0
2016-10-12,1230.0,1290.0,1420.0
2016-10-13,1270.0,1350.0,1450.0
2016-10-14,1210.0,1260.0,1370.0
2016-10-15,1200.0,1250.0,1330.0
2016-10-16,1150.0,1270.0,1360.0
2016-10-17,1060.0,1150.0,1240.0
2016-10-18,1110.0,1170.0,1280.0
2016-10-19,1190.0,1300.0,1430.0
2016-10-20,1360.0,1580.0,1830.0
2016-10-21,1540.0,1710.0,1840.0
2016-10-22,1410.0,1470.0,1600.0
2016-10-23,1160.0,1290.0,1470.0
2016-10-24,1020.0,1200.0,1350.0
2016-10-25,1060.0,1210.0,1310.0
2016-10-26,1250.0,1370.0,1570.0
2016-10-27,1450.0,1520.0,1610.0
2016-10-28,1280.0,1360.0,1480.0
2016-10-29,1240.0,1280.0,1330.0
2016-10-30,1110.0,1180.0,1260.0
2016-10-31,1050.0,1120.0,1210.0
2016-11-01,1030.0,1090.0,1140.0
2016-11-02,1010.0,1050.0,1110.0
2016-11-03,1010.0,1030.0,1060.0
2016-11-04,1010.0,1060.0,1100.0
2016-11-05,1050.0,1080.0,1110.0
2016-11-06,1040.0,1090.0,1190.0
2016-11-07,1190.0,1520.0,1710.0
2016-11-08,1460.0,1560.0,1650.0
2016-11-09,1400.0,1460.0,1500.0
2016-11-10,1300.0,1350.0,1410.0
2016-11-11,1290.0,1350.0,1430.0
2016-11-12,1420.0,1500.0,1580.0
2016-11-13,1530.0,1560.0,1630.0
2016-11-14,1360.0,1430.0,1530.0
2016-11-15,1240.0,1300.0,1360.0
2016-11-16,1270.0,1360.0,1560.0
2016-11-17,1560.0,2040.0,2260.0
2016-11-18,1990.0,2110.0,2260.0
2016-11-19,1820.0,1930.0,2010.0
2016-11-20,1730.0,1790.0,1860.0
2016-11-21,1710.0,1790.0,1880.0
2016-11-22,1600.0,1710.0,1840.0
2016-11-23,1520.0,1590.0,1680.0
2016-11-24,1480.0,1520.0,1560.0
2016-11-25,1380.0,1420.0,1480.0
2016-11-26,1280.0,1370.0,1440.0
2016-11-27,1240.0,1300.0,1350.0
2016-11-28,1150.0,1210.0,1280.0
2016-11-29,1160.0,1200.0,1250.0
2016-11-30,1160.0,1220.0,1310.0
2016-12-01,1110.0,1170.0,1230.0
2016-12-02,1080.0,1140.0,1190.0
2016-12-03,1050.0,1100.0,1140.0
2016-12-04,1020.0,1070.0,1120.0
2016-12-05,998.0,1040.0,1090.0
2016-12-06,1010.0,1080.0,1160.0
2016-12-07,1040.0,1090.0,1140.0
2016-12-08,942.0,1020.0,1090.0
2016-12-09,919.0,950.0,987.0
2016-12-10,930.0,973.0,1020.0
2016-12-11,953.0,996.0,1040.0
2016-12-12,908.0,952.0,987.0
2016-12-13,942.0,1080.0,1270.0
2016-12-14,1120.0,1180.0,1280.0
2016-12-15,1090.0,1120.0,1150.0
2016-12-16,1050.0,1100.0,1140.0
2016-12-17,1030.0,1060.0,1130.0
2016-12-18,942.0,987.0,1030.0
2016-12-19,862.0,899.0,976.0
2016-12-20,919.0,998.0,1050.0
2016-12-21,976.0,1020.0,1060.0
2016-12-22,987.0,1040.0,1090.0
2016-12-23,908.0,964.0,1020.0
2016-12-24,816.0,899.0,964.0
2016-12-25,805.0,848.0,919.0
2016-12-26,896.0,973.0,1100.0
2016-12-27,1080.0,1160.0,1260.0
2016-12-28,1130.0,1200.0,1280.0
2016-12-29,1130.0,1250.0,1310.0
2016-12-30,1030.0,1120.0,1260.0
2016-12-31,964.0,1000.0,1050.0
2017-01-01,908.0,962.0,1010.0
2017-01-02,874.0,908.0,953.0
2017-01-03,862.0,899.0,942.0
2017-01-04,862.0,917.0,964.0
2017-01-05,851.0,890.0,942.0
2017-01-06,828.0,892.0,953.0
2017-01-07,793.0,842.0,896.0
2017-01-08,770.0,817.0,874.0
2017-01-09,782.0,855.0,908.0
2017-01-10,851.0,900.0,953.0
2017-01-11,862.0,898.0,942.0
2017-01-12,874.0,895.0,930.0
2017-01-13,885.0,944.0,987.0
2017-01-14,919.0,976.0,1050.0
2017-01-15,964.0,1010.0,1060.0
2017-01-16,908.0,945.0,987.0
2017-01-17,908.0,946.0,1010.0
2017-01-18,953.0,984.0,1020.0
2017-01-19,896.0,938.0,987.0
2017-01-20,828.0,874.0,942.0
2017-01-21,839.0,875.0,942.0
2017-01-22,770.0,808.0,839.0
2017-01-23,770.0,780.0,793.0
2017-01-24,770.0,822.0,885.0
2017-01-25,793.0,866.0,942.0
2017-01-26,862.0,902.0,930.0
2017-01-27,770.0,836.0,930.0
2017-01-28,770.0,801.0,851.0
2017-01-29,770.0,786.0,816.0
2017-01-30,770.0,781.0,805.0
2017-01-31,770.0,842.0,908.0
2017-02-01,896.0,1080.0,1280.0
2017-02-02,1200.0,1220.0,1250.0
2017-02-03,1250.0,1340.0,1380.0
2017-02-04,1330.0,1350.0,1390.0
2017-02-05,1310.0,1330.0,1360.0
2017-02-06,1310.0,1380.0,1440.0
2017-02-07,1290.0,1330.0,1380.0
2017-02-08,1240.0,1290.0,1360.0
2017-02-09,1190.0,1210.0,1250.0
2017-02-10,1130.0,1180.0,1220.0
2017-02-11,1050.0,1110.0,1160.0
2017-02-12,908.0,1020.0,1100.0
2017-02-13,885.0,913.0,953.0
2017-02-14,930.0,966.0,1020.0
2017-02-15,919.0,953.0,987.0
2017-02-16,919.0,950.0,998.0
2017-02-17,930.0,974.0,1030.0
2017-02-18,987.0,1090.0,1250.0
2017-02-19,1170.0,1240.0,1280.0
2017-02-20,1230.0,1270.0,1330.0
2017-02-21,1280.0,1470.0,2160.0
2017-02-22,2160.0,3160.0,3550.0
2017-02-23,2870.0,3110.0,3380.0
2017-02-24,2550.0,2710.0,2880.0
2017-02-25,2110.0,2340.0,2550.0
2017-02-26,1840.0,1950.0,2110.0
2017-02-27,1620.0,1710.0,1850.0
2017-02-28,1470.0,1590.0,1680.0
2017-03-01,1460.0,1600.0,1680.0
2017-03-02,1590.0,1720.0,1940.0
2017-03-03,1780.0,1900.0,2020.0
2017-03-04,1690.0,1750.0,1810.0
2017-03-05,1550.0,1640.0,1720.0
2017-03-06,1550.0,1630.0,1710.0
2017-03-07,1460.0,1520.0,1590.0
2017-03-08,1430.0,1560.0,1630.0
2017-03-09,1530.0,1680.0,2010.0
2017-03-10,2010.0,2780.0,3140.0
2017-03-11,2690.0,2860.0,3040.0
2017-03-12,2320.0,2500.0,2690.0
2017-03-13,2060.0,2160.0,2320.0
2017-03-14,1850.0,1920.0,2070.0
2017-03-15,1700.0,1770.0,1910.0
2017-03-16,1630.0,1690.0,1760.0
2017-03-17,1610.0,1650.0,1710.0
2017-03-18,1640.0,1780.0,2130.0
2017-03-19,2130.0,3620.0,5050.0
2017-03-20,3460.0,3890.0,4900.0
2017-03-21,3020.0,3310.0,3490.0
2017-03-22,2610.0,2790.0,3020.0
2017-03-23,2500.0,2540.0,2630.0
2017-03-24,2250.0,2360.0,2520.0
2017-03-25,2060.0,2140.0,2270.0
2017-03-26,1870.0,1990.0,2110.0
2017-03-27,1820.0,1890.0,1970.0
2017-03-28,1750.0,1820.0,1900.0
2017-03-29,1680.0,1750.0,1840.0
2017-03-30,1630.0,1680.0,1780.0
2017-03-31,1610.0,1670.0,1760.0
2017-04-01,1580.0,1650.0,1780.0
2017-04-02,1600.0,1680.0,1750.0
2017-04-03,1540.0,1580.0,1650.0
2017-04-04,1590.0,1660.0,1770.0
2017-04-05,1660.0,1770.0,1860.0
2017-04-06,1570.0,1680.0,1780.0
2017-04-07,1520.0,1640.0,1730.0
2017-04-08,1490.0,1540.0,1620.0
2017-04-09,1480.0,1560.0,1650.0
2017-04-10,1410.0,1450.0,1530.0
2017-04-11,1420.0,1480.0,1540.0
2017-04-12,1450.0,1500.0,1550.0
2017-04-13,1370.0,1460.0,1550.0
2017-04-14,1350.0,1390.0,1440.0
2017-04-15,1230.0,1300.0,1410.0
2017-04-16,1210.0,1250.0,1290.0
2017-04-17,1230.0,1360.0,1470.0
2017-04-18,1390.0,1520.0,1660.0
2017-04-19,1660.0,1730.0,1780.0
2017-04-20,1590.0,1680.0,1750.0
2017-04-21,1460.0,1580.0,1640.0
2017-04-22,1450.0,1500.0,1600.0
2017-04-23,1520.0,1650.0,1780.0
2017-04-24,1610.0,1680.0,1790.0
2017-04-25,1630.0,1710.0,1800.0
2017-04-26,1790.0,1950.0,2050.0
2017-04-27,2020.0,2150.0,2350.0
2017-04-28,2350.0,2490.0,2690.0
2017-04-29,2690.0,2820.0,2930.0
2017-04-30,2340.0,2560.0,2710.0
2017-05-01,2220.0,2270.0,2370.0
2017-05-02,2150.0,2230.0,2350.0
2017-05-03,2290.0,2330.0,2410.0
2017-05-04,2340.0,2420.0,2510.0
2017-05-05,2310.0,2360.0,2430.0
2017-05-06,2210.0,2330.0,2410.0
2017-05-07,2100.0,2160.0,2230.0
2017-05-08,2210.0,2420.0,2710.0
2017-05-09,2710.0,3740.0,4360.0
2017-05-10,3090.0,3370.0,3750.0
2017-05-11,2710.0,2900.0,3110.0
2017-05-12,2410.0,2500.0,2740.0
2017-05-13,2400.0,2440.0,2480.0
2017-05-14,2170.0,2320.0,2470.0
2017-05-15,2210.0,2360.0,2510.0
2017-05-16,2500.0,2550.0,2620.0
2017-05-17,2330.0,2410.0,2550.0
2017-05-18,2250.0,2310.0,2400.0
2017-05-19,2230.0,2300.0,2370.0
2017-05-20,2290.0,2320.0,2360.0
2017-05-21,2010.0,2200.0,2320.0
2017-05-22,1850.0,1990.0,2070.0
2017-05-23,1850.0,1930.0,2040.0
2017-05-24,1910.0,1950.0,2050.0
2017-05-25,2010.0,2080.0,2150.0
2017-05-26,1860.0,2060.0,2190.0
2017-05-27,1750.0,1850.0,1930.0
2017-05-28,1710.0,1790.0,1880.0
2017-05-29,1700.0,1760.0,1850.0
2017-05-30,1750.0,1830.0,1950.0
2017-05-31,1900.0,2020.0,2160.0
2017-06-01,1980.0,2070.0,2190.0
2017-06-02,1990.0,2050.0,2130.0
2017-06-03,1980.0,2050.0,2150.0
2017-06-04,1810.0,1920.0,2030.0
2017-06-05,1800.0,1880.0,1950.0
2017-06-06,1860.0,1920.0,1960.0
2017-06-07,1900.0,2050.0,2170.0
2017-06-08,1890.0,2040.0,2190.0
2017-06-09,1760.0,1870.0,1970.0
2017-06-10,1680.0,1750.0,1850.0
2017-06-11,1630.0,1740.0,1870.0
2017-06-12,1500.0,1600.0,1690.0
2017-06-13,1520.0,1610.0,1710.0
2017-06-14,1580.0,1640.0,1730.0
2017-06-15,1560.0,1610.0,1690.0
2017-06-16,1580.0,1600.0,1620.0
2017-06-17,1480.0,1520.0,1570.0
2017-06-18,1300.0,1420.0,1560.0
2017-06-19,1230.0,1290.0,1370.0
2017-06-20,1230.0,1290.0,1350.0
2017-06-21,1280.0,1330.0,1370.0
2017-06-22,1300.0,1350.0,1410.0
2017-06-23,1310.0,1360.0,1440.0
2017-06-24,1280.0,1350.0,1400.0
2017-06-25,1200.0,1250.0,1310.0
2017-06-26,1270.0,1470.0,1630.0
2017-06-27,1280.0,1390.0,1590.0
2017-06-28,1270.0,1390.0,1530.0
2017-06-29,1380.0,1440.0,1550.0
2017-06-30,1470.0,1580.0,1790.0
2017-07-01,1650.0,1780.0,1880.0
2017-07-02,1430.0,1570.0,1730.0
2017-07-03,1430.0,1520.0,1680.0
2017-07-04,1650.0,1770.0,1850.0
2017-07-05,1480.0,1580.0,1770.0
2017-07-06,1380.0,1460.0,1570.0
2017-07-07,1290.0,1380.0,1460.0
2017-07-08,1260.0,1320.0,1350.0
2017-07-09,1270.0,1350.0,1430.0
2017-07-10,1280.0,1390.0,1610.0
2017-07-11,1470.0,1560.0,1790.0
2017-07-12,1640.0,1760.0,1870.0
2017-07-13,1610.0,1670.0,1730.0
2017-07-14,1550.0,1660.0,1710.0
2017-07-15,1530.0,1600.0,1790.0
2017-07-16,1740.0,1930.0,2090.0
2017-07-17,1570.0,1670.0,1850.0
2017-07-18,1430.0,1510.0,1610.0
2017-07-19,1360.0,1440.0,1560.0
2017-07-20,1400.0,1440.0,1560.0
2017-07-21,1410.0,1620.0,1840.0
2017-07-22,1410.0,1560.0,1780.0
2017-07-23,1400.0,1470.0,1580.0
2017-07-24,1440.0,1620.0,1870.0
2017-07-25,1870.0,2280.0,2520.0
2017-07-26,2060.0,2140.0,2380.0
2017-07-27,2260.0,3620.0,4440.0
2017-07-28,3200.0,3370.0,3990.0
2017-07-29,2820.0,3060.0,3230.0
2017-07-30,2340.0,2580.0,2840.0
2017-07-31,2170.0,2260.0,2390.0
2017-08-01,2040.0,2120.0,2250.0
2017-08-02,1870.0,1970.0,2060.0
2017-08-03,1780.0,1840.0,1940.0
2017-08-04,1650.0,1780.0,1870.0
2017-08-05,1740.0,1910.0,2060.0
2017-08-06,2000.0,2110.0,2440.0
2017-08-07,2440.0,2990.0,3390.0
2017-08-08,2050.0,2320.0,2610.0
2017-08-09,1910.0,1990.0,2080.0
2017-08-10,2010.0,2100.0,2180.0
2017-08-11,2080.0,2350.0,2980.0
2017-08-12,2590.0,2870.0,3090.0
2017-08-13,2350.0,2470.0,2610.0
2017-08-14,2110.0,2210.0,2360.0
2017-08-15,2000.0,2100.0,2200.0
2017-08-16,1770.0,1910.0,2010.0
2017-08-17,1800.0,1900.0,1980.0
2017-08-18,1690.0,1830.0,1950.0
2017-08-19,1810.0,1900.0,2130.0
2017-08-20,2130.0,2720.0,3060.0
2017-08-21,2230.0,2550.0,2960.0
2017-08-22,1950.0,2100.0,2250.0
2017-08-23,1720.0,1840.0,2000.0
2017-08-24,1590.0,1720.0,1850.0
2017-08-25,1550.0,1670.0,1770.0
2017-08-26,1610.0,1710.0,1820.0
2017-08-27,1560.0,1630.0,1730.0
2017-08-28,1480.0,1540.0,1660.0
2017-08-29,1430.0,1510.0,1610.0
2017-08-30,1490.0,1540.0,1580.0
2017-08-31,1390.0,1430.0,1500.0
2017-09-01,1410.0,1530.0,1680.0
2017-09-02,1670.0,2230.0,2630.0
2017-09-03,2630.0,3830.0,4950.0
2017-09-04,3500.0,4270.0,5050.0
2017-09-05,2970.0,3290.0,3590.0
2017-09-06,2650.0,2780.0,3010.0
2017-09-07,2480.0,2540.0,2690.0
2017-09-08,2240.0,2380.0,2540.0
2017-09-09,2030.0,2160.0,2260.0
2017-09-10,1890.0,1990.0,2100.0
2017-09-11,1860.0,1940.0,2010.0
2017-09-12,1790.0,1870.0,1940.0
2017-09-13,1860.0,1940.0,2030.0
2017-09-14,1720.0,1800.0,1970.0
2017-09-15,1670.0,1750.0,1830.0
2017-09-16,1730.0,1790.0,1830.0
2017-09-17,1750.0,1820.0,1900.0
2017-09-18,1780.0,1840.0,1900.0
2017-09-19,1760.0,1830.0,1960.0
2017-09-20,1960.0,2840.0,3380.0
2017-09-21,2480.0,2810.0,3160.0
2017-09-22,2110.0,2320.0,2490.0
2017-09-23,2010.0,2070.0,2190.0
2017-09-24,1830.0,1910.0,2030.0
2017-09-25,1740.0,1830.0,1920.0
2017-09-26,1700.0,1780.0,1870.0
2017-09-27,1360.0,1600.0,1800.0
2017-09-28,1440.0,1580.0,1670.0
2017-09-29,1460.0,1540.0,1650.0
2017-09-30,1370.0,1440.0,1580.0
2017-10-01,1280.0,1340.0,1460.0
2017-10-02,1360.0,1470.0,1580.0
2017-10-03,1450.0,1520.0,1620.0
2017-10-04,1560.0,1690.0,1840.0
2017-10-05,1760.0,1800.0,1850.0
2017-10-06,1700.0,1760.0,1860.0
2017-10-07,1720.0,1850.0,1940.0
2017-10-08,1880.0,1960.0,2030.0
2017-10-09,1830.0,2040.0,2370.0
2017-10-10,2140.0,2320.0,2440.0
2017-10-11,1900.0,2020.0,2170.0
2017-10-12,1760.0,1840.0,1950.0
2017-10-13,1610.0,1680.0,1810.0
2017-10-14,1440.0,1570.0,1680.0
2017-10-15,1370.0,1470.0,1600.0
2017-10-16,1250.0,1340.0,1460.0
2017-10-17,1280.0,1330.0,1380.0
2017-10-18,1230.0,1270.0,1340.0
2017-10-19,1200.0,1250.0,1300.0
2017-10-20,1230.0,1260.0,1310.0
2017-10-21,919.0,1140.0,1290.0
2017-10-22,908.0,1010.0,1100.0
2017-10-23,1090.0,1140.0,1230.0
2017-10-24,1190.0,1400.0,1670.0
2017-10-25,1410.0,1600.0,1720.0
2017-10-26,1350.0,1420.0,1500.0
2017-10-27,1390.0,1470.0,1620.0
2017-10-28,1620.0,1970.0,2180.0
2017-10-29,1710.0,1840.0,2100.0
2017-10-30,2100.0,2490.0,2740.0
2017-10-31,1930.0,2070.0,2310.0
2017-11-01,1790.0,1850.0,1970.0
2017-11-02,1660.0,1700.0,1790.0
2017-11-03,1540.0,1620.0,1680.0
2017-11-04,1570.0,1620.0,1700.0
2017-11-05,1390.0,1460.0,1580.0
2017-11-06,1330.0,1460.0,1720.0
2017-11-07,1720.0,1840.0,1930.0
2017-11-08,1850.0,1900.0,1970.0
2017-11-09,1810.0,1860.0,1900.0
2017-11-10,1690.0,1750.0,1820.0
2017-11-11,1460.0,1570.0,1640.0
2017-11-12,1610.0,1850.0,2290.0
2017-11-13,2290.0,2560.0,2650.0
2017-11-14,2540.0,2590.0,2640.0
2017-11-15,2260.0,2420.0,2620.0
2017-11-16,2060.0,2150.0,2270.0
2017-11-17,1940.0,2020.0,2130.0
2017-11-18,1740.0,1820.0,1940.0
2017-11-19,1570.0,1640.0,1780.0
2017-11-20,1530.0,1590.0,1670.0
2017-11-21,1560.0,1720.0,1980.0
2017-11-22,1960.0,2180.0,2290.0
2017-11-23,1950.0,2020.0,2150.0
2017-11-24,1800.0,1900.0,2030.0
2017-11-25,1660.0,1770.0,1920.0
2017-11-26,1610.0,1680.0,1790.0
2017-11-27,1560.0,1630.0,1710.0
2017-11-28,1560.0,1620.0,1720.0
2017-11-29,1540.0,1630.0,1690.0
2017-11-30,1560.0,1680.0,1820.0
2017-12-01,1660.0,1730.0,1800.0
2017-12-02,1590.0,1660.0,1800.0
2017-12-03,1390.0,1460.0,1620.0
2017-12-04,1300.0,1360.0,1440.0
2017-12-05,1290.0,1380.0,1550.0
2017-12-06,1500.0,1570.0,1650.0
2017-12-07,1420.0,1480.0,1550.0
2017-12-08,1390.0,1430.0,1470.0
2017-12-09,1410.0,1450.0,1490.0
2017-12-10,1340.0,1390.0,1480.0
2017-12-11,1340.0,1400.0,1550.0
2017-12-12,1480.0,1620.0,1900.0
2017-12-13,1900.0,2090.0,2190.0
2017-12-14,1860.0,1950.0,2010.0
2017-12-15,1820.0,1870.0,1950.0
2017-12-16,1840.0,1900.0,1970.0
2017-12-17,1670.0,1770.0,1910.0
2017-12-18,1630.0,1690.0,1750.0
2017-12-19,1580.0,1620.0,1660.0
2017-12-20,1540.0,1600.0,1670.0
2017-12-21,1550.0,1590.0,1650.0
2017-12-22,1600.0,1840.0,2080.0
2017-12-23,1970.0,2040.0,2160.0
2017-12-24,2050.0,2100.0,2180.0
2017-12-25,1870.0,1980.0,2180.0
2017-12-26,1720.0,1790.0,1960.0
2017-12-27,1600.0,1700.0,1820.0
2017-12-28,1590.0,1660.0,1750.0
2017-12-29,1590.0,1640.0,1700.0
2017-12-30,1530.0,1610.0,1690.0
2017-12-31,1680.0,2080.0,2860.0
2018-01-01,2560.0,2700.0,2840.0
2018-01-02,2390.0,2460.0,2570.0
2018-01-03,2270.0,2370.0,2480.0
2018-01-04,2460.0,2800.0,2950.0
2018-01-05,2740.0,4370.0,5340.0
2018-01-06,3980.0,4370.0,5000.0
2018-01-07,3690.0,3840.0,3980.0
2018-01-08,3340.0,3490.0,3690.0
2018-01-09,3110.0,3220.0,3360.0
2018-01-10,2960.0,3080.0,3160.0
2018-01-11,2590.0,2790.0,2970.0
2018-01-12,2380.0,2510.0,2630.0
2018-01-13,2200.0,2280.0,2380.0
2018-01-14,2020.0,2080.0,2200.0
2018-01-15,1820.0,1950.0,2030.0
2018-01-16,1760.0,1860.0,1950.0
2018-01-17,1860.0,2030.0,2250.0
2018-01-18,2210.0,2260.0,2320.0
2018-01-19,2320.0,2780.0,3160.0
2018-01-20,2850.0,3000.0,3120.0
2018-01-21,2710.0,2790.0,2880.0
2018-01-22,2690.0,2740.0,2820.0
2018-01-23,2630.0,2830.0,3200.0
2018-01-24,3060.0,3160.0,3280.0
2018-01-25,3050.0,3150.0,3260.0
2018-01-26,3060.0,3140.0,3210.0
2018-01-27,2810.0,2970.0,3090.0
2018-01-28,2520.0,2600.0,2810.0
2018-01-29,2430.0,2470.0,2540.0
2018-01-30,2460.0,2490.0,2530.0
2018-01-31,2440.0,2530.0,2590.0
2018-02-01,2330.0,2370.0,2440.0
2018-02-02,2280.0,2350.0,2400.0
2018-02-03,2250.0,2290.0,2350.0
2018-02-04,2060.0,2130.0,2260.0
2018-02-05,1880.0,1940.0,2060.0
2018-02-06,1820.0,1920.0,1980.0
2018-02-07,1790.0,1860.0,1970.0
2018-02-08,1760.0,1820.0,1860.0
2018-02-09,1720.0,1760.0,1850.0
2018-02-10,1640.0,1710.0,1780.0
2018-02-11,1500.0,1570.0,1670.0
2018-02-12,1430.0,1500.0,1590.0
2018-02-13,1450.0,1510.0,1570.0
2018-02-14,1450.0,1530.0,1610.0
2018-02-15,1400.0,1480.0,1600.0
2018-02-16,1450.0,1510.0,1590.0
2018-02-17,1590.0,1670.0,1800.0
2018-02-18,1800.0,1850.0,1910.0
2018-02-19,1720.0,1780.0,1870.0
2018-02-20,1660.0,1720.0,1780.0
2018-02-21,1630.0,1710.0,1770.0
2018-02-22,1550.0,1620.0,1680.0
2018-02-23,1430.0,1480.0,1550.0
2018-02-24,1350.0,1410.0,1500.0
2018-02-25,1270.0,1330.0,1390.0
2018-02-26,1230.0,1290.0,1350.0
2018-02-27,1240.0,1280.0,1360.0
2018-02-28,1260.0,1300.0,1360.0
2018-03-01,1210.0,1260.0,1310.0
2018-03-02,1170.0,1240.0,1280.0
2018-03-03,1200.0,1250.0,1290.0
2018-03-04,1200.0,1260.0,1350.0
2018-03-05,1210.0,1240.0,1270.0
2018-03-06,1210.0,1260.0,1370.0
2018-03-07,1340.0,1350.0,1400.0
2018-03-08,1380.0,1430.0,1500.0
2018-03-09,1400.0,1440.0,1520.0
2018-03-10,1420.0,1450.0,1480.0
2018-03-11,1410.0,1470.0,1610.0
2018-03-12,1360.0,1540.0,1870.0
2018-03-13,1870.0,2010.0,2090.0
2018-03-14,1860.0,1950.0,2050.0
2018-03-15,1740.0,1870.0,1930.0
2018-03-16,1710.0,1760.0,1830.0
2018-03-17,1690.0,1780.0,1870.0
2018-03-18,1480.0,1600.0,1810.0
2018-03-19,1460.0,1560.0,1620.0
2018-03-20,1460.0,1530.0,1660.0
2018-03-21,1370.0,1430.0,1500.0
2018-03-22,1290.0,1340.0,1410.0
2018-03-23,1290.0,1320.0,1360.0
2018-03-24,1230.0,1290.0,1380.0
2018-03-25,1190.0,1260.0,1310.0
2018-03-26,1190.0,1220.0,1260.0
2018-03-27,1210.0,1250.0,1330.0
2018-03-28,1220.0,1240.0,1270.0
2018-03-29,1240.0,1360.0,1450.0
2018-03-30,1450.0,1610.0,1700.0
2018-03-31,1650.0,1680.0,1720.0
2018-04-01,1630.0,1670.0,1740.0
2018-04-02,1710.0,1760.0,1800.0
2018-04-03,1620.0,1690.0,1790.0
2018-04-04,1570.0,1640.0,1810.0
2018-04-05,1780.0,1910.0,2040.0
2018-04-06,1870.0,1950.0,2050.0
2018-04-07,1700.0,1860.0,1950.0
2018-04-08,1770.0,1810.0,1840.0
2018-04-09,1830.0,1950.0,2100.0
2018-04-10,2010.0,2060.0,2100.0
2018-04-11,1990.0,2050.0,2120.0
2018-04-12,2010.0,2050.0,2090.0
2018-04-13,2050.0,2170.0,2290.0
2018-04-14,2080.0,2170.0,2240.0
2018-04-15,1920.0,2000.0,2090.0
2018-04-16,1950.0,2010.0,2100.0
2018-04-17,2100.0,2190.0,2250.0
2018-04-18,2120.0,2180.0,2210.0
2018-04-19,2090.0,2150.0,2230.0
2018-04-20,2070.0,2130.0,2190.0
2018-04-21,2170.0,2220.0,2300.0
2018-04-22,2250.0,2310.0,2380.0
2018-04-23,2320.0,2370.0,2440.0
2018-04-24,2420.0,2510.0,2650.0
2018-04-25,2570.0,2620.0,2650.0
2018-04-26,2540.0,2580.0,2630.0
2018-04-27,2370.0,2530.0,2620.0
2018-04-28,2220.0,2280.0,2370.0
2018-04-29,2190.0,2250.0,2320.0
2018-04-30,2170.0,2210.0,2250.0
2018-05-01,2150.0,2210.0,2260.0
2018-05-02,1960.0,2050.0,2180.0
2018-05-03,1920.0,1990.0,2080.0
2018-05-04,1960.0,2030.0,2090.0
2018-05-05,2010.0,2060.0,2120.0
2018-05-06,1880.0,1990.0,2100.0
2018-05-07,1860.0,1920.0,1980.0
2018-05-08,1900.0,1960.0,2030.0
2018-05-09,1880.0,1930.0,2010.0
2018-05-10,1880.0,1960.0,2040.0
2018-05-11,1730.0,1810.0,1930.0
2018-05-12,1780.0,1860.0,1970.0
2018-05-13,1740.0,1840.0,1950.0
2018-05-14,1690.0,1760.0,1910.0
2018-05-15,1720.0,1940.0,2270.0
2018-05-16,2250.0,2340.0,2420.0
2018-05-17,2220.0,2290.0,2370.0
2018-05-18,1990.0,2100.0,2290.0
2018-05-19,2010.0,2070.0,2140.0
2018-05-20,1800.0,1920.0,2040.0
2018-05-21,1570.0,1760.0,1940.0
2018-05-22,1600.0,1660.0,1760.0
2018-05-23,1580.0,1690.0,1820.0
2018-05-24,1650.0,1720.0,1810.0
2018-05-25,1710.0,1820.0,2020.0
2018-05-26,1860.0,1920.0,2010.0
2018-05-27,1740.0,1880.0,1960.0
2018-05-28,1730.0,1770.0,1850.0
2018-05-29,1770.0,1840.0,1930.0
2018-05-30,1810.0,1870.0,1950.0
2018-05-31,1820.0,1900.0,1980.0
2018-06-01,1810.0,1870.0,1910.0
2018-06-02,1810.0,1910.0,2040.0
2018-06-03,1730.0,1900.0,2080.0
2018-06-04,1610.0,1730.0,1820.0
2018-06-05,1560.0,1690.0,1790.0
2018-06-06,1570.0,1680.0,1810.0
2018-06-07,1610.0,1670.0,1740.0
2018-06-08,1640.0,1720.0,1840.0
2018-06-09,1620.0,1730.0,1840.0
2018-06-10,1530.0,1600.0,1720.0
2018-06-11,1580.0,1620.0,1670.0
2018-06-12,1630.0,1720.0,1840.0
2018-06-13,1750.0,2010.0,2340.0
2018-06-14,2340.0,3220.0,3760.0
2018-06-15,2550.0,2840.0,3200.0
2018-06-16,2030.0,2260.0,2550.0
2018-06-17,1660.0,1840.0,2090.0
2018-06-18,1590.0,1660.0,1780.0
2018-06-19,1540.0,1650.0,1790.0
2018-06-20,1520.0,1550.0,1630.0
2018-06-21,1470.0,1530.0,1600.0
2018-06-22,1470.0,1530.0,1710.0
2018-06-23,1540.0,1640.0,1720.0
2018-06-24,1260.0,1390.0,1560.0
2018-06-25,1300.0,1360.0,1470.0
2018-06-26,1430.0,1520.0,1660.0
2018-06-27,1420.0,1470.0,1610.0
2018-06-28,1550.0,2050.0,3340.0
2018-06-29,3120.0,3260.0,3360.0
2018-06-30,2320.0,2760.0,3330.0
2018-07-01,1790.0,2040.0,2320.0
2018-07-02,1510.0,1650.0,1800.0
2018-07-03,1460.0,1530.0,1700.0
2018-07-04,1350.0,1510.0,1670.0
2018-07-05,1410.0,1550.0,1710.0
2018-07-06,1600.0,1670.0,1840.0
2018-07-07,1820.0,2220.0,2630.0
2018-07-08,1740.0,2070.0,2460.0
2018-07-09,1620.0,1680.0,1780.0
2018-07-10,1520.0,1610.0,1690.0
2018-07-11,1500.0,1550.0,1620.0
2018-07-12,1420.0,1470.0,1540.0
2018-07-13,1320.0,1380.0,1510.0
2018-07-14,1220.0,1300.0,1400.0
2018-07-15,1170.0,1230.0,1330.0
2018-07-16,1150.0,1190.0,1250.0
2018-07-17,1130.0,1190.0,1250.0
2018-07-18,1160.0,1200.0,1240.0
2018-07-19,1140.0,1190.0,1240.0
2018-07-20,1080.0,1140.0,1200.0
2018-07-21,1060.0,1120.0,1160.0
2018-07-22,1130.0,1170.0,1220.0
2018-07-23,1190.0,1370.0,1420.0
2018-07-24,1310.0,1350.0,1380.0
2018-07-25,1100.0,1280.0,1440.0
2018-07-26,1190.0,1250.0,1360.0
2018-07-27,1100.0,1150.0,1220.0
2018-07-28,1050.0,1090.0,1150.0
2018-07-29,945.0,1030.0,1110.0
2018-07-30,926.0,968.0,1010.0
2018-07-31,945.0,994.0,1040.0
2018-08-01,926.0,994.0,1050.0
2018-08-02,945.0,998.0,1040.0
2018-08-03,994.0,1040.0,1100.0
2018-08-04,1020.0,1080.0,1120.0
2018-08-05,945.0,1000.0,1090.0
2018-08-06,906.0,944.0,994.0
2018-08-07,916.0,963.0,1040.0
2018-08-08,1020.0,1070.0,1100.0
2018-08-09,916.0,989.0,1100.0
2018-08-10,965.0,1020.0,1080.0
2018-08-11,984.0,1020.0,1060.0
2018-08-12,828.0,923.0,1030.0
2018-08-13,828.0,863.0,906.0
2018-08-14,867.0,1020.0,1110.0
2018-08-15,975.0,1050.0,1150.0
2018-08-16,906.0,942.0,1000.0
2018-08-17,828.0,899.0,975.0
2018-08-18,819.0,872.0,916.0
2018-08-19,790.0,850.0,926.0
2018-08-20,799.0,853.0,896.0
2018-08-21,838.0,884.0,955.0
2018-08-22,828.0,889.0,955.0
2018-08-23,857.0,940.0,1010.0
2018-08-24,955.0,1000.0,1130.0
2018-08-25,1020.0,1090.0,1150.0
2018-08-26,1010.0,1280.0,1760.0
2018-08-27,1300.0,1560.0,1750.0
2018-08-28,1020.0,1110.0,1310.0
2018-08-29,1080.0,1130.0,1190.0
2018-08-30,1010.0,1070.0,1170.0
2018-08-31,1010.0,1210.0,1450.0
2018-09-01,1330.0,1410.0,1590.0
2018-09-02,1590.0,1850.0,1940.0
2018-09-03,1600.0,1650.0,1790.0
2018-09-04,1590.0,1640.0,1690.0
2018-09-05,1480.0,1560.0,1670.0
2018-09-06,1340.0,1430.0,1560.0
2018-09-07,1240.0,1280.0,1340.0
2018-09-08,1170.0,1220.0,1280.0
2018-09-09,1020.0,1120.0,1230.0
2018-09-10,994.0,1070.0,1120.0
2018-09-11,965.0,1020.0,1090.0
2018-09-12,906.0,969.0,1010.0
2018-09-13,945.0,999.0,1070.0
2018-09-14,984.0,1080.0,1270.0
2018-09-15,1080.0,1150.0,1270.0
2018-09-16,945.0,1030.0,1130.0
2018-09-17,848.0,932.0,1000.0
2018-09-18,896.0,945.0,994.0
2018-09-19,955.0,992.0,1060.0
2018-09-20,906.0,990.0,1090.0
2018-09-21,867.0,914.0,965.0
2018-09-22,857.0,910.0,955.0
2018-09-23,887.0,946.0,1000.0
2018-09-24,965.0,1060.0,1270.0
2018-09-25,1270.0,1410.0,1530.0
2018-09-26,1130.0,1230.0,1400.0
2018-09-27,1010.0,1090.0,1210.0
2018-09-28,896.0,978.0,1040.0
2018-09-29,809.0,891.0,945.0
2018-09-30,809.0,868.0,916.0
2018-10-01,799.0,849.0,926.0
2018-10-02,887.0,977.0,1080.0
2018-10-03,1060.0,1100.0,1160.0
2018-10-04,965.0,1060.0,1130.0
2018-10-05,975.0,1010.0,1050.0
2018-10-06,877.0,947.0,1070.0
2018-10-07,828.0,865.0,906.0
2018-10-08,809.0,848.0,887.0
2018-10-09,848.0,881.0,945.0
2018-10-10,828.0,881.0,975.0
2018-10-11,819.0,864.0,916.0
2018-10-12,799.0,848.0,906.0
2018-10-13,731.0,783.0,867.0
2018-10-14,722.0,764.0,828.0
2018-10-15,702.0,762.0,809.0
2018-10-16,751.0,786.0,848.0
2018-10-17,731.0,776.0,838.0
2018-10-18,741.0,797.0,857.0
2018-10-19,751.0,782.0,819.0
2018-10-20,693.0,745.0,799.0
2018-10-21,663.0,705.0,770.0
2018-10-22,644.0,693.0,770.0
2018-10-23,654.0,717.0,780.0
2018-10-24,702.0,771.0,877.0
2018-10-25,877.0,1520.0,2050.0
2018-10-26,1230.0,1520.0,1920.0
2018-10-27,1030.0,1100.0,1230.0
2018-10-28,1020.0,1060.0,1110.0
2018-10-29,1050.0,1300.0,1610.0
2018-10-30,1530.0,1700.0,2240.0
2018-10-31,1430.0,1790.0,2240.0
2018-11-01,1130.0,1300.0,1460.0
2018-11-02,994.0,1080.0,1170.0
2018-11-03,906.0,986.0,1060.0
2018-11-04,877.0,914.0,984.0
2018-11-05,828.0,891.0,945.0
2018-11-06,877.0,916.0,955.0
2018-11-07,867.0,900.0,945.0
2018-11-08,819.0,862.0,906.0
2018-11-09,751.0,847.0,926.0
2018-11-10,828.0,860.0,916.0
2018-11-11,780.0,811.0,857.0
2018-11-12,712.0,765.0,828.0
2018-11-13,751.0,806.0,848.0
2018-11-14,731.0,774.0,838.0
2018-11-15,731.0,790.0,896.0
2018-11-16,731.0,768.0,828.0
2018-11-17,741.0,767.0,809.0
2018-11-18,693.0,742.0,780.0
2018-11-19,693.0,731.0,780.0
2018-11-20,731.0,779.0,848.0
2018-11-21,790.0,818.0,848.0
2018-11-22,770.0,804.0,848.0
2018-11-23,780.0,816.0,857.0
2018-11-24,790.0,835.0,877.0
2018-11-25,702.0,737.0,809.0
2018-11-26,673.0,740.0,838.0
2018-11-27,790.0,871.0,955.0
2018-11-28,838.0,872.0,935.0
2018-11-29,780.0,817.0,857.0
2018-11-30,761.0,829.0,877.0
2018-12-01,731.0,764.0,809.0
2018-12-02,731.0,771.0,819.0
2018-12-03,790.0,896.0,1100.0
2018-12-04,1070.0,1390.0,1510.0
2018-12-05,1470.0,1540.0,1620.0
2018-12-06,1370.0,1450.0,1560.0
2018-12-07,1220.0,1320.0,1410.0
2018-12-08,1160.0,1220.0,1290.0
2018-12-09,1230.0,1270.0,1320.0
2018-12-10,1230.0,1390.0,1600.0
2018-12-11,1550.0,1610.0,1710.0
2018-12-12,1470.0,1530.0,1640.0
2018-12-13,1350.0,1420.0,1520.0
2018-12-14,1250.0,1300.0,1350.0
2018-12-15,1140.0,1220.0,1280.0
2018-12-16,1000.0,1080.0,1190.0
2018-12-17,916.0,975.0,1050.0
2018-12-18,935.0,991.0,1030.0
2018-12-19,965.0,989.0,1020.0
2018-12-20,906.0,949.0,1020.0
2018-12-21,916.0,940.0,975.0
2018-12-22,916.0,1130.0,1700.0
2018-12-23,1700.0,2440.0,2820.0
2018-12-24,2630.0,3750.0,5470.0
2018-12-25,3270.0,4180.0,5490.0
2018-12-26,2860.0,3070.0,3300.0
2018-12-27,2220.0,2520.0,2870.0
2018-12-28,1920.0,2060.0,2230.0
2018-12-29,1670.0,1810.0,1930.0
2018-12-30,1540.0,1590.0,1690.0
2018-12-31,1510.0,1600.0,1730.0
2019-01-01,1670.0,1740.0,1820.0
2019-01-02,1750.0,1790.0,1830.0
2019-01-03,1590.0,1690.0,1790.0
2019-01-04,1530.0,1570.0,1650.0
2019-01-05,1470.0,1510.0,1570.0
2019-01-06,1460.0,1510.0,1600.0
2019-01-07,1540.0,1610.0,1730.0
2019-01-08,1730.0,1900.0,2050.0
2019-01-09,2050.0,2320.0,2540.0
2019-01-10,2120.0,2220.0,2440.0
2019-01-11,1980.0,2060.0,2150.0
2019-01-12,1770.0,1860.0,2100.0
2019-01-13,1710.0,1810.0,1930.0
2019-01-14,1920.0,2780.0,3500.0
2019-01-15,3030.0,3210.0,3460.0
2019-01-16,2800.0,2900.0,3030.0
2019-01-17,2450.0,2580.0,2800.0
2019-01-18,2190.0,2290.0,2450.0
2019-01-19,2020.0,2090.0,2200.0
2019-01-20,1800.0,1930.0,2100.0
2019-01-21,1660.0,1720.0,1810.0
2019-01-22,1600.0,1670.0,1740.0
2019-01-23,1540.0,1620.0,1710.0
2019-01-24,1490.0,1560.0,1690.0
2019-01-25,1470.0,1530.0,1580.0
2019-01-26,1400.0,1450.0,1520.0
2019-01-27,1260.0,1340.0,1430.0
2019-01-28,1240.0,1280.0,1340.0
2019-01-29,1290.0,1330.0,1370.0
2019-01-30,1290.0,1340.0,1420.0
2019-01-31,1260.0,1300.0,1330.0
2019-02-01,1230.0,1280.0,1350.0
2019-02-02,1220.0,1270.0,1310.0
2019-02-03,1290.0,1420.0,1580.0
2019-02-04,1410.0,1480.0,1570.0
2019-02-05,1370.0,1410.0,1470.0
2019-02-06,1310.0,1380.0,1470.0
2019-02-07,1230.0,1290.0,1370.0
2019-02-08,1240.0,1290.0,1350.0
2019-02-09,1260.0,1310.0,1390.0
2019-02-10,1270.0,1290.0,1340.0
2019-02-11,1300.0,1440.0,1700.0
2019-02-12,1680.0,1810.0,1900.0
2019-02-13,1780.0,1870.0,1920.0
2019-02-14,1610.0,1700.0,1830.0
2019-02-15,1550.0,1590.0,1620.0
2019-02-16,1450.0,1510.0,1570.0
2019-02-17,1370.0,1420.0,1520.0
2019-02-18,1350.0,1400.0,1460.0
2019-02-19,1410.0,1460.0,1530.0
2019-02-20,1450.0,1510.0,1580.0
2019-02-21,1500.0,1600.0,1700.0
2019-02-22,1650.0,1820.0,2410.0
2019-02-23,2410.0,2710.0,2900.0
2019-02-24,2010.0,2180.0,2480.0
2019-02-25,1880.0,1930.0,2010.0
2019-02-26,1770.0,1840.0,1890.0
2019-02-27,1780.0,1860.0,1950.0
2019-02-28,1890.0,1980.0,2090.0
2019-03-01,2040.0,2250.0,2530.0
2019-03-02,2530.0,2770.0,2930.0
2019-03-03,2630.0,2810.0,2960.0
2019-03-04,2480.0,2570.0,2630.0
2019-03-05,2440.0,2500.0,2580.0
2019-03-06,2370.0,2420.0,2490.0
2019-03-07,2280.0,2360.0,2410.0
2019-03-08,2310.0,2480.0,2620.0
2019-03-09,2400.0,2480.0,2570.0
2019-03-10,2250.0,2360.0,2500.0
2019-03-11,2500.0,2760.0,2920.0
2019-03-12,2630.0,2710.0,2780.0
2019-03-13,2340.0,2540.0,2700.0
2019-03-14,2180.0,2240.0,2340.0
2019-03-15,2170.0,2290.0,2420.0
2019-03-16,2420.0,3660.0,4690.0
2019-03-17,3830.0,4210.0,4620.0
2019-03-18,3720.0,3800.0,3890.0
2019-03-19,3250.0,3500.0,3760.0
2019-03-20,2850.0,3070.0,3250.0
2019-03-21,2500.0,2660.0,2860.0
2019-03-22,2300.0,2410.0,2510.0
2019-03-23,2190.0,2260.0,2350.0
2019-03-24,2180.0,2210.0,2250.0
2019-03-25,2190.0,2250.0,2350.0
2019-03-26,2170.0,2270.0,2340.0
2019-03-27,2010.0,2090.0,2170.0
2019-03-28,1840.0,1930.0,2050.0
2019-03-29,1820.0,1880.0,1920.0
2019-03-30,1740.0,1840.0,1930.0
2019-03-31,1750.0,1820.0,1880.0
2019-04-01,1800.0,1860.0,1920.0
2019-04-02,1910.0,1980.0,2080.0
2019-04-03,1980.0,2040.0,2110.0
2019-04-04,2090.0,2140.0,2210.0
2019-04-05,2130.0,2210.0,2310.0
2019-04-06,2090.0,2200.0,2320.0
2019-04-07,1970.0,2050.0,2140.0
2019-04-08,1940.0,2030.0,2130.0
2019-04-09,2060.0,2100.0,2150.0
2019-04-10,1990.0,2090.0,2190.0
2019-04-11,2120.0,2170.0,2220.0
2019-04-12,2040.0,2120.0,2180.0
2019-04-13,1850.0,1950.0,2080.0
2019-04-14,1660.0,1750.0,1900.0
2019-04-15,1520.0,1600.0,1680.0
2019-04-16,1540.0,1590.0,1640.0
2019-04-17,1510.0,1570.0,1640.0
2019-04-18,1530.0,1630.0,1770.0
2019-04-19,1640.0,1710.0,1820.0
2019-04-20,1720.0,1780.0,1830.0
2019-04-21,1780.0,1840.0,1940.0
2019-04-22,1830.0,1890.0,1950.0
2019-04-23,1880.0,1940.0,2040.0
2019-04-24,1980.0,2050.0,2150.0
2019-04-25,2130.0,2270.0,2420.0
2019-04-26,2320.0,2400.0,2490.0
2019-04-27,2380.0,2500.0,2590.0
2019-04-28,2100.0,2250.0,2500.0
2019-04-29,1910.0,2030.0,2140.0
2019-04-30,1860.0,1960.0,2030.0
2019-05-01,1990.0,2220.0,2320.0
2019-05-02,1840.0,1980.0,2170.0
2019-05-03,1840.0,1950.0,2160.0
2019-05-04,2080.0,2150.0,2200.0
2019-05-05,2040.0,2110.0,2250.0
2019-05-06,2090.0,2170.0,2280.0
2019-05-07,1930.0,2030.0,2150.0
2019-05-08,1870.0,1950.0,2030.0
2019-05-09,1870.0,1950.0,2020.0
2019-05-10,1980.0,2040.0,2120.0
2019-05-11,1940.0,2000.0,2080.0
2019-05-12,2060.0,2310.0,2760.0
2019-05-13,2640.0,2850.0,3030.0
2019-05-14,2380.0,2530.0,2690.0
2019-05-15,2150.0,2280.0,2400.0
2019-05-16,2120.0,2150.0,2180.0
2019-05-17,1920.0,2010.0,2150.0
2019-05-18,1950.0,2010.0,2050.0
2019-05-19,1890.0,1930.0,2010.0
2019-05-20,1920.0,2040.0,2300.0
2019-05-21,2300.0,3210.0,4080.0
2019-05-22,4050.0,4360.0,4890.0
2019-05-23,4520.0,4680.0,4840.0
2019-05-24,4310.0,4420.0,4590.0
2019-05-25,3780.0,4150.0,4330.0
2019-05-26,3420.0,3590.0,3810.0
2019-05-27,3320.0,3370.0,3440.0
2019-05-28,3370.0,3480.0,3670.0
2019-05-29,3640.0,4380.0,5290.0
2019-05-30,4620.0,5110.0,5330.0
2019-05-31,3690.0,4060.0,4640.0
2019-06-01,3300.0,3480.0,3720.0
2019-06-02,3120.0,3190.0,3320.0
2019-06-03,3090.0,3200.0,3280.0
2019-06-04,3220.0,3420.0,3580.0
2019-06-05,3410.0,3480.0,3580.0
2019-06-06,3440.0,3590.0,3720.0
2019-06-07,3620.0,3710.0,3780.0
2019-06-08,3440.0,3510.0,3630.0
2019-06-09,2890.0,3130.0,3460.0
2019-06-10,2950.0,3000.0,3060.0
2019-06-11,3060.0,3320.0,3570.0
2019-06-12,3570.0,3820.0,3980.0
2019-06-13,3860.0,4020.0,4160.0
2019-06-14,3430.0,3640.0,3940.0
2019-06-15,3090.0,3210.0,3460.0
2019-06-16,3090.0,3160.0,3240.0
2019-06-17,2790.0,2950.0,3160.0
2019-06-18,2680.0,2750.0,2820.0
2019-06-19,2630.0,2690.0,2760.0
2019-06-20,2600.0,2670.0,2780.0
2019-06-21,2680.0,2750.0,2860.0
2019-06-22,2600.0,2660.0,2770.0
2019-06-23,2670.0,2750.0,2840.0
2019-06-24,2470.0,2640.0,2840.0
2019-06-25,2410.0,2470.0,2530.0
2019-06-26,2390.0,2450.0,2520.0
2019-06-27,2330.0,2390.0,2470.0
2019-06-28,2370.0,2420.0,2530.0
2019-06-29,2380.0,2450.0,2540.0
2019-06-30,2110.0,2270.0,2470.0
2019-07-01,2030.0,2090.0,2160.0
2019-07-02,2110.0,2210.0,2290.0
2019-07-03,2020.0,2090.0,2220.0
2019-07-04,1880.0,1970.0,2090.0
2019-07-05,1810.0,1890.0,1990.0
2019-07-06,1690.0,1780.0,1870.0
2019-07-07,1570.0,1670.0,1790.0
2019-07-08,1650.0,1730.0,1770.0
2019-07-09,1680.0,1780.0,1900.0
2019-07-10,1580.0,1690.0,1750.0
2019-07-11,1370.0,1560.0,1660.0
2019-07-12,1400.0,1510.0,1610.0
2019-07-13,1470.0,1580.0,1700.0
2019-07-14,1700.0,1860.0,2020.0
2019-07-15,1730.0,1950.0,2080.0
2019-07-16,1490.0,1670.0,1780.0
2019-07-17,1420.0,1510.0,1620.0
2019-07-18,1350.0,1420.0,1520.0
2019-07-19,1300.0,1410.0,1520.0
2019-07-20,1220.0,1300.0,1410.0
2019-07-21,1200.0,1260.0,1310.0
2019-07-22,1210.0,1310.0,1390.0
2019-07-23,1210.0,1340.0,1410.0
2019-07-24,1290.0,1330.0,1380.0
2019-07-25,1260.0,1280.0,1320.0
2019-07-26,1280.0,1320.0,1360.0
2019-07-27,1300.0,1340.0,1380.0
2019-07-28,1270.0,1310.0,1410.0
2019-07-29,1370.0,1890.0,3490.0
2019-07-30,2140.0,2840.0,3570.0
2019-07-31,1850.0,2040.0,2150.0
2019-08-01,1680.0,1820.0,1910.0
2019-08-02,1480.0,1620.0,1740.0
2019-08-03,1580.0,1680.0,1790.0
2019-08-04,1760.0,1840.0,1920.0
2019-08-05,1540.0,1700.0,1860.0
2019-08-06,1420.0,1530.0,1610.0
2019-08-07,1420.0,1490.0,1580.0
2019-08-08,1510.0,1580.0,1650.0
2019-08-09,1590.0,1650.0,1710.0
2019-08-10,1540.0,1600.0,1660.0
2019-08-11,1350.0,1480.0,1590.0
2019-08-12,1290.0,1350.0,1400.0
2019-08-13,1290.0,1520.0,1810.0
2019-08-14,1740.0,1850.0,2040.0
2019-08-15,1830.0,1990.0,2120.0
2019-08-16,1570.0,1700.0,1880.0
2019-08-17,1550.0,1590.0,1670.0
2019-08-18,1360.0,1470.0,1630.0
2019-08-19,1300.0,1350.0,1430.0
2019-08-20,1290.0,1370.0,1460.0
2019-08-21,1460.0,1550.0,1690.0
2019-08-22,1680.0,1940.0,2060.0
2019-08-23,1770.0,1910.0,2020.0
2019-08-24,1580.0,1690.0,1820.0
2019-08-25,1390.0,1470.0,1600.0
2019-08-26,1340.0,1420.0,1480.0
2019-08-27,1380.0,1450.0,1530.0
2019-08-28,1340.0,1460.0,1620.0
2019-08-29,1270.0,1350.0,1420.0
2019-08-30,1280.0,1340.0,1420.0
2019-08-31,1220.0,1300.0,1390.0
2019-09-01,1170.0,1240.0,1350.0
2019-09-02,1210.0,1300.0,1620.0
2019-09-03,1610.0,1760.0,1910.0
2019-09-04,1530.0,1670.0,1870.0
2019-09-05,1310.0,1500.0,1630.0
2019-09-06,1330.0,1440.0,1560.0
2019-09-07,1350.0,1470.0,1590.0
2019-09-08,1410.0,1500.0,1640.0
2019-09-09,1570.0,1750.0,2080.0
2019-09-10,1930.0,2150.0,2330.0
2019-09-11,1740.0,1840.0,1960.0
2019-09-12,1580.0,1700.0,1790.0
2019-09-13,1430.0,1490.0,1590.0
2019-09-14,1350.0,1400.0,1510.0
2019-09-15,1210.0,1300.0,1440.0
2019-09-16,1110.0,1180.0,1270.0
2019-09-17,1090.0,1180.0,1280.0
2019-09-18,1110.0,1160.0,1260.0
2019-09-19,1000.0,1070.0,1110.0
2019-09-20,975.0,1020.0,1100.0
2019-09-21,926.0,987.0,1090.0
2019-09-22,916.0,946.0,994.0
2019-09-23,799.0,881.0,994.0
2019-09-24,896.0,1010.0,1170.0
2019-09-25,1050.0,1130.0,1180.0
2019-09-26,1040.0,1080.0,1140.0
2019-09-27,1020.0,1080.0,1170.0
2019-09-28,975.0,1020.0,1060.0
2019-09-29,975.0,1030.0,1090.0
2019-09-30,926.0,1010.0,1080.0
2019-10-01,926.0,975.0,1020.0
2019-10-02,916.0,966.0,1050.0
2019-10-03,935.0,1080.0,1300.0
2019-10-04,1250.0,1300.0,1350.0
2019-10-05,1240.0,1310.0,1350.0
2019-10-06,1310.0,1570.0,1790.0
2019-10-07,1540.0,1570.0,1640.0
2019-10-08,1560.0,1720.0,1890.0
2019-10-09,1740.0,1830.0,1950.0
2019-10-10,1710.0,1790.0,1930.0
2019-10-11,1830.0,1910.0,1990.0
2019-10-12,1680.0,1790.0,1990.0
2019-10-13,1410.0,1530.0,1710.0
2019-10-14,1290.0,1400.0,1540.0
2019-10-15,1250.0,1330.0,1410.0
2019-10-16,1140.0,1220.0,1300.0
2019-10-17,1170.0,1230.0,1280.0
2019-10-18,1120.0,1200.0,1270.0
2019-10-19,1030.0,1090.0,1180.0
2019-10-20,965.0,1010.0,1070.0
2019-10-21,945.0,988.0,1040.0
2019-10-22,965.0,1030.0,1100.0
2019-10-23,1060.0,1110.0,1150.0
2019-10-24,1080.0,1110.0,1140.0
2019-10-25,965.0,1030.0,1140.0
2019-10-26,916.0,948.0,984.0
2019-10-27,887.0,924.0,975.0
2019-10-28,848.0,896.0,935.0
2019-10-29,906.0,964.0,1050.0
2019-10-30,945.0,984.0,1030.0
2019-10-31,935.0,997.0,1070.0
2019-11-01,1010.0,1080.0,1130.0
2019-11-02,1060.0,1100.0,1140.0
2019-11-03,1060.0,1090.0,1140.0
2019-11-04,1000.0,1030.0,1080.0
2019-11-05,1030.0,1110.0,1180.0
2019-11-06,1180.0,1450.0,1610.0
2019-11-07,1390.0,1460.0,1560.0
2019-11-08,1300.0,1340.0,1430.0
2019-11-09,1230.0,1260.0,1320.0
2019-11-10,1150.0,1190.0,1230.0
2019-11-11,1050.0,1110.0,1180.0
2019-11-12,1020.0,1060.0,1090.0
2019-11-13,1020.0,1140.0,1260.0
2019-11-14,1200.0,1260.0,1370.0
2019-11-15,1180.0,1230.0,1300.0
2019-11-16,1180.0,1410.0,1820.0
2019-11-17,1380.0,1590.0,1820.0
2019-11-18,1390.0,1970.0,2310.0
2019-11-19,1670.0,1830.0,2070.0
2019-11-20,1550.0,1610.0,1680.0
2019-11-21,1440.0,1490.0,1600.0
2019-11-22,1350.0,1400.0,1490.0
2019-11-23,1190.0,1280.0,1350.0
2019-11-24,1090.0,1160.0,1220.0
2019-11-25,1080.0,1110.0,1150.0
2019-11-26,1120.0,1190.0,1250.0
2019-11-27,1140.0,1170.0,1220.0
2019-11-28,1050.0,1090.0,1170.0
2019-11-29,1030.0,1070.0,1100.0
2019-11-30,1030.0,1060.0,1120.0
2019-12-01,1010.0,1060.0,1100.0
2019-12-02,975.0,1050.0,1120.0
2019-12-03,955.0,1050.0,1180.0
2019-12-04,1030.0,1100.0,1160.0
2019-12-05,1050.0,1090.0,1160.0
2019-12-06,955.0,1010.0,1070.0
2019-12-07,935.0,999.0,1060.0
2019-12-08,887.0,916.0,955.0
2019-12-09,848.0,886.0,926.0
2019-12-10,848.0,904.0,994.0
2019-12-11,965.0,1010.0,1060.0
2019-12-12,975.0,1010.0,1030.0
2019-12-13,935.0,994.0,1030.0
2019-12-14,975.0,1020.0,1040.0
2019-12-15,896.0,941.0,1020.0
2019-12-16,887.0,945.0,994.0
2019-12-17,955.0,1020.0,1100.0
2019-12-18,1030.0,1080.0,1120.0
2019-12-19,1050.0,1100.0,1160.0
2019-12-20,984.0,1030.0,1110.0
2019-12-21,955.0,995.0,1030.0
2019-12-22,1010.0,1120.0,1220.0
2019-12-23,1110.0,1180.0,1320.0
2019-12-24,1290.0,1370.0,1450.0
2019-12-25,1430.0,1460.0,1510.0
2019-12-26,1500.0,1870.0,2120.0
2019-12-27,1700.0,1810.0,2030.0
2019-12-28,1580.0,1650.0,1780.0
2019-12-29,1360.0,1450.0,1620.0
2019-12-30,1260.0,1320.0,1450.0
2019-12-31,1170.0,1250.0,1370.0
2020-01-01,1100.0,1160.0,1270.0
2020-01-02,1050.0,1140.0,1250.0
2020-01-03,1050.0,1110.0,1200.0
2020-01-04,1040.0,1120.0,1210.0
2020-01-05,1030.0,1120.0,1190.0
2020-01-06,1060.0,1120.0,1170.0
2020-01-07,1030.0,1100.0,1180.0
2020-01-08,1030.0,1100.0,1160.0
2020-01-09,1060.0,1110.0,1180.0
2020-01-10,1050.0,1100.0,1150.0
2020-01-11,1030.0,1090.0,1130.0
2020-01-12,1000.0,1070.0,1160.0
2020-01-13,955.0,1000.0,1050.0
2020-01-14,975.0,1040.0,1120.0
2020-01-15,1020.0,1060.0,1110.0
2020-01-16,975.0,1020.0,1070.0
2020-01-17,955.0,1020.0,1050.0
2020-01-18,935.0,997.0,1080.0
2020-01-19,955.0,975.0,994.0
2020-01-20,896.0,953.0,1020.0
2020-01-21,916.0,959.0,1010.0
2020-01-22,945.0,996.0,1050.0
2020-01-23,955.0,992.0,1020.0
2020-01-24,965.0,1000.0,1030.0
2020-01-25,965.0,990.0,1030.0
2020-01-26,906.0,948.0,994.0
2020-01-27,857.0,885.0,926.0
2020-01-28,896.0,933.0,1010.0
2020-01-29,975.0,1020.0,1070.0
2020-01-30,955.0,981.0,1020.0
2020-01-31,975.0,1040.0,1120.0
2020-02-01,1110.0,1360.0,1470.0
2020-02-02,1400.0,1550.0,1960.0
2020-02-03,1940.0,3160.0,5170.0
2020-02-04,4750.0,5260.0,5640.0
2020-02-05,3780.0,4210.0,4750.0
2020-02-06,3280.0,3560.0,3780.0
2020-02-07,2740.0,3010.0,3280.0
2020-02-08,2350.0,2520.0,2740.0
2020-02-09,2070.0,2180.0,2350.0
2020-02-10,1840.0,1920.0,2070.0
2020-02-11,1930.0,2130.0,2330.0
2020-02-12,2180.0,2250.0,2340.0
2020-02-13,2140.0,2180.0,2230.0
2020-02-14,2080.0,2130.0,2200.0
2020-02-15,2100.0,2160.0,2220.0
2020-02-16,2010.0,2050.0,2170.0
2020-02-17,1920.0,1950.0,2030.0
2020-02-18,1880.0,1940.0,2030.0
2020-02-19,1910.0,1950.0,2020.0
2020-02-20,1800.0,1860.0,1920.0
2020-02-21,1730.0,1770.0,1860.0
2020-02-22,1650.0,1690.0,1750.0
2020-02-23,1500.0,1570.0,1670.0
2020-02-24,1540.0,1790.0,2240.0
2020-02-25,2090.0,2230.0,2340.0
2020-02-26,2050.0,2090.0,2140.0
2020-02-27,1920.0,2010.0,2080.0
2020-02-28,1890.0,1950.0,1990.0
2020-02-29,1850.0,1880.0,1930.0
2020-03-01,1730.0,1810.0,1850.0
2020-03-02,1690.0,1820.0,1940.0
2020-03-03,1850.0,2000.0,2130.0
2020-03-04,2030.0,2160.0,2260.0
2020-03-05,1830.0,1950.0,2030.0
2020-03-06,1810.0,1870.0,1920.0
2020-03-07,1850.0,1900.0,1960.0
2020-03-08,1790.0,1840.0,1880.0
2020-03-09,1690.0,1760.0,1830.0
2020-03-10,1670.0,1750.0,1850.0
2020-03-11,1740.0,1890.0,2190.0
2020-03-12,2170.0,2350.0,2500.0
2020-03-13,2340.0,2380.0,2460.0
2020-03-14,2160.0,2310.0,2390.0
2020-03-15,2030.0,2070.0,2160.0
2020-03-16,1690.0,1820.0,2040.0
2020-03-17,1690.0,1720.0,1750.0
2020-03-18,1610.0,1670.0,1710.0
2020-03-19,1650.0,1690.0,1750.0
2020-03-20,1650.0,1700.0,1760.0
2020-03-21,1700.0,1760.0,1880.0
2020-03-22,1740.0,1870.0,1980.0
2020-03-23,1550.0,1640.0,1740.0
2020-03-24,1500.0,1530.0,1570.0
2020-03-25,1380.0,1460.0,1540.0
2020-03-26,1380.0,1430.0,1520.0
2020-03-27,1320.0,1370.0,1420.0
2020-03-28,1300.0,1330.0,1360.0
2020-03-29,1230.0,1280.0,1340.0
2020-03-30,1170.0,1230.0,1270.0
2020-03-31,1190.0,1220.0,1280.0
2020-04-01,1220.0,1250.0,1290.0
2020-04-02,1220.0,1250.0,1300.0
2020-04-03,1170.0,1210.0,1280.0
2020-04-04,1140.0,1190.0,1230.0
2020-04-05,1040.0,1090.0,1190.0
2020-04-06,1020.0,1100.0,1160.0
2020-04-07,1040.0,1120.0,1190.0
2020-04-08,1110.0,1160.0,1230.0
2020-04-09,1160.0,1210.0,1270.0
2020-04-10,1150.0,1200.0,1310.0
2020-04-11,1230.0,1270.0,1350.0
2020-04-12,1210.0,1270.0,1330.0
2020-04-13,1240.0,1280.0,1330.0
2020-04-14,1250.0,1300.0,1390.0
2020-04-15,1300.0,1370.0,1420.0
2020-04-16,1190.0,1260.0,1330.0
2020-04-17,1190.0,1240.0,1310.0
2020-04-18,1290.0,1330.0,1360.0
2020-04-19,1320.0,1370.0,1470.0
2020-04-20,1410.0,1470.0,1540.0
2020-04-21,1470.0,1550.0,1600.0
2020-04-22,1430.0,1500.0,1590.0
2020-04-23,1240.0,1360.0,1430.0
2020-04-24,1310.0,1430.0,1580.0
2020-04-25,1410.0,1450.0,1500.0
2020-04-26,1350.0,1390.0,1470.0
2020-04-27,1370.0,1380.0,1410.0
2020-04-28,1280.0,1340.0,1390.0
2020-04-29,1320.0,1450.0,1530.0
2020-04-30,1530.0,1580.0,1650.0
2020-05-01,1490.0,1540.0,1600.0
2020-05-02,1500.0,1550.0,1610.0
2020-05-03,1500.0,1550.0,1600.0
2020-05-04,1430.0,1470.0,1510.0
2020-05-05,1390.0,1420.0,1480.0
2020-05-06,1410.0,1480.0,1540.0
2020-05-07,1370.0,1530.0,1680.0
2020-05-08,1330.0,1370.0,1430.0
2020-05-09,1380.0,1410.0,1470.0
2020-05-10,1390.0,1410.0,1460.0
2020-05-11,1430.0,1510.0,1610.0
2020-05-12,1550.0,1600.0,1660.0
2020-05-13,1530.0,1650.0,1710.0
2020-05-14,1500.0,1560.0,1640.0
2020-05-15,1550.0,1590.0,1660.0
2020-05-16,1650.0,1760.0,1860.0
2020-05-17,1400.0,1610.0,1760.0
2020-05-18,1420.0,1490.0,1590.0
2020-05-19,1280.0,1380.0,1510.0
2020-05-20,1380.0,1410.0,1500.0
2020-05-21,1400.0,1440.0,1470.0
2020-05-22,1340.0,1400.0,1470.0
2020-05-23,1330.0,1380.0,1420.0
2020-05-24,1390.0,1520.0,1650.0
2020-05-25,1540.0,1670.0,1790.0
2020-05-26,1670.0,2040.0,2220.0
2020-05-27,1750.0,1950.0,2140.0
2020-05-28,1550.0,1640.0,1750.0
2020-05-29,1510.0,1580.0,1670.0
2020-05-30,1340.0,1500.0,1650.0
2020-05-31,1170.0,1290.0,1360.0
2020-06-01,1130.0,1230.0,1310.0
2020-06-02,1110.0,1190.0,1260.0
2020-06-03,1120.0,1190.0,1240.0
2020-06-04,1190.0,1230.0,1340.0
2020-06-05,1320.0,1400.0,1520.0
2020-06-06,1410.0,1540.0,1650.0
2020-06-07,1380.0,1410.0,1440.0
2020-06-08,1300.0,1390.0,1600.0
2020-06-09,1590.0,1630.0,1710.0
2020-06-10,1710.0,1840.0,2020.0
2020-06-11,1990.0,2110.0,2330.0
2020-06-12,1940.0,2030.0,2190.0
2020-06-13,1970.0,2050.0,2140.0
2020-06-14,1790.0,1890.0,2010.0
2020-06-15,1800.0,2110.0,2880.0
2020-06-16,2880.0,3670.0,3960.0
2020-06-17,2840.0,3100.0,3460.0
2020-06-18,2760.0,2880.0,2990.0
2020-06-19,2570.0,2710.0,2900.0
2020-06-20,2550.0,2680.0,3020.0
2020-06-21,3020.0,3770.0,4500.0
2020-06-22,3070.0,3790.0,4470.0
2020-06-23,2480.0,2730.0,3080.0
2020-06-24,2230.0,2350.0,2500.0
2020-06-25,2040.0,2130.0,2240.0
2020-06-26,2020.0,2080.0,2130.0
2020-06-27,1880.0,1960.0,2040.0
2020-06-28,1860.0,1920.0,1990.0
2020-06-29,1990.0,2240.0,2840.0
2020-06-30,2700.0,3020.0,3420.0
2020-07-01,2440.0,2550.0,2700.0
2020-07-02,2450.0,2510.0,2570.0
2020-07-03,2490.0,2740.0,3420.0
2020-07-04,2630.0,2980.0,3420.0
2020-07-05,2120.0,2380.0,2630.0
2020-07-06,1910.0,2070.0,2230.0
2020-07-07,1890.0,1980.0,2090.0
2020-07-08,1800.0,1940.0,2070.0
2020-07-09,1640.0,1750.0,1850.0
2020-07-10,1610.0,1710.0,1810.0
2020-07-11,1770.0,1880.0,2100.0
2020-07-12,2100.0,2260.0,2390.0
2020-07-13,1760.0,1900.0,2130.0
2020-07-14,1680.0,1740.0,1830.0
2020-07-15,1570.0,1620.0,1700.0
2020-07-16,1530.0,1630.0,1750.0
2020-07-17,1740.0,2000.0,2520.0
2020-07-18,2520.0,2630.0,2920.0
2020-07-19,2800.0,3010.0,3160.0
2020-07-20,2250.0,2480.0,2800.0
2020-07-21,1950.0,2070.0,2260.0
2020-07-22,1810.0,1870.0,1980.0
2020-07-23,1740.0,1820.0,1880.0
2020-07-24,1750.0,1810.0,1880.0
2020-07-25,1700.0,1760.0,1840.0
2020-07-26,1540.0,1680.0,1810.0
2020-07-27,1390.0,1470.0,1580.0
2020-07-28,1480.0,1510.0,1540.0
2020-07-29,1500.0,1590.0,1680.0
2020-07-30,1520.0,1620.0,1690.0
2020-07-31,1430.0,1480.0,1530.0
2020-08-01,1400.0,1440.0,1470.0
2020-08-02,1250.0,1320.0,1400.0
2020-08-03,1280.0,1680.0,2550.0
2020-08-04,2550.0,4310.0,6040.0
2020-08-05,4620.0,5730.0,6360.0
2020-08-06,3580.0,4030.0,4620.0
2020-08-07,2950.0,3270.0,3630.0
2020-08-08,2450.0,2670.0,2970.0
2020-08-09,2020.0,2210.0,2460.0
2020-08-10,1780.0,1930.0,2060.0
2020-08-11,1790.0,1840.0,1890.0
2020-08-12,1750.0,1830.0,1880.0
2020-08-13,1620.0,1690.0,1770.0
2020-08-14,1700.0,1820.0,1920.0
2020-08-15,1780.0,1850.0,1950.0
2020-08-16,1630.0,1800.0,1960.0
2020-08-17,1560.0,1610.0,1680.0
2020-08-18,1640.0,1830.0,2260.0
2020-08-19,1900.0,2160.0,2320.0
2020-08-20,1720.0,1800.0,1920.0
2020-08-21,1540.0,1620.0,1730.0
2020-08-22,1410.0,1480.0,1560.0
2020-08-23,1520.0,1860.0,2080.0
2020-08-24,1520.0,1710.0,2080.0
2020-08-25,1440.0,1480.0,1530.0
2020-08-26,1370.0,1430.0,1530.0
2020-08-27,1230.0,1290.0,1410.0
2020-08-28,1210.0,1270.0,1330.0
2020-08-29,1300.0,1340.0,1420.0
2020-08-30,1410.0,2010.0,2690.0
2020-08-31,2360.0,2570.0,2710.0
2020-09-01,2220.0,2480.0,3250.0
2020-09-02,2540.0,3030.0,3460.0
2020-09-03,2270.0,2400.0,2540.0
2020-09-04,1920.0,2120.0,2290.0
2020-09-05,1740.0,1820.0,1920.0
2020-09-06,1710.0,1780.0,1850.0
2020-09-07,1820.0,2380.0,2870.0
2020-09-08,2230.0,2490.0,2880.0
2020-09-09,1830.0,2020.0,2230.0
2020-09-10,1690.0,1790.0,1870.0
2020-09-11,1640.0,1680.0,1760.0
2020-09-12,1510.0,1600.0,1680.0
2020-09-13,1340.0,1440.0,1550.0
2020-09-14,1250.0,1300.0,1380.0
2020-09-15,1260.0,1300.0,1340.0
2020-09-16,1310.0,1360.0,1420.0
2020-09-17,1290.0,1360.0,1460.0
2020-09-18,1330.0,1440.0,1530.0
2020-09-19,1130.0,1220.0,1350.0
2020-09-20,1020.0,1110.0,1170.0
2020-09-21,1020.0,1080.0,1110.0
2020-09-22,1040.0,1120.0,1190.0
2020-09-23,1180.0,1220.0,1260.0
2020-09-24,1180.0,1270.0,1360.0
2020-09-25,1250.0,1280.0,1330.0
2020-09-26,1260.0,2090.0,2700.0
2020-09-27,2250.0,2520.0,2730.0
2020-09-28,2020.0,2080.0,2250.0
2020-09-29,1970.0,2050.0,2110.0
2020-09-30,1840.0,1920.0,2010.0
2020-10-01,1780.0,1840.0,1930.0
2020-10-02,1700.0,1770.0,1820.0
2020-10-03,1610.0,1660.0,1720.0
2020-10-04,1660.0,1840.0,2010.0
2020-10-05,1500.0,1740.0,1950.0
2020-10-06,1490.0,1550.0,1630.0
2020-10-07,1410.0,1500.0,1580.0
2020-10-08,1440.0,1560.0,1670.0
2020-10-09,1500.0,1570.0,1640.0
2020-10-10,1460.0,1500.0,1560.0
2020-10-11,1400.0,1440.0,1490.0
2020-10-12,1400.0,1560.0,1720.0
2020-10-13,1620.0,1670.0,1710.0
2020-10-14,1700.0,1830.0,1930.0
2020-10-15,1670.0,1760.0,1930.0
2020-10-16,1590.0,1680.0,1800.0
2020-10-17,1800.0,1950.0,2070.0
2020-10-18,1810.0,1970.0,2060.0
2020-10-19,1700.0,1760.0,1820.0
2020-10-20,1640.0,1670.0,1720.0
2020-10-21,1450.0,1550.0,1670.0
2020-10-22,1430.0,1480.0,1530.0
2020-10-23,1450.0,1500.0,1550.0
2020-10-24,1430.0,1470.0,1530.0
2020-10-25,1530.0,1610.0,1660.0
2020-10-26,1470.0,1520.0,1600.0
2020-10-27,1420.0,1500.0,1580.0
2020-10-28,1580.0,1680.0,1790.0
2020-10-29,1680.0,1720.0,1770.0
2020-10-30,1760.0,2260.0,3120.0
2020-10-31,2530.0,2860.0,3180.0
2020-11-01,2210.0,2380.0,2530.0
2020-11-02,2060.0,2110.0,2210.0
2020-11-03,1970.0,2010.0,2070.0
2020-11-04,1950.0,1990.0,2070.0
2020-11-05,1960.0,2050.0,2130.0
2020-11-06,1760.0,1870.0,2020.0
2020-11-07,1680.0,1740.0,1780.0
2020-11-08,1500.0,1600.0,1690.0
2020-11-09,1480.0,1520.0,1590.0
2020-11-10,1420.0,1470.0,1520.0
2020-11-11,1430.0,1470.0,1510.0
2020-11-12,1370.0,1410.0,1480.0
2020-11-13,1300.0,1340.0,1380.0
2020-11-14,1290.0,1330.0,1390.0
2020-11-15,1210.0,1250.0,1300.0
2020-11-16,1130.0,1160.0,1210.0
2020-11-17,1120.0,1170.0,1270.0
2020-11-18,1200.0,1230.0,1270.0
2020-11-19,1140.0,1170.0,1220.0
2020-11-20,1090.0,1150.0,1250.0
2020-11-21,1210.0,1250.0,1280.0
2020-11-22,1050.0,1140.0,1260.0
2020-11-23,1010.0,1060.0,1130.0
2020-11-24,1050.0,1100.0,1140.0
2020-11-25,1080.0,1120.0,1160.0
2020-11-26,1070.0,1110.0,1150.0
2020-11-27,1080.0,1100.0,1130.0
2020-11-28,1010.0,1060.0,1090.0
2020-11-29,965.0,994.0,1030.0
2020-11-30,916.0,965.0,1010.0
2020-12-01,955.0,992.0,1020.0
2020-12-02,975.0,1010.0,1050.0
2020-12-03,1020.0,1050.0,1090.0
2020-12-04,1030.0,1060.0,1100.0
2020-12-05,955.0,1020.0,1080.0
2020-12-06,906.0,943.0,994.0
2020-12-07,975.0,1090.0,1180.0
2020-12-08,1050.0,1110.0,1190.0
2020-12-09,984.0,1040.0,1110.0
2020-12-10,1050.0,1100.0,1140.0
2020-12-11,1060.0,1110.0,1160.0
2020-12-12,965.0,1040.0,1110.0
2020-12-13,935.0,961.0,984.0
2020-12-14,935.0,967.0,1010.0
2020-12-15,926.0,1010.0,1100.0
2020-12-16,994.0,1040.0,1080.0
2020-12-17,984.0,1020.0,1080.0
2020-12-18,984.0,1030.0,1100.0
2020-12-19,926.0,972.0,1010.0
2020-12-20,857.0,909.0,955.0
2020-12-21,819.0,864.0,926.0
2020-12-22,828.0,869.0,926.0
2020-12-23,916.0,1070.0,1210.0
2020-12-24,1110.0,1180.0,1220.0
2020-12-25,1020.0,1180.0,1510.0
2020-12-26,1460.0,1550.0,1600.0
2020-12-27,1280.0,1370.0,1480.0
2020-12-28,1110.0,1190.0,1280.0
2020-12-29,1080.0,1140.0,1220.0
2020-12-30,1010.0,1090.0,1160.0
2020-12-31,975.0,1010.0,1060.0
2021-01-01,906.0,942.0,984.0
2021-01-02,867.0,911.0,935.0
2021-01-03,857.0,884.0,935.0
2021-01-04,857.0,888.0,945.0
2021-01-05,887.0,931.0,975.0
2021-01-06,955.0,998.0,1060.0
2021-01-07,926.0,973.0,1050.0
2021-01-08,896.0,940.0,975.0
2021-01-09,945.0,985.0,1030.0
2021-01-10,828.0,904.0,1010.0
2021-01-11,790.0,843.0,935.0
2021-01-12,838.0,868.0,916.0
2021-01-13,838.0,880.0,906.0
2021-01-14,877.0,923.0,984.0
2021-01-15,877.0,913.0,945.0
2021-01-16,877.0,916.0,945.0
2021-01-17,819.0,865.0,916.0
2021-01-18,770.0,825.0,867.0
2021-01-19,809.0,852.0,916.0
2021-01-20,877.0,932.0,1010.0
2021-01-21,819.0,939.0,1020.0
2021-01-22,819.0,847.0,877.0
2021-01-23,867.0,984.0,1050.0
2021-01-24,1010.0,1110.0,1190.0
2021-01-25,1040.0,1090.0,1150.0
2021-01-26,1060.0,1100.0,1180.0
2021-01-27,1050.0,1100.0,1180.0
2021-01-28,984.0,1070.0,1190.0
2021-01-29,1180.0,2330.0,3570.0
2021-01-30,3330.0,3510.0,3690.0
2021-01-31,3010.0,3180.0,3360.0
2021-02-01,2890.0,2960.0,3010.0
2021-02-02,2630.0,2730.0,2920.0
2021-02-03,2600.0,2790.0,2970.0
2021-02-04,2960.0,3130.0,3220.0
2021-02-05,2950.0,3050.0,3160.0
2021-02-06,2810.0,2940.0,3000.0
2021-02-07,2540.0,2690.0,2840.0
2021-02-08,2510.0,2540.0,2570.0
2021-02-09,2410.0,2490.0,2550.0
2021-02-10,2310.0,2370.0,2410.0
2021-02-11,2050.0,2190.0,2310.0
2021-02-12,1820.0,1940.0,2050.0
2021-02-13,1620.0,1730.0,1830.0
2021-02-14,1460.0,1540.0,1630.0
2021-02-15,1340.0,1400.0,1480.0
2021-02-16,1350.0,1400.0,1460.0
2021-02-17,1410.0,1470.0,1560.0
2021-02-18,1540.0,1620.0,1690.0
2021-02-19,1600.0,1660.0,1740.0
2021-02-20,1560.0,1620.0,1670.0
2021-02-21,1480.0,1520.0,1590.0
2021-02-22,1450.0,1480.0,1530.0
2021-02-23,1430.0,1470.0,1540.0
2021-02-24,1410.0,1450.0,1490.0
2021-02-25,1380.0,1420.0,1460.0
2021-02-26,1410.0,1450.0,1480.0
2021-02-27,1400.0,1420.0,1450.0
2021-02-28,1390.0,1470.0,1540.0
2021-03-01,1290.0,1380.0,1480.0
2021-03-02,1270.0,1320.0,1350.0
2021-03-03,1290.0,1310.0,1360.0
2021-03-04,1270.0,1300.0,1350.0
2021-03-05,1270.0,1300.0,1350.0
2021-03-06,1220.0,1260.0,1330.0
2021-03-07,1220.0,1260.0,1310.0
2021-03-08,1160.0,1210.0,1250.0
2021-03-09,1110.0,1140.0,1200.0
2021-03-10,1140.0,1170.0,1210.0
2021-03-11,1140.0,1190.0,1230.0
2021-03-12,1150.0,1210.0,1280.0
2021-03-13,1240.0,1290.0,1330.0
2021-03-14,1210.0,1240.0,1290.0
2021-03-15,1260.0,1280.0,1320.0
2021-03-16,1260.0,1280.0,1330.0
2021-03-17,1290.0,1360.0,1420.0
2021-03-18,1350.0,1390.0,1430.0
2021-03-19,1330.0,1380.0,1410.0
2021-03-20,1280.0,1320.0,1340.0
2021-03-21,1210.0,1280.0,1320.0
2021-03-22,1160.0,1210.0,1270.0
2021-03-23,1190.0,1220.0,1270.0
2021-03-24,1160.0,1220.0,1240.0
2021-03-25,1160.0,1210.0,1260.0
2021-03-26,1250.0,1320.0,1410.0
2021-03-27,1390.0,1450.0,1510.0
2021-03-28,1390.0,1450.0,1560.0
2021-03-29,1380.0,1410.0,1460.0
2021-03-30,1360.0,1440.0,1590.0
2021-03-31,1490.0,1540.0,1600.0
2021-04-01,1570.0,1660.0,1760.0
2021-04-02,1710.0,1770.0,1860.0
2021-04-03,1700.0,1750.0,1860.0
2021-04-04,1520.0,1610.0,1730.0
2021-04-05,1330.0,1380.0,1520.0
2021-04-06,1280.0,1310.0,1340.0
2021-04-07,1260.0,1300.0,1370.0
2021-04-08,1270.0,1310.0,1340.0
2021-04-09,1230.0,1270.0,1330.0
2021-04-10,1210.0,1250.0,1330.0
2021-04-11,1260.0,1320.0,1390.0
2021-04-12,1330.0,1380.0,1460.0
2021-04-13,1390.0,1430.0,1470.0
2021-04-14,1320.0,1360.0,1400.0
2021-04-15,1310.0,1340.0,1390.0
2021-04-16,1240.0,1290.0,1340.0
2021-04-17,1170.0,1230.0,1300.0
2021-04-18,1140.0,1170.0,1210.0
2021-04-19,1120.0,1150.0,1180.0
2021-04-20,1150.0,1210.0,1280.0
2021-04-21,1250.0,1310.0,1420.0
2021-04-22,1210.0,1300.0,1400.0
2021-04-23,1270.0,1340.0,1450.0
2021-04-24,1220.0,1290.0,1420.0
2021-04-25,1170.0,1240.0,1350.0
2021-04-26,1110.0,1190.0,1290.0
2021-04-27,1140.0,1190.0,1280.0
2021-04-28,1180.0,1240.0,1310.0
2021-04-29,1220.0,1270.0,1390.0
2021-04-30,1310.0,1360.0,1450.0
2021-05-01,1440.0,1560.0,1670.0
2021-05-02,1670.0,1720.0,1800.0
2021-05-03,1750.0,1900.0,1970.0
2021-05-04,1700.0,1780.0,1850.0
2021-05-05,1510.0,1600.0,1710.0
2021-05-06,1510.0,1570.0,1650.0
2021-05-07,1560.0,1590.0,1670.0
2021-05-08,1640.0,1670.0,1710.0
2021-05-09,1500.0,1600.0,1680.0
2021-05-10,1570.0,1630.0,1720.0
2021-05-11,1720.0,1940.0,2110.0
2021-05-12,2080.0,2290.0,2610.0
2021-05-13,2610.0,2810.0,3190.0
2021-05-14,3070.0,3320.0,3500.0
2021-05-15,2540.0,2760.0,3070.0
2021-05-16,2360.0,2430.0,2540.0
2021-05-17,2250.0,2330.0,2400.0
2021-05-18,2400.0,2480.0,2520.0
2021-05-19,2310.0,2370.0,2460.0
2021-05-20,2370.0,2600.0,2710.0
2021-05-21,2310.0,2520.0,2680.0
2021-05-22,2190.0,2240.0,2320.0
2021-05-23,2060.0,2150.0,2240.0
2021-05-24,2240.0,2370.0,2480.0
2021-05-25,2170.0,2270.0,2420.0
2021-05-26,2340.0,2460.0,2530.0
2021-05-27,2130.0,2170.0,2340.0
2021-05-28,2070.0,2110.0,2180.0
2021-05-29,2010.0,2060.0,2110.0
2021-05-30,1820.0,1980.0,2090.0
2021-05-31,1710.0,1800.0,1880.0
2021-06-01,1670.0,1730.0,1790.0
2021-06-02,1680.0,1740.0,1800.0
2021-06-03,1680.0,1750.0,1810.0
2021-06-04,1750.0,1810.0,1930.0
2021-06-05,1910.0,1980.0,2080.0
2021-06-06,2070.0,2440.0,2710.0
2021-06-07,2390.0,2500.0,2650.0
2021-06-08,2380.0,2520.0,2710.0
2021-06-09,2580.0,2640.0,2700.0
2021-06-10,2620.0,2710.0,2820.0
2021-06-11,2670.0,2710.0,2790.0
2021-06-12,2420.0,2560.0,2700.0
2021-06-13,2170.0,2370.0,2520.0
2021-06-14,2300.0,2350.0,2390.0
2021-06-15,2270.0,2330.0,2410.0
2021-06-16,2110.0,2200.0,2350.0
2021-06-17,2080.0,2150.0,2210.0
2021-06-18,1990.0,2100.0,2190.0
2021-06-19,2070.0,2140.0,2220.0
2021-06-20,2030.0,2120.0,2220.0
2021-06-21,1970.0,2040.0,2110.0
2021-06-22,2030.0,2190.0,2300.0
2021-06-23,2250.0,2290.0,2350.0
2021-06-24,2270.0,2470.0,2550.0
2021-06-25,2410.0,2450.0,2510.0
2021-06-26,2230.0,2360.0,2470.0
2021-06-27,1900.0,2100.0,2250.0
2021-06-28,1730.0,1860.0,1960.0
2021-06-29,1690.0,1760.0,1830.0
2021-06-30,1760.0,1940.0,2040.0
2021-07-01,1950.0,2030.0,2120.0
2021-07-02,1910.0,1990.0,2050.0
2021-07-03,1780.0,1840.0,1920.0
2021-07-04,1610.0,1710.0,1840.0
2021-07-05,1650.0,1730.0,1900.0
2021-07-06,1740.0,1840.0,1970.0
2021-07-07,1600.0,1690.0,1780.0
2021-07-08,1610.0,1680.0,1770.0
2021-07-09,1760.0,2270.0,2880.0
2021-07-10,2250.0,2420.0,2810.0
2021-07-11,2280.0,2400.0,2680.0
2021-07-12,2530.0,2700.0,2820.0
2021-07-13,2310.0,2410.0,2570.0
2021-07-14,2290.0,2440.0,2690.0
2021-07-15,2580.0,2700.0,2770.0
2021-07-16,2280.0,2370.0,2580.0
2021-07-17,2270.0,2340.0,2640.0
2021-07-18,2640.0,5480.0,7280.0
2021-07-19,4930.0,6090.0,7280.0
2021-07-20,4290.0,4570.0,5100.0
2021-07-21,3390.0,3820.0,4290.0
2021-07-22,2760.0,3080.0,3410.0
2021-07-23,2410.0,2550.0,2760.0
2021-07-24,2160.0,2270.0,2440.0
2021-07-25,2220.0,2290.0,2350.0
2021-07-26,2260.0,2350.0,2440.0
2021-07-27,2260.0,2500.0,2670.0
2021-07-28,2300.0,2380.0,2590.0
2021-07-29,2200.0,2340.0,2420.0
2021-07-30,1990.0,2080.0,2200.0
2021-07-31,1980.0,2040.0,2100.0
2021-08-01,2070.0,2230.0,2440.0
2021-08-02,2440.0,2740.0,2940.0
2021-08-03,2520.0,2680.0,2890.0
2021-08-04,2380.0,2490.0,2580.0
2021-08-05,2400.0,2860.0,3730.0
2021-08-06,2890.0,3430.0,3780.0
2021-08-07,2700.0,2790.0,2900.0
2021-08-08,2640.0,2770.0,3080.0
2021-08-09,2880.0,2990.0,3140.0
2021-08-10,2810.0,2870.0,2940.0
2021-08-11,2480.0,2640.0,2840.0
2021-08-12,2240.0,2370.0,2530.0
2021-08-13,2090.0,2180.0,2320.0
2021-08-14,1930.0,2060.0,2170.0
2021-08-15,1720.0,1850.0,1990.0
2021-08-16,1780.0,1870.0,1910.0
2021-08-17,2970.0,3340.0,3500.0
2021-08-18,2300.0,2580.0,3180.0
2021-08-19,2200.0,2290.0,2360.0
2021-08-20,2050.0,2110.0,2230.0
2021-08-21,1860.0,1960.0,2120.0
2021-08-22,1700.0,1800.0,1920.0
2021-08-23,1770.0,1970.0,2250.0
2021-08-24,2160.0,2260.0,2420.0
2021-08-25,2420.0,2590.0,2670.0
2021-08-26,2040.0,2280.0,2600.0
2021-08-27,2040.0,2250.0,2510.0
2021-08-28,2270.0,2440.0,2580.0
2021-08-29,2280.0,2320.0,2370.0
2021-08-30,2370.0,2650.0,3360.0
2021-08-31,3360.0,3600.0,3850.0
2021-09-01,3440.0,3740.0,3860.0
2021-09-02,3210.0,3440.0,3730.0
2021-09-03,2670.0,2910.0,3220.0
2021-09-04,2260.0,2450.0,2690.0
2021-09-05,1980.0,2120.0,2290.0
2021-09-06,1860.0,1930.0,2040.0
2021-09-07,1800.0,1840.0,1900.0
2021-09-08,1700.0,1760.0,1830.0
2021-09-09,1560.0,1630.0,1740.0
2021-09-10,1530.0,1560.0,1630.0
2021-09-11,1440.0,1520.0,1590.0
2021-09-12,1360.0,1440.0,1530.0
2021-09-13,1330.0,1370.0,1450.0
2021-09-14,1310.0,1390.0,1460.0
2021-09-15,1300.0,1350.0,1390.0
2021-09-16,1330.0,1390.0,1470.0
2021-09-17,1460.0,1550.0,1690.0
2021-09-18,1550.0,1660.0,1760.0
2021-09-19,1340.0,1440.0,1560.0
2021-09-20,1190.0,1350.0,1420.0
2021-09-21,1190.0,1480.0,1670.0
2021-09-22,1200.0,1420.0,1520.0
2021-09-23,1290.0,1320.0,1360.0
2021-09-24,1220.0,1290.0,1360.0
2021-09-25,1160.0,1200.0,1250.0
2021-09-26,1100.0,1140.0,1210.0
2021-09-27,1090.0,1140.0,1240.0
2021-09-28,1170.0,1370.0,1460.0
2021-09-29,1310.0,1370.0,1420.0
2021-09-30,1240.0,1320.0,1410.0
2021-10-01,1260.0,1310.0,1380.0
2021-10-02,1150.0,1210.0,1320.0
2021-10-03,1090.0,1160.0,1250.0
2021-10-04,1070.0,1110.0,1150.0
2021-10-05,1060.0,1110.0,1180.0
2021-10-06,1060.0,1180.0,1310.0
2021-10-07,1310.0,1440.0,1570.0
2021-10-08,1450.0,1540.0,1610.0
2021-10-09,1310.0,1370.0,1480.0
2021-10-10,1160.0,1240.0,1340.0
2021-10-11,1100.0,1140.0,1190.0
2021-10-12,1100.0,1140.0,1200.0
2021-10-13,1110.0,1180.0,1270.0
2021-10-14,1250.0,1340.0,1400.0
2021-10-15,1240.0,1300.0,1380.0
2021-10-16,1170.0,1220.0,1290.0
2021-10-17,1140.0,1190.0,1260.0
2021-10-18,1060.0,1120.0,1180.0
2021-10-19,1070.0,1110.0,1170.0
2021-10-20,1070.0,1110.0,1150.0
2021-10-21,1030.0,1070.0,1120.0
2021-10-22,975.0,1060.0,1120.0
2021-10-23,1000.0,1060.0,1090.0
2021-10-24,1000.0,1030.0,1080.0
2021-10-25,945.0,983.0,1040.0
2021-10-26,926.0,978.0,1010.0
2021-10-27,965.0,1020.0,1060.0
2021-10-28,975.0,1020.0,1100.0
2021-10-29,945.0,992.0,1090.0
2021-10-30,857.0,944.0,1060.0
2021-10-31,857.0,901.0,945.0
2021-11-01,857.0,887.0,926.0
2021-11-02,906.0,1020.0,1180.0
2021-11-03,1160.0,1220.0,1270.0
2021-11-04,1120.0,1160.0,1260.0
2021-11-05,1260.0,1420.0,1490.0
2021-11-06,1240.0,1290.0,1410.0
2021-11-07,1120.0,1190.0,1320.0
2021-11-08,1030.0,1080.0,1130.0
2021-11-09,1000.0,1050.0,1130.0
2021-11-10,1040.0,1100.0,1170.0
2021-11-11,984.0,1030.0,1120.0
2021-11-12,1060.0,1100.0,1160.0
2021-11-13,1030.0,1070.0,1120.0
2021-11-14,965.0,998.0,1080.0
2021-11-15,955.0,989.0,1060.0
2021-11-16,955.0,1050.0,1140.0
2021-11-17,1080.0,1110.0,1160.0
2021-11-18,1040.0,1070.0,1100.0
2021-11-19,965.0,1010.0,1100.0
2021-11-20,896.0,949.0,1020.0
2021-11-21,857.0,905.0,965.0
2021-11-22,838.0,878.0,926.0
2021-11-23,896.0,945.0,1000.0
2021-11-24,906.0,954.0,1020.0
2021-11-25,916.0,954.0,994.0
2021-11-26,896.0,956.0,1030.0
2021-11-27,828.0,893.0,1010.0
2021-11-28,799.0,840.0,877.0
2021-11-29,819.0,854.0,887.0
2021-11-30,828.0,896.0,955.0
2021-12-01,906.0,1080.0,1370.0
2021-12-02,1300.0,1370.0,1430.0
2021-12-03,1250.0,1300.0,1340.0
2021-12-04,1200.0,1230.0,1270.0
2021-12-05,1200.0,1270.0,1420.0
2021-12-06,1340.0,1370.0,1410.0
2021-12-07,1320.0,1360.0,1390.0
2021-12-08,1210.0,1280.0,1360.0
2021-12-09,1140.0,1180.0,1240.0
2021-12-10,1110.0,1170.0,1240.0
2021-12-11,1100.0,1170.0,1260.0
2021-12-12,1020.0,1080.0,1150.0
2021-12-13,994.0,1060.0,1160.0
2021-12-14,1160.0,1430.0,1580.0
2021-12-15,1470.0,1530.0,1610.0
2021-12-16,1470.0,1520.0,1580.0
2021-12-17,1400.0,1440.0,1490.0
2021-12-18,1250.0,1320.0,1420.0
2021-12-19,1180.0,1230.0,1270.0
2021-12-20,1090.0,1150.0,1220.0
2021-12-21,1100.0,1170.0,1260.0
2021-12-22,1110.0,1160.0,1220.0
2021-12-23,1060.0,1110.0,1160.0
2021-12-24,1030.0,1050.0,1090.0
2021-12-25,1040.0,1230.0,1640.0
2021-12-26,1600.0,1660.0,1710.0
2021-12-27,1470.0,1520.0,1600.0
2021-12-28,1430.0,1480.0,1520.0
2021-12-29,1340.0,1790.0,2680.0
2021-12-30,2680.0,3010.0,3980.0
2021-12-31,3620.0,3920.0,4080.0
2022-01-01,3030.0,3350.0,3620.0
2022-01-02,2500.0,2770.0,3030.0
2022-01-03,2190.0,2300.0,2520.0
2022-01-04,2050.0,2160.0,2290.0
2022-01-05,2260.0,2290.0,2320.0
2022-01-06,2300.0,2330.0,2370.0
2022-01-07,2180.0,2240.0,2300.0
2022-01-08,1950.0,2030.0,2180.0
2022-01-09,1730.0,1820.0,1950.0
2022-01-10,1620.0,1690.0,1770.0
2022-01-11,1590.0,1640.0,1700.0
2022-01-12,1510.0,1580.0,1630.0
2022-01-13,1460.0,1520.0,1580.0
2022-01-14,1360.0,1410.0,1480.0
2022-01-15,1330.0,1360.0,1400.0
2022-01-16,1350.0,1380.0,1430.0
2022-01-17,1230.0,1270.0,1380.0
2022-01-18,1170.0,1230.0,1310.0
2022-01-19,1270.0,1310.0,1380.0
2022-01-20,1230.0,1280.0,1330.0
2022-01-21,1170.0,1210.0,1270.0
2022-01-22,1160.0,1200.0,1240.0
2022-01-23,1160.0,1210.0,1250.0
2022-01-24,1190.0,1230.0,1260.0
2022-01-25,1210.0,1300.0,1370.0
2022-01-26,1290.0,1330.0,1380.0
2022-01-27,1250.0,1300.0,1370.0
2022-01-28,1210.0,1240.0,1290.0
2022-01-29,1190.0,1240.0,1280.0
2022-01-30,1180.0,1220.0,1270.0
2022-01-31,1260.0,1340.0,1400.0
2022-02-01,1330.0,1410.0,1540.0
2022-02-02,1510.0,1550.0,1620.0
2022-02-03,1610.0,1680.0,1740.0
2022-02-04,1530.0,1580.0,1650.0
2022-02-05,1510.0,1560.0,1600.0
2022-02-06,1480.0,1520.0,1580.0
2022-02-07,1480.0,1650.0,1910.0
2022-02-08,1760.0,1820.0,1900.0
2022-02-09,1720.0,1780.0,1840.0
2022-02-10,1690.0,1740.0,1830.0
2022-02-11,1670.0,1720.0,1770.0
2022-02-12,1570.0,1650.0,1760.0
2022-02-13,1480.0,1540.0,1630.0
2022-02-14,1390.0,1460.0,1530.0
2022-02-15,1400.0,1430.0,1460.0
2022-02-16,1420.0,1470.0,1510.0
2022-02-17,1370.0,1580.0,1950.0
2022-02-18,1950.0,2300.0,2450.0
2022-02-19,2160.0,2190.0,2250.0
2022-02-20,1940.0,2100.0,2240.0
2022-02-21,1830.0,1900.0,1950.0
2022-02-22,1720.0,1780.0,1830.0
2022-02-23,1680.0,1730.0,1790.0
2022-02-24,1700.0,1760.0,1820.0
2022-02-25,1590.0,1650.0,1770.0
2022-02-26,1480.0,1550.0,1660.0
2022-02-27,1380.0,1450.0,1510.0
2022-02-28,1310.0,1360.0,1410.0
2022-03-01,1260.0,1310.0,1350.0
2022-03-02,1260.0,1290.0,1330.0
2022-03-03,1260.0,1290.0,1330.0
2022-03-04,1250.0,1290.0,1320.0
2022-03-05,1200.0,1260.0,1340.0
2022-03-06,1100.0,1160.0,1260.0
2022-03-07,1090.0,1130.0,1170.0
2022-03-08,1070.0,1110.0,1160.0
2022-03-09,1030.0,1110.0,1170.0
2022-03-10,984.0,1060.0,1120.0
2022-03-11,994.0,1050.0,1090.0
2022-03-12,965.0,1010.0,1060.0
2022-03-13,984.0,1010.0,1050.0
2022-03-14,955.0,1010.0,1090.0
2022-03-15,975.0,1030.0,1110.0
2022-03-16,1070.0,1120.0,1300.0
2022-03-17,1300.0,1360.0,1430.0
2022-03-18,1280.0,1320.0,1420.0
2022-03-19,1240.0,1280.0,1330.0
2022-03-20,1210.0,1260.0,1300.0
2022-03-21,1150.0,1210.0,1270.0
2022-03-22,1160.0,1200.0,1250.0
2022-03-23,1180.0,1220.0,1310.0
2022-03-24,1240.0,1280.0,1320.0
2022-03-25,1260.0,1290.0,1340.0
2022-03-26,1280.0,1330.0,1410.0
2022-03-27,1300.0,1350.0,1460.0
2022-03-28,1300.0,1380.0,1420.0
2022-03-29,1380.0,1430.0,1510.0
2022-03-30,1430.0,1460.0,1500.0
2022-03-31,1450.0,1510.0,1560.0
2022-04-01,1440.0,1510.0,1590.0
2022-04-02,1450.0,1490.0,1570.0
2022-04-03,1390.0,1460.0,1500.0
2022-04-04,1310.0,1370.0,1430.0
2022-04-05,1270.0,1300.0,1350.0
2022-04-06,1260.0,1450.0,1580.0
2022-04-07,1560.0,1680.0,1860.0
2022-04-08,1830.0,1930.0,2160.0
2022-04-09,2120.0,2230.0,2320.0
2022-04-10,2140.0,2270.0,2350.0
2022-04-11,1910.0,2000.0,2140.0
2022-04-12,1740.0,1870.0,1950.0
2022-04-13,1680.0,1740.0,1780.0
2022-04-14,1720.0,1810.0,1900.0
2022-04-15,1790.0,1900.0,2020.0
2022-04-16,1910.0,1970.0,2050.0
2022-04-17,1650.0,1820.0,1980.0
2022-04-18,1510.0,1560.0,1650.0
2022-04-19,1440.0,1480.0,1530.0
2022-04-20,1460.0,1500.0,1570.0
2022-04-21,1420.0,1460.0,1550.0
2022-04-22,1440.0,1480.0,1510.0
2022-04-23,1380.0,1440.0,1520.0
2022-04-24,1330.0,1360.0,1410.0
2022-04-25,1400.0,1440.0,1500.0
2022-04-26,1450.0,1510.0,1620.0
2022-04-27,1600.0,1800.0,1950.0
2022-04-28,1680.0,1760.0,1910.0
2022-04-29,1530.0,1600.0,1720.0
2022-04-30,1440.0,1480.0,1550.0
2022-05-01,1360.0,1430.0,1550.0
2022-05-02,1420.0,1480.0,1570.0
2022-05-03,1400.0,1430.0,1470.0
2022-05-04,1420.0,1470.0,1550.0
2022-05-05,1530.0,1600.0,1680.0
2022-05-06,1610.0,1650.0,1690.0
2022-05-07,1660.0,1700.0,1760.0
2022-05-08,1730.0,1860.0,1940.0
2022-05-09,1760.0,1820.0,1890.0
2022-05-10,1750.0,1810.0,1860.0
2022-05-11,1640.0,1740.0,1820.0
2022-05-12,1700.0,1750.0,1800.0
2022-05-13,1750.0,1830.0,1940.0
2022-05-14,1920.0,2010.0,2060.0
2022-05-15,1820.0,1890.0,1970.0
2022-05-16,1770.0,1840.0,1900.0
2022-05-17,1790.0,1990.0,2180.0
2022-05-18,1880.0,2040.0,2170.0
2022-05-19,1840.0,1940.0,2030.0
2022-05-20,1820.0,1900.0,1970.0
2022-05-21,1970.0,2070.0,2170.0
2022-05-22,1970.0,2170.0,2310.0
2022-05-23,1820.0,1940.0,2020.0
2022-05-24,1920.0,2190.0,2680.0
2022-05-25,2440.0,2570.0,2730.0
2022-05-26,2350.0,2640.0,2790.0
2022-05-27,1960.0,2110.0,2350.0
2022-05-28,1770.0,1910.0,1990.0
2022-05-29,1650.0,1760.0,1830.0
2022-05-30,1560.0,1620.0,1670.0
2022-05-31,1510.0,1600.0,1650.0
2022-06-01,1560.0,1660.0,1760.0
2022-06-02,1690.0,1740.0,1790.0
2022-06-03,1610.0,1700.0,1800.0
2022-06-04,1660.0,1720.0,1770.0
2022-06-05,1550.0,1650.0,1760.0
2022-06-06,1670.0,2140.0,2390.0
2022-06-07,1900.0,2080.0,2320.0
2022-06-08,2310.0,2710.0,2990.0
2022-06-09,2400.0,2540.0,2920.0
2022-06-10,2920.0,3180.0,3310.0
2022-06-11,2510.0,2850.0,3120.0
2022-06-12,2090.0,2260.0,2510.0
2022-06-13,1870.0,1960.0,2100.0
2022-06-14,1810.0,1890.0,1960.0
2022-06-15,1720.0,1800.0,1850.0
2022-06-16,1610.0,1690.0,1740.0
2022-06-17,1620.0,1690.0,1750.0
2022-06-18,1480.0,1570.0,1690.0
2022-06-19,1300.0,1440.0,1560.0
2022-06-20,1280.0,1360.0,1430.0
2022-06-21,1370.0,1420.0,1470.0
2022-06-22,1330.0,1430.0,1530.0
2022-06-23,1350.0,1450.0,1520.0
2022-06-24,1420.0,1490.0,1550.0
2022-06-25,1460.0,1640.0,1870.0
2022-06-26,1360.0,1640.0,1900.0
2022-06-27,1400.0,1460.0,1540.0
2022-06-28,1440.0,1560.0,1650.0
2022-06-29,1620.0,1860.0,2320.0
2022-06-30,2140.0,2470.0,2680.0
2022-07-01,1870.0,1970.0,2140.0
2022-07-02,1880.0,1990.0,2090.0
2022-07-03,1570.0,1730.0,1980.0
2022-07-04,1370.0,1460.0,1590.0
2022-07-05,1400.0,1600.0,1870.0
2022-07-06,1660.0,1840.0,1950.0
2022-07-07,1500.0,1570.0,1680.0
2022-07-08,1480.0,1830.0,2610.0
2022-07-09,1750.0,2210.0,2670.0
2022-07-10,1490.0,1620.0,1750.0
2022-07-11,1340.0,1450.0,1500.0
2022-07-12,1330.0,1370.0,1400.0
2022-07-13,1290.0,1340.0,1390.0
2022-07-14,1190.0,1310.0,1390.0
2022-07-15,1140.0,1220.0,1290.0
2022-07-16,1100.0,1180.0,1270.0
2022-07-17,965.0,1040.0,1150.0
2022-07-18,965.0,1020.0,1050.0
2022-07-19,1030.0,1100.0,1160.0
2022-07-20,1010.0,1090.0,1160.0
2022-07-21,1020.0,1070.0,1140.0
2022-07-22,1070.0,1120.0,1170.0
2022-07-23,1020.0,1100.0,1160.0
2022-07-24,1050.0,1120.0,1200.0
2022-07-25,916.0,1030.0,1140.0
2022-07-26,1020.0,1140.0,1220.0
2022-07-27,1170.0,1300.0,1460.0
2022-07-28,1090.0,1150.0,1200.0
2022-07-29,1040.0,1130.0,1190.0
2022-07-30,1170.0,1340.0,1510.0
2022-07-31,1310.0,1530.0,1680.0
2022-08-01,1010.0,1190.0,1310.0
2022-08-02,1100.0,1140.0,1190.0
2022-08-03,1100.0,1140.0,1190.0
2022-08-04,1010.0,1070.0,1130.0
2022-08-05,1000.0,1070.0,1140.0
2022-08-06,1020.0,1080.0,1180.0
2022-08-07,945.0,1100.0,1320.0
2022-08-08,935.0,1000.0,1090.0
2022-08-09,994.0,1020.0,1050.0
2022-08-10,926.0,982.0,1050.0
2022-08-11,877.0,933.0,994.0
2022-08-12,945.0,989.0,1040.0
2022-08-13,935.0,984.0,1060.0
2022-08-14,867.0,902.0,984.0
2022-08-15,819.0,868.0,926.0
2022-08-16,838.0,899.0,984.0
2022-08-17,984.0,1070.0,1190.0
2022-08-18,926.0,975.0,1060.0
2022-08-19,926.0,957.0,1050.0
2022-08-20,828.0,999.0,1240.0
2022-08-21,1240.0,1840.0,2470.0
2022-08-22,1840.0,2280.0,2610.0
2022-08-23,1620.0,1700.0,1840.0
2022-08-24,1380.0,1540.0,1670.0
2022-08-25,1160.0,1290.0,1460.0
2022-08-26,1140.0,1180.0,1240.0
2022-08-27,1170.0,1220.0,1290.0
2022-08-28,1210.0,1280.0,1530.0
2022-08-29,1420.0,1550.0,1680.0
2022-08-30,1170.0,1300.0,1450.0
2022-08-31,1180.0,1210.0,1280.0
2022-09-01,1280.0,1460.0,1620.0
2022-09-02,1200.0,1300.0,1490.0
2022-09-03,1000.0,1130.0,1240.0
2022-09-04,1020.0,1110.0,1250.0
2022-09-05,1040.0,1140.0,1260.0
2022-09-06,1020.0,1070.0,1120.0
2022-09-07,1020.0,1070.0,1140.0
2022-09-08,1000.0,1040.0,1090.0
2022-09-09,1010.0,1080.0,1150.0
2022-09-10,1050.0,1130.0,1190.0
2022-09-11,1090.0,1130.0,1190.0
2022-09-12,1160.0,1310.0,1480.0
2022-09-13,1230.0,1310.0,1450.0
2022-09-14,1170.0,1200.0,1280.0
2022-09-15,1210.0,1270.0,1370.0
2022-09-16,1320.0,1390.0,1520.0
2022-09-17,1440.0,1490.0,1550.0
2022-09-18,1410.0,1520.0,1690.0
2022-09-19,1690.0,1930.0,2250.0
2022-09-20,2180.0,2290.0,2400.0
2022-09-21,2310.0,2360.0,2420.0
2022-09-22,1770.0,2030.0,2340.0
2022-09-23,1580.0,1680.0,1770.0
2022-09-24,1470.0,1540.0,1630.0
2022-09-25,1350.0,1420.0,1520.0
2022-09-26,1320.0,1460.0,1670.0
2022-09-27,1540.0,1580.0,1670.0
2022-09-28,1460.0,1580.0,1650.0
2022-09-29,1550.0,1600.0,1650.0
2022-09-30,1610.0,1690.0,1850.0
2022-10-01,1630.0,1750.0,1910.0
2022-10-02,1540.0,1670.0,1960.0
2022-10-03,1960.0,3290.0,4110.0
2022-10-04,2890.0,3120.0,3800.0
2022-10-05,2420.0,2690.0,2900.0
2022-10-06,2010.0,2170.0,2440.0
2022-10-07,1810.0,1880.0,2020.0
2022-10-08,1660.0,1740.0,1830.0
2022-10-09,1540.0,1590.0,1680.0
2022-10-10,1470.0,1520.0,1590.0
2022-10-11,1360.0,1440.0,1530.0
2022-10-12,1380.0,1440.0,1500.0
2022-10-13,1310.0,1360.0,1460.0
2022-10-14,1260.0,1300.0,1350.0
2022-10-15,1290.0,1340.0,1400.0
2022-10-16,1370.0,1490.0,1570.0
2022-10-17,1310.0,1380.0,1490.0
2022-10-18,1250.0,1300.0,1360.0
2022-10-19,1150.0,1210.0,1270.0
2022-10-20,1150.0,1180.0,1230.0
2022-10-21,1090.0,1140.0,1220.0
2022-10-22,1060.0,1110.0,1160.0
2022-10-23,1110.0,1160.0,1210.0
2022-10-24,1100.0,1140.0,1200.0
2022-10-25,1130.0,1330.0,1600.0
2022-10-26,1510.0,1550.0,1620.0
2022-10-27,1420.0,1460.0,1580.0
2022-10-28,1260.0,1340.0,1430.0
2022-10-29,1190.0,1250.0,1290.0
2022-10-30,1120.0,1160.0,1220.0
2022-10-31,1090.0,1140.0,1180.0
2022-11-01,1110.0,1140.0,1180.0
2022-11-02,1010.0,1080.0,1160.0
2022-11-03,1000.0,1040.0,1100.0
2022-11-04,1020.0,1080.0,1190.0
2022-11-05,1190.0,1470.0,1660.0
2022-11-06,1190.0,1270.0,1430.0
2022-11-07,1140.0,1190.0,1220.0
2022-11-08,1080.0,1120.0,1180.0
2022-11-09,1040.0,1090.0,1140.0
2022-11-10,1040.0,1080.0,1110.0
2022-11-11,1060.0,1100.0,1140.0
2022-11-12,1010.0,1050.0,1100.0
2022-11-13,955.0,995.0,1040.0
2022-11-14,906.0,955.0,1020.0
2022-11-15,916.0,964.0,994.0
2022-11-16,945.0,972.0,1000.0
2022-11-17,975.0,1010.0,1050.0
2022-11-18,935.0,1000.0,1040.0
2022-11-19,1030.0,1300.0,1600.0
2022-11-20,1390.0,1470.0,1630.0
2022-11-21,1360.0,1410.0,1460.0
2022-11-22,1330.0,1370.0,1410.0
2022-11-23,1360.0,1450.0,1550.0
2022-11-24,1470.0,1530.0,1590.0
2022-11-25,1570.0,1650.0,1730.0
2022-11-26,1460.0,1520.0,1690.0
2022-11-27,1340.0,1390.0,1470.0
2022-11-28,1290.0,1350.0,1400.0
2022-11-29,1250.0,1280.0,1310.0
2022-11-30,1230.0,1260.0,1300.0
2022-12-01,1180.0,1240.0,1280.0
2022-12-02,1190.0,1220.0,1280.0
2022-12-03,1150.0,1200.0,1280.0
2022-12-04,1050.0,1110.0,1180.0
2022-12-05,1020.0,1050.0,1090.0
2022-12-06,1050.0,1130.0,1210.0
2022-12-07,1140.0,1200.0,1230.0
2022-12-08,1080.0,1120.0,1160.0
2022-12-09,1050.0,1080.0,1110.0
2022-12-10,1050.0,1100.0,1150.0
2022-12-11,955.0,1020.0,1110.0
2022-12-12,945.0,979.0,1020.0
2022-12-13,935.0,987.0,1040.0
2022-12-14,916.0,1000.0,1070.0
2022-12-15,965.0,1010.0,1040.0
2022-12-16,955.0,1020.0,1060.0
2022-12-17,1050.0,1090.0,1140.0
2022-12-18,955.0,1020.0,1080.0
2022-12-19,896.0,943.0,994.0
2022-12-20,896.0,925.0,955.0
2022-12-21,906.0,950.0,984.0
2022-12-22,955.0,1000.0,1080.0
2022-12-23,1070.0,1470.0,1940.0
2022-12-24,1940.0,2750.0,3300.0
2022-12-25,2470.0,2760.0,3200.0
2022-12-26,2090.0,2260.0,2470.0
2022-12-27,1900.0,1970.0,2100.0
2022-12-28,1880.0,1950.0,2020.0
2022-12-29,1770.0,1830.0,1900.0
2022-12-30,1580.0,1660.0,1780.0
2022-12-31,1440.0,1510.0,1600.0
2023-01-01,1370.0,1430.0,1520.0
2023-01-02,1340.0,1410.0,1460.0
2023-01-03,1300.0,1350.0,1450.0
2023-01-04,1260.0,1320.0,1400.0
2023-01-05,1250.0,1280.0,1330.0
2023-01-06,1310.0,1340.0,1410.0
2023-01-07,1330.0,1390.0,1440.0
2023-01-08,1280.0,1330.0,1380.0
2023-01-09,1250.0,1270.0,1320.0
2023-01-10,1250.0,1310.0,1370.0
2023-01-11,1260.0,1300.0,1340.0
2023-01-12,1310.0,1380.0,1480.0
2023-01-13,1410.0,1450.0,1500.0
2023-01-14,1290.0,1390.0,1480.0
2023-01-15,1270.0,1290.0,1330.0
2023-01-16,1260.0,1280.0,1330.0
2023-01-17,1310.0,1340.0,1390.0
2023-01-18,1290.0,1320.0,1360.0
2023-01-19,1250.0,1300.0,1340.0
2023-01-20,1240.0,1270.0,1340.0
2023-01-21,1200.0,1250.0,1340.0
2023-01-22,1000.0,1130.0,1230.0
2023-01-23,1050.0,1100.0,1160.0
2023-01-24,1100.0,1170.0,1260.0
2023-01-25,1160.0,1200.0,1230.0
2023-01-26,1150.0,1180.0,1210.0
2023-01-27,1120.0,1180.0,1220.0
2023-01-28,1050.0,1100.0,1140.0
2023-01-29,1000.0,1050.0,1110.0
2023-01-30,975.0,1000.0,1030.0
2023-01-31,994.0,1050.0,1100.0
2023-02-01,1010.0,1050.0,1080.0
2023-02-02,1080.0,1170.0,1280.0
2023-02-03,1280.0,1490.0,1950.0
2023-02-04,1950.0,2670.0,3030.0
2023-02-05,1900.0,2290.0,2800.0
2023-02-06,1710.0,1770.0,1910.0
2023-02-07,1590.0,1650.0,1720.0
2023-02-08,1340.0,1480.0,1650.0
2023-02-09,1310.0,1350.0,1400.0
2023-02-10,1210.0,1280.0,1360.0
2023-02-11,1160.0,1180.0,1220.0
2023-02-12,1080.0,1120.0,1160.0
2023-02-13,1060.0,1090.0,1120.0
2023-02-14,1060.0,1120.0,1210.0
2023-02-15,1080.0,1130.0,1190.0
2023-02-16,1130.0,1160.0,1190.0
2023-02-17,1140.0,1180.0,1220.0
2023-02-18,1150.0,1360.0,1750.0
2023-02-19,1750.0,2000.0,2240.0
2023-02-20,1930.0,2100.0,2240.0
2023-02-21,1700.0,1810.0,1930.0
2023-02-22,1620.0,1680.0,1730.0
2023-02-23,1560.0,1610.0,1670.0
2023-02-24,1480.0,1520.0,1610.0
2023-02-25,1470.0,1660.0,1900.0
2023-02-26,1550.0,1720.0,1930.0
2023-02-27,1480.0,1510.0,1550.0
2023-02-28,1350.0,1430.0,1510.0
2023-03-01,1330.0,1350.0,1380.0
2023-03-02,1280.0,1340.0,1390.0
2023-03-03,1270.0,1290.0,1330.0
2023-03-04,1210.0,1300.0,1360.0
2023-03-05,1120.0,1160.0,1230.0
2023-03-06,1130.0,1150.0,1190.0
2023-03-07,1170.0,1200.0,1230.0
2023-03-08,1110.0,1150.0,1200.0
2023-03-09,1120.0,1180.0,1240.0
2023-03-10,1200.0,1280.0,1410.0
2023-03-11,1410.0,1450.0,1510.0
2023-03-12,1420.0,1450.0,1490.0
2023-03-13,1340.0,1390.0,1430.0
2023-03-14,1300.0,1340.0,1420.0
2023-03-15,1390.0,1610.0,1770.0
2023-03-16,1620.0,1670.0,1710.0
2023-03-17,1550.0,1610.0,1670.0
2023-03-18,1360.0,1490.0,1600.0
2023-03-19,1360.0,1420.0,1490.0
2023-03-20,1370.0,1400.0,1450.0
2023-03-21,1390.0,1440.0,1490.0
2023-03-22,1380.0,1420.0,1490.0
2023-03-23,1370.0,1400.0,1450.0
2023-03-24,1360.0,1390.0,1450.0
2023-03-25,1390.0,1470.0,1670.0
2023-03-26,1460.0,1580.0,1730.0
2023-03-27,1440.0,1470.0,1530.0
2023-03-28,1510.0,1560.0,1610.0
2023-03-29,1420.0,1490.0,1560.0
2023-03-30,1380.0,1470.0,1530.0
2023-03-31,1370.0,2040.0,2450.0
2023-04-01,2240.0,2270.0,2340.0
2023-04-02,2220.0,2260.0,2320.0
2023-04-03,2280.0,2390.0,2510.0
2023-04-04,2020.0,2140.0,2480.0
2023-04-05,1780.0,1870.0,2030.0
2023-04-06,1650.0,1720.0,1790.0
2023-04-07,1530.0,1570.0,1670.0
2023-04-08,1440.0,1490.0,1560.0
2023-04-09,1430.0,1490.0,1570.0
2023-04-10,1330.0,1430.0,1510.0
2023-04-11,1320.0,1370.0,1430.0
2023-04-12,1360.0,1430.0,1520.0
2023-04-13,1450.0,1510.0,1720.0
2023-04-14,1720.0,2270.0,2920.0
2023-04-15,2920.0,3970.0,4580.0
2023-04-16,3070.0,3530.0,4200.0
2023-04-17,2610.0,2750.0,3180.0
2023-04-18,2480.0,2560.0,2650.0
2023-04-19,2590.0,2640.0,2730.0
2023-04-20,2620.0,2800.0,2990.0
2023-04-21,2390.0,2490.0,2730.0
2023-04-22,2350.0,2390.0,2450.0
2023-04-23,2200.0,2270.0,2370.0
2023-04-24,2220.0,2320.0,2490.0
2023-04-25,2400.0,2530.0,2610.0
2023-04-26,2300.0,2360.0,2440.0
2023-04-27,2110.0,2200.0,2300.0
2023-04-28,2030.0,2070.0,2130.0
2023-04-29,1980.0,2320.0,2850.0
2023-04-30,2800.0,2890.0,3010.0
2023-05-01,2690.0,2850.0,3000.0
2023-05-02,2500.0,2570.0,2710.0
2023-05-03,2540.0,2580.0,2640.0
2023-05-04,2450.0,2520.0,2600.0
2023-05-05,2320.0,2370.0,2460.0
2023-05-06,2280.0,2380.0,2600.0
2023-05-07,2530.0,2610.0,2650.0
2023-05-08,2510.0,2540.0,2610.0
2023-05-09,2520.0,2590.0,2670.0
2023-05-10,2580.0,2650.0,2780.0
2023-05-11,2720.0,3030.0,3370.0
2023-05-12,3250.0,3500.0,3660.0
2023-05-13,3240.0,3310.0,3380.0
2023-05-14,3060.0,3150.0,3270.0
2023-05-15,2900.0,3100.0,3660.0
2023-05-16,3160.0,3470.0,3850.0
2023-05-17,3200.0,4200.0,5110.0
2023-05-18,3580.0,4030.0,4800.0
2023-05-19,3030.0,3340.0,3590.0
2023-05-20,2780.0,2920.0,3060.0
2023-05-21,2640.0,2720.0,2810.0
2023-05-22,2540.0,2610.0,2650.0
2023-05-23,2580.0,2650.0,2730.0
2023-05-24,2690.0,2720.0,2770.0
2023-05-25,2720.0,2890.0,3090.0
2023-05-26,2720.0,2760.0,2900.0
2023-05-27,2450.0,2580.0,2730.0
2023-05-28,2320.0,2450.0,2590.0
2023-05-29,2170.0,2310.0,2420.0
2023-05-30,2080.0,2130.0,2270.0
2023-05-31,2040.0,2110.0,2190.0
2023-06-01,1960.0,2040.0,2100.0
2023-06-02,1910.0,1980.0,2030.0
2023-06-03,1890.0,1950.0,2010.0
2023-06-04,1850.0,1940.0,2020.0
2023-06-05,1890.0,1950.0,2010.0
2023-06-06,1970.0,2040.0,2120.0
2023-06-07,1940.0,1990.0,2070.0
2023-06-08,1780.0,1880.0,1990.0
2023-06-09,1780.0,1840.0,1890.0
2023-06-10,1690.0,1780.0,1850.0
2023-06-11,1610.0,1740.0,1820.0
2023-06-12,1540.0,1680.0,1780.0
2023-06-13,1600.0,1660.0,1730.0
2023-06-14,1560.0,1640.0,1700.0
2023-06-15,1530.0,1580.0,1660.0
2023-06-16,1500.0,1550.0,1600.0
2023-06-17,1440.0,1500.0,1560.0
2023-06-18,1260.0,1370.0,1480.0
2023-06-19,1260.0,1300.0,1350.0
2023-06-20,1280.0,1330.0,1400.0
2023-06-21,1400.0,1460.0,1520.0
2023-06-22,1450.0,1520.0,1660.0
2023-06-23,1550.0,1640.0,1690.0
2023-06-24,1590.0,1640.0,1720.0
2023-06-25,1390.0,1590.0,1680.0
2023-06-26,1240.0,1330.0,1410.0
2023-06-27,1250.0,1290.0,1330.0
2023-06-28,1240.0,1280.0,1330.0
2023-06-29,1210.0,1280.0,1330.0
2023-06-30,1160.0,1210.0,1310.0
2023-07-01,1180.0,1260.0,1410.0
2023-07-02,1330.0,1600.0,1880.0
2023-07-03,1240.0,1320.0,1400.0
2023-07-04,1190.0,1260.0,1330.0
2023-07-05,1180.0,1250.0,1330.0
2023-07-06,1320.0,1380.0,1490.0
2023-07-07,1310.0,1400.0,1510.0
2023-07-08,1150.0,1260.0,1370.0
2023-07-09,1060.0,1140.0,1220.0
2023-07-10,1080.0,1140.0,1210.0
2023-07-11,1090.0,1160.0,1230.0
2023-07-12,1160.0,1210.0,1280.0
2023-07-13,1160.0,1300.0,1420.0
2023-07-14,1240.0,1640.0,1830.0
2023-07-15,1290.0,1420.0,1590.0
2023-07-16,1090.0,1190.0,1320.0
2023-07-17,1110.0,1200.0,1260.0
2023-07-18,1160.0,1240.0,1300.0
2023-07-19,1120.0,1180.0,1280.0
2023-07-20,1260.0,1360.0,1400.0
2023-07-21,1250.0,1300.0,1370.0
2023-07-22,1260.0,1310.0,1410.0
2023-07-23,1120.0,1230.0,1410.0
2023-07-24,926.0,1080.0,1170.0
2023-07-25,961.0,1180.0,1280.0
2023-07-26,1250.0,1480.0,1640.0
2023-07-27,1620.0,1710.0,1800.0
2023-07-28,1540.0,1600.0,1690.0
2023-07-29,1390.0,1470.0,1630.0
2023-07-30,1430.0,1510.0,1580.0
2023-07-31,1450.0,1500.0,1560.0
2023-08-01,1400.0,1450.0,1530.0
2023-08-02,1490.0,1670.0,1890.0
2023-08-03,1550.0,1660.0,1890.0
2023-08-04,1640.0,1830.0,1980.0
2023-08-05,1830.0,2240.0,3250.0
2023-08-06,3250.0,4070.0,4390.0
2023-08-07,3320.0,3610.0,4250.0
2023-08-08,2670.0,3100.0,3460.0
2023-08-09,2400.0,2470.0,2670.0
2023-08-10,2540.0,2920.0,3140.0
2023-08-11,2290.0,2560.0,2960.0
2023-08-12,1900.0,2080.0,2310.0
2023-08-13,1690.0,1810.0,1930.0
2023-08-14,1530.0,1610.0,1740.0
2023-08-15,1440.0,1590.0,1710.0
2023-08-16,1520.0,1750.0,1960.0
2023-08-17,1680.0,1770.0,1960.0
2023-08-18,1570.0,1630.0,1740.0
2023-08-19,1490.0,1580.0,1640.0
2023-08-20,1390.0,1450.0,1540.0
2023-08-21,1280.0,1360.0,1450.0
2023-08-22,1260.0,1350.0,1490.0
2023-08-23,1250.0,1290.0,1350.0
2023-08-24,1200.0,1270.0,1330.0
2023-08-25,1240.0,1290.0,1340.0
2023-08-26,1200.0,1260.0,1330.0
2023-08-27,1300.0,1540.0,1710.0
2023-08-28,1540.0,1810.0,3000.0
2023-08-29,3000.0,5070.0,5850.0
2023-08-30,4360.0,4730.0,5110.0
2023-08-31,3900.0,4170.0,4540.0
2023-09-01,3070.0,3400.0,3920.0
2023-09-02,2450.0,2690.0,3070.0
2023-09-03,1970.0,2200.0,2470.0
2023-09-04,1840.0,1910.0,1980.0
2023-09-05,1660.0,1720.0,1840.0
2023-09-06,1600.0,1670.0,1750.0
2023-09-07,1560.0,1600.0,1680.0
2023-09-08,1400.0,1480.0,1580.0
2023-09-09,1340.0,1400.0,1460.0
2023-09-10,1250.0,1320.0,1430.0
2023-09-11,1220.0,1270.0,1330.0
2023-09-12,1220.0,1270.0,1330.0
2023-09-13,1260.0,1320.0,1380.0
2023-09-14,1360.0,1470.0,1610.0
2023-09-15,1420.0,1530.0,1660.0
2023-09-16,1210.0,1330.0,1460.0
2023-09-17,1140.0,1200.0,1280.0
2023-09-18,1100.0,1170.0,1240.0
2023-09-19,1140.0,1200.0,1280.0
2023-09-20,1180.0,1230.0,1310.0
2023-09-21,1100.0,1170.0,1240.0
2023-09-22,1070.0,1120.0,1220.0
2023-09-23,1070.0,1200.0,1400.0
2023-09-24,1320.0,1390.0,1470.0
2023-09-25,1230.0,1290.0,1350.0
2023-09-26,1100.0,1170.0,1270.0
2023-09-27,1050.0,1120.0,1170.0
2023-09-28,1050.0,1100.0,1150.0
2023-09-29,975.0,1060.0,1130.0
2023-09-30,955.0,1020.0,1080.0
2023-10-01,877.0,947.0,1000.0
2023-10-02,877.0,936.0,994.0
2023-10-03,896.0,943.0,984.0
2023-10-04,848.0,905.0,965.0
2023-10-05,877.0,924.0,994.0
2023-10-06,877.0,928.0,975.0
2023-10-07,848.0,894.0,935.0
2023-10-08,819.0,857.0,906.0
2023-10-09,809.0,863.0,935.0
2023-10-10,887.0,937.0,994.0
2023-10-11,896.0,938.0,984.0
2023-10-12,857.0,899.0,945.0
2023-10-13,838.0,890.0,955.0
2023-10-14,877.0,894.0,926.0
2023-10-15,770.0,833.0,896.0
2023-10-16,751.0,816.0,906.0
2023-10-17,819.0,871.0,926.0
2023-10-18,848.0,892.0,955.0
2023-10-19,770.0,843.0,926.0
2023-10-20,790.0,833.0,906.0
2023-10-21,799.0,905.0,1040.0
2023-10-22,819.0,949.0,1080.0
2023-10-23,780.0,842.0,945.0
2023-10-24,809.0,870.0,945.0
2023-10-25,857.0,899.0,955.0
2023-10-26,887.0,922.0,965.0
2023-10-27,867.0,983.0,1180.0
2023-10-28,1050.0,1120.0,1160.0
2023-10-29,1010.0,1050.0,1120.0
2023-10-30,906.0,957.0,1020.0
2023-10-31,945.0,992.0,1130.0
2023-11-01,1130.0,1430.0,1560.0
2023-11-02,1170.0,1230.0,1390.0
2023-11-03,1200.0,1540.0,2200.0
2023-11-04,1830.0,2090.0,2250.0
2023-11-05,1540.0,1650.0,1830.0
2023-11-06,1470.0,1560.0,1610.0
2023-11-07,1350.0,1430.0,1520.0
2023-11-08,1270.0,1320.0,1400.0
2023-11-09,1250.0,1300.0,1390.0
2023-11-10,1180.0,1230.0,1330.0
2023-11-11,1110.0,1180.0,1230.0
2023-11-12,1110.0,1140.0,1180.0
2023-11-13,1120.0,1190.0,1470.0
2023-11-14,1470.0,2180.0,2920.0
2023-11-15,2920.0,3350.0,3550.0
2023-11-16,3060.0,3430.0,3660.0
2023-11-17,2960.0,3240.0,3610.0
2023-11-18,2940.0,3230.0,3580.0
2023-11-19,2920.0,3320.0,4540.0
2023-11-20,3830.0,4410.0,4720.0
2023-11-21,3390.0,3570.0,3830.0
2023-11-22,3300.0,3410.0,3500.0
2023-11-23,2780.0,3030.0,3300.0
2023-11-24,2530.0,2600.0,2780.0
2023-11-25,2530.0,2660.0,2760.0
2023-11-26,2310.0,2410.0,2610.0
2023-11-27,2160.0,2230.0,2320.0
2023-11-28,2140.0,2180.0,2280.0
2023-11-29,2270.0,2390.0,2460.0
2023-11-30,2320.0,2360.0,2420.0
2023-12-01,2250.0,2290.0,2360.0
2023-12-02,2230.0,2320.0,2420.0
2023-12-03,2220.0,2310.0,2390.0
2023-12-04,2070.0,2190.0,2360.0
2023-12-05,1950.0,2000.0,2100.0
2023-12-06,1890.0,1950.0,2030.0
2023-12-07,1910.0,2010.0,2110.0
2023-12-08,1980.0,2050.0,2140.0
2023-12-09,1920.0,1970.0,2080.0
2023-12-10,1920.0,2140.0,2890.0
2023-12-11,2890.0,3490.0,4160.0
2023-12-12,4160.0,4380.0,4500.0
2023-12-13,4150.0,4380.0,4720.0
2023-12-14,4700.0,4940.0,5140.0
2023-12-15,4350.0,4630.0,4960.0
2023-12-16,3660.0,4000.0,4360.0
2023-12-17,3180.0,3430.0,3660.0
2023-12-18,2850.0,3000.0,3190.0
2023-12-19,2680.0,2780.0,2870.0
2023-12-20,2520.0,2610.0,2700.0
2023-12-21,2480.0,2550.0,2710.0
2023-12-22,2680.0,3140.0,3860.0
2023-12-23,3860.0,5280.0,6920.0
2023-12-24,5400.0,6320.0,6920.0
2023-12-25,5310.0,5400.0,5560.0
2023-12-26,4640.0,5020.0,5310.0
2023-12-27,4030.0,4310.0,4640.0
2023-12-28,3460.0,3740.0,4030.0
2023-12-29,3010.0,3220.0,3470.0
2023-12-30,2730.0,2870.0,3040.0
2023-12-31,2540.0,2620.0,2740.0
2024-01-01,2360.0,2440.0,2550.0
2024-01-02,2280.0,2340.0,2380.0
2024-01-03,2370.0,2690.0,2920.0
2024-01-04,2600.0,2690.0,2820.0
2024-01-05,2690.0,2750.0,2810.0
2024-01-06,2680.0,2730.0,2840.0
2024-01-07,2840.0,3080.0,3260.0
2024-01-08,2840.0,2980.0,3200.0
2024-01-09,2540.0,2670.0,2840.0
2024-01-10,2330.0,2420.0,2550.0
2024-01-11,2220.0,2280.0,2330.0
2024-01-12,2090.0,2130.0,2240.0
2024-01-13,1980.0,2030.0,2110.0
2024-01-14,1800.0,1870.0,1980.0
2024-01-15,1740.0,1780.0,1850.0
2024-01-16,1710.0,1760.0,1830.0
2024-01-17,1670.0,1740.0,1790.0
2024-01-18,1710.0,1770.0,1820.0
2024-01-19,1820.0,2150.0,2310.0
2024-01-20,2120.0,2200.0,2320.0
2024-01-21,1860.0,1980.0,2170.0
2024-01-22,1660.0,1760.0,1860.0
2024-01-23,1740.0,1960.0,2250.0
2024-01-24,2120.0,2180.0,2270.0
2024-01-25,2220.0,2690.0,3020.0
2024-01-26,2820.0,2940.0,3090.0
2024-01-27,2960.0,3410.0,3690.0
2024-01-28,2870.0,3150.0,3490.0
2024-01-29,2580.0,2710.0,2870.0
2024-01-30,2400.0,2460.0,2580.0
2024-01-31,2250.0,2300.0,2410.0
2024-02-01,2130.0,2170.0,2260.0
2024-02-02,2120.0,2170.0,2220.0
2024-02-03,2080.0,2140.0,2220.0
2024-02-04,1970.0,2030.0,2110.0
2024-02-05,2100.0,2150.0,2210.0
2024-02-06,2050.0,2090.0,2150.0
2024-02-07,1920.0,1980.0,2050.0
2024-02-08,1900.0,2000.0,2120.0
2024-02-09,2100.0,2160.0,2220.0
2024-02-10,2080.0,2130.0,2190.0
2024-02-11,2140.0,2180.0,2230.0
2024-02-12,2180.0,2220.0,2260.0
2024-02-13,2110.0,2170.0,2220.0
2024-02-14,2050.0,2100.0,2170.0
2024-02-15,1930.0,1980.0,2050.0
2024-02-16,1810.0,1870.0,1960.0
2024-02-17,1760.0,1810.0,1870.0
2024-02-18,1840.0,1950.0,2070.0
2024-02-19,1910.0,1960.0,2030.0
2024-02-20,1940.0,2060.0,2150.0
2024-02-21,2130.0,2190.0,2240.0
2024-02-22,1980.0,2060.0,2170.0
2024-02-23,1970.0,2010.0,2070.0
2024-02-24,2050.0,2300.0,2460.0
2024-02-25,2290.0,2360.0,2390.0
2024-02-26,2130.0,2190.0,2300.0
2024-02-27,1980.0,2070.0,2150.0
2024-02-28,1820.0,1930.0,1990.0
2024-02-29,1790.0,1840.0,1910.0
2024-03-01,1700.0,1790.0,1850.0
2024-03-02,1710.0,1770.0,1850.0
2024-03-03,1610.0,1700.0,1790.0
2024-03-04,1580.0,1640.0,1680.0
2024-03-05,1530.0,1600.0,1670.0
2024-03-06,1490.0,1560.0,1620.0
2024-03-07,1500.0,1570.0,1630.0
2024-03-08,1500.0,1580.0,1640.0
2024-03-09,1550.0,1600.0,1650.0
2024-03-10,1430.0,1490.0,1560.0
2024-03-11,1390.0,1420.0,1460.0
2024-03-12,1440.0,1600.0,1780.0
2024-03-13,1570.0,1720.0,1820.0
2024-03-14,1490.0,1540.0,1580.0
2024-03-15,1470.0,1520.0,1570.0
2024-03-16,1460.0,1500.0,1570.0
2024-03-17,1470.0,1540.0,1600.0
2024-03-18,1580.0,1620.0,1670.0
2024-03-19,1610.0,1720.0,2020.0
2024-03-20,1840.0,1920.0,2040.0
2024-03-21,1750.0,1810.0,1870.0
2024-03-22,1690.0,1810.0,1930.0
2024-03-23,1730.0,1810.0,1950.0
2024-03-24,1690.0,1740.0,1800.0
2024-03-25,1700.0,1740.0,1820.0
2024-03-26,1660.0,1750.0,1820.0
2024-03-27,1580.0,1690.0,1810.0
2024-03-28,1550.0,1660.0,1740.0
2024-03-29,1650.0,1740.0,1830.0
2024-03-30,1550.0,1670.0,1740.0
2024-03-31,1580.0,1710.0,1790.0
2024-04-01,1610.0,1730.0,1830.0
2024-04-02,1740.0,1920.0,2080.0
2024-04-03,1730.0,1830.0,1980.0
2024-04-04,1710.0,1760.0,1800.0
2024-04-05,1670.0,1720.0,1780.0
2024-04-06,1630.0,1710.0,1810.0
2024-04-07,1720.0,1770.0,1830.0
2024-04-08,1710.0,1790.0,1880.0
2024-04-09,1770.0,1930.0,2040.0
2024-04-10,1820.0,1950.0,2030.0
2024-04-11,1840.0,1950.0,2040.0
2024-04-12,1670.0,1720.0,1840.0
2024-04-13,1590.0,1720.0,1790.0
2024-04-14,1620.0,1740.0,1810.0
2024-04-15,1700.0,1790.0,1980.0
2024-04-16,1980.0,2110.0,2280.0
2024-04-17,2090.0,2230.0,2340.0
2024-04-18,2020.0,2080.0,2130.0
2024-04-19,1980.0,2070.0,2130.0
2024-04-20,1980.0,2070.0,2170.0
2024-04-21,1990.0,2130.0,2210.0
2024-04-22,1960.0,2000.0,2040.0
2024-04-23,1880.0,1950.0,2020.0
2024-04-24,1800.0,1880.0,1960.0
2024-04-25,1740.0,1810.0,1920.0
2024-04-26,1490.0,1690.0,1840.0
2024-04-27,1460.0,1620.0,1720.0
2024-04-28,1530.0,1680.0,1780.0
2024-04-29,1660.0,1730.0,1880.0
2024-04-30,1750.0,1820.0,1930.0
2024-05-01,1790.0,1900.0,2000.0
2024-05-02,1830.0,1900.0,2030.0
2024-05-03,1880.0,1940.0,1980.0
2024-05-04,1930.0,1990.0,2070.0
2024-05-05,1680.0,1840.0,1970.0
2024-05-06,1660.0,1750.0,1810.0
2024-05-07,1800.0,2050.0,2190.0
2024-05-08,2030.0,2160.0,2380.0
2024-05-09,2310.0,2410.0,2540.0
2024-05-10,2070.0,2280.0,2420.0
2024-05-11,1860.0,2070.0,2250.0
2024-05-12,1650.0,1960.0,2150.0
2024-05-13,1760.0,1850.0,1950.0
2024-05-14,1690.0,1880.0,2020.0
2024-05-15,1750.0,1880.0,1980.0
2024-05-16,1780.0,1830.0,1890.0
2024-05-17,1860.0,1940.0,2200.0
2024-05-18,1950.0,2100.0,2230.0
2024-05-19,1950.0,2030.0,2100.0
2024-05-20,1820.0,2010.0,2110.0
2024-05-21,1960.0,2010.0,2060.0
2024-05-22,2040.0,2440.0,2820.0
2024-05-23,2340.0,2490.0,2820.0
2024-05-24,2320.0,2410.0,2500.0
2024-05-25,2100.0,2310.0,2480.0
2024-05-26,2090.0,2230.0,2350.0
2024-05-27,2000.0,2160.0,2310.0
2024-05-28,2000.0,2120.0,2260.0
2024-05-29,2260.0,2430.0,2540.0
2024-05-30,2330.0,2420.0,2500.0
2024-05-31,2420.0,2570.0,2900.0
2024-06-01,2900.0,3440.0,4310.0
2024-06-02,4310.0,4970.0,5260.0
2024-06-03,4780.0,5000.0,5540.0
2024-06-04,5540.0,6480.0,7090.0
2024-06-05,5700.0,6390.0,7090.0
2024-06-06,5360.0,5520.0,5730.0
2024-06-07,5200.0,5350.0,5500.0
2024-06-08,4770.0,5030.0,5360.0
2024-06-09,4910.0,5090.0,5300.0
2024-06-10,4770.0,5090.0,5330.0
2024-06-11,4580.0,5050.0,5260.0
2024-06-12,4260.0,4460.0,4650.0
2024-06-13,3600.0,3960.0,4300.0
2024-06-14,3150.0,3380.0,3680.0
2024-06-15,2760.0,3020.0,3230.0
2024-06-16,2560.0,2740.0,2880.0
2024-06-17,2610.0,2700.0,2820.0
2024-06-18,2610.0,2700.0,2950.0
2024-06-19,2580.0,2750.0,2930.0
2024-06-20,2620.0,2800.0,3040.0
2024-06-21,2850.0,2980.0,3090.0
2024-06-22,2960.0,3090.0,3240.0
2024-06-23,2890.0,3140.0,3350.0
2024-06-24,2730.0,2950.0,3180.0
2024-06-25,2530.0,2740.0,2910.0
2024-06-26,2390.0,2520.0,2650.0
2024-06-27,2470.0,2540.0,2620.0
2024-06-28,2550.0,2650.0,2750.0
2024-06-29,2450.0,2610.0,2720.0
2024-06-30,2370.0,2550.0,2680.0
2024-07-01,2550.0,2640.0,2820.0
2024-07-02,2580.0,2750.0,2880.0
2024-07-03,2440.0,2600.0,2770.0
2024-07-04,2430.0,2500.0,2560.0
2024-07-05,2210.0,2350.0,2540.0
2024-07-06,2030.0,2180.0,2330.0
2024-07-07,2110.0,2190.0,2290.0
2024-07-08,2210.0,2530.0,2720.0
2024-07-09,2280.0,2440.0,2630.0
2024-07-10,2090.0,2230.0,2350.0
2024-07-11,2150.0,2280.0,2380.0
2024-07-12,2240.0,2340.0,2600.0
2024-07-13,2600.0,2990.0,3380.0
2024-07-14,2580.0,2970.0,3410.0
2024-07-15,2330.0,2530.0,2730.0
2024-07-16,2190.0,2320.0,2450.0
2024-07-17,2130.0,2230.0,2320.0
2024-07-18,2130.0,2230.0,2350.0
2024-07-19,1990.0,2110.0,2210.0
2024-07-20,2020.0,2130.0,2310.0
2024-07-21,1850.0,2080.0,2290.0
2024-07-22,1860.0,1940.0,2080.0
2024-07-23,2020.0,2090.0,2170.0
2024-07-24,2160.0,2270.0,2340.0
2024-07-25,2110.0,2250.0,2350.0
2024-07-26,1950.0,2080.0,2170.0
2024-07-27,1830.0,1910.0,2000.0
2024-07-28,1580.0,1790.0,1890.0
2024-07-29,1550.0,1700.0,1900.0
2024-07-30,1570.0,1650.0,1710.0
2024-07-31,1490.0,1620.0,1720.0
2024-08-01,1500.0,1560.0,1630.0
2024-08-02,1570.0,1660.0,1810.0
2024-08-03,1720.0,1810.0,1900.0
2024-08-04,1750.0,1810.0,1920.0
2024-08-05,1650.0,1760.0,1830.0
2024-08-06,1540.0,1650.0,1730.0
2024-08-07,1480.0,1570.0,1680.0
2024-08-08,1530.0,1590.0,1650.0
2024-08-09,1510.0,1590.0,1660.0
2024-08-10,1280.0,1470.0,1590.0
2024-08-11,1300.0,1350.0,1450.0
2024-08-12,1220.0,1290.0,1340.0
2024-08-13,1260.0,1340.0,1440.0
2024-08-14,1410.0,1480.0,1560.0
2024-08-15,1450.0,1500.0,1590.0
2024-08-16,1350.0,1460.0,1560.0
2024-08-17,1340.0,1410.0,1450.0
2024-08-18,1450.0,1530.0,1660.0
2024-08-19,1580.0,1870.0,2760.0
2024-08-20,2230.0,2450.0,2760.0
2024-08-21,2110.0,2190.0,2300.0
2024-08-22,1890.0,2120.0,2330.0
2024-08-23,1670.0,1770.0,1930.0
2024-08-24,1350.0,1580.0,1700.0
2024-08-25,1340.0,1510.0,1630.0
2024-08-26,1390.0,1500.0,1580.0
2024-08-27,1500.0,1570.0,1630.0
2024-08-28,1420.0,1510.0,1600.0
2024-08-29,1330.0,1420.0,1470.0
2024-08-30,1300.0,1360.0,1440.0
2024-08-31,1280.0,1340.0,1410.0
2024-09-01,1160.0,1250.0,1330.0
2024-09-02,1130.0,1190.0,1260.0
2024-09-03,1230.0,1250.0,1280.0
2024-09-04,1210.0,1260.0,1300.0
2024-09-05,1190.0,1230.0,1290.0
2024-09-06,1220.0,1260.0,1300.0
2024-09-07,1190.0,1250.0,1310.0
2024-09-08,1090.0,1140.0,1210.0
2024-09-09,1090.0,1200.0,1360.0
2024-09-10,1360.0,1740.0,1880.0
2024-09-11,1630.0,1690.0,1770.0
2024-09-12,1610.0,1720.0,2040.0
2024-09-13,2030.0,2560.0,2920.0
2024-09-14,2920.0,4910.0,7310.0
2024-09-15,7310.0,9460.0,10500.0
2024-09-16,8750.0,9460.0,10500.0
2024-09-17,8830.0,9190.0,9340.0
2024-09-18,6570.0,8110.0,9250.0
2024-09-19,5230.0,5850.0,6920.0
2024-09-20,4220.0,4690.0,5230.0
2024-09-21,3740.0,3940.0,4380.0
2024-09-22,3050.0,3530.0,3810.0
2024-09-23,3040.0,3220.0,3490.0
2024-09-24,2950.0,3020.0,3090.0
2024-09-25,3020.0,3130.0,3270.0
2024-09-26,2850.0,2990.0,3160.0
2024-09-27,2710.0,2830.0,3010.0
2024-09-28,2990.0,3190.0,3380.0
2024-09-29,3080.0,3200.0,3480.0
2024-09-30,2900.0,3020.0,3180.0
2024-10-01,2550.0,2750.0,2960.0
2024-10-02,2450.0,2510.0,2570.0
2024-10-03,2450.0,2620.0,2700.0
2024-10-04,2580.0,2780.0,3080.0
2024-10-05,3020.0,3140.0,3320.0
2024-10-06,2800.0,2900.0,3030.0
2024-10-07,2490.0,2670.0,2830.0
2024-10-08,2300.0,2490.0,2670.0
2024-10-09,2430.0,2810.0,3540.0
2024-10-10,3010.0,3320.0,3740.0
2024-10-11,3110.0,3470.0,3720.0
2024-10-12,2770.0,3010.0,3310.0
2024-10-13,2520.0,2700.0,2850.0
2024-10-14,2440.0,2540.0,2620.0
2024-10-15,2440.0,2590.0,2830.0
2024-10-16,2480.0,2640.0,2850.0
2024-10-17,2290.0,2410.0,2580.0
2024-10-18,2150.0,2260.0,2320.0
2024-10-19,1990.0,2150.0,2320.0
2024-10-20,1970.0,2110.0,2210.0
2024-10-21,1780.0,1910.0,2080.0
2024-10-22,1800.0,1890.0,1950.0
2024-10-23,1720.0,1820.0,1950.0
2024-10-24,1790.0,1850.0,1970.0
2024-10-25,1830.0,1890.0,2080.0
2024-10-26,1660.0,1760.0,1940.0
2024-10-27,1600.0,1680.0,1790.0
2024-10-28,1510.0,1580.0,1710.0
2024-10-29,1440.0,1540.0,1640.0
2024-10-30,1360.0,1420.0,1530.0
2024-10-31,1350.0,1430.0,1510.0
2024-11-01,1310.0,1400.0,1520.0
2024-11-02,1230.0,1290.0,1380.0
2024-11-03,1220.0,1280.0,1340.0
2024-11-04,1220.0,1260.0,1340.0
2024-11-05,1210.0,1270.0,1360.0
2024-11-06,1260.0,1310.0,1400.0
2024-11-07,1250.0,1300.0,1370.0
2024-11-08,1230.0,1280.0,1300.0
2024-11-09,1200.0,1240.0,1310.0
2024-11-10,1130.0,1190.0,1330.0
2024-11-11,1130.0,1180.0,1240.0
2024-11-12,1120.0,1170.0,1250.0
2024-11-13,1120.0,1170.0,1230.0
2024-11-14,1120.0,1160.0,1210.0
2024-11-15,1100.0,1150.0,1220.0
2024-11-16,1070.0,1110.0,1170.0
2024-11-17,1010.0,1070.0,1130.0
2024-11-18,1040.0,1090.0,1170.0
2024-11-19,1100.0,1150.0,1290.0
2024-11-20,1110.0,1200.0,1320.0
2024-11-21,1280.0,1320.0,1370.0
2024-11-22,1300.0,1370.0,1480.0
2024-11-23,1240.0,1320.0,1460.0
2024-11-24,1140.0,1200.0,1290.0
2024-11-25,1090.0,1140.0,1230.0
2024-11-26,1120.0,1170.0,1260.0
2024-11-27,1140.0,1210.0,1330.0
2024-11-28,1220.0,1270.0,1410.0
2024-11-29,1310.0,1410.0,1510.0
2024-11-30,1310.0,1390.0,1470.0
2024-12-01,1260.0,1340.0,1490.0
2024-12-02,1190.0,1250.0,1350.0
2024-12-03,1040.0,1200.0,1410.0
2024-12-04,1270.0,1330.0,1480.0
2024-12-05,1310.0,1380.0,1460.0
2024-12-06,1290.0,1360.0,1470.0
2024-12-07,1390.0,1710.0,1950.0
2024-12-08,1680.0,1780.0,1910.0
2024-12-09,1780.0,1860.0,1950.0
2024-12-10,1630.0,1700.0,1830.0
2024-12-11,1640.0,1690.0,1760.0
2024-12-12,1570.0,1630.0,1720.0
2024-12-13,1520.0,1550.0,1610.0
2024-12-14,1370.0,1470.0,1550.0
2024-12-15,1290.0,1350.0,1420.0
2024-12-16,1240.0,1270.0,1310.0
2024-12-17,1290.0,1380.0,1500.0
2024-12-18,1410.0,1470.0,1530.0
2024-12-19,1310.0,1380.0,1470.0
2024-12-20,1330.0,1430.0,1570.0
2024-12-21,1360.0,1480.0,1570.0
2024-12-22,1320.0,1370.0,1580.0
2024-12-23,1580.0,1820.0,1930.0
2024-12-24,1630.0,1690.0,1770.0
2024-12-25,1530.0,1630.0,1760.0
2024-12-26,1410.0,1490.0,1590.0
2024-12-27,1330.0,1380.0,1460.0
2024-12-28,1290.0,1320.0,1350.0
2024-12-29,1240.0,1300.0,1340.0
2024-12-30,1190.0,1260.0,1340.0
2024-12-31,1180.0,1220.0,1280.0
2025-01-01,1130.0,1170.0,1220.0
2025-01-02,1090.0,1130.0,1180.0
2025-01-03,1150.0,1180.0,1240.0
2025-01-04,1140.0,1200.0,1280.0
2025-01-05,1150.0,1190.0,1250.0
2025-01-06,1210.0,1280.0,1390.0
2025-01-07,1390.0,1530.0,1710.0
2025-01-08,1710.0,1790.0,1830.0
2025-01-09,1760.0,1820.0,1930.0
2025-01-10,1890.0,1980.0,2140.0
2025-01-11,1970.0,2040.0,2140.0
2025-01-12,1840.0,1930.0,2050.0
2025-01-13,1640.0,1730.0,1870.0
2025-01-14,1490.0,1600.0,1660.0
2025-01-15,1440.0,1510.0,1570.0
2025-01-16,1380.0,1450.0,1530.0
2025-01-17,1370.0,1410.0,1470.0
2025-01-18,1290.0,1360.0,1400.0
2025-01-19,1240.0,1280.0,1310.0
2025-01-20,1230.0,1260.0,1300.0
2025-01-21,1240.0,1290.0,1360.0
2025-01-22,1250.0,1280.0,1340.0
2025-01-23,1210.0,1250.0,1310.0
2025-01-24,1150.0,1200.0,1270.0
2025-01-25,1070.0,1120.0,1220.0
2025-01-26,1050.0,1100.0,1140.0
2025-01-27,1060.0,1100.0,1140.0
2025-01-28,1080.0,1130.0,1180.0
2025-01-29,1160.0,1420.0,1630.0
2025-01-30,1620.0,1790.0,1940.0
2025-01-31,1660.0,1750.0,1930.0
2025-02-01,1470.0,1530.0,1690.0
2025-02-02,1310.0,1410.0,1530.0
2025-02-03,1300.0,1380.0,1420.0
2025-02-04,1290.0,1350.0,1430.0
2025-02-05,1260.0,1300.0,1390.0
2025-02-06,1190.0,1270.0,1320.0
2025-02-07,1240.0,1280.0,1320.0
2025-02-08,1170.0,1230.0,1300.0
2025-02-09,1120.0,1170.0,1200.0
2025-02-10,1070.0,1130.0,1190.0
2025-02-11,1090.0,1160.0,1220.0
2025-02-12,1040.0,1100.0,1160.0
2025-02-13,1070.0,1160.0,1230.0
2025-02-14,1210.0,1280.0,1380.0
2025-02-15,1350.0,1390.0,1460.0
2025-02-16,1250.0,1320.0,1420.0
2025-02-17,1160.0,1230.0,1290.0
2025-02-18,1140.0,1190.0,1250.0
2025-02-19,1020.0,1170.0,1240.0
2025-02-20,1070.0,1150.0,1210.0
2025-02-21,1040.0,1100.0,1150.0
2025-02-22,1000.0,1070.0,1130.0
2025-02-23,972.0,1030.0,1100.0
2025-02-24,972.0,1040.0,1130.0
2025-02-25,1030.0,1070.0,1130.0
2025-02-26,1070.0,1120.0,1230.0
2025-02-27,1070.0,1160.0,1230.0
2025-02-28,1100.0,1180.0,1210.0
2025-03-01,1060.0,1160.0,1240.0
2025-03-02,972.0,1080.0,1150.0
2025-03-03,972.0,1060.0,1100.0
2025-03-04,963.0,1050.0,1110.0
2025-03-05,972.0,1040.0,1090.0
2025-03-06,991.0,1040.0,1090.0
2025-03-07,926.0,1030.0,1090.0
2025-03-08,963.0,1020.0,1070.0
2025-03-09,954.0,1010.0,1060.0
2025-03-10,898.0,949.0,1010.0
2025-03-11,852.0,924.0,991.0
2025-03-12,889.0,950.0,991.0
2025-03-13,916.0,984.0,1060.0
2025-03-14,1060.0,1100.0,1150.0
2025-03-15,1110.0,1150.0,1200.0
2025-03-16,1040.0,1110.0,1170.0
2025-03-17,1000.0,1070.0,1140.0
2025-03-18,916.0,1000.0,1050.0
2025-03-19,880.0,965.0,1020.0
2025-03-20,889.0,955.0,1000.0
2025-03-21,880.0,948.0,1000.0
2025-03-22,861.0,947.0,1010.0
2025-03-23,898.0,959.0,1010.0
2025-03-24,889.0,971.0,1040.0
2025-03-25,926.0,1000.0,1070.0
2025-03-26,944.0,1020.0,1080.0
2025-03-27,972.0,1050.0,1110.0
2025-03-28,991.0,1060.0,1120.0
2025-03-29,1070.0,1140.0,1310.0
2025-03-30,1310.0,2140.0,2400.0
2025-03-31,1670.0,1830.0,2180.0
2025-04-01,1900.0,2020.0,2080.0
2025-04-02,1620.0,1750.0,1960.0
2025-04-03,1410.0,1580.0,1700.0
2025-04-04,1450.0,1550.0,1620.0
2025-04-05,1420.0,1480.0,1570.0
2025-04-06,1250.0,1360.0,1470.0
2025-04-07,1190.0,1290.0,1340.0
2025-04-08,1150.0,1200.0,1240.0
2025-04-09,1100.0,1160.0,1240.0
2025-04-10,1080.0,1100.0,1120.0
2025-04-11,1030.0,1090.0,1150.0
2025-04-12,1030.0,1050.0,1080.0
2025-04-13,1010.0,1060.0,1110.0
2025-04-14,1010.0,1060.0,1110.0
2025-04-15,1030.0,1090.0,1150.0
2025-04-16,1130.0,1200.0,1870.0
2025-04-17,1190.0,1250.0,1330.0
2025-04-18,1290.0,1490.0,1680.0
2025-04-19,1370.0,1560.0,1670.0
2025-04-20,1150.0,1310.0,1420.0
2025-04-21,1130.0,1200.0,1290.0
2025-04-22,1140.0,1180.0,1220.0
2025-04-23,1120.0,1170.0,1210.0
2025-04-24,1170.0,1230.0,1290.0
2025-04-25,1240.0,1310.0,1440.0
2025-04-26,1430.0,1540.0,1630.0
2025-04-27,1210.0,1380.0,1530.0
2025-04-28,1170.0,1220.0,1290.0
2025-04-29,1160.0,1210.0,1240.0
2025-04-30,1140.0,1180.0,1240.0
2025-05-01,1080.0,1150.0,1230.0
2025-05-02,1070.0,1120.0,1170.0
2025-05-03,1100.0,1140.0,1210.0
2025-05-04,1090.0,1160.0,1220.0
2025-05-05,1090.0,1330.0,1700.0
2025-05-06,1670.0,1750.0,1820.0
2025-05-07,1490.0,1640.0,1760.0
2025-05-08,1410.0,1510.0,1640.0
2025-05-09,1300.0,1410.0,1530.0
2025-05-10,1240.0,1330.0,1400.0
2025-05-11,1110.0,1210.0,1310.0
2025-05-12,1070.0,1140.0,1230.0
2025-05-13,1060.0,1120.0,1180.0
2025-05-14,1030.0,1090.0,1170.0
2025-05-15,1000.0,1050.0,1130.0
2025-05-16,963.0,1040.0,1080.0
2025-05-17,1000.0,1050.0,1130.0
2025-05-18,944.0,1010.0,1090.0
2025-05-19,972.0,1020.0,1100.0
2025-05-20,981.0,1040.0,1110.0
2025-05-21,972.0,1020.0,1100.0
2025-05-22,1010.0,1080.0,1160.0
2025-05-23,1080.0,1320.0,1540.0
2025-05-24,1170.0,1370.0,1560.0
2025-05-25,1010.0,1170.0,1320.0
2025-05-26,1000.0,1120.0,1400.0
2025-05-27,1400.0,1480.0,1550.0
2025-05-28,1330.0,1490.0,1610.0
2025-05-29,1350.0,1500.0,1730.0
2025-05-30,1680.0,1900.0,2110.0
2025-05-31,1610.0,1740.0,1860.0
2025-06-01,1360.0,1580.0,1720.0
2025-06-02,1390.0,1510.0,1660.0
2025-06-03,1590.0,1730.0,2060.0
2025-06-04,2060.0,2270.0,2410.0
2025-06-05,1880.0,2080.0,2280.0
2025-06-06,1770.0,1950.0,2070.0
2025-06-07,1600.0,1790.0,1920.0
2025-06-08,1650.0,1730.0,1830.0
2025-06-09,1780.0,1950.0,2120.0
2025-06-10,1590.0,1760.0,1850.0
2025-06-11,1440.0,1590.0,1700.0
2025-06-12,1290.0,1450.0,1550.0
2025-06-13,1280.0,1380.0,1460.0
2025-06-14,1200.0,1330.0,1430.0
2025-06-15,1180.0,1270.0,1390.0
2025-06-16,1250.0,1430.0,1620.0
2025-06-17,1450.0,1610.0,1700.0
2025-06-18,1310.0,1480.0,1590.0
2025-06-19,1190.0,1320.0,1410.0
2025-06-20,1100.0,1190.0,1280.0
2025-06-21,1020.0,1140.0,1270.0
2025-06-22,981.0,1090.0,1200.0
2025-06-23,972.0,1070.0,1220.0
2025-06-24,1000.0,1080.0,1220.0
2025-06-25,907.0,1070.0,1270.0
2025-06-26,907.0,1050.0,1220.0
2025-06-27,1030.0,1170.0,1290.0
2025-06-28,1120.0,1250.0,1380.0
2025-06-29,954.0,1060.0,1190.0
2025-06-30,963.0,1020.0,1090.0
2025-07-01,991.0,1060.0,1120.0
2025-07-02,1000.0,1080.0,1160.0
2025-07-03,981.0,1070.0,1170.0
2025-07-04,1030.0,1180.0,1320.0
2025-07-05,1030.0,1210.0,1390.0
2025-07-06,991.0,1070.0,1160.0
2025-07-07,1110.0,1200.0,1410.0
2025-07-08,1410.0,1800.0,2390.0
2025-07-09,2040.0,2330.0,2520.0
2025-07-10,1760.0,1860.0,2040.0
2025-07-11,1610.0,1740.0,1880.0
2025-07-12,1490.0,1630.0,1740.0
2025-07-13,1230.0,1450.0,1640.0
2025-07-14,1270.0,1350.0,1400.0
2025-07-15,1180.0,1270.0,1370.0
2025-07-16,1230.0,1340.0,1430.0
2025-07-17,1290.0,1700.0,2170.0
2025-07-18,1910.0,2120.0,2300.0
2025-07-19,1410.0,1680.0,1930.0
2025-07-20,1350.0,1490.0,1650.0
2025-07-21,1330.0,1480.0,1590.0
2025-07-22,1410.0,1590.0,1710.0
2025-07-23,1640.0,1670.0,1720.0
2025-07-24,1540.0,1640.0,1730.0
2025-07-25,1680.0,1730.0,1860.0
2025-07-26,1820.0,1910.0,2140.0
2025-07-27,2140.0,3110.0,4220.0
2025-07-28,2910.0,3440.0,4110.0
2025-07-29,2900.0,4180.0,5420.0
2025-07-30,3510.0,4210.0,5060.0
2025-07-31,2800.0,3040.0,3510.0
2025-08-01,2420.0,2610.0,2820.0
2025-08-02,2200.0,2330.0,2670.0
2025-08-03,2320.0,2650.0,2920.0
2025-08-04,2670.0,2800.0,2890.0
2025-08-05,2390.0,2580.0,2780.0
2025-08-06,2160.0,2300.0,2500.0
2025-08-07,2020.0,2150.0,2290.0
2025-08-08,1780.0,1930.0,2120.0
2025-08-09,1600.0,1770.0,2050.0
2025-08-10,1420.0,1600.0,1750.0
2025-08-11,1410.0,1520.0,1620.0
2025-08-12,1370.0,1460.0,1570.0
2025-08-13,1290.0,1400.0,1480.0
2025-08-14,1250.0,1370.0,1440.0
2025-08-15,1220.0,1350.0,1460.0
2025-08-16,1220.0,1280.0,1350.0
2025-08-17,1180.0,1280.0,1350.0
2025-08-18,1190.0,1260.0,1330.0
2025-08-19,1200.0,1260.0,1330.0
2025-08-20,1150.0,1220.0,1320.0
2025-08-21,1220.0,1270.0,1350.0
2025-08-22,1320.0,1840.0,2550.0
2025-08-23,1800.0,2160.0,2610.0
2025-08-24,1450.0,1640.0,1820.0
2025-08-25,1360.0,1470.0,1620.0
2025-08-26,1340.0,1370.0,1420.0
2025-08-27,1130.0,1280.0,1340.0
2025-08-28,1170.0,1220.0,1320.0
2025-08-29,1200.0,1250.0,1400.0
2025-08-30,1390.0,1480.0,1540.0
2025-08-31,1330.0,1430.0,1550.0
2025-09-01,1120.0,1240.0,1340.0
2025-09-02,1120.0,1170.0,1230.0
2025-09-03,1160.0,1200.0,1260.0
2025-09-04,1120.0,1180.0,1240.0
2025-09-05,1070.0,1130.0,1190.0
2025-09-06,1120.0,1290.0,1500.0
2025-09-07,1260.0,1390.0,1590.0
2025-09-08,1120.0,1200.0,1320.0
2025-09-09,1110.0,1190.0,1300.0
2025-09-10,1190.0,1260.0,1360.0
2025-09-11,1290.0,1360.0,1470.0
2025-09-12,1280.0,1360.0,1450.0
2025-09-13,1200.0,1280.0,1350.0
2025-09-14,1140.0,1210.0,1270.0
2025-09-15,1190.0,1230.0,1290.0
2025-09-16,1240.0,1300.0,1380.0
2025-09-17,1360.0,1560.0,1710.0
2025-09-18,1190.0,1290.0,1440.0
2025-09-19,1130.0,1210.0,1300.0
2025-09-20,1030.0,1120.0,1210.0
2025-09-21,916.0,1040.0,1120.0
2025-09-22,954.0,1000.0,1060.0
2025-09-23,972.0,1040.0,1130.0
2025-09-24,1070.0,1110.0,1170.0
2025-09-25,1040.0,1080.0,1170.0
2025-09-26,1120.0,1200.0,1280.0
2025-09-27,1230.0,1260.0,1300.0
2025-09-28,1120.0,1190.0,1270.0
2025-09-29,1070.0,1110.0,1160.0
2025-09-30,1070.0,1100.0,1160.0
2025-10-01,1030.0,1110.0,1180.0
2025-10-02,1080.0,1110.0,1170.0
2025-10-03,1020.0,1070.0,1140.0
2025-10-04,1000.0,1030.0,1090.0
2025-10-05,898.0,976.0,1040.0
2025-10-06,944.0,1070.0,1270.0
2025-10-07,1270.0,1630.0,2050.0
2025-10-08,1810.0,2030.0,2210.0
2025-10-09,1560.0,1680.0,1830.0
2025-10-10,1490.0,1550.0,1600.0
2025-10-11,1320.0,1440.0,1560.0
2025-10-12,1120.0,1240.0,1330.0
2025-10-13,1070.0,1120.0,1190.0
2025-10-14,1070.0,1110.0,1170.0
2025-10-15,1070.0,1120.0,1170.0
2025-10-16,1030.0,1090.0,1140.0
2025-10-17,1020.0,1060.0,1140.0
2025-10-18,972.0,1020.0,1060.0
2025-10-19,926.0,970.0,1030.0
2025-10-20,889.0,939.0,972.0
2025-10-21,916.0,969.0,1010.0
2025-10-22,935.0,968.0,1020.0
2025-10-23,889.0,957.0,1100.0
2025-10-24,1020.0,1100.0,1290.0
2025-10-25,1100.0,1160.0,1290.0
2025-10-26,1020.0,1100.0,1170.0
2025-10-27,1010.0,1060.0,1150.0
2025-10-28,1130.0,1260.0,1540.0
2025-10-29,1390.0,1460.0,1570.0
2025-10-30,1340.0,1390.0,1420.0
2025-10-31,1280.0,1330.0,1410.0
2025-11-01,1220.0,1260.0,1320.0
2025-11-02,1180.0,1210.0,1270.0
2025-11-03,1190.0,1460.0,1940.0
2025-11-04,1640.0,1820.0,2020.0
2025-11-05,1500.0,1580.0,1690.0
2025-11-06,1370.0,1430.0,1590.0
2025-11-07,1220.0,1280.0,1390.0
2025-11-08,1080.0,1170.0,1310.0
2025-11-09,1070.0,1110.0,1190.0
2025-11-10,1070.0,1140.0,1270.0
2025-11-11,1020.0,1150.0,1270.0
2025-11-12,1060.0,1150.0,1260.0
2025-11-13,1060.0,1110.0,1150.0
2025-11-14,1050.0,1080.0,1110.0
2025-11-15,1040.0,1070.0,1110.0
2025-11-16,963.0,1020.0,1070.0
2025-11-17,954.0,991.0,1030.0
2025-11-18,1020.0,1240.0,1400.0
2025-11-19,1160.0,1210.0,1260.0
2025-11-20,1070.0,1130.0,1190.0
2025-11-21,1040.0,1080.0,1120.0
2025-11-22,1010.0,1060.0,1110.0
2025-11-23,916.0,959.0,1040.0
2025-11-24,889.0,936.0,1010.0
2025-11-25,907.0,987.0,1080.0
2025-11-26,1080.0,1230.0,1330.0
2025-11-27,1290.0,1330.0,1390.0
2025-11-28,1180.0,1260.0,1400.0
2025-11-29,1130.0,1180.0,1240.0
2025-11-30,1060.0,1110.0,1180.0
2025-12-01,1050.0,1080.0,1100.0
2025-12-02,1050.0,1160.0,1270.0
2025-12-03,1180.0,1230.0,1280.0
2025-12-04,1160.0,1220.0,1290.0
2025-12-05,1090.0,1160.0,1270.0
2025-12-06,1070.0,1120.0,1180.0
2025-12-07,972.0,1040.0,1170.0
2025-12-08,935.0,1030.0,1260.0
2025-12-09,1260.0,1600.0,1740.0
2025-12-10,1530.0,1580.0,1650.0
2025-12-11,1360.0,1450.0,1560.0
2025-12-12,1270.0,1330.0,1470.0
2025-12-13,1130.0,1200.0,1300.0
2025-12-14,1050.0,1120.0,1240.0
2025-12-15,1010.0,1060.0,1110.0
2025-12-16,981.0,1030.0,1110.0
2025-12-17,1080.0,1120.0,1150.0
2025-12-18,1020.0,1050.0,1120.0
2025-12-19,991.0,1020.0,1070.0
2025-12-20,898.0,967.0,1050.0
2025-12-21,889.0,925.0,972.0
2025-12-22,907.0,952.0,1010.0
2025-12-23,870.0,913.0,954.0
2025-12-24,880.0,908.0,954.0
2025-12-25,825.0,865.0,926.0
2025-12-26,807.0,840.0,889.0
2025-12-27,816.0,839.0,880.0
2025-12-28,762.0,792.0,834.0
2025-12-29,780.0,820.0,861.0
2025-12-30,771.0,804.0,834.0
2025-12-31,762.0,792.0,825.0
2026-01-01,762.0,787.0,816.0
2026-01-02,762.0,806.0,843.0
2026-01-03,735.0,781.0,816.0
2026-01-04,726.0,771.0,816.0
2026-01-05,735.0,775.0,816.0
2026-01-06,780.0,847.0,898.0
2026-01-07,834.0,866.0,898.0
2026-01-08,780.0,812.0,852.0
2026-01-09,780.0,846.0,935.0
2026-01-10,880.0,913.0,944.0
2026-01-11,789.0,833.0,916.0
2026-01-12,771.0,804.0,870.0
2026-01-13,870.0,905.0,991.0
2026-01-14,972.0,1020.0,1080.0
2026-01-15,935.0,990.0,1050.0
2026-01-16,954.0,989.0,1030.0
2026-01-17,916.0,950.0,1000.0
2026-01-18,843.0,885.0,926.0
2026-01-19,843.0,882.0,916.0
2026-01-20,843.0,874.0,926.0
2026-01-21,825.0,864.0,898.0
2026-01-22,834.0,869.0,898.0
2026-01-23,825.0,892.0,935.0
2026-01-24,834.0,865.0,916.0
2026-01-25,762.0,798.0,861.0
2026-01-26,762.0,781.0,825.0
2026-01-27,780.0,817.0,889.0
2026-01-28,816.0,842.0,870.0
2026-01-29,816.0,852.0,898.0
2026-01-30,780.0,821.0,852.0
2026-01-31,753.0,806.0,870.0
2026-02-01,753.0,780.0,825.0
2026-02-02,762.0,787.0,825.0
2026-02-03,771.0,792.0,807.0
2026-02-04,780.0,809.0,843.0
2026-02-05,762.0,791.0,834.0
2026-02-06,798.0,823.0,870.0
2026-02-07,798.0,836.0,898.0
2026-02-08,861.0,903.0,944.0
2026-02-09,916.0,936.0,981.0
2026-02-10,981.0,1010.0,1060.0
2026-02-11,972.0,1010.0,1070.0
2026-02-12,1010.0,1050.0,1170.0
2026-02-13,1170.0,1240.0,1520.0
2026-02-14,1520.0,1630.0,1690.0
2026-02-15,1490.0,1580.0,1650.0
2026-02-16,1440.0,1480.0,1550.0
2026-02-17,1480.0,1540.0,1640.0
2026-02-18,1640.0,1770.0,1850.0
2026-02-19,1590.0,1690.0,1790.0
2026-02-20,1490.0,1520.0,1590.0
2026-02-21,1440.0,1480.0,1510.0
2026-02-22,1510.0,1960.0,2490.0
2026-02-23,2490.0,2910.0,3340.0
2026-02-24,3260.0,3690.0,4550.0
2026-02-25,3660.0,4110.0,4510.0
2026-02-26,3390.0,3520.0,3660.0
2026-02-27,2960.0,3180.0,3400.0
2026-02-28,2480.0,2680.0,2960.0
2026-03-01,2120.0,2280.0,2480.0
2026-03-02,1950.0,2050.0,2130.0
2026-03-03,1820.0,1900.0,1990.0
2026-03-04,1740.0,1800.0,1850.0
2026-03-05,1630.0,1720.0,1810.0
2026-03-06,1510.0,1600.0,1660.0
2026-03-07,1400.0,1480.0,1550.0
2026-03-08,1360.0,1410.0,1470.0
2026-03-09,1300.0,1360.0,1420.0
2026-03-10,1290.0,1350.0,1410.0
2026-03-11,1270.0,1320.0,1380.0
2026-03-12,1230.0,1270.0,1310.0
2026-03-13,1220.0,1240.0,1280.0
2026-03-14,1180.0,1250.0,1330.0
2026-03-15,1130.0,1180.0,1250.0
2026-03-16,1130.0,1170.0,1230.0
2026-03-17,1100.0,1130.0,1170.0
2026-03-18,1090.0,1130.0,1180.0
2026-03-19,1070.0,1120.0,1190.0
2026-03-20,1070.0,1100.0,1150.0
2026-03-21,1030.0,1090.0,1140.0
2026-03-22,972.0,1020.0,1070.0
2026-03-23,954.0,986.0,1040.0
2026-03-24,963.0,995.0,1070.0
2026-03-25,954.0,975.0,1010.0
2026-03-26,935.0,984.0,1040.0
2026-03-27,1000.0,1020.0,1060.0
