time;PPV
20230101:0010;0
20230101:0110;0
20230101:0210;0
20230101:0310;0
20230101:0410;0
20230101:0510;0
20230101:0610;0
20230101:0710;73.44
20230101:0810;317.16
20230101:0910;422.92
20230101:1010;377.62
20230101:1110;535.32
20230101:1210;497.71
20230101:1310;341.11
20230101:1410;144.71
20230101:1510;0
20230101:1610;0
20230101:1710;0
20230101:1810;0
20230101:1910;0
20230101:2010;0
20230101:2110;0
20230101:2210;0
20230101:2310;0
20230102:0010;0
20230102:0110;0
20230102:0210;0
20230102:0310;0
20230102:0410;0
20230102:0510;0
20230102:0610;0
20230102:0710;0.43
20230102:0810;95.17
20230102:0910;102.12
20230102:1010;105.9
20230102:1110;117.85
20230102:1210;58.12
20230102:1310;41.36
20230102:1410;13.8
20230102:1510;0
20230102:1610;0
20230102:1710;0
20230102:1810;0
20230102:1910;0
20230102:2010;0
20230102:2110;0
20230102:2210;0
20230102:2310;0
20230103:0010;0
20230103:0110;0
20230103:0210;0
20230103:0310;0
20230103:0410;0
20230103:0510;0
20230103:0610;0
20230103:0710;0
20230103:0810;23.98
20230103:0910;147.84
20230103:1010;70.85
20230103:1110;113.36
20230103:1210;47.96
20230103:1310;93.09
20230103:1410;36.37
20230103:1510;0
20230103:1610;0
20230103:1710;0
20230103:1810;0
20230103:1910;0
20230103:2010;0
20230103:2110;0
20230103:2210;0
20230103:2310;0
20230104:0010;0
20230104:0110;0
20230104:0210;0
20230104:0310;0
20230104:0410;0
20230104:0510;0
20230104:0610;0
20230104:0710;72.43
20230104:0810;308.5
20230104:0910;474.16
20230104:1010;575.77
20230104:1110;562.33
20230104:1210;512.83
20230104:1310;332.6
20230104:1410;168.27
20230104:1510;0
20230104:1610;0
20230104:1710;0
20230104:1810;0
20230104:1910;0
20230104:2010;0
20230104:2110;0
20230104:2210;0
20230104:2310;0
20230105:0010;0
20230105:0110;0
20230105:0210;0
20230105:0310;0
20230105:0410;0
20230105:0510;0
20230105:0610;0
20230105:0710;86.71
20230105:0810;53.23
20230105:0910;113.75
20230105:1010;153
20230105:1110;20.37
20230105:1210;218.2
20230105:1310;278.84
20230105:1410;240.99
20230105:1510;0
20230105:1610;0
20230105:1710;0
20230105:1810;0
20230105:1910;0
20230105:2010;0
20230105:2110;0
20230105:2210;0
20230105:2310;0
20230106:0010;0
20230106:0110;0
20230106:0210;0
20230106:0310;0
20230106:0410;0
20230106:0510;0
20230106:0610;0
20230106:0710;0.8
20230106:0810;54.88
20230106:0910;104.82
20230106:1010;323.98
20230106:1110;395.02
20230106:1210;476.96
20230106:1310;256.54
20230106:1410;164
20230106:1510;0
20230106:1610;0
20230106:1710;0
20230106:1810;0
20230106:1910;0
20230106:2010;0
20230106:2110;0
20230106:2210;0
20230106:2310;0
20230107:0010;0
20230107:0110;0
20230107:0210;0
20230107:0310;0
20230107:0410;0
20230107:0510;0
20230107:0610;0
20230107:0710;68.48
20230107:0810;309.63
20230107:0910;474.17
20230107:1010;313.37
20230107:1110;428.83
20230107:1210;483.61
20230107:1310;99.69
20230107:1410;233.23
20230107:1510;0
20230107:1610;0
20230107:1710;0
20230107:1810;0
20230107:1910;0
20230107:2010;0
20230107:2110;0
20230107:2210;0
20230107:2310;0
20230108:0010;0
20230108:0110;0
20230108:0210;0
20230108:0310;0
20230108:0410;0
20230108:0510;0
20230108:0610;0
20230108:0710;0
20230108:0810;42.07
20230108:0910;380.65
20230108:1010;42.17
20230108:1110;21.21
20230108:1210;33.27
20230108:1310;49.22
20230108:1410;6.72
20230108:1510;0
20230108:1610;0
20230108:1710;0
20230108:1810;0
20230108:1910;0
20230108:2010;0
20230108:2110;0
20230108:2210;0
20230108:2310;0
20230109:0010;0
20230109:0110;0
20230109:0210;0
20230109:0310;0
20230109:0410;0
20230109:0510;0
20230109:0610;0
20230109:0710;13.27
20230109:0810;58.7
20230109:0910;22.35
20230109:1010;70.96
20230109:1110;121.86
20230109:1210;149.13
20230109:1310;42.36
20230109:1410;13.83
20230109:1510;0
20230109:1610;0
20230109:1710;0
20230109:1810;0
20230109:1910;0
20230109:2010;0
20230109:2110;0
20230109:2210;0
20230109:2310;0
20230110:0010;0
20230110:0110;0
20230110:0210;0
20230110:0310;0
20230110:0410;0
20230110:0510;0
20230110:0610;0
20230110:0710;0.41
20230110:0810;28.7
20230110:0910;79.57
20230110:1010;143.62
20230110:1110;279.72
20230110:1210;472.44
20230110:1310;381.54
20230110:1410;32.67
20230110:1510;0
20230110:1610;0
20230110:1710;0
20230110:1810;0
20230110:1910;0
20230110:2010;0
20230110:2110;0
20230110:2210;0
20230110:2310;0
20230111:0010;0
20230111:0110;0
20230111:0210;0
20230111:0310;0
20230111:0410;0
20230111:0510;0
20230111:0610;0
20230111:0710;65.57
20230111:0810;341.19
20230111:0910;360.57
20230111:1010;328.77
20230111:1110;150.12
20230111:1210;97.23
20230111:1310;67.4
20230111:1410;37.86
20230111:1510;0
20230111:1610;0
20230111:1710;0
20230111:1810;0
20230111:1910;0
20230111:2010;0
20230111:2110;0
20230111:2210;0
20230111:2310;0
20230112:0010;0
20230112:0110;0
20230112:0210;0
20230112:0310;0
20230112:0410;0
20230112:0510;0
20230112:0610;0
20230112:0710;105.57
20230112:0810;322.71
20230112:0910;495.6
20230112:1010;568
20230112:1110;461.97
20230112:1210;530.26
20230112:1310;428.04
20230112:1410;143.31
20230112:1510;0
20230112:1610;0
20230112:1710;0
20230112:1810;0
20230112:1910;0
20230112:2010;0
20230112:2110;0
20230112:2210;0
20230112:2310;0
20230113:0010;0
20230113:0110;0
20230113:0210;0
20230113:0310;0
20230113:0410;0
20230113:0510;0
20230113:0610;0
20230113:0710;0.84
20230113:0810;159.21
20230113:0910;94.01
20230113:1010;70.87
20230113:1110;204.6
20230113:1210;230.13
20230113:1310;181.39
20230113:1410;19.92
20230113:1510;0
20230113:1610;0
20230113:1710;0
20230113:1810;0
20230113:1910;0
20230113:2010;0
20230113:2110;0
20230113:2210;0
20230113:2310;0
20230114:0010;0
20230114:0110;0
20230114:0210;0
20230114:0310;0
20230114:0410;0
20230114:0510;0
20230114:0610;0
20230114:0710;96.95
20230114:0810;369.59
20230114:0910;495.07
20230114:1010;606.84
20230114:1110;616.83
20230114:1210;551.86
20230114:1310;468.68
20230114:1410;220.6
20230114:1510;0
20230114:1610;0
20230114:1710;0
20230114:1810;0
20230114:1910;0
20230114:2010;0
20230114:2110;0
20230114:2210;0
20230114:2310;0
20230115:0010;0
20230115:0110;0
20230115:0210;0
20230115:0310;0
20230115:0410;0
20230115:0510;0
20230115:0610;0
20230115:0710;1.73
20230115:0810;42.98
20230115:0910;128.73
20230115:1010;45.78
20230115:1110;23.16
20230115:1210;11.75
20230115:1310;13.79
20230115:1410;8.53
20230115:1510;0
20230115:1610;0
20230115:1710;0
20230115:1810;0
20230115:1910;0
20230115:2010;0
20230115:2110;0
20230115:2210;0
20230115:2310;0
20230116:0010;0
20230116:0110;0
20230116:0210;0
20230116:0310;0
20230116:0410;0
20230116:0510;0
20230116:0610;0
20230116:0710;20.06
20230116:0810;222.8
20230116:0910;269.86
20230116:1010;371.75
20230116:1110;249.27
20230116:1210;114.72
20230116:1310;24.94
20230116:1410;9.96
20230116:1510;0
20230116:1610;0
20230116:1710;0
20230116:1810;0
20230116:1910;0
20230116:2010;0
20230116:2110;0
20230116:2210;0
20230116:2310;0
20230117:0010;0
20230117:0110;0
20230117:0210;0
20230117:0310;0
20230117:0410;0
20230117:0510;0
20230117:0610;0
20230117:0710;102.54
20230117:0810;91.54
20230117:0910;67.35
20230117:1010;221.03
20230117:1110;130.85
20230117:1210;130.44
20230117:1310;113.93
20230117:1410;61.11
20230117:1510;0
20230117:1610;0
20230117:1710;0
20230117:1810;0
20230117:1910;0
20230117:2010;0
20230117:2110;0
20230117:2210;0
20230117:2310;0
20230118:0010;0
20230118:0110;0
20230118:0210;0
20230118:0310;0
20230118:0410;0
20230118:0510;0
20230118:0610;0
20230118:0710;9.37
20230118:0810;370.81
20230118:0910;241.36
20230118:1010;85.98
20230118:1110;21.75
20230118:1210;444.91
20230118:1310;445.23
20230118:1410;316.22
20230118:1510;0
20230118:1610;0
20230118:1710;0
20230118:1810;0
20230118:1910;0
20230118:2010;0
20230118:2110;0
20230118:2210;0
20230118:2310;0
20230119:0010;0
20230119:0110;0
20230119:0210;0
20230119:0310;0
20230119:0410;0
20230119:0510;0
20230119:0610;0
20230119:0710;9.99
20230119:0810;48.48
20230119:0910;114.93
20230119:1010;329.75
20230119:1110;298.86
20230119:1210;41.68
20230119:1310;59.64
20230119:1410;33.37
20230119:1510;0
20230119:1610;0
20230119:1710;0
20230119:1810;0
20230119:1910;0
20230119:2010;0
20230119:2110;0
20230119:2210;0
20230119:2310;0
20230120:0010;0
20230120:0110;0
20230120:0210;0
20230120:0310;0
20230120:0410;0
20230120:0510;0
20230120:0610;0
20230120:0710;30.85
20230120:0810;252.09
20230120:0910;179.35
20230120:1010;397.15
20230120:1110;336.77
20230120:1210;414.86
20230120:1310;157.05
20230120:1410;150.2
20230120:1510;0
20230120:1610;0
20230120:1710;0
20230120:1810;0
20230120:1910;0
20230120:2010;0
20230120:2110;0
20230120:2210;0
20230120:2310;0
20230121:0010;0
20230121:0110;0
20230121:0210;0
20230121:0310;0
20230121:0410;0
20230121:0510;0
20230121:0610;0
20230121:0710;0
20230121:0810;31.92
20230121:0910;90.29
20230121:1010;68.23
20230121:1110;272.64
20230121:1210;59.54
20230121:1310;34.07
20230121:1410;16.48
20230121:1510;0
20230121:1610;0
20230121:1710;0
20230121:1810;0
20230121:1910;0
20230121:2010;0
20230121:2110;0
20230121:2210;0
20230121:2310;0
20230122:0010;0
20230122:0110;0
20230122:0210;0
20230122:0310;0
20230122:0410;0
20230122:0510;0
20230122:0610;0
20230122:0710;5.73
20230122:0810;27.98
20230122:0910;27.15
20230122:1010;44.77
20230122:1110;47.99
20230122:1210;67.16
20230122:1310;99.33
20230122:1410;32.49
20230122:1510;0
20230122:1610;0
20230122:1710;0
20230122:1810;0
20230122:1910;0
20230122:2010;0
20230122:2110;0
20230122:2210;0
20230122:2310;0
20230123:0010;0
20230123:0110;0
20230123:0210;0
20230123:0310;0
20230123:0410;0
20230123:0510;0
20230123:0610;0
20230123:0710;2.3
20230123:0810;6.3
20230123:0910;20.9
20230123:1010;97.8
20230123:1110;16.39
20230123:1210;44.25
20230123:1310;99.92
20230123:1410;17.02
20230123:1510;0
20230123:1610;0
20230123:1710;0
20230123:1810;0
20230123:1910;0
20230123:2010;0
20230123:2110;0
20230123:2210;0
20230123:2310;0
20230124:0010;0
20230124:0110;0
20230124:0210;0
20230124:0310;0
20230124:0410;0
20230124:0510;0
20230124:0610;0
20230124:0710;6.26
20230124:0810;8.79
20230124:0910;69.72
20230124:1010;62.21
20230124:1110;57.13
20230124:1210;43.18
20230124:1310;37.55
20230124:1410;45.37
20230124:1510;0
20230124:1610;0
20230124:1710;0
20230124:1810;0
20230124:1910;0
20230124:2010;0
20230124:2110;0
20230124:2210;0
20230124:2310;0
20230125:0010;0
20230125:0110;0
20230125:0210;0
20230125:0310;0
20230125:0410;0
20230125:0510;0
20230125:0610;0
20230125:0710;14.18
20230125:0810;59.82
20230125:0910;56.57
20230125:1010;42.55
20230125:1110;47.33
20230125:1210;37.55
20230125:1310;40.74
20230125:1410;16.25
20230125:1510;0
20230125:1610;0
20230125:1710;0
20230125:1810;0
20230125:1910;0
20230125:2010;0
20230125:2110;0
20230125:2210;0
20230125:2310;0
20230126:0010;0
20230126:0110;0
20230126:0210;0
20230126:0310;0
20230126:0410;0
20230126:0510;0
20230126:0610;0
20230126:0710;13.38
20230126:0810;37.95
20230126:0910;36.3
20230126:1010;34.61
20230126:1110;39.29
20230126:1210;35.33
20230126:1310;28.29
20230126:1410;12.81
20230126:1510;0
20230126:1610;0
20230126:1710;0
20230126:1810;0
20230126:1910;0
20230126:2010;0
20230126:2110;0
20230126:2210;0
20230126:2310;0
20230127:0010;0
20230127:0110;0
20230127:0210;0
20230127:0310;0
20230127:0410;0
20230127:0510;0
20230127:0610;0
20230127:0710;28.75
20230127:0810;37.7
20230127:0910;96.59
20230127:1010;62.11
20230127:1110;136.36
20230127:1210;104.77
20230127:1310;137.59
20230127:1410;35.67
20230127:1510;1.13
20230127:1610;0
20230127:1710;0
20230127:1810;0
20230127:1910;0
20230127:2010;0
20230127:2110;0
20230127:2210;0
20230127:2310;0
20230128:0010;0
20230128:0110;0
20230128:0210;0
20230128:0310;0
20230128:0410;0
20230128:0510;0
20230128:0610;0
20230128:0710;7.61
20230128:0810;117.42
20230128:0910;55.63
20230128:1010;29.5
20230128:1110;152.34
20230128:1210;51.39
20230128:1310;29.46
20230128:1410;29.45
20230128:1510;10.81
20230128:1610;0
20230128:1710;0
20230128:1810;0
20230128:1910;0
20230128:2010;0
20230128:2110;0
20230128:2210;0
20230128:2310;0
20230129:0010;0
20230129:0110;0
20230129:0210;0
20230129:0310;0
20230129:0410;0
20230129:0510;0
20230129:0610;0
20230129:0710;21.87
20230129:0810;63.03
20230129:0910;55.01
20230129:1010;137.01
20230129:1110;167.54
20230129:1210;382.72
20230129:1310;167.59
20230129:1410;88.19
20230129:1510;7.58
20230129:1610;0
20230129:1710;0
20230129:1810;0
20230129:1910;0
20230129:2010;0
20230129:2110;0
20230129:2210;0
20230129:2310;0
20230130:0010;0
20230130:0110;0
20230130:0210;0
20230130:0310;0
20230130:0410;0
20230130:0510;0
20230130:0610;0
20230130:0710;22.38
20230130:0810;58.97
20230130:0910;85.67
20230130:1010;382.96
20230130:1110;504.9
20230130:1210;580.47
20230130:1310;62.61
20230130:1410;16.89
20230130:1510;2
20230130:1610;0
20230130:1710;0
20230130:1810;0
20230130:1910;0
20230130:2010;0
20230130:2110;0
20230130:2210;0
20230130:2310;0
20230131:0010;0
20230131:0110;0
20230131:0210;0
20230131:0310;0
20230131:0410;0
20230131:0510;0
20230131:0610;0
20230131:0710;10.76
20230131:0810;430.19
20230131:0910;62.17
20230131:1010;148.94
20230131:1110;340.25
20230131:1210;207.4
20230131:1310;174.57
20230131:1410;72.76
20230131:1510;1.52
20230131:1610;0
20230131:1710;0
20230131:1810;0
20230131:1910;0
20230131:2010;0
20230131:2110;0
20230131:2210;0
20230131:2310;0
20230201:0010;0
20230201:0110;0
20230201:0210;0
20230201:0310;0
20230201:0410;0
20230201:0510;0
20230201:0610;0
20230201:0710;3.82
20230201:0810;40.54
20230201:0910;50.05
20230201:1010;198.38
20230201:1110;196.56
20230201:1210;105.71
20230201:1310;564.18
20230201:1410;387.67
20230201:1510;10.44
20230201:1610;0
20230201:1710;0
20230201:1810;0
20230201:1910;0
20230201:2010;0
20230201:2110;0
20230201:2210;0
20230201:2310;0
20230202:0010;0
20230202:0110;0
20230202:0210;0
20230202:0310;0
20230202:0410;0
20230202:0510;0
20230202:0610;0
20230202:0710;69.37
20230202:0810;221
20230202:0910;87.76
20230202:1010;56.49
20230202:1110;160.74
20230202:1210;97.55
20230202:1310;42.62
20230202:1410;36.39
20230202:1510;9.88
20230202:1610;0
20230202:1710;0
20230202:1810;0
20230202:1910;0
20230202:2010;0
20230202:2110;0
20230202:2210;0
20230202:2310;0
20230203:0010;0
20230203:0110;0
20230203:0210;0
20230203:0310;0
20230203:0410;0
20230203:0510;0
20230203:0610;0
20230203:0710;28.04
20230203:0810;73.79
20230203:0910;76.99
20230203:1010;236.01
20230203:1110;109.18
20230203:1210;45.59
20230203:1310;35.4
20230203:1410;13.21
20230203:1510;4.33
20230203:1610;0
20230203:1710;0
20230203:1810;0
20230203:1910;0
20230203:2010;0
20230203:2110;0
20230203:2210;0
20230203:2310;0
20230204:0010;0
20230204:0110;0
20230204:0210;0
20230204:0310;0
20230204:0410;0
20230204:0510;0
20230204:0610;0
20230204:0710;42.37
20230204:0810;86.67
20230204:0910;424.79
20230204:1010;135.09
20230204:1110;52.46
20230204:1210;152.14
20230204:1310;223.52
20230204:1410;33.74
20230204:1510;10.08
20230204:1610;0
20230204:1710;0
20230204:1810;0
20230204:1910;0
20230204:2010;0
20230204:2110;0
20230204:2210;0
20230204:2310;0
20230205:0010;0
20230205:0110;0
20230205:0210;0
20230205:0310;0
20230205:0410;0
20230205:0510;0
20230205:0610;0
20230205:0710;206.01
20230205:0810;431.23
20230205:0910;608.19
20230205:1010;683.4
20230205:1110;492.42
20230205:1210;262.16
20230205:1310;143.99
20230205:1410;161.39
20230205:1510;166.38
20230205:1610;0
20230205:1710;0
20230205:1810;0
20230205:1910;0
20230205:2010;0
20230205:2110;0
20230205:2210;0
20230205:2310;0
20230206:0010;0
20230206:0110;0
20230206:0210;0
20230206:0310;0
20230206:0410;0
20230206:0510;0
20230206:0610;0
20230206:0710;0
20230206:0810;52.82
20230206:0910;252.39
20230206:1010;602.69
20230206:1110;721.17
20230206:1210;580.43
20230206:1310;353.46
20230206:1410;309.14
20230206:1510;193.72
20230206:1610;0
20230206:1710;0
20230206:1810;0
20230206:1910;0
20230206:2010;0
20230206:2110;0
20230206:2210;0
20230206:2310;0
20230207:0010;0
20230207:0110;0
20230207:0210;0
20230207:0310;0
20230207:0410;0
20230207:0510;0
20230207:0610;0
20230207:0710;204.56
20230207:0810;431.55
20230207:0910;619.11
20230207:1010;726.95
20230207:1110;744.49
20230207:1210;710.59
20230207:1310;594.54
20230207:1410;335.46
20230207:1510;180.54
20230207:1610;0
20230207:1710;0
20230207:1810;0
20230207:1910;0
20230207:2010;0
20230207:2110;0
20230207:2210;0
20230207:2310;0
20230208:0010;0
20230208:0110;0
20230208:0210;0
20230208:0310;0
20230208:0410;0
20230208:0510;0
20230208:0610;0
20230208:0710;212.15
20230208:0810;430.36
20230208:0910;259.28
20230208:1010;96.84
20230208:1110;365.82
20230208:1210;681.38
20230208:1310;586.17
20230208:1410;341.66
20230208:1510;194.86
20230208:1610;0
20230208:1710;0
20230208:1810;0
20230208:1910;0
20230208:2010;0
20230208:2110;0
20230208:2210;0
20230208:2310;0
20230209:0010;0
20230209:0110;0
20230209:0210;0
20230209:0310;0
20230209:0410;0
20230209:0510;0
20230209:0610;0
20230209:0710;219.85
20230209:0810;449.06
20230209:0910;623.65
20230209:1010;731.72
20230209:1110;746.82
20230209:1210;704.07
20230209:1310;609.5
20230209:1410;354.87
20230209:1510;207.22
20230209:1610;0
20230209:1710;0
20230209:1810;0
20230209:1910;0
20230209:2010;0
20230209:2110;0
20230209:2210;0
20230209:2310;0
20230210:0010;0
20230210:0110;0
20230210:0210;0
20230210:0310;0
20230210:0410;0
20230210:0510;0
20230210:0610;0
20230210:0710;214.58
20230210:0810;437.43
20230210:0910;602.74
20230210:1010;719.2
20230210:1110;727.91
20230210:1210;687.04
20230210:1310;575.45
20230210:1410;212.16
20230210:1510;196.94
20230210:1610;0
20230210:1710;0
20230210:1810;0
20230210:1910;0
20230210:2010;0
20230210:2110;0
20230210:2210;0
20230210:2310;0
20230211:0010;0
20230211:0110;0
20230211:0210;0
20230211:0310;0
20230211:0410;0
20230211:0510;0
20230211:0610;0
20230211:0710;62.7
20230211:0810;33.73
20230211:0910;384.59
20230211:1010;345.77
20230211:1110;379.06
20230211:1210;246.54
20230211:1310;176.9
20230211:1410;72.41
20230211:1510;33.74
20230211:1610;0
20230211:1710;0
20230211:1810;0
20230211:1910;0
20230211:2010;0
20230211:2110;0
20230211:2210;0
20230211:2310;0
20230212:0010;0
20230212:0110;0
20230212:0210;0
20230212:0310;0
20230212:0410;0
20230212:0510;0
20230212:0610;0
20230212:0710;70.23
20230212:0810;139.73
20230212:0910;321.54
20230212:1010;664.16
20230212:1110;667.04
20230212:1210;414.53
20230212:1310;94.64
20230212:1410;86.53
20230212:1510;57.7
20230212:1610;0
20230212:1710;0
20230212:1810;0
20230212:1910;0
20230212:2010;0
20230212:2110;0
20230212:2210;0
20230212:2310;0
20230213:0010;0
20230213:0110;0
20230213:0210;0
20230213:0310;0
20230213:0410;0
20230213:0510;0
20230213:0610;0
20230213:0710;29.93
20230213:0810;53.59
20230213:0910;70.06
20230213:1010;53.47
20230213:1110;104.92
20230213:1210;59.53
20230213:1310;76.51
20230213:1410;63.88
20230213:1510;20.03
20230213:1610;0
20230213:1710;0
20230213:1810;0
20230213:1910;0
20230213:2010;0
20230213:2110;0
20230213:2210;0
20230213:2310;0
20230214:0010;0
20230214:0110;0
20230214:0210;0
20230214:0310;0
20230214:0410;0
20230214:0510;0
20230214:0610;0
20230214:0710;242.77
20230214:0810;93.68
20230214:0910;72.01
20230214:1010;75.83
20230214:1110;121.54
20230214:1210;75.3
20230214:1310;104.67
20230214:1410;100.71
20230214:1510;130.54
20230214:1610;0
20230214:1710;0
20230214:1810;0
20230214:1910;0
20230214:2010;0
20230214:2110;0
20230214:2210;0
20230214:2310;0
20230215:0010;0
20230215:0110;0
20230215:0210;0
20230215:0310;0
20230215:0410;0
20230215:0510;0
20230215:0610;0
20230215:0710;46.69
20230215:0810;70.05
20230215:0910;88.94
20230215:1010;104.33
20230215:1110;127.34
20230215:1210;105
20230215:1310;450.99
20230215:1410;406.48
20230215:1510;232.71
20230215:1610;0
20230215:1710;0
20230215:1810;0
20230215:1910;0
20230215:2010;0
20230215:2110;0
20230215:2210;0
20230215:2310;0
20230216:0010;0
20230216:0110;0
20230216:0210;0
20230216:0310;0
20230216:0410;0
20230216:0510;0
20230216:0610;0
20230216:0710;73.85
20230216:0810;211.74
20230216:0910;445.77
20230216:1010;537.62
20230216:1110;663.16
20230216:1210;656.93
20230216:1310;599.95
20230216:1410;312.53
20230216:1510;114.23
20230216:1610;0
20230216:1710;0
20230216:1810;0
20230216:1910;0
20230216:2010;0
20230216:2110;0
20230216:2210;0
20230216:2310;0
20230217:0010;0
20230217:0110;0
20230217:0210;0
20230217:0310;0
20230217:0410;0
20230217:0510;0
20230217:0610;0
20230217:0710;227.25
20230217:0810;307.16
20230217:0910;515.53
20230217:1010;160.44
20230217:1110;64.39
20230217:1210;56.52
20230217:1310;52.49
20230217:1410;35.28
20230217:1510;7.68
20230217:1610;0
20230217:1710;0
20230217:1810;0
20230217:1910;0
20230217:2010;0
20230217:2110;0
20230217:2210;0
20230217:2310;0
20230218:0010;0
20230218:0110;0
20230218:0210;0
20230218:0310;0
20230218:0410;0
20230218:0510;0
20230218:0610;0
20230218:0710;51.92
20230218:0810;144.98
20230218:0910;312.12
20230218:1010;243.59
20230218:1110;298.56
20230218:1210;374.68
20230218:1310;331.25
20230218:1410;271.94
20230218:1510;162.86
20230218:1610;0
20230218:1710;0
20230218:1810;0
20230218:1910;0
20230218:2010;0
20230218:2110;0
20230218:2210;0
20230218:2310;0
20230219:0010;0
20230219:0110;0
20230219:0210;0
20230219:0310;0
20230219:0410;0
20230219:0510;0
20230219:0610;0
20230219:0710;142.16
20230219:0810;129.56
20230219:0910;269.45
20230219:1010;718.94
20230219:1110;725.11
20230219:1210;33.68
20230219:1310;488.54
20230219:1410;54.13
20230219:1510;21.99
20230219:1610;0
20230219:1710;0
20230219:1810;0
20230219:1910;0
20230219:2010;0
20230219:2110;0
20230219:2210;0
20230219:2310;0
20230220:0010;0
20230220:0110;0
20230220:0210;0
20230220:0310;0
20230220:0410;0
20230220:0510;0
20230220:0610;0
20230220:0710;69.63
20230220:0810;456.12
20230220:0910;501.91
20230220:1010;300.01
20230220:1110;651.54
20230220:1210;539.88
20230220:1310;441.79
20230220:1410;135.99
20230220:1510;105.15
20230220:1610;0
20230220:1710;0
20230220:1810;0
20230220:1910;0
20230220:2010;0
20230220:2110;0
20230220:2210;0
20230220:2310;0
20230221:0010;0
20230221:0110;0
20230221:0210;0
20230221:0310;0
20230221:0410;0
20230221:0510;0
20230221:0610;0.03
20230221:0710;270.76
20230221:0810;484.67
20230221:0910;631.16
20230221:1010;724.55
20230221:1110;756.73
20230221:1210;678.79
20230221:1310;605.52
20230221:1410;418.75
20230221:1510;243.98
20230221:1610;0
20230221:1710;0
20230221:1810;0
20230221:1910;0
20230221:2010;0
20230221:2110;0
20230221:2210;0
20230221:2310;0
20230222:0010;0
20230222:0110;0
20230222:0210;0
20230222:0310;0
20230222:0410;0
20230222:0510;0
20230222:0610;0
20230222:0710;87.46
20230222:0810;141.37
20230222:0910;236.13
20230222:1010;346.25
20230222:1110;581.54
20230222:1210;634.08
20230222:1310;588.21
20230222:1410;378.92
20230222:1510;216.39
20230222:1610;0
20230222:1710;0
20230222:1810;0
20230222:1910;0
20230222:2010;0
20230222:2110;0
20230222:2210;0
20230222:2310;0
20230223:0010;0
20230223:0110;0
20230223:0210;0
20230223:0310;0
20230223:0410;0
20230223:0510;0
20230223:0610;0
20230223:0710;122.39
20230223:0810;240.28
20230223:0910;421.77
20230223:1010;659.49
20230223:1110;553.6
20230223:1210;649.37
20230223:1310;559.58
20230223:1410;242.11
20230223:1510;175.69
20230223:1610;0
20230223:1710;0
20230223:1810;0
20230223:1910;0
20230223:2010;0
20230223:2110;0
20230223:2210;0
20230223:2310;0
20230224:0010;0
20230224:0110;0
20230224:0210;0
20230224:0310;0
20230224:0410;0
20230224:0510;0
20230224:0610;4.44
20230224:0710;276.59
20230224:0810;307.87
20230224:0910;242.6
20230224:1010;590.48
20230224:1110;127.06
20230224:1210;128.38
20230224:1310;143.27
20230224:1410;152.18
20230224:1510;60.81
20230224:1610;0
20230224:1710;0
20230224:1810;0
20230224:1910;0
20230224:2010;0
20230224:2110;0
20230224:2210;0
20230224:2310;0
20230225:0010;0
20230225:0110;0
20230225:0210;0
20230225:0310;0
20230225:0410;0
20230225:0510;0
20230225:0610;13.91
20230225:0710;279.39
20230225:0810;530.53
20230225:0910;681.75
20230225:1010;784.6
20230225:1110;814.7
20230225:1210;700.08
20230225:1310;616.59
20230225:1410;457.39
20230225:1510;278.7
20230225:1610;0.29
20230225:1710;0
20230225:1810;0
20230225:1910;0
20230225:2010;0
20230225:2110;0
20230225:2210;0
20230225:2310;0
20230226:0010;0
20230226:0110;0
20230226:0210;0
20230226:0310;0
20230226:0410;0
20230226:0510;0
20230226:0610;1.8
20230226:0710;67.68
20230226:0810;377.63
20230226:0910;384.43
20230226:1010;567.21
20230226:1110;46.41
20230226:1210;260.11
20230226:1310;284.34
20230226:1410;116.25
20230226:1510;40.13
20230226:1610;0
20230226:1710;0
20230226:1810;0
20230226:1910;0
20230226:2010;0
20230226:2110;0
20230226:2210;0
20230226:2310;0
20230227:0010;0
20230227:0110;0
20230227:0210;0
20230227:0310;0
20230227:0410;0
20230227:0510;0
20230227:0610;7.36
20230227:0710;128.88
20230227:0810;253.43
20230227:0910;252.09
20230227:1010;409.64
20230227:1110;193.75
20230227:1210;157.64
20230227:1310;101.41
20230227:1410;45.01
20230227:1510;41.14
20230227:1610;0.7
20230227:1710;0
20230227:1810;0
20230227:1910;0
20230227:2010;0
20230227:2110;0
20230227:2210;0
20230227:2310;0
20230228:0010;0
20230228:0110;0
20230228:0210;0
20230228:0310;0
20230228:0410;0
20230228:0510;0
20230228:0610;39.67
20230228:0710;187.61
20230228:0810;356.56
20230228:0910;559.95
20230228:1010;714.22
20230228:1110;681.52
20230228:1210;403.45
20230228:1310;538.95
20230228:1410;440.02
20230228:1510;276.42
20230228:1610;2.48
20230228:1710;0
20230228:1810;0
20230228:1910;0
20230228:2010;0
20230228:2110;0
20230228:2210;0
20230228:2310;0
20230301:0010;0
20230301:0110;0
20230301:0210;0
20230301:0310;0
20230301:0410;0
20230301:0510;0
20230301:0610;9.8
20230301:0710;90.47
20230301:0810;164.69
20230301:0910;411.77
20230301:1010;315.94
20230301:1110;435.81
20230301:1210;210.66
20230301:1310;470.18
20230301:1410;357.25
20230301:1510;118.12
20230301:1610;1.51
20230301:1710;0
20230301:1810;0
20230301:1910;0
20230301:2010;0
20230301:2110;0
20230301:2210;0
20230301:2310;0
20230302:0010;0
20230302:0110;0
20230302:0210;0
20230302:0310;0
20230302:0410;0
20230302:0510;0
20230302:0610;36.16
20230302:0710;269.14
20230302:0810;499.95
20230302:0910;642.6
20230302:1010;735.25
20230302:1110;771.35
20230302:1210;715.31
20230302:1310;645.25
20230302:1410;478.43
20230302:1510;272.49
20230302:1610;4.98
20230302:1710;0
20230302:1810;0
20230302:1910;0
20230302:2010;0
20230302:2110;0
20230302:2210;0
20230302:2310;0
20230303:0010;0
20230303:0110;0
20230303:0210;0
20230303:0310;0
20230303:0410;0
20230303:0510;0
20230303:0610;14.73
20230303:0710;229.96
20230303:0810;512.27
20230303:0910;641.28
20230303:1010;714.68
20230303:1110;791.71
20230303:1210;754.9
20230303:1310;657.96
20230303:1410;496.56
20230303:1510;278.65
20230303:1610;7.85
20230303:1710;0
20230303:1810;0
20230303:1910;0
20230303:2010;0
20230303:2110;0
20230303:2210;0
20230303:2310;0
20230304:0010;0
20230304:0110;0
20230304:0210;0
20230304:0310;0
20230304:0410;0
20230304:0510;0
20230304:0610;43.71
20230304:0710;256.69
20230304:0810;524.5
20230304:0910;685.13
20230304:1010;778.91
20230304:1110;802.78
20230304:1210;741.32
20230304:1310;678.67
20230304:1410;509.72
20230304:1510;289.12
20230304:1610;8.46
20230304:1710;0
20230304:1810;0
20230304:1910;0
20230304:2010;0
20230304:2110;0
20230304:2210;0
20230304:2310;0
20230305:0010;0
20230305:0110;0
20230305:0210;0
20230305:0310;0
20230305:0410;0
20230305:0510;0
20230305:0610;13.6
20230305:0710;40.11
20230305:0810;95.74
20230305:0910;226.13
20230305:1010;428.17
20230305:1110;456.56
20230305:1210;278.07
20230305:1310;171.15
20230305:1410;41
20230305:1510;41.05
20230305:1610;1.08
20230305:1710;0
20230305:1810;0
20230305:1910;0
20230305:2010;0
20230305:2110;0
20230305:2210;0
20230305:2310;0
20230306:0010;0
20230306:0110;0
20230306:0210;0
20230306:0310;0
20230306:0410;0
20230306:0510;0
20230306:0610;6.95
20230306:0710;46.71
20230306:0810;159.54
20230306:0910;315.81
20230306:1010;354.69
20230306:1110;531.44
20230306:1210;524.32
20230306:1310;337.11
20230306:1410;280.87
20230306:1510;142.18
20230306:1610;5.58
20230306:1710;0
20230306:1810;0
20230306:1910;0
20230306:2010;0
20230306:2110;0
20230306:2210;0
20230306:2310;0
20230307:0010;0
20230307:0110;0
20230307:0210;0
20230307:0310;0
20230307:0410;0
20230307:0510;0
20230307:0610;12.93
20230307:0710;36.91
20230307:0810;185.78
20230307:0910;297.36
20230307:1010;333.94
20230307:1110;506.64
20230307:1210;720.54
20230307:1310;575.94
20230307:1410;421.81
20230307:1510;193.34
20230307:1610;4.46
20230307:1710;0
20230307:1810;0
20230307:1910;0
20230307:2010;0
20230307:2110;0
20230307:2210;0
20230307:2310;0
20230308:0010;0
20230308:0110;0
20230308:0210;0
20230308:0310;0
20230308:0410;0
20230308:0510;0
20230308:0610;88.44
20230308:0710;273.47
20230308:0810;502.65
20230308:0910;344.68
20230308:1010;187.49
20230308:1110;441.57
20230308:1210;165.89
20230308:1310;211.06
20230308:1410;259.74
20230308:1510;139.88
20230308:1610;0
20230308:1710;0
20230308:1810;0
20230308:1910;0
20230308:2010;0
20230308:2110;0
20230308:2210;0
20230308:2310;0
20230309:0010;0
20230309:0110;0
20230309:0210;0
20230309:0310;0
20230309:0410;0
20230309:0510;0
20230309:0610;96.25
20230309:0710;221.55
20230309:0810;291.09
20230309:0910;126.04
20230309:1010;513.5
20230309:1110;759.57
20230309:1210;399.5
20230309:1310;603.84
20230309:1410;172.26
20230309:1510;253.42
20230309:1610;61.79
20230309:1710;0
20230309:1810;0
20230309:1910;0
20230309:2010;0
20230309:2110;0
20230309:2210;0
20230309:2310;0
20230310:0010;0
20230310:0110;0
20230310:0210;0
20230310:0310;0
20230310:0410;0
20230310:0510;0
20230310:0610;97.39
20230310:0710;321.82
20230310:0810;505.48
20230310:0910;644.1
20230310:1010;687.04
20230310:1110;662.11
20230310:1210;709.03
20230310:1310;582.2
20230310:1410;283.21
20230310:1510;65.49
20230310:1610;59.54
20230310:1710;0
20230310:1810;0
20230310:1910;0
20230310:2010;0
20230310:2110;0
20230310:2210;0
20230310:2310;0
20230311:0010;0
20230311:0110;0
20230311:0210;0
20230311:0310;0
20230311:0410;0
20230311:0510;0
20230311:0610;79.88
20230311:0710;334.33
20230311:0810;586.97
20230311:0910;707.43
20230311:1010;86.59
20230311:1110;290.29
20230311:1210;82.02
20230311:1310;85.39
20230311:1410;33.95
20230311:1510;103.18
20230311:1610;75.08
20230311:1710;0
20230311:1810;0
20230311:1910;0
20230311:2010;0
20230311:2110;0
20230311:2210;0
20230311:2310;0
20230312:0010;0
20230312:0110;0
20230312:0210;0
20230312:0310;0
20230312:0410;0
20230312:0510;0
20230312:0610;98.07
20230312:0710;348.27
20230312:0810;553.82
20230312:0910;679.29
20230312:1010;773.04
20230312:1110;774.87
20230312:1210;451.93
20230312:1310;252.74
20230312:1410;137.95
20230312:1510;89.65
20230312:1610;26.57
20230312:1710;0
20230312:1810;0
20230312:1910;0
20230312:2010;0
20230312:2110;0
20230312:2210;0
20230312:2310;0
20230313:0010;0
20230313:0110;0
20230313:0210;0
20230313:0310;0
20230313:0410;0
20230313:0510;0
20230313:0610;88.75
20230313:0710;283.06
20230313:0810;407.23
20230313:0910;221.01
20230313:1010;470.37
20230313:1110;280.71
20230313:1210;197.72
20230313:1310;97.74
20230313:1410;257.44
20230313:1510;92.32
20230313:1610;36.35
20230313:1710;0
20230313:1810;0
20230313:1910;0
20230313:2010;0
20230313:2110;0
20230313:2210;0
20230313:2310;0
20230314:0010;0
20230314:0110;0
20230314:0210;0
20230314:0310;0
20230314:0410;0
20230314:0510;0
20230314:0610;51.5
20230314:0710;63.61
20230314:0810;49.89
20230314:0910;59.63
20230314:1010;47.14
20230314:1110;32.75
20230314:1210;73.08
20230314:1310;30.82
20230314:1410;34.75
20230314:1510;7.75
20230314:1610;75.35
20230314:1710;0
20230314:1810;0
20230314:1910;0
20230314:2010;0
20230314:2110;0
20230314:2210;0
20230314:2310;0
20230315:0010;0
20230315:0110;0
20230315:0210;0
20230315:0310;0
20230315:0410;0
20230315:0510;0
20230315:0610;16.26
20230315:0710;107.23
20230315:0810;363.74
20230315:0910;670.76
20230315:1010;643.5
20230315:1110;600.46
20230315:1210;723.71
20230315:1310;639.32
20230315:1410;485.28
20230315:1510;237.39
20230315:1610;69.85
20230315:1710;0
20230315:1810;0
20230315:1910;0
20230315:2010;0
20230315:2110;0
20230315:2210;0
20230315:2310;0
20230316:0010;0
20230316:0110;0
20230316:0210;0
20230316:0310;0
20230316:0410;0
20230316:0510;0
20230316:0610;139.15
20230316:0710;382.4
20230316:0810;591.46
20230316:0910;698.81
20230316:1010;794.5
20230316:1110;822.56
20230316:1210;806.46
20230316:1310;704.47
20230316:1410;541.23
20230316:1510;328.48
20230316:1610;85.49
20230316:1710;0
20230316:1810;0
20230316:1910;0
20230316:2010;0
20230316:2110;0
20230316:2210;0
20230316:2310;0
20230317:0010;0
20230317:0110;0
20230317:0210;0
20230317:0310;0
20230317:0410;0
20230317:0510;0
20230317:0610;92.98
20230317:0710;349.48
20230317:0810;472.69
20230317:0910;570.45
20230317:1010;682.37
20230317:1110;813.78
20230317:1210;812.91
20230317:1310;684.87
20230317:1410;512.85
20230317:1510;318.2
20230317:1610;88.79
20230317:1710;0
20230317:1810;0
20230317:1910;0
20230317:2010;0
20230317:2110;0
20230317:2210;0
20230317:2310;0
20230318:0010;0
20230318:0110;0
20230318:0210;0
20230318:0310;0
20230318:0410;0
20230318:0510;0
20230318:0610;132.26
20230318:0710;371.16
20230318:0810;395.45
20230318:0910;723.99
20230318:1010;786.46
20230318:1110;819.86
20230318:1210;795.04
20230318:1310;674.24
20230318:1410;521.64
20230318:1510;320.78
20230318:1610;51.05
20230318:1710;0
20230318:1810;0
20230318:1910;0
20230318:2010;0
20230318:2110;0
20230318:2210;0
20230318:2310;0
20230319:0010;0
20230319:0110;0
20230319:0210;0
20230319:0310;0
20230319:0410;0
20230319:0510;0
20230319:0610;119.21
20230319:0710;350.75
20230319:0810;489.12
20230319:0910;658.42
20230319:1010;687.79
20230319:1110;456.41
20230319:1210;438.58
20230319:1310;365.76
20230319:1410;144.17
20230319:1510;190.07
20230319:1610;31.95
20230319:1710;0
20230319:1810;0
20230319:1910;0
20230319:2010;0
20230319:2110;0
20230319:2210;0
20230319:2310;0
20230320:0010;0
20230320:0110;0
20230320:0210;0
20230320:0310;0
20230320:0410;0
20230320:0510;0
20230320:0610;114.27
20230320:0710;326.31
20230320:0810;381.52
20230320:0910;674.05
20230320:1010;695.01
20230320:1110;600.86
20230320:1210;303.15
20230320:1310;592.38
20230320:1410;130.75
20230320:1510;114.78
20230320:1610;42.17
20230320:1710;0
20230320:1810;0
20230320:1910;0
20230320:2010;0
20230320:2110;0
20230320:2210;0
20230320:2310;0
20230321:0010;0
20230321:0110;0
20230321:0210;0
20230321:0310;0
20230321:0410;0
20230321:0510;0
20230321:0610;98.08
20230321:0710;0
20230321:0810;0
20230321:0910;374
20230321:1010;578.52
20230321:1110;548.75
20230321:1210;629.22
20230321:1310;179.55
20230321:1410;113.97
20230321:1510;99.54
20230321:1610;50.37
20230321:1710;0
20230321:1810;0
20230321:1910;0
20230321:2010;0
20230321:2110;0
20230321:2210;0
20230321:2310;0
20230322:0010;0
20230322:0110;0
20230322:0210;0
20230322:0310;0
20230322:0410;0
20230322:0510;0
20230322:0610;58.97
20230322:0710;0
20230322:0810;526.92
20230322:0910;656.69
20230322:1010;656.39
20230322:1110;709.3
20230322:1210;722.2
20230322:1310;524.42
20230322:1410;405.48
20230322:1510;248.04
20230322:1610;87.36
20230322:1710;0
20230322:1810;0
20230322:1910;0
20230322:2010;0
20230322:2110;0
20230322:2210;0
20230322:2310;0
20230323:0010;0
20230323:0110;0
20230323:0210;0
20230323:0310;0
20230323:0410;0
20230323:0510;0
20230323:0610;67.33
20230323:0710;109.66
20230323:0810;196.62
20230323:0910;674.56
20230323:1010;723.35
20230323:1110;733.49
20230323:1210;422.74
20230323:1310;535.81
20230323:1410;398.79
20230323:1510;247.71
20230323:1610;72.79
20230323:1710;0
20230323:1810;0
20230323:1910;0
20230323:2010;0
20230323:2110;0
20230323:2210;0
20230323:2310;0
20230324:0010;0
20230324:0110;0
20230324:0210;0
20230324:0310;0
20230324:0410;0
20230324:0510;0
20230324:0610;17.72
20230324:0710;25.31
20230324:0810;192.79
20230324:0910;325.33
20230324:1010;451.94
20230324:1110;398.86
20230324:1210;417.93
20230324:1310;310.86
20230324:1410;244.2
20230324:1510;56.97
20230324:1610;29.63
20230324:1710;0
20230324:1810;0
20230324:1910;0
20230324:2010;0
20230324:2110;0
20230324:2210;0
20230324:2310;0
20230325:0010;0
20230325:0110;0
20230325:0210;0
20230325:0310;0
20230325:0410;0
20230325:0510;2.22
20230325:0610;12.29
20230325:0710;33.09
20230325:0810;62.68
20230325:0910;254.88
20230325:1010;266.21
20230325:1110;281.61
20230325:1210;511.51
20230325:1310;569.43
20230325:1410;416.48
20230325:1510;90
20230325:1610;68.16
20230325:1710;0
20230325:1810;0
20230325:1910;0
20230325:2010;0
20230325:2110;0
20230325:2210;0
20230325:2310;0
20230326:0010;0
20230326:0110;0
20230326:0210;0
20230326:0310;0
20230326:0410;0
20230326:0510;3.82
20230326:0610;170.11
20230326:0710;394.22
20230326:0810;459.3
20230326:0910;568.26
20230326:1010;340.63
20230326:1110;536.64
20230326:1210;287.28
20230326:1310;496.98
20230326:1410;167.52
20230326:1510;90.54
20230326:1610;58.12
20230326:1710;0
20230326:1810;0
20230326:1910;0
20230326:2010;0
20230326:2110;0
20230326:2210;0
20230326:2310;0
20230327:0010;0
20230327:0110;0
20230327:0210;0
20230327:0310;0
20230327:0410;0
20230327:0510;0
20230327:0610;38.46
20230327:0710;180.55
20230327:0810;262.41
20230327:0910;320.74
20230327:1010;395.87
20230327:1110;247.04
20230327:1210;183.07
20230327:1310;269.09
20230327:1410;349.7
20230327:1510;36.04
20230327:1610;90.46
20230327:1710;0
20230327:1810;0
20230327:1910;0
20230327:2010;0
20230327:2110;0
20230327:2210;0
20230327:2310;0
20230328:0010;0
20230328:0110;0
20230328:0210;0
20230328:0310;0
20230328:0410;0
20230328:0510;0.44
20230328:0610;125.62
20230328:0710;356.18
20230328:0810;186.03
20230328:0910;410.48
20230328:1010;122.17
20230328:1110;592.2
20230328:1210;314.31
20230328:1310;205.72
20230328:1410;44.04
20230328:1510;98
20230328:1610;36.41
20230328:1710;0
20230328:1810;0
20230328:1910;0
20230328:2010;0
20230328:2110;0
20230328:2210;0
20230328:2310;0
20230329:0010;0
20230329:0110;0
20230329:0210;0
20230329:0310;0
20230329:0410;0
20230329:0510;0
20230329:0610;57.18
20230329:0710;313.43
20230329:0810;277.13
20230329:0910;214.54
20230329:1010;138.3
20230329:1110;252.06
20230329:1210;263.96
20230329:1310;84.37
20230329:1410;202.48
20230329:1510;76.68
20230329:1610;27.62
20230329:1710;0
20230329:1810;0
20230329:1910;0
20230329:2010;0
20230329:2110;0
20230329:2210;0
20230329:2310;0
20230330:0010;0
20230330:0110;0
20230330:0210;0
20230330:0310;0
20230330:0410;0
20230330:0510;6.19
20230330:0610;6.07
20230330:0710;174.98
20230330:0810;290.27
20230330:0910;173.1
20230330:1010;230.07
20230330:1110;125.03
20230330:1210;455.3
20230330:1310;127.82
20230330:1410;127.06
20230330:1510;56.08
20230330:1610;34.04
20230330:1710;0
20230330:1810;0
20230330:1910;0
20230330:2010;0
20230330:2110;0
20230330:2210;0
20230330:2310;0
20230331:0010;0
20230331:0110;0
20230331:0210;0
20230331:0310;0
20230331:0410;0
20230331:0510;10.61
20230331:0610;135.75
20230331:0710;376.81
20230331:0810;162.96
20230331:0910;122.35
20230331:1010;91.59
20230331:1110;115.25
20230331:1210;275.74
20230331:1310;654.91
20230331:1410;50.72
20230331:1510;25.43
20230331:1610;12.47
20230331:1710;0
20230331:1810;0
20230331:1910;0
20230331:2010;0
20230331:2110;0
20230331:2210;0
20230331:2310;0
20230401:0010;0
20230401:0110;0
20230401:0210;0
20230401:0310;0
20230401:0410;0
20230401:0510;5.99
20230401:0610;41.19
20230401:0710;372.73
20230401:0810;587.6
20230401:0910;554.48
20230401:1010;468.59
20230401:1110;483.03
20230401:1210;555.96
20230401:1310;556.84
20230401:1410;437.84
20230401:1510;251.76
20230401:1610;68.48
20230401:1710;0
20230401:1810;0
20230401:1910;0
20230401:2010;0
20230401:2110;0
20230401:2210;0
20230401:2310;0
20230402:0010;0
20230402:0110;0
20230402:0210;0
20230402:0310;0
20230402:0410;0
20230402:0510;0
20230402:0610;23.73
20230402:0710;99.08
20230402:0810;348.01
20230402:0910;305.94
20230402:1010;302.07
20230402:1110;169.93
20230402:1210;73.04
20230402:1310;72.25
20230402:1410;301.58
20230402:1510;84.63
20230402:1610;45.99
20230402:1710;0
20230402:1810;0
20230402:1910;0
20230402:2010;0
20230402:2110;0
20230402:2210;0
20230402:2310;0
20230403:0010;0
20230403:0110;0
20230403:0210;0
20230403:0310;0
20230403:0410;0
20230403:0510;1.28
20230403:0610;46.39
20230403:0710;97.81
20230403:0810;316.45
20230403:0910;340.06
20230403:1010;197.19
20230403:1110;560.76
20230403:1210;328.23
20230403:1310;371.59
20230403:1410;196.66
20230403:1510;118.89
20230403:1610;72.99
20230403:1710;0
20230403:1810;0
20230403:1910;0
20230403:2010;0
20230403:2110;0
20230403:2210;0
20230403:2310;0
20230404:0010;0
20230404:0110;0
20230404:0210;0
20230404:0310;0
20230404:0410;0
20230404:0510;26.91
20230404:0610;216.46
20230404:0710;479.34
20230404:0810;479.27
20230404:0910;641.71
20230404:1010;859.24
20230404:1110;932.57
20230404:1210;887.53
20230404:1310;750.6
20230404:1410;589.3
20230404:1510;348.16
20230404:1610;123.46
20230404:1710;0
20230404:1810;0
20230404:1910;0
20230404:2010;0
20230404:2110;0
20230404:2210;0
20230404:2310;0
20230405:0010;0
20230405:0110;0
20230405:0210;0
20230405:0310;0
20230405:0410;0
20230405:0510;29.78
20230405:0610;218.41
20230405:0710;190.92
20230405:0810;639.71
20230405:0910;781.44
20230405:1010;553.57
20230405:1110;551.95
20230405:1210;647.94
20230405:1310;640.1
20230405:1410;492.14
20230405:1510;242.95
20230405:1610;73.44
20230405:1710;0
20230405:1810;0
20230405:1910;0
20230405:2010;0
20230405:2110;0
20230405:2210;0
20230405:2310;0
20230406:0010;0
20230406:0110;0
20230406:0210;0
20230406:0310;0
20230406:0410;0
20230406:0510;32.58
20230406:0610;223.99
20230406:0710;473.15
20230406:0810;652.5
20230406:0910;759.1
20230406:1010;682.41
20230406:1110;802.19
20230406:1210;831.8
20230406:1310;599.21
20230406:1410;564.1
20230406:1510;320.61
20230406:1610;79.8
20230406:1710;0
20230406:1810;0
20230406:1910;0
20230406:2010;0
20230406:2110;0
20230406:2210;0
20230406:2310;0
20230407:0010;0
20230407:0110;0
20230407:0210;0
20230407:0310;0
20230407:0410;0
20230407:0510;0.43
20230407:0610;82.01
20230407:0710;182.13
20230407:0810;297.51
20230407:0910;379.19
20230407:1010;339.05
20230407:1110;208.5
20230407:1210;524.89
20230407:1310;220.97
20230407:1410;278.44
20230407:1510;73.07
20230407:1610;52.59
20230407:1710;0
20230407:1810;0
20230407:1910;0
20230407:2010;0
20230407:2110;0
20230407:2210;0
20230407:2310;0
20230408:0010;0
20230408:0110;0
20230408:0210;0
20230408:0310;0
20230408:0410;0
20230408:0510;0.85
20230408:0610;29.07
20230408:0710;69.55
20230408:0810;161.58
20230408:0910;174.47
20230408:1010;110.88
20230408:1110;104.62
20230408:1210;100.3
20230408:1310;115.29
20230408:1410;78.38
20230408:1510;34.64
20230408:1610;40.08
20230408:1710;0
20230408:1810;0
20230408:1910;0
20230408:2010;0
20230408:2110;0
20230408:2210;0
20230408:2310;0
20230409:0010;0
20230409:0110;0
20230409:0210;0
20230409:0310;0
20230409:0410;0
20230409:0510;12.75
20230409:0610;64.43
20230409:0710;101.38
20230409:0810;186.37
20230409:0910;317.02
20230409:1010;312.94
20230409:1110;254.25
20230409:1210;196.04
20230409:1310;157.38
20230409:1410;105.12
20230409:1510;106.36
20230409:1610;62.55
20230409:1710;1.05
20230409:1810;0
20230409:1910;0
20230409:2010;0
20230409:2110;0
20230409:2210;0
20230409:2310;0
20230410:0010;0
20230410:0110;0
20230410:0210;0
20230410:0310;0
20230410:0410;0
20230410:0510;41.07
20230410:0610;214.86
20230410:0710;421.4
20230410:0810;641.52
20230410:0910;730.53
20230410:1010;849.12
20230410:1110;854.18
20230410:1210;637.07
20230410:1310;536.51
20230410:1410;538.01
20230410:1510;337.88
20230410:1610;130.1
20230410:1710;3.82
20230410:1810;0
20230410:1910;0
20230410:2010;0
20230410:2110;0
20230410:2210;0
20230410:2310;0
20230411:0010;0
20230411:0110;0
20230411:0210;0
20230411:0310;0
20230411:0410;0
20230411:0510;24.05
20230411:0610;176.84
20230411:0710;163.47
20230411:0810;189.85
20230411:0910;102.19
20230411:1010;106.27
20230411:1110;109
20230411:1210;269.11
20230411:1310;43.43
20230411:1410;372.53
20230411:1510;323.85
20230411:1610;116.36
20230411:1710;5.48
20230411:1810;0
20230411:1910;0
20230411:2010;0
20230411:2110;0
20230411:2210;0
20230411:2310;0
20230412:0010;0
20230412:0110;0
20230412:0210;0
20230412:0310;0
20230412:0410;0
20230412:0510;46.06
20230412:0610;239.41
20230412:0710;454.12
20230412:0810;608.84
20230412:0910;567.62
20230412:1010;298.21
20230412:1110;549.96
20230412:1210;740.18
20230412:1310;227.23
20230412:1410;105.7
20230412:1510;183.94
20230412:1610;76.78
20230412:1710;2.31
20230412:1810;0
20230412:1910;0
20230412:2010;0
20230412:2110;0
20230412:2210;0
20230412:2310;0
20230413:0010;0
20230413:0110;0
20230413:0210;0
20230413:0310;0
20230413:0410;0
20230413:0510;1.68
20230413:0610;12.36
20230413:0710;118.78
20230413:0810;141.54
20230413:0910;266.86
20230413:1010;288.99
20230413:1110;350.13
20230413:1210;159.06
20230413:1310;170.22
20230413:1410;235.96
20230413:1510;57.86
20230413:1610;11.02
20230413:1710;6.1
20230413:1810;0
20230413:1910;0
20230413:2010;0
20230413:2110;0
20230413:2210;0
20230413:2310;0
20230414:0010;0
20230414:0110;0
20230414:0210;0
20230414:0310;0
20230414:0410;0
20230414:0510;2.75
20230414:0610;15.49
20230414:0710;28.07
20230414:0810;59.24
20230414:0910;70.77
20230414:1010;73.29
20230414:1110;112.42
20230414:1210;128.67
20230414:1310;110.64
20230414:1410;85.07
20230414:1510;48.52
20230414:1610;39.65
20230414:1710;8.62
20230414:1810;0
20230414:1910;0
20230414:2010;0
20230414:2110;0
20230414:2210;0
20230414:2310;0
20230415:0010;0
20230415:0110;0
20230415:0210;0
20230415:0310;0
20230415:0410;0
20230415:0510;9.3
20230415:0610;34.14
20230415:0710;99.66
20230415:0810;165.14
20230415:0910;154.8
20230415:1010;210.45
20230415:1110;232.2
20230415:1210;280.59
20230415:1310;441.95
20230415:1410;317.64
20230415:1510;196.08
20230415:1610;114.48
20230415:1710;10.32
20230415:1810;0
20230415:1910;0
20230415:2010;0
20230415:2110;0
20230415:2210;0
20230415:2310;0
20230416:0010;0
20230416:0110;0
20230416:0210;0
20230416:0310;0
20230416:0410;0
20230416:0510;24.86
20230416:0610;63.42
20230416:0710;177.82
20230416:0810;289.37
20230416:0910;423.03
20230416:1010;362.01
20230416:1110;481.89
20230416:1210;306.63
20230416:1310;295.44
20230416:1410;105.5
20230416:1510;22.57
20230416:1610;27.72
20230416:1710;0
20230416:1810;0
20230416:1910;0
20230416:2010;0
20230416:2110;0
20230416:2210;0
20230416:2310;0
20230417:0010;0
20230417:0110;0
20230417:0210;0
20230417:0310;0
20230417:0410;0
20230417:0510;2.17
20230417:0610;156.43
20230417:0710;433.57
20230417:0810;568.9
20230417:0910;693.12
20230417:1010;784.52
20230417:1110;829.92
20230417:1210;794.29
20230417:1310;524.45
20230417:1410;483.83
20230417:1510;153.94
20230417:1610;64.25
20230417:1710;0
20230417:1810;0
20230417:1910;0
20230417:2010;0
20230417:2110;0
20230417:2210;0
20230417:2310;0
20230418:0010;0
20230418:0110;0
20230418:0210;0
20230418:0310;0
20230418:0410;0
20230418:0510;3.15
20230418:0610;21.37
20230418:0710;51.24
20230418:0810;158.52
20230418:0910;156.77
20230418:1010;257.38
20230418:1110;296.41
20230418:1210;187.68
20230418:1310;133.03
20230418:1410;44.99
20230418:1510;69.48
20230418:1610;42.74
20230418:1710;2.33
20230418:1810;0
20230418:1910;0
20230418:2010;0
20230418:2110;0
20230418:2210;0
20230418:2310;0
20230419:0010;0
20230419:0110;0
20230419:0210;0
20230419:0310;0
20230419:0410;0
20230419:0510;4.85
20230419:0610;20.76
20230419:0710;55.31
20230419:0810;112.39
20230419:0910;106.61
20230419:1010;163.02
20230419:1110;109.18
20230419:1210;313.19
20230419:1310;88.28
20230419:1410;194.31
20230419:1510;259
20230419:1610;82.53
20230419:1710;2.84
20230419:1810;0
20230419:1910;0
20230419:2010;0
20230419:2110;0
20230419:2210;0
20230419:2310;0
20230420:0010;0
20230420:0110;0
20230420:0210;0
20230420:0310;0
20230420:0410;0
20230420:0510;39.88
20230420:0610;98.62
20230420:0710;156.95
20230420:0810;322.53
20230420:0910;703.93
20230420:1010;791.53
20230420:1110;806.41
20230420:1210;790.05
20230420:1310;683.97
20230420:1410;446.34
20230420:1510;329.32
20230420:1610;138.51
20230420:1710;14.4
20230420:1810;0
20230420:1910;0
20230420:2010;0
20230420:2110;0
20230420:2210;0
20230420:2310;0
20230421:0010;0
20230421:0110;0
20230421:0210;0
20230421:0310;0
20230421:0410;0
20230421:0510;65.86
20230421:0610;252.11
20230421:0710;466.72
20230421:0810;642.86
20230421:0910;779.8
20230421:1010;839.26
20230421:1110;831.68
20230421:1210;798.61
20230421:1310;680.31
20230421:1410;544.46
20230421:1510;360.14
20230421:1610;138.78
20230421:1710;14.28
20230421:1810;0
20230421:1910;0
20230421:2010;0
20230421:2110;0
20230421:2210;0
20230421:2310;0
20230422:0010;0
20230422:0110;0
20230422:0210;0
20230422:0310;0
20230422:0410;0
20230422:0510;69.05
20230422:0610;263.03
20230422:0710;461.98
20230422:0810;641.64
20230422:0910;771.62
20230422:1010;795.03
20230422:1110;787.56
20230422:1210;781.44
20230422:1310;683.71
20230422:1410;540.62
20230422:1510;352.39
20230422:1610;141.16
20230422:1710;15.42
20230422:1810;0
20230422:1910;0
20230422:2010;0
20230422:2110;0
20230422:2210;0
20230422:2310;0
20230423:0010;0
20230423:0110;0
20230423:0210;0
20230423:0310;0
20230423:0410;0
20230423:0510;70.78
20230423:0610;260.16
20230423:0710;446.57
20230423:0810;575.3
20230423:0910;628.41
20230423:1010;768.71
20230423:1110;734.48
20230423:1210;621.36
20230423:1310;436.41
20230423:1410;221.89
20230423:1510;138.2
20230423:1610;95.54
20230423:1710;17.94
20230423:1810;0
20230423:1910;0
20230423:2010;0
20230423:2110;0
20230423:2210;0
20230423:2310;0
20230424:0010;0
20230424:0110;0
20230424:0210;0
20230424:0310;0
20230424:0410;0
20230424:0510;34.31
20230424:0610;51.5
20230424:0710;62.38
20230424:0810;70.24
20230424:0910;110.02
20230424:1010;146.32
20230424:1110;89.67
20230424:1210;214.22
20230424:1310;70.81
20230424:1410;50.92
20230424:1510;72.51
20230424:1610;48.97
20230424:1710;19.13
20230424:1810;0
20230424:1910;0
20230424:2010;0
20230424:2110;0
20230424:2210;0
20230424:2310;0
20230425:0010;0
20230425:0110;0
20230425:0210;0
20230425:0310;0
20230425:0410;1.48
20230425:0510;76.47
20230425:0610;278.37
20230425:0710;484.4
20230425:0810;604.13
20230425:0910;167.81
20230425:1010;84.74
20230425:1110;515.58
20230425:1210;725.21
20230425:1310;711.36
20230425:1410;452.73
20230425:1510;352.74
20230425:1610;139.99
20230425:1710;18.57
20230425:1810;0
20230425:1910;0
20230425:2010;0
20230425:2110;0
20230425:2210;0
20230425:2310;0
20230426:0010;0
20230426:0110;0
20230426:0210;0
20230426:0310;0
20230426:0410;0
20230426:0510;79.9
20230426:0610;267.47
20230426:0710;315.61
20230426:0810;346.91
20230426:0910;342.69
20230426:1010;462.78
20230426:1110;509.22
20230426:1210;336.06
20230426:1310;61.07
20230426:1410;78.76
20230426:1510;210.13
20230426:1610;103.41
20230426:1710;21.38
20230426:1810;0
20230426:1910;0
20230426:2010;0
20230426:2110;0
20230426:2210;0
20230426:2310;0
20230427:0010;0
20230427:0110;0
20230427:0210;0
20230427:0310;0
20230427:0410;0
20230427:0510;70.05
20230427:0610;162.95
20230427:0710;224.86
20230427:0810;422.94
20230427:0910;589.21
20230427:1010;597.07
20230427:1110;522.49
20230427:1210;636.82
20230427:1310;627.01
20230427:1410;525.81
20230427:1510;341.55
20230427:1610;150.71
20230427:1710;14.73
20230427:1810;0
20230427:1910;0
20230427:2010;0
20230427:2110;0
20230427:2210;0
20230427:2310;0
20230428:0010;0
20230428:0110;0
20230428:0210;0
20230428:0310;0
20230428:0410;0
20230428:0510;64.68
20230428:0610;232.4
20230428:0710;427.41
20230428:0810;514.04
20230428:0910;731.06
20230428:1010;616.94
20230428:1110;494.48
20230428:1210;323.12
20230428:1310;176.08
20230428:1410;114.79
20230428:1510;71.72
20230428:1610;97.82
20230428:1710;8.23
20230428:1810;0
20230428:1910;0
20230428:2010;0
20230428:2110;0
20230428:2210;0
20230428:2310;0
20230429:0010;0
20230429:0110;0
20230429:0210;0
20230429:0310;0
20230429:0410;1.44
20230429:0510;12.85
20230429:0610;122.96
20230429:0710;385.76
20230429:0810;487.8
20230429:0910;168.36
20230429:1010;703.89
20230429:1110;343.29
20230429:1210;250.12
20230429:1310;106.21
20230429:1410;31.79
20230429:1510;58.25
20230429:1610;25.53
20230429:1710;23.74
20230429:1810;0
20230429:1910;0
20230429:2010;0
20230429:2110;0
20230429:2210;0
20230429:2310;0
20230430:0010;0
20230430:0110;0
20230430:0210;0
20230430:0310;0
20230430:0410;0
20230430:0510;47.94
20230430:0610;194.32
20230430:0710;456.05
20230430:0810;387.95
20230430:0910;288.96
20230430:1010;553.47
20230430:1110;345.2
20230430:1210;427.71
20230430:1310;132.4
20230430:1410;328.12
20230430:1510;287.95
20230430:1610;144.53
20230430:1710;16.77
20230430:1810;0
20230430:1910;0
20230430:2010;0
20230430:2110;0
20230430:2210;0
20230430:2310;0
20230501:0010;0
20230501:0110;0
20230501:0210;0
20230501:0310;0
20230501:0410;7.3
20230501:0510;89.21
20230501:0610;236.9
20230501:0710;472.43
20230501:0810;646.22
20230501:0910;767.36
20230501:1010;813.12
20230501:1110;828.03
20230501:1210;656.74
20230501:1310;506.42
20230501:1410;461.04
20230501:1510;302.01
20230501:1610;121.45
20230501:1710;26.62
20230501:1810;0
20230501:1910;0
20230501:2010;0
20230501:2110;0
20230501:2210;0
20230501:2310;0
20230502:0010;0
20230502:0110;0
20230502:0210;0
20230502:0310;0
20230502:0410;0
20230502:0510;8.95
20230502:0610;88.83
20230502:0710;0
20230502:0810;286.77
20230502:0910;267.15
20230502:1010;272.65
20230502:1110;227.53
20230502:1210;355.46
20230502:1310;297.32
20230502:1410;84.14
20230502:1510;152.33
20230502:1610;99.57
20230502:1710;14.58
20230502:1810;0
20230502:1910;0
20230502:2010;0
20230502:2110;0
20230502:2210;0
20230502:2310;0
20230503:0010;0
20230503:0110;0
20230503:0210;0
20230503:0310;0
20230503:0410;0
20230503:0510;19.14
20230503:0610;174.82
20230503:0710;284.66
20230503:0810;379.35
20230503:0910;567.59
20230503:1010;614.26
20230503:1110;360.39
20230503:1210;207.39
20230503:1310;101.78
20230503:1410;135.1
20230503:1510;148.41
20230503:1610;101.17
20230503:1710;28.95
20230503:1810;0
20230503:1910;0
20230503:2010;0
20230503:2110;0
20230503:2210;0
20230503:2310;0
20230504:0010;0
20230504:0110;0
20230504:0210;0
20230504:0310;0
20230504:0410;9.83
20230504:0510;95.61
20230504:0610;306.88
20230504:0710;509.29
20230504:0810;682.94
20230504:0910;801.17
20230504:1010;838.78
20230504:1110;844.74
20230504:1210;798.32
20230504:1310;685.98
20230504:1410;538.47
20230504:1510;352.89
20230504:1610;152.16
20230504:1710;17.52
20230504:1810;0
20230504:1910;0
20230504:2010;0
20230504:2110;0
20230504:2210;0
20230504:2310;0
20230505:0010;0
20230505:0110;0
20230505:0210;0
20230505:0310;0
20230505:0410;14.12
20230505:0510;95.41
20230505:0610;240.5
20230505:0710;435.16
20230505:0810;603.58
20230505:0910;733.69
20230505:1010;803.53
20230505:1110;793.88
20230505:1210;767.63
20230505:1310;682.23
20230505:1410;553.75
20230505:1510;367.69
20230505:1610;159.36
20230505:1710;27.32
20230505:1810;0
20230505:1910;0
20230505:2010;0
20230505:2110;0
20230505:2210;0
20230505:2310;0
20230506:0010;0
20230506:0110;0
20230506:0210;0
20230506:0310;0
20230506:0410;5.47
20230506:0510;18.97
20230506:0610;66.91
20230506:0710;328.94
20230506:0810;441.12
20230506:0910;352.21
20230506:1010;518.22
20230506:1110;460.42
20230506:1210;345.51
20230506:1310;370.43
20230506:1410;29.25
20230506:1510;262.47
20230506:1610;137.08
20230506:1710;28.68
20230506:1810;0
20230506:1910;0
20230506:2010;0
20230506:2110;0
20230506:2210;0
20230506:2310;0
20230507:0010;0
20230507:0110;0
20230507:0210;0
20230507:0310;0
20230507:0410;1.46
20230507:0510;33.03
20230507:0610;123.52
20230507:0710;303.63
20230507:0810;275.74
20230507:0910;569.71
20230507:1010;766.91
20230507:1110;695.83
20230507:1210;482.03
20230507:1310;400.79
20230507:1410;226.99
20230507:1510;160.55
20230507:1610;116.34
20230507:1710;33.41
20230507:1810;0
20230507:1910;0
20230507:2010;0
20230507:2110;0
20230507:2210;0
20230507:2310;0
20230508:0010;0
20230508:0110;0
20230508:0210;0
20230508:0310;0
20230508:0410;0
20230508:0510;41
20230508:0610;255.07
20230508:0710;288.81
20230508:0810;434.23
20230508:0910;663.96
20230508:1010;779.64
20230508:1110;811.14
20230508:1210;758.58
20230508:1310;611.83
20230508:1410;489.92
20230508:1510;226.08
20230508:1610;143.75
20230508:1710;33.93
20230508:1810;0
20230508:1910;0
20230508:2010;0
20230508:2110;0
20230508:2210;0
20230508:2310;0
20230509:0010;0
20230509:0110;0
20230509:0210;0
20230509:0310;0
20230509:0410;2.43
20230509:0510;104.72
20230509:0610;276.88
20230509:0710;443.08
20230509:0810;524.74
20230509:0910;601.59
20230509:1010;770.58
20230509:1110;848.01
20230509:1210;715.28
20230509:1310;574.99
20230509:1410;458.12
20230509:1510;341.07
20230509:1610;167.2
20230509:1710;20.62
20230509:1810;0
20230509:1910;0
20230509:2010;0
20230509:2110;0
20230509:2210;0
20230509:2310;0
20230510:0010;0
20230510:0110;0
20230510:0210;0
20230510:0310;0
20230510:0410;16.74
20230510:0510;103.01
20230510:0610;310.15
20230510:0710;508.53
20230510:0810;654.65
20230510:0910;672.24
20230510:1010;837.33
20230510:1110;848.2
20230510:1210;799.86
20230510:1310;582.6
20230510:1410;460.47
20230510:1510;258.65
20230510:1610;122.84
20230510:1710;34.5
20230510:1810;0
20230510:1910;0
20230510:2010;0
20230510:2110;0
20230510:2210;0
20230510:2310;0
20230511:0010;0
20230511:0110;0
20230511:0210;0
20230511:0310;0
20230511:0410;1.02
20230511:0510;72.29
20230511:0610;171.01
20230511:0710;274.05
20230511:0810;394.83
20230511:0910;558.56
20230511:1010;431.48
20230511:1110;436.61
20230511:1210;303.3
20230511:1310;329.63
20230511:1410;246.11
20230511:1510;157.55
20230511:1610;58.75
20230511:1710;16.08
20230511:1810;0
20230511:1910;0
20230511:2010;0
20230511:2110;0
20230511:2210;0
20230511:2310;0
20230512:0010;0
20230512:0110;0
20230512:0210;0
20230512:0310;0
20230512:0410;1.03
20230512:0510;9.64
20230512:0610;31.7
20230512:0710;71.97
20230512:0810;93.92
20230512:0910;125.41
20230512:1010;132.03
20230512:1110;123.55
20230512:1210;62.08
20230512:1310;120.26
20230512:1410;67.79
20230512:1510;84.07
20230512:1610;61.43
20230512:1710;17.03
20230512:1810;0
20230512:1910;0
20230512:2010;0
20230512:2110;0
20230512:2210;0
20230512:2310;0
20230513:0010;0
20230513:0110;0
20230513:0210;0
20230513:0310;0
20230513:0410;10.86
20230513:0510;25.05
20230513:0610;76.36
20230513:0710;103.38
20230513:0810;149.64
20230513:0910;184.97
20230513:1010;106.74
20230513:1110;123.57
20230513:1210;151.31
20230513:1310;60.68
20230513:1410;60.62
20230513:1510;58.22
20230513:1610;44.15
20230513:1710;18.89
20230513:1810;0
20230513:1910;0
20230513:2010;0
20230513:2110;0
20230513:2210;0
20230513:2310;0
20230514:0010;0
20230514:0110;0
20230514:0210;0
20230514:0310;0
20230514:0410;0.27
20230514:0510;7.75
20230514:0610;27.18
20230514:0710;42.38
20230514:0810;65.37
20230514:0910;65.34
20230514:1010;117.74
20230514:1110;101.89
20230514:1210;63.49
20230514:1310;89.31
20230514:1410;52.95
20230514:1510;21.07
20230514:1610;27.65
20230514:1710;5.29
20230514:1810;0
20230514:1910;0
20230514:2010;0
20230514:2110;0
20230514:2210;0
20230514:2310;0
20230515:0010;0
20230515:0110;0
20230515:0210;0
20230515:0310;0
20230515:0410;0.26
20230515:0510;50.97
20230515:0610;197.2
20230515:0710;385.79
20230515:0810;354
20230515:0910;524.87
20230515:1010;528.57
20230515:1110;652.36
20230515:1210;763.3
20230515:1310;536.24
20230515:1410;491.23
20230515:1510;325.8
20230515:1610;161.95
20230515:1710;39.74
20230515:1810;0
20230515:1910;0
20230515:2010;0
20230515:2110;0
20230515:2210;0
20230515:2310;0
20230516:0010;0
20230516:0110;0
20230516:0210;0
20230516:0310;0
20230516:0410;0.26
20230516:0510;36.76
20230516:0610;41.05
20230516:0710;54.18
20230516:0810;63.51
20230516:0910;84.19
20230516:1010;85.54
20230516:1110;99.78
20230516:1210;153.35
20230516:1310;100.8
20230516:1410;80.79
20230516:1510;142.54
20230516:1610;24.41
20230516:1710;8.17
20230516:1810;0
20230516:1910;0
20230516:2010;0
20230516:2110;0
20230516:2210;0
20230516:2310;0
20230517:0010;0
20230517:0110;0
20230517:0210;0
20230517:0310;0
20230517:0410;25.63
20230517:0510;33.27
20230517:0610;37.15
20230517:0710;82.41
20230517:0810;82.44
20230517:0910;124.87
20230517:1010;131.64
20230517:1110;118.97
20230517:1210;55.39
20230517:1310;55.27
20230517:1410;180.1
20230517:1510;34.03
20230517:1610;137.74
20230517:1710;2.63
20230517:1810;0
20230517:1910;0
20230517:2010;0
20230517:2110;0
20230517:2210;0
20230517:2310;0
20230518:0010;0
20230518:0110;0
20230518:0210;0
20230518:0310;0
20230518:0410;1.48
20230518:0510;23.76
20230518:0610;32.04
20230518:0710;67.64
20230518:0810;133.07
20230518:0910;136.24
20230518:1010;130.14
20230518:1110;133.22
20230518:1210;126.4
20230518:1310;100.76
20230518:1410;76.13
20230518:1510;40.9
20230518:1610;30.93
20230518:1710;28.7
20230518:1810;0
20230518:1910;0
20230518:2010;0
20230518:2110;0
20230518:2210;0
20230518:2310;0
20230519:0010;0
20230519:0110;0
20230519:0210;0
20230519:0310;0
20230519:0410;27.92
20230519:0510;111.03
20230519:0610;234.84
20230519:0710;469.18
20230519:0810;500.1
20230519:0910;438.67
20230519:1010;661.75
20230519:1110;499.47
20230519:1210;479.08
20230519:1310;600.58
20230519:1410;432.76
20230519:1510;314.91
20230519:1610;124.18
20230519:1710;27.8
20230519:1810;0
20230519:1910;0
20230519:2010;0
20230519:2110;0
20230519:2210;0
20230519:2310;0
20230520:0010;0
20230520:0110;0
20230520:0210;0
20230520:0310;0
20230520:0410;28.46
20230520:0510;98.84
20230520:0610;260.33
20230520:0710;367.03
20230520:0810;404.64
20230520:0910;713.39
20230520:1010;783.42
20230520:1110;710.24
20230520:1210;643.17
20230520:1310;595.6
20230520:1410;518.7
20230520:1510;323.02
20230520:1610;162.49
20230520:1710;30.71
20230520:1810;0
20230520:1910;0
20230520:2010;0
20230520:2110;0
20230520:2210;0
20230520:2310;0
20230521:0010;0
20230521:0110;0
20230521:0210;0
20230521:0310;0
20230521:0410;29.47
20230521:0510;113.03
20230521:0610;291.13
20230521:0710;479.06
20230521:0810;632.56
20230521:0910;740.79
20230521:1010;799.39
20230521:1110;817.89
20230521:1210;771.24
20230521:1310;663.96
20230521:1410;535.19
20230521:1510;368.86
20230521:1610;169.72
20230521:1710;41.21
20230521:1810;0
20230521:1910;0
20230521:2010;0
20230521:2110;0
20230521:2210;0
20230521:2310;0
20230522:0010;0
20230522:0110;0
20230522:0210;0
20230522:0310;0
20230522:0410;29.88
20230522:0510;112.4
20230522:0610;290.75
20230522:0710;474.44
20230522:0810;624.12
20230522:0910;727.55
20230522:1010;755.93
20230522:1110;792.46
20230522:1210;721.56
20230522:1310;626.66
20230522:1410;373.13
20230522:1510;349.58
20230522:1610;169.01
20230522:1710;36.92
20230522:1810;0
20230522:1910;0
20230522:2010;0
20230522:2110;0
20230522:2210;0
20230522:2310;0
20230523:0010;0
20230523:0110;0
20230523:0210;0
20230523:0310;0
20230523:0410;28.08
20230523:0510;113.84
20230523:0610;290.77
20230523:0710;465.1
20230523:0810;609.79
20230523:0910;704.13
20230523:1010;783.62
20230523:1110;801.46
20230523:1210;733.07
20230523:1310;455.8
20230523:1410;127.98
20230523:1510;25.68
20230523:1610;18.79
20230523:1710;22.31
20230523:1810;0
20230523:1910;0
20230523:2010;0
20230523:2110;0
20230523:2210;0
20230523:2310;0
20230524:0010;0
20230524:0110;0
20230524:0210;0
20230524:0310;0
20230524:0410;16.33
20230524:0510;80.16
20230524:0610;247.36
20230524:0710;407.02
20230524:0810;576.03
20230524:0910;719.29
20230524:1010;567.9
20230524:1110;400.66
20230524:1210;500.8
20230524:1310;163.59
20230524:1410;466.47
20230524:1510;377.28
20230524:1610;177.93
20230524:1710;45.56
20230524:1810;0
20230524:1910;0
20230524:2010;0
20230524:2110;0
20230524:2210;0
20230524:2310;0
20230525:0010;0
20230525:0110;0
20230525:0210;0
20230525:0310;0
20230525:0410;28.37
20230525:0510;115.79
20230525:0610;309.24
20230525:0710;496.31
20230525:0810;647.24
20230525:0910;759.55
20230525:1010;794.62
20230525:1110;802.85
20230525:1210;777.09
20230525:1310;689.14
20230525:1410;560.02
20230525:1510;370.24
20230525:1610;176.99
20230525:1710;34.94
20230525:1810;2.23
20230525:1910;0
20230525:2010;0
20230525:2110;0
20230525:2210;0
20230525:2310;0
20230526:0010;0
20230526:0110;0
20230526:0210;0
20230526:0310;0
20230526:0410;33.18
20230526:0510;116.57
20230526:0610;304.56
20230526:0710;491.63
20230526:0810;633.12
20230526:0910;579.57
20230526:1010;638.7
20230526:1110;727.37
20230526:1210;666.57
20230526:1310;428.78
20230526:1410;200.33
20230526:1510;250.66
20230526:1610;177.85
20230526:1710;35.63
20230526:1810;0.94
20230526:1910;0
20230526:2010;0
20230526:2110;0
20230526:2210;0
20230526:2310;0
20230527:0010;0
20230527:0110;0
20230527:0210;0
20230527:0310;0
20230527:0410;34.04
20230527:0510;121.04
20230527:0610;310.52
20230527:0710;506.33
20230527:0810;666.18
20230527:0910;779.62
20230527:1010;834.72
20230527:1110;847.66
20230527:1210;799.81
20230527:1310;700.33
20230527:1410;566.61
20230527:1510;379.66
20230527:1610;183.97
20230527:1710;35.56
20230527:1810;3.19
20230527:1910;0
20230527:2010;0
20230527:2110;0
20230527:2210;0
20230527:2310;0
20230528:0010;0
20230528:0110;0
20230528:0210;0
20230528:0310;0
20230528:0410;36.03
20230528:0510;121.92
20230528:0610;305.37
20230528:0710;488.38
20230528:0810;635.91
20230528:0910;743.04
20230528:1010;791.12
20230528:1110;795.57
20230528:1210;754.72
20230528:1310;670.28
20230528:1410;535.55
20230528:1510;365.65
20230528:1610;179.49
20230528:1710;38.19
20230528:1810;3.62
20230528:1910;0
20230528:2010;0
20230528:2110;0
20230528:2210;0
20230528:2310;0
20230529:0010;0
20230529:0110;0
20230529:0210;0
20230529:0310;0
20230529:0410;36.39
20230529:0510;122.73
20230529:0610;302.55
20230529:0710;486.12
20230529:0810;588.6
20230529:0910;736.81
20230529:1010;802.86
20230529:1110;809.01
20230529:1210;774.83
20230529:1310;680.17
20230529:1410;555.23
20230529:1510;373.08
20230529:1610;182.61
20230529:1710;36.76
20230529:1810;3.62
20230529:1910;0
20230529:2010;0
20230529:2110;0
20230529:2210;0
20230529:2310;0
20230530:0010;0
20230530:0110;0
20230530:0210;0
20230530:0310;0
20230530:0410;5.99
20230530:0510;90.2
20230530:0610;213.75
20230530:0710;459.3
20230530:0810;522.79
20230530:0910;585.72
20230530:1010;638.68
20230530:1110;646.01
20230530:1210;542.98
20230530:1310;510.93
20230530:1410;417.85
20230530:1510;311.34
20230530:1610;184.37
20230530:1710;35.17
20230530:1810;6.83
20230530:1910;0
20230530:2010;0
20230530:2110;0
20230530:2210;0
20230530:2310;0
20230531:0010;0
20230531:0110;0
20230531:0210;0
20230531:0310;0
20230531:0410;33.18
20230531:0510;120.24
20230531:0610;300.35
20230531:0710;399.78
20230531:0810;623.85
20230531:0910;728
20230531:1010;775.07
20230531:1110;775.07
20230531:1210;701.38
20230531:1310;576.24
20230531:1410;421.02
20230531:1510;346.3
20230531:1610;171.94
20230531:1710;36.25
20230531:1810;7.3
20230531:1910;0
20230531:2010;0
20230531:2110;0
20230531:2210;0
20230531:2310;0
20230601:0010;0
20230601:0110;0
20230601:0210;0
20230601:0310;0
20230601:0410;29
20230601:0510;118.74
20230601:0610;308.58
20230601:0710;482.17
20230601:0810;615.69
20230601:0910;710.19
20230601:1010;754.42
20230601:1110;763.2
20230601:1210;723.88
20230601:1310;636.98
20230601:1410;512.31
20230601:1510;322.94
20230601:1610;178.73
20230601:1710;38.41
20230601:1810;7.19
20230601:1910;0
20230601:2010;0
20230601:2110;0
20230601:2210;0
20230601:2310;0
20230602:0010;0
20230602:0110;0
20230602:0210;0
20230602:0310;0
20230602:0410;32.33
20230602:0510;116.6
20230602:0610;300.83
20230602:0710;480.76
20230602:0810;626.76
20230602:0910;730.63
20230602:1010;783.23
20230602:1110;787.76
20230602:1210;746.27
20230602:1310;635.91
20230602:1410;461.9
20230602:1510;262.27
20230602:1610;175.68
20230602:1710;56.38
20230602:1810;5.13
20230602:1910;0
20230602:2010;0
20230602:2110;0
20230602:2210;0
20230602:2310;0
20230603:0010;0
20230603:0110;0
20230603:0210;0
20230603:0310;0
20230603:0410;10.09
20230603:0510;123.1
20230603:0610;316.52
20230603:0710;503.38
20230603:0810;649.16
20230603:0910;746.58
20230603:1010;789.25
20230603:1110;769.18
20230603:1210;738.28
20230603:1310;659.49
20230603:1410;538.66
20230603:1510;376.34
20230603:1610;187.75
20230603:1710;37.85
20230603:1810;6.77
20230603:1910;0
20230603:2010;0
20230603:2110;0
20230603:2210;0
20230603:2310;0
20230604:0010;0
20230604:0110;0
20230604:0210;0
20230604:0310;0
20230604:0410;6.51
20230604:0510;22.16
20230604:0610;50.95
20230604:0710;180.07
20230604:0810;156.12
20230604:0910;553.5
20230604:1010;722.79
20230604:1110;529.52
20230604:1210;458.27
20230604:1310;256.79
20230604:1410;291.92
20230604:1510;126.28
20230604:1610;19.23
20230604:1710;44.89
20230604:1810;0
20230604:1910;0
20230604:2010;0
20230604:2110;0
20230604:2210;0
20230604:2310;0
20230605:0010;0
20230605:0110;0
20230605:0210;0
20230605:0310;0
20230605:0410;2.78
20230605:0510;43.1
20230605:0610;139.49
20230605:0710;307.66
20230605:0810;365.08
20230605:0910;371.65
20230605:1010;231.29
20230605:1110;318.95
20230605:1210;188.06
20230605:1310;170.68
20230605:1410;87.32
20230605:1510;81.23
20230605:1610;40.66
20230605:1710;51.83
20230605:1810;0
20230605:1910;0
20230605:2010;0
20230605:2110;0
20230605:2210;0
20230605:2310;0
20230606:0010;0
20230606:0110;0
20230606:0210;0
20230606:0310;0
20230606:0410;2.76
20230606:0510;74.99
20230606:0610;204.39
20230606:0710;0
20230606:0810;242.64
20230606:0910;280.41
20230606:1010;155.41
20230606:1110;327.7
20230606:1210;271.45
20230606:1310;94.42
20230606:1410;142.94
20230606:1510;68.25
20230606:1610;28.62
20230606:1710;11.63
20230606:1810;0.56
20230606:1910;0
20230606:2010;0
20230606:2110;0
20230606:2210;0
20230606:2310;0
20230607:0010;0
20230607:0110;0
20230607:0210;0
20230607:0310;0
20230607:0410;13.61
20230607:0510;52.84
20230607:0610;92.3
20230607:0710;68.79
20230607:0810;104.19
20230607:0910;538.22
20230607:1010;652.89
20230607:1110;571.13
20230607:1210;626.12
20230607:1310;290.29
20230607:1410;155.74
20230607:1510;22.73
20230607:1610;77.8
20230607:1710;49.74
20230607:1810;10.83
20230607:1910;0
20230607:2010;0
20230607:2110;0
20230607:2210;0
20230607:2310;0
20230608:0010;0
20230608:0110;0
20230608:0210;0
20230608:0310;0
20230608:0410;14.34
20230608:0510;105.76
20230608:0610;109.25
20230608:0710;235.67
20230608:0810;335.6
20230608:0910;265.97
20230608:1010;200.42
20230608:1110;190.29
20230608:1210;457.21
20230608:1310;249.16
20230608:1410;194.93
20230608:1510;177.77
20230608:1610;116.79
20230608:1710;4.51
20230608:1810;11.51
20230608:1910;0
20230608:2010;0
20230608:2110;0
20230608:2210;0
20230608:2310;0
20230609:0010;0
20230609:0110;0
20230609:0210;0
20230609:0310;0
20230609:0410;31.99
20230609:0510;38.99
20230609:0610;180.27
20230609:0710;113.38
20230609:0810;312.17
20230609:0910;188.37
20230609:1010;535.47
20230609:1110;637.77
20230609:1210;446.63
20230609:1310;379.36
20230609:1410;256.04
20230609:1510;337.5
20230609:1610;127.24
20230609:1710;4.46
20230609:1810;0
20230609:1910;0
20230609:2010;0
20230609:2110;0
20230609:2210;0
20230609:2310;0
20230610:0010;0
20230610:0110;0
20230610:0210;0
20230610:0310;0
20230610:0410;1.38
20230610:0510;54.19
20230610:0610;82.32
20230610:0710;92.56
20230610:0810;167.18
20230610:0910;169.85
20230610:1010;391.75
20230610:1110;521.62
20230610:1210;500.76
20230610:1310;40.79
20230610:1410;252.59
20230610:1510;54.27
20230610:1610;13.45
20230610:1710;25.88
20230610:1810;11.5
20230610:1910;0
20230610:2010;0
20230610:2110;0
20230610:2210;0
20230610:2310;0
20230611:0010;0
20230611:0110;0
20230611:0210;0
20230611:0310;0
20230611:0410;36.25
20230611:0510;116.9
20230611:0610;65.08
20230611:0710;118.96
20230611:0810;172.19
20230611:0910;118.08
20230611:1010;212.5
20230611:1110;132.03
20230611:1210;334.28
20230611:1310;371.89
20230611:1410;236.44
20230611:1510;217.27
20230611:1610;161.66
20230611:1710;35.98
20230611:1810;6.79
20230611:1910;0
20230611:2010;0
20230611:2110;0
20230611:2210;0
20230611:2310;0
20230612:0010;0
20230612:0110;0
20230612:0210;0
20230612:0310;0
20230612:0410;30.09
20230612:0510;118.13
20230612:0610;204.69
20230612:0710;457.99
20230612:0810;340.91
20230612:0910;0
20230612:1010;521.09
20230612:1110;556.18
20230612:1210;590.98
20230612:1310;668.56
20230612:1410;422.39
20230612:1510;263.8
20230612:1610;192.4
20230612:1710;60.94
20230612:1810;12.17
20230612:1910;0
20230612:2010;0
20230612:2110;0
20230612:2210;0
20230612:2310;0
20230613:0010;0
20230613:0110;0
20230613:0210;0
20230613:0310;0
20230613:0410;32
20230613:0510;119.5
20230613:0610;263.25
20230613:0710;506.02
20230613:0810;604.03
20230613:0910;734.13
20230613:1010;792.04
20230613:1110;808.37
20230613:1210;769.92
20230613:1310;676.51
20230613:1410;542.22
20230613:1510;390.39
20230613:1610;202.11
20230613:1710;40.55
20230613:1810;11.52
20230613:1910;0
20230613:2010;0
20230613:2110;0
20230613:2210;0
20230613:2310;0
20230614:0010;0
20230614:0110;0
20230614:0210;0
20230614:0310;0
20230614:0410;14.64
20230614:0510;122.86
20230614:0610;277.1
20230614:0710;466.64
20230614:0810;579.4
20230614:0910;543.38
20230614:1010;526.64
20230614:1110;524.53
20230614:1210;324.38
20230614:1310;364.15
20230614:1410;342.1
20230614:1510;323.9
20230614:1610;202.87
20230614:1710;41.03
20230614:1810;12.74
20230614:1910;0
20230614:2010;0
20230614:2110;0
20230614:2210;0
20230614:2310;0
20230615:0010;0
20230615:0110;0
20230615:0210;0
20230615:0310;0
20230615:0410;35.57
20230615:0510;118.23
20230615:0610;311.61
20230615:0710;491.34
20230615:0810;613.64
20230615:0910;645.72
20230615:1010;663.34
20230615:1110;721.21
20230615:1210;745.22
20230615:1310;655.32
20230615:1410;476.1
20230615:1510;360.55
20230615:1610;184.94
20230615:1710;46.38
20230615:1810;13.92
20230615:1910;0
20230615:2010;0
20230615:2110;0
20230615:2210;0
20230615:2310;0
20230616:0010;0
20230616:0110;0
20230616:0210;0
20230616:0310;0
20230616:0410;32.35
20230616:0510;115.97
20230616:0610;309.5
20230616:0710;488.31
20230616:0810;636.93
20230616:0910;736.74
20230616:1010;797.71
20230616:1110;804.61
20230616:1210;406.56
20230616:1310;640.54
20230616:1410;534.46
20230616:1510;382.2
20230616:1610;189.45
20230616:1710;50.44
20230616:1810;13.99
20230616:1910;0
20230616:2010;0
20230616:2110;0
20230616:2210;0
20230616:2310;0
20230617:0010;0
20230617:0110;0
20230617:0210;0
20230617:0310;0
20230617:0410;1.83
20230617:0510;94.94
20230617:0610;310.48
20230617:0710;490.05
20230617:0810;637.41
20230617:0910;631.16
20230617:1010;583.89
20230617:1110;483.38
20230617:1210;434.04
20230617:1310;559.13
20230617:1410;523.98
20230617:1510;289.92
20230617:1610;157.61
20230617:1710;56.47
20230617:1810;13.85
20230617:1910;0
20230617:2010;0
20230617:2110;0
20230617:2210;0
20230617:2310;0
20230618:0010;0
20230618:0110;0
20230618:0210;0
20230618:0310;0
20230618:0410;40.24
20230618:0510;117.06
20230618:0610;293.82
20230618:0710;459.87
20230618:0810;597.08
20230618:0910;679.2
20230618:1010;727.29
20230618:1110;643.53
20230618:1210;727.37
20230618:1310;643.45
20230618:1410;529.97
20230618:1510;371.79
20230618:1610;183.67
20230618:1710;49.68
20230618:1810;14.91
20230618:1910;0
20230618:2010;0
20230618:2110;0
20230618:2210;0
20230618:2310;0
20230619:0010;0
20230619:0110;0
20230619:0210;0
20230619:0310;0
20230619:0410;37.99
20230619:0510;113.15
20230619:0610;286.07
20230619:0710;454.25
20230619:0810;595.2
20230619:0910;684.28
20230619:1010;691.23
20230619:1110;717.31
20230619:1210;700.47
20230619:1310;614.12
20230619:1410;515.66
20230619:1510;367.85
20230619:1610;189.35
20230619:1710;45.57
20230619:1810;14.13
20230619:1910;0
20230619:2010;0
20230619:2110;0
20230619:2210;0
20230619:2310;0
20230620:0010;0
20230620:0110;0
20230620:0210;0
20230620:0310;0
20230620:0410;33.09
20230620:0510;109.7
20230620:0610;281.33
20230620:0710;290.66
20230620:0810;534.99
20230620:0910;682.33
20230620:1010;738.92
20230620:1110;759.95
20230620:1210;713.24
20230620:1310;633.71
20230620:1410;505.18
20230620:1510;359.41
20230620:1610;178.86
20230620:1710;63.59
20230620:1810;3.46
20230620:1910;0
20230620:2010;0
20230620:2110;0
20230620:2210;0
20230620:2310;0
20230621:0010;0
20230621:0110;0
20230621:0210;0
20230621:0310;0
20230621:0410;1.33
20230621:0510;71
20230621:0610;180.7
20230621:0710;359.58
20230621:0810;574.82
20230621:0910;657.05
20230621:1010;699.38
20230621:1110;705.11
20230621:1210;675.93
20230621:1310;590.23
20230621:1410;502.87
20230621:1510;327.27
20230621:1610;168.51
20230621:1710;51.4
20230621:1810;2.51
20230621:1910;0
20230621:2010;0
20230621:2110;0
20230621:2210;0
20230621:2310;0
20230622:0010;0
20230622:0110;0
20230622:0210;0
20230622:0310;0
20230622:0410;36.89
20230622:0510;110.38
20230622:0610;268.03
20230622:0710;434.05
20230622:0810;573.26
20230622:0910;672.57
20230622:1010;730.6
20230622:1110;733.07
20230622:1210;683.78
20230622:1310;630.34
20230622:1410;509.44
20230622:1510;244.44
20230622:1610;178.74
20230622:1710;59.45
20230622:1810;13.87
20230622:1910;0
20230622:2010;0
20230622:2110;0
20230622:2210;0
20230622:2310;0
20230623:0010;0
20230623:0110;0
20230623:0210;0
20230623:0310;0
20230623:0410;33.53
20230623:0510;111.81
20230623:0610;268.77
20230623:0710;444.07
20230623:0810;589.09
20230623:0910;641.74
20230623:1010;709.25
20230623:1110;507.35
20230623:1210;51.85
20230623:1310;40.94
20230623:1410;33.06
20230623:1510;72
20230623:1610;15.15
20230623:1710;6.57
20230623:1810;0.19
20230623:1910;0
20230623:2010;0
20230623:2110;0
20230623:2210;0
20230623:2310;0
20230624:0010;0
20230624:0110;0
20230624:0210;0
20230624:0310;0
20230624:0410;31.62
20230624:0510;77.97
20230624:0610;74.29
20230624:0710;96.91
20230624:0810;152.64
20230624:0910;112.99
20230624:1010;120.12
20230624:1110;108.72
20230624:1210;87.72
20230624:1310;82.84
20230624:1410;91.42
20230624:1510;250.27
20230624:1610;177.45
20230624:1710;68.07
20230624:1810;12.75
20230624:1910;0
20230624:2010;0
20230624:2110;0
20230624:2210;0
20230624:2310;0
20230625:0010;0
20230625:0110;0
20230625:0210;0
20230625:0310;0
20230625:0410;1.38
20230625:0510;45.51
20230625:0610;277.75
20230625:0710;469.33
20230625:0810;613.99
20230625:0910;655.6
20230625:1010;627.17
20230625:1110;681.8
20230625:1210;634.24
20230625:1310;645.72
20230625:1410;499.19
20230625:1510;342.64
20230625:1610;193.77
20230625:1710;47.47
20230625:1810;14.9
20230625:1910;0
20230625:2010;0
20230625:2110;0
20230625:2210;0
20230625:2310;0
20230626:0010;0
20230626:0110;0
20230626:0210;0
20230626:0310;0
20230626:0410;30.6
20230626:0510;107.97
20230626:0610;290.5
20230626:0710;460.5
20230626:0810;599.69
20230626:0910;689.76
20230626:1010;743.4
20230626:1110;771.42
20230626:1210;730.51
20230626:1310;656.21
20230626:1410;540.41
20230626:1510;364.61
20230626:1610;195.16
20230626:1710;47.79
20230626:1810;15.35
20230626:1910;0
20230626:2010;0
20230626:2110;0
20230626:2210;0
20230626:2310;0
20230627:0010;0
20230627:0110;0
20230627:0210;0
20230627:0310;0
20230627:0410;1.32
20230627:0510;29.36
20230627:0610;33.7
20230627:0710;40.44
20230627:0810;70.28
20230627:0910;52.61
20230627:1010;127.6
20230627:1110;228.1
20230627:1210;152.89
20230627:1310;85.99
20230627:1410;90.52
20230627:1510;165.73
20230627:1610;140.7
20230627:1710;55.87
20230627:1810;12
20230627:1910;0
20230627:2010;0
20230627:2110;0
20230627:2210;0
20230627:2310;0
20230628:0010;0
20230628:0110;0
20230628:0210;0
20230628:0310;0
20230628:0410;1.39
20230628:0510;42.9
20230628:0610;287.18
20230628:0710;487.07
20230628:0810;637.23
20230628:0910;732.86
20230628:1010;801.48
20230628:1110;792.23
20230628:1210;750.65
20230628:1310;183.25
20230628:1410;362.06
20230628:1510;83.5
20230628:1610;101.3
20230628:1710;63.13
20230628:1810;15.1
20230628:1910;0
20230628:2010;0
20230628:2110;0
20230628:2210;0
20230628:2310;0
20230629:0010;0
20230629:0110;0
20230629:0210;0
20230629:0310;0
20230629:0410;29.42
20230629:0510;106.83
20230629:0610;297.28
20230629:0710;474.21
20230629:0810;613.44
20230629:0910;707
20230629:1010;758.68
20230629:1110;766.85
20230629:1210;725.3
20230629:1310;648.04
20230629:1410;538.26
20230629:1510;384.91
20230629:1610;200.03
20230629:1710;47.51
20230629:1810;14.9
20230629:1910;0
20230629:2010;0
20230629:2110;0
20230629:2210;0
20230629:2310;0
20230630:0010;0
20230630:0110;0
20230630:0210;0
20230630:0310;0
20230630:0410;35.27
20230630:0510;108.13
20230630:0610;253.44
20230630:0710;432.36
20230630:0810;560.28
20230630:0910;678.87
20230630:1010;739.46
20230630:1110;0
20230630:1210;725.5
20230630:1310;660.02
20230630:1410;521.19
20230630:1510;374.83
20230630:1610;29.01
20230630:1710;21.54
20230630:1810;1.27
20230630:1910;0
20230630:2010;0
20230630:2110;0
20230630:2210;0
20230630:2310;0
20230701:0010;0
20230701:0110;0
20230701:0210;0
20230701:0310;0
20230701:0410;1.35
20230701:0510;36.2
20230701:0610;65.86
20230701:0710;227.73
20230701:0810;195.78
20230701:0910;169.5
20230701:1010;290.38
20230701:1110;247.19
20230701:1210;192.51
20230701:1310;169.23
20230701:1410;162.2
20230701:1510;242.26
20230701:1610;176.79
20230701:1710;27.79
20230701:1810;15.09
20230701:1910;0
20230701:2010;0
20230701:2110;0
20230701:2210;0
20230701:2310;0
20230702:0010;0
20230702:0110;0
20230702:0210;0
20230702:0310;0
20230702:0410;1.34
20230702:0510;12.94
20230702:0610;133.53
20230702:0710;412.05
20230702:0810;618.06
20230702:0910;558.76
20230702:1010;364.71
20230702:1110;482.56
20230702:1210;701.11
20230702:1310;683.9
20230702:1410;567.12
20230702:1510;393.82
20230702:1610;202.26
20230702:1710;49.16
20230702:1810;15.02
20230702:1910;0
20230702:2010;0
20230702:2110;0
20230702:2210;0
20230702:2310;0
20230703:0010;0
20230703:0110;0
20230703:0210;0
20230703:0310;0
20230703:0410;34.76
20230703:0510;83.86
20230703:0610;248.55
20230703:0710;265.51
20230703:0810;533.36
20230703:0910;509.92
20230703:1010;576.64
20230703:1110;497.43
20230703:1210;442.26
20230703:1310;516.94
20230703:1410;299.21
20230703:1510;247.49
20230703:1610;186.66
20230703:1710;62.89
20230703:1810;3.06
20230703:1910;0
20230703:2010;0
20230703:2110;0
20230703:2210;0
20230703:2310;0
20230704:0010;0
20230704:0110;0
20230704:0210;0
20230704:0310;0
20230704:0410;31.13
20230704:0510;103.88
20230704:0610;271.87
20230704:0710;439.63
20230704:0810;533.84
20230704:0910;311.68
20230704:1010;416.76
20230704:1110;732.82
20230704:1210;352.11
20230704:1310;637.01
20230704:1410;523
20230704:1510;361.81
20230704:1610;180.77
20230704:1710;15.73
20230704:1810;14.85
20230704:1910;0
20230704:2010;0
20230704:2110;0
20230704:2210;0
20230704:2310;0
20230705:0010;0
20230705:0110;0
20230705:0210;0
20230705:0310;0
20230705:0410;0.96
20230705:0510;87.37
20230705:0610;249.07
20230705:0710;0
20230705:0810;530.44
20230705:0910;658.37
20230705:1010;653.54
20230705:1110;756.1
20230705:1210;58.77
20230705:1310;44.74
20230705:1410;53.68
20230705:1510;75.74
20230705:1610;115.47
20230705:1710;47.15
20230705:1810;14.89
20230705:1910;0
20230705:2010;0
20230705:2110;0
20230705:2210;0
20230705:2310;0
20230706:0010;0
20230706:0110;0
20230706:0210;0
20230706:0310;0
20230706:0410;0.95
20230706:0510;49.03
20230706:0610;190.46
20230706:0710;270.77
20230706:0810;476.43
20230706:0910;629.17
20230706:1010;686.59
20230706:1110;540.01
20230706:1210;701.25
20230706:1310;561.32
20230706:1410;479.71
20230706:1510;304.16
20230706:1610;195.55
20230706:1710;66.15
20230706:1810;13.06
20230706:1910;0
20230706:2010;0
20230706:2110;0
20230706:2210;0
20230706:2310;0
20230707:0010;0
20230707:0110;0
20230707:0210;0
20230707:0310;0
20230707:0410;32.41
20230707:0510;101.59
20230707:0610;277.73
20230707:0710;455.65
20230707:0810;596.3
20230707:0910;691.51
20230707:1010;745.33
20230707:1110;712.89
20230707:1210;722.12
20230707:1310;631.89
20230707:1410;523.22
20230707:1510;385.51
20230707:1610;200.41
20230707:1710;51.59
20230707:1810;14.18
20230707:1910;0
20230707:2010;0
20230707:2110;0
20230707:2210;0
20230707:2310;0
20230708:0010;0
20230708:0110;0
20230708:0210;0
20230708:0310;0
20230708:0410;27.35
20230708:0510;105.89
20230708:0610;271.1
20230708:0710;447.12
20230708:0810;580.7
20230708:0910;640.79
20230708:1010;759.53
20230708:1110;772.7
20230708:1210;725.67
20230708:1310;574.78
20230708:1410;551.61
20230708:1510;377.42
20230708:1610;144.75
20230708:1710;54.22
20230708:1810;13.45
20230708:1910;0
20230708:2010;0
20230708:2110;0
20230708:2210;0
20230708:2310;0
20230709:0010;0
20230709:0110;0
20230709:0210;0
20230709:0310;0
20230709:0410;30.16
20230709:0510;97.59
20230709:0610;267.14
20230709:0710;432.82
20230709:0810;565.75
20230709:0910;648.95
20230709:1010;703.6
20230709:1110;721.82
20230709:1210;693.37
20230709:1310;630.64
20230709:1410;520.95
20230709:1510;364.63
20230709:1610;190.95
20230709:1710;57.72
20230709:1810;13.29
20230709:1910;0
20230709:2010;0
20230709:2110;0
20230709:2210;0
20230709:2310;0
20230710:0010;0
20230710:0110;0
20230710:0210;0
20230710:0310;0
20230710:0410;5.78
20230710:0510;99.55
20230710:0610;253.33
20230710:0710;420.98
20230710:0810;552.36
20230710:0910;633
20230710:1010;686.44
20230710:1110;642.3
20230710:1210;666.16
20230710:1310;428.35
20230710:1410;67.72
20230710:1510;53.64
20230710:1610;170.65
20230710:1710;59.58
20230710:1810;12.74
20230710:1910;0
20230710:2010;0
20230710:2110;0
20230710:2210;0
20230710:2310;0
20230711:0010;0
20230711:0110;0
20230711:0210;0
20230711:0310;0
20230711:0410;17.66
20230711:0510;98.4
20230711:0610;227.37
20230711:0710;390.09
20230711:0810;543.16
20230711:0910;645.56
20230711:1010;705.68
20230711:1110;714.49
20230711:1210;689.63
20230711:1310;616.26
20230711:1410;505.11
20230711:1510;359.47
20230711:1610;187.5
20230711:1710;55.73
20230711:1810;9.16
20230711:1910;0
20230711:2010;0
20230711:2110;0
20230711:2210;0
20230711:2310;0
20230712:0010;0
20230712:0110;0
20230712:0210;0
20230712:0310;0
20230712:0410;1.73
20230712:0510;42.77
20230712:0610;200.46
20230712:0710;399.25
20230712:0810;560.86
20230712:0910;668.41
20230712:1010;574.75
20230712:1110;685.69
20230712:1210;599.9
20230712:1310;551.01
20230712:1410;315.56
20230712:1510;282.77
20230712:1610;143.22
20230712:1710;48.11
20230712:1810;12.63
20230712:1910;0
20230712:2010;0
20230712:2110;0
20230712:2210;0
20230712:2310;0
20230713:0010;0
20230713:0110;0
20230713:0210;0
20230713:0310;0
20230713:0410;0.55
20230713:0510;76.57
20230713:0610;22.94
20230713:0710;148.23
20230713:0810;582.82
20230713:0910;565.64
20230713:1010;521.28
20230713:1110;433.06
20230713:1210;673.46
20230713:1310;494.78
20230713:1410;102.79
20230713:1510;23.05
20230713:1610;40.11
20230713:1710;27.99
20230713:1810;1.69
20230713:1910;0
20230713:2010;0
20230713:2110;0
20230713:2210;0
20230713:2310;0
20230714:0010;0
20230714:0110;0
20230714:0210;0
20230714:0310;0
20230714:0410;23.81
20230714:0510;92.04
20230714:0610;274.77
20230714:0710;453.06
20230714:0810;581.79
20230714:0910;671.04
20230714:1010;699.05
20230714:1110;705.29
20230714:1210;694.86
20230714:1310;623.91
20230714:1410;455.79
20230714:1510;377.56
20230714:1610;165.48
20230714:1710;44.82
20230714:1810;0
20230714:1910;0
20230714:2010;0
20230714:2110;0
20230714:2210;0
20230714:2310;0
20230715:0010;0
20230715:0110;0
20230715:0210;0
20230715:0310;0
20230715:0410;23.92
20230715:0510;89.98
20230715:0610;272.79
20230715:0710;449.28
20230715:0810;590.84
20230715:0910;687.29
20230715:1010;750.52
20230715:1110;768.7
20230715:1210;730.51
20230715:1310;661.61
20230715:1410;539.35
20230715:1510;383.34
20230715:1610;198.42
20230715:1710;44.95
20230715:1810;11.43
20230715:1910;0
20230715:2010;0
20230715:2110;0
20230715:2210;0
20230715:2310;0
20230716:0010;0
20230716:0110;0
20230716:0210;0
20230716:0310;0
20230716:0410;24.09
20230716:0510;89.37
20230716:0610;257.56
20230716:0710;438.11
20230716:0810;588.6
20230716:0910;692.98
20230716:1010;741.2
20230716:1110;762.04
20230716:1210;717.72
20230716:1310;628.42
20230716:1410;518.25
20230716:1510;368.64
20230716:1610;191.91
20230716:1710;48.26
20230716:1810;2.93
20230716:1910;0
20230716:2010;0
20230716:2110;0
20230716:2210;0
20230716:2310;0
20230717:0010;0
20230717:0110;0
20230717:0210;0
20230717:0310;0
20230717:0410;20.9
20230717:0510;91.39
20230717:0610;250.47
20230717:0710;341.16
20230717:0810;229.14
20230717:0910;140.54
20230717:1010;196.08
20230717:1110;531.77
20230717:1210;486.77
20230717:1310;250.49
20230717:1410;478.85
20230717:1510;367.67
20230717:1610;193.79
20230717:1710;48.1
20230717:1810;10.36
20230717:1910;0
20230717:2010;0
20230717:2110;0
20230717:2210;0
20230717:2310;0
20230718:0010;0
20230718:0110;0
20230718:0210;0
20230718:0310;0
20230718:0410;23.37
20230718:0510;90.58
20230718:0610;259.94
20230718:0710;435.01
20230718:0810;576.69
20230718:0910;665.14
20230718:1010;709.33
20230718:1110;713.27
20230718:1210;659.28
20230718:1310;580.11
20230718:1410;515.87
20230718:1510;360.89
20230718:1610;47.13
20230718:1710;22.62
20230718:1810;5.4
20230718:1910;0
20230718:2010;0
20230718:2110;0
20230718:2210;0
20230718:2310;0
20230719:0010;0
20230719:0110;0
20230719:0210;0
20230719:0310;0
20230719:0410;1.3
20230719:0510;39.14
20230719:0610;148.56
20230719:0710;294.22
20230719:0810;270.72
20230719:0910;441.1
20230719:1010;384.43
20230719:1110;764.18
20230719:1210;729.96
20230719:1310;626.12
20230719:1410;462.08
20230719:1510;326.42
20230719:1610;156.95
20230719:1710;47.62
20230719:1810;9.86
20230719:1910;0
20230719:2010;0
20230719:2110;0
20230719:2210;0
20230719:2310;0
20230720:0010;0
20230720:0110;0
20230720:0210;0
20230720:0310;0
20230720:0410;19
20230720:0510;36.5
20230720:0610;254.05
20230720:0710;422.2
20230720:0810;458.41
20230720:0910;659.24
20230720:1010;696.33
20230720:1110;726.35
20230720:1210;730.81
20230720:1310;663.67
20230720:1410;531.46
20230720:1510;376.59
20230720:1610;196.22
20230720:1710;46.96
20230720:1810;9.33
20230720:1910;0
20230720:2010;0
20230720:2110;0
20230720:2210;0
20230720:2310;0
20230721:0010;0
20230721:0110;0
20230721:0210;0
20230721:0310;0
20230721:0410;0.21
20230721:0510;6.74
20230721:0610;40.01
20230721:0710;45.47
20230721:0810;158.38
20230721:0910;306.47
20230721:1010;179.44
20230721:1110;134.44
20230721:1210;714.47
20230721:1310;520.49
20230721:1410;292.27
20230721:1510;93.79
20230721:1610;12.56
20230721:1710;4.37
20230721:1810;8.88
20230721:1910;0
20230721:2010;0
20230721:2110;0
20230721:2210;0
20230721:2310;0
20230722:0010;0
20230722:0110;0
20230722:0210;0
20230722:0310;0
20230722:0410;16.6
20230722:0510;87.47
20230722:0610;245.6
20230722:0710;449.33
20230722:0810;430.94
20230722:0910;621.33
20230722:1010;748.91
20230722:1110;763.53
20230722:1210;657.96
20230722:1310;528.21
20230722:1410;308.52
20230722:1510;229.43
20230722:1610;198.05
20230722:1710;51.78
20230722:1810;6.18
20230722:1910;0
20230722:2010;0
20230722:2110;0
20230722:2210;0
20230722:2310;0
20230723:0010;0
20230723:0110;0
20230723:0210;0
20230723:0310;0
20230723:0410;20.26
20230723:0510;85.84
20230723:0610;258.08
20230723:0710;433.96
20230723:0810;578.77
20230723:0910;677.24
20230723:1010;741.23
20230723:1110;754.99
20230723:1210;720.83
20230723:1310;567.96
20230723:1410;530.14
20230723:1510;373.58
20230723:1610;136.61
20230723:1710;46.92
20230723:1810;7.07
20230723:1910;0
20230723:2010;0
20230723:2110;0
20230723:2210;0
20230723:2310;0
20230724:0010;0
20230724:0110;0
20230724:0210;0
20230724:0310;0
20230724:0410;4.69
20230724:0510;62.58
20230724:0610;242.97
20230724:0710;322.56
20230724:0810;554.2
20230724:0910;611.64
20230724:1010;734.67
20230724:1110;728.95
20230724:1210;313.83
20230724:1310;485.63
20230724:1410;203.72
20230724:1510;204.28
20230724:1610;30.54
20230724:1710;17.83
20230724:1810;0.84
20230724:1910;0
20230724:2010;0
20230724:2110;0
20230724:2210;0
20230724:2310;0
20230725:0010;0
20230725:0110;0
20230725:0210;0
20230725:0310;0
20230725:0410;18.29
20230725:0510;13.48
20230725:0610;18.11
20230725:0710;32.07
20230725:0810;44.61
20230725:0910;66.95
20230725:1010;137.83
20230725:1110;94.51
20230725:1210;529.91
20230725:1310;381.1
20230725:1410;509.7
20230725:1510;370.45
20230725:1610;188.2
20230725:1710;56.43
20230725:1810;5.17
20230725:1910;0
20230725:2010;0
20230725:2110;0
20230725:2210;0
20230725:2310;0
20230726:0010;0
20230726:0110;0
20230726:0210;0
20230726:0310;0
20230726:0410;0
20230726:0510;6.26
20230726:0610;24.77
20230726:0710;120.21
20230726:0810;190.73
20230726:0910;509.55
20230726:1010;214.91
20230726:1110;337.08
20230726:1210;674.35
20230726:1310;387.66
20230726:1410;433.01
20230726:1510;267.56
20230726:1610;123.29
20230726:1710;56.95
20230726:1810;4.2
20230726:1910;0
20230726:2010;0
20230726:2110;0
20230726:2210;0
20230726:2310;0
20230727:0010;0
20230727:0110;0
20230727:0210;0
20230727:0310;0
20230727:0410;18.36
20230727:0510;83.39
20230727:0610;268.8
20230727:0710;452.39
20230727:0810;596.54
20230727:0910;611.63
20230727:1010;745.08
20230727:1110;752.85
20230727:1210;636.18
20230727:1310;616.99
20230727:1410;365.47
20230727:1510;357.62
20230727:1610;179.14
20230727:1710;49.94
20230727:1810;5.08
20230727:1910;0
20230727:2010;0
20230727:2110;0
20230727:2210;0
20230727:2310;0
20230728:0010;0
20230728:0110;0
20230728:0210;0
20230728:0310;0
20230728:0410;0
20230728:0510;20.44
20230728:0610;133.32
20230728:0710;423.09
20230728:0810;570.83
20230728:0910;670.55
20230728:1010;348.01
20230728:1110;627.21
20230728:1210;699.68
20230728:1310;54.98
20230728:1410;120.8
20230728:1510;166.39
20230728:1610;125.17
20230728:1710;30.64
20230728:1810;1.69
20230728:1910;0
20230728:2010;0
20230728:2110;0
20230728:2210;0
20230728:2310;0
20230729:0010;0
20230729:0110;0
20230729:0210;0
20230729:0310;0
20230729:0410;9.7
20230729:0510;40.44
20230729:0610;167.02
20230729:0710;290.82
20230729:0810;574.9
20230729:0910;649.55
20230729:1010;573.62
20230729:1110;530.65
20230729:1210;152.01
20230729:1310;256.89
20230729:1410;62.45
20230729:1510;215.74
20230729:1610;181.22
20230729:1710;38.54
20230729:1810;3.96
20230729:1910;0
20230729:2010;0
20230729:2110;0
20230729:2210;0
20230729:2310;0
20230730:0010;0
20230730:0110;0
20230730:0210;0
20230730:0310;0
20230730:0410;3.14
20230730:0510;7.32
20230730:0610;35.13
20230730:0710;46.23
20230730:0810;393.39
20230730:0910;579.08
20230730:1010;351.62
20230730:1110;213.17
20230730:1210;399.26
20230730:1310;650.01
20230730:1410;59.11
20230730:1510;329.07
20230730:1610;120.72
20230730:1710;46.69
20230730:1810;2.59
20230730:1910;0
20230730:2010;0
20230730:2110;0
20230730:2210;0
20230730:2310;0
20230731:0010;0
20230731:0110;0
20230731:0210;0
20230731:0310;0
20230731:0410;1.78
20230731:0510;80.13
20230731:0610;164.01
20230731:0710;404.49
20230731:0810;594.77
20230731:0910;696.54
20230731:1010;751.84
20230731:1110;719.23
20230731:1210;709.82
20230731:1310;650.82
20230731:1410;463.35
20230731:1510;351.35
20230731:1610;166.39
20230731:1710;39.62
20230731:1810;2.57
20230731:1910;0
20230731:2010;0
20230731:2110;0
20230731:2210;0
20230731:2310;0
20230801:0010;0
20230801:0110;0
20230801:0210;0
20230801:0310;0
20230801:0410;2.7
20230801:0510;6.18
20230801:0610;27.78
20230801:0710;42.16
20230801:0810;51.89
20230801:0910;72.67
20230801:1010;79.82
20230801:1110;89.31
20230801:1210;60
20230801:1310;50.19
20230801:1410;39.09
20230801:1510;30.34
20230801:1610;16.99
20230801:1710;17
20230801:1810;0
20230801:1910;0
20230801:2010;0
20230801:2110;0
20230801:2210;0
20230801:2310;0
20230802:0010;0
20230802:0110;0
20230802:0210;0
20230802:0310;0
20230802:0410;13.57
20230802:0510;72.71
20230802:0610;242.28
20230802:0710;371.16
20230802:0810;541.55
20230802:0910;664.49
20230802:1010;512.83
20230802:1110;692.12
20230802:1210;736.17
20230802:1310;656.99
20230802:1410;534.7
20230802:1510;326.78
20230802:1610;184.17
20230802:1710;38.88
20230802:1810;1.29
20230802:1910;0
20230802:2010;0
20230802:2110;0
20230802:2210;0
20230802:2310;0
20230803:0010;0
20230803:0110;0
20230803:0210;0
20230803:0310;0
20230803:0410;0
20230803:0510;48.28
20230803:0610;42.31
20230803:0710;55.22
20230803:0810;52.99
20230803:0910;84.46
20230803:1010;82.85
20230803:1110;101.33
20230803:1210;75.6
20230803:1310;75.51
20230803:1410;39.88
20230803:1510;38.41
20230803:1610;21.35
20230803:1710;6.66
20230803:1810;0
20230803:1910;0
20230803:2010;0
20230803:2110;0
20230803:2210;0
20230803:2310;0
20230804:0010;0
20230804:0110;0
20230804:0210;0
20230804:0310;0
20230804:0410;0
20230804:0510;51.58
20230804:0610;44.43
20230804:0710;165.15
20230804:0810;333.11
20230804:0910;232.52
20230804:1010;74.49
20230804:1110;146.4
20230804:1210;94.15
20230804:1310;95.61
20230804:1410;101.74
20230804:1510;106.53
20230804:1610;130.77
20230804:1710;42.56
20230804:1810;0
20230804:1910;0
20230804:2010;0
20230804:2110;0
20230804:2210;0
20230804:2310;0
20230805:0010;0
20230805:0110;0
20230805:0210;0
20230805:0310;0
20230805:0410;0
20230805:0510;23.39
20230805:0610;28.41
20230805:0710;42.43
20230805:0810;58.55
20230805:0910;102.04
20230805:1010;84.5
20230805:1110;102.04
20230805:1210;93.09
20230805:1310;113.9
20230805:1410;110.8
20230805:1510;53.13
20230805:1610;34.96
20230805:1710;35.62
20230805:1810;0
20230805:1910;0
20230805:2010;0
20230805:2110;0
20230805:2210;0
20230805:2310;0
20230806:0010;0
20230806:0110;0
20230806:0210;0
20230806:0310;0
20230806:0410;7.53
20230806:0510;11.25
20230806:0610;110.32
20230806:0710;70.22
20230806:0810;166.48
20230806:0910;145.28
20230806:1010;103.23
20230806:1110;173.78
20230806:1210;119.48
20230806:1310;169.58
20230806:1410;186.44
20230806:1510;168.91
20230806:1610;125.23
20230806:1710;31.24
20230806:1810;0
20230806:1910;0
20230806:2010;0
20230806:2110;0
20230806:2210;0
20230806:2310;0
20230807:0010;0
20230807:0110;0
20230807:0210;0
20230807:0310;0
20230807:0410;0
20230807:0510;68.56
20230807:0610;106.48
20230807:0710;94.15
20230807:0810;278.89
20230807:0910;124.33
20230807:1010;208.81
20230807:1110;132.7
20230807:1210;111.5
20230807:1310;331.15
20230807:1410;339.2
20230807:1510;331.82
20230807:1610;175.17
20230807:1710;38.34
20230807:1810;0
20230807:1910;0
20230807:2010;0
20230807:2110;0
20230807:2210;0
20230807:2310;0
20230808:0010;0
20230808:0110;0
20230808:0210;0
20230808:0310;0
20230808:0410;0.61
20230808:0510;14.69
20230808:0610;182.36
20230808:0710;361.97
20230808:0810;329.43
20230808:0910;684.14
20230808:1010;750
20230808:1110;718.62
20230808:1210;729.76
20230808:1310;625.03
20230808:1410;439.6
20230808:1510;298.64
20230808:1610;154.28
20230808:1710;31.6
20230808:1810;0
20230808:1910;0
20230808:2010;0
20230808:2110;0
20230808:2210;0
20230808:2310;0
20230809:0010;0
20230809:0110;0
20230809:0210;0
20230809:0310;0
20230809:0410;0
20230809:0510;5.78
20230809:0610;32.84
20230809:0710;109.15
20230809:0810;88.82
20230809:0910;106.75
20230809:1010;86.12
20230809:1110;95.72
20230809:1210;102.62
20230809:1310;280.18
20230809:1410;226.11
20230809:1510;95.82
20230809:1610;100.51
20230809:1710;34.95
20230809:1810;0
20230809:1910;0
20230809:2010;0
20230809:2110;0
20230809:2210;0
20230809:2310;0
20230810:0010;0
20230810:0110;0
20230810:0210;0
20230810:0310;0
20230810:0410;6.5
20230810:0510;25.98
20230810:0610;244.12
20230810:0710;394.04
20230810:0810;472.98
20230810:0910;435.27
20230810:1010;328.32
20230810:1110;229.19
20230810:1210;61.42
20230810:1310;587.25
20230810:1410;312.91
20230810:1510;201.49
20230810:1610;176.76
20230810:1710;30.32
20230810:1810;0
20230810:1910;0
20230810:2010;0
20230810:2110;0
20230810:2210;0
20230810:2310;0
20230811:0010;0
20230811:0110;0
20230811:0210;0
20230811:0310;0
20230811:0410;4.91
20230811:0510;65.8
20230811:0610;251.19
20230811:0710;434.73
20230811:0810;585.56
20230811:0910;689.49
20230811:1010;741.85
20230811:1110;744.76
20230811:1210;710.45
20230811:1310;639.88
20230811:1410;512.75
20230811:1510;357.95
20230811:1610;170.18
20230811:1710;27.92
20230811:1810;0
20230811:1910;0
20230811:2010;0
20230811:2110;0
20230811:2210;0
20230811:2310;0
20230812:0010;0
20230812:0110;0
20230812:0210;0
20230812:0310;0
20230812:0410;4.8
20230812:0510;64.29
20230812:0610;246.75
20230812:0710;424.05
20230812:0810;581.67
20230812:0910;694.66
20230812:1010;759.48
20230812:1110;773.92
20230812:1210;734.44
20230812:1310;656.02
20230812:1410;524.3
20230812:1510;362.2
20230812:1610;166.89
20230812:1710;29.47
20230812:1810;0
20230812:1910;0
20230812:2010;0
20230812:2110;0
20230812:2210;0
20230812:2310;0
20230813:0010;0
20230813:0110;0
20230813:0210;0
20230813:0310;0
20230813:0410;2.25
20230813:0510;61.24
20230813:0610;235.94
20230813:0710;367.02
20230813:0810;536.58
20230813:0910;639.14
20230813:1010;694.67
20230813:1110;714.23
20230813:1210;694.35
20230813:1310;621.42
20230813:1410;498.38
20230813:1510;350.92
20230813:1610;159.52
20230813:1710;32.37
20230813:1810;0
20230813:1910;0
20230813:2010;0
20230813:2110;0
20230813:2210;0
20230813:2310;0
20230814:0010;0
20230814:0110;0
20230814:0210;0
20230814:0310;0
20230814:0410;1.35
20230814:0510;62.18
20230814:0610;237.62
20230814:0710;421.15
20230814:0810;575.03
20230814:0910;686.51
20230814:1010;746.47
20230814:1110;760.47
20230814:1210;723.98
20230814:1310;640.03
20230814:1410;509.16
20230814:1510;344.36
20230814:1610;161.98
20230814:1710;25.39
20230814:1810;0
20230814:1910;0
20230814:2010;0
20230814:2110;0
20230814:2210;0
20230814:2310;0
20230815:0010;0
20230815:0110;0
20230815:0210;0
20230815:0310;0
20230815:0410;1.35
20230815:0510;60.17
20230815:0610;236.83
20230815:0710;420.26
20230815:0810;573.59
20230815:0910;687.65
20230815:1010;746.5
20230815:1110;764.7
20230815:1210;728.97
20230815:1310;646.02
20230815:1410;519.76
20230815:1510;346.79
20230815:1610;156.62
20230815:1710;25.45
20230815:1810;0
20230815:1910;0
20230815:2010;0
20230815:2110;0
20230815:2210;0
20230815:2310;0
20230816:0010;0
20230816:0110;0
20230816:0210;0
20230816:0310;0
20230816:0410;0
20230816:0510;41.92
20230816:0610;231.21
20230816:0710;377.97
20230816:0810;529.56
20230816:0910;629.5
20230816:1010;686.01
20230816:1110;706.39
20230816:1210;658.73
20230816:1310;573.07
20230816:1410;267.65
20230816:1510;48.13
20230816:1610;47.68
20230816:1710;2.34
20230816:1810;0
20230816:1910;0
20230816:2010;0
20230816:2110;0
20230816:2210;0
20230816:2310;0
20230817:0010;0
20230817:0110;0
20230817:0210;0
20230817:0310;0
20230817:0410;0.56
20230817:0510;59.11
20230817:0610;223.83
20230817:0710;406.97
20230817:0810;581.56
20230817:0910;451.38
20230817:1010;607.77
20230817:1110;718.37
20230817:1210;560.05
20230817:1310;311.32
20230817:1410;169.77
20230817:1510;237.33
20230817:1610;146.13
20230817:1710;25.67
20230817:1810;0
20230817:1910;0
20230817:2010;0
20230817:2110;0
20230817:2210;0
20230817:2310;0
20230818:0010;0
20230818:0110;0
20230818:0210;0
20230818:0310;0
20230818:0410;0
20230818:0510;51.54
20230818:0610;199.02
20230818:0710;384.27
20230818:0810;511.54
20230818:0910;573.53
20230818:1010;387.49
20230818:1110;101.89
20230818:1210;522.07
20230818:1310;588.22
20230818:1410;425.85
20230818:1510;214.78
20230818:1610;125.28
20230818:1710;24.59
20230818:1810;0
20230818:1910;0
20230818:2010;0
20230818:2110;0
20230818:2210;0
20230818:2310;0
20230819:0010;0
20230819:0110;0
20230819:0210;0
20230819:0310;0
20230819:0410;0
20230819:0510;56.8
20230819:0610;209.58
20230819:0710;388.2
20230819:0810;536.83
20230819:0910;640.67
20230819:1010;686.34
20230819:1110;597.44
20230819:1210;580.9
20230819:1310;602.22
20230819:1410;482.8
20230819:1510;315.7
20230819:1610;140.39
20230819:1710;22.74
20230819:1810;0
20230819:1910;0
20230819:2010;0
20230819:2110;0
20230819:2210;0
20230819:2310;0
20230820:0010;0
20230820:0110;0
20230820:0210;0
20230820:0310;0
20230820:0410;0
20230820:0510;55.71
20230820:0610;212.94
20230820:0710;392.13
20230820:0810;526.83
20230820:0910;628.71
20230820:1010;685.95
20230820:1110;682.23
20230820:1210;642.84
20230820:1310;582.12
20230820:1410;436.52
20230820:1510;253.28
20230820:1610;139.64
20230820:1710;20.24
20230820:1810;0
20230820:1910;0
20230820:2010;0
20230820:2110;0
20230820:2210;0
20230820:2310;0
20230821:0010;0
20230821:0110;0
20230821:0210;0
20230821:0310;0
20230821:0410;0
20230821:0510;53.74
20230821:0610;230.61
20230821:0710;388.86
20230821:0810;524.54
20230821:0910;621.25
20230821:1010;676.45
20230821:1110;693.4
20230821:1210;660.01
20230821:1310;580.88
20230821:1410;470.01
20230821:1510;316.97
20230821:1610;135.66
20230821:1710;18.71
20230821:1810;0
20230821:1910;0
20230821:2010;0
20230821:2110;0
20230821:2210;0
20230821:2310;0
20230822:0010;0
20230822:0110;0
20230822:0210;0
20230822:0310;0
20230822:0410;0
20230822:0510;53.13
20230822:0610;211.72
20230822:0710;396.57
20230822:0810;531.84
20230822:0910;620.68
20230822:1010;666.87
20230822:1110;682.25
20230822:1210;659.17
20230822:1310;572.13
20230822:1410;458.65
20230822:1510;298.3
20230822:1610;132.35
20230822:1710;18.78
20230822:1810;0
20230822:1910;0
20230822:2010;0
20230822:2110;0
20230822:2210;0
20230822:2310;0
20230823:0010;0
20230823:0110;0
20230823:0210;0
20230823:0310;0
20230823:0410;0
20230823:0510;42.34
20230823:0610;10.11
20230823:0710;23.15
20230823:0810;35.8
20230823:0910;164.67
20230823:1010;549.07
20230823:1110;682.87
20230823:1210;662.22
20230823:1310;589.78
20230823:1410;259.49
20230823:1510;15.29
20230823:1610;124.74
20230823:1710;17.79
20230823:1810;0
20230823:1910;0
20230823:2010;0
20230823:2110;0
20230823:2210;0
20230823:2310;0
20230824:0010;0
20230824:0110;0
20230824:0210;0
20230824:0310;0
20230824:0410;0
20230824:0510;50.09
20230824:0610;204.84
20230824:0710;387.85
20230824:0810;516.81
20230824:0910;621.19
20230824:1010;669.23
20230824:1110;672.63
20230824:1210;659.51
20230824:1310;582.71
20230824:1410;457.45
20230824:1510;306.59
20230824:1610;125.48
20230824:1710;16.06
20230824:1810;0
20230824:1910;0
20230824:2010;0
20230824:2110;0
20230824:2210;0
20230824:2310;0
20230825:0010;0
20230825:0110;0
20230825:0210;0
20230825:0310;0
20230825:0410;0
20230825:0510;5.47
20230825:0610;160.95
20230825:0710;285.36
20230825:0810;442.57
20230825:0910;633.54
20230825:1010;697.28
20230825:1110;709.87
20230825:1210;666.18
20230825:1310;576.33
20230825:1410;291.13
20230825:1510;304.8
20230825:1610;120.15
20230825:1710;9.69
20230825:1810;0
20230825:1910;0
20230825:2010;0
20230825:2110;0
20230825:2210;0
20230825:2310;0
20230826:0010;0
20230826:0110;0
20230826:0210;0
20230826:0310;0
20230826:0410;0
20230826:0510;43.47
20230826:0610;123.71
20230826:0710;286.86
20230826:0810;150.9
20230826:0910;481.49
20230826:1010;655.16
20230826:1110;394.37
20230826:1210;679.88
20230826:1310;579.34
20230826:1410;453.53
20230826:1510;298.39
20230826:1610;120.77
20230826:1710;14.42
20230826:1810;0
20230826:1910;0
20230826:2010;0
20230826:2110;0
20230826:2210;0
20230826:2310;0
20230827:0010;0
20230827:0110;0
20230827:0210;0
20230827:0310;0
20230827:0410;0
20230827:0510;3.42
20230827:0610;92.78
20230827:0710;314.76
20230827:0810;520.97
20230827:0910;253.28
20230827:1010;566.51
20230827:1110;504.71
20230827:1210;640.56
20230827:1310;531.71
20230827:1410;328.27
20230827:1510;134.69
20230827:1610;64.69
20230827:1710;0
20230827:1810;0
20230827:1910;0
20230827:2010;0
20230827:2110;0
20230827:2210;0
20230827:2310;0
20230828:0010;0
20230828:0110;0
20230828:0210;0
20230828:0310;0
20230828:0410;0
20230828:0510;19.68
20230828:0610;46.62
20230828:0710;166.98
20230828:0810;325.05
20230828:0910;164.78
20230828:1010;236.77
20230828:1110;352.84
20230828:1210;586.68
20230828:1310;336.84
20230828:1410;121.22
20230828:1510;139.09
20230828:1610;85.26
20230828:1710;12.25
20230828:1810;0
20230828:1910;0
20230828:2010;0
20230828:2110;0
20230828:2210;0
20230828:2310;0
20230829:0010;0
20230829:0110;0
20230829:0210;0
20230829:0310;0
20230829:0410;0
20230829:0510;30.05
20230829:0610;20.62
20230829:0710;93.74
20230829:0810;91.03
20230829:0910;146.62
20230829:1010;73.39
20230829:1110;49.52
20230829:1210;85.1
20230829:1310;43.41
20230829:1410;234.32
20230829:1510;156.59
20230829:1610;114.13
20230829:1710;0
20230829:1810;0
20230829:1910;0
20230829:2010;0
20230829:2110;0
20230829:2210;0
20230829:2310;0
20230830:0010;0
20230830:0110;0
20230830:0210;0
20230830:0310;0
20230830:0410;0
20230830:0510;42.18
20230830:0610;79.49
20230830:0710;355.93
20230830:0810;385.42
20230830:0910;177.31
20230830:1010;64.51
20230830:1110;268.47
20230830:1210;399.3
20230830:1310;196.32
20230830:1410;115.32
20230830:1510;274.15
20230830:1610;106.8
20230830:1710;7.37
20230830:1810;0
20230830:1910;0
20230830:2010;0
20230830:2110;0
20230830:2210;0
20230830:2310;0
20230831:0010;0
20230831:0110;0
20230831:0210;0
20230831:0310;0
20230831:0410;0
20230831:0510;27.9
20230831:0610;132.62
20230831:0710;333.28
20230831:0810;570.09
20230831:0910;688.43
20230831:1010;601.87
20230831:1110;706.01
20230831:1210;691.67
20230831:1310;608.1
20230831:1410;485.45
20230831:1510;310.46
20230831:1610;121.24
20230831:1710;8.43
20230831:1810;0
20230831:1910;0
20230831:2010;0
20230831:2110;0
20230831:2210;0
20230831:2310;0
20230901:0010;0
20230901:0110;0
20230901:0210;0
20230901:0310;0
20230901:0410;0
20230901:0510;1.13
20230901:0610;12.43
20230901:0710;47.66
20230901:0810;154.59
20230901:0910;238.47
20230901:1010;469.73
20230901:1110;394.91
20230901:1210;509.83
20230901:1310;202.95
20230901:1410;245.83
20230901:1510;230.86
20230901:1610;89.39
20230901:1710;3.05
20230901:1810;0
20230901:1910;0
20230901:2010;0
20230901:2110;0
20230901:2210;0
20230901:2310;0
20230902:0010;0
20230902:0110;0
20230902:0210;0
20230902:0310;0
20230902:0410;0
20230902:0510;42.02
20230902:0610;215.2
20230902:0710;405.66
20230902:0810;544.83
20230902:0910;611.39
20230902:1010;476.71
20230902:1110;400.15
20230902:1210;353.5
20230902:1310;497.99
20230902:1410;374.08
20230902:1510;277.99
20230902:1610;16.9
20230902:1710;0.88
20230902:1810;0
20230902:1910;0
20230902:2010;0
20230902:2110;0
20230902:2210;0
20230902:2310;0
20230903:0010;0
20230903:0110;0
20230903:0210;0
20230903:0310;0
20230903:0410;0
20230903:0510;6.29
20230903:0610;52.99
20230903:0710;43.67
20230903:0810;61.81
20230903:0910;112.21
20230903:1010;251.46
20230903:1110;333.1
20230903:1210;424.62
20230903:1310;425.87
20230903:1410;463.38
20230903:1510;163.29
20230903:1610;52.8
20230903:1710;0.91
20230903:1810;0
20230903:1910;0
20230903:2010;0
20230903:2110;0
20230903:2210;0
20230903:2310;0
20230904:0010;0
20230904:0110;0
20230904:0210;0
20230904:0310;0
20230904:0410;0
20230904:0510;38.27
20230904:0610;134.24
20230904:0710;260.91
20230904:0810;543.23
20230904:0910;593.51
20230904:1010;557.82
20230904:1110;586.77
20230904:1210;633.66
20230904:1310;589.47
20230904:1410;462.55
20230904:1510;288.82
20230904:1610;103.02
20230904:1710;2.64
20230904:1810;0
20230904:1910;0
20230904:2010;0
20230904:2110;0
20230904:2210;0
20230904:2310;0
20230905:0010;0
20230905:0110;0
20230905:0210;0
20230905:0310;0
20230905:0410;0
20230905:0510;40.21
20230905:0610;219.63
20230905:0710;414.32
20230905:0810;559.96
20230905:0910;661.66
20230905:1010;717.59
20230905:1110;711.39
20230905:1210;673.09
20230905:1310;600.55
20230905:1410;470.66
20230905:1510;294.81
20230905:1610;102.23
20230905:1710;1.71
20230905:1810;0
20230905:1910;0
20230905:2010;0
20230905:2110;0
20230905:2210;0
20230905:2310;0
20230906:0010;0
20230906:0110;0
20230906:0210;0
20230906:0310;0
20230906:0410;0
20230906:0510;37.97
20230906:0610;215.64
20230906:0710;414.74
20230906:0810;568.17
20230906:0910;678.66
20230906:1010;728.99
20230906:1110;730.71
20230906:1210;679.52
20230906:1310;596.53
20230906:1410;467.67
20230906:1510;290.68
20230906:1610;97.43
20230906:1710;0.52
20230906:1810;0
20230906:1910;0
20230906:2010;0
20230906:2110;0
20230906:2210;0
20230906:2310;0
20230907:0010;0
20230907:0110;0
20230907:0210;0
20230907:0310;0
20230907:0410;0
20230907:0510;37.26
20230907:0610;213.87
20230907:0710;411.19
20230907:0810;566.57
20230907:0910;677.73
20230907:1010;727.77
20230907:1110;730.47
20230907:1210;673.74
20230907:1310;601.17
20230907:1410;464.36
20230907:1510;286.45
20230907:1610;94.81
20230907:1710;0
20230907:1810;0
20230907:1910;0
20230907:2010;0
20230907:2110;0
20230907:2210;0
20230907:2310;0
20230908:0010;0
20230908:0110;0
20230908:0210;0
20230908:0310;0
20230908:0410;0
20230908:0510;35.84
20230908:0610;214.96
20230908:0710;412.21
20230908:0810;566.64
20230908:0910;677.16
20230908:1010;726.84
20230908:1110;728.44
20230908:1210;672.97
20230908:1310;594.32
20230908:1410;460.15
20230908:1510;285
20230908:1610;90.99
20230908:1710;0
20230908:1810;0
20230908:1910;0
20230908:2010;0
20230908:2110;0
20230908:2210;0
20230908:2310;0
20230909:0010;0
20230909:0110;0
20230909:0210;0
20230909:0310;0
20230909:0410;0
20230909:0510;34.26
20230909:0610;209.84
20230909:0710;406.54
20230909:0810;560.24
20230909:0910;664.73
20230909:1010;715.68
20230909:1110;720.51
20230909:1210;668.09
20230909:1310;578.07
20230909:1410;450.72
20230909:1510;275.16
20230909:1610;84.97
20230909:1710;0
20230909:1810;0
20230909:1910;0
20230909:2010;0
20230909:2110;0
20230909:2210;0
20230909:2310;0
20230910:0010;0
20230910:0110;0
20230910:0210;0
20230910:0310;0
20230910:0410;0
20230910:0510;33.07
20230910:0610;206.54
20230910:0710;400.47
20230910:0810;543.03
20230910:0910;642.34
20230910:1010;686.18
20230910:1110;691.17
20230910:1210;647.76
20230910:1310;567.3
20230910:1410;429.14
20230910:1510;265.24
20230910:1610;81.41
20230910:1710;0
20230910:1810;0
20230910:1910;0
20230910:2010;0
20230910:2110;0
20230910:2210;0
20230910:2310;0
20230911:0010;0
20230911:0110;0
20230911:0210;0
20230911:0310;0
20230911:0410;0
20230911:0510;28.65
20230911:0610;196.14
20230911:0710;385.47
20230911:0810;526.99
20230911:0910;624.86
20230911:1010;673.47
20230911:1110;685.35
20230911:1210;637.77
20230911:1310;554.2
20230911:1410;424.88
20230911:1510;256.55
20230911:1610;75.05
20230911:1710;0
20230911:1810;0
20230911:1910;0
20230911:2010;0
20230911:2110;0
20230911:2210;0
20230911:2310;0
20230912:0010;0
20230912:0110;0
20230912:0210;0
20230912:0310;0
20230912:0410;0
20230912:0510;27.01
20230912:0610;185.08
20230912:0710;345.7
20230912:0810;500.37
20230912:0910;580.56
20230912:1010;673.04
20230912:1110;670.33
20230912:1210;622.2
20230912:1310;529.43
20230912:1410;423.76
20230912:1510;118.3
20230912:1610;45.98
20230912:1710;0
20230912:1810;0
20230912:1910;0
20230912:2010;0
20230912:2110;0
20230912:2210;0
20230912:2310;0
20230913:0010;0
20230913:0110;0
20230913:0210;0
20230913:0310;0
20230913:0410;0
20230913:0510;13.95
20230913:0610;154.41
20230913:0710;270.02
20230913:0810;509.07
20230913:0910;613.73
20230913:1010;506.19
20230913:1110;334.02
20230913:1210;585.34
20230913:1310;551.9
20230913:1410;318.41
20230913:1510;26.23
20230913:1610;8.78
20230913:1710;0
20230913:1810;0
20230913:1910;0
20230913:2010;0
20230913:2110;0
20230913:2210;0
20230913:2310;0
20230914:0010;0
20230914:0110;0
20230914:0210;0
20230914:0310;0
20230914:0410;0
20230914:0510;4.01
20230914:0610;6.8
20230914:0710;30.33
20230914:0810;185.94
20230914:0910;288.95
20230914:1010;487.94
20230914:1110;451.88
20230914:1210;469.85
20230914:1310;417.89
20230914:1410;244.91
20230914:1510;176.25
20230914:1610;55.46
20230914:1710;0
20230914:1810;0
20230914:1910;0
20230914:2010;0
20230914:2110;0
20230914:2210;0
20230914:2310;0
20230915:0010;0
20230915:0110;0
20230915:0210;0
20230915:0310;0
20230915:0410;0
20230915:0510;24.73
20230915:0610;199.63
20230915:0710;395.65
20230915:0810;548.62
20230915:0910;650.89
20230915:1010;608.02
20230915:1110;686.04
20230915:1210;638.45
20230915:1310;529.74
20230915:1410;417.64
20230915:1510;124.07
20230915:1610;50.09
20230915:1710;0
20230915:1810;0
20230915:1910;0
20230915:2010;0
20230915:2110;0
20230915:2210;0
20230915:2310;0
20230916:0010;0
20230916:0110;0
20230916:0210;0
20230916:0310;0
20230916:0410;0
20230916:0510;21.85
20230916:0610;200.42
20230916:0710;402.22
20230916:0810;569.38
20230916:0910;674.87
20230916:1010;725.58
20230916:1110;714.13
20230916:1210;528.01
20230916:1310;383.47
20230916:1410;332.85
20230916:1510;218
20230916:1610;60.44
20230916:1710;0
20230916:1810;0
20230916:1910;0
20230916:2010;0
20230916:2110;0
20230916:2210;0
20230916:2310;0
20230917:0010;0
20230917:0110;0
20230917:0210;0
20230917:0310;0
20230917:0410;0
20230917:0510;20.99
20230917:0610;200.16
20230917:0710;389.94
20230917:0810;546.69
20230917:0910;643.94
20230917:1010;694.3
20230917:1110;695.87
20230917:1210;624.29
20230917:1310;548.91
20230917:1410;422.36
20230917:1510;243.44
20230917:1610;62.83
20230917:1710;0
20230917:1810;0
20230917:1910;0
20230917:2010;0
20230917:2110;0
20230917:2210;0
20230917:2310;0
20230918:0010;0
20230918:0110;0
20230918:0210;0
20230918:0310;0
20230918:0410;0
20230918:0510;16.87
20230918:0610;185.2
20230918:0710;379.17
20230918:0810;455.32
20230918:0910;648.67
20230918:1010;609.44
20230918:1110;651.09
20230918:1210;616.85
20230918:1310;535.85
20230918:1410;394.88
20230918:1510;208.63
20230918:1610;49.63
20230918:1710;0
20230918:1810;0
20230918:1910;0
20230918:2010;0
20230918:2110;0
20230918:2210;0
20230918:2310;0
20230919:0010;0
20230919:0110;0
20230919:0210;0
20230919:0310;0
20230919:0410;0
20230919:0510;1.11
20230919:0610;12.44
20230919:0710;113.49
20230919:0810;129.39
20230919:0910;197.48
20230919:1010;646.88
20230919:1110;597.87
20230919:1210;631.81
20230919:1310;539.8
20230919:1410;380.39
20230919:1510;225.14
20230919:1610;50.71
20230919:1710;0
20230919:1810;0
20230919:1910;0
20230919:2010;0
20230919:2110;0
20230919:2210;0
20230919:2310;0
20230920:0010;0
20230920:0110;0
20230920:0210;0
20230920:0310;0
20230920:0410;0
20230920:0510;18.23
20230920:0610;196.9
20230920:0710;390.77
20230920:0810;547.97
20230920:0910;659.72
20230920:1010;705.96
20230920:1110;713.52
20230920:1210;635.67
20230920:1310;561.91
20230920:1410;419.59
20230920:1510;235.61
20230920:1610;46.33
20230920:1710;0
20230920:1810;0
20230920:1910;0
20230920:2010;0
20230920:2110;0
20230920:2210;0
20230920:2310;0
20230921:0010;0
20230921:0110;0
20230921:0210;0
20230921:0310;0
20230921:0410;0
20230921:0510;0
20230921:0610;90.66
20230921:0710;252.33
20230921:0810;451.29
20230921:0910;685.93
20230921:1010;710.4
20230921:1110;718.75
20230921:1210;629.14
20230921:1310;556.09
20230921:1410;414.95
20230921:1510;223.89
20230921:1610;42.88
20230921:1710;0
20230921:1810;0
20230921:1910;0
20230921:2010;0
20230921:2110;0
20230921:2210;0
20230921:2310;0
20230922:0010;0
20230922:0110;0
20230922:0210;0
20230922:0310;0
20230922:0410;0
20230922:0510;12.63
20230922:0610;184.45
20230922:0710;279.17
20230922:0810;520.89
20230922:0910;606.37
20230922:1010;657.47
20230922:1110;659.32
20230922:1210;148.86
20230922:1310;165.16
20230922:1410;42.07
20230922:1510;161.14
20230922:1610;15.84
20230922:1710;0
20230922:1810;0
20230922:1910;0
20230922:2010;0
20230922:2110;0
20230922:2210;0
20230922:2310;0
20230923:0010;0
20230923:0110;0
20230923:0210;0
20230923:0310;0
20230923:0410;0
20230923:0510;1.13
20230923:0610;13.18
20230923:0710;33.86
20230923:0810;112.04
20230923:0910;140.09
20230923:1010;167.42
20230923:1110;263.66
20230923:1210;108.33
20230923:1310;255.9
20230923:1410;163.77
20230923:1510;38.76
20230923:1610;0
20230923:1710;0
20230923:1810;0
20230923:1910;0
20230923:2010;0
20230923:2110;0
20230923:2210;0
20230923:2310;0
20230924:0010;0
20230924:0110;0
20230924:0210;0
20230924:0310;0
20230924:0410;0
20230924:0510;6.23
20230924:0610;5.22
20230924:0710;115.53
20230924:0810;61.98
20230924:0910;62.66
20230924:1010;82.52
20230924:1110;99.28
20230924:1210;111.93
20230924:1310;340.35
20230924:1410;76.08
20230924:1510;72.75
20230924:1610;12.86
20230924:1710;0
20230924:1810;0
20230924:1910;0
20230924:2010;0
20230924:2110;0
20230924:2210;0
20230924:2310;0
20230925:0010;0
20230925:0110;0
20230925:0210;0
20230925:0310;0
20230925:0410;0
20230925:0510;6.7
20230925:0610;65.19
20230925:0710;118.31
20230925:0810;118.31
20230925:0910;133.35
20230925:1010;207.03
20230925:1110;447.8
20230925:1210;613.7
20230925:1310;553.35
20230925:1410;396.41
20230925:1510;202.11
20230925:1610;14.54
20230925:1710;0
20230925:1810;0
20230925:1910;0
20230925:2010;0
20230925:2110;0
20230925:2210;0
20230925:2310;0
20230926:0010;0
20230926:0110;0
20230926:0210;0
20230926:0310;0
20230926:0410;0
20230926:0510;7.67
20230926:0610;168.93
20230926:0710;362.76
20230926:0810;524.82
20230926:0910;635.67
20230926:1010;687.56
20230926:1110;674.8
20230926:1210;544.48
20230926:1310;544.4
20230926:1410;387.87
20230926:1510;201.92
20230926:1610;13
20230926:1710;0
20230926:1810;0
20230926:1910;0
20230926:2010;0
20230926:2110;0
20230926:2210;0
20230926:2310;0
20230927:0010;0
20230927:0110;0
20230927:0210;0
20230927:0310;0
20230927:0410;0
20230927:0510;4.05
20230927:0610;184.15
20230927:0710;378.01
20230927:0810;510.38
20230927:0910;627.1
20230927:1010;688.91
20230927:1110;688.8
20230927:1210;620.52
20230927:1310;559.02
20230927:1410;389.13
20230927:1510;202.38
20230927:1610;11.78
20230927:1710;0
20230927:1810;0
20230927:1910;0
20230927:2010;0
20230927:2110;0
20230927:2210;0
20230927:2310;0
20230928:0010;0
20230928:0110;0
20230928:0210;0
20230928:0310;0
20230928:0410;0
20230928:0510;6.28
20230928:0610;178.67
20230928:0710;376.68
20230928:0810;541.87
20230928:0910;646.06
20230928:1010;696.13
20230928:1110;693.09
20230928:1210;628.59
20230928:1310;545.67
20230928:1410;384.06
20230928:1510;195.18
20230928:1610;10
20230928:1710;0
20230928:1810;0
20230928:1910;0
20230928:2010;0
20230928:2110;0
20230928:2210;0
20230928:2310;0
20230929:0010;0
20230929:0110;0
20230929:0210;0
20230929:0310;0
20230929:0410;0
20230929:0510;4.74
20230929:0610;180.63
20230929:0710;378.07
20230929:0810;535.58
20230929:0910;644.45
20230929:1010;691.13
20230929:1110;680.69
20230929:1210;605.9
20230929:1310;541.7
20230929:1410;387.67
20230929:1510;197.61
20230929:1610;8.25
20230929:1710;0
20230929:1810;0
20230929:1910;0
20230929:2010;0
20230929:2110;0
20230929:2210;0
20230929:2310;0
20230930:0010;0
20230930:0110;0
20230930:0210;0
20230930:0310;0
20230930:0410;0
20230930:0510;0
20230930:0610;14.34
20230930:0710;168.43
20230930:0810;456.52
20230930:0910;440.24
20230930:1010;515.79
20230930:1110;41.81
20230930:1210;181.49
20230930:1310;167.33
20230930:1410;43.21
20230930:1510;82.9
20230930:1610;4.11
20230930:1710;0
20230930:1810;0
20230930:1910;0
20230930:2010;0
20230930:2110;0
20230930:2210;0
20230930:2310;0
20231001:0010;0
20231001:0110;0
20231001:0210;0
20231001:0310;0
20231001:0410;0
20231001:0510;0
20231001:0610;63.37
20231001:0710;299.73
20231001:0810;449.11
20231001:0910;588.75
20231001:1010;564.28
20231001:1110;517.27
20231001:1210;617.24
20231001:1310;529.81
20231001:1410;380.37
20231001:1510;184.87
20231001:1610;5.1
20231001:1710;0
20231001:1810;0
20231001:1910;0
20231001:2010;0
20231001:2110;0
20231001:2210;0
20231001:2310;0
20231002:0010;0
20231002:0110;0
20231002:0210;0
20231002:0310;0
20231002:0410;0
20231002:0510;0.36
20231002:0610;167.75
20231002:0710;360.16
20231002:0810;513.71
20231002:0910;614.05
20231002:1010;658.5
20231002:1110;641.35
20231002:1210;574.28
20231002:1310;498.42
20231002:1410;342.47
20231002:1510;148.69
20231002:1610;4
20231002:1710;0
20231002:1810;0
20231002:1910;0
20231002:2010;0
20231002:2110;0
20231002:2210;0
20231002:2310;0
20231003:0010;0
20231003:0110;0
20231003:0210;0
20231003:0310;0
20231003:0410;0
20231003:0510;0
20231003:0610;159.86
20231003:0710;359.13
20231003:0810;521.95
20231003:0910;619.61
20231003:1010;663.58
20231003:1110;651.45
20231003:1210;587.81
20231003:1310;522.63
20231003:1410;399.12
20231003:1510;126.02
20231003:1610;0.18
20231003:1710;0
20231003:1810;0
20231003:1910;0
20231003:2010;0
20231003:2110;0
20231003:2210;0
20231003:2310;0
20231004:0010;0
20231004:0110;0
20231004:0210;0
20231004:0310;0
20231004:0410;0
20231004:0510;0
20231004:0610;162.83
20231004:0710;210.53
20231004:0810;135.5
20231004:0910;77.48
20231004:1010;162.32
20231004:1110;474.09
20231004:1210;403.41
20231004:1310;441.71
20231004:1410;268.64
20231004:1510;175.9
20231004:1610;1.34
20231004:1710;0
20231004:1810;0
20231004:1910;0
20231004:2010;0
20231004:2110;0
20231004:2210;0
20231004:2310;0
20231005:0010;0
20231005:0110;0
20231005:0210;0
20231005:0310;0
20231005:0410;0
20231005:0510;0
20231005:0610;144
20231005:0710;114.6
20231005:0810;217.4
20231005:0910;477.75
20231005:1010;575.59
20231005:1110;664.35
20231005:1210;544.72
20231005:1310;491.06
20231005:1410;325.13
20231005:1510;65.31
20231005:1610;0.56
20231005:1710;0
20231005:1810;0
20231005:1910;0
20231005:2010;0
20231005:2110;0
20231005:2210;0
20231005:2310;0
20231006:0010;0
20231006:0110;0
20231006:0210;0
20231006:0310;0
20231006:0410;0
20231006:0510;0
20231006:0610;155.94
20231006:0710;360.93
20231006:0810;528.97
20231006:0910;624.24
20231006:1010;659.69
20231006:1110;637.17
20231006:1210;572.9
20231006:1310;502.03
20231006:1410;280.69
20231006:1510;95.68
20231006:1610;0
20231006:1710;0
20231006:1810;0
20231006:1910;0
20231006:2010;0
20231006:2110;0
20231006:2210;0
20231006:2310;0
20231007:0010;0
20231007:0110;0
20231007:0210;0
20231007:0310;0
20231007:0410;0
20231007:0510;0
20231007:0610;78.6
20231007:0710;336.84
20231007:0810;428.93
20231007:0910;539.8
20231007:1010;644.04
20231007:1110;503.5
20231007:1210;562.93
20231007:1310;427.09
20231007:1410;156.7
20231007:1510;49.92
20231007:1610;0
20231007:1710;0
20231007:1810;0
20231007:1910;0
20231007:2010;0
20231007:2110;0
20231007:2210;0
20231007:2310;0
20231008:0010;0
20231008:0110;0
20231008:0210;0
20231008:0310;0
20231008:0410;0
20231008:0510;0
20231008:0610;125.79
20231008:0710;317.32
20231008:0810;196.41
20231008:0910;38.29
20231008:1010;27.63
20231008:1110;27.96
20231008:1210;25.25
20231008:1310;28.28
20231008:1410;19.63
20231008:1510;24.68
20231008:1610;0
20231008:1710;0
20231008:1810;0
20231008:1910;0
20231008:2010;0
20231008:2110;0
20231008:2210;0
20231008:2310;0
20231009:0010;0
20231009:0110;0
20231009:0210;0
20231009:0310;0
20231009:0410;0
20231009:0510;0
20231009:0610;115.71
20231009:0710;302.76
20231009:0810;489.83
20231009:0910;289.53
20231009:1010;310.64
20231009:1110;43.79
20231009:1210;112.14
20231009:1310;18.13
20231009:1410;10.37
20231009:1510;6.77
20231009:1610;0
20231009:1710;0
20231009:1810;0
20231009:1910;0
20231009:2010;0
20231009:2110;0
20231009:2210;0
20231009:2310;0
20231010:0010;0
20231010:0110;0
20231010:0210;0
20231010:0310;0
20231010:0410;0
20231010:0510;0
20231010:0610;5.76
20231010:0710;9.92
20231010:0810;38.65
20231010:0910;106.9
20231010:1010;252.22
20231010:1110;515.2
20231010:1210;216.34
20231010:1310;122.5
20231010:1410;35.06
20231010:1510;93.45
20231010:1610;0
20231010:1710;0
20231010:1810;0
20231010:1910;0
20231010:2010;0
20231010:2110;0
20231010:2210;0
20231010:2310;0
20231011:0010;0
20231011:0110;0
20231011:0210;0
20231011:0310;0
20231011:0410;0
20231011:0510;0
20231011:0610;106.46
20231011:0710;320.73
20231011:0810;488.64
20231011:0910;564.1
20231011:1010;619.33
20231011:1110;613.88
20231011:1210;547.33
20231011:1310;523.83
20231011:1410;113.55
20231011:1510;114.89
20231011:1610;0
20231011:1710;0
20231011:1810;0
20231011:1910;0
20231011:2010;0
20231011:2110;0
20231011:2210;0
20231011:2310;0
20231012:0010;0
20231012:0110;0
20231012:0210;0
20231012:0310;0
20231012:0410;0
20231012:0510;0
20231012:0610;141.58
20231012:0710;358.39
20231012:0810;524.91
20231012:0910;579.62
20231012:1010;636.58
20231012:1110;621.26
20231012:1210;592.29
20231012:1310;488.6
20231012:1410;366.69
20231012:1510;29.73
20231012:1610;0
20231012:1710;0
20231012:1810;0
20231012:1910;0
20231012:2010;0
20231012:2110;0
20231012:2210;0
20231012:2310;0
20231013:0010;0
20231013:0110;0
20231013:0210;0
20231013:0310;0
20231013:0410;0
20231013:0510;0
20231013:0610;39.49
20231013:0710;297.42
20231013:0810;457.72
20231013:0910;514.98
20231013:1010;589.23
20231013:1110;601.51
20231013:1210;535.98
20231013:1310;418.93
20231013:1410;303.58
20231013:1510;92.06
20231013:1610;0
20231013:1710;0
20231013:1810;0
20231013:1910;0
20231013:2010;0
20231013:2110;0
20231013:2210;0
20231013:2310;0
20231014:0010;0
20231014:0110;0
20231014:0210;0
20231014:0310;0
20231014:0410;0
20231014:0510;0
20231014:0610;62.61
20231014:0710;217.81
20231014:0810;471.45
20231014:0910;558.56
20231014:1010;613.82
20231014:1110;625.04
20231014:1210;512.27
20231014:1310;176.52
20231014:1410;295.89
20231014:1510;3.37
20231014:1610;0
20231014:1710;0
20231014:1810;0
20231014:1910;0
20231014:2010;0
20231014:2110;0
20231014:2210;0
20231014:2310;0
20231015:0010;0
20231015:0110;0
20231015:0210;0
20231015:0310;0
20231015:0410;0
20231015:0510;0
20231015:0610;58.78
20231015:0710;382.19
20231015:0810;224.6
20231015:0910;32.84
20231015:1010;60.05
20231015:1110;58.32
20231015:1210;185.78
20231015:1310;31.91
20231015:1410;15.38
20231015:1510;37.69
20231015:1610;0
20231015:1710;0
20231015:1810;0
20231015:1910;0
20231015:2010;0
20231015:2110;0
20231015:2210;0
20231015:2310;0
20231016:0010;0
20231016:0110;0
20231016:0210;0
20231016:0310;0
20231016:0410;0
20231016:0510;0
20231016:0610;142.98
20231016:0710;361.58
20231016:0810;547.61
20231016:0910;614.42
20231016:1010;671.05
20231016:1110;643.73
20231016:1210;537.25
20231016:1310;142.7
20231016:1410;254.67
20231016:1510;77.41
20231016:1610;0
20231016:1710;0
20231016:1810;0
20231016:1910;0
20231016:2010;0
20231016:2110;0
20231016:2210;0
20231016:2310;0
20231017:0010;0
20231017:0110;0
20231017:0210;0
20231017:0310;0
20231017:0410;0
20231017:0510;0
20231017:0610;118.22
20231017:0710;268.7
20231017:0810;479.36
20231017:0910;504.15
20231017:1010;565.06
20231017:1110;430.99
20231017:1210;566.85
20231017:1310;317.55
20231017:1410;125.58
20231017:1510;7.7
20231017:1610;0
20231017:1710;0
20231017:1810;0
20231017:1910;0
20231017:2010;0
20231017:2110;0
20231017:2210;0
20231017:2310;0
20231018:0010;0
20231018:0110;0
20231018:0210;0
20231018:0310;0
20231018:0410;0
20231018:0510;0
20231018:0610;71.49
20231018:0710;245.18
20231018:0810;489.04
20231018:0910;550.77
20231018:1010;685.27
20231018:1110;527.8
20231018:1210;432.61
20231018:1310;205.68
20231018:1410;142.47
20231018:1510;43.84
20231018:1610;0
20231018:1710;0
20231018:1810;0
20231018:1910;0
20231018:2010;0
20231018:2110;0
20231018:2210;0
20231018:2310;0
20231019:0010;0
20231019:0110;0
20231019:0210;0
20231019:0310;0
20231019:0410;0
20231019:0510;0
20231019:0610;15.19
20231019:0710;36.44
20231019:0810;63.5
20231019:0910;123.43
20231019:1010;225.86
20231019:1110;361.7
20231019:1210;221.23
20231019:1310;381.77
20231019:1410;121
20231019:1510;59.09
20231019:1610;0
20231019:1710;0
20231019:1810;0
20231019:1910;0
20231019:2010;0
20231019:2110;0
20231019:2210;0
20231019:2310;0
20231020:0010;0
20231020:0110;0
20231020:0210;0
20231020:0310;0
20231020:0410;0
20231020:0510;0
20231020:0610;0.36
20231020:0710;21.43
20231020:0810;47.74
20231020:0910;25.12
20231020:1010;246.14
20231020:1110;34.87
20231020:1210;26.8
20231020:1310;17.84
20231020:1410;8.95
20231020:1510;0.3
20231020:1610;0
20231020:1710;0
20231020:1810;0
20231020:1910;0
20231020:2010;0
20231020:2110;0
20231020:2210;0
20231020:2310;0
20231021:0010;0
20231021:0110;0
20231021:0210;0
20231021:0310;0
20231021:0410;0
20231021:0510;0
20231021:0610;115.81
20231021:0710;336.05
20231021:0810;431.05
20231021:0910;324.3
20231021:1010;573.45
20231021:1110;564.14
20231021:1210;536.48
20231021:1310;366.89
20231021:1410;125.16
20231021:1510;31.54
20231021:1610;0
20231021:1710;0
20231021:1810;0
20231021:1910;0
20231021:2010;0
20231021:2110;0
20231021:2210;0
20231021:2310;0
20231022:0010;0
20231022:0110;0
20231022:0210;0
20231022:0310;0
20231022:0410;0
20231022:0510;0
20231022:0610;6.37
20231022:0710;6.98
20231022:0810;87.19
20231022:0910;25.09
20231022:1010;30
20231022:1110;69.55
20231022:1210;64.69
20231022:1310;278.9
20231022:1410;36.96
20231022:1510;18.48
20231022:1610;0
20231022:1710;0
20231022:1810;0
20231022:1910;0
20231022:2010;0
20231022:2110;0
20231022:2210;0
20231022:2310;0
20231023:0010;0
20231023:0110;0
20231023:0210;0
20231023:0310;0
20231023:0410;0
20231023:0510;0
20231023:0610;112.75
20231023:0710;188.64
20231023:0810;458.74
20231023:0910;530.02
20231023:1010;551.54
20231023:1110;560.22
20231023:1210;430.42
20231023:1310;409.7
20231023:1410;69.07
20231023:1510;16.02
20231023:1610;0
20231023:1710;0
20231023:1810;0
20231023:1910;0
20231023:2010;0
20231023:2110;0
20231023:2210;0
20231023:2310;0
20231024:0010;0
20231024:0110;0
20231024:0210;0
20231024:0310;0
20231024:0410;0
20231024:0510;0
20231024:0610;8.37
20231024:0710;42.05
20231024:0810;41.88
20231024:0910;47
20231024:1010;101.51
20231024:1110;22.14
20231024:1210;73.24
20231024:1310;36.71
20231024:1410;13.82
20231024:1510;12.29
20231024:1610;0
20231024:1710;0
20231024:1810;0
20231024:1910;0
20231024:2010;0
20231024:2110;0
20231024:2210;0
20231024:2310;0
20231025:0010;0
20231025:0110;0
20231025:0210;0
20231025:0310;0
20231025:0410;0
20231025:0510;0
20231025:0610;2.09
20231025:0710;56.8
20231025:0810;47.89
20231025:0910;179.57
20231025:1010;227.12
20231025:1110;279.15
20231025:1210;51.09
20231025:1310;75.24
20231025:1410;105.31
20231025:1510;8.66
20231025:1610;0
20231025:1710;0
20231025:1810;0
20231025:1910;0
20231025:2010;0
20231025:2110;0
20231025:2210;0
20231025:2310;0
20231026:0010;0
20231026:0110;0
20231026:0210;0
20231026:0310;0
20231026:0410;0
20231026:0510;0
20231026:0610;11.54
20231026:0710;18.85
20231026:0810;55.45
20231026:0910;395.94
20231026:1010;276.38
20231026:1110;460.26
20231026:1210;70.46
20231026:1310;71.32
20231026:1410;23.17
20231026:1510;0
20231026:1610;0
20231026:1710;0
20231026:1810;0
20231026:1910;0
20231026:2010;0
20231026:2110;0
20231026:2210;0
20231026:2310;0
20231027:0010;0
20231027:0110;0
20231027:0210;0
20231027:0310;0
20231027:0410;0
20231027:0510;0
20231027:0610;2.1
20231027:0710;9.53
20231027:0810;16.18
20231027:0910;21.86
20231027:1010;26.22
20231027:1110;60.91
20231027:1210;49.68
20231027:1310;20.26
20231027:1410;15.4
20231027:1510;0.25
20231027:1610;0
20231027:1710;0
20231027:1810;0
20231027:1910;0
20231027:2010;0
20231027:2110;0
20231027:2210;0
20231027:2310;0
20231028:0010;0
20231028:0110;0
20231028:0210;0
20231028:0310;0
20231028:0410;0
20231028:0510;0
20231028:0610;0
20231028:0710;10.91
20231028:0810;26.11
20231028:0910;18.17
20231028:1010;528.94
20231028:1110;602.5
20231028:1210;582.15
20231028:1310;429.97
20231028:1410;197.78
20231028:1510;10.48
20231028:1610;0
20231028:1710;0
20231028:1810;0
20231028:1910;0
20231028:2010;0
20231028:2110;0
20231028:2210;0
20231028:2310;0
20231029:0010;0
20231029:0110;0
20231029:0210;0
20231029:0310;0
20231029:0410;0
20231029:0510;0
20231029:0610;10.89
20231029:0710;114.08
20231029:0810;63.54
20231029:0910;59.02
20231029:1010;101.64
20231029:1110;255.01
20231029:1210;323.91
20231029:1310;66.01
20231029:1410;38.18
20231029:1510;8.62
20231029:1610;0
20231029:1710;0
20231029:1810;0
20231029:1910;0
20231029:2010;0
20231029:2110;0
20231029:2210;0
20231029:2310;0
20231030:0010;0
20231030:0110;0
20231030:0210;0
20231030:0310;0
20231030:0410;0
20231030:0510;0
20231030:0610;14.16
20231030:0710;15.04
20231030:0810;52.35
20231030:0910;64.54
20231030:1010;577.28
20231030:1110;574.08
20231030:1210;197.1
20231030:1310;266.17
20231030:1410;72.12
20231030:1510;2.68
20231030:1610;0
20231030:1710;0
20231030:1810;0
20231030:1910;0
20231030:2010;0
20231030:2110;0
20231030:2210;0
20231030:2310;0
20231031:0010;0
20231031:0110;0
20231031:0210;0
20231031:0310;0
20231031:0410;0
20231031:0510;0
20231031:0610;1.16
20231031:0710;13.38
20231031:0810;38.75
20231031:0910;29.63
20231031:1010;28.1
20231031:1110;20.23
20231031:1210;16.85
20231031:1310;47.69
20231031:1410;107.27
20231031:1510;1.44
20231031:1610;0
20231031:1710;0
20231031:1810;0
20231031:1910;0
20231031:2010;0
20231031:2110;0
20231031:2210;0
20231031:2310;0
20231101:0010;0
20231101:0110;0
20231101:0210;0
20231101:0310;0
20231101:0410;0
20231101:0510;0
20231101:0610;27.85
20231101:0710;106.52
20231101:0810;440.19
20231101:0910;473.18
20231101:1010;638.8
20231101:1110;606.65
20231101:1210;585
20231101:1310;444.11
20231101:1410;182.83
20231101:1510;5.88
20231101:1610;0
20231101:1710;0
20231101:1810;0
20231101:1910;0
20231101:2010;0
20231101:2110;0
20231101:2210;0
20231101:2310;0
20231102:0010;0
20231102:0110;0
20231102:0210;0
20231102:0310;0
20231102:0410;0
20231102:0510;0
20231102:0610;13.07
20231102:0710;131.85
20231102:0810;458.42
20231102:0910;407.03
20231102:1010;402.2
20231102:1110;628.77
20231102:1210;579.63
20231102:1310;152.6
20231102:1410;86.86
20231102:1510;0
20231102:1610;0
20231102:1710;0
20231102:1810;0
20231102:1910;0
20231102:2010;0
20231102:2110;0
20231102:2210;0
20231102:2310;0
20231103:0010;0
20231103:0110;0
20231103:0210;0
20231103:0310;0
20231103:0410;0
20231103:0510;0
20231103:0610;0
20231103:0710;11.05
20231103:0810;13.74
20231103:0910;23.73
20231103:1010;34.32
20231103:1110;19.4
20231103:1210;16.6
20231103:1310;345.82
20231103:1410;77.76
20231103:1510;0.65
20231103:1610;0
20231103:1710;0
20231103:1810;0
20231103:1910;0
20231103:2010;0
20231103:2110;0
20231103:2210;0
20231103:2310;0
20231104:0010;0
20231104:0110;0
20231104:0210;0
20231104:0310;0
20231104:0410;0
20231104:0510;0
20231104:0610;27.18
20231104:0710;257.25
20231104:0810;415.45
20231104:0910;625.8
20231104:1010;663.23
20231104:1110;662.48
20231104:1210;527.87
20231104:1310;406.14
20231104:1410;186.28
20231104:1510;2.83
20231104:1610;0
20231104:1710;0
20231104:1810;0
20231104:1910;0
20231104:2010;0
20231104:2110;0
20231104:2210;0
20231104:2310;0
20231105:0010;0
20231105:0110;0
20231105:0210;0
20231105:0310;0
20231105:0410;0
20231105:0510;0
20231105:0610;0
20231105:0710;15.07
20231105:0810;38.76
20231105:0910;94.06
20231105:1010;607.45
20231105:1110;616.7
20231105:1210;572.57
20231105:1310;142.21
20231105:1410;27.89
20231105:1510;1.4
20231105:1610;0
20231105:1710;0
20231105:1810;0
20231105:1910;0
20231105:2010;0
20231105:2110;0
20231105:2210;0
20231105:2310;0
20231106:0010;0
20231106:0110;0
20231106:0210;0
20231106:0310;0
20231106:0410;0
20231106:0510;0
20231106:0610;14.44
20231106:0710;223.2
20231106:0810;373.84
20231106:0910;192.1
20231106:1010;657.71
20231106:1110;606.17
20231106:1210;559.08
20231106:1310;416.18
20231106:1410;178.89
20231106:1510;0.6
20231106:1610;0
20231106:1710;0
20231106:1810;0
20231106:1910;0
20231106:2010;0
20231106:2110;0
20231106:2210;0
20231106:2310;0
20231107:0010;0
20231107:0110;0
20231107:0210;0
20231107:0310;0
20231107:0410;0
20231107:0510;0
20231107:0610;14.29
20231107:0710;209.05
20231107:0810;111.84
20231107:0910;35.87
20231107:1010;81.21
20231107:1110;81.72
20231107:1210;32.56
20231107:1310;109.55
20231107:1410;121.09
20231107:1510;0.25
20231107:1610;0
20231107:1710;0
20231107:1810;0
20231107:1910;0
20231107:2010;0
20231107:2110;0
20231107:2210;0
20231107:2310;0
20231108:0010;0
20231108:0110;0
20231108:0210;0
20231108:0310;0
20231108:0410;0
20231108:0510;0
20231108:0610;2.18
20231108:0710;167.63
20231108:0810;472.27
20231108:0910;587.35
20231108:1010;634.34
20231108:1110;607.91
20231108:1210;551.8
20231108:1310;361.19
20231108:1410;176.07
20231108:1510;0
20231108:1610;0
20231108:1710;0
20231108:1810;0
20231108:1910;0
20231108:2010;0
20231108:2110;0
20231108:2210;0
20231108:2310;0
20231109:0010;0
20231109:0110;0
20231109:0210;0
20231109:0310;0
20231109:0410;0
20231109:0510;0
20231109:0610;0.86
20231109:0710;222.97
20231109:0810;469.3
20231109:0910;517.14
20231109:1010;569.98
20231109:1110;583.31
20231109:1210;591.21
20231109:1310;391.64
20231109:1410;154.4
20231109:1510;0
20231109:1610;0
20231109:1710;0
20231109:1810;0
20231109:1910;0
20231109:2010;0
20231109:2110;0
20231109:2210;0
20231109:2310;0
20231110:0010;0
20231110:0110;0
20231110:0210;0
20231110:0310;0
20231110:0410;0
20231110:0510;0
20231110:0610;0
20231110:0710;34.91
20231110:0810;61.28
20231110:0910;118.65
20231110:1010;298.41
20231110:1110;161.43
20231110:1210;131.51
20231110:1310;83.57
20231110:1410;13.49
20231110:1510;0
20231110:1610;0
20231110:1710;0
20231110:1810;0
20231110:1910;0
20231110:2010;0
20231110:2110;0
20231110:2210;0
20231110:2310;0
20231111:0010;0
20231111:0110;0
20231111:0210;0
20231111:0310;0
20231111:0410;0
20231111:0510;0
20231111:0610;0
20231111:0710;44.23
20231111:0810;136.09
20231111:0910;387.17
20231111:1010;516.24
20231111:1110;292.23
20231111:1210;299.84
20231111:1310;203.76
20231111:1410;57.09
20231111:1510;0
20231111:1610;0
20231111:1710;0
20231111:1810;0
20231111:1910;0
20231111:2010;0
20231111:2110;0
20231111:2210;0
20231111:2310;0
20231112:0010;0
20231112:0110;0
20231112:0210;0
20231112:0310;0
20231112:0410;0
20231112:0510;0
20231112:0610;0
20231112:0710;197.84
20231112:0810;447.48
20231112:0910;571.2
20231112:1010;582.6
20231112:1110;558.8
20231112:1210;554.91
20231112:1310;430.15
20231112:1410;229.03
20231112:1510;0
20231112:1610;0
20231112:1710;0
20231112:1810;0
20231112:1910;0
20231112:2010;0
20231112:2110;0
20231112:2210;0
20231112:2310;0
20231113:0010;0
20231113:0110;0
20231113:0210;0
20231113:0310;0
20231113:0410;0
20231113:0510;0
20231113:0610;0
20231113:0710;17.63
20231113:0810;11.86
20231113:0910;74.48
20231113:1010;49.4
20231113:1110;126.5
20231113:1210;35.96
20231113:1310;177.98
20231113:1410;181.43
20231113:1510;0
20231113:1610;0
20231113:1710;0
20231113:1810;0
20231113:1910;0
20231113:2010;0
20231113:2110;0
20231113:2210;0
20231113:2310;0
20231114:0010;0
20231114:0110;0
20231114:0210;0
20231114:0310;0
20231114:0410;0
20231114:0510;0
20231114:0610;0
20231114:0710;20.37
20231114:0810;39.68
20231114:0910;80.75
20231114:1010;572.61
20231114:1110;557.89
20231114:1210;360.22
20231114:1310;121.09
20231114:1410;170.98
20231114:1510;0
20231114:1610;0
20231114:1710;0
20231114:1810;0
20231114:1910;0
20231114:2010;0
20231114:2110;0
20231114:2210;0
20231114:2310;0
20231115:0010;0
20231115:0110;0
20231115:0210;0
20231115:0310;0
20231115:0410;0
20231115:0510;0
20231115:0610;0
20231115:0710;132.62
20231115:0810;36.99
20231115:0910;257.37
20231115:1010;550.2
20231115:1110;621.24
20231115:1210;533.22
20231115:1310;343.46
20231115:1410;189.38
20231115:1510;0
20231115:1610;0
20231115:1710;0
20231115:1810;0
20231115:1910;0
20231115:2010;0
20231115:2110;0
20231115:2210;0
20231115:2310;0
20231116:0010;0
20231116:0110;0
20231116:0210;0
20231116:0310;0
20231116:0410;0
20231116:0510;0
20231116:0610;0
20231116:0710;204.06
20231116:0810;415.19
20231116:0910;294.11
20231116:1010;214.89
20231116:1110;570.5
20231116:1210;541.6
20231116:1310;255.08
20231116:1410;87.36
20231116:1510;0
20231116:1610;0
20231116:1710;0
20231116:1810;0
20231116:1910;0
20231116:2010;0
20231116:2110;0
20231116:2210;0
20231116:2310;0
20231117:0010;0
20231117:0110;0
20231117:0210;0
20231117:0310;0
20231117:0410;0
20231117:0510;0
20231117:0610;0
20231117:0710;7.27
20231117:0810;13.86
20231117:0910;13.19
20231117:1010;278.92
20231117:1110;220.83
20231117:1210;562.97
20231117:1310;461.65
20231117:1410;153.14
20231117:1510;0
20231117:1610;0
20231117:1710;0
20231117:1810;0
20231117:1910;0
20231117:2010;0
20231117:2110;0
20231117:2210;0
20231117:2310;0
20231118:0010;0
20231118:0110;0
20231118:0210;0
20231118:0310;0
20231118:0410;0
20231118:0510;0
20231118:0610;0
20231118:0710;63.05
20231118:0810;88.76
20231118:0910;414.75
20231118:1010;407.56
20231118:1110;247.07
20231118:1210;188.76
20231118:1310;43.21
20231118:1410;7.9
20231118:1510;0
20231118:1610;0
20231118:1710;0
20231118:1810;0
20231118:1910;0
20231118:2010;0
20231118:2110;0
20231118:2210;0
20231118:2310;0
20231119:0010;0
20231119:0110;0
20231119:0210;0
20231119:0310;0
20231119:0410;0
20231119:0510;0
20231119:0610;0
20231119:0710;10
20231119:0810;124.42
20231119:0910;54.87
20231119:1010;15.32
20231119:1110;128.18
20231119:1210;40.49
20231119:1310;6.56
20231119:1410;51.79
20231119:1510;0
20231119:1610;0
20231119:1710;0
20231119:1810;0
20231119:1910;0
20231119:2010;0
20231119:2110;0
20231119:2210;0
20231119:2310;0
20231120:0010;0
20231120:0110;0
20231120:0210;0
20231120:0310;0
20231120:0410;0
20231120:0510;0
20231120:0610;0
20231120:0710;157.81
20231120:0810;435.71
20231120:0910;564.88
20231120:1010;516.39
20231120:1110;477.87
20231120:1210;274.34
20231120:1310;318.9
20231120:1410;189.27
20231120:1510;0
20231120:1610;0
20231120:1710;0
20231120:1810;0
20231120:1910;0
20231120:2010;0
20231120:2110;0
20231120:2210;0
20231120:2310;0
20231121:0010;0
20231121:0110;0
20231121:0210;0
20231121:0310;0
20231121:0410;0
20231121:0510;0
20231121:0610;0
20231121:0710;190.14
20231121:0810;128.07
20231121:0910;333.67
20231121:1010;315.1
20231121:1110;201.43
20231121:1210;301.69
20231121:1310;113.37
20231121:1410;98.61
20231121:1510;0
20231121:1610;0
20231121:1710;0
20231121:1810;0
20231121:1910;0
20231121:2010;0
20231121:2110;0
20231121:2210;0
20231121:2310;0
20231122:0010;0
20231122:0110;0
20231122:0210;0
20231122:0310;0
20231122:0410;0
20231122:0510;0
20231122:0610;0
20231122:0710;9.36
20231122:0810;16.98
20231122:0910;41.62
20231122:1010;45.6
20231122:1110;25.09
20231122:1210;30.46
20231122:1310;19.83
20231122:1410;6.79
20231122:1510;0
20231122:1610;0
20231122:1710;0
20231122:1810;0
20231122:1910;0
20231122:2010;0
20231122:2110;0
20231122:2210;0
20231122:2310;0
20231123:0010;0
20231123:0110;0
20231123:0210;0
20231123:0310;0
20231123:0410;0
20231123:0510;0
20231123:0610;0
20231123:0710;206.59
20231123:0810;323.22
20231123:0910;484.76
20231123:1010;573.98
20231123:1110;590.18
20231123:1210;518.49
20231123:1310;300.55
20231123:1410;161.57
20231123:1510;0
20231123:1610;0
20231123:1710;0
20231123:1810;0
20231123:1910;0
20231123:2010;0
20231123:2110;0
20231123:2210;0
20231123:2310;0
20231124:0010;0
20231124:0110;0
20231124:0210;0
20231124:0310;0
20231124:0410;0
20231124:0510;0
20231124:0610;0
20231124:0710;40.91
20231124:0810;9.17
20231124:0910;34.63
20231124:1010;234.9
20231124:1110;112.81
20231124:1210;22.46
20231124:1310;9.19
20231124:1410;74.6
20231124:1510;0
20231124:1610;0
20231124:1710;0
20231124:1810;0
20231124:1910;0
20231124:2010;0
20231124:2110;0
20231124:2210;0
20231124:2310;0
20231125:0010;0
20231125:0110;0
20231125:0210;0
20231125:0310;0
20231125:0410;0
20231125:0510;0
20231125:0610;0
20231125:0710;41.77
20231125:0810;354.55
20231125:0910;211.07
20231125:1010;280.43
20231125:1110;37.65
20231125:1210;11.36
20231125:1310;41.69
20231125:1410;38.77
20231125:1510;0
20231125:1610;0
20231125:1710;0
20231125:1810;0
20231125:1910;0
20231125:2010;0
20231125:2110;0
20231125:2210;0
20231125:2310;0
20231126:0010;0
20231126:0110;0
20231126:0210;0
20231126:0310;0
20231126:0410;0
20231126:0510;0
20231126:0610;0
20231126:0710;149.34
20231126:0810;285.57
20231126:0910;293.83
20231126:1010;296.04
20231126:1110;615.84
20231126:1210;536.57
20231126:1310;140.12
20231126:1410;32.81
20231126:1510;0
20231126:1610;0
20231126:1710;0
20231126:1810;0
20231126:1910;0
20231126:2010;0
20231126:2110;0
20231126:2210;0
20231126:2310;0
20231127:0010;0
20231127:0110;0
20231127:0210;0
20231127:0310;0
20231127:0410;0
20231127:0510;0
20231127:0610;0
20231127:0710;66.61
20231127:0810;132.65
20231127:0910;72.3
20231127:1010;41.89
20231127:1110;183.12
20231127:1210;291.52
20231127:1310;23.16
20231127:1410;151.95
20231127:1510;0
20231127:1610;0
20231127:1710;0
20231127:1810;0
20231127:1910;0
20231127:2010;0
20231127:2110;0
20231127:2210;0
20231127:2310;0
20231128:0010;0
20231128:0110;0
20231128:0210;0
20231128:0310;0
20231128:0410;0
20231128:0510;0
20231128:0610;0
20231128:0710;10.06
20231128:0810;44.91
20231128:0910;29.52
20231128:1010;77.72
20231128:1110;142.38
20231128:1210;151.88
20231128:1310;65.62
20231128:1410;34.79
20231128:1510;0
20231128:1610;0
20231128:1710;0
20231128:1810;0
20231128:1910;0
20231128:2010;0
20231128:2110;0
20231128:2210;0
20231128:2310;0
20231129:0010;0
20231129:0110;0
20231129:0210;0
20231129:0310;0
20231129:0410;0
20231129:0510;0
20231129:0610;0
20231129:0710;88.44
20231129:0810;261.63
20231129:0910;225.91
20231129:1010;70.89
20231129:1110;129.51
20231129:1210;39.18
20231129:1310;240.71
20231129:1410;197.09
20231129:1510;0
20231129:1610;0
20231129:1710;0
20231129:1810;0
20231129:1910;0
20231129:2010;0
20231129:2110;0
20231129:2210;0
20231129:2310;0
20231130:0010;0
20231130:0110;0
20231130:0210;0
20231130:0310;0
20231130:0410;0
20231130:0510;0
20231130:0610;0
20231130:0710;21.88
20231130:0810;125.68
20231130:0910;93.98
20231130:1010;114.27
20231130:1110;213.76
20231130:1210;168.07
20231130:1310;30.58
20231130:1410;12.09
20231130:1510;0
20231130:1610;0
20231130:1710;0
20231130:1810;0
20231130:1910;0
20231130:2010;0
20231130:2110;0
20231130:2210;0
20231130:2310;0
20231201:0010;0
20231201:0110;0
20231201:0210;0
20231201:0310;0
20231201:0410;0
20231201:0510;0
20231201:0610;0
20231201:0710;0.07
20231201:0810;17.17
20231201:0910;19.32
20231201:1010;48.36
20231201:1110;32.26
20231201:1210;24.55
20231201:1310;28.34
20231201:1410;5.64
20231201:1510;0
20231201:1610;0
20231201:1710;0
20231201:1810;0
20231201:1910;0
20231201:2010;0
20231201:2110;0
20231201:2210;0
20231201:2310;0
20231202:0010;0
20231202:0110;0
20231202:0210;0
20231202:0310;0
20231202:0410;0
20231202:0510;0
20231202:0610;0
20231202:0710;21.45
20231202:0810;23.29
20231202:0910;35.84
20231202:1010;21.01
20231202:1110;13.7
20231202:1210;10.92
20231202:1310;92.6
20231202:1410;7.6
20231202:1510;0
20231202:1610;0
20231202:1710;0
20231202:1810;0
20231202:1910;0
20231202:2010;0
20231202:2110;0
20231202:2210;0
20231202:2310;0
20231203:0010;0
20231203:0110;0
20231203:0210;0
20231203:0310;0
20231203:0410;0
20231203:0510;0
20231203:0610;0
20231203:0710;9.76
20231203:0810;100.26
20231203:0910;130.87
20231203:1010;187.68
20231203:1110;136.92
20231203:1210;133.18
20231203:1310;74.49
20231203:1410;56.74
20231203:1510;0
20231203:1610;0
20231203:1710;0
20231203:1810;0
20231203:1910;0
20231203:2010;0
20231203:2110;0
20231203:2210;0
20231203:2310;0
20231204:0010;0
20231204:0110;0
20231204:0210;0
20231204:0310;0
20231204:0410;0
20231204:0510;0
20231204:0610;0
20231204:0710;43.4
20231204:0810;117.19
20231204:0910;152.97
20231204:1010;244.7
20231204:1110;176.97
20231204:1210;159.34
20231204:1310;73.08
20231204:1410;19.56
20231204:1510;0
20231204:1610;0
20231204:1710;0
20231204:1810;0
20231204:1910;0
20231204:2010;0
20231204:2110;0
20231204:2210;0
20231204:2310;0
20231205:0010;0
20231205:0110;0
20231205:0210;0
20231205:0310;0
20231205:0410;0
20231205:0510;0
20231205:0610;0
20231205:0710;7.71
20231205:0810;4.58
20231205:0910;13.05
20231205:1010;12.98
20231205:1110;35.69
20231205:1210;53.51
20231205:1310;18.65
20231205:1410;82.81
20231205:1510;0
20231205:1610;0
20231205:1710;0
20231205:1810;0
20231205:1910;0
20231205:2010;0
20231205:2110;0
20231205:2210;0
20231205:2310;0
20231206:0010;0
20231206:0110;0
20231206:0210;0
20231206:0310;0
20231206:0410;0
20231206:0510;0
20231206:0610;0
20231206:0710;13.53
20231206:0810;116.1
20231206:0910;24.65
20231206:1010;52.47
20231206:1110;81.5
20231206:1210;89.62
20231206:1310;82.31
20231206:1410;3.34
20231206:1510;0
20231206:1610;0
20231206:1710;0
20231206:1810;0
20231206:1910;0
20231206:2010;0
20231206:2110;0
20231206:2210;0
20231206:2310;0
20231207:0010;0
20231207:0110;0
20231207:0210;0
20231207:0310;0
20231207:0410;0
20231207:0510;0
20231207:0610;0
20231207:0710;59.45
20231207:0810;73.13
20231207:0910;99.41
20231207:1010;280.51
20231207:1110;357.17
20231207:1210;307.83
20231207:1310;112.67
20231207:1410;150.72
20231207:1510;0
20231207:1610;0
20231207:1710;0
20231207:1810;0
20231207:1910;0
20231207:2010;0
20231207:2110;0
20231207:2210;0
20231207:2310;0
20231208:0010;0
20231208:0110;0
20231208:0210;0
20231208:0310;0
20231208:0410;0
20231208:0510;0
20231208:0610;0
20231208:0710;47.29
20231208:0810;129.66
20231208:0910;195.61
20231208:1010;372.41
20231208:1110;353.35
20231208:1210;244.01
20231208:1310;55.1
20231208:1410;8.79
20231208:1510;0
20231208:1610;0
20231208:1710;0
20231208:1810;0
20231208:1910;0
20231208:2010;0
20231208:2110;0
20231208:2210;0
20231208:2310;0
20231209:0010;0
20231209:0110;0
20231209:0210;0
20231209:0310;0
20231209:0410;0
20231209:0510;0
20231209:0610;0
20231209:0710;4.5
20231209:0810;21.66
20231209:0910;17.18
20231209:1010;56.69
20231209:1110;32.31
20231209:1210;59.89
20231209:1310;26.79
20231209:1410;5.63
20231209:1510;0
20231209:1610;0
20231209:1710;0
20231209:1810;0
20231209:1910;0
20231209:2010;0
20231209:2110;0
20231209:2210;0
20231209:2310;0
20231210:0010;0
20231210:0110;0
20231210:0210;0
20231210:0310;0
20231210:0410;0
20231210:0510;0
20231210:0610;0
20231210:0710;4.44
20231210:0810;46.86
20231210:0910;104.35
20231210:1010;106.33
20231210:1110;565.07
20231210:1210;427.85
20231210:1310;66.09
20231210:1410;13
20231210:1510;0
20231210:1610;0
20231210:1710;0
20231210:1810;0
20231210:1910;0
20231210:2010;0
20231210:2110;0
20231210:2210;0
20231210:2310;0
20231211:0010;0
20231211:0110;0
20231211:0210;0
20231211:0310;0
20231211:0410;0
20231211:0510;0
20231211:0610;0
20231211:0710;86.15
20231211:0810;114.59
20231211:0910;52.42
20231211:1010;265.02
20231211:1110;349.04
20231211:1210;328.35
20231211:1310;34.44
20231211:1410;11.54
20231211:1510;0
20231211:1610;0
20231211:1710;0
20231211:1810;0
20231211:1910;0
20231211:2010;0
20231211:2110;0
20231211:2210;0
20231211:2310;0
20231212:0010;0
20231212:0110;0
20231212:0210;0
20231212:0310;0
20231212:0410;0
20231212:0510;0
20231212:0610;0
20231212:0710;11.09
20231212:0810;31.92
20231212:0910;41.87
20231212:1010;60.05
20231212:1110;188.82
20231212:1210;141.96
20231212:1310;76.98
20231212:1410;16.77
20231212:1510;0
20231212:1610;0
20231212:1710;0
20231212:1810;0
20231212:1910;0
20231212:2010;0
20231212:2110;0
20231212:2210;0
20231212:2310;0
20231213:0010;0
20231213:0110;0
20231213:0210;0
20231213:0310;0
20231213:0410;0
20231213:0510;0
20231213:0610;0
20231213:0710;20.73
20231213:0810;24.71
20231213:0910;52.65
20231213:1010;40.52
20231213:1110;33.36
20231213:1210;52
20231213:1310;23.58
20231213:1410;13.41
20231213:1510;0
20231213:1610;0
20231213:1710;0
20231213:1810;0
20231213:1910;0
20231213:2010;0
20231213:2110;0
20231213:2210;0
20231213:2310;0
20231214:0010;0
20231214:0110;0
20231214:0210;0
20231214:0310;0
20231214:0410;0
20231214:0510;0
20231214:0610;0
20231214:0710;15.38
20231214:0810;33.97
20231214:0910;53.96
20231214:1010;532.69
20231214:1110;444.27
20231214:1210;495.44
20231214:1310;136.29
20231214:1410;9.13
20231214:1510;0
20231214:1610;0
20231214:1710;0
20231214:1810;0
20231214:1910;0
20231214:2010;0
20231214:2110;0
20231214:2210;0
20231214:2310;0
20231215:0010;0
20231215:0110;0
20231215:0210;0
20231215:0310;0
20231215:0410;0
20231215:0510;0
20231215:0610;0
20231215:0710;0
20231215:0810;10
20231215:0910;86.64
20231215:1010;28.09
20231215:1110;21.27
20231215:1210;19.05
20231215:1310;29.56
20231215:1410;16.5
20231215:1510;0
20231215:1610;0
20231215:1710;0
20231215:1810;0
20231215:1910;0
20231215:2010;0
20231215:2110;0
20231215:2210;0
20231215:2310;0
20231216:0010;0
20231216:0110;0
20231216:0210;0
20231216:0310;0
20231216:0410;0
20231216:0510;0
20231216:0610;0
20231216:0710;3.85
20231216:0810;98.16
20231216:0910;60.9
20231216:1010;353.04
20231216:1110;604.39
20231216:1210;491.14
20231216:1310;238.9
20231216:1410;15.63
20231216:1510;0
20231216:1610;0
20231216:1710;0
20231216:1810;0
20231216:1910;0
20231216:2010;0
20231216:2110;0
20231216:2210;0
20231216:2310;0
20231217:0010;0
20231217:0110;0
20231217:0210;0
20231217:0310;0
20231217:0410;0
20231217:0510;0
20231217:0610;0
20231217:0710;62.62
20231217:0810;243.3
20231217:0910;340.17
20231217:1010;569.63
20231217:1110;576.94
20231217:1210;482.3
20231217:1310;278.76
20231217:1410;16.68
20231217:1510;0
20231217:1610;0
20231217:1710;0
20231217:1810;0
20231217:1910;0
20231217:2010;0
20231217:2110;0
20231217:2210;0
20231217:2310;0
20231218:0010;0
20231218:0110;0
20231218:0210;0
20231218:0310;0
20231218:0410;0
20231218:0510;0
20231218:0610;0
20231218:0710;45.34
20231218:0810;224.47
20231218:0910;354.35
20231218:1010;569.59
20231218:1110;567.31
20231218:1210;490.23
20231218:1310;369.78
20231218:1410;15.23
20231218:1510;0
20231218:1610;0
20231218:1710;0
20231218:1810;0
20231218:1910;0
20231218:2010;0
20231218:2110;0
20231218:2210;0
20231218:2310;0
20231219:0010;0
20231219:0110;0
20231219:0210;0
20231219:0310;0
20231219:0410;0
20231219:0510;0
20231219:0610;0
20231219:0710;34.04
20231219:0810;217.79
20231219:0910;353.07
20231219:1010;557.78
20231219:1110;563.53
20231219:1210;403.8
20231219:1310;374.73
20231219:1410;144.11
20231219:1510;0
20231219:1610;0
20231219:1710;0
20231219:1810;0
20231219:1910;0
20231219:2010;0
20231219:2110;0
20231219:2210;0
20231219:2310;0
20231220:0010;0
20231220:0110;0
20231220:0210;0
20231220:0310;0
20231220:0410;0
20231220:0510;0
20231220:0610;0
20231220:0710;0
20231220:0810;3.23
20231220:0910;24.77
20231220:1010;16.73
20231220:1110;119.26
20231220:1210;193.58
20231220:1310;37.05
20231220:1410;233.48
20231220:1510;0
20231220:1610;0
20231220:1710;0
20231220:1810;0
20231220:1910;0
20231220:2010;0
20231220:2110;0
20231220:2210;0
20231220:2310;0
20231221:0010;0
20231221:0110;0
20231221:0210;0
20231221:0310;0
20231221:0410;0
20231221:0510;0
20231221:0610;0
20231221:0710;0.82
20231221:0810;81.01
20231221:0910;116.58
20231221:1010;95.82
20231221:1110;108.91
20231221:1210;31.21
20231221:1310;16.51
20231221:1410;3.72
20231221:1510;0
20231221:1610;0
20231221:1710;0
20231221:1810;0
20231221:1910;0
20231221:2010;0
20231221:2110;0
20231221:2210;0
20231221:2310;0
20231222:0010;0
20231222:0110;0
20231222:0210;0
20231222:0310;0
20231222:0410;0
20231222:0510;0
20231222:0610;0
20231222:0710;14.29
20231222:0810;32.01
20231222:0910;489.76
20231222:1010;43.63
20231222:1110;476.64
20231222:1210;553.42
20231222:1310;21.06
20231222:1410;1.25
20231222:1510;0
20231222:1610;0
20231222:1710;0
20231222:1810;0
20231222:1910;0
20231222:2010;0
20231222:2110;0
20231222:2210;0
20231222:2310;0
20231223:0010;0
20231223:0110;0
20231223:0210;0
20231223:0310;0
20231223:0410;0
20231223:0510;0
20231223:0610;0
20231223:0710;0
20231223:0810;7.41
20231223:0910;25.89
20231223:1010;28.25
20231223:1110;41.72
20231223:1210;28.91
20231223:1310;13.92
20231223:1410;6.06
20231223:1510;0
20231223:1610;0
20231223:1710;0
20231223:1810;0
20231223:1910;0
20231223:2010;0
20231223:2110;0
20231223:2210;0
20231223:2310;0
20231224:0010;0
20231224:0110;0
20231224:0210;0
20231224:0310;0
20231224:0410;0
20231224:0510;0
20231224:0610;0
20231224:0710;0
20231224:0810;245.91
20231224:0910;484.54
20231224:1010;432.51
20231224:1110;201.15
20231224:1210;45.05
20231224:1310;140.95
20231224:1410;7.17
20231224:1510;0
20231224:1610;0
20231224:1710;0
20231224:1810;0
20231224:1910;0
20231224:2010;0
20231224:2110;0
20231224:2210;0
20231224:2310;0
20231225:0010;0
20231225:0110;0
20231225:0210;0
20231225:0310;0
20231225:0410;0
20231225:0510;0
20231225:0610;0
20231225:0710;32.31
20231225:0810;190.17
20231225:0910;229.6
20231225:1010;266.61
20231225:1110;318.33
20231225:1210;280.29
20231225:1310;19.62
20231225:1410;1.62
20231225:1510;0
20231225:1610;0
20231225:1710;0
20231225:1810;0
20231225:1910;0
20231225:2010;0
20231225:2110;0
20231225:2210;0
20231225:2310;0
20231226:0010;0
20231226:0110;0
20231226:0210;0
20231226:0310;0
20231226:0410;0
20231226:0510;0
20231226:0610;0
20231226:0710;0
20231226:0810;8.45
20231226:0910;34.78
20231226:1010;17.69
20231226:1110;22.74
20231226:1210;84.25
20231226:1310;34.78
20231226:1410;11.59
20231226:1510;0
20231226:1610;0
20231226:1710;0
20231226:1810;0
20231226:1910;0
20231226:2010;0
20231226:2110;0
20231226:2210;0
20231226:2310;0
20231227:0010;0
20231227:0110;0
20231227:0210;0
20231227:0310;0
20231227:0410;0
20231227:0510;0
20231227:0610;0
20231227:0710;6.32
20231227:0810;99.08
20231227:0910;210.64
20231227:1010;71.31
20231227:1110;504.25
20231227:1210;508.4
20231227:1310;406.04
20231227:1410;177.85
20231227:1510;0
20231227:1610;0
20231227:1710;0
20231227:1810;0
20231227:1910;0
20231227:2010;0
20231227:2110;0
20231227:2210;0
20231227:2310;0
20231228:0010;0
20231228:0110;0
20231228:0210;0
20231228:0310;0
20231228:0410;0
20231228:0510;0
20231228:0610;0
20231228:0710;2.26
20231228:0810;81.05
20231228:0910;94.15
20231228:1010;65.31
20231228:1110;72.01
20231228:1210;84.44
20231228:1310;129.98
20231228:1410;93.45
20231228:1510;0
20231228:1610;0
20231228:1710;0
20231228:1810;0
20231228:1910;0
20231228:2010;0
20231228:2110;0
20231228:2210;0
20231228:2310;0
20231229:0010;0
20231229:0110;0
20231229:0210;0
20231229:0310;0
20231229:0410;0
20231229:0510;0
20231229:0610;0
20231229:0710;26.8
20231229:0810;83.95
20231229:0910;269.66
20231229:1010;441.69
20231229:1110;515.91
20231229:1210;475.49
20231229:1310;93.26
20231229:1410;53.13
20231229:1510;0
20231229:1610;0
20231229:1710;0
20231229:1810;0
20231229:1910;0
20231229:2010;0
20231229:2110;0
20231229:2210;0
20231229:2310;0
20231230:0010;0
20231230:0110;0
20231230:0210;0
20231230:0310;0
20231230:0410;0
20231230:0510;0
20231230:0610;0
20231230:0710;0
20231230:0810;195.24
20231230:0910;400.35
20231230:1010;406.1
20231230:1110;288.8
20231230:1210;530.08
20231230:1310;423.89
20231230:1410;131.8
20231230:1510;0
20231230:1610;0
20231230:1710;0
20231230:1810;0
20231230:1910;0
20231230:2010;0
20231230:2110;0
20231230:2210;0
20231230:2310;0
20231231:0010;0
20231231:0110;0
20231231:0210;0
20231231:0310;0
20231231:0410;0
20231231:0510;0
20231231:0610;0
20231231:0710;0.07
20231231:0810;105.95
20231231:0910;36.7
20231231:1010;80.45
20231231:1110;96.66
20231231:1210;39.97
20231231:1310;71.01
20231231:1410;6.65
20231231:1510;0
20231231:1610;0
20231231:1710;0
20231231:1810;0
20231231:1910;0
20231231:2010;0
20231231:2110;0
20231231:2210;0
20231231:2310;0
